province,bootstrap,distribution,factual_param_0,factual_param_1,factual_param_2,counterfactual_param_0,counterfactual_param_1,counterfactual_param_2
Sichuan Province,0,gennorm,2.383377385986236,-0.040485071007683046,0.8198083684428259,2.54068905131105,0.2234953662929952,0.8421629476945569
Sichuan Province,1,gennorm,2.598883857457224,-0.04563469945878307,0.8866138306878228,2.4764860442419705,0.2570880377062228,0.8371052258619913
Sichuan Province,2,gennorm,1.8372178644208699,-0.02127183863864062,0.7779986698931549,2.0832290098148154,0.22522230139646243,0.7925046061775872
Sichuan Province,3,gennorm,2.4552831639117403,-0.040456267818288746,0.8694757728288571,2.009551286700872,0.20039577821521093,0.7534338922182867
Sichuan Province,4,gennorm,3.42037956533255,-0.04147365260743298,1.000628381678636,2.4117070078444343,0.263751830052118,0.8492102225936955
Sichuan Province,5,gennorm,2.471085200088887,-0.026410024832228353,0.8959587767734734,2.2372325660069214,0.2627979482547441,0.8186275892793162
Sichuan Province,6,gennorm,2.5717959918101636,-0.03477623814158448,0.8850494987214075,2.0173874857232095,0.22715671799580434,0.7464124370324712
Sichuan Province,7,gennorm,2.4163276359702834,-0.02026945936466984,0.8378368180877709,2.8058040217709044,0.2545173250013272,0.8704218542614206
Sichuan Province,8,gennorm,2.262346654434264,-0.02019880501809121,0.8208949084461044,2.264376799726779,0.20817719280723618,0.8487804845647327
Sichuan Province,9,gennorm,2.393028101876399,-0.027126245092979867,0.8295383805322142,2.218801104467882,0.23846601633721184,0.7651843018365798
Sichuan Province,10,gennorm,2.2413061838535637,-0.012384397551682486,0.8388553396714753,2.1971466047987036,0.26164947983382686,0.7955709766040948
Sichuan Province,11,gennorm,2.8637295169773287,-0.03888107062594315,0.9387216688845431,2.299670757545044,0.24208467321303223,0.7989986637510901
Sichuan Province,12,gennorm,1.9708918061519425,-0.049695286781373235,0.8195868448710912,2.1664070394263018,0.25029186549743776,0.7795917806827204
Sichuan Province,13,gennorm,2.992586006817527,-0.03321314983212398,0.8838850990474989,2.0197847623918506,0.23840020414852797,0.7442905814162788
Sichuan Province,14,gennorm,2.7219535522127685,-0.018996970531533923,0.9177366303153738,2.2281001538801126,0.21470806081843008,0.8096319582013747
Sichuan Province,15,gennorm,2.9985805397040717,-0.03878080438206474,0.8607959885031444,2.0074507924993372,0.204691523898005,0.7756152313922005
Sichuan Province,16,gennorm,2.106949024973664,-0.01724125247205493,0.7985967754653225,2.171417017139066,0.25317331455746905,0.7764524121675449
Sichuan Province,17,gennorm,2.387949907626165,-0.047381534594738706,0.8516643389356574,2.575913933397792,0.2643730924278395,0.8527391262008779
Sichuan Province,18,gennorm,2.1549552435010413,-0.029889429212286895,0.7897224694730797,2.068377937640859,0.2307073989954711,0.7880312423454906
Sichuan Province,19,gennorm,2.105067643836766,-0.03539948741901282,0.8212616931058729,1.9888864842255738,0.20389497846878846,0.7114826437697939
Sichuan Province,20,gennorm,2.4052052426503936,-0.07301761693740197,0.8105932350015816,2.476694183989299,0.25079124085658333,0.8035868720613693
Sichuan Province,21,gennorm,2.586069137837465,-0.04016404359073442,0.8801387552429834,2.0735969387982327,0.2671871460774437,0.8231743541741614
Sichuan Province,22,gennorm,1.963690062297607,-0.0212542482961751,0.8387904657332821,2.2291128286372084,0.2691158299823109,0.7981171543470003
Sichuan Province,23,gennorm,2.2019963080079483,-0.07572647674115443,0.8594290002186384,2.250029422082764,0.2451771167717507,0.8092227834785328
Sichuan Province,24,gennorm,2.337486706402495,-0.027735959049455333,0.8735224021599973,2.1970683987593524,0.27776429093948296,0.7997636798565597
Sichuan Province,25,gennorm,2.3279425630159003,-0.04197827558542573,0.8637993233400503,2.0450665428037125,0.23653557222667165,0.7533688788043296
Sichuan Province,26,gennorm,2.271092690368658,-0.02999366388204123,0.8094305710683829,2.7671876259954162,0.19078374500369988,0.8879546888860621
Sichuan Province,27,gennorm,2.5830343637373216,-0.023121890537392074,0.8679237606194987,2.278878481833017,0.24859479260085582,0.8037164143093702
Sichuan Province,28,gennorm,2.2056653235721857,-0.030759833059101342,0.8225218232323613,2.3617385252645393,0.23486745312915602,0.8306122567287035
Sichuan Province,29,gennorm,2.4896298301363364,-0.06457470798355502,0.9043469369264974,2.2154868831928862,0.23657876476731649,0.854296549943218
Sichuan Province,30,gennorm,2.18530030339942,-0.029124883059703437,0.8529509077100506,2.15013744672548,0.25847174914377724,0.7877302643974042
Sichuan Province,31,gennorm,2.5261479757647214,-0.04048420986908352,0.8735742671955711,2.502094169474856,0.2571314573677762,0.8438661952461195
Sichuan Province,32,gennorm,1.991209916710951,-0.022723945135454227,0.733990832501124,2.481144357706678,0.2445317616126516,0.837449289256094
Sichuan Province,33,gennorm,2.38484195475854,-0.03537309835955486,0.8536026660901526,2.541724149744355,0.23222073153174572,0.8290012676622126
Sichuan Province,34,gennorm,3.0350494734507203,-0.0037918241481884486,0.8972927240088466,2.7290153186903305,0.261720398950521,0.8518611182525198
Sichuan Province,35,gennorm,2.429867947837195,-0.048628195333819305,0.9035130701199543,2.2039710956657563,0.2563441965925488,0.8143533535824757
Sichuan Province,36,gennorm,2.429618538198264,-0.014793070343922493,0.8808880763246676,2.1968990239158934,0.1913110835177169,0.8175662643043087
Sichuan Province,37,gennorm,2.446828667025387,-0.018667625712198415,0.8250491018619404,2.726661110874522,0.24283927839284425,0.8368748712638294
Sichuan Province,38,gennorm,2.787310005478364,-0.026423164525818513,0.9019662695679986,2.4165605878744767,0.22504066663875472,0.8243220960610862
Sichuan Province,39,gennorm,1.9671573004651877,-0.06130424772136876,0.7975228443081027,2.399577753716992,0.2742179372162791,0.8681937502279673
Sichuan Province,40,gennorm,2.2093426009496575,-0.06596149502307017,0.8549533299305092,2.0113901594638888,0.227371161451737,0.7701305819615027
Sichuan Province,41,gennorm,2.006809749318476,-0.021840979394815815,0.8119292525731607,1.9556801292975967,0.20948002388174095,0.7603782999229339
Sichuan Province,42,gennorm,2.367202901597812,-0.07791301831434981,0.8480636865335462,2.431696968654941,0.2474370773733095,0.8067698794929274
Sichuan Province,43,gennorm,2.0575537645823605,-0.012325722444528123,0.8185743701489632,1.8380698286707706,0.22957631350860602,0.724794115539068
Sichuan Province,44,gennorm,2.1784820274001384,-0.02742920579970264,0.8321765996964474,2.477383884460662,0.2555407697345508,0.8353035196641043
Sichuan Province,45,gennorm,2.5258237652391577,-0.03284890433313359,0.8937432061051147,2.065091014819664,0.22359066349162568,0.8292640512915304
Sichuan Province,46,gennorm,2.320005935989509,-0.03282305017957168,0.8777249699375496,2.200601489665225,0.228735694097283,0.7753812887124603
Sichuan Province,47,gennorm,2.1882251474729197,-0.0021772859781035436,0.8253724574138268,2.1976910030242442,0.23941077860060384,0.8013235523788274
Sichuan Province,48,gennorm,2.447735237044364,-0.04432921077636703,0.8762553377558854,2.334489385900259,0.22512324804457381,0.8231996463578648
Sichuan Province,49,gennorm,2.1300878337703804,-0.012961954228654038,0.8234175429773787,2.1806316072169363,0.2488354920529085,0.7968632821806501
Sichuan Province,50,gennorm,2.516411111985189,-0.009614796370992513,0.8536243738691818,1.896912763580109,0.22890588480630455,0.75845258517457
Sichuan Province,51,gennorm,2.390922966189943,-0.046328797787801496,0.8389058970294636,2.1246571885325283,0.18894596013098888,0.7636632047196509
Sichuan Province,52,gennorm,2.1992539136396685,-0.01560835064818819,0.8083365724183474,2.486892124014947,0.21348673338191304,0.8622058615656489
Sichuan Province,53,gennorm,2.27583479391539,-0.045853307393984424,0.7883467679250364,2.6232604952411,0.23186925940206787,0.8770556670879427
Sichuan Province,54,gennorm,2.6137033781444687,-0.02318018690731579,0.9163925227880794,1.975671587303085,0.2118192308956171,0.7495055785356992
Sichuan Province,55,gennorm,2.353308566533634,-0.05700272451402544,0.8023356999261184,2.2531458609561232,0.2033627497832225,0.8063030103506463
Sichuan Province,56,gennorm,2.211499519560462,-0.041391742522964126,0.8603137687651586,2.4298091857218456,0.24680796242733685,0.8425752759487577
Sichuan Province,57,gennorm,2.878282665465042,-0.011942730719591076,0.8878173936191381,2.4477021032138824,0.2503056093523427,0.8157310949606577
Sichuan Province,58,gennorm,2.7741520940247817,-0.014086357874593072,0.9006788563721415,2.2813698744965256,0.26523905563106875,0.7933094778278926
Sichuan Province,59,gennorm,2.1595857833242085,-0.08728035150116113,0.8063195212548293,2.2925850440236273,0.2448414908801374,0.803850561844957
Sichuan Province,60,gennorm,2.4681347294542135,-0.013468740121256248,0.872072144750199,2.2346076212673003,0.2442526892583995,0.8434068262615049
Sichuan Province,61,gennorm,2.5508038407362115,0.023613125838367804,0.8882261449391762,2.6847643175519913,0.2309531443272979,0.8381113329989414
Sichuan Province,62,gennorm,2.6953360146454846,-0.031510704335179385,0.9248914798789747,2.3601883837834263,0.2520142354313857,0.828835210335657
Sichuan Province,63,gennorm,2.3078192663668524,-0.04148892134387599,0.8404674868411549,2.2174167061177292,0.2428884098014879,0.8202916358454282
Sichuan Province,64,gennorm,2.2046605580619545,0.013574348149052421,0.8238005933599567,2.6805955624745392,0.22243596580723213,0.884208884758994
Sichuan Province,65,gennorm,2.153841384602602,-0.03685794774846602,0.8103293296717371,2.680530188080498,0.2414953158276554,0.8482990788257477
Sichuan Province,66,gennorm,2.3282228638849904,-0.03575636143680401,0.867322457342933,2.1183668183749704,0.21987444227704103,0.7980385332357223
Sichuan Province,67,gennorm,2.065542497227425,-0.027229532838830697,0.8106600717828107,2.2953702129372253,0.27534275962526916,0.8198277971076176
Sichuan Province,68,gennorm,2.6155033369386254,-0.0706722904746031,0.8782579010469072,2.0433422602787408,0.21508861042540367,0.7863241413960622
Sichuan Province,69,gennorm,2.6102159057223604,-0.015970086202902363,0.9205060337466883,1.8670002739580227,0.22779824814733013,0.7614503825903349
Sichuan Province,70,gennorm,2.3603991258585673,-0.05109316146228239,0.8790676221364183,2.2504108066442683,0.2117607481490653,0.8094967283984671
Sichuan Province,71,gennorm,2.0990133760181773,-0.026389017583021347,0.7622656307556062,2.4097598473901334,0.27787689337442023,0.8247041993229163
Sichuan Province,72,gennorm,2.454870875458883,-0.06176134993074927,0.8217690977492775,2.355265493685218,0.200077053945949,0.8552755350121468
Sichuan Province,73,gennorm,2.208408291480806,0.0009996781539041689,0.7984269463146798,2.1216157318869557,0.24855092465560868,0.7774360643699153
Sichuan Province,74,gennorm,2.373942312380202,-0.04295216684597829,0.8353675387560893,2.2042662332550975,0.20970412678631656,0.8099845718385181
Sichuan Province,75,gennorm,2.2578993262060596,-0.0002429717482245371,0.8358717008593832,2.2414861477578127,0.25699015075671794,0.7831542311412587
Sichuan Province,76,gennorm,2.583942271869264,0.0026729249447698814,0.8693889542187097,2.463035903436344,0.20373644052097883,0.833969715264378
Sichuan Province,77,gennorm,2.9197024160710034,-0.04210124477084451,0.856857312316254,2.397607630068112,0.25069988277292743,0.8250740573735386
Sichuan Province,78,gennorm,2.4255351372857126,-0.04518836990397741,0.8671482434220589,2.1287626012705,0.2634755529009477,0.7942746109395609
Sichuan Province,79,gennorm,2.230792908781801,-0.06042851551396253,0.8233278969227975,2.081914838049607,0.25337843289050005,0.7625620690708559
Sichuan Province,80,gennorm,2.4345866031616774,-0.03093000772423954,0.8637965199932378,2.3341664216617053,0.22716525419504255,0.8553286710763215
Sichuan Province,81,gennorm,2.2856920480238014,-0.03832486299658662,0.8080456193727397,2.5085448205152097,0.23911191691936134,0.8661366009033556
Sichuan Province,82,gennorm,2.1491190606689363,-0.013882320245465684,0.8097777257749571,2.119440177866771,0.28770665460903105,0.8056904854616947
Sichuan Province,83,gennorm,2.356640235862038,-0.04591989647485767,0.8582114301639499,2.3321292693506273,0.2480847101736706,0.8158296797755782
Sichuan Province,84,gennorm,2.7095370847237605,-0.02373577937384199,0.8891431256752527,2.1527249876625554,0.27119005379447797,0.8133658145648868
Sichuan Province,85,gennorm,2.5282667962306427,-0.031105198563624235,0.8220176389788518,1.7185717891882741,0.2555867010797783,0.7180381440204314
Sichuan Province,86,gennorm,2.121828269796966,-0.06490468912543187,0.804173815192823,2.367087889771368,0.2149608195424935,0.8015766845776396
Sichuan Province,87,gennorm,2.1950430265844627,-0.0917932680527441,0.8488935462526985,2.140898970318271,0.25380647379961685,0.7776106285253577
Sichuan Province,88,gennorm,2.5292037292094953,-0.023922319800351984,0.8510675440664749,2.566166905344476,0.25112992439213133,0.8593644287496375
Sichuan Province,89,gennorm,2.5580074881118966,-0.02658610385227066,0.8857550687850128,3.0574125463206894,0.20168249237391045,0.9257695677758507
Sichuan Province,90,gennorm,2.1814918100547405,-0.04715502781858329,0.81479213247946,2.1265451101128243,0.226321611604459,0.7958206380119166
Sichuan Province,91,gennorm,2.58523963493479,-0.03743522791186521,0.8757194020068598,2.721556006570677,0.19650311123035258,0.8625359747890946
Sichuan Province,92,gennorm,2.664631001539097,-0.034459022015940324,0.8785172006817653,2.523387391254687,0.2157091586907611,0.8586688731767141
Sichuan Province,93,gennorm,2.003116473084674,-0.06959403408777678,0.7926038754989431,2.4853890406450327,0.1939861962990494,0.7932259256293388
Sichuan Province,94,gennorm,2.2971011957766234,-0.03205310928568324,0.8232056253921534,2.4125578970949144,0.29379312828655146,0.8358993305375435
Sichuan Province,95,gennorm,2.4805114173889544,-0.006832191978148792,0.8951044155892376,2.0324362084672263,0.1922900568745166,0.7514268653756205
Sichuan Province,96,gennorm,2.4732471097739905,0.005929489973713051,0.871417371171162,2.1934127291986547,0.21667922420086821,0.8179351796440302
Sichuan Province,97,gennorm,2.089819032184584,-0.034412654981949634,0.7999611892722873,2.262132654598984,0.21447013236371065,0.812829518854497
Sichuan Province,98,gennorm,1.9214780483784641,-0.03525227572121843,0.770998181292108,2.2129012171672295,0.272004038201231,0.8292428274187849
Sichuan Province,99,gennorm,2.0784507436567425,-0.039303774050257506,0.7654776900015499,2.6440387994545738,0.21283526050867513,0.8284647002228195
Sichuan Province,100,gennorm,2.0652308067502494,-0.01630684460503401,0.8211682886798266,2.002005443572253,0.24561131744820808,0.7625289423193429
Sichuan Province,101,gennorm,2.006675826670331,-0.025031736821092228,0.7737133285203399,2.3038578903187874,0.20811383995813776,0.8021484955986498
Sichuan Province,102,gennorm,2.121489776890593,-0.053951467902649736,0.7506398845922352,2.029449464649802,0.20831269960077733,0.7749888284543136
Sichuan Province,103,gennorm,2.142764144267576,-0.02887513734829133,0.7509434010047298,2.2165074088304237,0.24802625221196645,0.8206333569551549
Sichuan Province,104,gennorm,2.1181745108344012,-0.04689594401499107,0.7812309225618939,2.0124950812726086,0.25075104016059924,0.7729834647528646
Sichuan Province,105,gennorm,2.259206664006847,-0.07125520909899227,0.8398889505463866,1.9118322945499369,0.25037336806627086,0.7578134652898063
Sichuan Province,106,gennorm,2.2806649686865352,-0.0443738100276795,0.8325123764100264,2.2666289198138605,0.2574057050606463,0.8518374242519933
Sichuan Province,107,gennorm,2.4463394751057246,-0.022689122041727953,0.8284075230450342,3.0106141466005854,0.20536404833488042,0.8729178327132789
Sichuan Province,108,gennorm,1.928587995386018,-0.058193793057231755,0.7877093430309892,2.7522051092089517,0.2484642540150035,0.8449619776111039
Sichuan Province,109,gennorm,2.385449463943358,-0.04997188327458327,0.8476025221582683,2.051995670735712,0.19666190708274162,0.8026406925230835
Sichuan Province,110,gennorm,2.338470033851167,-0.02675518287532231,0.8336422267369032,1.801773137158866,0.21077803718083604,0.7166520874612728
Sichuan Province,111,gennorm,2.698821229327268,-0.019953652447732263,0.9106902059320774,2.2298152033143963,0.18814039872322913,0.8016930548714984
Sichuan Province,112,gennorm,2.8977914571663397,0.012245383352662998,0.9139665157269481,2.168962917651565,0.22968079971295688,0.7970729176547037
Sichuan Province,113,gennorm,2.538730664627594,-0.03139631330025647,0.8612476446081807,2.419176592430645,0.23821097821947376,0.8466018763489986
Sichuan Province,114,gennorm,2.6095839917658843,-0.026109498015926512,0.8272856610871344,2.1329024878997274,0.2239033515542216,0.7548946525045097
Sichuan Province,115,gennorm,2.5214280433949066,-0.03624677410384178,0.8728956023031942,2.263993922927694,0.24381814302322527,0.824525571015847
Sichuan Province,116,gennorm,2.6400083597329127,-0.034423342125907606,0.8488774460987898,2.323732025139633,0.20825928438241637,0.8173340926969568
Sichuan Province,117,gennorm,2.3292872643698543,0.004142333002819272,0.8376157332269059,2.2761738719872833,0.25431543304905657,0.8334729413304662
Sichuan Province,118,gennorm,2.241289667057197,-0.0756633432627851,0.8298991086717646,2.0263944582274482,0.2471274794032413,0.7656229439933422
Sichuan Province,119,gennorm,2.4624433180798615,-0.029496684814398627,0.8837732153804225,2.278565978361195,0.23071330025553222,0.8263482856633988
Sichuan Province,120,gennorm,2.334187307728981,-0.05152559019223548,0.8926987753457423,2.4801886532708752,0.20436970732515555,0.8666551323497438
Sichuan Province,121,gennorm,2.4116754351404834,0.001778996041531887,0.8326252683846218,2.533531414982005,0.2163812458349404,0.8666470106884283
Sichuan Province,122,gennorm,2.322579984688332,-0.04365913821911646,0.8483528367719424,2.3069748835922583,0.24745088466788018,0.808158492875301
Sichuan Province,123,gennorm,2.088885314795945,-0.04854370223908829,0.7907169835343371,2.4494631959783493,0.19574358134961017,0.8402995468589631
Sichuan Province,124,gennorm,2.132543423344871,-0.029320873671727764,0.7958814426767179,2.2398485360463942,0.24892450043912287,0.8508404878728484
Sichuan Province,125,gennorm,2.1716917098119746,-0.03405324761995255,0.8118633087225176,2.226393290248216,0.24064784974272996,0.8443571126928147
Sichuan Province,126,gennorm,1.8713078270217895,-0.045311196398389986,0.7508827336662125,1.9832857073410162,0.227926639139611,0.7385817144478902
Sichuan Province,127,gennorm,2.43378858870612,-0.09226502043086388,0.8281957808083225,2.615260341676567,0.22139481931119565,0.8758699998014647
Sichuan Province,128,gennorm,2.130175784037229,-0.0687356149706039,0.8398377710488139,2.2334994674265554,0.23387802515890072,0.822997322952399
Sichuan Province,129,gennorm,2.1890705350817217,-0.0354483895579106,0.8239738572528883,3.0106777427350524,0.19595954363375379,0.9500989563768792
Sichuan Province,130,gennorm,2.3851246477332135,-0.036828703279434286,0.8169782487946633,2.523405546235506,0.20669730049212193,0.844582333705434
Sichuan Province,131,gennorm,2.515331446641137,-0.012026126564225744,0.8586148446974873,2.7997228972650956,0.2672686124336282,0.853247193882096
Sichuan Province,132,gennorm,2.6864059481990195,-0.03677448972492435,0.8639954253044,1.9606906466509482,0.2092638541485473,0.7327038512510032
Sichuan Province,133,gennorm,2.4543992722830725,-0.03694019322317234,0.8747965176720922,1.9305530941477018,0.21232333061504793,0.7574917549173938
Sichuan Province,134,gennorm,1.9171466375173893,-0.032708259159766384,0.77758686579498,2.1131718746440504,0.1710940847005119,0.8076157858393941
Sichuan Province,135,gennorm,1.749030054935306,-0.035626195645033644,0.7017689054862983,2.0858581750903027,0.2498323892601454,0.7982598698712716
Sichuan Province,136,gennorm,2.292444374330196,-0.013427462364865087,0.8454439087900104,2.5032523886895,0.251471549476944,0.8398957235667354
Sichuan Province,137,gennorm,2.545413867867743,-0.006545982875697395,0.8936228076431532,2.1592153833480348,0.21206103294583228,0.8173524524935769
Sichuan Province,138,gennorm,2.537702921510829,-0.011757769917975794,0.8649108717193854,2.4070121443699426,0.21972927095246295,0.8203324137395706
Sichuan Province,139,gennorm,2.502964163848974,-0.05851573844013543,0.8575951873558659,1.9878173627627937,0.2257231014783304,0.7646211151068685
Sichuan Province,140,gennorm,1.8805470390385657,-0.04076003206755192,0.7913612701223379,2.113942293140215,0.235951609011414,0.803947197275676
Sichuan Province,141,gennorm,2.3042521392654565,-0.012548620119853648,0.8176055981108846,2.5995418747941104,0.2382140594519972,0.8532260037549901
Sichuan Province,142,gennorm,2.292083733584776,-0.03053397083219185,0.8297580355782446,2.3104777930563114,0.239801388225514,0.8257930577411541
Sichuan Province,143,gennorm,2.6098060609669576,-0.02331683064036609,0.8817067420376046,2.0337247734666866,0.27087041436217185,0.7471878645852634
Sichuan Province,144,gennorm,2.2743179637089748,-0.05009694657747098,0.8599696367368193,2.6420085277353573,0.21156996750897517,0.8627376311793762
Sichuan Province,145,gennorm,2.3508982606055504,-0.022748709048661143,0.8211488411307349,2.178246975892735,0.25666173870461007,0.8044710007985156
Sichuan Province,146,gennorm,2.0716233635881958,0.02826421112316984,0.803921468953193,2.273200826726227,0.21237774835091422,0.8009746895150403
Sichuan Province,147,gennorm,2.220682824321508,-0.051617989067466605,0.8623663585255613,2.4206880787561253,0.26394204005700483,0.844792561586637
Sichuan Province,148,gennorm,2.439505751074253,0.018459008580947445,0.8953142563522709,2.249647023056016,0.2141436846166394,0.8107041358645086
Sichuan Province,149,gennorm,2.420424579310305,-0.024943374984305093,0.8641412954028738,2.1421062174786236,0.277859314923926,0.8280870827442333
Sichuan Province,150,gennorm,2.2271616474641522,-0.041516533689600746,0.8092646700760558,2.322331520983828,0.26127488384544634,0.8149889683267446
Sichuan Province,151,gennorm,2.448855636225412,-0.04505959332247578,0.8493371914581955,2.374538037142506,0.24258232974945465,0.8246255423677369
Sichuan Province,152,gennorm,2.5640329124366503,-0.020011817408067067,0.8959648238875824,3.1783203923714813,0.16469514580885236,0.9147051802163908
Sichuan Province,153,gennorm,2.1976669629825487,-0.01744578843367487,0.7983511699577984,1.928299540882088,0.27419352336720315,0.7410631802031091
Sichuan Province,154,gennorm,2.0540725842535412,-0.06952999687116448,0.769036000664582,2.3105307472123933,0.23000139592538277,0.7806639016515509
Sichuan Province,155,gennorm,2.3037856374951704,0.02218516813910216,0.8492222450662777,2.032252420050325,0.2198131615412736,0.7283832416436696
Sichuan Province,156,gennorm,2.1450150334340323,0.012885300441159323,0.82052532569752,1.9307788515122914,0.23593441786274671,0.7609207715330427
Sichuan Province,157,gennorm,2.1832726548009744,-0.007085772962518131,0.8511329186043616,2.199281304710774,0.20431951626071027,0.820008415317319
Sichuan Province,158,gennorm,2.3539833078045707,-0.06006206912885691,0.9024537404673174,2.5653520232452403,0.2372290896741983,0.8607865509904561
Sichuan Province,159,gennorm,2.5173765929540837,0.001100567252199817,0.8625695039192498,2.48294088828574,0.24076278104673116,0.8355089625559472
Sichuan Province,160,gennorm,2.9262247134736805,-0.010017151960253975,0.8467334763312234,2.2175447631467637,0.22803378896421728,0.821142913490121
Sichuan Province,161,gennorm,2.089044568453925,-0.06356033312716905,0.8138795482272196,2.0980906740142182,0.22617934575367502,0.7946661961430125
Sichuan Province,162,gennorm,2.1786670008534763,-0.06402316369623823,0.825646500960223,2.016021553841405,0.23120580955462,0.7934536888903113
Sichuan Province,163,gennorm,2.4750517941913612,-0.02311747265938402,0.8713439679888206,2.2593552920657136,0.22589444286459803,0.8248224924521885
Sichuan Province,164,gennorm,1.9985641702560888,-0.047580506746993385,0.7621634742581813,2.1348838019346763,0.23785474192753303,0.7682250515637048
Sichuan Province,165,gennorm,1.9266345879858213,-0.04112770433428503,0.7692734796948817,2.111472091347914,0.2005942231006575,0.7815763893967342
Sichuan Province,166,gennorm,2.145916193419313,-0.045813739187661684,0.7710969648193988,2.2905646235020667,0.2683465067463432,0.8468459783945228
Sichuan Province,167,gennorm,2.2777091111116095,-0.015917484715550975,0.8492239350785467,2.5985065454493235,0.2223546057258448,0.8542887275636872
Sichuan Province,168,gennorm,2.697581906251312,-0.065515253905948,0.8681012236942023,2.441952177594102,0.2902302999473557,0.8184413484636548
Sichuan Province,169,gennorm,1.9663008680785727,-0.022593017773140545,0.7749544323947753,2.4676880541381134,0.22192998230603286,0.8545936501229872
Sichuan Province,170,gennorm,2.4789401124258665,-0.038665889098486256,0.9221621945979941,2.5340058603449025,0.23686672039942613,0.8346786897450448
Sichuan Province,171,gennorm,2.03871015736841,-0.033358006312419364,0.790508293017818,2.0523941461925634,0.19857524302799728,0.7870850112870486
Sichuan Province,172,gennorm,2.2460282557473232,-0.030114995543656535,0.8304372522379975,2.3350779194383895,0.20917670678385486,0.7524381972908674
Sichuan Province,173,gennorm,2.748868947723921,-0.005768980012219526,0.9031760526370955,2.438048423388837,0.2214875675604105,0.8511260699512662
Sichuan Province,174,gennorm,2.586144394139762,-0.046977031570286834,0.9032429109223867,2.3968962275212196,0.2620987903812414,0.8408563205889652
Sichuan Province,175,gennorm,1.8244474803052757,-0.06155055689676192,0.7647768844632873,2.139051015208455,0.21695067434250698,0.8143631817682662
Sichuan Province,176,gennorm,2.8041898168306187,-0.014834835898455238,0.871381269193619,1.8901875760021216,0.20288302351427542,0.7493512537746831
Sichuan Province,177,gennorm,2.5379513285985746,-0.004472927570907073,0.8838960220997092,2.4507502989488525,0.20354794390323278,0.8281106574519279
Sichuan Province,178,gennorm,2.3618026058734314,-0.024078805231901854,0.8888203469283458,2.4637927694525397,0.24673998160716068,0.8092564562563863
Sichuan Province,179,gennorm,2.2164520339412244,-0.027779186349523432,0.8237623839072485,2.702496393237254,0.24421833759233486,0.852490068588752
Sichuan Province,180,gennorm,2.1267533161481698,-0.024503348431181425,0.8047384216326968,2.4507879630825466,0.23198440255166164,0.806502662946851
Sichuan Province,181,gennorm,2.397458061986006,-0.024307158820137873,0.880493963405228,2.59932244620585,0.2705989207551227,0.8559593765244655
Sichuan Province,182,gennorm,2.4499390023381373,-0.039862000166424626,0.8756898771659749,2.054651094005927,0.20714151607187414,0.76481920901066
Sichuan Province,183,gennorm,2.676431566217895,-0.02071613068174334,0.8975469182539946,2.5945947309012647,0.2285064114097673,0.8388843454440061
Sichuan Province,184,gennorm,2.218593084648456,-0.03355880549525978,0.8063442618873709,2.2786027219080096,0.2733315732454866,0.8167068882296608
Sichuan Province,185,gennorm,2.412841073625043,-0.026657960112705104,0.8357047878151004,2.2583576437131065,0.2454040615677971,0.7774258710203108
Sichuan Province,186,gennorm,2.53143511148179,-0.035798322366359596,0.9007772313974307,2.2047132582488205,0.2613675946228161,0.7833738370322578
Sichuan Province,187,gennorm,2.712606304494293,-0.04467073336313161,0.8904282021740061,2.5596137391620353,0.24671347450848735,0.8427801935754211
Sichuan Province,188,gennorm,2.1150982971945416,-0.007717692518385253,0.7848117828996223,2.4327935260436595,0.21501587190678784,0.8354072453920065
Sichuan Province,189,gennorm,2.3605649830326443,-0.016928520726937808,0.8773450817550064,1.9890362236352743,0.2381773772189927,0.6914548466259889
Sichuan Province,190,gennorm,2.400331846856658,-0.05279838407528738,0.8246638951017011,2.3025020296350007,0.2550075499797127,0.8203734285290526
Sichuan Province,191,gennorm,2.8090709588827654,0.0003780544619702813,0.8630388948465164,2.2240480378326453,0.23619663662209758,0.7835501361473214
Sichuan Province,192,gennorm,2.459477965481872,-0.04554236135711176,0.8711986922643176,2.087433690106873,0.22254153063961704,0.7753416954189809
Sichuan Province,193,gennorm,2.109861773629876,-0.06138913284934075,0.832660223458822,2.50699782099215,0.18240121893921046,0.8487789427436228
Sichuan Province,194,gennorm,2.561404278479234,-0.021388278910842693,0.847786316258328,2.235722535486061,0.23827655930277591,0.8282079213258482
Sichuan Province,195,gennorm,2.02378863900819,-0.032871719939153325,0.7642061863497472,2.3919233132729856,0.23682041995141762,0.7985094216229485
Sichuan Province,196,gennorm,2.500545095757249,0.02471655002264772,0.8479579786300551,2.7070688877546116,0.2179839047969357,0.8744403672180645
Sichuan Province,197,gennorm,2.2626526609295308,-0.051321871512709526,0.8372026953722302,2.4657223849124517,0.2518754978268435,0.8573485914878567
Sichuan Province,198,gennorm,2.523844041943354,-0.049938400262645406,0.8890444188512423,2.069081666771311,0.18947247312586768,0.7908970738791865
Sichuan Province,199,gennorm,2.9604323255314435,-0.018270596437941513,0.8844290611993598,2.517699822117007,0.21046823260217645,0.8576109148754498
Sichuan Province,200,gennorm,3.0755459436897543,-0.0607998841788973,0.9389940760370119,2.391044358411703,0.2279886242347561,0.8478463349463833
Sichuan Province,201,gennorm,2.3748261560942874,-0.049244223784663775,0.8459713423327042,2.2400365408361265,0.2517135880092096,0.8380081644389656
Sichuan Province,202,gennorm,2.2409824503123996,-0.07151114232991382,0.8496435480913926,2.5087364977750304,0.25883617853302704,0.821190531806905
Sichuan Province,203,gennorm,2.2761800454385934,-0.05562836764430552,0.8513576373130163,1.8847997493285944,0.22115423252980052,0.7127051195474424
Sichuan Province,204,gennorm,2.4494893986459974,-0.04723628695170765,0.8584132602036587,2.681521843502024,0.23227014910050725,0.8655650854194676
Sichuan Province,205,gennorm,2.312590493437005,-0.03343540624439187,0.8390148864047315,2.3920274995778503,0.21376726416221936,0.8275814093488395
Sichuan Province,206,gennorm,2.4761324765689467,-0.02024788733262939,0.8540950526782777,2.6225648167317392,0.22257388091733554,0.8762000372709653
Sichuan Province,207,gennorm,2.568737382842037,-0.04394053228165008,0.8729500820185974,2.024282840803852,0.2516681457970996,0.7643801741174505
Sichuan Province,208,gennorm,2.1453782418016845,-0.07678605514684508,0.7824313602593698,2.1419610715906625,0.2797295933713044,0.827716305212015
Sichuan Province,209,gennorm,2.0849976364020835,-0.05169202249316669,0.8200174126009301,2.651973103983339,0.22505138928876278,0.8827312636342252
Sichuan Province,210,gennorm,2.032872352248991,-0.026110808000453893,0.7773955406492363,2.204976954245792,0.2814794984513681,0.8124731447623685
Sichuan Province,211,gennorm,2.5102312859180294,-0.0326325849274976,0.9032327609341934,2.296837259316736,0.2593339749062977,0.8191998011534602
Sichuan Province,212,gennorm,2.865465218666923,-0.03271382084794423,0.9274590541193372,2.2178091551805084,0.21786642873758888,0.7945639286731031
Sichuan Province,213,gennorm,2.4651233204386562,-0.03534216149142437,0.8610230166890112,2.3986265255515193,0.20479979224875988,0.8017459713048943
Sichuan Province,214,gennorm,2.521167379315692,-0.04178135320947686,0.8685140058115417,2.22772745580649,0.24134727936139738,0.8172233915833473
Sichuan Province,215,gennorm,2.134095129866865,0.008959989287058365,0.7950458572177006,1.7458496608287177,0.2364762294400655,0.707233850096233
Sichuan Province,216,gennorm,2.256756818888408,-0.028231156950008503,0.8622713093739857,2.386974972399238,0.24659859929257766,0.8094821312227247
Sichuan Province,217,gennorm,2.23493814420194,-0.026438459875726843,0.8452800045569503,2.2349977189134655,0.22614309513015565,0.8472224601064222
Sichuan Province,218,gennorm,2.688550293291442,-0.05376288832967112,0.8496113378576242,2.1832295751043325,0.2290434284715454,0.7919169103329133
Sichuan Province,219,gennorm,2.508489679134047,0.009211238952107417,0.892967756517712,1.9941995596453483,0.22200482324223064,0.8124118269921884
Sichuan Province,220,gennorm,2.315824663773857,-0.010011364004839915,0.8452258064786146,2.08873242275338,0.2545226603537174,0.7937481470195691
Sichuan Province,221,gennorm,2.264026146667157,-0.019349743251751785,0.8275065501854446,2.417930977080209,0.25431327861724795,0.8725110794568336
Sichuan Province,222,gennorm,2.380558431295813,-0.039793405990748494,0.8649441369715012,2.0473495638754597,0.2960299116789512,0.786777881393089
Sichuan Province,223,gennorm,2.0922847380993987,-0.030873537641274866,0.8051805821639938,2.596053348506606,0.22771576048353345,0.8418085731831852
Sichuan Province,224,gennorm,2.137834544306902,-0.0013538231309786696,0.80603616568938,2.556900736566469,0.25820859639660465,0.8720968149917638
Sichuan Province,225,gennorm,1.7469476611849672,-0.04213197282762055,0.7557389987162173,2.0857559828833594,0.23576781913428219,0.833724166235613
Sichuan Province,226,gennorm,2.272155469888068,-0.05284394846367356,0.8349603921768617,1.9164196104254052,0.24392263475715315,0.7679576973605649
Sichuan Province,227,gennorm,2.126813105837937,-0.03778451537470974,0.8942037602507509,2.1894391039085317,0.19203807121915503,0.7952498589829586
Sichuan Province,228,gennorm,2.012012814714391,0.010467556779734795,0.7884099459021946,2.248762927865921,0.21312717512353305,0.813772116036617
Sichuan Province,229,gennorm,2.114890735569352,-0.033215300063315675,0.8017231537934466,2.325273948490933,0.22518028016044028,0.8456735980178889
Sichuan Province,230,gennorm,3.181933488810115,-0.023844042370622917,0.9301587751225819,2.286133424043963,0.2196891328163244,0.8614773041688244
Sichuan Province,231,gennorm,2.4965593527056704,-0.05290131047232854,0.9262844935292924,2.1205058050433188,0.2569366014860479,0.7841581709988414
Sichuan Province,232,gennorm,1.8330751886927628,-0.023805586859251344,0.7754266390111868,2.2631055524227337,0.21733605834837688,0.8096561557011293
Sichuan Province,233,gennorm,2.517711237281601,0.004661735885728424,0.8546837127464157,2.1304989201272146,0.2267501861821502,0.8174726489965818
Sichuan Province,234,gennorm,2.574755615031897,-0.05786721541651368,0.9207866236614244,2.420122535794757,0.219864504171231,0.811881061805233
Sichuan Province,235,gennorm,2.5277089881159673,-0.013118189048010081,0.882092882495404,2.104432331422896,0.22328758662320367,0.8038841929271865
Sichuan Province,236,gennorm,2.0890879117215224,0.04106594200218296,0.830281857173597,2.5955718636569705,0.21071263328700654,0.8735197944867676
Sichuan Province,237,gennorm,2.0198777585347454,-0.03004396537895694,0.8244513663856796,2.325753144574014,0.2502977637187529,0.8557839736994348
Sichuan Province,238,gennorm,2.162904602929019,-0.029374195688599933,0.8245170314672403,2.064577424555764,0.23144564298660297,0.8142553150902394
Sichuan Province,239,gennorm,2.189010990114986,0.0007119442919397854,0.8174972796158604,2.4299382550053767,0.22477182850003363,0.8583588409955012
Sichuan Province,240,gennorm,2.2223138794826784,-0.06807954471174871,0.8375620546094489,1.9917028459781339,0.23350578712146347,0.789622060430987
Sichuan Province,241,gennorm,2.9286900799495674,-0.026969608433740792,0.9304206697623807,2.014542291223287,0.2365310483516696,0.7503806848898804
Sichuan Province,242,gennorm,2.9157486259791257,-0.025165643080171166,0.9037962857887694,2.402153011199125,0.25587949715672254,0.8405282473097637
Sichuan Province,243,gennorm,2.2369410809196912,-0.05282578692415275,0.7854475070203997,2.152587858983974,0.24471654726011444,0.7989568677603989
Sichuan Province,244,gennorm,2.357010026083083,-0.03213475063542809,0.8809739497345743,2.102771254216628,0.2556153419620044,0.7838949770482562
Sichuan Province,245,gennorm,2.8376024450747837,-0.029303874348186147,0.9363549376432346,1.945873593805194,0.2536039727379169,0.7403320712329425
Sichuan Province,246,gennorm,2.233572351896175,-0.026671018752316592,0.833943325649978,2.505782417788435,0.23901740841791003,0.8123083210404516
Sichuan Province,247,gennorm,2.466733403847278,-0.08017656500620485,0.8340979143012571,2.2186109267973717,0.18404740640997674,0.7704416527030007
Sichuan Province,248,gennorm,2.2334973101700157,-0.0027461321639290557,0.8288949985121652,2.324006879102855,0.2435044021547968,0.808538913529594
Sichuan Province,249,gennorm,2.316503263694784,-0.030610360583388077,0.8213909100276544,2.4061538743679707,0.24495998265787822,0.8251606644208663
Sichuan Province,250,gennorm,1.8079076953974988,-0.046430607622868686,0.7395515290950261,2.568027821166419,0.22213299031537695,0.846012886340501
Sichuan Province,251,gennorm,2.432448953509442,-0.013964829489983854,0.805685502070358,2.232431126381795,0.22563067542162188,0.8125755849132922
Sichuan Province,252,gennorm,2.1788387373581175,0.02399734722911661,0.8120849930626993,2.0559131130722035,0.24722748374433315,0.7696168091133258
Sichuan Province,253,gennorm,3.3473580610419345,-0.023982819489896876,0.9506893353062997,2.2096795089644967,0.24245614994901246,0.7889937659288726
Sichuan Province,254,gennorm,2.2890211630742474,-0.05535036824947788,0.8351384387202074,1.8879955468889866,0.2039915533917842,0.7337393492841375
Sichuan Province,255,gennorm,2.4061140558244993,-0.026790351175878385,0.8511546751003396,2.2112951540197447,0.2030954467814674,0.813460795248689
Sichuan Province,256,gennorm,2.461131489723365,0.006965086338404198,0.8709997779659324,2.2170472378491795,0.23271231377052537,0.8008753779037245
Sichuan Province,257,gennorm,2.7282227344428307,-0.0777674126318887,0.9346816072478239,1.9331506327523393,0.22967628873511958,0.7297406099848385
Sichuan Province,258,gennorm,2.2422868872012676,-0.04969575032451695,0.858794535123234,2.6255293078283293,0.1974010125923516,0.8705731558076372
Sichuan Province,259,gennorm,2.2083979061320576,-0.06811459935123892,0.815756183183509,2.5004190762470317,0.2333254638939914,0.8625462772451185
Sichuan Province,260,gennorm,2.6215969511167803,0.00030852269169530106,0.8791981067043797,2.376009205174899,0.2602269263054158,0.8296977073740772
Sichuan Province,261,gennorm,2.0987991837459186,-0.0166660114447859,0.7914202170213418,2.3611046788932395,0.26082361767217466,0.8425913605720221
Sichuan Province,262,gennorm,2.334089478056656,-0.02978912630054096,0.822517926229404,2.348641687410176,0.2308930231772387,0.8182786919010625
Sichuan Province,263,gennorm,2.3200254965829883,-0.04994569453783358,0.8423153438561759,2.403582120986803,0.2586281735907887,0.7937199732580218
Sichuan Province,264,gennorm,2.1394639120001457,-0.007531299840043573,0.8081165497633026,2.2504188301926655,0.21336514326689282,0.80471736555083
Sichuan Province,265,gennorm,2.621923414218079,-0.049267814630116036,0.8686744276207669,2.7614779142438,0.22652456329690784,0.8360676821750699
Sichuan Province,266,gennorm,2.4971065023772687,-0.07250408414863321,0.8574398293258272,2.3852571562065235,0.1794729930315012,0.8561278562501036
Sichuan Province,267,gennorm,2.272994578104874,-0.0163510614202544,0.8517924963414742,2.3689385422376485,0.23026176446582977,0.8202062038597682
Sichuan Province,268,gennorm,2.259645059220663,-0.014448852103157845,0.8602534995019161,2.1001462817306695,0.23613916194492407,0.7701640611746765
Sichuan Province,269,gennorm,1.9071227418159291,-0.03812931336070528,0.8032059174887388,2.9697276990387325,0.25114784525193745,0.8593587341978124
Sichuan Province,270,gennorm,2.249683088106797,-0.019742268892162067,0.8014644284379282,2.0780795372497636,0.23746426399448034,0.8223475681555324
Sichuan Province,271,gennorm,2.461183732158246,-0.01638929097868804,0.9023144070923621,1.9275238534105203,0.23913021801471893,0.7700404584773225
Sichuan Province,272,gennorm,1.8340832560993872,-0.01443792385385631,0.7282997409402499,2.724153344020883,0.19483174425634844,0.9188849215930455
Sichuan Province,273,gennorm,2.6277458400538345,-0.040211901463035625,0.9005937080816664,2.463906992908302,0.24763100127411353,0.8445696171117203
Sichuan Province,274,gennorm,2.6191559664115145,-0.008966504584993073,0.895572264769128,2.0743347891547836,0.23244732528159007,0.8189756843058651
Sichuan Province,275,gennorm,2.848712110704348,-0.04541430221275606,0.8947766546436954,2.197806786862529,0.2464652491759345,0.7511586512874768
Sichuan Province,276,gennorm,2.06253992980691,-0.0443444111713774,0.7822156443896606,2.4800226612161445,0.2576555703597888,0.8325220928377051
Sichuan Province,277,gennorm,2.4790688944736012,0.018349857551146632,0.8840471227087607,2.0130332881888915,0.20647809747496976,0.7108535940058995
Sichuan Province,278,gennorm,2.6222699880056615,0.0012123153031871983,0.8585125361165906,2.246657463106372,0.2416570843655661,0.8068331955823338
Sichuan Province,279,gennorm,2.1860350127911077,0.009681462658401304,0.853599116251464,2.2528200583646605,0.19484147312163097,0.8327494206474659
Sichuan Province,280,gennorm,2.5363469374211283,0.01698416815977357,0.8797075227582376,2.348986469769958,0.23297052807246127,0.8051831815435808
Sichuan Province,281,gennorm,2.2781560367869544,-0.027971322264301372,0.8440400021921295,2.16395113702367,0.27057550221816995,0.7824774686523499
Sichuan Province,282,gennorm,2.340203049133548,-0.0010269072970554914,0.8415735296541176,2.205604782794251,0.24619436748834786,0.7991832662194379
Sichuan Province,283,gennorm,2.262413174448902,-0.026045052918676523,0.8971917793339688,2.2450150730483767,0.22437449578540541,0.831385224555549
Sichuan Province,284,gennorm,2.4421155944054496,-0.019288623803450936,0.8654463706257246,1.8280918130422117,0.24248117516958465,0.7382430805044171
Sichuan Province,285,gennorm,2.515283171624181,-0.018122309429466712,0.8660498170805517,2.1083864279257707,0.19563030198127018,0.7799225035274102
Sichuan Province,286,gennorm,2.492364513163377,-0.06935018674639368,0.8837416409318454,2.392388127812162,0.19814542955812217,0.8675079593612836
Sichuan Province,287,gennorm,2.82917938030515,-0.024778026047854357,0.930498091798889,2.1105718369449984,0.2611877970743386,0.7952989976670972
Sichuan Province,288,gennorm,2.543483637618941,0.0043904168898405045,0.8523822864326148,2.2882213429837863,0.2256071603307471,0.8189974745860247
Sichuan Province,289,gennorm,2.0099283431387915,-0.04748766974673227,0.8093678914196378,2.5118744003177707,0.2353399081703048,0.8463572274616216
Sichuan Province,290,gennorm,2.511931990576291,0.004129487709382607,0.8719767323037293,2.100412038805889,0.21435567723026616,0.8085599379851962
Sichuan Province,291,gennorm,2.302423375635814,-0.0027169629799294196,0.7974606134564822,2.637847576726907,0.22990599465707373,0.8342487879314919
Sichuan Province,292,gennorm,2.142468635733242,-0.0719216585473609,0.757621581107109,2.406676667298462,0.19014930262887283,0.8127754312833027
Sichuan Province,293,gennorm,2.356805216384733,-0.01817643988020063,0.8478388847413041,1.7543011830817132,0.25040508395039485,0.670125546667897
Sichuan Province,294,gennorm,2.453700571991729,-0.04881273601157214,0.8628836365282748,2.3398648991009567,0.265790835833566,0.8250313439724439
Sichuan Province,295,gennorm,2.0851250570215036,-0.018612025576295467,0.7931107661243204,2.057519773908136,0.2809732531012868,0.7845696942236764
Sichuan Province,296,gennorm,2.1643223091822916,-0.026855352762184745,0.787750406919494,2.3979578700174606,0.2689886799439039,0.8402307983795985
Sichuan Province,297,gennorm,2.4492985480355305,-0.04304134724192423,0.8307942483439856,2.213159192272607,0.2591007571283299,0.8443627455650224
Sichuan Province,298,gennorm,2.377798556332568,-0.03461123894261967,0.8457065296787669,2.3398534293058164,0.2206762870414592,0.8057502249739306
Sichuan Province,299,gennorm,2.0832803878753707,-0.04986890615088334,0.8059872881249012,2.2223070808693333,0.2442914886000587,0.7972150422213489
Sichuan Province,300,gennorm,1.9800737057646804,-0.009399635558267033,0.7825317956216589,2.3081953597479297,0.2303080067483299,0.8232631466027478
Sichuan Province,301,gennorm,2.4087647804517447,-0.008775647816888723,0.8647791074001376,2.7751783733002373,0.23050172503171035,0.8479628783962933
Sichuan Province,302,gennorm,2.246436056132483,-0.011114624412519692,0.8628600515770953,2.7710202039365255,0.2284469430122088,0.880695447579688
Sichuan Province,303,gennorm,2.252599221465535,-0.016049781327506788,0.8414203784114465,2.2559468903387248,0.2515301358226653,0.803867682834369
Sichuan Province,304,gennorm,2.3035273600359902,-0.015706480811694706,0.875253426234925,1.9173177224021118,0.2584044357842813,0.7725188981218499
Sichuan Province,305,gennorm,1.8924580125803188,-0.027280372535902403,0.7450109321943574,2.2753370160567106,0.22848734512784358,0.8201636606261082
Sichuan Province,306,gennorm,2.0024045669588117,-0.05985586622313101,0.7544626396941772,2.3764945296440274,0.23076095707546196,0.8243733344469681
Sichuan Province,307,gennorm,2.125304278013631,-0.03437531105970718,0.8006721601419277,2.1687145559419925,0.23418872097806803,0.7769923420679887
Sichuan Province,308,gennorm,2.139132313410129,-0.062316856929628114,0.7861998567386952,2.5598593841943824,0.2724594598946236,0.8415941113140128
Sichuan Province,309,gennorm,1.9955208614874418,-0.04257493582160517,0.7945914510584942,2.3160660191476476,0.2234526892718533,0.801337678503879
Sichuan Province,310,gennorm,2.2027466165970626,-0.0190655609454222,0.8088907188863017,2.4039140090767517,0.23787726471512072,0.7993768992790906
Sichuan Province,311,gennorm,1.902320684393049,-0.010348876794322398,0.7943648948838785,2.1936981957580857,0.20129975949281348,0.8079621799043282
Sichuan Province,312,gennorm,2.7596751602529883,-0.028852215621728343,0.8845752926911357,2.088889260340679,0.21467064095052502,0.7968970787689801
Sichuan Province,313,gennorm,2.4859626536116846,-0.014774240023238619,0.8735776193789937,3.051856150264867,0.25140774427411205,0.9081674198875256
Sichuan Province,314,gennorm,2.4014018189622344,-0.02291418406192653,0.8647196497627704,2.5727575318508884,0.23207414198982806,0.8519790962156778
Sichuan Province,315,gennorm,1.967749219108649,-0.04005245753584008,0.7946369623033802,2.289134550709769,0.2247760693920503,0.8417757185915409
Sichuan Province,316,gennorm,2.200159736510739,-0.0321794732520518,0.8295930059447099,2.036898457779401,0.21991576113781602,0.7473606900345626
Sichuan Province,317,gennorm,2.343546526861761,-0.020324883583297697,0.8658405510227127,2.289245896456286,0.20305014917590808,0.7735562068441455
Sichuan Province,318,gennorm,2.235278125862301,-0.009401144043995096,0.8523277900351385,2.3419895111139137,0.2353062262972394,0.8396538138814074
Sichuan Province,319,gennorm,2.189338047616701,0.006451117014422862,0.8505536098304549,2.3126284645982262,0.2503920922843517,0.7701902060374954
Sichuan Province,320,gennorm,2.054158115126584,-0.07642484104636921,0.8073867869541347,2.304646511021086,0.23172731345565395,0.8383942908430084
Sichuan Province,321,gennorm,2.493359398549297,0.0055101500246027115,0.7990212420438205,2.722444097632615,0.20654682858953383,0.8449797999281177
Sichuan Province,322,gennorm,2.2146825826304006,-0.030445945276696255,0.8029984987585923,2.329316901504172,0.24257944189351877,0.8257066567189578
Sichuan Province,323,gennorm,2.2172012636774836,-0.02371274017120977,0.7918630801811601,2.375903120619781,0.20639379623462756,0.8009854106147405
Sichuan Province,324,gennorm,2.3400068913691863,-0.06910136509281287,0.885095628708223,2.7348870752263403,0.29368666142035815,0.8373971000391786
Sichuan Province,325,gennorm,2.8114213141767577,-0.07568551209825977,0.9037305434640038,2.526850589937722,0.2553949430758443,0.8376087359103599
Sichuan Province,326,gennorm,2.2855866818467168,-0.0001048268448922887,0.8472027460361438,2.2531607623373855,0.25633102230819127,0.8168255627924802
Sichuan Province,327,gennorm,2.3904478742330744,-0.02393616392958537,0.8664748334417149,2.246257527143263,0.26603435407550924,0.8201369948435935
Sichuan Province,328,gennorm,2.405591112665831,-0.038897837333535676,0.8265082823225984,2.672507533551695,0.2171065643465546,0.8720265164652088
Sichuan Province,329,gennorm,2.572140240909359,-0.040454240636534536,0.8670239108928224,2.308436776268322,0.21236324314708588,0.807195399940863
Sichuan Province,330,gennorm,2.744272406252106,-0.08136209711435782,0.9205587305189439,2.2975095052693773,0.2597163023605672,0.8236772581322387
Sichuan Province,331,gennorm,2.3749857994511974,-0.04131700963410633,0.8452605997439977,2.2556442835764554,0.28700681413704054,0.7907669136024291
Sichuan Province,332,gennorm,2.3321172345042704,-0.03762416336807234,0.8334144078726471,2.040288721172299,0.1857432524493564,0.7836520720564396
Sichuan Province,333,gennorm,2.438039171354398,0.01927881904733489,0.901622905153064,2.370476016706716,0.22337148582555266,0.8304186271203176
Sichuan Province,334,gennorm,2.4464916725188273,0.024591812210983437,0.8204083060207304,2.1930479563281025,0.21639712466387523,0.7788665022990169
Sichuan Province,335,gennorm,3.3713691525272313,-0.0043388069711652565,0.9233812339373408,2.1906130316072465,0.20126816509442796,0.7950078828793576
Sichuan Province,336,gennorm,2.6047138753593093,-0.025360342099782242,0.9130251906267082,2.1131775820419447,0.2432002746143575,0.7778794948949621
Sichuan Province,337,gennorm,2.1651813195117695,0.02779093760257734,0.819406569082147,2.3451735763035666,0.22748500653198833,0.8282406480933637
Sichuan Province,338,gennorm,2.906335081618944,-0.02362482985649856,0.9153758195590865,1.8242835515200675,0.167995965607621,0.7291584323606344
Sichuan Province,339,gennorm,2.2056201552981207,-0.03560777877926992,0.8672065233099342,2.0977005622377063,0.24392000447716566,0.8071796733862655
Sichuan Province,340,gennorm,2.028973707786336,-0.031084318464704025,0.79648453816602,2.53321505773766,0.2465030001644206,0.8237448452187919
Sichuan Province,341,gennorm,2.112127438128357,-0.018954705192247262,0.7746156950547654,2.28318812678169,0.2347549891608004,0.7870815655979673
Sichuan Province,342,gennorm,2.390267565577367,0.02154650441854261,0.8468389241972862,2.241434101289755,0.20885108488312187,0.8145842387442495
Sichuan Province,343,gennorm,1.9182902546567075,-0.024706966776556975,0.7932187270276172,2.2608197441723714,0.2630253598087977,0.8260968425601019
Sichuan Province,344,gennorm,2.6814091333902024,-0.01712304914022051,0.8986364816921922,2.1114674948281182,0.1909762653498665,0.7805643268364184
Sichuan Province,345,gennorm,2.595217991651551,-0.024878763010056815,0.8490452839741955,1.9933846863664906,0.25941273633340506,0.7511146509084019
Sichuan Province,346,gennorm,2.242834396946415,-0.06757089760331508,0.7726847013235552,2.0291323649396205,0.22153037725552488,0.7350424843407204
Sichuan Province,347,gennorm,2.102945419995896,-0.025956190164864158,0.8378577585486515,2.481458654853798,0.23311122053779393,0.8570590938263747
Sichuan Province,348,gennorm,2.0479072229974467,-0.03481976337181869,0.7559016537739276,2.3310152712511027,0.20651182033971097,0.7714807388198517
Sichuan Province,349,gennorm,1.9204534004185378,0.00856906493859082,0.7481945443359981,2.3552731172721053,0.22712109225002314,0.8146270125728732
Sichuan Province,350,gennorm,2.3830159515529097,-0.0028167535217460057,0.8343810994614496,2.6201544804035053,0.2298383888389375,0.8918800026492524
Sichuan Province,351,gennorm,2.509710892152439,-0.04339713019573438,0.830226426058233,1.9437418254606953,0.2167359675512872,0.7519082639360902
Sichuan Province,352,gennorm,2.537022508975725,-0.03299172367219379,0.8241722704731176,2.3412097126451705,0.19215114060360935,0.8558024345929861
Sichuan Province,353,gennorm,2.3377049945001263,-0.0006462265562410094,0.8602694939345686,2.6502546137058576,0.24105956179438714,0.8659567015666669
Sichuan Province,354,gennorm,1.6718126910594902,-0.03640602874073735,0.6865449320109869,2.298142528031661,0.22143565648711783,0.8256532409058899
Sichuan Province,355,gennorm,2.382251189909786,-0.03511952841811179,0.8544777829199216,2.9152442269789884,0.20559102063649154,0.8745325379194917
Sichuan Province,356,gennorm,1.8967189230463253,-0.00479166971824737,0.7393806587882632,2.19246200597435,0.22779716149288498,0.7803558641550479
Sichuan Province,357,gennorm,2.8560798992960557,-0.06314905292274088,0.883617549546249,2.1771564344567365,0.24901313731410324,0.7862705370031836
Sichuan Province,358,gennorm,2.446292686543858,-0.0340738833359097,0.8951837907068607,2.090145038046648,0.25400528186008964,0.8054221471295026
Sichuan Province,359,gennorm,2.856320324193458,0.03680157023579281,0.8458764372871892,2.190375568925118,0.2131210655613825,0.7988030290389851
Sichuan Province,360,gennorm,2.319575036676162,-0.03300731095041789,0.8179025041952326,2.5690486681053004,0.2281781611313667,0.8403672564131714
Sichuan Province,361,gennorm,2.559792875571926,0.02687943528999484,0.8474926143189188,2.283650711638945,0.2461945863199917,0.83581264546821
Sichuan Province,362,gennorm,2.4583271729257214,-0.008579252428431446,0.8710643051265945,1.9722300883985953,0.21007448718702437,0.772145412986216
Sichuan Province,363,gennorm,2.5716093903112296,-0.02386284495185325,0.8809033164560678,2.1263978816699325,0.20962984591470046,0.7569430689122544
Sichuan Province,364,gennorm,2.5357513355602013,-0.01853422623617168,0.8711398202979127,2.4924976812938855,0.23125326603169719,0.8404884234381323
Sichuan Province,365,gennorm,3.1396125459213775,-0.016761817705425973,0.904080418371056,2.4290457175992435,0.26661853044440886,0.8249054049704181
Sichuan Province,366,gennorm,2.9527199312913006,-0.007091752381186248,0.9486498454414465,2.0871593340008685,0.2258791891704818,0.7815310132352908
Sichuan Province,367,gennorm,2.5957023357595164,-0.00823891230087706,0.8879754613587447,2.367698193047384,0.2595966009893559,0.8309299681955984
Sichuan Province,368,gennorm,2.0757256361382046,-0.02024042735086211,0.8013511022256654,2.3254597732714863,0.20218915470646553,0.8612708212231142
Sichuan Province,369,gennorm,2.7693807199325793,-0.018856439809809625,0.8986617618989667,2.367364530892446,0.23891217946414545,0.8298889383156156
Sichuan Province,370,gennorm,2.2705909858667632,-0.021399239109809388,0.850276576761249,2.3819632977455623,0.2894714774129167,0.8026840104725494
Sichuan Province,371,gennorm,1.9745754215191706,-0.045193191406033215,0.7493385691195826,2.1706456893010935,0.2554994422421033,0.8035018863375651
Sichuan Province,372,gennorm,2.3781088936933354,-0.02286741677002043,0.8428460131528939,2.213952889599402,0.2801568474029648,0.7885494134476774
Sichuan Province,373,gennorm,2.3088375726618624,-0.019025429163187835,0.8508322087203344,1.9131958483160996,0.21634305032267814,0.749835261640811
Sichuan Province,374,gennorm,2.4760027750718123,-0.047558471246422845,0.8670360591154661,2.0666027558370974,0.27634251895933565,0.7923858283950689
Sichuan Province,375,gennorm,2.6238205934909202,-0.025884968254771865,0.9158234662673426,2.9227104552095646,0.19580258633971237,0.8936492229163386
Sichuan Province,376,gennorm,2.450730996219659,0.0117979471559405,0.8290760759763345,2.294893754665032,0.20714946055504346,0.7916555903053373
Sichuan Province,377,gennorm,2.539228221979111,-0.022361828816177147,0.9291162430671688,2.070272114545755,0.24421175297797093,0.7752427187455513
Sichuan Province,378,gennorm,2.215721141354411,0.001652376699244938,0.7977257118882499,1.9495460941309284,0.24928294102585788,0.7714314907445663
Sichuan Province,379,gennorm,2.5055890621536063,-0.02780591310229754,0.8576933998229994,2.719597203101806,0.2078360657145233,0.8373589679393283
Sichuan Province,380,gennorm,2.3524864693233978,-0.0013052730335494102,0.8765391428272082,1.8739772821787613,0.23871633507093112,0.7300808141121831
Sichuan Province,381,gennorm,2.1409718846707197,-0.005288446623416065,0.8087595190855628,2.3560693368418866,0.20433440138612094,0.806032371995216
Sichuan Province,382,gennorm,1.9872881159166744,-0.04877999884715258,0.776302657266265,2.469211732603487,0.2586641930415301,0.8638402181923677
Sichuan Province,383,gennorm,1.9987417467086024,-0.030937625154848554,0.7874054830607313,2.4710954603940243,0.274751706075483,0.8376926822544993
Sichuan Province,384,gennorm,2.1789424334995866,0.0028631058458802937,0.8143133808897406,1.9934033952613222,0.25079117021027525,0.736504458959321
Sichuan Province,385,gennorm,2.31896963129564,-0.048275338291904224,0.8258837917448867,2.1942581874686553,0.198316820846615,0.7504173795133817
Sichuan Province,386,gennorm,2.3688284097306496,-0.020808626262283636,0.8513958214263138,2.614555885120782,0.25209245224847154,0.7972083403740711
Sichuan Province,387,gennorm,2.23886578619977,-0.05441990858327382,0.8280747512070932,2.1365011913102014,0.1946178444669252,0.8285314139235153
Sichuan Province,388,gennorm,2.2430557815086045,-0.020527848334759104,0.822623705421604,2.2752839515711925,0.23873240260838355,0.8560813127159951
Sichuan Province,389,gennorm,2.141944079732622,-0.0675395349261024,0.8132033558420205,2.3255329313341395,0.18303356391308162,0.8264958891210743
Sichuan Province,390,gennorm,1.9944571045344568,-0.005058514289413917,0.7743234403406261,2.237289441348582,0.2597588130880599,0.8023022137357141
Sichuan Province,391,gennorm,2.34178305053348,-0.002112147340147184,0.8380182475070134,2.208597981456934,0.21664490880182602,0.8015405423318298
Sichuan Province,392,gennorm,2.253714850131224,-0.021495612886839183,0.8265586697735148,2.6359998942213463,0.2871795264297485,0.8321083942525931
Sichuan Province,393,gennorm,2.493561821034699,-0.009209142625864888,0.8896518623994889,2.3671642083931173,0.21211014944556955,0.8411010124080498
Sichuan Province,394,gennorm,2.780403119272611,-0.04443625866291458,0.9050962246526748,2.1053644104512976,0.2354576732775912,0.7371758265538038
Sichuan Province,395,gennorm,2.4698733680204294,-0.07213758951605043,0.8950531349045231,2.053176403353109,0.22870296456950534,0.7892246990893493
Sichuan Province,396,gennorm,2.475316395688309,-0.029315607283250236,0.86818303943944,2.397375732800298,0.20066060297063137,0.8644379335960992
Sichuan Province,397,gennorm,2.002394508670289,0.02076635123977296,0.7776305517173945,2.0529562234660528,0.2832918857267114,0.7661600122048975
Sichuan Province,398,gennorm,2.249521122031426,-0.03226366569676601,0.8362054932071603,2.7540044912724504,0.21790765698225179,0.8196481783377699
Sichuan Province,399,gennorm,2.321645731420987,-0.04752363330619494,0.8337523224117371,2.273847609481301,0.28170221167159265,0.8366609387244124
Sichuan Province,400,gennorm,2.6131909775984767,-0.005305237754849448,0.8552671049802951,2.1664644453175104,0.24897831354209382,0.7946922889337202
Sichuan Province,401,gennorm,3.26413253108495,-0.026256227004057275,0.895649098800609,2.1492410800768322,0.1861472658701412,0.7835564141303385
Sichuan Province,402,gennorm,2.3165796400187038,0.01216144922494777,0.8387637569758366,1.892404281582082,0.26808182792964763,0.72805727619557
Sichuan Province,403,gennorm,2.474488826599969,-0.015693569700176983,0.81627726101524,2.3430666266074995,0.2336634754697228,0.7935881277098145
Sichuan Province,404,gennorm,2.537416879206797,-0.026416977665901887,0.8939053630587347,2.2425262612603136,0.24991005852518577,0.8466742828993422
Sichuan Province,405,gennorm,2.3421227146951646,-0.02117842851818915,0.861460237210997,2.1508974605868874,0.23806520390346053,0.7916949512875167
Sichuan Province,406,gennorm,2.34016760073037,0.003141305519883523,0.8263853669644952,2.3781090321238256,0.24720247073821283,0.8048499862035806
Sichuan Province,407,gennorm,2.2090955628459072,0.012810673179573264,0.8195618069768924,2.49189818085454,0.23352448168155882,0.8104519453441332
Sichuan Province,408,gennorm,2.4917502220336045,0.02601293054252282,0.873172128164887,2.4383759124989854,0.22934817867958823,0.8548449412366758
Sichuan Province,409,gennorm,2.520095429606152,-0.016848464966723188,0.8760454554557564,2.0921975551801832,0.23729572001907112,0.7646443289288238
Sichuan Province,410,gennorm,2.3331140634020584,0.0020216429469101745,0.875532796865176,2.5865965343020596,0.2746742293585872,0.8549055964399723
Sichuan Province,411,gennorm,2.3098456494512845,-0.04517849950073725,0.8230355103707157,2.2152772030814947,0.2554818329332753,0.8106404516535011
Sichuan Province,412,gennorm,2.1942806673266455,-0.041106669970296106,0.8121377395403957,1.9411483458484087,0.21541202741087992,0.7363516860130028
Sichuan Province,413,gennorm,2.740292087015888,-0.02184114642133689,0.8821150393444819,2.41164139445116,0.20184641187658992,0.8204339030280217
Sichuan Province,414,gennorm,2.392546417852021,-0.07923686838787235,0.8154092455132038,2.552717098936858,0.23441162845983504,0.8389255985092523
Sichuan Province,415,gennorm,2.0382282434589674,-0.02343835742539908,0.7896986369012455,2.5133089564702944,0.2241421612039527,0.8679530938725235
Sichuan Province,416,gennorm,2.291191357124382,-0.017701616789399136,0.8152114490927928,2.1671124390599212,0.23957061416705658,0.7685296121183851
Sichuan Province,417,gennorm,2.2114466670121455,-0.029217177211058855,0.8305823638941002,2.319055400482333,0.22165049799327338,0.83415664032581
Sichuan Province,418,gennorm,2.341413295349435,-0.0018122702250567295,0.8494372565690513,2.2202172937428593,0.221074615067609,0.7898225505466607
Sichuan Province,419,gennorm,2.328330421685873,0.0038258047717476783,0.811901703813573,2.1824691698265855,0.2049398037460843,0.8065418987990891
Sichuan Province,420,gennorm,2.2750450648345537,-0.049661249894850046,0.8620860645744646,2.259752011437051,0.23823303195447937,0.7827225079306351
Sichuan Province,421,gennorm,2.31437874545644,0.0237215275955475,0.8219571686980062,1.9543108516069947,0.2322090193868717,0.7822999346929559
Sichuan Province,422,gennorm,2.3552004049899677,-0.036404645644540407,0.827168684656983,2.387505677186546,0.24741299637638048,0.8406581495739441
Sichuan Province,423,gennorm,2.398780439135132,-0.00556289045098288,0.8813427484049838,2.340077601318092,0.2546642716143314,0.8147998485770288
Sichuan Province,424,gennorm,2.1204947074906597,-0.009372405542257203,0.7828532212857671,1.945451312883324,0.25761837114690656,0.7606832832170367
Sichuan Province,425,gennorm,2.178470363462771,-0.016146671726215728,0.8344201134928892,2.1580521201705096,0.20946637577065638,0.8001501741178499
Sichuan Province,426,gennorm,2.8011231875376685,-0.023567065620726163,0.9172088738983118,2.3569707333931142,0.2660340776038297,0.881396090139141
Sichuan Province,427,gennorm,2.2932375751190914,-0.06327008883232035,0.871093024548359,2.1750740141887217,0.24411104138130185,0.7964430392852285
Sichuan Province,428,gennorm,2.1408480505248475,-0.03870463216936608,0.7830220988634237,2.377498799887899,0.23279038251255063,0.8181954843641946
Sichuan Province,429,gennorm,2.042531950891288,-0.032092724084392746,0.7747739490211789,1.8290087573074731,0.23958034240314124,0.7228825467302625
Sichuan Province,430,gennorm,2.4094155381584286,-0.057727996995189296,0.8622436596141413,2.407756929199183,0.2160573088507181,0.8243491317902953
Sichuan Province,431,gennorm,2.0445264995841175,-0.04110899561053691,0.7978479370917715,2.350390818072036,0.21939640865125293,0.8191482343421468
Sichuan Province,432,gennorm,2.046319708581305,-0.011549331674435108,0.800983934384753,2.956509049148436,0.2419855705834294,0.9324526115989189
Sichuan Province,433,gennorm,2.5198533460498505,0.010501249909668666,0.8740525994613744,2.1247188367924976,0.2503801718608731,0.7985069197955923
Sichuan Province,434,gennorm,1.9657252750974834,-0.04472665121653059,0.7760241539307762,2.2719557950368037,0.18266986867415425,0.8412702683483653
Sichuan Province,435,gennorm,2.617155532617891,-0.03973748748723842,0.925621437931408,1.8388646344120732,0.22710691710022826,0.7448743487087484
Sichuan Province,436,gennorm,2.055935493087092,-0.03385591260358889,0.7903977049913392,2.3070558467175495,0.23324688043046332,0.8002801025085204
Sichuan Province,437,gennorm,2.3663691417536574,0.02090003634220218,0.8632560738860153,2.2749091631365834,0.23570062476801085,0.7879179561686778
Sichuan Province,438,gennorm,2.365314156904212,-0.05138312370003309,0.8096186121336839,2.0113635127899694,0.22976459031088528,0.7847332178658054
Sichuan Province,439,gennorm,1.990340389317665,-0.049823926851607504,0.7764925424673863,2.048502462502011,0.24801428969564887,0.7639044874280043
Sichuan Province,440,gennorm,2.4704089078284825,-0.022879249728627253,0.8833812215255605,2.436466758682461,0.2351060062779149,0.8185130993636043
Sichuan Province,441,gennorm,2.565519756072362,-0.012469930600431195,0.8337921085696778,2.2976073512694266,0.18847458120480132,0.8101941220398814
Sichuan Province,442,gennorm,2.547137786687137,-0.032394186028958355,0.9057028556467837,2.552539744776512,0.2156729047584957,0.8767105777817024
Sichuan Province,443,gennorm,1.963940796318089,-0.045996592499264105,0.7908337686157172,2.202282242659288,0.21211701848967926,0.81182170653895
Sichuan Province,444,gennorm,1.8799228614900423,-0.04219867306694476,0.7536564252932694,2.502233262223956,0.24317480900683114,0.8264238820759922
Sichuan Province,445,gennorm,2.436706309784259,-0.037024019728051694,0.8407702824180983,2.5211896757826837,0.18886724106469832,0.8329871998853634
Sichuan Province,446,gennorm,2.348768487897146,0.010488800815533175,0.8698607870902884,2.125100019970008,0.24405945759620468,0.7547658561948
Sichuan Province,447,gennorm,2.4327148566830736,-0.03314500098826499,0.8622953333110733,2.1710812193871347,0.24328278268725906,0.8313491027578208
Sichuan Province,448,gennorm,2.338358282347685,-0.024180257075229056,0.8579204738156665,2.0834924835594175,0.267147201318252,0.738910735434508
Sichuan Province,449,gennorm,2.1627699832774265,-0.030418044716628283,0.823009571888117,2.725549910933834,0.24606755294623017,0.8398832082994387
Sichuan Province,450,gennorm,2.3934811400540346,-0.015940401045235968,0.818683242112092,1.9135304862585514,0.2541317495736667,0.7236355496235891
Sichuan Province,451,gennorm,2.6722450702560447,-0.03329021266037733,0.9021141983309947,2.1244659364277103,0.20242439832907083,0.7493829098846299
Sichuan Province,452,gennorm,2.0459044150719725,0.010453909319957825,0.812334359870454,2.6807684895684645,0.2001272472789552,0.8199787385757236
Sichuan Province,453,gennorm,2.4613591210022796,-0.05746015692186869,0.8775808776629824,1.9841715576388583,0.24598823062264466,0.7730121911737589
Sichuan Province,454,gennorm,2.1508951992750154,0.0044434040288721345,0.809762104267442,2.2403681261937347,0.22588415282688107,0.8435812116223249
Sichuan Province,455,gennorm,2.8834783789303087,-0.0012351954957703884,0.8888373624687144,2.3089853029238574,0.21084225530702233,0.8412056707488509
Sichuan Province,456,gennorm,2.233480356726755,-0.02086711968346678,0.8343737037675323,2.300076323898499,0.2425030718168777,0.7866227628532718
Sichuan Province,457,gennorm,2.1066337233045394,-0.03428676417916743,0.7982994757400738,2.1188397857399055,0.23088976924951182,0.7641709313328487
Sichuan Province,458,gennorm,2.426963623283677,-0.047431809771359884,0.8373791059466198,2.415394831844938,0.2698346771756269,0.8723631004353352
Sichuan Province,459,gennorm,2.036095305592342,-6.722613206653412e-05,0.8077390696885374,2.1881369265859387,0.2521362060675143,0.7911086740865865
Sichuan Province,460,gennorm,2.423570776359675,0.049492596016657744,0.9108903946359909,2.4040086124751214,0.21703534735107194,0.8007010021389258
Sichuan Province,461,gennorm,2.0681775559670283,-0.04281029098149386,0.8048791432900497,2.347107528562506,0.2222989394885791,0.8357552622579099
Sichuan Province,462,gennorm,2.1281664277635413,-0.0111850886275465,0.7823977284781589,2.026098176407081,0.2216294918774728,0.7704350047123985
Sichuan Province,463,gennorm,2.5183862190263,-0.026628355079643486,0.8716742215938507,1.8906238046566453,0.24615033382363888,0.7252061667758185
Sichuan Province,464,gennorm,2.398500422168895,-0.05031788441101978,0.8617391937566136,2.221943543130588,0.21985762592521485,0.799644465078615
Sichuan Province,465,gennorm,2.375551827077942,0.011483439689532207,0.869282460057506,2.6532002412777755,0.2330300845183698,0.8845897003283766
Sichuan Province,466,gennorm,1.8990071536117945,0.0204738505464134,0.7868135931014164,2.5070746399896926,0.22129595789011391,0.8375386565666814
Sichuan Province,467,gennorm,2.303776057060968,-0.01950277174879899,0.8637825216208519,2.170889151315036,0.24121387431546082,0.8053002920935503
Sichuan Province,468,gennorm,2.2365824077971483,-0.029403748243018033,0.8009396963755284,2.310892082317955,0.2362666397785238,0.81896426988214
Sichuan Province,469,gennorm,2.797075282704787,-0.024800367330390503,0.9299992559788708,2.4455192575337805,0.22994043745829404,0.8326904226210436
Sichuan Province,470,gennorm,2.5747614376944643,-0.004399174537309767,0.8914789322205177,2.0767847444391228,0.22659029977615597,0.7720693094279525
Sichuan Province,471,gennorm,2.364776984529679,-0.016228993311724192,0.8801010074824087,2.17940016429889,0.21241698983779456,0.8174731207114301
Sichuan Province,472,gennorm,2.3200704185000056,-0.04034336802426586,0.8736668012109388,2.1771745418976365,0.25069735618845984,0.7899567842861857
Sichuan Province,473,gennorm,2.090669172591574,-0.05315259994070584,0.8401986813342853,2.202833258796413,0.2294369529512934,0.7702793214260792
Sichuan Province,474,gennorm,2.454622429384135,-0.03842018556139899,0.8808970178285537,2.330903144311253,0.22873249480428054,0.8106712073059505
Sichuan Province,475,gennorm,2.203497568492127,0.03781210583284385,0.8140263172845641,2.078175708230492,0.19684234358007774,0.7669502361903724
Sichuan Province,476,gennorm,2.250228573272643,0.010638726855055281,0.81448318032836,2.319400303801153,0.2098102466304777,0.8292772780761852
Sichuan Province,477,gennorm,2.4665047932513984,-0.046737465237827874,0.8371289629389389,2.0542042370089937,0.25513384387949023,0.7881301497301564
Sichuan Province,478,gennorm,2.2222262300914726,-0.03189979911002987,0.8565799993491536,2.1367566977279298,0.25098967252056315,0.7977880198216734
Sichuan Province,479,gennorm,2.226815037666886,-0.08518848342824956,0.8625209108311432,2.3380481401323454,0.2568092864257822,0.8677039767306222
Sichuan Province,480,gennorm,2.0177987494251295,-0.08825632783369065,0.7794022001071989,2.486135479704232,0.2791869307790241,0.850586439486129
Sichuan Province,481,gennorm,2.7042532200447305,-0.05316826452410883,0.8454830383389558,2.3804424039480123,0.25469313643341324,0.8136030639179035
Sichuan Province,482,gennorm,2.0773702609667586,-0.053238573218779464,0.7638036249895561,2.341157692375872,0.23287015388932075,0.8060789865573799
Sichuan Province,483,gennorm,2.55336461560179,-0.0679984395549709,0.8888777620815144,2.2856392090257307,0.21261702456536724,0.7978917106008858
Sichuan Province,484,gennorm,2.0792138772694573,-0.020815852163160405,0.8339776718362109,2.3197097558675925,0.23015067064854366,0.8125440714475147
Sichuan Province,485,gennorm,2.715241282228306,0.003700469929678008,0.8838847802715522,2.2772698466668566,0.2249056353249692,0.8164436104155757
Sichuan Province,486,gennorm,2.0837475059177626,-0.006326177586799996,0.761882196410461,2.174362323907128,0.22425495290154374,0.7559624757429373
Sichuan Province,487,gennorm,2.2606433088418445,-0.0276778620393765,0.8325427198996189,2.3747816380602327,0.23053577664244312,0.847626985906028
Sichuan Province,488,gennorm,2.6141414742979974,-0.026008625421488987,0.9101663270252258,2.2095634934363337,0.2046775132041842,0.8180395711415813
Sichuan Province,489,gennorm,2.3476589856066883,-0.0390893714162072,0.8404960815679013,2.3792307449826113,0.27259014205752696,0.8474110017324514
Sichuan Province,490,gennorm,2.462542987738547,-0.027362934536711195,0.8771426787848313,2.116249110069487,0.2555110679195809,0.7809212600150974
Sichuan Province,491,gennorm,2.577249352641889,-0.023912637112193262,0.8965147786675047,2.2648549185676883,0.257538922951681,0.8362956722345074
Sichuan Province,492,gennorm,2.0025210729981273,-0.059502584685685644,0.8022966215375458,1.8924955478164232,0.19384843914767824,0.7348028581304957
Sichuan Province,493,gennorm,2.7066499720748176,-0.007131959932261919,0.8797914514398408,2.527712165440078,0.23322941333789482,0.8597618308832584
Sichuan Province,494,gennorm,2.4399086971156496,-0.025514870653893768,0.844927280329117,2.031051115157487,0.2566594312810153,0.7777906240546838
Sichuan Province,495,gennorm,2.541994684610969,-0.02016113581061634,0.8631856526164641,2.2802271893856165,0.2296259382469108,0.7812538913620064
Sichuan Province,496,gennorm,2.421813183747572,-0.0059007671187996606,0.9051727808819887,2.0979826274597775,0.24049784513491518,0.7660162571757523
Sichuan Province,497,gennorm,2.4405459652425625,0.001967884775985228,0.8429726884349495,2.480333788678596,0.23338489226404846,0.8708651114065908
Sichuan Province,498,gennorm,2.0386273126360224,-0.058970513297227765,0.7769167041335047,2.6004544078912444,0.24649542899443028,0.8903558118285713
Sichuan Province,499,gennorm,2.400316895463673,-0.018510364372429318,0.821747000347069,2.3197122066104523,0.22327155304018698,0.79755231712014
Sichuan Province,500,gennorm,2.5693469078837996,0.009385478159035758,0.8700497843904023,2.2266579943657545,0.2594856749602002,0.8095858037676011
Sichuan Province,501,gennorm,2.6533564892935226,-0.05418855335751715,0.8795205356251252,2.0490132442327864,0.22010705185884472,0.8026955827943443
Sichuan Province,502,gennorm,2.6176353556240737,-0.03421314668419746,0.9183928371522109,2.1641232108728627,0.22583023635327704,0.7829182831137198
Sichuan Province,503,gennorm,2.252690309039424,-0.028555510254236673,0.8448738907113275,2.8558094411780015,0.21558239888717332,0.9021681066024251
Sichuan Province,504,gennorm,2.276188154016682,-0.04996880009417935,0.8547029017109524,2.1025690265903245,0.2232150044481831,0.7355015962326028
Sichuan Province,505,gennorm,2.5170500355951697,0.0018386678257233256,0.8324700154533853,2.376063936927155,0.2452920839658735,0.8660479318108381
Sichuan Province,506,gennorm,2.7405143962901546,-0.008527161524997226,0.9100080215184427,2.083079404839369,0.2136851010095905,0.7771106806700967
Sichuan Province,507,gennorm,2.7593388836703827,-0.035137040545003204,0.9290383913374609,2.304074424879761,0.28208102334330365,0.839383183423692
Sichuan Province,508,gennorm,3.01777536474308,0.009933493148624527,0.9214601686816427,2.405176469396364,0.22377612470261918,0.8580254298245216
Sichuan Province,509,gennorm,2.3118886108123755,-0.08790863082203387,0.8326836594955299,2.3032726508871217,0.19472168716218027,0.8427842356101696
Sichuan Province,510,gennorm,2.181180805616834,-0.011359739671060139,0.8241096492106035,2.0441498134966762,0.18181595120984417,0.7262115602219388
Sichuan Province,511,gennorm,2.356643191546251,-0.0047856101374649605,0.8542248442667157,2.3863666537775217,0.24828328248497872,0.8011312529096036
Sichuan Province,512,gennorm,2.408900968449643,0.011247806781620639,0.824584125198521,2.2208907766486394,0.2661578209462163,0.8042816098813679
Sichuan Province,513,gennorm,2.3066513865250364,-0.04959880407605005,0.8616824416886175,2.0236223447827126,0.20864665211115152,0.773031793221142
Sichuan Province,514,gennorm,1.9625936564171371,-0.032343717847959,0.7643765941799577,2.1036598933162383,0.18283292045292926,0.7887759320102721
Sichuan Province,515,gennorm,2.0170394690261215,-0.02694205134657083,0.7719830951516424,2.270053412800749,0.18269368803020056,0.7798696778628187
Sichuan Province,516,gennorm,2.2161200545673516,-0.0393454451650818,0.8292197675487061,2.7503511903579065,0.29159775427699797,0.8629546042366285
Sichuan Province,517,gennorm,2.7382743228953226,-0.10819132533269166,0.8668573868117884,2.0347141143224254,0.1842095636223797,0.7667493711616111
Sichuan Province,518,gennorm,2.1288177982037597,-0.022734080433712986,0.8213382148806521,2.355620544523891,0.2280570795092175,0.8500035189277388
Sichuan Province,519,gennorm,2.203828328488348,0.01905344936312111,0.8369684232708072,2.2329992692795235,0.21209953675962706,0.810420342203146
Sichuan Province,520,gennorm,2.1017129614512537,-0.05228775877058142,0.8146441350360879,2.2253809950175447,0.19350991335752432,0.8171008314061957
Sichuan Province,521,gennorm,2.5213407450308907,0.009240783128121152,0.8838945705360162,2.6514133094995693,0.2445225040784822,0.8293993351258945
Sichuan Province,522,gennorm,1.7891549404112985,-0.007218818598463227,0.7357735722694958,2.6712402978994088,0.21911673546417276,0.8499706465765537
Sichuan Province,523,gennorm,2.1014407478810773,0.0019624169856017866,0.7922689041548945,2.291638199435424,0.2240285134147109,0.7866682831956984
Sichuan Province,524,gennorm,2.3556162280379858,-0.03249974560482009,0.8716138106836893,2.132900959208266,0.25708793652467676,0.8102083532439408
Sichuan Province,525,gennorm,2.2782045630357426,-0.04000415924380678,0.7939044258803217,2.694534611856803,0.278694329153637,0.8532952766294051
Sichuan Province,526,gennorm,2.5885966675796226,-0.04169441447154261,0.8764766426585816,2.7233304107308167,0.21164388593411698,0.8425757921289607
Sichuan Province,527,gennorm,2.9262414091188664,-0.0474788603845299,0.9030085221309869,2.25923170644442,0.1832500634757018,0.8056676601912207
Sichuan Province,528,gennorm,2.3271191488137832,-0.027554666509131204,0.8767343763206188,2.6255971454215734,0.20933519610656193,0.8773991914655797
Sichuan Province,529,gennorm,2.175165912537281,-0.016512864084282743,0.8285187541518059,2.369122547371667,0.2601212061039675,0.8162466409734439
Sichuan Province,530,gennorm,2.511508776098248,-0.041323985774898056,0.8794956699655492,1.9311845473847105,0.2343682960472995,0.7335002361434969
Sichuan Province,531,gennorm,2.2648511182359075,-0.023079531302669227,0.8126895283010045,2.8701482946299315,0.23262020070987463,0.9014487296490403
Sichuan Province,532,gennorm,2.846010828849346,0.0035161595456241874,0.8930698430065414,2.169960216918815,0.25208627424972396,0.7965742566034528
Sichuan Province,533,gennorm,2.2721031949042647,-0.028452763217056684,0.8677497301802362,2.2716417025943514,0.2561065516044719,0.796254873561531
Sichuan Province,534,gennorm,2.134121152079182,-0.02331708023770967,0.8239531429801515,2.2815862974485754,0.24281772421350728,0.8181729434485003
Sichuan Province,535,gennorm,2.1508829673710372,-0.005860594761476526,0.8099180418896903,2.4862097111237924,0.2162274557508827,0.8233520031108963
Sichuan Province,536,gennorm,2.538227884770763,-0.026985082920538077,0.8976344820815774,2.1531000396362407,0.2429052028415174,0.806432929989512
Sichuan Province,537,gennorm,2.7886741426502955,-0.04217472030528298,0.9231348680959259,2.2363716537217573,0.21764351897422074,0.7897303957739958
Sichuan Province,538,gennorm,2.264412767498991,-0.038506084009949385,0.8623236540337964,2.4569292313856077,0.22527605671450268,0.8313813958744132
Sichuan Province,539,gennorm,2.138619805450241,-0.015531006812718611,0.8570502691269684,2.6382500061861007,0.2345164858213906,0.8678674897461327
Sichuan Province,540,gennorm,2.446830830917958,-0.020464525239422268,0.8725394310288943,2.5058768690154736,0.23656973262678227,0.8623561218693778
Sichuan Province,541,gennorm,2.314644391374366,-0.025930088332324762,0.813812563634392,1.8307869427827494,0.26384989868474285,0.7095479537570304
Sichuan Province,542,gennorm,2.070571772589007,0.005021694620253213,0.8087538178123814,2.131869575729149,0.20891430618854445,0.791393844897212
Sichuan Province,543,gennorm,2.5773091999341426,-0.040505018162010784,0.8651034540563222,2.7460908092809353,0.241035425284242,0.8749013509920814
Sichuan Province,544,gennorm,2.1449549183432284,-0.02729495365130764,0.7945724734284119,2.2260158790642093,0.19679440569829565,0.8004453350575012
Sichuan Province,545,gennorm,2.457275155929552,-0.011023743330314771,0.8742640877836756,2.376156858267932,0.2746713727822032,0.8491202440790673
Sichuan Province,546,gennorm,2.3007926745519063,-0.006829722560030487,0.846678757909008,2.3761272378604112,0.23286810376333344,0.8445743012094143
Sichuan Province,547,gennorm,2.24479920459943,-0.04752504905316121,0.8533336189123769,2.3416749195408437,0.24008682074208468,0.8146008916968576
Sichuan Province,548,gennorm,2.246632379184155,-0.03218855453122285,0.8071506883630133,2.1818214114511294,0.22600663187945208,0.8032407430777566
Sichuan Province,549,gennorm,2.007231991565474,-0.04601666067672183,0.8285951502872952,2.1790256849450227,0.2657772368636627,0.7814941740186476
Sichuan Province,550,gennorm,2.4899079151307753,-0.04391600338599867,0.8318934808939118,2.128543111242751,0.1731284175832406,0.7917179240096877
Sichuan Province,551,gennorm,2.442661708731934,-0.006716171889649444,0.8135940231594638,2.046740224994956,0.24090149215273304,0.7836990429263094
Sichuan Province,552,gennorm,2.63251630377136,-0.005907489359755094,0.8863493712528134,2.3017796995558033,0.1859367190412714,0.814865855432792
Sichuan Province,553,gennorm,2.4523667463586487,-0.07903849977397906,0.8989464375669931,2.1435360049107905,0.2707806581966005,0.7891069366731316
Sichuan Province,554,gennorm,2.2191803368231593,-0.07033642392574674,0.8196927718160283,2.408636377628571,0.23064420645249817,0.8371345131941553
Sichuan Province,555,gennorm,2.5690404679282093,-0.013700920356887029,0.8576392718432446,2.3976879625782104,0.24479201873207662,0.8489014168160423
Sichuan Province,556,gennorm,2.735666236575131,0.0010740347308782873,0.9003437202166256,1.8584674251789068,0.26532192730532134,0.7168128949964234
Sichuan Province,557,gennorm,3.393709412780509,-0.04183720176073978,0.9528668800764941,2.224377271473151,0.2796338617105615,0.8360891809020603
Sichuan Province,558,gennorm,1.8726106522785724,-0.05013652782588611,0.7814667197513427,1.9449110199391448,0.23364475811752322,0.7851993040798988
Sichuan Province,559,gennorm,2.562572731686176,-0.034060208253643205,0.907617271090596,1.9276079873954686,0.19409962504318845,0.7784338951938694
Sichuan Province,560,gennorm,2.41028183813149,-0.039051506057070653,0.8794983682042394,2.2736364133964795,0.21195640874832927,0.8498205955542675
Sichuan Province,561,gennorm,2.704452124631616,-0.022552966715849367,0.8892890695280886,2.2047645795350377,0.2632728704842963,0.8287544052723324
Sichuan Province,562,gennorm,2.1742783217049606,-0.04780901416822027,0.7706329082322969,2.4866154952385697,0.24665260291957358,0.8490708778250786
Sichuan Province,563,gennorm,2.2067767624846786,-0.012245189307909823,0.8319894051483061,1.996740468831105,0.2270735257680386,0.7345122621638152
Sichuan Province,564,gennorm,2.4049765805703966,0.01057567748747619,0.8892090810247711,2.50893906971066,0.21617006065214656,0.8336356122148536
Sichuan Province,565,gennorm,2.449879248718007,0.023152862942275847,0.8185078773607984,2.4960722124311676,0.2395834708056858,0.860849300926076
Sichuan Province,566,gennorm,2.3359661645187004,-0.021953696107036767,0.826169833264089,2.305470725240628,0.2134388001972205,0.8538931952968389
Sichuan Province,567,gennorm,2.399175643577651,-0.036466917250684475,0.8444200073789605,2.188177621334882,0.2429852505118666,0.790411185540415
Sichuan Province,568,gennorm,2.465824223109799,-0.05164010227273437,0.9204178293161773,2.6557208726863726,0.264922467224217,0.8716369034128647
Sichuan Province,569,gennorm,2.610244968792462,0.028972893241425074,0.8999538680029731,2.1313004899300996,0.2182992542928934,0.7716025394923947
Sichuan Province,570,gennorm,2.1808854696343287,-0.012491080221608969,0.7959637119785437,2.2358267153481717,0.22580018860837817,0.7692416286136683
Sichuan Province,571,gennorm,2.065583855263444,-0.010024067980791813,0.8253308964205945,2.2517712215982857,0.2457823721909968,0.8604661487001404
Sichuan Province,572,gennorm,2.60156020259077,4.9337404698356944e-05,0.9159653086942432,2.044310420233268,0.20091409574557292,0.820716463092846
Sichuan Province,573,gennorm,2.0382849359558914,-0.024970135016498765,0.8078469880903938,2.055286666297566,0.22754057450907195,0.7907663322124844
Sichuan Province,574,gennorm,1.9737022829046722,-0.04852450269255558,0.7582358395906372,2.2715897370620333,0.22293922794140947,0.7606603703243626
Sichuan Province,575,gennorm,2.058898739687269,-0.016630492935509708,0.8432558699302611,2.2233243358807697,0.2251528644236634,0.846061355748597
Sichuan Province,576,gennorm,2.206695268020751,-0.022386561135309402,0.8087371721857632,2.027609347489797,0.21456854676014256,0.7761576861562561
Sichuan Province,577,gennorm,2.7336059064485436,-0.06111438523250268,0.8932019954746016,2.1775783670615603,0.2609955686018424,0.7987273316730045
Sichuan Province,578,gennorm,2.4598471556507135,-0.01654240775279371,0.8406507265957925,2.3593847911232917,0.2823694629580288,0.8352205138501864
Sichuan Province,579,gennorm,2.4642853085717977,-0.03324761354255315,0.859282982758383,2.187113276901278,0.25440856972645065,0.8070063725529528
Sichuan Province,580,gennorm,2.8352282140657206,-0.028733547314792038,0.9242159789776385,2.3314190326468354,0.17117625328925581,0.8241254922485173
Sichuan Province,581,gennorm,2.2040925604893227,0.002550644647647746,0.8626744205817363,2.088649801525218,0.22719259291553667,0.7780196478461316
Sichuan Province,582,gennorm,2.3276827230251445,-0.04628582110605751,0.8145312207405428,2.378572797975756,0.23339999518647336,0.8442296790192032
Sichuan Province,583,gennorm,1.9970231557791753,-0.020783722540331444,0.7696258588374287,2.51240373955021,0.22445430547259487,0.8435053961172834
Sichuan Province,584,gennorm,2.12455382314146,-0.004507091008316119,0.8219667923980185,2.2935452150551763,0.24171010628214135,0.8185741673307766
Sichuan Province,585,gennorm,2.457193486244127,-0.07768553624159488,0.8475673375241634,2.754095000040321,0.22569221008049423,0.9290166647152085
Sichuan Province,586,gennorm,2.6560777219353513,-0.0697176614604641,0.90476187446226,2.102097229231654,0.24792267632298493,0.7384628976151156
Sichuan Province,587,gennorm,2.4659934654869264,-0.05759448736340034,0.8922280518843213,2.3061970569159977,0.2309086273650472,0.8071253040070967
Sichuan Province,588,gennorm,2.1092193405652457,0.007899268570672377,0.8444226377611574,2.527559100213792,0.24039297218538208,0.8483936219110386
Sichuan Province,589,gennorm,2.283346229653551,-0.021652266983321608,0.7966422687715267,2.1975878284307377,0.21985980096009938,0.7712910540720672
Sichuan Province,590,gennorm,2.2591669598912354,-0.026907812176176982,0.8732917572715313,1.8022997142093347,0.2535036707952798,0.7129150312670964
Sichuan Province,591,gennorm,1.9537894009250687,0.009152056064793454,0.7832817179497198,2.1971140902720334,0.22147273857694133,0.8230408483348652
Sichuan Province,592,gennorm,2.547969721112352,-0.04059115207253898,0.9251993076703732,1.9702642704636242,0.24843583539197395,0.7089514949529916
Sichuan Province,593,gennorm,2.361445257377614,0.014217996596585698,0.8256914864145934,2.1854572800954752,0.22440887877797838,0.8581238098952895
Sichuan Province,594,gennorm,2.052754571519139,-0.02169429502242095,0.807645324679055,2.756821686955286,0.20678654053521295,0.8653930801316487
Sichuan Province,595,gennorm,1.826142546094858,0.014329463037869767,0.7258316204262006,2.657889626286928,0.26815530298800583,0.8809188580390775
Sichuan Province,596,gennorm,2.3444013791995926,-0.0009868111702701478,0.8354236416448161,2.649896810512171,0.2426755302732227,0.8399983533496396
Sichuan Province,597,gennorm,2.405945167488312,-0.006936212821794698,0.8439238811621916,2.792483698136196,0.22943836337951687,0.9142812118362771
Sichuan Province,598,gennorm,2.062132384169823,-0.019058521035025623,0.802217149025749,2.2684208550182356,0.2523499791567175,0.8119570883275615
Sichuan Province,599,gennorm,2.0786061181603808,-0.025043340508475887,0.8040021337648737,2.4051149808274674,0.22736065606687927,0.836589162798853
Sichuan Province,600,gennorm,2.5731388909050352,-0.04469651739153452,0.8751878238873214,2.4506668266364864,0.2157465553768704,0.8600350242305869
Sichuan Province,601,gennorm,2.671204247504152,-0.0033923963885799067,0.8991368895473073,2.3840864296872697,0.2568789747708874,0.8274605172844045
Sichuan Province,602,gennorm,2.4633506017295876,-0.028997462143929193,0.8791204478250163,2.144297513131037,0.20238695521324085,0.7791224907598311
Sichuan Province,603,gennorm,2.227204083004101,0.004111643316898939,0.8796955154977752,2.2441152894063636,0.2215723220080073,0.7997451929131825
Sichuan Province,604,gennorm,1.7754187961474655,-0.007452325346215384,0.7297019122194568,2.2107362163873168,0.26439021464741813,0.7700691554323266
Sichuan Province,605,gennorm,2.2384471885841126,0.0002673229608730598,0.8484584394076247,2.097545647188584,0.25108841769592294,0.7652196629846205
Sichuan Province,606,gennorm,2.2784333550403124,-0.04085442456450833,0.8524846384940226,2.4085544020758114,0.27109720583520114,0.8160563041682769
Sichuan Province,607,gennorm,2.3399343369049594,-0.03071819851863349,0.8564096377243885,2.4915530503910137,0.2777630125702397,0.8197632903190377
Sichuan Province,608,gennorm,2.560891242275093,-0.017382673848178137,0.8699328238953081,2.5387117719847487,0.22474772194870757,0.8350454701849847
Sichuan Province,609,gennorm,2.3521850521995233,-0.0640741490696128,0.8438425439198395,2.2013145234454266,0.22443305626219584,0.8180538980857583
Sichuan Province,610,gennorm,2.274761472182549,-0.002742418104681687,0.8340576163234714,2.3048801801517533,0.2240500007906407,0.8336972023789986
Sichuan Province,611,gennorm,2.0399137890012935,-0.01759347492444097,0.8033057528463592,2.452626086002021,0.26431516895064533,0.8135249052473092
Sichuan Province,612,gennorm,2.737044303685024,-0.038486427180621924,0.8776692251692516,2.226660036670105,0.25501298282881313,0.7843082393990832
Sichuan Province,613,gennorm,1.9513198112101513,0.01823881235025001,0.787816181895505,2.42155065244382,0.23469073863811027,0.8111320890679752
Sichuan Province,614,gennorm,2.356386938116871,-0.020264630768040234,0.8262563218596506,2.643626526056594,0.2474119192623529,0.8434486042187033
Sichuan Province,615,gennorm,2.327372941384215,0.003756259881143858,0.8451510099966145,2.158702738427535,0.23182611322487154,0.808246908182018
Sichuan Province,616,gennorm,1.9453107481191174,-0.02118652028100188,0.7910670842914944,2.0730913543178175,0.21176664800951878,0.795366304308783
Sichuan Province,617,gennorm,1.9059965846130673,-0.028377383455440233,0.7999124392578865,2.279154609091271,0.17100043139097745,0.823370381741935
Sichuan Province,618,gennorm,2.601487564657478,-0.03156824353324497,0.8926534796739696,2.491197465701031,0.24243637830689269,0.853726871454394
Sichuan Province,619,gennorm,2.581959122897035,-0.032756630629838676,0.8329309589607674,2.30570354165864,0.2386880487880863,0.8688101253980676
Sichuan Province,620,gennorm,2.2650552330201785,-0.046481779437794614,0.8277926084876557,2.370079956439006,0.2356139833029111,0.8527282054322612
Sichuan Province,621,gennorm,2.353976433751157,0.013569457901995702,0.8600081823328678,2.2153910315378402,0.2562587393686961,0.7490542737432022
Sichuan Province,622,gennorm,1.8631188300148227,-0.060900047525873455,0.7813180754104672,2.4985762695488396,0.2338359220357114,0.8699790231381106
Sichuan Province,623,gennorm,2.2160316346759465,-0.0014632803265136802,0.8226361167267888,1.9791021720383521,0.24048173612055235,0.7710216062763824
Sichuan Province,624,gennorm,2.1498531846824482,-0.03254578150892512,0.8173552511459958,2.6484701828099233,0.23991752444782155,0.8739009814715748
Sichuan Province,625,gennorm,2.33375679926621,-0.06393603976139234,0.8636971028983425,2.11185301379052,0.24579991829021108,0.7592546015622187
Sichuan Province,626,gennorm,2.0256292893137644,-0.03482689665047236,0.7602478763545837,2.7677263141108925,0.24898470838793071,0.8562602082615054
Sichuan Province,627,gennorm,2.6665970682294957,-0.017308986493241738,0.8761449745048926,2.1469490838683587,0.2223650740572092,0.782810337107382
Sichuan Province,628,gennorm,2.465697218068353,-0.046632720625319,0.8549399342477282,2.2609173078921208,0.22272928595080055,0.8102266257539164
Sichuan Province,629,gennorm,2.394833415116805,-0.057091861032000035,0.8442234946966378,2.1387928819446826,0.24766974440430056,0.7594845014653291
Sichuan Province,630,gennorm,2.1379305802529602,-0.02509232516252466,0.8427240833315426,2.188153115590877,0.260838552021169,0.8039035188905725
Sichuan Province,631,gennorm,2.614497805475332,-0.01726030415244246,0.8775250321510161,2.336245152278761,0.23353212455747155,0.793604443880049
Sichuan Province,632,gennorm,2.307950590372573,-0.007477611971290861,0.878024182493887,2.0757531368760223,0.23266123213316448,0.7718362887415147
Sichuan Province,633,gennorm,2.160626051757278,0.003542572636221434,0.8406311040273298,2.1727252549751337,0.2538566155433072,0.8232912392845066
Sichuan Province,634,gennorm,2.5904851333282437,-0.03765939876266221,0.8599355950868431,2.2062051787462362,0.21359702905337757,0.8148806654135905
Sichuan Province,635,gennorm,2.3506470111949307,-0.07218612343541031,0.8444379648299101,2.4049536944003176,0.22255636860670155,0.8150559865885321
Sichuan Province,636,gennorm,2.138346153804291,-0.06485554951912706,0.807651768559198,2.3340274298230534,0.21693544933778863,0.8411124124904851
Sichuan Province,637,gennorm,2.9596946174920262,-0.004054583150443219,0.9529488946525071,2.237243866678474,0.20294440203772196,0.8089710054169439
Sichuan Province,638,gennorm,2.3139341272491274,0.004090918727892075,0.8508312548343367,2.0107238234877887,0.20658251724282367,0.7547544717942458
Sichuan Province,639,gennorm,2.1927980134115783,-0.002418930366532847,0.8334270311259051,2.361118923999898,0.2085920408256665,0.8791922045011582
Sichuan Province,640,gennorm,2.1047537463775545,-0.009785412723732942,0.81197001815222,2.499210461632587,0.27539042452887064,0.8462532269002039
Sichuan Province,641,gennorm,2.301684943538242,-0.037269753746192485,0.8020254037282355,2.5248977342742522,0.226244427904289,0.8098159565783521
Sichuan Province,642,gennorm,2.469217778223963,-0.010643313516494075,0.836814010656144,2.119400634354199,0.24956658843259744,0.7769107104068362
Sichuan Province,643,gennorm,2.2628319768990073,-0.018057692206293156,0.7988968601025654,2.5990892830632912,0.26134883366493844,0.83647514993005
Sichuan Province,644,gennorm,2.1125122449804445,-0.01190045842383219,0.8191637976535782,2.1880395199224854,0.24032010763535555,0.8241948037747446
Sichuan Province,645,gennorm,2.601007842083746,-0.03922141628400384,0.8640698063666631,2.2201162563235908,0.23045757353052992,0.861972314810366
Sichuan Province,646,gennorm,2.1892407953587893,-0.006523296829341132,0.834886024593507,2.1349364608386074,0.21895966454951313,0.787413634381398
Sichuan Province,647,gennorm,2.169126136342091,-0.030970278051174124,0.8454676670924254,2.52135206334503,0.24768498833719813,0.8242960352102997
Sichuan Province,648,gennorm,2.165391552936666,-0.044203726227116345,0.8083293996202279,2.3445090415052667,0.2337678051758279,0.8460348565555296
Sichuan Province,649,gennorm,2.584778830466117,-0.06961913204352949,0.87533793568463,2.352994468373605,0.2601225742034724,0.8301541353639572
Sichuan Province,650,gennorm,2.4195509325566538,-0.07688913550603352,0.879550083814639,2.20679161616102,0.2534430830865855,0.8087509573270772
Sichuan Province,651,gennorm,2.2715796094254017,-0.020144021215069655,0.8598603654769613,2.3136249772415907,0.24474799852227544,0.8083968651485968
Sichuan Province,652,gennorm,2.1914912484888864,-0.02172003539951599,0.846334615653215,2.1339558233184617,0.22190849187468958,0.7779348085695421
Sichuan Province,653,gennorm,2.4650318180140562,-0.03387015807058029,0.8884417531412697,2.172554822515832,0.24025055854966312,0.7531183587300868
Sichuan Province,654,gennorm,2.372129794883632,-0.0595351458385411,0.8393073832003042,1.9396760433162883,0.23675475121193032,0.762229351667945
Sichuan Province,655,gennorm,2.1636814751331874,-0.03582471256277674,0.7586277745788216,2.2522832020540156,0.22445755096005823,0.7874770677485297
Sichuan Province,656,gennorm,2.116978581262276,-0.01924287955378417,0.7955398003345082,2.5076674177339493,0.2397254516361771,0.889176754770119
Sichuan Province,657,gennorm,2.431376110716731,-0.053054003650089374,0.8042450137722577,2.290621619739386,0.2579542250983615,0.818151010066589
Sichuan Province,658,gennorm,2.1915621016283584,-0.038962651560166976,0.8221136240386295,2.2469026735541067,0.22999823276365605,0.8607173830553441
Sichuan Province,659,gennorm,2.214229640306873,-0.005331050548486484,0.8342672259019835,2.0041010680424423,0.20717922934908167,0.759561176909059
Sichuan Province,660,gennorm,2.4552631003149497,-0.03057134322116732,0.8881646642900272,2.6064771864590437,0.22414272744940794,0.8971006450183568
Sichuan Province,661,gennorm,2.4809982067883403,-0.04812068638506212,0.8743586940390646,2.2268241527895762,0.21296238938815262,0.7733137355664261
Sichuan Province,662,gennorm,2.30166404423808,-0.05512149512901932,0.8513737470401392,2.147766362310925,0.26537518275934285,0.7893210922662088
Sichuan Province,663,gennorm,2.85214871093512,-0.03552357405580542,0.8870449901005597,2.2865988400083284,0.22613277866039333,0.8610595977033214
Sichuan Province,664,gennorm,2.2698737017704707,-0.05776590337504252,0.8513958133355572,2.1895852969823197,0.251391873323508,0.8046330723592574
Sichuan Province,665,gennorm,2.1879490994670556,-0.03473504244921775,0.8751573609302697,2.534034781920722,0.21319744130430845,0.7977043953572243
Sichuan Province,666,gennorm,2.062565528970098,0.02091576465223228,0.8497245744166497,2.136471532112398,0.29769693738954267,0.8238764319963969
Sichuan Province,667,gennorm,2.1442140762352206,-0.01686988884680228,0.813648617768338,2.050904554723372,0.20748309456021646,0.7837095321757146
Sichuan Province,668,gennorm,2.224287215994857,-0.03544700337342935,0.8279441530151967,2.5592673576944494,0.24109670151676016,0.8251952079174816
Sichuan Province,669,gennorm,2.1108076298188596,-0.051395857337590695,0.7872611485272846,2.458896151566786,0.19478526797078488,0.8042914887181619
Sichuan Province,670,gennorm,2.692357134353492,-0.028003255605698107,0.8373311446559247,2.0649107375902465,0.22342339324287194,0.761970317915951
Sichuan Province,671,gennorm,2.4648007685785265,-0.0083781500175093,0.8515673777736217,2.188973989569841,0.20060895581291477,0.8456319057927137
Sichuan Province,672,gennorm,2.013695700102028,-0.02647636255399523,0.7809956444357722,2.3147886955912913,0.2638288352123058,0.8241817993082547
Sichuan Province,673,gennorm,2.2738854626837908,-0.0705170675325252,0.8404479964156915,2.036495915631618,0.2058132572208799,0.7580855062547203
Sichuan Province,674,gennorm,2.6969690327291045,0.0027964421513836527,0.895391054115855,1.7442341869590425,0.2384196348048203,0.709262202554078
Sichuan Province,675,gennorm,2.2782105283575906,-0.003977455248193745,0.8285722601686653,2.0980439713059456,0.28075985054306185,0.7678419279416224
Sichuan Province,676,gennorm,2.2329380244184365,-0.08975403153287412,0.809984061731011,2.3851189999767497,0.246306518612423,0.8067032872673492
Sichuan Province,677,gennorm,2.1077261176856967,-0.02675268888283204,0.780710206994368,2.0698179204485196,0.20884267991892777,0.8159007825889218
Sichuan Province,678,gennorm,2.0247729227661155,-0.05615714860559209,0.7965576294721111,2.4347074494483607,0.2589974210596705,0.8281227825544006
Sichuan Province,679,gennorm,2.526539664336015,-0.06691684597852066,0.8403786454424051,2.238292659838275,0.2405840537299756,0.8224255337450503
Sichuan Province,680,gennorm,2.4615757674896477,-0.041066650579881056,0.8740739523982906,2.3194527767548996,0.24959967270205335,0.8072408279412286
Sichuan Province,681,gennorm,2.0049550019188684,0.001221054828390084,0.7885326667568977,2.1015251870776144,0.2526236950840922,0.7815366691642538
Sichuan Province,682,gennorm,2.1863257738944863,-0.021902368970786196,0.8205924394707499,2.8978447096316735,0.22504381641062782,0.9548771980042642
Sichuan Province,683,gennorm,2.292748811037975,-0.06677064401830352,0.8641275946105702,1.9634444361881704,0.2400379381904055,0.7445838007573748
Sichuan Province,684,gennorm,2.6764181272624246,0.01754586859114182,0.8595704051085706,2.2306353198272793,0.24575745358870169,0.8537890362035248
Sichuan Province,685,gennorm,2.88796931117325,-0.06829974306692402,0.9221109630038747,2.0796653148556685,0.22263005603881889,0.7677649768140995
Sichuan Province,686,gennorm,2.2948619856454595,-0.02725342820498651,0.8315858389295527,2.0458550696637463,0.20538168519893316,0.7907940451433328
Sichuan Province,687,gennorm,2.2842815330932957,-0.02742382888298065,0.8178186256229014,2.333567829918767,0.23810575899005815,0.8124419110884022
Sichuan Province,688,gennorm,2.0787303646082282,-0.056456549339200954,0.7983150710151609,2.3448689218486725,0.19992106997761794,0.8150437821581544
Sichuan Province,689,gennorm,2.100299660287307,-0.03203966592111142,0.7846444525591125,2.063108122972303,0.20021127532899397,0.7753729963991269
Sichuan Province,690,gennorm,2.28466342109936,0.0050836880003103935,0.878896767508176,2.1699196171880635,0.21203636151663752,0.8255103465399152
Sichuan Province,691,gennorm,2.5541669363169355,-0.036202096198909975,0.883324338270828,2.350541748296749,0.20817472526592495,0.8233186851777603
Sichuan Province,692,gennorm,2.3645177211988235,0.00021951958789384507,0.8642786551374153,2.1926345617834992,0.22506991099670356,0.7485152211787092
Sichuan Province,693,gennorm,2.7253817913004266,-0.017112925114451255,0.8673044545648525,1.9092869333224665,0.26626435151751743,0.7690161866208967
Sichuan Province,694,gennorm,2.0996969128495566,-0.04550345306713509,0.7945154437158854,2.265068097115262,0.22190835565227274,0.7881732845778793
Sichuan Province,695,gennorm,2.2409866466240924,-0.01101103890588964,0.8486439882604369,2.216916091105377,0.20772046644577524,0.7777913578977758
Sichuan Province,696,gennorm,2.787177044541703,-0.06600065741596858,0.9529814587703532,2.2977400442999656,0.23273472724170996,0.8203037418339731
Sichuan Province,697,gennorm,2.7686938525108644,-0.024098760976385886,0.918050633437226,1.9557266017387465,0.19370353914762517,0.7357362561726208
Sichuan Province,698,gennorm,2.2694842451658626,0.008268410147633926,0.8184491960320559,1.8744929663008252,0.20777946254357907,0.7278301223715034
Sichuan Province,699,gennorm,2.3177534794075925,-0.029301813457694302,0.8264651663356202,2.5493653220604884,0.27012912881914786,0.8418482589861258
Sichuan Province,700,gennorm,2.4067423290638286,-0.024625407661709606,0.8688591292255349,2.380195134094376,0.23432457157926254,0.814445071474801
Sichuan Province,701,gennorm,2.5626920910034396,-0.025347675508125354,0.8702366010045752,2.171758339421068,0.2549048854806083,0.7934507765308636
Sichuan Province,702,gennorm,2.3342086382303995,-0.10555423471483005,0.8084500312060887,2.139595297651086,0.23828753810003422,0.8471277901561908
Sichuan Province,703,gennorm,2.052109578101673,-0.020117404413784033,0.7970628867330755,2.6806405725452205,0.2832535643242595,0.8672557448857765
Sichuan Province,704,gennorm,2.378208649470559,-0.02377030029982135,0.8371936102811938,2.329700696199124,0.24785616888919376,0.8145547083733988
Sichuan Province,705,gennorm,2.2637596455585074,-0.051844123195706075,0.8465891246950841,2.101732898739882,0.21529456174198208,0.8237143355121902
Sichuan Province,706,gennorm,2.3494184920397263,-0.03837276417498271,0.825138191060486,2.6881347150027937,0.245870802186265,0.861152006402273
Sichuan Province,707,gennorm,2.794785726210252,-0.020757757809129425,0.8762628377013355,2.0398070641618027,0.216727841460173,0.7821130519853066
Sichuan Province,708,gennorm,2.568555221297692,-0.029141988376561453,0.8917105367372054,2.831807877818381,0.2611125079180425,0.8832575211812949
Sichuan Province,709,gennorm,2.4264432799359827,-0.043608115737221134,0.8469592665520103,2.5219807276806563,0.2315487353251207,0.8265173725215237
Sichuan Province,710,gennorm,2.3002178350451388,-0.008204951085494055,0.8501886611065248,2.291579336941437,0.22580288928540143,0.7873510410581419
Sichuan Province,711,gennorm,2.6113746560309803,-0.013718669467582488,0.8376506395090788,2.2427174353408086,0.27044632752176956,0.8179609556696001
Sichuan Province,712,gennorm,2.3654696088869365,-0.044137022267049034,0.9088317041273924,2.1837399519074703,0.24310134791602772,0.7690452532276147
Sichuan Province,713,gennorm,1.8922638483875196,-0.0507466457982724,0.7899940083072705,2.9455427680098376,0.2169832252345636,0.9306215444695651
Sichuan Province,714,gennorm,2.6579314786648824,-0.05625345670448527,0.9139931703947279,2.15769690126291,0.2296827522045896,0.7783596511804545
Sichuan Province,715,gennorm,2.1888360920962167,0.008333105196124561,0.7857031055903293,2.2658478357655762,0.21371847223278517,0.7730329084449182
Sichuan Province,716,gennorm,2.439686809959732,-0.017651811343315026,0.8518126146704895,2.5749719714377184,0.22481115914260671,0.8909847310806578
Sichuan Province,717,gennorm,2.074720446317672,-0.0376009433394965,0.8370179623905231,2.714989740594039,0.2454012167743062,0.8710532037210851
Sichuan Province,718,gennorm,2.0909458697234573,-0.05720239309588922,0.7932327537987234,2.3387261398408135,0.23297560265267872,0.8438043405129746
Sichuan Province,719,gennorm,2.2046006918305814,-0.015136265966363686,0.7995067953418232,2.091488976322486,0.2281022632370373,0.7857333018305945
Sichuan Province,720,gennorm,1.9767288754234955,0.0084631543072292,0.7996002265993436,2.580930737251556,0.20224547487662978,0.8854999341459711
Sichuan Province,721,gennorm,2.2006673880652126,-0.023472178653014132,0.8426816009325202,2.2322335009110517,0.198626801252721,0.8066836158512637
Sichuan Province,722,gennorm,2.221165211972366,-0.055615102165870824,0.8169932502960979,2.1598943959166785,0.2024668820035107,0.7936855263385143
Sichuan Province,723,gennorm,2.487778206313598,-0.02564334323196049,0.8764477954935226,2.706722233037943,0.22685356914947707,0.8804833253447548
Sichuan Province,724,gennorm,2.399430669841193,-0.03515319849180727,0.8437643492431706,2.7157784497552093,0.2430764455898571,0.8716879035567239
Sichuan Province,725,gennorm,2.0592308528686925,-0.08043285448875714,0.7536053145939945,2.131764574944464,0.2190370597292966,0.7735449942708477
Sichuan Province,726,gennorm,2.561088742233491,-0.04241201298817258,0.8742069806523307,2.203890696162079,0.23213014783448138,0.7869700884408731
Sichuan Province,727,gennorm,2.7113997997602035,-0.03961849054484859,0.9253907894355224,2.093214517657774,0.2660670611993817,0.7820821513566809
Sichuan Province,728,gennorm,2.9348857559120125,-0.02966206057964147,0.9327950947904056,2.293283435888278,0.26236155241418957,0.8034518438674885
Sichuan Province,729,gennorm,2.4793768096964386,-0.0252420889100259,0.8986836018543263,1.9496972303479416,0.24961309154243744,0.757781927821303
Sichuan Province,730,gennorm,2.283294477615805,-0.0538114917873095,0.8206945037360263,2.743727659989973,0.2558133556671369,0.873254259829585
Sichuan Province,731,gennorm,2.8475190649027065,0.01916847604267223,0.9714620520776962,2.330830206640348,0.25372521099757106,0.8451728038797091
Sichuan Province,732,gennorm,2.1570864014233164,0.013791328534468895,0.8230267302522778,2.0188386334586417,0.24312608322310691,0.7748319963936232
Sichuan Province,733,gennorm,2.1321463194578643,-0.037424299881858636,0.7791894967626233,2.4436626505013193,0.2288872571232068,0.8546229225960862
Sichuan Province,734,gennorm,2.353037611999744,-0.02275125334056049,0.8151777039183793,2.056026959597143,0.22992439444630275,0.7705448733419089
Sichuan Province,735,gennorm,2.376293322681827,-0.02787041621260393,0.8341134831491188,2.229060220064235,0.24157848931045273,0.8044820051866748
Sichuan Province,736,gennorm,2.8046233102817677,-0.03847887469122968,0.8931154195902449,2.253470215409689,0.192054208166997,0.8248777004138825
Sichuan Province,737,gennorm,2.335947536914912,-0.05300089619904995,0.8702187592792539,2.0026690256738933,0.20886271092608194,0.7595724926177462
Sichuan Province,738,gennorm,2.173670883905505,-0.024773994830636782,0.8145889674072437,2.1038990186707816,0.26003429046035775,0.8112295467794286
Sichuan Province,739,gennorm,2.021258898027185,-0.05293905057528202,0.817061698006764,2.26515031714702,0.20886414484755605,0.8020412835796542
Sichuan Province,740,gennorm,2.1392598600956383,-0.07484334494749745,0.8458784526727177,2.2869689726118523,0.2150675474774375,0.8062818804971037
Sichuan Province,741,gennorm,2.2307508203217354,-0.06759129221717886,0.8124946330045699,2.2740066373062278,0.23468438717201137,0.8200125926094223
Sichuan Province,742,gennorm,2.7432700380991983,-0.026085610755987206,0.8932003094569332,2.4420010156969036,0.21420103824063016,0.7998398894953949
Sichuan Province,743,gennorm,1.9681737891128952,-0.0363489814873081,0.8085066038965212,2.537686054262461,0.2534940608092292,0.8440670404325601
Sichuan Province,744,gennorm,2.217692159146452,-0.034126340945543475,0.8204305037161275,2.6731337487796836,0.2433800055628888,0.845304298626748
Sichuan Province,745,gennorm,2.3611996877781607,-0.046709757777687974,0.8148336090474815,2.044928763129457,0.2776530395793544,0.7971388198462144
Sichuan Province,746,gennorm,2.502497613039409,-0.08577910371030979,0.8623410934785479,1.8626081673911634,0.21676300672786042,0.7495941089446246
Sichuan Province,747,gennorm,2.3739150293328812,-0.03836352117784752,0.864963409047758,1.999834611874583,0.24192629652469155,0.7514502782789081
Sichuan Province,748,gennorm,2.546614916707166,-0.026256261010527568,0.866818817954047,2.1065478613029027,0.243158434790691,0.7883733468462544
Sichuan Province,749,gennorm,2.650164498126009,0.01169689612461169,0.8806388676521135,2.2979061116170056,0.24935000066825014,0.8129609728768623
Sichuan Province,750,gennorm,2.4590555329397676,-0.020911170342572193,0.9018828815739279,2.0882064408453833,0.2603685304796262,0.7700800226103015
Sichuan Province,751,gennorm,2.6154897525172753,-0.03926741521083073,0.9017871745478436,2.8608983235731973,0.19584910721614923,0.8372630566818988
Sichuan Province,752,gennorm,2.505790512254391,-0.04786566630534285,0.843020741508175,2.319192060809066,0.18270098774880567,0.8078460249241946
Sichuan Province,753,gennorm,2.4525752350860026,-0.004961773727311804,0.8928599778692914,2.281879977684641,0.27547083335579,0.7902670547598695
Sichuan Province,754,gennorm,2.2046925847538006,-0.039342487624710466,0.8365287287328093,2.456437309432239,0.2618219015375981,0.7882149736218889
Sichuan Province,755,gennorm,2.249539558240556,-0.05925407976155578,0.8651522454377225,2.438976953950455,0.20398631540138543,0.8125396722149267
Sichuan Province,756,gennorm,2.288478640011534,-0.06688764473786357,0.8240470977062133,2.8460533053350483,0.21997209321691663,0.9035014042854239
Sichuan Province,757,gennorm,2.2338742074710027,-0.04676129095087446,0.8094924403391057,2.3978614355294328,0.25292784590306416,0.8847658783525958
Sichuan Province,758,gennorm,2.5684183539164493,-0.01443157254441861,0.835500099085099,2.3950059542452755,0.18296053492402553,0.827403848727005
Sichuan Province,759,gennorm,2.251067253164366,-0.052992161099468686,0.830115931415703,2.2862578855344635,0.2661634990196011,0.7725955231966393
Sichuan Province,760,gennorm,2.2071044678730702,-0.008691824993409005,0.8288292887110171,2.098735866487663,0.26868073213055643,0.8140405393515535
Sichuan Province,761,gennorm,2.310071750387177,-0.04371409077285607,0.8183437070271585,2.4509800797674504,0.2619458697949838,0.8025496206254905
Sichuan Province,762,gennorm,2.6140916529116995,0.027978323456571322,0.8560637626631469,2.6529510189268404,0.2447154424923825,0.8119162668361231
Sichuan Province,763,gennorm,2.287980194858192,-0.05446443345415877,0.8552783526925871,2.1709794268169986,0.2542198015191668,0.7912648542298142
Sichuan Province,764,gennorm,2.1994799615468974,-0.05669893983802707,0.8359744264534514,2.3126401728513857,0.23820463144080595,0.8230698714403256
Sichuan Province,765,gennorm,2.533370864255401,-0.011617761540157739,0.8987441500466693,2.2874314516545495,0.27582458185635716,0.7876692643122999
Sichuan Province,766,gennorm,2.383170257072963,-0.011626633576198805,0.8736429041551639,2.617161077319788,0.19681348409867228,0.8420620270326283
Sichuan Province,767,gennorm,2.9513757050134157,-0.05147259703300098,0.8457754023694037,2.3693468374791724,0.20928616415593276,0.8472575611886868
Sichuan Province,768,gennorm,2.793371628128357,-0.045467407620693234,0.9092344180166416,2.6978665241355566,0.27987868351864176,0.8848061555021616
Sichuan Province,769,gennorm,2.2558339437127266,0.019816656292209318,0.8177657131832149,2.17851556033479,0.23102397183499904,0.8088675762435431
Sichuan Province,770,gennorm,2.695511101544457,-0.020279615917404875,0.9014804000656365,1.9934353932357012,0.23305225132229457,0.7842496687578973
Sichuan Province,771,gennorm,2.348384864611756,-0.04333612629111667,0.8699757069954657,2.0295016627433458,0.2435655244837509,0.7852693971206299
Sichuan Province,772,gennorm,2.5421262337682315,-0.021344881517944246,0.8864017326141272,2.1722107967862945,0.22071390666422103,0.7684188081309267
Sichuan Province,773,gennorm,2.0343595310935605,-0.02572930181656851,0.8054127902364672,1.9087167210624676,0.24332596065543916,0.7096974736054646
Sichuan Province,774,gennorm,2.1976041751129305,-0.05098017343929842,0.811097530889725,2.102099789564979,0.21649131672957794,0.7288827841868415
Sichuan Province,775,gennorm,2.2253369871240203,-0.039420978687142734,0.818203254673167,2.3682494637554177,0.21358575029123936,0.8493479254325278
Sichuan Province,776,gennorm,2.471804363120315,-0.04158329588919772,0.8422681967655086,2.4400444150037846,0.1939316617323641,0.8635509405790533
Sichuan Province,777,gennorm,2.423190792185319,-0.04898465350378406,0.8468292989560291,2.330589566482532,0.23084686597523213,0.8012582017217793
Sichuan Province,778,gennorm,2.385582297602955,-0.031789676331895673,0.8391411141560321,2.3914171433923617,0.22662660369708806,0.8435857395968289
Sichuan Province,779,gennorm,2.3529133313065715,-0.04012635127805627,0.8562797877955468,2.384527227309057,0.24422200695064497,0.8264581596530312
Sichuan Province,780,gennorm,2.6509126863677297,-0.04803423688213179,0.8674810999650431,2.0270776173666203,0.24341476190220054,0.7823537486628193
Sichuan Province,781,gennorm,2.189511829242919,-0.002576806504383803,0.8525238562691475,2.2368065163195476,0.2678588571780295,0.8197633633715918
Sichuan Province,782,gennorm,2.7116249851271306,-0.05207101203141308,0.855145324220624,2.46448559069027,0.2598147457241462,0.8735891641757405
Sichuan Province,783,gennorm,2.148275215324481,-0.02944062075691857,0.8026524233708121,2.270380692400898,0.23971126689207806,0.8271865279955406
Sichuan Province,784,gennorm,2.316647009576775,-0.021123756630704572,0.8361594854429217,3.010115393683483,0.23457229428858464,0.8561975712445928
Sichuan Province,785,gennorm,2.215565101924049,0.004804708461297782,0.8472734970782874,2.3734362534021507,0.2545368712940897,0.8786285093691162
Sichuan Province,786,gennorm,2.0399966580519058,-0.035983075686211216,0.82535516544355,2.214517885829996,0.26046515433040773,0.8180416369250127
Sichuan Province,787,gennorm,2.3765784307547664,-0.055573771446907644,0.863435374220046,2.6581840233970464,0.24210990772690993,0.8885477683842318
Sichuan Province,788,gennorm,2.677376121424663,-0.04706434362083461,0.9429531067537642,2.50279780125104,0.2842974032486505,0.776308415391413
Sichuan Province,789,gennorm,2.313054601864999,-0.034652610489264934,0.8460124983581427,2.2686005180798974,0.2657049854871456,0.8234109412954057
Sichuan Province,790,gennorm,2.2171442375722297,-0.047101793018788016,0.8615241559684641,2.3187394809398705,0.18614039105393543,0.7912407757120907
Sichuan Province,791,gennorm,2.5224637258641422,-0.05227042006203294,0.9047617501974901,2.7789931133602233,0.24448985300885354,0.8316341040625617
Sichuan Province,792,gennorm,2.2399556345551757,-0.06542428053674268,0.861093540069162,2.3750546567989144,0.2191718588796852,0.830417973696581
Sichuan Province,793,gennorm,2.025849172058905,-0.04562335414783887,0.8194965879184164,2.939371148523028,0.25547914144731876,0.8522321549268854
Sichuan Province,794,gennorm,2.027773490944611,-0.004609986368683651,0.8142523487353053,1.8833838941793553,0.2453822801429565,0.7579693302929247
Sichuan Province,795,gennorm,2.572969457810855,-0.005810027812796846,0.8773438905699802,2.118591723136107,0.21259868011331184,0.7526737176121956
Sichuan Province,796,gennorm,2.2693609228105105,0.017882409148103306,0.8444538165529911,1.966606120887755,0.25434315967525123,0.7847904695792147
Sichuan Province,797,gennorm,2.497582193674382,-0.008015981681026407,0.8741101800834907,2.2082863151952075,0.26647695178033465,0.7972447534019499
Sichuan Province,798,gennorm,2.176361341785256,-0.030692601509686578,0.8505029371296071,2.218616776587402,0.24035800472110747,0.789082044095669
Sichuan Province,799,gennorm,2.1325627855735636,-0.03286204826009555,0.808473851532052,1.955925401588372,0.2440739543047481,0.7465167803164117
Sichuan Province,800,gennorm,2.2207780794535705,0.015779484786318496,0.8382506762117359,2.431447106718675,0.2631491269336263,0.8168700600137571
Sichuan Province,801,gennorm,2.619007272488619,-0.00776425041063695,0.8762921699101867,2.1651625326511237,0.20728112333947812,0.7999336913508046
Sichuan Province,802,gennorm,2.320256821817738,-0.020042241642210176,0.8389385257506884,2.2982682056283306,0.21307349824588512,0.840319167326637
Sichuan Province,803,gennorm,2.4521721795472073,-0.05651155467900709,0.8772307414219368,2.1339998252353154,0.2243843322907484,0.8179295833154181
Sichuan Province,804,gennorm,2.365302757869565,-0.050534040303249456,0.8600517487822807,1.9607308430813433,0.2610408225217742,0.7610483173214928
Sichuan Province,805,gennorm,2.6221959611536256,-0.04714947963834877,0.8602932869204942,1.731740810027921,0.21722101186475212,0.7125623595513694
Sichuan Province,806,gennorm,2.806488207193368,0.0003563501171698793,0.94181563047626,1.8237212203996642,0.2184487533646438,0.7430671152343564
Sichuan Province,807,gennorm,2.27075399247798,-0.03601754911706881,0.8954935414148486,1.7385190758783162,0.26179046503491565,0.6734439714916107
Sichuan Province,808,gennorm,2.279026656647834,-0.04270891250125831,0.8110962034341829,2.1528665113516485,0.21835051712148146,0.8249854237369171
Sichuan Province,809,gennorm,2.5886649574770675,-0.032542166523692725,0.9096772095311909,2.043849828472073,0.22533055370392197,0.7807985505724901
Sichuan Province,810,gennorm,2.191744778616279,-0.026387749357123087,0.8399530409148368,2.199566399065125,0.2407435016498627,0.8328492477286885
Sichuan Province,811,gennorm,2.5642913772631033,-0.01053714666724474,0.827136635406091,2.615862540480152,0.21969184539142655,0.8237261835988219
Sichuan Province,812,gennorm,1.9371868931372438,-0.047298727705687396,0.7956735005428952,2.6026764472465684,0.21315505563032106,0.8395858325077089
Sichuan Province,813,gennorm,2.2602862327325246,-0.057002863737919726,0.8047789859566805,2.1059242006049557,0.2496761386576289,0.7924224735472379
Sichuan Province,814,gennorm,2.125783861582161,-0.03447057143251686,0.8338030485372538,2.7383040058107566,0.23086511240682595,0.8520209674650234
Sichuan Province,815,gennorm,2.2983195220817523,-0.045054212393391795,0.8491283571160217,2.366991365258648,0.22240576101216103,0.8127382316670155
Sichuan Province,816,gennorm,2.3370302863070638,-0.017190286468980194,0.8438158880284574,2.6227136533530198,0.2760632506031481,0.811125067529703
Sichuan Province,817,gennorm,1.8786004307537019,-0.02365473243040658,0.7178836989485471,2.2216358188405634,0.20540952801034715,0.7958575422348637
Sichuan Province,818,gennorm,2.211830537886992,0.015457757596456567,0.8636190144763103,1.9703054178403256,0.229257763900242,0.7314702420979232
Sichuan Province,819,gennorm,1.9690573194728924,-0.046116182747653375,0.7660559172246003,1.9897774331917493,0.18983256330209566,0.7678591648713395
Sichuan Province,820,gennorm,2.316070053200767,0.014736326412521168,0.8277033509863669,2.0876274688865335,0.20421963221595235,0.7544492101618765
Sichuan Province,821,gennorm,2.340317988412891,-0.023521684753469163,0.8810630970754856,2.1540146685089496,0.2411057467975513,0.7777631787464454
Sichuan Province,822,gennorm,3.001321505184486,-0.02209585787816786,0.9723630035104615,1.8957555473450474,0.1913674391260486,0.7463604025056019
Sichuan Province,823,gennorm,2.3105599516121496,-0.008530850368920477,0.850025662489851,2.2276831532851897,0.21672917714990314,0.7837238237559321
Sichuan Province,824,gennorm,2.090965212935938,0.016054003308403078,0.814669320070627,2.289628263924244,0.2385361321395918,0.8639438270374907
Sichuan Province,825,gennorm,2.2722541951032587,-0.03663129946150946,0.8589894743528399,2.0280557858713957,0.24590467459891918,0.8018976015986654
Sichuan Province,826,gennorm,2.141066368063753,-0.014558581070664857,0.7950138704160563,2.2746587856133456,0.27461755093526397,0.8325605195646333
Sichuan Province,827,gennorm,2.682576339102451,-0.006392426054690887,0.848445532983999,2.5353795372287093,0.2275061962510918,0.8489451591903403
Sichuan Province,828,gennorm,2.0275684884037415,-0.05475577427186423,0.8234637671518965,2.132705224773976,0.25178973963220996,0.7816041471852772
Sichuan Province,829,gennorm,2.3029616677043006,-0.05470366428692281,0.8124278494199035,2.9668933211585804,0.2711372808069792,0.872144067426343
Sichuan Province,830,gennorm,2.233780811112262,-0.04816472261700855,0.804163871240616,2.0383355842463224,0.24663854813665864,0.7467372906914223
Sichuan Province,831,gennorm,2.155841398629316,-0.05169238308477676,0.8316567240751478,2.5758776462452424,0.23038998467211944,0.8832375110292761
Sichuan Province,832,gennorm,2.2593905109368917,-0.031596059606278794,0.8290603830881752,2.283641049998372,0.2142529400168909,0.8133932321874081
Sichuan Province,833,gennorm,1.9581322156535395,-0.01824368611671529,0.754712229804245,2.1290921783771886,0.2182176631339733,0.7917367417763375
Sichuan Province,834,gennorm,2.2829942143533355,-0.04230145636315022,0.8098839831741902,2.3978501266051113,0.22433139479584893,0.8243730064178151
Sichuan Province,835,gennorm,2.4742174451759817,-0.030620270561812463,0.8701240970183992,2.0152392625625977,0.24218987987840046,0.7092083137256033
Sichuan Province,836,gennorm,2.555550346385826,-0.04514105083505373,0.8701534705064782,2.306558462632249,0.27301036343689833,0.8320879285884557
Sichuan Province,837,gennorm,2.6046538173886598,0.005975384925408616,0.9046118269155977,2.3871597263442075,0.20510002761745116,0.8378549677888524
Sichuan Province,838,gennorm,2.9252927098238657,-0.022803524512506043,0.8962455783970796,2.0073770129068396,0.2207947482633834,0.7573697923036319
Sichuan Province,839,gennorm,2.3837804228836257,-0.06517272089113943,0.8787553061544275,2.080807369206365,0.23704302561729457,0.7680866973666371
Sichuan Province,840,gennorm,2.0163415488400354,-0.013875103525657375,0.7606906741013864,3.5890531996853854,0.17558692329742834,0.921048386332642
Sichuan Province,841,gennorm,2.0847714058788998,-0.018956672660264032,0.8170658520857736,2.3157320509655284,0.28073281402314487,0.809119023731939
Sichuan Province,842,gennorm,2.611244839030449,-0.042981359742018055,0.8757412440080501,2.0704404374121155,0.20495437286001947,0.7944176359032642
Sichuan Province,843,gennorm,2.1293607988813994,-0.012627868502255063,0.8237961413709834,3.0619893021287328,0.25992811784701153,0.8652636945920631
Sichuan Province,844,gennorm,2.3560011341183844,0.0005020865346115256,0.8275520378789603,1.7338450776859946,0.25249947896978714,0.6660611176732268
Sichuan Province,845,gennorm,2.4379089390902324,-0.008981661535860028,0.8683940179703626,2.0038368515356195,0.2237126545069566,0.7497319013928772
Sichuan Province,846,gennorm,2.0938758935104316,-0.0059188518091901985,0.7747263387426533,2.4100193641584635,0.2746739962216872,0.8238608235111942
Sichuan Province,847,gennorm,2.417421610414401,0.0347290010354076,0.8373604960229446,2.097020359281358,0.23710156086688308,0.749746319446035
Sichuan Province,848,gennorm,2.234862845779589,-0.018883398404376528,0.8454870715894451,2.4651017437519824,0.24468568591414197,0.8817153809781685
Sichuan Province,849,gennorm,2.104163672323491,-0.03729091062513953,0.7969585209928332,2.675132988069371,0.24458768524835084,0.851077323003406
Sichuan Province,850,gennorm,2.0167298361048775,-0.03340268702085114,0.7418434522322337,1.980133367904616,0.23716154451387128,0.7576486812155233
Sichuan Province,851,gennorm,2.6429853984751315,-0.020291578825902774,0.9046039421595229,2.308512745363841,0.22192639068219155,0.8530410158089987
Sichuan Province,852,gennorm,2.3362175848624456,-0.038419842816636005,0.9081397805980145,2.7452988499355815,0.2394017009772798,0.8746716236949978
Sichuan Province,853,gennorm,2.6282923266474763,-0.010097231190145243,0.8776316153780086,2.5027750984499164,0.224195121910842,0.9005719573564874
Sichuan Province,854,gennorm,2.2716463000022253,-0.051518557265903556,0.8321642691746627,2.5180532962608977,0.24127268093078025,0.8265329083556985
Sichuan Province,855,gennorm,2.226667110392346,-0.06728215593386394,0.85758214304214,2.5190572415906844,0.20638658419989417,0.8180188794095822
Sichuan Province,856,gennorm,2.667449572715605,0.002751828805683194,0.9039667341953113,2.3828893523000447,0.20831501412691716,0.8167476303437311
Sichuan Province,857,gennorm,2.7129669268498047,-0.02174008023858124,0.8980037221336029,2.189882589741637,0.2831311439257215,0.7930967940297848
Sichuan Province,858,gennorm,3.064101499977797,0.008414440301761649,0.9609646099157971,2.707068920855895,0.20763226513192293,0.8775139978112185
Sichuan Province,859,gennorm,2.6279795935303074,-0.04496089160093575,0.8482761251215254,1.9008591260217211,0.2423132473257122,0.7902920366155032
Sichuan Province,860,gennorm,2.6487586685230347,-0.01982486175223245,0.8683624175971827,2.3646286903408287,0.22037084789074024,0.7926761850341224
Sichuan Province,861,gennorm,2.145071141344911,-0.0232815075384227,0.8028001821304311,2.3091500707221773,0.20626626148038865,0.8159521085265002
Sichuan Province,862,gennorm,2.025328081807615,-0.04457555837544958,0.7595169647018934,2.1136850495099253,0.23907400335170165,0.8050472751645619
Sichuan Province,863,gennorm,2.231359460746726,-0.025202885609220453,0.8078920028742433,2.2702009112924175,0.25437786169908716,0.7624223604581196
Sichuan Province,864,gennorm,2.5338927224673915,-0.07415637798796512,0.8730387718639155,2.120065897583613,0.2517435460529215,0.7751187157175464
Sichuan Province,865,gennorm,2.296886426179405,-0.04603144930665083,0.8175756272948517,2.577705305792981,0.21210518814204887,0.8683410341679068
Sichuan Province,866,gennorm,2.5530596701651422,-0.011670367880130974,0.8665133088793575,2.2775281695038014,0.262140801481436,0.7934261298183289
Sichuan Province,867,gennorm,2.601050557275684,-0.03721216284450615,0.9042929474385695,2.303422890555312,0.2351016468584733,0.8079542068843026
Sichuan Province,868,gennorm,2.1709778121702294,-0.05225369073341497,0.7868995122259996,1.9956572583758314,0.22179440315472554,0.7719500096750975
Sichuan Province,869,gennorm,2.6750988423076354,-0.016513258154627793,0.9120677182328318,2.513070214783779,0.22073580004642662,0.8764322707546774
Sichuan Province,870,gennorm,1.9119426762285339,-0.03352079959325775,0.7452801091195383,2.188736175130722,0.20574278033584695,0.8329565881707999
Sichuan Province,871,gennorm,1.9660518747001272,-0.09964002436566263,0.7658747044396106,2.34473332047296,0.27159438585414697,0.8078032535681345
Sichuan Province,872,gennorm,2.138597151382447,-0.0888126099662136,0.8448739971990642,2.0404617353571277,0.26929618676312234,0.7321290435393288
Sichuan Province,873,gennorm,2.0070754075955337,-0.06017037196772078,0.7803212631455287,3.1391684899129357,0.21734659281062285,0.8994510365568
Sichuan Province,874,gennorm,2.719540306627059,-0.04813640552662339,0.8774536024426877,2.5041786125597447,0.23300910316589726,0.8069087803873605
Sichuan Province,875,gennorm,2.290684327951168,-0.02684175207324689,0.8528357336705176,2.0333255549161775,0.20508404255289103,0.7752277694867771
Sichuan Province,876,gennorm,2.651057078637443,-0.028415390458985154,0.839085316273529,2.529881753086683,0.20748941688755632,0.847960232135564
Sichuan Province,877,gennorm,2.087971378550929,-0.0446833418128567,0.8342998822405956,2.9049591173166673,0.18184062799772743,0.8814821956886851
Sichuan Province,878,gennorm,2.2099337048247407,-0.0055729604834715025,0.7993974922796738,2.08016820646423,0.21617819184033799,0.7764981608341979
Sichuan Province,879,gennorm,2.181454410176472,0.020464413445588796,0.8173743999283212,2.443446726422267,0.22186233086465745,0.852037879030613
Sichuan Province,880,gennorm,2.370794459064868,-0.016901053796694432,0.8747560722405787,2.364612575877344,0.23997986002860497,0.8076960470344632
Sichuan Province,881,gennorm,2.742736714457087,-0.0211687642800863,0.8993716524179767,1.98317279566728,0.21897196655762832,0.7487359146583543
Sichuan Province,882,gennorm,2.208082934982869,-0.03901984215430178,0.843417147065979,1.854274150004549,0.23553434016758146,0.7331323112893198
Sichuan Province,883,gennorm,2.276692583750971,-0.06499387291318018,0.8249106226199556,2.5481431429005426,0.24204326530658898,0.879422040343709
Sichuan Province,884,gennorm,2.9502693049655395,-0.042695654470256486,0.9086414445410587,1.8604626993927145,0.20470509475260673,0.7149530536415731
Sichuan Province,885,gennorm,2.294324758996873,-0.04793285198910896,0.8488625512233918,2.3211856074415342,0.22639762783918221,0.8022464367040089
Sichuan Province,886,gennorm,2.245722398110013,0.021275977443161252,0.8525904597997944,2.268032505109543,0.24399192796296676,0.8499413623360164
Sichuan Province,887,gennorm,2.457329294208759,-0.06118921449884072,0.8140200320282058,2.2771574137580384,0.24566794095913236,0.8283147974025691
Sichuan Province,888,gennorm,2.3653315363084,0.006067988986172742,0.865758259629675,2.4712162977113685,0.24634155625329365,0.827014825092106
Sichuan Province,889,gennorm,1.976604704631194,-0.024712476035633764,0.8131063699588086,2.120963387008339,0.18211085779927078,0.7746661084915403
Sichuan Province,890,gennorm,2.2374169631086134,-0.04444999097460793,0.8396047789548567,1.992441141434988,0.1724057801456908,0.7732234376502041
Sichuan Province,891,gennorm,2.413097578104875,-0.04109383102637941,0.8706084362229944,2.1741522394489308,0.2577794878598667,0.8052890486492537
Sichuan Province,892,gennorm,2.245885167607537,-0.007280008954803837,0.8021348483408097,2.446261501408239,0.20612614393670198,0.8426094767835024
Sichuan Province,893,gennorm,2.4101610880356694,-0.019564148454559758,0.8347746491138992,2.3913765704811074,0.23243458989997023,0.8019430774752794
Sichuan Province,894,gennorm,2.784982526113776,-0.01666610052872447,0.89871840246399,2.2902741439309384,0.2322611223788123,0.8402994775308033
Sichuan Province,895,gennorm,2.6473719278477077,-0.04960099484621697,0.9236482580363694,2.2807353617511885,0.24521922259704979,0.792122605000287
Sichuan Province,896,gennorm,2.24275636308645,0.0025965383159214615,0.8637833345774761,2.356068940415372,0.24479413973668385,0.8507954278685896
Sichuan Province,897,gennorm,2.2571530289902766,-0.045482359466086794,0.8314628723969896,2.333100298343984,0.24080091839253062,0.8638586614359114
Sichuan Province,898,gennorm,3.0087809964795946,-0.014530611288374254,0.9010120305357152,1.917988270704919,0.24358376644249027,0.7136283565624193
Sichuan Province,899,gennorm,2.38191222987942,-0.010976340679835994,0.8237845185694437,2.392848013312449,0.23617707339306787,0.85392639826673
Sichuan Province,900,gennorm,2.318293306189671,-0.00696193421863678,0.8361672172406056,1.9584291228891555,0.24725489744223955,0.7417896292786698
Sichuan Province,901,gennorm,2.3539265476858056,-0.04461154605753073,0.8473443190003818,2.2751036312020325,0.24129367548821237,0.7894291557041067
Sichuan Province,902,gennorm,2.4241031466711944,0.008978232789161645,0.8722852067422967,2.266244086794667,0.2613546799116664,0.8126397365352908
Sichuan Province,903,gennorm,2.523572178703014,-0.012641486809566851,0.8581018063690731,2.1645070915371,0.24844518535736637,0.818430441472094
Sichuan Province,904,gennorm,2.265550002720235,-0.019896070657165872,0.8531802144077634,2.8329066590628003,0.2678700385788007,0.858970780904489
Sichuan Province,905,gennorm,2.6856190667498616,-0.092697422166515,0.8640873586292439,2.091123712616082,0.20726151851102836,0.8018016770838106
Sichuan Province,906,gennorm,2.2774671856775033,-0.05572928927098793,0.7989682710832309,2.109600065540038,0.23485204510886654,0.7926655777092484
Sichuan Province,907,gennorm,2.107313269418123,-0.027863379410059466,0.7901585325406788,2.2514773552213514,0.23837497439825606,0.8018864843810799
Sichuan Province,908,gennorm,2.141111789233409,-0.01641108981767085,0.8383851647577252,2.3121351695851864,0.21944517368030883,0.8466573434303244
Sichuan Province,909,gennorm,2.2280682138032892,-0.019556660956788104,0.8072930321170868,2.454568349716037,0.2545877565148722,0.858094802708494
Sichuan Province,910,gennorm,2.2436628533256826,-0.02775236085150853,0.8605094767148351,2.5647385469073396,0.2293892091326203,0.786463679431229
Sichuan Province,911,gennorm,2.060139415411114,-0.010080864037826782,0.7744567668282606,2.048643472336704,0.26086103057859833,0.790900425009091
Sichuan Province,912,gennorm,2.255768738932939,-0.008156451737917313,0.8419150732142864,2.2063192667981535,0.23280228263286112,0.8388653347692481
Sichuan Province,913,gennorm,2.4603901668629016,-0.02562567569083199,0.8510223490773648,2.3185686697941166,0.19621155561871267,0.8119922000978027
Sichuan Province,914,gennorm,2.834062633548873,-0.01167055202125167,0.9029902390140268,2.308160900737052,0.22437568760120075,0.8062265114822522
Sichuan Province,915,gennorm,2.276249894197553,-0.03153352285416644,0.8573035091331798,2.3036925543318807,0.2571036352999812,0.7955540385391748
Sichuan Province,916,gennorm,2.3494168030769194,-0.0059717714646092684,0.840224810358122,2.779246551666066,0.2698241320456691,0.8591424368352223
Sichuan Province,917,gennorm,2.0412277553583955,-0.040677241344168724,0.771021294382823,2.061468280286415,0.23319841441171038,0.7785639232288972
Sichuan Province,918,gennorm,2.180754827663849,-0.0038466213386379776,0.7715090359905156,1.9514054129931204,0.23492316042351163,0.7829745037378917
Sichuan Province,919,gennorm,1.963605386899627,-0.07370536287359244,0.7913843492046155,2.0148541290413147,0.24580794177892445,0.7695378618855118
Sichuan Province,920,gennorm,2.7088099462337034,-0.023249429686767433,0.9270747516187394,2.227600807867069,0.2841094786995112,0.7875017077887849
Sichuan Province,921,gennorm,2.144250509438044,-0.010210912266636861,0.7940951481929661,2.591030587947432,0.2532500978577418,0.8920448333473179
Sichuan Province,922,gennorm,2.6011294752398557,0.011173656927003953,0.8203181059931051,2.191789762552242,0.23472456935800745,0.7871729122006478
Sichuan Province,923,gennorm,2.1277419211590143,-0.038291124492407694,0.7951135715736276,2.277161019816317,0.2505830825099954,0.8261701861573942
Sichuan Province,924,gennorm,2.553715360628047,-0.024800288028484198,0.8973710519162885,2.1878800056195127,0.2089652985193149,0.8020784193891974
Sichuan Province,925,gennorm,2.241940601585534,-0.0549083534178106,0.8168341260279945,2.446109368441703,0.22472152621087949,0.8644955868080859
Sichuan Province,926,gennorm,2.292985622444767,-0.029946406611993947,0.805506356559065,2.229311390877484,0.24515662676878297,0.8082016281915727
Sichuan Province,927,gennorm,2.4089692958040665,-0.018605426219214485,0.8140739838851794,2.416753958766202,0.2803324234782727,0.8486265884857376
Sichuan Province,928,gennorm,2.225920097355935,-0.01820956195561322,0.8529489449354704,2.0985681994464764,0.2049126209924193,0.7934425784599062
Sichuan Province,929,gennorm,2.6495627230088457,0.00011860295999451811,0.8673554859216557,2.443420275019381,0.22545089856596187,0.8169282799344888
Sichuan Province,930,gennorm,2.238676956497949,-0.05019989119607533,0.8106199297270347,2.1417676788397975,0.26114947645544273,0.7986832484308569
Sichuan Province,931,gennorm,2.08172443221544,-0.04496671711364124,0.7983144438494405,2.4532228189314873,0.1900497493400169,0.8582284292716678
Sichuan Province,932,gennorm,1.9072373343342996,-0.03418042551857098,0.726435927311657,2.3348954117211185,0.24316360263926476,0.8384470197396678
Sichuan Province,933,gennorm,1.9265757106160977,-0.005125916130488802,0.747558235393512,2.4719609760663634,0.22840007633041925,0.8250659287373397
Sichuan Province,934,gennorm,2.5255148812740584,-0.04835572565157885,0.8750525160753386,2.296999144967045,0.22094196890714807,0.7930510912294879
Sichuan Province,935,gennorm,2.1971367751087563,-0.031601280233148454,0.801290235348193,2.4765343439871064,0.22828899171132017,0.8471235616632148
Sichuan Province,936,gennorm,2.5694907780181486,-0.04620063629504588,0.8641315635193559,2.065898750170758,0.2175499186502698,0.7874141752010704
Sichuan Province,937,gennorm,3.0480121589808817,-0.07759087662074125,0.9397736361300688,2.426150219688284,0.24504654561927303,0.8360468110623156
Sichuan Province,938,gennorm,2.0241202471238244,-0.02421142621374417,0.7558527753266009,2.2027421634866755,0.22827100370140474,0.8401008635953737
Sichuan Province,939,gennorm,2.205607288696144,-0.042001061784429417,0.8719611420139862,1.9345568552689927,0.25841348312020596,0.729306705486775
Sichuan Province,940,gennorm,3.118823334295837,-0.05146307879197769,0.8970947618109748,2.335243165185451,0.23875119087850694,0.8156865942167317
Sichuan Province,941,gennorm,2.157403066489578,-0.04523887530317107,0.7942548131301722,2.2541477291272765,0.23178562476924258,0.8484522270175718
Sichuan Province,942,gennorm,2.599300760972233,-0.0495507144881375,0.8461002454033402,2.4720549954642,0.219448630834126,0.8178162214911614
Sichuan Province,943,gennorm,2.3863875211186296,0.021848146685595825,0.851852785913241,2.3191698918119927,0.25126316553968064,0.8113518966314557
Sichuan Province,944,gennorm,2.0705431717394864,-0.05192722363044135,0.8028091820675356,2.058111731823984,0.22483449106690634,0.7704582926260237
Sichuan Province,945,gennorm,1.9184969598208328,-0.06913253358458216,0.7980489246816562,2.29405437501081,0.18218849097736847,0.7869334248463511
Sichuan Province,946,gennorm,2.457877716237122,-0.024427050692127743,0.8473385599664496,2.427654151205229,0.24144423047833302,0.8823955064653486
Sichuan Province,947,gennorm,2.8367545276107737,-0.05636431576488343,0.9248930013502988,2.0359642605736843,0.1997431322085249,0.7220400880027678
Sichuan Province,948,gennorm,2.3031535574213775,-0.07548182560426983,0.8462857771525034,2.4983085959411877,0.2182345989544955,0.8562438298992476
Sichuan Province,949,gennorm,2.0240224409672907,-0.014760981996498621,0.7983518413249497,2.1919509693851422,0.23626096680978215,0.8117460690825573
Sichuan Province,950,gennorm,2.271027719638469,-0.030081813079623702,0.8575156556351917,2.0656352556287985,0.251616854281766,0.7941500924281908
Sichuan Province,951,gennorm,2.426810768225286,-0.03500261042268695,0.8011860843793834,2.435986465448552,0.2072580047643247,0.8364000369086926
Sichuan Province,952,gennorm,2.048421726259191,-0.0028689168652564316,0.7913584190401843,2.1774070541642754,0.2427738515472819,0.8008339633761816
Sichuan Province,953,gennorm,2.601140315101557,-0.018258255931883998,0.8908035711302185,1.9965833043966104,0.23712725662919437,0.7766914481728037
Sichuan Province,954,gennorm,2.245017684330854,-0.04504490213708532,0.8417372263355222,2.4526769787499036,0.2527524701312702,0.8343532364274667
Sichuan Province,955,gennorm,2.7010328183243324,-0.03407806416506992,0.8904671867532863,2.1136067374415317,0.23209137774633068,0.7716483505385506
Sichuan Province,956,gennorm,2.5656132409844847,-0.031166459903912244,0.8928256773893735,2.1180132181463973,0.2821926583993857,0.7799428256604262
Sichuan Province,957,gennorm,2.4525367583455937,-0.046120503887174966,0.8764108621845221,2.763177868932587,0.2085162365840998,0.8674911428709979
Sichuan Province,958,gennorm,2.992311150734868,-0.035715438985171766,0.9293276061921527,1.8669083503020536,0.24269881974810778,0.7067567951103662
Sichuan Province,959,gennorm,2.3274471872400753,-0.09065948931312053,0.8473311618615649,2.4611922380991977,0.24678680517410914,0.8223402356306917
Sichuan Province,960,gennorm,1.9501652824538873,-0.051656873627639405,0.7759336318518391,2.794241930102334,0.26615291043164085,0.8807069910721752
Sichuan Province,961,gennorm,2.2152798990842584,-0.006384606308664128,0.8312519945055612,2.221302571694138,0.20122441016434656,0.8307851529079889
Sichuan Province,962,gennorm,2.468407315695285,-0.03334039682420451,0.8631585108845932,2.3807801388907768,0.21747161122881226,0.8314982387076371
Sichuan Province,963,gennorm,2.436497931668753,-0.03218321899501961,0.8499663843317877,1.9302335291911294,0.27958020154226737,0.7262773987564748
Sichuan Province,964,gennorm,2.3573706442810973,-0.010316318557816848,0.9108963999562745,2.079221004733499,0.19327520863933068,0.772835071367638
Sichuan Province,965,gennorm,2.2496586904150675,-0.01724325049256582,0.8109725283545609,2.548948715555679,0.2279709210647501,0.8572659101198227
Sichuan Province,966,gennorm,2.4592481606470527,-0.012503134150500063,0.8187602442721407,2.1493453455326303,0.29232009311931173,0.8152164241758755
Sichuan Province,967,gennorm,3.4817040656119342,-0.024652428563509594,0.9647909562417385,2.4895300480178024,0.22705696296441574,0.8331122535716982
Sichuan Province,968,gennorm,2.685000506493788,0.0325517159319758,0.9083503205930578,2.052279913487312,0.23351255492499298,0.7269277976283053
Sichuan Province,969,gennorm,1.8293919239448715,-0.056840590784835734,0.7563841969396483,2.214179103067944,0.22503507656174004,0.8333788709874215
Sichuan Province,970,gennorm,2.0153530781044093,-0.022728119938937065,0.8211101245557706,1.954104848348503,0.20441724093316427,0.7439228342188606
Sichuan Province,971,gennorm,2.476437251861136,0.005700449674464232,0.8469926643279645,2.423017928180186,0.2359685831732772,0.8319713687473159
Sichuan Province,972,gennorm,2.2529110215952635,-0.058426198354723805,0.8609526129900331,2.1298626597904184,0.24485686736865042,0.7708396651972351
Sichuan Province,973,gennorm,1.9070909916875964,-0.051471549531462574,0.7310845630160655,2.0237425005797443,0.229937068746572,0.8129881525194689
Sichuan Province,974,gennorm,2.008033583834261,-0.023803521504469485,0.8026843765227343,2.304444902257105,0.24105859491541348,0.8197196565631273
Sichuan Province,975,gennorm,2.375767176616154,-0.0007195723339430556,0.8462448246145653,1.922784495750526,0.24669507038160532,0.7522129033946497
Sichuan Province,976,gennorm,2.6844745843221194,-0.042853301828842685,0.9523989930785084,2.1275624705750618,0.25804490019591136,0.8324676129331766
Sichuan Province,977,gennorm,2.1979272830293075,-0.00897263533301772,0.8196887031615616,2.2213471772154216,0.21340996369402887,0.8156417371514433
Sichuan Province,978,gennorm,2.789497638124501,-0.012590746926008284,0.8926037434283344,2.05269142046313,0.23917602916013098,0.7829654741595649
Sichuan Province,979,gennorm,2.104166344798699,0.01819245133588799,0.8045784955828443,2.4571751513825584,0.20883991140623853,0.8276503827362032
Sichuan Province,980,gennorm,2.3398380109897925,0.006675436214908757,0.8244427867816636,2.3751810875646626,0.23401522693678545,0.835917965934077
Sichuan Province,981,gennorm,2.57960899542314,-0.06649952103864568,0.8426738310706172,2.2419254094174685,0.18893827282118125,0.8018259840668902
Sichuan Province,982,gennorm,2.6315803472279837,-0.045247621983620936,0.9012012192716735,2.4619824283621186,0.22236968950482128,0.8446390413889862
Sichuan Province,983,gennorm,2.3809894677698713,0.004437028363137361,0.8509488694662533,2.4303692312210767,0.23770474937410613,0.8456109502949183
Sichuan Province,984,gennorm,2.0640666720511076,-0.018058336220129846,0.7894155453731544,2.042991955570201,0.19693400966331304,0.754858008225489
Sichuan Province,985,gennorm,2.628120980331593,-0.024172695820927972,0.9109327115582806,2.6577127319093696,0.20530330401650146,0.8683660974575921
Sichuan Province,986,gennorm,2.408081192751734,-0.007425484796279404,0.8640509943201431,2.192547581564112,0.23187901335504935,0.7868111428377086
Sichuan Province,987,gennorm,2.5586712585963367,-0.03601684090491933,0.923839373370665,2.3892973718604535,0.21154986249658553,0.8923493689441739
Sichuan Province,988,gennorm,1.9242726286405618,-0.05557402185893197,0.76186565629115,2.259445449255516,0.19774920495032508,0.8479800316917656
Sichuan Province,989,gennorm,2.1993942533053907,-0.06912214255286261,0.8257199670307551,2.369849658109164,0.2255138313912065,0.7895904214326981
Sichuan Province,990,gennorm,2.181058889329504,-0.0077327829362109635,0.7909729339450156,2.7108447892697383,0.19499641229625814,0.8868076377476375
Sichuan Province,991,gennorm,2.1751162872218472,-0.050208329152656675,0.8169236121695198,2.0706372317838033,0.23689557241982728,0.798733824646322
Sichuan Province,992,gennorm,3.0450508709948814,-0.013522408383351957,0.9148321420167942,2.3378683947668275,0.281365874079178,0.8213109237448477
Sichuan Province,993,gennorm,2.0644437242150033,-0.041297489445866115,0.8370916975351981,2.286273908126053,0.24084884596984174,0.8146950209628168
Sichuan Province,994,gennorm,1.812435199927846,-0.05385166467510456,0.7280254933123016,2.317978945970733,0.26629296635977195,0.8067816494914021
Sichuan Province,995,gennorm,2.1994847713517127,-0.06018290880374816,0.8154435074227806,2.137315102593777,0.19747893053863413,0.7684682888066345
Sichuan Province,996,gennorm,1.8880585019530176,-0.03412710319816738,0.7422337604046819,2.226324942632954,0.2202729955423062,0.8373338579985856
Sichuan Province,997,gennorm,2.2667396675805476,-0.040291050323035454,0.8399334596123043,2.5921168694762877,0.25323377644087286,0.909420478762814
Sichuan Province,998,gennorm,2.5270307698135808,-0.04348183419513078,0.8811709294756676,2.135752303648914,0.28627488659129463,0.7657352819627876
Sichuan Province,999,gennorm,1.9341139387110067,-0.03349570862132203,0.8247593175581325,2.0121020035678914,0.24367901353347557,0.7331228316635776
Chongqing Municipality,0,gennorm,2.1681257775783624,-0.08509684411324339,0.8388000196979014,1.8630810366520545,0.04052675745093637,0.8108462502307692
Chongqing Municipality,1,gennorm,1.6941358261736128,-0.13758208778205094,0.7509168966808112,2.004508314886328,-0.032513773191321774,0.8260071727117264
Chongqing Municipality,2,gennorm,1.7341900216635575,-0.06655168031500816,0.7815288811786645,1.9298372917941728,-0.0006422899391554347,0.8329448772514321
Chongqing Municipality,3,gennorm,2.136834845319579,-0.10714965970673626,0.8643415284895173,2.2117668064327,0.010710550190742105,0.8467276936529342
Chongqing Municipality,4,gennorm,1.696054403331103,-0.11950226697495966,0.7623481919634464,2.1698337385260436,-0.011123667407141356,0.85876479160672
Chongqing Municipality,5,gennorm,2.340485471848065,-0.1461276556955371,0.8765813837561204,2.2254779561070213,0.024726426590075724,0.8487256862666503
Chongqing Municipality,6,gennorm,2.095327704528948,-0.12429156220082754,0.8247406561735331,2.025175754844969,-0.002191671094836486,0.7826572421346318
Chongqing Municipality,7,gennorm,1.7838734277129729,-0.051527847204501875,0.7750478033911476,1.724888942840451,-0.014854153574567288,0.7539091707378945
Chongqing Municipality,8,gennorm,2.17200329901795,-0.09595430442029707,0.85440102540849,2.25656478778388,0.01166205911018425,0.8086239167808498
Chongqing Municipality,9,gennorm,1.9897497603938124,-0.1000473609911132,0.8148910967916008,2.221229182551264,-0.005302957459358037,0.8868203887112318
Chongqing Municipality,10,gennorm,1.7613155590481497,-0.08794346641254217,0.7266002921095317,1.7610300165433106,-0.0024605842102237256,0.7855096026492714
Chongqing Municipality,11,gennorm,1.7232817254319954,-0.08952613654941691,0.7454602347653351,2.045186353955742,-0.04090549211078664,0.8173365437827386
Chongqing Municipality,12,gennorm,2.0965475030228147,-0.11769475980072625,0.8305812487303169,2.028661258346112,-0.014491072141723516,0.8023218821831
Chongqing Municipality,13,gennorm,2.0689661693581907,-0.06014086850696437,0.8537823011632969,2.074571886267897,-0.0009871868713466699,0.816298159264771
Chongqing Municipality,14,gennorm,1.7803950146666325,-0.10189786725081426,0.7290027813528064,2.16365327452505,-0.029604574490843992,0.8487287981289307
Chongqing Municipality,15,gennorm,1.7348840113396728,-0.13469062583861308,0.7480348749755706,1.8482949364359587,-0.013620714588388316,0.7847040375251384
Chongqing Municipality,16,gennorm,1.9717946726643252,-0.042308568674487054,0.8091497660852127,1.80459464308703,-0.01521073694745281,0.7689686298910242
Chongqing Municipality,17,gennorm,1.525025033714468,-0.0883066885180729,0.6610630764150015,1.9689317823297459,-0.02811240582826583,0.7882220483847249
Chongqing Municipality,18,gennorm,2.0382091426111204,-0.10657500208638801,0.7705810635655393,2.368751796180428,0.026642581946129687,0.9034567324213321
Chongqing Municipality,19,gennorm,1.7680685033847547,-0.0786858512071481,0.8068948465274566,1.9827800248482632,-0.010526822431997004,0.809338886057252
Chongqing Municipality,20,gennorm,1.9077085036224237,-0.057368537019461756,0.8039069280153646,2.9089112021833596,-0.028188286272972533,0.9219484873673507
Chongqing Municipality,21,gennorm,1.6166476841458737,-0.0586535662449353,0.7280743649945975,2.2969900229983087,-0.0637555087996828,0.8585886976836712
Chongqing Municipality,22,gennorm,1.940321819124526,-0.08126834181680502,0.8104895672856733,2.0608949021951677,-0.04216197744385432,0.8362031089353643
Chongqing Municipality,23,gennorm,2.017907918281742,-0.1236891917955094,0.7881848543216692,2.449676027154233,-0.030641368427482094,0.9024104297155748
Chongqing Municipality,24,gennorm,2.00221676801137,-0.09127112001256944,0.8306646496560895,2.111198319048608,-0.01710774411647823,0.86273727641456
Chongqing Municipality,25,gennorm,1.6675345113309463,-0.10369905785954381,0.7632323274677446,1.94201356313227,-0.0015873771048720117,0.8096500779970521
Chongqing Municipality,26,gennorm,1.8097369449619407,-0.1127253126223565,0.7149089655808152,2.1297699773216676,-0.012426689590672196,0.8477986429237598
Chongqing Municipality,27,gennorm,2.0816592237847438,-0.1214321715417534,0.8323860120813567,2.401417002445897,-0.028997216972706123,0.852549711554114
Chongqing Municipality,28,gennorm,1.931499475501664,-0.11445937634039852,0.7605425154268748,2.453525438278522,0.012805947944394373,0.8499751156153399
Chongqing Municipality,29,gennorm,2.091834008812559,-0.07774206518499732,0.8339766649920806,2.381009197758549,0.005439809005396194,0.8667282925617805
Chongqing Municipality,30,gennorm,1.6595352306372098,-0.08745656959357787,0.7380800967944257,2.3021335401318055,0.027281844322176778,0.8369155481920137
Chongqing Municipality,31,gennorm,1.7160027664939537,-0.10658452453070766,0.7452465938125998,2.253362913154729,-0.033518862627049166,0.8238673662090159
Chongqing Municipality,32,gennorm,1.7266923620890504,-0.07196132002525021,0.777755807105264,1.6724205847142757,-0.006884320689936514,0.7291856286942313
Chongqing Municipality,33,gennorm,1.6373194157456807,-0.15109264971612596,0.7114854940508635,2.3705415359365656,-0.05793739413496071,0.874079033296422
Chongqing Municipality,34,gennorm,1.9526033701507628,-0.045715043771688564,0.7473961835907348,1.7169815528964039,-0.05339619022286471,0.7335016811290815
Chongqing Municipality,35,gennorm,1.8231988375200556,-0.06963330638390589,0.7681571965161745,1.97440882187595,-0.022371769021043552,0.8684558791671799
Chongqing Municipality,36,gennorm,1.811213978182856,-0.09707829924894348,0.7641802334239511,2.254672469210927,-0.042202788546255095,0.8475039173152523
Chongqing Municipality,37,gennorm,1.946901701731727,-0.07986705220142712,0.8574832547982876,2.0493021414110437,0.020622035308963844,0.840553650037202
Chongqing Municipality,38,gennorm,1.7339433900281145,-0.1138578481314895,0.7459372210540787,1.5856343435402656,-0.0069337616586527045,0.708971004136934
Chongqing Municipality,39,gennorm,1.810877767266195,-0.09521591980187241,0.711443063443696,2.4717548358226495,-0.05059596405460952,0.8964739356408813
Chongqing Municipality,40,gennorm,1.5718496327252498,-0.07792908962468885,0.71563555274248,2.0998561936477502,0.019046200774842627,0.8370504441434279
Chongqing Municipality,41,gennorm,2.091691926423703,-0.08922943565637664,0.872305202207158,2.5678869596963416,-0.023546958150704164,0.870921347182195
Chongqing Municipality,42,gennorm,1.9726478033504584,-0.04150865030624144,0.7562192395299312,1.8108129320250779,0.019246986912162325,0.763945949062702
Chongqing Municipality,43,gennorm,2.3600407558854517,-0.10293856956540906,0.8536172492334209,1.768118511595803,0.00824555242908859,0.7700915622538707
Chongqing Municipality,44,gennorm,1.8358290246688385,-0.09536959356714975,0.7648355070720295,1.942572080898778,-0.01757934400328586,0.8342672238520623
Chongqing Municipality,45,gennorm,2.3191520381581796,-0.07271650127668638,0.9189646110058076,1.9766490295549346,0.011463624124627009,0.810407344233556
Chongqing Municipality,46,gennorm,2.009955233047963,-0.09877964702719028,0.8440980261962996,1.9775285331066041,-0.006911526971747843,0.7491286871707535
Chongqing Municipality,47,gennorm,1.9747916535190626,-0.08816364078463923,0.8519133309611157,1.8605871387001716,-0.01806286720638401,0.802048314207569
Chongqing Municipality,48,gennorm,1.8883778333185814,-0.07640484913194712,0.7823657536376798,1.7501922575190987,0.020330082131141604,0.7514385899257481
Chongqing Municipality,49,gennorm,1.5787772305749004,-0.05364745956776574,0.7161969293056822,2.1653638201364904,-0.026672169575007964,0.8320063710596555
Chongqing Municipality,50,gennorm,1.9113896082283417,-0.08198595348040916,0.8226262779947006,1.9912252062133629,0.002667615796210593,0.8131908388177143
Chongqing Municipality,51,gennorm,1.4923440405989656,-0.12214951529991266,0.651233231767588,1.8894951694195246,-0.021583672736599314,0.7662058556207186
Chongqing Municipality,52,gennorm,1.7384979077405651,-0.08391947287358528,0.7442927077258417,1.78477956555213,-0.0031998132445560847,0.7446001461661307
Chongqing Municipality,53,gennorm,1.9880954262979893,-0.03902175418889425,0.8078660918326512,2.185476792205429,-0.015079092690514238,0.8588661504625166
Chongqing Municipality,54,gennorm,1.7260089725668546,-0.09580803792164552,0.7651732391610293,1.9551312743125124,0.016423335694778173,0.7707252066620229
Chongqing Municipality,55,gennorm,1.8054637695375275,-0.11480722533885424,0.7562415152948717,2.2688942742342206,0.012458049458950373,0.820078551044015
Chongqing Municipality,56,gennorm,1.9753742236499914,-0.13368771034515275,0.8494954322295591,1.81040329137235,-0.03513772930808304,0.767303861167439
Chongqing Municipality,57,gennorm,1.782507931318018,-0.09993940173620156,0.7380822928168507,1.946012689631587,-0.016335090791246915,0.79946627039436
Chongqing Municipality,58,gennorm,1.581153473377868,-0.1352648137902481,0.6968395746124878,2.1521395414389763,-0.020420615174855335,0.8535849839397288
Chongqing Municipality,59,gennorm,1.8011828265707592,-0.07640935077987732,0.7519756084693199,2.173512756613974,-0.026990377375780073,0.8622089356947233
Chongqing Municipality,60,gennorm,1.498565266184873,-0.09187024696422147,0.6664969232718827,2.1030187268791716,-0.02427660110795083,0.80392916732281
Chongqing Municipality,61,gennorm,1.6889380725051861,-0.06323858425653678,0.7470692017769685,1.8507446184214005,-0.03954238879801952,0.7541247243720435
Chongqing Municipality,62,gennorm,1.9878537977183761,-0.09881386846530442,0.7962825777545754,2.0847849793398576,0.012697009223596315,0.793520135445932
Chongqing Municipality,63,gennorm,1.8039486446938198,-0.07925528278520089,0.7636586242450223,1.804859668536046,-0.004703725071960693,0.7863441668148554
Chongqing Municipality,64,gennorm,1.960614086679811,-0.0688999138071128,0.7988050300140108,2.1648027930346614,-0.00707650539686897,0.8232140463212816
Chongqing Municipality,65,gennorm,1.8399361426639564,-0.06035843785917658,0.7545330871411514,2.0059040859086386,-0.0511127922613229,0.7553041080192457
Chongqing Municipality,66,gennorm,1.857217553340464,-0.084528267240739,0.7606674209589617,2.071486050687252,0.014837791595844113,0.8580785755250706
Chongqing Municipality,67,gennorm,1.6306054886419412,-0.11458269465788497,0.6952578716419608,2.272059641622098,-0.021400143300041634,0.859005284044601
Chongqing Municipality,68,gennorm,2.0206470430355656,-0.09096477342960588,0.8108395608853166,2.1650303140367404,-0.011652165498560707,0.8761160405886494
Chongqing Municipality,69,gennorm,1.680763301249548,-0.07644474568513737,0.7139086512591699,2.494021641130083,-0.014330126387984657,0.882446249018516
Chongqing Municipality,70,gennorm,1.745186446484734,-0.09243621274280225,0.7662675319364056,2.176618390474241,-0.007172840453480616,0.8458736321170459
Chongqing Municipality,71,gennorm,1.674987180414675,-0.05091630072051005,0.7218928789730392,2.2960892833068502,0.012617499770027438,0.8477500642701425
Chongqing Municipality,72,gennorm,1.781868207628604,-0.1238275143012866,0.781207039140565,1.8007707037226726,-0.014063529271593517,0.7491496192819118
Chongqing Municipality,73,gennorm,1.7012815326080648,-0.09829768701263943,0.7391348045595569,1.8194101047453861,0.020287486156174678,0.7874708694950081
Chongqing Municipality,74,gennorm,1.815486938007662,-0.022051851623092696,0.7673860414960081,1.9276581081333433,0.0035580896363789044,0.7935519770336958
Chongqing Municipality,75,gennorm,1.8403003053873146,-0.08031090191697444,0.7777278168750464,2.186006935171153,0.005962481131299971,0.7790851186337926
Chongqing Municipality,76,gennorm,1.823537468419787,-0.1367729544983321,0.8008880837211655,1.8963610038308376,-0.010021950135408124,0.8343008685494374
Chongqing Municipality,77,gennorm,1.8153684429717099,-0.0595748170973205,0.7875537350036452,2.396709715474457,-0.039977513377652,0.9199045948982686
Chongqing Municipality,78,gennorm,1.6634897258496903,-0.08146896362158401,0.7179516582227021,2.217198768776462,-0.029134789611526872,0.8722543764553898
Chongqing Municipality,79,gennorm,1.7725108593768624,-0.08727977194247055,0.8263350602369907,2.3657032006490066,-0.012975222198510116,0.8703794010499916
Chongqing Municipality,80,gennorm,1.821599202171853,-0.1250774325402898,0.7895018791650557,2.211945153043424,0.04257488077015083,0.8253201971228568
Chongqing Municipality,81,gennorm,2.0416820315893967,-0.07930358342001227,0.8183172920730235,2.2258230333024045,-0.014209132521307354,0.842387772849494
Chongqing Municipality,82,gennorm,2.6720469955170265,-0.11074496807388248,0.9259861407680396,2.402908835911746,-0.006847092591658397,0.877637141103115
Chongqing Municipality,83,gennorm,2.297762301161324,-0.08372290574160285,0.8755176093219419,2.0579264036924827,-0.05608561226111397,0.8113476882986153
Chongqing Municipality,84,gennorm,1.7772783725333676,-0.13311176966944444,0.7443219262619423,2.6239344532221804,-0.03466897563157373,0.8952631735969832
Chongqing Municipality,85,gennorm,1.8030814758058122,-0.12266649313585541,0.7687591270391398,2.3085818560455302,-0.03724688426312251,0.8577758573579655
Chongqing Municipality,86,gennorm,1.683970148070443,-0.10557791675674766,0.695982183844474,2.5045148051539927,0.002073030207963812,0.8740718965051315
Chongqing Municipality,87,gennorm,1.8532491227897392,-0.1104562050912012,0.8348630023126407,2.0909515104006724,0.0638292952553673,0.8428349322781759
Chongqing Municipality,88,gennorm,2.2253064146338617,-0.08799266398482791,0.8873933894297329,2.5190652163127094,0.0015381326616411965,0.8606253085616891
Chongqing Municipality,89,gennorm,1.914048471271764,-0.13330835955622583,0.8276506268359078,1.740758149100364,0.004570617143710478,0.7620821060975467
Chongqing Municipality,90,gennorm,2.0449306913730974,-0.10300362665369722,0.8208839103831056,2.1909966440842723,0.0037673730588617498,0.8561630473306058
Chongqing Municipality,91,gennorm,2.1774967456148886,-0.08579509150208275,0.8534776717381443,1.962118617864402,-0.04552142037976352,0.8302345515601236
Chongqing Municipality,92,gennorm,2.345825888767219,-0.06318574995815071,0.8835619867880271,2.027062836375455,-0.003674091077601786,0.806394257625813
Chongqing Municipality,93,gennorm,2.527770028089803,-0.05196749587244091,0.8854152069825595,1.7967713743979932,3.433189678077263e-05,0.7524750997056453
Chongqing Municipality,94,gennorm,2.110189582123547,-0.08220313929819692,0.8435466601631394,1.8101885781693667,0.01987787913119076,0.7463176311095604
Chongqing Municipality,95,gennorm,1.6241292540543402,-0.09701776139706736,0.7232501217682287,2.366115518017871,-0.03039076754134909,0.8580544322256598
Chongqing Municipality,96,gennorm,1.8094115322950117,-0.0900868267497164,0.7596386303568712,1.9467608872574735,0.04594575447237936,0.7667478964337615
Chongqing Municipality,97,gennorm,1.900287085278416,-0.0858077220313285,0.7867970221786327,2.430129991408125,-0.03841375945414056,0.8475228654624146
Chongqing Municipality,98,gennorm,1.7127869182783737,-0.09474906266943844,0.7502222804670805,2.541217918409263,0.021274340098197637,0.9050604793620458
Chongqing Municipality,99,gennorm,2.1168108685296856,-0.1115699007392071,0.8440221224124734,2.044369380164101,-0.035190941930160397,0.8212181310266218
Chongqing Municipality,100,gennorm,1.925258867235973,-0.09081339656430107,0.8249279786507642,1.9183253684647465,-0.07552854465374703,0.8068761684900952
Chongqing Municipality,101,gennorm,2.1132396667687643,-0.09905439236145792,0.8068085700912109,1.939678564601624,-0.023438768326651063,0.7951167707808263
Chongqing Municipality,102,gennorm,2.099782475185734,-0.10440533494049228,0.8565379062579608,1.866783450329327,-0.0067877915159553475,0.7476505654447536
Chongqing Municipality,103,gennorm,1.7906527094572535,-0.06052012339081267,0.8006403516013421,2.000488187840923,0.004514916988502005,0.7745401855037022
Chongqing Municipality,104,gennorm,1.9567718937423624,-0.0804828198879887,0.8167039041930647,2.5272684888484083,0.011413021046110621,0.9333983188069526
Chongqing Municipality,105,gennorm,1.759338171466469,-0.09727708822469028,0.7735175676579129,2.2048188534990936,-0.021630947850789332,0.8015290124460188
Chongqing Municipality,106,gennorm,1.7539808153267589,-0.11041058499601691,0.7423076934209705,2.0197769773080414,-0.024838474056547103,0.871521239739883
Chongqing Municipality,107,gennorm,1.7990542270967627,-0.1049690045803692,0.7569127035049783,2.900998525490581,-0.00310648596328399,0.9282943444839626
Chongqing Municipality,108,gennorm,2.346891877971576,-0.10260593419750133,0.8840241551452039,1.894422035089002,-0.044241606011359985,0.7874908780260134
Chongqing Municipality,109,gennorm,1.854520901040319,-0.08379386748900211,0.7866106345709041,1.919306499808533,-0.018134451580240983,0.7640976139937575
Chongqing Municipality,110,gennorm,2.013583908233052,-0.051572887788957474,0.7678924302833692,2.11652806445389,-0.040067347431837805,0.832304294572295
Chongqing Municipality,111,gennorm,1.8173540931616319,-0.09820936989138937,0.7680763991104147,2.279582581571426,0.030729044366283473,0.8522495732374067
Chongqing Municipality,112,gennorm,1.6006473097369973,-0.12498386683421817,0.7125488631205199,1.8880147893559296,-0.04328495700726001,0.7480159984894948
Chongqing Municipality,113,gennorm,1.7564166274986968,-0.10703272199789476,0.7304971890128558,2.221589515520045,0.005653647158281774,0.8773403988429085
Chongqing Municipality,114,gennorm,1.6973567436014245,-0.10933929283385352,0.7474761144009496,2.1576773304969072,-0.02625407472971677,0.8430378513532473
Chongqing Municipality,115,gennorm,1.7722481169359683,-0.10149189276293855,0.7859222409161686,2.520489441113953,-0.012037876696919945,0.9089603147487414
Chongqing Municipality,116,gennorm,2.1187472228091178,-0.13157439893448225,0.8505168469491893,2.057884007140453,-0.013069526683825577,0.8139847382159675
Chongqing Municipality,117,gennorm,1.7888864661375088,-0.07959397271153291,0.7729291317209437,2.1413782705298607,0.005100336250232964,0.8238242737056087
Chongqing Municipality,118,gennorm,1.796876101655805,-0.08977699441492357,0.799431608493543,2.0170782068161244,-0.004324970311685509,0.8295067700396879
Chongqing Municipality,119,gennorm,2.004796477048242,-0.07228733083379166,0.8409719796927599,2.0841015206373408,0.02161135400036515,0.8350625996382988
Chongqing Municipality,120,gennorm,1.7652862045183673,-0.07643866485571685,0.7462775079065714,2.03376387005585,0.016561186551436607,0.8021952316126422
Chongqing Municipality,121,gennorm,1.86015039394794,-0.08350999197036169,0.8335922015560076,1.856167992375251,0.006552834879276182,0.7431485026845797
Chongqing Municipality,122,gennorm,1.7317543070886623,-0.12481417695097144,0.7808195763310583,2.282924255691414,0.0046977977990562275,0.8463774854455295
Chongqing Municipality,123,gennorm,1.651850910583451,-0.08981874774290421,0.7241899187622085,2.2589070525930914,0.0017328932876316872,0.8268509614428396
Chongqing Municipality,124,gennorm,1.8273047236705382,-0.12385895474879842,0.8286516091391523,2.194794846335143,0.005090595777721276,0.9106872400462713
Chongqing Municipality,125,gennorm,1.8776092134076738,-0.09647334148854339,0.7588161252361334,2.1458277110990083,0.00616909630413434,0.8089287371599015
Chongqing Municipality,126,gennorm,2.0151927542467347,-0.07373293215522109,0.8314972466114448,2.1147332535361683,-0.046454604466186086,0.8435184753936317
Chongqing Municipality,127,gennorm,1.8231337145322426,-0.06302130756876925,0.767585569682304,2.1778174065265006,-0.05217293825770333,0.8647578336304096
Chongqing Municipality,128,gennorm,2.0233582280702564,-0.11651188608464719,0.8683407284167542,2.6108626243164634,0.010505045088940675,0.943494157751608
Chongqing Municipality,129,gennorm,1.8069005759143977,-0.12157053847993127,0.7410899908200352,1.7455986209252765,-0.07608564599187595,0.7781893407965996
Chongqing Municipality,130,gennorm,1.984440555730588,-0.11982501740582485,0.8233647684205743,3.1301481383789325,-0.03634831547122201,0.9544829878603984
Chongqing Municipality,131,gennorm,1.6720703845743534,-0.02992545556171397,0.7240534123468076,2.1156025631761466,-0.006751659324054001,0.8746012989184744
Chongqing Municipality,132,gennorm,1.7837172482449135,-0.0817516230673989,0.8006467042526584,2.102933843402001,-0.04602373644057357,0.8376736912783616
Chongqing Municipality,133,gennorm,1.924507865243942,-0.039988882927910724,0.8218389905426469,2.106978729173009,-0.017998030792788083,0.8456427160388765
Chongqing Municipality,134,gennorm,2.524374399539158,-0.06305246658248775,0.8868179754741163,2.211740491903093,0.004013294771827429,0.8703464841693185
Chongqing Municipality,135,gennorm,2.279221267768064,-0.10348019908115591,0.905549582249265,1.9552799514815447,-0.02242232763983052,0.8137755459474563
Chongqing Municipality,136,gennorm,1.9281315124061287,-0.05245514518817421,0.7664297744780706,2.310986722617203,-0.09722536808783797,0.9046122624034406
Chongqing Municipality,137,gennorm,2.048591873659877,-0.09656900398011511,0.8248525069001742,1.9038304386965859,-0.0165777135920025,0.7913607277073287
Chongqing Municipality,138,gennorm,1.8793989326388347,-0.13139504778735364,0.8411676385858522,2.3685703758037695,0.03074497127764027,0.8879256756912011
Chongqing Municipality,139,gennorm,1.9294356433798585,-0.046264645557810784,0.7804512197191609,2.2267470363579136,-0.010268377210180306,0.8188762010921324
Chongqing Municipality,140,gennorm,1.7855836326704329,-0.06418105876592146,0.7592091235919907,2.6669040040227943,0.007442000787839285,0.9159594349162452
Chongqing Municipality,141,gennorm,1.6428240992870289,-0.07980490472549454,0.7292186249087746,2.0460807480131407,-0.03398034096834103,0.8409161998191976
Chongqing Municipality,142,gennorm,1.9753007109180958,-0.08310748848346866,0.8540279655415965,2.258636292881312,0.06084230539458348,0.8583914942409263
Chongqing Municipality,143,gennorm,2.262512577512089,-0.047352580239326994,0.8630770745799019,2.046510119840274,-0.03441762478664823,0.8007351244546119
Chongqing Municipality,144,gennorm,1.8892596872766154,-0.06456130305505006,0.8055545560869599,1.8127036471664606,0.017203143077704604,0.7628342945611796
Chongqing Municipality,145,gennorm,2.085815203413362,-0.053404681466458596,0.8226667356028023,2.2034132027123476,-0.024144603983709653,0.8092440142933875
Chongqing Municipality,146,gennorm,1.744929372024155,-0.09947459364861505,0.7525619838755986,2.0875836268687724,-0.042747333932527845,0.8284574968404153
Chongqing Municipality,147,gennorm,2.147344967699886,-0.09442373704020293,0.8124717052842558,2.2358123768394322,-0.004129475120172315,0.8346632811543926
Chongqing Municipality,148,gennorm,2.085051506167999,-0.13286992975591885,0.8337521945376505,2.1885435950468324,-0.02418823486594173,0.831007962649996
Chongqing Municipality,149,gennorm,2.13995173163614,-0.03489198670305964,0.8438774915075787,2.2004506610617858,-0.06354603923226959,0.833056951123327
Chongqing Municipality,150,gennorm,1.9483471676164275,-0.12385718554197761,0.8033398375029839,2.0162743024447978,-0.04806013210600875,0.8243464417288768
Chongqing Municipality,151,gennorm,2.189664574455141,-0.07722617059338087,0.8911664864510267,2.3704905502396425,-0.01315075529589519,0.8639151768088346
Chongqing Municipality,152,gennorm,1.7040771805752535,-0.10657737139695536,0.7883525866644323,2.0793879683847774,0.002387080390302565,0.8254453900769504
Chongqing Municipality,153,gennorm,1.8618865552605568,-0.10061727645234059,0.7911315193460399,2.5181459616535404,-0.009707369561954626,0.9068026383295265
Chongqing Municipality,154,gennorm,1.5247670623140301,-0.09989852510321755,0.6621936097158023,1.8502688498396473,-0.02473750780437079,0.7668119568396811
Chongqing Municipality,155,gennorm,1.853134844641199,-0.054143678392025336,0.7649858312747495,2.597266498299839,-0.013425287289684312,0.9332827607437328
Chongqing Municipality,156,gennorm,1.6600128315953118,-0.09026751368282898,0.7225815106645292,2.021851528032826,0.002550883199834981,0.8189615043354393
Chongqing Municipality,157,gennorm,1.96797042722021,-0.08562012697248927,0.8219519524466934,2.3526225942068564,-0.015738847576026352,0.8277744523905468
Chongqing Municipality,158,gennorm,2.0669037220125794,-0.07472436366350468,0.8599174667669078,2.0880536546936255,0.011083960882656143,0.8169702190251108
Chongqing Municipality,159,gennorm,1.7796544206101546,-0.11840570033090103,0.7677305425576679,2.213389103900567,0.043306982176909606,0.8342692339258628
Chongqing Municipality,160,gennorm,1.885841909884658,-0.07415256659701183,0.777055283209416,2.1391743030790638,-0.0178677938183809,0.8469205124811499
Chongqing Municipality,161,gennorm,1.9524241991288316,-0.0744628087039283,0.849175750355287,1.9087409150293642,0.004420902596308703,0.7694477394580873
Chongqing Municipality,162,gennorm,1.7069360191153908,-0.10397746935963828,0.762152013768701,1.957534539493989,-0.03163139967086786,0.7857146726969273
Chongqing Municipality,163,gennorm,1.7397071169455383,-0.10940634656063566,0.7490357629484486,2.397506730019618,-0.02744990287489925,0.8896279002538601
Chongqing Municipality,164,gennorm,1.6217782594845045,-0.09535479004353814,0.7230007579818385,2.22769445734352,-0.03950487922886744,0.8773773318370847
Chongqing Municipality,165,gennorm,1.6620581016809806,-0.08149966940594924,0.7057432474653504,1.97538391333353,0.004093795607661373,0.8202402358014602
Chongqing Municipality,166,gennorm,1.7527735522072514,-0.11011147108323971,0.7724512163408022,2.0550388385171448,-0.022153569864861354,0.8360103305968267
Chongqing Municipality,167,gennorm,2.049389022173962,-0.04235693823701159,0.7877927673414691,1.882845936556444,0.003456829755018735,0.7586013315729736
Chongqing Municipality,168,gennorm,1.8032323529584586,-0.10520063859497497,0.7423994855773159,2.1229096218253396,-0.04414366796012717,0.8292219578220767
Chongqing Municipality,169,gennorm,1.9066457628940883,-0.09838145581881891,0.7865765908074644,1.7905920369218022,-0.021076378716195412,0.7835804713169333
Chongqing Municipality,170,gennorm,2.0058805819956986,-0.10633793152834793,0.8152561218355611,2.0821148864009844,-0.007180837598109913,0.8341311897150683
Chongqing Municipality,171,gennorm,2.1983952433322003,-0.10578961728614478,0.9099066265555372,2.0772924209042856,-0.003435677599316873,0.8292373613244514
Chongqing Municipality,172,gennorm,2.1171388951947874,-0.04736047176537041,0.8131993760166837,2.263608574831382,-0.0165918202000752,0.8873830456343053
Chongqing Municipality,173,gennorm,1.91181194514829,-0.06584373867780925,0.7977673910394132,2.037278609554497,-0.025489127921563125,0.8426014711679051
Chongqing Municipality,174,gennorm,1.7912707460288906,-0.0669376139662925,0.7865387580562706,2.0574931063605804,-0.00527598524260477,0.8277974195411305
Chongqing Municipality,175,gennorm,1.948914968552386,-0.058525160711724075,0.7672177549251353,2.105567770930649,-0.0053583628275671626,0.8327930177763048
Chongqing Municipality,176,gennorm,1.9847390455314136,-0.09712294920807862,0.8647581116033066,2.221575686331933,0.011374398315415382,0.835416750870918
Chongqing Municipality,177,gennorm,1.9680569665855119,-0.10671437265470043,0.849849411938314,2.3109749596814146,-0.006844172728283726,0.9019357995072841
Chongqing Municipality,178,gennorm,1.9904106318734507,-0.04940574769872548,0.8491616095941489,2.249069559968045,0.02826042974867017,0.8378799079339327
Chongqing Municipality,179,gennorm,1.8250737280001035,-0.09663289892292642,0.7724468859854201,2.2424219004776083,-0.018555127008571867,0.8575932394701332
Chongqing Municipality,180,gennorm,1.9490711560250915,-0.07651047678224672,0.8074507970066773,1.9868366034310485,-0.04249199491207917,0.7940072587297782
Chongqing Municipality,181,gennorm,2.0354157998400835,-0.07191728987486387,0.8334767378990728,1.8563726797856503,-0.04626294493817679,0.7487836105384869
Chongqing Municipality,182,gennorm,1.6341185128787463,-0.07509327293022025,0.726547218761264,1.982987189906586,-0.05028584365931345,0.8424577212856741
Chongqing Municipality,183,gennorm,2.4130857127940075,-0.051574192272349564,0.8797935038648835,2.3490498109979647,-0.05184743499211004,0.9248309237848386
Chongqing Municipality,184,gennorm,1.722300500093949,-0.06902310424072951,0.7582355181054449,1.9007385270430275,-0.0321086525313921,0.7680972328366654
Chongqing Municipality,185,gennorm,1.953184422801131,-0.057486893603404955,0.8187901639739451,1.934349149324807,-0.05117924713032761,0.826700683454262
Chongqing Municipality,186,gennorm,1.708563127829518,-0.044248409649199225,0.7875453791616769,1.9733261805856175,-0.014746928078882697,0.7848153671757058
Chongqing Municipality,187,gennorm,1.8994313743488345,-0.07773587830647638,0.7658415212974719,1.8716114088265667,-0.015470907849212179,0.7778306378173478
Chongqing Municipality,188,gennorm,1.9662811654781658,-0.12990717919472022,0.7528467390571336,2.1675700054103446,-0.009938563586469069,0.8597710665349814
Chongqing Municipality,189,gennorm,1.8257557818381787,-0.0836956226596993,0.7787128098516887,1.571935042398789,0.02592095440307074,0.6969894419712497
Chongqing Municipality,190,gennorm,2.1580691080311394,-0.10137406859761805,0.8775726957853112,1.888878990695085,0.01922497475602592,0.8101106183846141
Chongqing Municipality,191,gennorm,1.9366422013107796,-0.053799244895887735,0.8002855244631842,1.8672583588843148,-0.04914696945457779,0.7977009797981534
Chongqing Municipality,192,gennorm,1.8896512465738993,-0.11877843404430105,0.7966871636759533,2.168131159608919,-0.018305228925102914,0.8308806169047003
Chongqing Municipality,193,gennorm,1.73120824042278,-0.0644873025875288,0.7517625443496405,1.8561616806128027,-0.02803652451908066,0.7374234875205348
Chongqing Municipality,194,gennorm,1.9592936946203383,-0.13735262224294958,0.7972730845831211,2.059002291653705,-0.004796135472254002,0.7815624058030337
Chongqing Municipality,195,gennorm,1.8847509607043045,-0.08474560461819315,0.786593435501638,2.234984584270954,-0.022714544043945004,0.8700264530464275
Chongqing Municipality,196,gennorm,1.7748582617266428,-0.10684153953964644,0.7315963480572212,1.8100826711215388,-0.037662700860739924,0.6955382968938404
Chongqing Municipality,197,gennorm,1.7325080370294677,-0.08260682078290607,0.7832752577865378,2.1016203222801026,-0.04996239414843792,0.7878876274900883
Chongqing Municipality,198,gennorm,2.1465640956296514,-0.08021023885229905,0.8436893109998866,2.4540270661340315,0.014878271055633198,0.9185279199234325
Chongqing Municipality,199,gennorm,1.7588219676821835,-0.05776497872662373,0.7580598003883348,2.336873388671929,-0.04398398702446922,0.8721631086512972
Chongqing Municipality,200,gennorm,1.795672764649868,-0.0844276478121814,0.7962394272125948,2.057081701928653,-0.03557890674262683,0.8659208396473321
Chongqing Municipality,201,gennorm,1.845974690117668,-0.06660572921369909,0.753708980720442,1.9033366608792839,-0.04368701272282538,0.8047934570254907
Chongqing Municipality,202,gennorm,1.6903887396737638,-0.09308699920417705,0.7636038776442216,2.189879229232262,0.006666542198172033,0.8584686716094873
Chongqing Municipality,203,gennorm,1.719558979152322,-0.07097370619575144,0.7579255681915307,2.201286771661487,-0.041313083255108934,0.8484155835089005
Chongqing Municipality,204,gennorm,1.8464090058783285,-0.07026337481022205,0.8363690629900656,1.9187997900373572,0.0158670514681924,0.8077807334086525
Chongqing Municipality,205,gennorm,1.7894585166658983,-0.09515593860583305,0.7662943884081226,1.885648621363874,0.02404402870564296,0.7512512032184404
Chongqing Municipality,206,gennorm,2.228862452943872,-0.05645477204265445,0.8458827353270824,1.9766286692327486,-0.02928896051543871,0.7500952540937241
Chongqing Municipality,207,gennorm,1.5789447903269245,-0.08824616100110479,0.6975797959870806,2.0853990400438107,-0.02707128108620116,0.8262453947446835
Chongqing Municipality,208,gennorm,1.9770511923668592,-0.08628290395514807,0.817594752020032,2.312510171814208,-0.02575153452621584,0.873391507420703
Chongqing Municipality,209,gennorm,1.9216761017061903,-0.1034129139001872,0.800350915720293,2.247975708050068,-0.02872524900150574,0.8292035386837657
Chongqing Municipality,210,gennorm,2.0824706097767676,-0.1103782378675369,0.8600335678189649,1.820211442284501,-0.016740451128142174,0.7506648945621682
Chongqing Municipality,211,gennorm,2.0595436173306263,-0.13280062724629055,0.8007271926133703,2.294444443730682,-0.05752576099781044,0.8570221770805316
Chongqing Municipality,212,gennorm,1.806201401086355,-0.05410303022785114,0.7776290121563938,1.7062777285870159,-0.01035028894603231,0.8025559692181641
Chongqing Municipality,213,gennorm,2.23840128269555,-0.07480400107159518,0.8805755101521243,2.441168569925289,-0.0016905292354434257,0.9247728128426063
Chongqing Municipality,214,gennorm,1.6677499129398596,-0.09574152291483415,0.7268817971285543,1.9903427158377076,-0.027059958908073056,0.8074110364146871
Chongqing Municipality,215,gennorm,2.19252018919087,-0.11244395341593943,0.8801456034781228,2.449257960961214,-0.04742849587280836,0.8669826059830287
Chongqing Municipality,216,gennorm,1.7760426600227561,-0.09298696772853367,0.7391334254605606,2.568417480330208,-0.012275701772337909,0.9240799755399458
Chongqing Municipality,217,gennorm,2.0215752249054835,-0.11133083571461957,0.8297392587791454,2.0103103308651464,0.0649522485781382,0.7725855634051718
Chongqing Municipality,218,gennorm,2.039953436541876,-0.10763829070254248,0.8392684770631521,2.2703342535731172,-0.01978836903803268,0.8878990580656906
Chongqing Municipality,219,gennorm,2.1244977995475,-0.07087504155717414,0.8197278096750591,2.1766974741356266,-0.004366319530305755,0.877179157538406
Chongqing Municipality,220,gennorm,1.8611045435860099,-0.04897889288444961,0.7787327943200173,2.224814749200206,-0.06716053937089556,0.8464899896268334
Chongqing Municipality,221,gennorm,1.9017353065240505,-0.08524599249972283,0.8280205752098202,1.9452453289891345,-0.01914609804981001,0.8245791073577696
Chongqing Municipality,222,gennorm,1.8807839521169152,-0.0867501780438314,0.7985926255927185,2.205983300352253,-0.017612904801635746,0.8336194714532141
Chongqing Municipality,223,gennorm,1.9129977778550147,-0.09471682406389591,0.8052159446872589,2.054310887485517,-0.012053696683341709,0.8428342677547633
Chongqing Municipality,224,gennorm,2.115399442299215,-0.06171652619790888,0.8280745900649422,2.332021653997246,-0.004107645671498496,0.8628201136591935
Chongqing Municipality,225,gennorm,2.0397744743516055,-0.11995641389407966,0.8362151264222336,2.260858302143971,-0.011996331467068879,0.8350154005430299
Chongqing Municipality,226,gennorm,1.7688615088547577,-0.09611367514132065,0.7363337566503002,2.255382371716527,-0.03509050455720047,0.8486823520800862
Chongqing Municipality,227,gennorm,1.7334243524109278,-0.07896300847726542,0.7413995685074265,2.1928101284820176,-0.0038115527193678294,0.8776211368029716
Chongqing Municipality,228,gennorm,2.0335784859210837,-0.0479397739665519,0.811724899307877,2.078883942232288,-0.03137920142914248,0.8783138124724927
Chongqing Municipality,229,gennorm,1.8597816080167182,-0.07189707544546453,0.7928323817000167,2.2626954582480856,-0.026805485469420933,0.8740814517158124
Chongqing Municipality,230,gennorm,2.0415377011144926,-0.09574644871286084,0.7867960104632,1.9628458661949684,0.0043721026027028105,0.777961268032485
Chongqing Municipality,231,gennorm,1.849005882193545,-0.06215033234964243,0.767446990607654,2.2861848425901408,0.017691934309994675,0.8705171958345974
Chongqing Municipality,232,gennorm,1.9462927344269376,-0.11671877968488666,0.8525427705344533,1.8500067561671059,-0.02365172381730936,0.8261166758047394
Chongqing Municipality,233,gennorm,1.6099925882724966,-0.09317159534549987,0.6806444314877669,2.1762095051131114,0.008018484625026141,0.8440833400089777
Chongqing Municipality,234,gennorm,1.9588043408935114,-0.09098597918194426,0.821272939553949,1.747863356759575,-0.025005900890160575,0.7225546715877433
Chongqing Municipality,235,gennorm,1.6788439579221284,-0.08281753247117693,0.7020249024121521,2.1758226648507817,-0.008514538634707938,0.8550071449734284
Chongqing Municipality,236,gennorm,2.028538154906511,-0.10280650379768527,0.8166270397631923,2.710255433748574,0.006082779339392689,0.9459419142701413
Chongqing Municipality,237,gennorm,1.7037858671851849,-0.10863461869927835,0.7261219234582655,2.0402427279826325,0.01798100016704038,0.8183766406348536
Chongqing Municipality,238,gennorm,1.9633306650453661,-0.07895584823158869,0.80883562624663,2.026959424731854,-0.026080528722102165,0.7971739387295622
Chongqing Municipality,239,gennorm,1.957706677686644,-0.06554019512228113,0.7942045934132551,1.956910143266907,-0.012037274696299834,0.792327656129429
Chongqing Municipality,240,gennorm,2.072110914763244,-0.09954713863668638,0.7876286759829139,2.084278822052831,0.02315360718600311,0.8214318453653436
Chongqing Municipality,241,gennorm,1.572365559993068,-0.09897845327189972,0.7054743969240733,2.4834774056651643,-0.022997061692661785,0.8565073912863168
Chongqing Municipality,242,gennorm,1.597161769837842,-0.07351811877438216,0.7348563149333446,2.090995067105939,0.005189037900468501,0.8311495502017292
Chongqing Municipality,243,gennorm,1.9631399615918843,-0.10752328185016152,0.832206145608817,2.091267324605518,-0.054725897164618245,0.8478015824272351
Chongqing Municipality,244,gennorm,2.004119639432853,-0.11532472073083849,0.7860183631503024,2.185107094221192,-0.01131180340018236,0.8361598944041626
Chongqing Municipality,245,gennorm,1.9479378886018521,-0.12540563330270393,0.8732052649547128,2.213846526332506,-0.028508236994963514,0.8649416659283298
Chongqing Municipality,246,gennorm,1.9590378298847875,-0.05194145696511941,0.8276261153349836,2.462364152363015,-0.024959906085783086,0.8835769780096602
Chongqing Municipality,247,gennorm,1.8229691918773652,-0.11544971395032762,0.7955728125152087,2.0148220930767886,-0.02412612096380308,0.8136530162993482
Chongqing Municipality,248,gennorm,1.990559763459192,-0.08964625487902059,0.7584016375350608,2.279984845192466,-0.052528217333812126,0.8462161400049775
Chongqing Municipality,249,gennorm,2.0068948486340625,-0.08636802717364539,0.8278980850815896,2.454895297539755,-0.003741155522632973,0.878651388616225
Chongqing Municipality,250,gennorm,1.8299239166788606,-0.06508501772880484,0.7252522500650744,2.2987820860292425,-0.038225932371729665,0.8658814130928709
Chongqing Municipality,251,gennorm,1.909603882450099,-0.08178399176481951,0.771953773303639,1.9220397328538046,0.009047480119265278,0.7961309818086619
Chongqing Municipality,252,gennorm,1.9572048057609075,-0.09799328154028648,0.8496113358744423,2.358454608414587,-0.01632709235008586,0.8774570889356146
Chongqing Municipality,253,gennorm,2.2404920024741513,-0.09820691154118416,0.8138641232277133,1.85521881238332,-0.019438739781325425,0.7812854826117592
Chongqing Municipality,254,gennorm,1.7350779189617178,-0.09290965108687496,0.7696765092736766,2.2948257835464143,0.027930409617741764,0.8828812860520017
Chongqing Municipality,255,gennorm,2.2377400983539495,-0.07283262613784225,0.8820861896818465,2.0005723623167215,0.012099148830375422,0.8236006286076647
Chongqing Municipality,256,gennorm,1.5272515394194757,-0.11409773749131642,0.6634120359628555,2.2165849413730756,-0.015536050616756246,0.8113969134794807
Chongqing Municipality,257,gennorm,1.723105894583642,-0.11496310165229728,0.7746502542028249,2.115782733236194,-0.010283742339996533,0.8104130133108949
Chongqing Municipality,258,gennorm,2.0920740777089124,-0.11930400049065007,0.7802337334687808,2.5246438113986236,-0.04189922198913693,0.8572730550699807
Chongqing Municipality,259,gennorm,1.937602693294568,-0.054512383487565534,0.7816454973452398,2.5295027917669684,0.03338580463884121,0.9193027227511721
Chongqing Municipality,260,gennorm,2.190091606508396,-0.09078018028403584,0.8423412220333214,2.1592506529695488,-0.04578986348731774,0.8142925815784492
Chongqing Municipality,261,gennorm,1.8745522095201141,-0.07075048679568047,0.8404211212090448,2.618436634164117,-0.02241211685828854,0.9222165550000947
Chongqing Municipality,262,gennorm,1.9339648993530834,-0.07480801976075033,0.8088676375545802,2.1324086500981467,0.017191933219178633,0.8012833193246465
Chongqing Municipality,263,gennorm,1.8501556357334286,-0.07028705547843231,0.7993219148126517,2.1068703015269294,-0.03742536899982446,0.8674548485860267
Chongqing Municipality,264,gennorm,1.7239465000826968,-0.061658598621675366,0.7296999934637949,1.967026233817243,-0.008310020279825185,0.8290777405175099
Chongqing Municipality,265,gennorm,1.846963583460512,-0.10913434855810987,0.75251539919467,1.8323148811878787,-0.03810671424456741,0.760923025522847
Chongqing Municipality,266,gennorm,1.8680387543311514,-0.1162157988524822,0.7959896016045541,2.1921023775072115,-0.022158311758093564,0.824001083733173
Chongqing Municipality,267,gennorm,2.245577791680767,-0.07301091539599472,0.8592305230300579,2.1670190892989494,-0.007966760525387234,0.8388714481343246
Chongqing Municipality,268,gennorm,1.8059909526753084,-0.06447259754783877,0.7942238637753218,2.120668850061538,-0.01153790425284814,0.8386573062745445
Chongqing Municipality,269,gennorm,1.743736233891313,-0.09912891775848426,0.7810530456378255,2.2355095305683097,0.025112897429210388,0.8260640936189285
Chongqing Municipality,270,gennorm,2.0221198768630284,-0.030922468344260066,0.8516047913219345,2.4611747631163654,-0.006394116357717488,0.8694066683890501
Chongqing Municipality,271,gennorm,1.9979651779532341,-0.10837914811208113,0.836167790041084,2.302841430848633,-0.043105484234333885,0.8582829534057881
Chongqing Municipality,272,gennorm,1.999476831736088,-0.07021865152872683,0.8083042313542355,1.7331322566582035,-0.0030649722977198557,0.7776999689870066
Chongqing Municipality,273,gennorm,2.011750414032062,-0.03625192905858071,0.8339159274448731,2.2204984161229673,-0.022914085891451497,0.8656688911050371
Chongqing Municipality,274,gennorm,1.827287789555609,-0.12775582386612291,0.8226973064979244,1.9561665269220412,0.0018518849724151565,0.8093819400502829
Chongqing Municipality,275,gennorm,1.6125822387388036,-0.11542626326636121,0.7143950516034892,1.7746263083561213,0.0010737911569631566,0.7046422234877228
Chongqing Municipality,276,gennorm,1.8845737638514355,-0.10870992958103795,0.8100768976957933,1.9479665509298658,-0.03862202353313255,0.8435318116597492
Chongqing Municipality,277,gennorm,2.2330867923490763,-0.08490772137240193,0.8669126997149383,2.0682803563506957,-0.068665568691265,0.8045824632020158
Chongqing Municipality,278,gennorm,1.9513624018155649,-0.0956400800762506,0.809723499889512,2.216924831428284,-0.010369096375576942,0.8679791595709277
Chongqing Municipality,279,gennorm,2.0926287470830296,-0.13050668969314724,0.8577510120323188,1.9883823479150273,0.010013522052955817,0.8536153580727588
Chongqing Municipality,280,gennorm,1.696621408040233,-0.10857634714254602,0.7130601397227407,2.1778488676018997,0.03970622401344025,0.8470109504873304
Chongqing Municipality,281,gennorm,1.9079436634476208,-0.10581497263878531,0.7913825214518665,2.2512654648598165,-0.05004588090936357,0.865589915328226
Chongqing Municipality,282,gennorm,1.666475451252306,-0.08778957108682664,0.7389204825254863,2.0033913851129235,0.017628779384444238,0.7845942923234925
Chongqing Municipality,283,gennorm,1.7253763342174913,-0.10641710773000865,0.7259131934594019,1.5888623555406012,-0.022581203268221554,0.6931030775290158
Chongqing Municipality,284,gennorm,1.7956986068204532,-0.08538548966449094,0.7233312485676697,2.164518490204446,-0.05792700316727714,0.8181869348501818
Chongqing Municipality,285,gennorm,1.950738436880557,-0.12581059210813966,0.8151076782944083,1.9601500919252086,-0.03292110677577827,0.8109814744963835
Chongqing Municipality,286,gennorm,1.8675478838459125,-0.08143416933666686,0.7553767784598509,2.1556176701270457,0.0015863523814968234,0.8526413628308277
Chongqing Municipality,287,gennorm,2.000594196568544,-0.10741145681391956,0.8390217997920735,1.7997762144693894,-0.0019999357866136887,0.7953090647711545
Chongqing Municipality,288,gennorm,2.1473938341282652,-0.07473944583991424,0.8176035399940883,1.8949844899595916,-0.02167997628821278,0.763433771168281
Chongqing Municipality,289,gennorm,1.929071492464693,-0.06971441244791607,0.8181411120319788,2.139411108784608,-0.04432527572760372,0.8266221564139982
Chongqing Municipality,290,gennorm,1.9145146602948862,-0.08663713076764085,0.7765886183638031,2.40357530869976,-0.06452578721301745,0.860591472573
Chongqing Municipality,291,gennorm,1.9311360413340752,-0.05830232918645681,0.8090211494195965,2.230157315487975,0.010553201856048171,0.8124563454015266
Chongqing Municipality,292,gennorm,1.9530877633290724,-0.1224522943996922,0.7847081543283658,2.1006295882706167,-0.025788828653031563,0.8453929920130917
Chongqing Municipality,293,gennorm,2.058988338896159,-0.09632156800717684,0.7951716195119289,2.104693496388763,0.01328578705874699,0.7893105618395357
Chongqing Municipality,294,gennorm,1.7361389079642078,-0.10074854470583902,0.77888328732579,1.6662736552868207,2.783223377137511e-05,0.7308319671578367
Chongqing Municipality,295,gennorm,2.0594617995918503,-0.09737445920241508,0.8194090071090059,1.9922802345849993,0.03780316518950941,0.8373528382479186
Chongqing Municipality,296,gennorm,1.9046644175730516,-0.14387026886879767,0.7720383921492533,2.080294501578867,-0.015496757534773066,0.8127976749497534
Chongqing Municipality,297,gennorm,2.0052989011372206,-0.09517789138236457,0.8439629443360293,2.0972790729560837,-0.013535669667048049,0.8335314661783388
Chongqing Municipality,298,gennorm,1.5845259647052354,-0.12372521275312348,0.6719274940912832,2.124429373200168,-0.027271851286746314,0.8421638123898705
Chongqing Municipality,299,gennorm,1.6968998221770022,-0.07972886066042056,0.7305732723456417,2.1714416471404823,-0.008968083489260894,0.8392409296988577
Chongqing Municipality,300,gennorm,2.274858354126929,-0.056074347344886775,0.8383044171880554,2.271559669354404,-0.031594267219099,0.8594212553666121
Chongqing Municipality,301,gennorm,1.893047004761966,-0.11547183787707117,0.8184901951623132,1.967688411451873,0.01924986328375964,0.8025786348518082
Chongqing Municipality,302,gennorm,2.0277424384781373,-0.09841390442944997,0.860154180229818,2.3179447943336484,-0.012741359489611113,0.8907024846937621
Chongqing Municipality,303,gennorm,1.8467447448890952,-0.09078225700467019,0.768521885162573,1.8767424715058885,-0.06176640951347974,0.7617200952034862
Chongqing Municipality,304,gennorm,1.8839416790436108,-0.07004319111196791,0.7844794025892124,2.047586806420205,0.01799639350495163,0.7872210380016698
Chongqing Municipality,305,gennorm,1.9985683513728636,-0.04422882055373749,0.7995343053572972,2.4964219112133588,-0.03317344281325324,0.8997222550562698
Chongqing Municipality,306,gennorm,1.8212535276211501,-0.07453490889172074,0.78699273830526,2.8599382066881285,-0.048927979799443036,0.9581508598355686
Chongqing Municipality,307,gennorm,1.7842463646017763,-0.07056909707793604,0.7682482143307828,1.9770185478568387,0.02542645639095923,0.800111814403206
Chongqing Municipality,308,gennorm,1.805547567652088,-0.0957890470344181,0.7663583532366955,1.7038494971954532,-0.016745304996113257,0.7121696877901944
Chongqing Municipality,309,gennorm,1.8558177925483794,-0.07545775309607713,0.7664520873032759,2.3312889536269186,-0.04237114768073784,0.8971942142774669
Chongqing Municipality,310,gennorm,2.0998529359184306,-0.06459616108026794,0.8153368828929441,1.9145857239232802,-0.04497865446561215,0.7985309281415682
Chongqing Municipality,311,gennorm,1.5233773182205426,-0.07535907930493169,0.6876579883525947,2.099562037129064,0.006759296595231838,0.7969554217671009
Chongqing Municipality,312,gennorm,1.828668866666864,-0.14043279547173365,0.8017077030495966,2.382166180891545,-0.0625636816426935,0.8642007449081379
Chongqing Municipality,313,gennorm,1.874908461868471,-0.09916317756984942,0.8050429473522518,1.8096643945147228,0.023200352822171956,0.7378496051878773
Chongqing Municipality,314,gennorm,1.9146237856747024,-0.030518760273172976,0.8127209578158059,1.9336109261043157,-0.035914363469980726,0.7784877871649551
Chongqing Municipality,315,gennorm,2.2624849992039824,-0.09570153792242445,0.8633845461099962,2.025440605551291,-0.04350722124418707,0.8006446954921644
Chongqing Municipality,316,gennorm,1.9996120441569336,-0.08393648095539205,0.8675508538050263,1.8704455313904882,0.016076117997764143,0.8123508553650491
Chongqing Municipality,317,gennorm,1.7111923666309705,-0.09620790156644374,0.7338530317050465,2.099485916007879,-0.011836921543948845,0.8614971908114248
Chongqing Municipality,318,gennorm,1.6320085965296576,-0.04002160470777691,0.7313968472607278,1.8678394176542632,-0.06350187386866199,0.799626440493866
Chongqing Municipality,319,gennorm,1.7363952892978853,-0.13645141911990727,0.7369677302109283,1.92666970327185,-0.014355156316098842,0.8220635743994886
Chongqing Municipality,320,gennorm,1.8477411610576397,-0.06960237955447499,0.7522810438358096,1.8204041347599755,-0.017538569990844535,0.7612574021598244
Chongqing Municipality,321,gennorm,2.167224500068376,-0.1060929708768543,0.8493103694838233,2.4793936192253705,-0.03240914971261492,0.8421223001387663
Chongqing Municipality,322,gennorm,1.6325818325374637,-0.09121009413996337,0.7340755783636785,2.1601989529939223,-0.01648548764769171,0.8231348336075119
Chongqing Municipality,323,gennorm,2.1488878384909236,-0.06986931575733903,0.8465127401684525,2.415008059217688,-0.028098522904220564,0.8719403451770256
Chongqing Municipality,324,gennorm,2.0208028032572942,-0.0400452576504029,0.7945644851400946,2.0081010888877975,-0.016786808096955774,0.8260448517382827
Chongqing Municipality,325,gennorm,1.8637745999687798,-0.0996099644414763,0.7830313098131749,2.128086866235689,-0.0026435357216981078,0.8323183616266676
Chongqing Municipality,326,gennorm,1.472372958970228,-0.15566580361973492,0.6594268385792408,1.9134627250278977,-0.01002210006495035,0.8092195407946741
Chongqing Municipality,327,gennorm,2.521954309658711,-0.07480988915166414,0.9347372924572324,1.8627019421352693,0.001535783411734827,0.7809190483054407
Chongqing Municipality,328,gennorm,1.773244549914455,-0.03560912522195844,0.7225694667550592,2.1055347367937163,-0.021014800217967936,0.839838467346825
Chongqing Municipality,329,gennorm,1.6287880576421228,-0.09843890472499284,0.708401432833615,1.912225853651895,0.023011280988374128,0.7825385567429988
Chongqing Municipality,330,gennorm,1.853488715091384,-0.0775332904556292,0.8134372348781442,2.0209126369154466,0.02348650037917665,0.7763584110480404
Chongqing Municipality,331,gennorm,1.8141149773488823,-0.05880502437212402,0.7625849810377209,2.2592945066380667,0.017450089247786786,0.8537132570598471
Chongqing Municipality,332,gennorm,1.9098918091652402,-0.14844576978941754,0.7962212241506783,2.272845291776365,-0.017597619761453367,0.8599316728692366
Chongqing Municipality,333,gennorm,1.9726908756613064,-0.036657599046821504,0.8169559177382455,1.889682440514231,0.012099568072692288,0.8197790320658024
Chongqing Municipality,334,gennorm,2.177670536396671,-0.12132581002993707,0.8186572847420915,2.1827829715909046,-0.09039945812067693,0.8691728569311699
Chongqing Municipality,335,gennorm,1.8543818826740004,-0.09754869815908342,0.7999718300735008,1.5980816765386683,0.0007950874839279883,0.6870533995710653
Chongqing Municipality,336,gennorm,2.109919697845511,-0.10023692747172855,0.8202579469000307,2.0055357495699537,-0.03779014743632315,0.793865587550685
Chongqing Municipality,337,gennorm,1.862500520016221,-0.13744340768914132,0.7915066473850904,2.1343558243002727,-0.043289109998993505,0.8684203713986546
Chongqing Municipality,338,gennorm,1.8898345115566269,-0.05884030889645614,0.8139783431219471,2.2036582545843575,-0.02272222928144666,0.900074615886592
Chongqing Municipality,339,gennorm,1.8352261768402385,-0.05062853127452696,0.8021011814492194,1.9765296556525973,0.031237582407814775,0.7849328896298928
Chongqing Municipality,340,gennorm,1.8864670016301754,-0.11391195645891707,0.7805063386891054,2.340437580113554,-0.015171473958729635,0.8418064733306426
Chongqing Municipality,341,gennorm,1.9468707681888935,-0.10893941788606629,0.8296242093303106,2.5338587270737287,-0.004038418138802021,0.9034803440409764
Chongqing Municipality,342,gennorm,1.859967095032466,-0.04711161260074152,0.7545767281067346,1.9017265828919427,0.014216871667617384,0.7981922776436622
Chongqing Municipality,343,gennorm,1.8739887152745198,-0.0828687702415333,0.7736074026183184,2.322775048270558,-0.03410918969684652,0.888937986198601
Chongqing Municipality,344,gennorm,1.858994488254801,-0.10292866308014922,0.8208728783095214,1.8806868156108023,-0.033603724773161966,0.7261080519685725
Chongqing Municipality,345,gennorm,1.775913385423133,-0.05857505425898013,0.7242837633853003,2.0567092464832797,-0.007904709860327805,0.8076858892708136
Chongqing Municipality,346,gennorm,1.6871873943542763,-0.15532278125801297,0.7380346807896458,2.4883127414845063,0.014691190940488284,0.9115583950099309
Chongqing Municipality,347,gennorm,1.858117294160389,-0.11790034928407284,0.7515418238925892,2.320210478578331,-0.014059481445268262,0.8589922222960178
Chongqing Municipality,348,gennorm,1.8989755682860527,-0.11929503589361443,0.8209363437568855,1.9151392881886626,-0.005152910608680408,0.7860237578894664
Chongqing Municipality,349,gennorm,1.7392474234250197,-0.09717979954157997,0.7913478123155697,2.6518157216223925,0.00378280084242486,0.9246640560048247
Chongqing Municipality,350,gennorm,1.7835429356760688,-0.04258443571323509,0.7622509073721708,1.577681339023917,-0.011094736848705749,0.6646836814612835
Chongqing Municipality,351,gennorm,1.7422669401465765,-0.09577124502002099,0.7529412483591513,1.874831013783639,-0.017661961305660896,0.8077655240095754
Chongqing Municipality,352,gennorm,1.9033143471268321,-0.08450953340765308,0.7782371437074755,1.893660493064151,0.005676297795993454,0.7788995924100549
Chongqing Municipality,353,gennorm,1.8651754239675826,-0.08711297268174967,0.7895521827537452,2.1103752359274606,0.008378601474115118,0.7813357271937722
Chongqing Municipality,354,gennorm,1.5758134361954874,-0.0898370117775635,0.7358160109586565,1.8307728347823553,0.007819335500984535,0.7696355465977951
Chongqing Municipality,355,gennorm,1.9042685110584354,-0.11692889772851744,0.798263207343964,2.381407920324314,0.043181462934469235,0.9080907248700958
Chongqing Municipality,356,gennorm,1.7801384488057908,-0.09509541507551958,0.7739472145333719,2.111498165651885,0.04932231690614304,0.8601017547620583
Chongqing Municipality,357,gennorm,1.5666761691548459,-0.0654174960464827,0.7140207857496932,2.3359210788504816,-0.019260136344779064,0.8264404620594807
Chongqing Municipality,358,gennorm,1.7631823460253078,-0.10405429037345158,0.7972213061941902,2.5803655291445784,0.009817505247654682,0.8754601174139075
Chongqing Municipality,359,gennorm,1.9731210585133527,-0.10170512945743357,0.8480881332459357,2.0884152571802974,-0.01733684828756183,0.8430303619713289
Chongqing Municipality,360,gennorm,1.8588488849105937,-0.08202062815100546,0.8089949623441399,1.7993053528479925,-0.03390385344358686,0.7737892180613186
Chongqing Municipality,361,gennorm,2.2318482270718816,-0.1040711215140874,0.8443808276474075,2.1963210480200877,-0.009614480931272392,0.8614910389505652
Chongqing Municipality,362,gennorm,1.815797998259712,-0.08219548114177451,0.7712490838665995,2.188531999462613,-0.04770791335669988,0.7812992758230283
Chongqing Municipality,363,gennorm,2.180770941183956,-0.13168879236336856,0.8750240461785663,2.3308572355315995,0.01833142097970339,0.8485513163100897
Chongqing Municipality,364,gennorm,1.747155843919306,-0.08223343565014843,0.7304823268831351,2.166779301376636,-0.04790825777841924,0.8483289696323337
Chongqing Municipality,365,gennorm,1.8102180115651492,-0.072310848990564,0.7795751804526214,1.8788478101715618,-0.020554197929527826,0.8522498810201149
Chongqing Municipality,366,gennorm,2.013894916009758,-0.04857008956570061,0.7861144412149111,2.0361342969771705,-0.009674643302602986,0.7461551241819693
Chongqing Municipality,367,gennorm,2.279967547545703,-0.11562773792004574,0.8818697800032042,2.169736239103968,-0.01849576308101436,0.8562461209683264
Chongqing Municipality,368,gennorm,1.7260416615649665,-0.0843038895178284,0.7368289363802016,1.831517915919243,0.0517665455673199,0.7837321882801378
Chongqing Municipality,369,gennorm,1.719253233182234,-0.07466256717409514,0.7044069350663063,2.1905785651676073,-0.004388587315507182,0.852508194960536
Chongqing Municipality,370,gennorm,1.7166090541021508,-0.0746253258402905,0.7617868830013195,2.1922109512354737,-0.004498977487842825,0.8738816964255511
Chongqing Municipality,371,gennorm,2.2610579873604664,-0.051662285783487735,0.8677808210503677,2.7588701294129123,-0.010963529288906065,0.9194093752500134
Chongqing Municipality,372,gennorm,1.725365310092545,-0.0832517600761642,0.7620082393744347,2.307163763084188,0.010716670143805018,0.8317679403820435
Chongqing Municipality,373,gennorm,1.8073674048694202,-0.08303771611668709,0.7622741084851509,2.000391102774284,-0.03045480622127693,0.8046410006795418
Chongqing Municipality,374,gennorm,1.6927883359119535,-0.1389991052487602,0.7503883331453474,2.2984056902980656,-0.005909954129779163,0.8763776706290405
Chongqing Municipality,375,gennorm,2.1679060638681062,-0.0880596191806351,0.8126442068607931,2.1190156885426594,0.015147124311085313,0.8721308652518345
Chongqing Municipality,376,gennorm,1.8379563858372334,-0.09074064782655795,0.7940797629948639,2.2411993035117685,-0.008629777153443631,0.8143179765634949
Chongqing Municipality,377,gennorm,1.9897863444825443,-0.07942897326761272,0.840644904420023,2.0913951541315257,0.0003954665663827515,0.8582897738058739
Chongqing Municipality,378,gennorm,1.9282843284622033,-0.09036911689487873,0.820377193884406,2.546226143603491,-0.03535619138438616,0.8612450182354372
Chongqing Municipality,379,gennorm,2.053790874768059,-0.11622170691928313,0.8270796207314651,2.346318780653998,0.013035939755325528,0.8801866339707733
Chongqing Municipality,380,gennorm,1.5471224564703387,-0.06041408496956455,0.671442525791569,2.3030017616870087,-0.03572121191720623,0.8664303627276839
Chongqing Municipality,381,gennorm,2.407662987748096,-0.0030636915704756683,0.8540450743950179,2.215139846103569,-0.018475377139588356,0.8283993692479648
Chongqing Municipality,382,gennorm,1.948038169076524,-0.09291930293419128,0.7321225958948718,2.216371712468206,-0.002616620536664571,0.8185998721918335
Chongqing Municipality,383,gennorm,1.854350901388875,-0.09430300912494669,0.8015950967366343,2.161604984608564,-0.028535391594899484,0.8951270853971087
Chongqing Municipality,384,gennorm,1.9043368145649036,-0.09856161187997121,0.8007436765895711,2.2099882895463216,0.005103689777095355,0.8359403233047903
Chongqing Municipality,385,gennorm,2.180319598340315,-0.08149377131289384,0.8482744282211818,1.9803317930471214,0.03410003552730062,0.802117759412017
Chongqing Municipality,386,gennorm,1.7778264371774086,-0.11531768192842648,0.7323137645862074,1.9734110041501842,0.04285784954544242,0.8041453227861135
Chongqing Municipality,387,gennorm,1.8730565072275867,-0.09602873695194833,0.7804986228223443,2.150911726278479,-0.007659138059657018,0.8029088130571174
Chongqing Municipality,388,gennorm,1.8030661331390094,-0.10786093870340518,0.7466735640066282,1.9717488273229424,-0.011619352062677443,0.8082298575143663
Chongqing Municipality,389,gennorm,1.8489560845697455,-0.0772088246364458,0.7754008404502202,1.7993792651108156,-0.03467273274515101,0.7902139190505741
Chongqing Municipality,390,gennorm,1.9303628154232002,-0.06648684112880907,0.8183584703939226,2.012224320764358,0.012030846843741023,0.8127822606742836
Chongqing Municipality,391,gennorm,1.8527320910441396,-0.13566284475507476,0.7937346428993854,1.9371130733262976,-0.0020736982623503998,0.8084445461403545
Chongqing Municipality,392,gennorm,2.0187315410525213,-0.04657941000723918,0.8384892644091309,2.2726658273503775,-0.10785909168299099,0.8758715599189952
Chongqing Municipality,393,gennorm,1.700814882065122,-0.09681581556105995,0.7726936022191195,2.018671777413915,-0.02678885912562641,0.8275255316407681
Chongqing Municipality,394,gennorm,1.8223431240794943,-0.08318432105200474,0.7708862373446155,2.361631466890178,-0.027205928813431896,0.8440369689747758
Chongqing Municipality,395,gennorm,1.8209130019829902,-0.08118836763174869,0.7910941105041822,2.054820852223881,-0.024216666939706484,0.8392199874064313
Chongqing Municipality,396,gennorm,1.3135404155033175,-0.11743149531027566,0.6064121791152957,2.0190803984576133,-0.0046746641513091824,0.837743133395539
Chongqing Municipality,397,gennorm,2.1520353012836484,-0.12904099754840195,0.8241318473500279,2.35694381344614,0.050316066802437054,0.8771624277428229
Chongqing Municipality,398,gennorm,1.850174378985438,-0.07122757843953745,0.794325824719327,1.9361710315581107,0.017210685746258433,0.7979116411688425
Chongqing Municipality,399,gennorm,1.8131937914070342,-0.06695715758735127,0.8115595748595446,2.007676131330612,0.03280717162303141,0.8190962355919904
Chongqing Municipality,400,gennorm,2.1256374697177858,-0.08757953853161773,0.8878516143492312,1.7157344310576352,-0.013545016606052966,0.7361827500642939
Chongqing Municipality,401,gennorm,1.6942800516252507,-0.1377009794489239,0.7354357466691381,2.2854633506955286,-0.010220004077868869,0.8501984987500422
Chongqing Municipality,402,gennorm,1.84632213032733,-0.060382057333227934,0.7912651259831818,1.826061106619608,-0.023823257354622963,0.7592517198255375
Chongqing Municipality,403,gennorm,2.087907145787929,-0.07073740474356126,0.8367642535488421,2.197122114610811,0.014920578595520286,0.8329334107174902
Chongqing Municipality,404,gennorm,1.6821894807682918,-0.060795618695842366,0.7629090426674325,2.477973153833858,-0.03031492963525251,0.8635696113586222
Chongqing Municipality,405,gennorm,1.6610558601007188,-0.09534602668614212,0.7357327941821508,1.920640518231039,-0.01070076998923655,0.8272291687045303
Chongqing Municipality,406,gennorm,2.006197000670057,-0.049800262787826635,0.8393604336438973,2.5398881440497725,-0.052499535453087845,0.8982495572149063
Chongqing Municipality,407,gennorm,1.4639723210330744,-0.06384025959505846,0.6817369216348634,2.0142420213228567,-0.007744675494577427,0.81707325638537
Chongqing Municipality,408,gennorm,1.9045261433351182,-0.04816808905036884,0.8005122740376631,2.228976002474883,-0.05009583778334406,0.8481655718809019
Chongqing Municipality,409,gennorm,1.9879009432291,-0.07803594537245495,0.7870169542246552,2.397135098823374,-0.040872115320482405,0.9131978723526029
Chongqing Municipality,410,gennorm,1.8991951732858654,-0.10395761447697179,0.7544296841736134,2.2279241511531884,-0.035880617594389985,0.8626795507927216
Chongqing Municipality,411,gennorm,2.0627470701720036,-0.061037695298488986,0.8660977064385114,2.0346398593856128,-0.0005549006355475686,0.8055538252505512
Chongqing Municipality,412,gennorm,2.1648428446372945,-0.07088332881371032,0.8444224349094362,2.0855785864259655,0.015518134129702734,0.8200064269248961
Chongqing Municipality,413,gennorm,1.936589348976784,-0.08126539844889122,0.7981628529405165,1.9391128923695837,-0.00769241340728833,0.8555964451839673
Chongqing Municipality,414,gennorm,1.6546707523614939,-0.12342096455049001,0.7060408450569708,2.1455048449337752,-0.0059540082888082674,0.8187763999548385
Chongqing Municipality,415,gennorm,1.976496650094365,-0.021785986620357814,0.8244957282090315,1.9808465768415031,-0.024378570142811,0.8364611641256104
Chongqing Municipality,416,gennorm,2.118203626366722,-0.045210999671364736,0.8339416811808177,2.328384347952371,0.03049967932776827,0.844040742073152
Chongqing Municipality,417,gennorm,1.850052145228072,-0.08494964639661498,0.7907683253852686,2.2722507778798464,0.010113426550231668,0.8571925984296446
Chongqing Municipality,418,gennorm,1.7122835149024829,-0.06657306627423548,0.7963288740767791,2.1323056389568027,-0.011387493471642918,0.8026193195214455
Chongqing Municipality,419,gennorm,1.6800806352277005,-0.07575725754265414,0.7301827312698397,2.1600410388070346,0.005584033138499141,0.8090660336111515
Chongqing Municipality,420,gennorm,1.901666170062176,-0.09990045687404167,0.8130445020526251,2.0119282066076147,-0.019675563891799284,0.7839716613493322
Chongqing Municipality,421,gennorm,1.5660687660818975,-0.06729613566069023,0.6735183911492773,2.2580114672090312,0.0041054313862391,0.8534381075407576
Chongqing Municipality,422,gennorm,1.942279687044207,-0.12870539363678932,0.8128201674860206,1.800834454768466,0.03869605702320905,0.7451918107210356
Chongqing Municipality,423,gennorm,1.8621577077564107,-0.07891894605359573,0.7675629034798763,2.178434291403218,-0.06221384229675936,0.8386448001356144
Chongqing Municipality,424,gennorm,2.162787370250131,-0.03545046696636042,0.8127256579619196,1.9530608295044711,0.011754488234992925,0.8419013001077859
Chongqing Municipality,425,gennorm,2.424286828433287,-0.07512665287810796,0.9313159747718238,2.056525406695225,0.02577171846169876,0.8030523257776723
Chongqing Municipality,426,gennorm,1.6796813265963109,-0.10006242127651845,0.7077088090818489,2.016566415478051,-0.005695907743476248,0.8320963095878269
Chongqing Municipality,427,gennorm,2.0877305163624778,-0.08850687323551673,0.8168248456043271,1.9918077626024866,-0.015514980972301268,0.8159346493084441
Chongqing Municipality,428,gennorm,1.777943455404988,-0.08425525870123067,0.7651237631219001,2.236851577733873,0.01550313904998654,0.8613917613648407
Chongqing Municipality,429,gennorm,1.610042683521665,-0.09557273891494605,0.6681990609285331,2.16918700100974,-0.010930871783266911,0.8634473498380764
Chongqing Municipality,430,gennorm,1.763380169976692,-0.11759964982270388,0.7103024452386153,1.9067656558419321,-0.022503852521309813,0.7889804718102742
Chongqing Municipality,431,gennorm,1.88188539438993,-0.10599031582113072,0.8527199154832836,2.1607418127054343,-0.047067943130676804,0.8476612683960261
Chongqing Municipality,432,gennorm,1.825480215316253,-0.11983255929907305,0.7912337043323181,1.9977703958717572,0.013472740151388565,0.7998729519059757
Chongqing Municipality,433,gennorm,1.6737455312179785,-0.04522156855524348,0.6824835651141918,2.3514655172732057,-0.02246185814567056,0.862689763989022
Chongqing Municipality,434,gennorm,2.153080275481542,-0.07810690980676321,0.8625707389398725,2.4722523550608946,-0.03387674884781962,0.8344462725595987
Chongqing Municipality,435,gennorm,2.1536696462449587,-0.053450134736038796,0.7654222435770623,1.8200221295683785,0.01706039658166665,0.7646446962291376
Chongqing Municipality,436,gennorm,1.9000916380938402,-0.12581223973848407,0.8005097991486467,2.1836422488626983,-0.01891155105267378,0.8466132213650361
Chongqing Municipality,437,gennorm,1.9899522486980445,-0.04528831388028881,0.7923402324180944,2.040145926576373,0.00028709709660396294,0.8537595026342026
Chongqing Municipality,438,gennorm,1.8257977103141956,-0.12164404939306428,0.7812674903787058,2.4348070220840454,-0.014552473654198268,0.865916158830516
Chongqing Municipality,439,gennorm,1.8981308774618526,-0.057908897202918204,0.7560843223228412,2.316877755721853,0.02924614097798295,0.8956339617289295
Chongqing Municipality,440,gennorm,1.8180523984280894,-0.10584209050354074,0.7453759215248636,2.208029648732327,0.015183417535340513,0.866974073046817
Chongqing Municipality,441,gennorm,1.6260890987394563,-0.07443616189319004,0.7411353917106831,1.8186529872902188,0.04132275135092582,0.7162915870872485
Chongqing Municipality,442,gennorm,1.7812780499394318,-0.09250728754575316,0.7724326903157541,2.108954757975254,-0.010914770674295363,0.8158188942904316
Chongqing Municipality,443,gennorm,1.9281849552883727,-0.11333723443947316,0.7728575029011084,1.9253304669203772,0.007588919713080752,0.7815365194764583
Chongqing Municipality,444,gennorm,2.0507948518835537,-0.08738293012483261,0.801523230070573,2.0716029079050475,0.0229436513984207,0.8240438175767977
Chongqing Municipality,445,gennorm,2.0437632959737835,-0.10798958150764319,0.8827278097396928,2.0853758694681446,-0.02666293334255386,0.8552703573300076
Chongqing Municipality,446,gennorm,1.901557447997713,-0.07676773707495384,0.8043539751348237,2.5558129967355097,-0.050123008117651344,0.9152367477603711
Chongqing Municipality,447,gennorm,1.6590326461840714,-0.089524792724033,0.7683645764116326,2.0749591849454125,0.02728515068191501,0.7903668821258858
Chongqing Municipality,448,gennorm,1.6825337520487902,-0.0774611646580278,0.7323458413434026,2.538327649087493,0.0015031987637244564,0.904477213533856
Chongqing Municipality,449,gennorm,1.7069727787987512,-0.11930736019337032,0.7503025813100674,2.02216126491892,0.015100727392856882,0.8061427384983326
Chongqing Municipality,450,gennorm,2.1136991303517547,-0.10945539987395247,0.8233701548312459,1.9293134716226246,-0.02651736880775605,0.7742787904448285
Chongqing Municipality,451,gennorm,1.8102278754036676,-0.08496639110768023,0.7310640009824754,2.361465901146411,-0.00883519771181742,0.8363107171388584
Chongqing Municipality,452,gennorm,1.8303544982704458,-0.10741234106674447,0.7629087839783799,2.0075694196075955,-0.012751570564028071,0.8180249532853864
Chongqing Municipality,453,gennorm,2.20174319179549,-0.03626944105852278,0.8589595994670127,2.280487987262573,-0.05157009477270282,0.8692040447690701
Chongqing Municipality,454,gennorm,1.941058812133952,-0.11064282632438258,0.8336707351791117,1.9402678922862988,0.04416530778758176,0.7847582865863422
Chongqing Municipality,455,gennorm,2.3366887066737254,-0.076201485227849,0.8987420261539434,1.69843024047118,-0.03430812360145173,0.7478179480204117
Chongqing Municipality,456,gennorm,1.8331842662312305,-0.10939606055221626,0.7564881151583371,2.31423570129932,-0.02561073380579557,0.883166404290591
Chongqing Municipality,457,gennorm,1.9323488532625408,-0.09926433006433892,0.7543625947173429,1.8602762548934355,0.005596852988706372,0.7816427772107561
Chongqing Municipality,458,gennorm,2.0455358277369973,-0.10533928319019137,0.8177122865379005,1.9153444758244826,-0.01741008033720032,0.8086018816771625
Chongqing Municipality,459,gennorm,1.8095169985271191,-0.10418521088472796,0.7474135531815057,2.1501921072350356,-0.02774658797023035,0.867741489451666
Chongqing Municipality,460,gennorm,1.7312484538336348,-0.07702516645967658,0.725925086443441,1.9484011431866386,0.03959180700761693,0.7646451623896529
Chongqing Municipality,461,gennorm,1.7789118860467892,-0.1011486246025558,0.7516279279383291,2.051934981716018,-0.008847740181888504,0.8428484224734965
Chongqing Municipality,462,gennorm,1.798571747278058,-0.08572004383496204,0.7530815313380296,1.943955235729264,-0.014537490499470531,0.799593241158878
Chongqing Municipality,463,gennorm,1.9432048293248572,-0.061734057805867604,0.7823001304225389,1.8650484481843588,-0.03805723471127698,0.7584858931557596
Chongqing Municipality,464,gennorm,1.8606273971321823,-0.04883562303835068,0.7826073198813601,1.9530012174230764,-0.010938966063855244,0.7515715920161241
Chongqing Municipality,465,gennorm,1.9149954036287347,-0.12451485565671552,0.8139631170413795,1.9749024586979997,0.011599329175546836,0.7882963846291485
Chongqing Municipality,466,gennorm,2.0469486866154156,-0.13741051676006255,0.8479482626306363,2.210939062682355,0.012570639444235029,0.7686150704427231
Chongqing Municipality,467,gennorm,2.1195699341310847,-0.07210414069837023,0.8523942740576604,1.8333694908647464,0.021527265175581484,0.8102921190321086
Chongqing Municipality,468,gennorm,1.7181914485624248,-0.09042243142881748,0.7362118583694934,1.8340000848052713,0.017404531840077245,0.7520324984127031
Chongqing Municipality,469,gennorm,1.6462313687650378,-0.0890679923737082,0.6980879035474941,1.84316064965238,0.03132704961522505,0.79797593124289
Chongqing Municipality,470,gennorm,1.9355246821604792,-0.11195783767133188,0.7779838806525097,1.75486328021364,-0.020692006488807202,0.7763361957631274
Chongqing Municipality,471,gennorm,1.8232519333202384,-0.11435578357286177,0.7778105228169113,2.3538754412410547,-0.006510758908353271,0.9011478777209823
Chongqing Municipality,472,gennorm,1.7521801564317734,-0.03932174866568555,0.7331688743778279,2.0549431273442034,-0.029250484543986845,0.8291895673389145
Chongqing Municipality,473,gennorm,1.9398751041333528,-0.12640600460759463,0.7858869676960843,2.2867879429384166,0.02582509622796085,0.8652874077618561
Chongqing Municipality,474,gennorm,2.139919217878723,-0.06175553720298668,0.8880494906865193,2.573197915703683,0.011891134727259098,0.8864593880058744
Chongqing Municipality,475,gennorm,1.8764045303323817,-0.13432088358634656,0.7632339675739147,1.91520327949929,-0.043045144180562475,0.8413250047155366
Chongqing Municipality,476,gennorm,2.2530560920618763,-0.056185040318732955,0.8747633207024403,2.4162038768571232,-0.05750939672346003,0.86943658763244
Chongqing Municipality,477,gennorm,2.1871643209002043,-0.10030183977302665,0.8934575303031347,1.8223483361545965,0.0023155146249718038,0.7768663349401803
Chongqing Municipality,478,gennorm,1.7834116497297772,-0.08103789926601716,0.7665034495986089,2.0618976855611226,0.03425183224227654,0.8095891947816278
Chongqing Municipality,479,gennorm,1.9721517551194063,-0.07991165695845764,0.795470701993341,2.134250498062894,0.030961405506744304,0.8412772683857506
Chongqing Municipality,480,gennorm,1.6749314152919776,-0.09908644794699167,0.7207828242148915,1.9099188041701303,0.022487951594887402,0.7964319101258277
Chongqing Municipality,481,gennorm,2.06032085243182,-0.09682837260863453,0.8271404051004243,2.148529633516292,0.0013176907711647552,0.831682240481457
Chongqing Municipality,482,gennorm,1.9322712723504756,-0.10608749240279923,0.8083046896970081,2.1152020911408744,-0.034259834441018405,0.8359064265884362
Chongqing Municipality,483,gennorm,1.7300527957783016,-0.11427197091969045,0.783554869420876,2.817310273599335,-0.0034743334039721322,0.90919382686852
Chongqing Municipality,484,gennorm,1.7941792004396686,-0.13146716941033582,0.807515518099115,2.3266502181835227,0.0018935425773937723,0.8382113102169981
Chongqing Municipality,485,gennorm,1.7359065872948838,-0.05883657271493051,0.7386733741834421,2.03657807906362,0.006156202900516558,0.778286677718948
Chongqing Municipality,486,gennorm,1.8255950598063981,-0.09378167233598847,0.7711269777436989,2.679284394998938,-0.04617687239583207,0.9841639301600764
Chongqing Municipality,487,gennorm,1.715183692941774,-0.11550835080988867,0.7437348021128651,2.089541645942933,0.01772174122390827,0.8354987254008932
Chongqing Municipality,488,gennorm,1.894862062438294,-0.09656902055979638,0.78522790204045,1.940125842645113,0.032553198518693004,0.7582876603558558
Chongqing Municipality,489,gennorm,2.2323481347558944,-0.10123548685563893,0.8709644178579314,1.9179727082635931,-0.008331495603995006,0.8130079291437842
Chongqing Municipality,490,gennorm,2.514601098695609,-0.08049400644545604,0.9310297055655179,1.7627072945942697,-0.014586699353876208,0.7672767917023658
Chongqing Municipality,491,gennorm,1.9416739337167153,-0.14085468401329382,0.8055383020239038,2.2323690867139305,-0.00657634375321395,0.8901062684966707
Chongqing Municipality,492,gennorm,2.283773007531438,-0.1154116053799018,0.8398889807885148,2.168992909066036,0.01738683231997321,0.9135120035629165
Chongqing Municipality,493,gennorm,1.9482334281789089,-0.06896107426922107,0.8317541561512198,1.9540128518132378,-0.012621355897290788,0.8232951223811502
Chongqing Municipality,494,gennorm,1.7433856871060933,-0.07608256707098321,0.7474268665030932,1.9927091320922488,-0.07086691660129865,0.786294026327379
Chongqing Municipality,495,gennorm,2.0263306406805888,-0.08209604614360354,0.8414158440911044,2.7609174881457403,0.028134379090750228,0.9832280880743818
Chongqing Municipality,496,gennorm,1.7317724451546899,-0.08091985824969405,0.7742640784182242,2.1592362965253638,-0.038129041382047694,0.8361359138875102
Chongqing Municipality,497,gennorm,2.165251240974462,-0.06484705451163775,0.8649677812378943,2.2395138255965064,-0.030137517983983765,0.8883068396118896
Chongqing Municipality,498,gennorm,1.945877577511062,-0.1103352018906317,0.7924166709728617,1.9627963228070644,0.04450788293237104,0.7765742634582178
Chongqing Municipality,499,gennorm,1.6033052873043796,-0.09010999122508764,0.6994846421368086,2.260944535897262,0.009584944426348763,0.8518736100360227
Chongqing Municipality,500,gennorm,1.5929542214050652,-0.08804971209617843,0.7419642618664875,1.8455084951370597,-0.04557922423596678,0.7811969243444209
Chongqing Municipality,501,gennorm,1.7325891654594558,-0.09475875070533737,0.7355206247608929,1.9808223327800372,-0.033770898006379835,0.7954424137709737
Chongqing Municipality,502,gennorm,1.6374090433177022,-0.09161319770097365,0.7415724935685886,2.161471911877027,-0.0351892765225144,0.837917968095523
Chongqing Municipality,503,gennorm,1.861964961961819,-0.06551315565586428,0.7745906005375959,2.271534080824719,-0.0073002042061767105,0.815119244489213
Chongqing Municipality,504,gennorm,2.1528628334292153,-0.12120343605799817,0.8020367505661853,2.0972359463879444,-0.030274874522296012,0.8074306359229182
Chongqing Municipality,505,gennorm,2.1052327141181273,-0.05121596712374447,0.8117337703127183,1.8845719737931899,-0.01493864845563412,0.7674393151454904
Chongqing Municipality,506,gennorm,2.196091075855324,-0.07567042263952717,0.8692812637999819,2.118269846049035,-0.024083460013840416,0.8123741760521488
Chongqing Municipality,507,gennorm,1.8816581698879595,-0.06467820277552641,0.8350815801049273,1.9824076919706404,0.06934437206025564,0.8207134635850366
Chongqing Municipality,508,gennorm,2.1519890256537755,-0.09313197543584445,0.8887738004498165,2.1030291581112452,-0.01794016510724365,0.7851508853347064
Chongqing Municipality,509,gennorm,1.6625763497710795,-0.11142004522383087,0.6942081953358814,2.154986625309769,0.007280199475764933,0.8369268297551644
Chongqing Municipality,510,gennorm,1.9329820236408983,-0.10341624992975235,0.8093860278482493,2.2813820337384505,0.003622710193205815,0.876844376632655
Chongqing Municipality,511,gennorm,1.7479501096165109,-0.09606805531715397,0.8039912380245773,2.262028260579645,-0.03729362363498649,0.8619351944514846
Chongqing Municipality,512,gennorm,1.884778399054711,-0.10276176674089343,0.7966647907849089,2.3798974270857456,-0.0038767543159895917,0.8284636464417134
Chongqing Municipality,513,gennorm,2.0102807801990683,-0.08409790155728739,0.8005536164384899,2.168730477362017,-0.02010017387530451,0.9111677116511476
Chongqing Municipality,514,gennorm,1.844775110382132,-0.09177758601825636,0.7948080635910002,2.1346526278439937,-0.03304739389126922,0.8659187641782995
Chongqing Municipality,515,gennorm,1.8407121356871627,-0.07219407007371953,0.7802182466244617,1.7474532651658319,-0.02301154528422636,0.7541959217314
Chongqing Municipality,516,gennorm,1.8315288656852218,-0.14953912322637242,0.7599890057252088,1.9363854732124608,0.026127100388381033,0.8090791830271218
Chongqing Municipality,517,gennorm,1.8566379498679446,-0.08062204213901109,0.8177815025061732,2.4528029419972968,-0.042805863302181835,0.8553739155253286
Chongqing Municipality,518,gennorm,1.7166849856882345,-0.12491398530421358,0.7307509415925355,2.2119893734829397,-0.013453927376932025,0.8581203316318093
Chongqing Municipality,519,gennorm,1.8027006069811158,-0.06797935301040171,0.7320664882780384,2.0546953313531975,-0.026053221154037305,0.8454280236291838
Chongqing Municipality,520,gennorm,1.5930223976046736,-0.1277746063342483,0.6928747869564376,1.9854629997578803,0.008287190660641586,0.8266494562209472
Chongqing Municipality,521,gennorm,2.236341267589303,-0.10704224345997626,0.8540093672489713,1.864997767910828,-0.018723805308768597,0.8188530554939313
Chongqing Municipality,522,gennorm,1.8065923363706196,-0.10889920493399946,0.8226607226671574,2.00083873188507,0.018409025503244227,0.8096598665537913
Chongqing Municipality,523,gennorm,1.5797897233144431,-0.12530101436718788,0.7138444982189165,2.102075376746389,-0.01537184117868325,0.8207781920751631
Chongqing Municipality,524,gennorm,2.2290533137893567,-0.08205321767608281,0.8732806100341353,2.035226287657428,0.021305338463852037,0.7912043606395185
Chongqing Municipality,525,gennorm,1.8555749050079102,-0.0725706674354919,0.7803339264557869,1.900094312372857,-0.023719180211386776,0.8185275633480215
Chongqing Municipality,526,gennorm,1.9995537218062847,-0.10131611422690055,0.8079944988811305,2.106679046208619,-0.025941706904984548,0.7853442946393343
Chongqing Municipality,527,gennorm,1.6105341290634754,-0.0911926120356589,0.6898660959955498,2.506633089481123,-0.027405789528270323,0.9012351903004991
Chongqing Municipality,528,gennorm,1.9097625798753237,-0.08911476465631948,0.7918452925229873,1.9688505864604982,-0.014330582806872053,0.7754410984813942
Chongqing Municipality,529,gennorm,2.300676505778925,-0.10939170462962107,0.8954926299914958,2.113106450889358,-0.0410009341161478,0.790163887510929
Chongqing Municipality,530,gennorm,1.9062456751768666,-0.09039677604945276,0.8097189528802882,2.0256421705784717,-0.017810606507744534,0.8077919807751421
Chongqing Municipality,531,gennorm,1.822970429922609,-0.08246163174028792,0.7887976176857713,2.350602587215381,-0.013255681116423376,0.8366134972936076
Chongqing Municipality,532,gennorm,1.9494406565896718,-0.08143752305885477,0.8180338917417601,2.1405276912599964,0.003784274527143343,0.7963699617045458
Chongqing Municipality,533,gennorm,2.07240912352236,-0.1539979641569963,0.8374633844544772,1.8760894420370158,-0.011770564817356426,0.7494734469539381
Chongqing Municipality,534,gennorm,2.020762885792941,-0.06722754214389906,0.817771952901436,2.0414759317693267,-0.01488132359932674,0.8141880679219917
Chongqing Municipality,535,gennorm,2.2769827946498316,-0.09780861106815585,0.8505440441108856,2.0918887644445148,-0.023846295334906044,0.8205102584996768
Chongqing Municipality,536,gennorm,1.8208500580820728,-0.10831341841980968,0.7848099048455466,1.9581671985886606,0.0044041535960545955,0.8373587351121159
Chongqing Municipality,537,gennorm,1.8629427970586856,-0.1332041515609423,0.7671955485366223,2.2366002246061267,-0.05120727391653802,0.8623242673659057
Chongqing Municipality,538,gennorm,1.8578814964524382,-0.10197091755045917,0.7542899142609356,2.150591842587619,-0.013066183823764808,0.8786018635890807
Chongqing Municipality,539,gennorm,1.9635362590263497,-0.09496648264261728,0.8541466189838641,2.2079641586440744,-0.027901325181954355,0.8730186505324214
Chongqing Municipality,540,gennorm,1.5687138089046542,-0.050577071816601066,0.7194365313831577,2.0974140058813298,-0.0029779147808136897,0.8105978487009653
Chongqing Municipality,541,gennorm,1.6396784001672204,-0.11620096821453868,0.7445986707237656,2.2081680182845886,-0.013930551164166593,0.8217534629494434
Chongqing Municipality,542,gennorm,1.8321642792548776,-0.10833008958115559,0.7955091428697875,2.1293162997784028,0.04972222797636325,0.810729446440664
Chongqing Municipality,543,gennorm,2.0463788303391945,-0.07653071276391125,0.8285155018052979,2.9207866963473776,0.0460464897625418,0.9006889055675573
Chongqing Municipality,544,gennorm,2.014036504745968,-0.09611033017566434,0.8436742989053021,1.865627358204872,0.022393468915416534,0.7599996658421277
Chongqing Municipality,545,gennorm,1.7677872932196368,-0.08429424848015114,0.7386722620487258,1.8778099883775299,-0.0016193254138413484,0.7756711278706107
Chongqing Municipality,546,gennorm,2.330382463356098,-0.09819200925397686,0.8671186352101949,1.9059070730657295,0.007390597545993609,0.7524207544369681
Chongqing Municipality,547,gennorm,1.7197232327277,-0.08220214137112683,0.7668092487217412,2.5098459775395288,0.007344164784070711,0.9033997583653841
Chongqing Municipality,548,gennorm,1.8873250107603492,-0.07933960978619027,0.8009030457314839,2.227235358578149,-0.020103124359261603,0.860230191126923
Chongqing Municipality,549,gennorm,1.855601554000442,-0.06338807555156342,0.7689961377016556,1.9877229102051337,-0.0024818381077868915,0.8290898073726859
Chongqing Municipality,550,gennorm,1.9186047376091433,-0.06550382380736802,0.789333870402794,2.0576609511683515,0.0016257344143455255,0.8326835593121227
Chongqing Municipality,551,gennorm,1.5955282743156505,-0.07066781910530637,0.7274318043615636,2.124873758295326,0.0005919232540574494,0.8684023722841117
Chongqing Municipality,552,gennorm,1.9943086096443858,-0.09496309447768352,0.8338943145220379,2.5830977424813595,-0.0054820026198603745,0.8673814745255612
Chongqing Municipality,553,gennorm,1.5436253576216967,-0.1398273949903574,0.7028377475261233,1.6680426421462826,-0.01864165836182215,0.7804889188152777
Chongqing Municipality,554,gennorm,1.952604640203206,-0.09057886307826638,0.7479352383140719,1.7527459922054391,-0.02474380244497349,0.7225822147400764
Chongqing Municipality,555,gennorm,2.0430957872445807,-0.0851222670085102,0.8288975665129192,1.9243178414149948,-0.03515422797334569,0.7597411859282897
Chongqing Municipality,556,gennorm,1.9003716357264284,-0.10124223169901658,0.7675438825305074,2.0540929739202407,0.01967116619410415,0.8235690349937994
Chongqing Municipality,557,gennorm,1.7459152605453312,-0.09203217951988919,0.7505675800266918,1.9629957509605807,-0.0018749251836516303,0.8377185082292282
Chongqing Municipality,558,gennorm,1.49379217160025,-0.04130283204522961,0.6992198599613008,2.398679688940847,-0.032657669151468616,0.8631913482652727
Chongqing Municipality,559,gennorm,1.8852304490979646,-0.0789626151436166,0.7873413243757721,1.9730085488975913,0.002356867678994504,0.8310191628724637
Chongqing Municipality,560,gennorm,1.7696419916293942,-0.08680183262000127,0.7327700817965939,1.9750996038326076,0.007342209962336822,0.8133471672580788
Chongqing Municipality,561,gennorm,1.6868196982497397,-0.09667470481554197,0.7341860318897566,1.9542153485461,0.029070247141143785,0.789780809300179
Chongqing Municipality,562,gennorm,1.5815278803263357,-0.054368424049456535,0.6928194460683228,1.7964589767258872,-0.016316711201698197,0.7303168269819853
Chongqing Municipality,563,gennorm,1.94472702671171,-0.11344066672737152,0.7955106595925612,2.1722628752415574,-0.017999101446411203,0.8800930537674211
Chongqing Municipality,564,gennorm,1.8706304588223692,-0.055030085727055894,0.8255974737690972,1.968407303305602,-0.03203824301173505,0.8030316364498822
Chongqing Municipality,565,gennorm,1.8364751685479832,-0.1287267490941367,0.7830203710242418,2.167828382943995,-0.03277132450379046,0.8146957487619382
Chongqing Municipality,566,gennorm,2.0108258469295968,-0.09327995249589972,0.7982426396960971,1.8000650757365428,-0.009723965907244617,0.7805913742302659
Chongqing Municipality,567,gennorm,1.7964714778922795,-0.11898934414614717,0.7811899181370969,2.173365188673844,0.00533673253100392,0.8564686411071597
Chongqing Municipality,568,gennorm,1.9772196401796736,-0.09645822197032985,0.7788776146912876,1.7160485712503932,0.0025400049469511857,0.7443777113750238
Chongqing Municipality,569,gennorm,2.1905829455053203,-0.0924155039697162,0.8514048306518274,1.7362406252537737,0.01845683686396489,0.7352663359035321
Chongqing Municipality,570,gennorm,1.8254939408350832,-0.11027719032376601,0.7355337788520444,2.3506417587880115,-0.040333838703648144,0.8804887917684544
Chongqing Municipality,571,gennorm,1.7250859334778306,-0.07755493822462861,0.7447060879179545,1.926646262839037,-0.009915468251349478,0.7791373329103987
Chongqing Municipality,572,gennorm,2.1154765158607907,-0.07946720092097662,0.8060054831153725,1.9539613495711112,-0.013419903072792227,0.7923023192355572
Chongqing Municipality,573,gennorm,2.2036053146657224,-0.07217801888229906,0.8679137210605917,1.937536183389415,0.03522231501287182,0.8225995978367622
Chongqing Municipality,574,gennorm,1.7732030108786647,-0.12000895675059509,0.7697827489587697,2.0959077492052023,0.016268040400714178,0.8344402040091343
Chongqing Municipality,575,gennorm,1.9446175887892805,-0.1336665913865822,0.8172831225369358,1.7916574517952932,0.001739799337813948,0.7742834944923287
Chongqing Municipality,576,gennorm,1.614389528522267,-0.03723136032331695,0.7178192870912509,2.4465478478423397,0.0074211804988375905,0.8620362769359748
Chongqing Municipality,577,gennorm,1.969300494028472,-0.09611627555931443,0.7914846285486835,2.2921174692409423,-0.004400966778374125,0.8815111867625545
Chongqing Municipality,578,gennorm,1.7985280628215383,-0.07179736113126117,0.7776328246214106,2.3707310534689556,0.0037285211175250945,0.8723924162951427
Chongqing Municipality,579,gennorm,1.8635427199222432,-0.0910195585322982,0.776064359769674,2.3228806592295577,-0.014665740807321064,0.8730781227494113
Chongqing Municipality,580,gennorm,1.6319859967028898,-0.12238922795193022,0.7071241548343035,2.165670633373095,0.005261198499545864,0.8132192805990366
Chongqing Municipality,581,gennorm,2.2761801694326094,-0.060458375225865675,0.8910610113873277,1.9891500295604283,-0.025503537159513267,0.8301906218716213
Chongqing Municipality,582,gennorm,1.8188180902213007,-0.098037791927088,0.76109504071178,2.42217159217041,-0.0637107548810315,0.8691217550845388
Chongqing Municipality,583,gennorm,1.9600200934841148,-0.12893519769885473,0.7728840708225869,1.8967373213989622,-0.032212339813642896,0.7514769757742902
Chongqing Municipality,584,gennorm,2.085830440222419,-0.042198671354521614,0.8472940621898208,2.3964881959257696,0.004388246032120152,0.88729622199972
Chongqing Municipality,585,gennorm,1.7711431887259281,-0.10045099440242715,0.7447430375501161,1.9644734834351265,0.000324420956979131,0.7844824775855043
Chongqing Municipality,586,gennorm,1.9257021336911002,-0.09554308292690623,0.8159290189161921,2.038245574411518,-0.027468702142310588,0.862631285418604
Chongqing Municipality,587,gennorm,1.8529973172920722,-0.11845618928913254,0.8159699676137139,2.3178973120874184,-0.0753597881252214,0.8081489283963506
Chongqing Municipality,588,gennorm,2.0581636160640184,-0.08985546744339323,0.851133903634385,1.8590628323628882,-0.02387309747970718,0.7958581997789728
Chongqing Municipality,589,gennorm,2.081455817464236,-0.05464833592766448,0.8348032291509909,2.4181548570610425,0.023213702202969984,0.8978599302528137
Chongqing Municipality,590,gennorm,1.8151713231606745,-0.09225913073353023,0.7637663822957804,2.1461901017363783,-0.028791435471457273,0.8090277986397524
Chongqing Municipality,591,gennorm,1.7923214203526778,-0.07995470187559967,0.7822524759983867,1.7844612539025289,-0.0042784641497550045,0.7487885631948699
Chongqing Municipality,592,gennorm,2.0416766312034005,-0.11355689663510342,0.869741506736144,1.970140983522596,-0.041490503540457704,0.7975547379063201
Chongqing Municipality,593,gennorm,2.467441666660253,-0.05058930972219994,0.9015195687290243,1.9306316904605603,-0.015807125568896012,0.7901328306217523
Chongqing Municipality,594,gennorm,1.6284390915326346,-0.0960023594046171,0.737116723006654,2.040341507293369,0.011415592915476492,0.7883339416948935
Chongqing Municipality,595,gennorm,1.8235442670195225,-0.10017422831968822,0.7769161434664459,2.0625246811739366,-0.037290977824167446,0.8070675406605303
Chongqing Municipality,596,gennorm,2.1916289845313037,-0.09816442933377473,0.8468033268601984,2.0791677463760387,0.00900317345162225,0.8423200628048022
Chongqing Municipality,597,gennorm,2.082290666989281,-0.07261291576104294,0.8215361726164461,1.7219277585409534,-0.02205954735249019,0.768315324089262
Chongqing Municipality,598,gennorm,1.9913302576754486,-0.10428967040030647,0.796662901067126,2.097250484426443,-0.022991642521995766,0.8124587615990203
Chongqing Municipality,599,gennorm,1.5824735300212447,-0.09959487007683096,0.7260189973343009,1.8991288029742566,0.03520613290023242,0.7578834253605818
Chongqing Municipality,600,gennorm,1.7916697945977238,-0.05802880048960463,0.753776942285683,2.006143621475226,-8.088692558416506e-05,0.7968537603651955
Chongqing Municipality,601,gennorm,2.4509749234588774,-0.09801543237337672,0.862366029701727,2.533415882736782,-0.016641430800856387,0.9419863626220666
Chongqing Municipality,602,gennorm,1.7554521173435704,-0.08778036328786419,0.8014262494484851,2.2924985500038124,0.019593330586943646,0.8793492632671881
Chongqing Municipality,603,gennorm,1.6350333220538387,-0.11412003095640413,0.7256681127996365,1.9035157757273644,0.001742354834709837,0.7859088967553884
Chongqing Municipality,604,gennorm,1.715402449404751,-0.0913681242607666,0.7453114190176406,1.7387077997066889,-0.027491620306446956,0.73548764651442
Chongqing Municipality,605,gennorm,1.951233209661131,-0.08685262619603232,0.8329157380894019,2.2707723907940425,0.00743984691803354,0.8664297297828332
Chongqing Municipality,606,gennorm,1.5745259114010492,-0.11930522626097631,0.6777220163776438,2.3492869364037405,-0.028646758680770067,0.8816037079819965
Chongqing Municipality,607,gennorm,1.9928599463615706,-0.08585894685526124,0.8242538464645288,1.81925782303863,-0.03358387548143313,0.7953800523481351
Chongqing Municipality,608,gennorm,1.8037241217967512,-0.08726205672449927,0.7603317256162285,1.9767509744143967,0.0017671439488819302,0.7883296598588287
Chongqing Municipality,609,gennorm,2.1849958624645387,-0.07732474797572267,0.8163307631804644,2.003058567172401,0.010073449865422211,0.7837925236520752
Chongqing Municipality,610,gennorm,1.8417968672274685,-0.09099396976217748,0.7992863219537873,1.8910131074553667,0.009798545470098726,0.7645268895875119
Chongqing Municipality,611,gennorm,1.9350371078812223,-0.08783230075026276,0.7948043900300092,2.0639118522868776,0.005779959143926515,0.8350803331172165
Chongqing Municipality,612,gennorm,1.7271650460689223,-0.08411625093272224,0.7805423166880355,1.7323561391574118,0.0023967295449491568,0.7915727249420413
Chongqing Municipality,613,gennorm,1.6500907557599058,-0.10787750477745711,0.7423681362771617,2.305317183760861,0.005511542696145056,0.8970818865421204
Chongqing Municipality,614,gennorm,1.8816992954739273,-0.08207427357864909,0.7937427358107453,2.147236579959255,0.011098071118661477,0.8781182826347074
Chongqing Municipality,615,gennorm,1.7906936824522242,-0.10415739227287871,0.7619140574273584,2.3457393497958634,0.014420209397848622,0.907830276540965
Chongqing Municipality,616,gennorm,1.670328917756371,-0.1027701019001091,0.7468518290489761,2.354659393078462,-0.022425717769964708,0.851607263097463
Chongqing Municipality,617,gennorm,1.7297893257794765,-0.12837495512462652,0.7460791262099433,2.3524816382297216,0.004916402810200508,0.882852096314565
Chongqing Municipality,618,gennorm,1.8245465942390307,-0.08659266747430505,0.7829409446079303,2.3623678715642344,0.004978541053860931,0.85460758954546
Chongqing Municipality,619,gennorm,2.002675298234667,-0.12868605897105947,0.8510939674810636,2.2656037491982897,0.014547961184466413,0.8957924371353514
Chongqing Municipality,620,gennorm,1.8974646832489488,-0.10307829257042156,0.775800037993533,2.083460516664358,-0.0026683844341743907,0.8586306830122402
Chongqing Municipality,621,gennorm,1.682642966676403,-0.1355217593104175,0.739154694781,1.9660053154101558,0.006256707472478189,0.7811822559745019
Chongqing Municipality,622,gennorm,2.015995614196642,-0.061882145878519555,0.7951540024988384,2.1646622497726917,-0.024849862468027284,0.8328351670358032
Chongqing Municipality,623,gennorm,2.382323520483302,-0.09397280872018796,0.8493218190655244,1.864277946416579,-0.005501081790775244,0.8078722697539327
Chongqing Municipality,624,gennorm,2.0800077410660065,-0.08057233045343284,0.8705677467085349,2.4064876757429925,-0.008975740338434658,0.9159803162578579
Chongqing Municipality,625,gennorm,1.96548646320359,-0.085610089225987,0.8108520028766957,1.9643437770467056,-0.002229013843908249,0.7965987471607796
Chongqing Municipality,626,gennorm,2.0629625362592323,-0.07500885414934289,0.8515375880156006,2.1196883474609773,-0.03307504428247615,0.8556557398012006
Chongqing Municipality,627,gennorm,1.8381684426426372,-0.0860102635357436,0.7651194523964343,2.4279640735525643,0.024769597975711335,0.8546710268664234
Chongqing Municipality,628,gennorm,2.05710914741206,-0.08332610443125446,0.8103785705588402,2.0448928284984667,-0.03681336117491098,0.8103082085014353
Chongqing Municipality,629,gennorm,1.8767231081396392,-0.060599455842436936,0.8033482502496235,1.9725102253136164,-0.005852164831385913,0.8276133969312351
Chongqing Municipality,630,gennorm,1.8523540282306097,-0.08441179004690028,0.8296536586033796,2.348833052791318,-0.008100275982621492,0.8759426762617302
Chongqing Municipality,631,gennorm,2.2110633907859425,-0.13802478732734746,0.8325982003853682,2.1834881304141396,-0.0046482420581491065,0.8094131074784163
Chongqing Municipality,632,gennorm,1.6962886135770399,-0.05897360017617745,0.7659942120328227,2.0814159279955677,-0.015679305762811555,0.8304529418532864
Chongqing Municipality,633,gennorm,2.023108097173142,-0.08465220172899451,0.8309261758659987,2.632661592565819,0.0020935481733920023,0.9245648563948838
Chongqing Municipality,634,gennorm,1.6434980467811167,-0.05306671714157976,0.7164963073939428,2.323986733638351,-0.010765856486615374,0.8643726039033212
Chongqing Municipality,635,gennorm,2.142048088386866,-0.08171263581172844,0.8894648019288252,1.7963845204601303,-0.03584987259427895,0.8021508175181029
Chongqing Municipality,636,gennorm,2.031607901475703,-0.08233034874315964,0.8768534879077301,2.0471567585155594,0.033719847492243465,0.8215221624699787
Chongqing Municipality,637,gennorm,1.761001878641756,-0.026858604320820816,0.7976389168872079,1.9134539630367287,-0.02948476087162588,0.7537900202308956
Chongqing Municipality,638,gennorm,1.8927711809495265,-0.09429783692359214,0.8077808585328943,2.0067266014708602,-0.004572306787216377,0.7978792204400665
Chongqing Municipality,639,gennorm,1.94606290294058,-0.10639287759119931,0.8067410958881793,2.2247492118085272,0.028080884456304765,0.8264129090319511
Chongqing Municipality,640,gennorm,1.696723938547616,-0.05944122092384226,0.7511100708519712,2.2938037568877903,0.017928171380936987,0.8826996679618662
Chongqing Municipality,641,gennorm,2.12709106148864,-0.08614531613265644,0.8408806239606914,2.0840742702422004,-0.03637222330175682,0.823389375483014
Chongqing Municipality,642,gennorm,2.017431194360661,-0.09759597905856685,0.8027909771503261,1.9204460002037216,-0.02026000292294205,0.7758706884103619
Chongqing Municipality,643,gennorm,1.7120409511244472,-0.11091287094661814,0.7531919989811828,2.0712894092289886,0.0026884815533913965,0.7856032363014009
Chongqing Municipality,644,gennorm,1.6626608703477166,-0.08991149299650915,0.7248408228585215,2.469357852873635,0.02931453271945439,0.8870040204091705
Chongqing Municipality,645,gennorm,1.9724668973556665,-0.1004154644135121,0.8338790044749809,2.0756192590396747,-0.05148177677380941,0.8605021372535847
Chongqing Municipality,646,gennorm,1.9886553045517057,-0.12048145597736779,0.8058372199063996,2.440252146379083,0.016329540067144994,0.8537262428039869
Chongqing Municipality,647,gennorm,1.7566522530534407,-0.08637692814422537,0.7170700724526398,2.178610996106073,-0.0230287219960479,0.8689388500026971
Chongqing Municipality,648,gennorm,1.7749158224151966,-0.0897997923754158,0.7135083858117008,2.6032062643912477,0.04355052077243679,0.9000527231958493
Chongqing Municipality,649,gennorm,1.6821002828610347,-0.04786719006552917,0.723356271647024,2.0475390282996067,-0.00875666281379209,0.8520456926700763
Chongqing Municipality,650,gennorm,1.555592892174356,-0.11370362932763263,0.695639662148251,2.1216675033021266,-0.05138079006500842,0.8597243750977583
Chongqing Municipality,651,gennorm,1.9827482413381075,-0.1034112803965764,0.7872157399818629,1.9029355198777762,-0.029867409725657632,0.8181651820631322
Chongqing Municipality,652,gennorm,1.7415963407843436,-0.035208327552817185,0.7587326257798784,1.6721319804346992,0.001043998802475507,0.7278241918080124
Chongqing Municipality,653,gennorm,1.988866760777263,-0.11076709492978937,0.7715162267878147,1.8641485988542423,-0.05253806427862989,0.8039351326775002
Chongqing Municipality,654,gennorm,1.845826404596603,-0.07989305304473854,0.7740328882075351,2.0553172608237027,0.017915339078714107,0.7936116578354124
Chongqing Municipality,655,gennorm,1.7742451310094554,-0.09397896362547271,0.722499537474359,1.797372805571139,0.010040441270225641,0.7229816310230679
Chongqing Municipality,656,gennorm,2.1662806817641433,-0.06753335534275037,0.8870758099474898,2.071419516878448,-0.010899590458995537,0.8376367415888797
Chongqing Municipality,657,gennorm,1.9749649775270892,-0.09951964073524977,0.8396553007917049,2.0714543265588246,0.011198119118313789,0.8179577674823604
Chongqing Municipality,658,gennorm,1.8725829338009423,-0.10327340194083912,0.7861179695528624,2.1788938744983275,-0.050836338696266456,0.8309654143080097
Chongqing Municipality,659,gennorm,2.0223634280327234,-0.06745576729575248,0.8402296309151258,2.3395228053933863,0.003079830740964244,0.8801574152072088
Chongqing Municipality,660,gennorm,1.8739104254943286,-0.10436514824471843,0.8340523909499766,2.015418238794866,0.004032460534626956,0.8422794986488098
Chongqing Municipality,661,gennorm,1.7886672362847578,-0.04746802223951182,0.7829207954557703,1.7865835299041004,-0.007926068813393769,0.7829828386313685
Chongqing Municipality,662,gennorm,1.8430417010209665,-0.06584230122268533,0.8144490291451449,2.1733994083354533,-0.003439349680741991,0.8631880290964571
Chongqing Municipality,663,gennorm,1.8206223436052644,-0.09419104709738813,0.7884353666126571,2.412116713000649,0.007698195095517077,0.8739123770544458
Chongqing Municipality,664,gennorm,1.736216162844586,-0.07010146522039487,0.7892086755055158,2.0372483125941923,-0.011636962291973751,0.8597098906400713
Chongqing Municipality,665,gennorm,1.697525794143637,-0.0591721492361588,0.7025840698811026,2.1443051816456293,-0.0013446783890936121,0.8592622601743134
Chongqing Municipality,666,gennorm,1.8789240958828217,-0.05695545407730199,0.8047063012223137,2.26664733079559,-0.007019541478794475,0.8468459080572575
Chongqing Municipality,667,gennorm,1.9581538647278047,-0.0895738340227148,0.8479772163180341,2.0790736365206266,-0.04884913839683608,0.8537425286051643
Chongqing Municipality,668,gennorm,1.8056583774501334,-0.07151701049614109,0.7796096823088825,2.15784690846973,-4.1107596052687945e-05,0.823255592028284
Chongqing Municipality,669,gennorm,1.4221663268712956,-0.08558531020291624,0.632508200673651,2.2664158391165428,-0.05889482447974992,0.8733470383478383
Chongqing Municipality,670,gennorm,2.1128732681021987,-0.029175401931842676,0.8649089737901732,2.172761665939848,-0.0046293553579844875,0.8209164284783117
Chongqing Municipality,671,gennorm,1.7477906616617676,-0.08436352009072373,0.7658332041290599,2.1542485631631894,0.016807982017196535,0.8568393190151342
Chongqing Municipality,672,gennorm,2.0473735778128352,-0.08920752936385547,0.8315059192261535,2.306675279378842,0.0009122358546826812,0.8492481640056133
Chongqing Municipality,673,gennorm,1.8861010071110842,-0.07761988888752719,0.7704215369862382,1.867520848509784,0.015954851762556135,0.7860991602102665
Chongqing Municipality,674,gennorm,1.8340656805584232,-0.16261692536100353,0.7914271589585631,2.159369121576507,0.029386498639348575,0.8554423948320024
Chongqing Municipality,675,gennorm,1.6239416811824905,-0.048555569163936455,0.7109479589068877,2.274977584345022,-0.028482711774369292,0.9102649838299914
Chongqing Municipality,676,gennorm,1.9399053553690009,-0.11323345517789707,0.8078135666746582,2.2990487749494006,0.0064966015863889715,0.8855061918383302
Chongqing Municipality,677,gennorm,1.8277913868418711,-0.05919927457071693,0.8094541132780066,2.1340406360660085,0.0019021633362533445,0.8402143805771947
Chongqing Municipality,678,gennorm,1.8818377124178811,-0.10145332690294606,0.7728963033015487,1.9225239628649096,-0.04982022168297229,0.7599117951932862
Chongqing Municipality,679,gennorm,1.924618042453667,-0.05658134930026899,0.8291118907527966,2.185481151322116,-0.023140444117409467,0.8307008525739155
Chongqing Municipality,680,gennorm,1.935158720699657,-0.08682902233185456,0.7681204913610359,2.267043311064843,-0.01997319804485017,0.8550531439163627
Chongqing Municipality,681,gennorm,2.3587267427650396,-0.05862386162500377,0.8939103232281602,2.0266517799246957,0.0014323724388332069,0.8286872048133673
Chongqing Municipality,682,gennorm,1.8660663457721345,-0.03389724306052716,0.773944991620581,1.8325267132378114,0.0021428336914885004,0.7503623694559877
Chongqing Municipality,683,gennorm,1.943205991898179,-0.08689354360053914,0.7989560614558713,2.1616331921153407,-0.03572217934734201,0.8605710435254402
Chongqing Municipality,684,gennorm,1.8597405049309876,-0.11733410005669448,0.7623311021366947,1.9415447679150972,0.036609595207742124,0.831475012715557
Chongqing Municipality,685,gennorm,2.076821319437522,-0.0939687059359259,0.7913206456796746,2.384628642844185,0.00012907264092913175,0.9012975010774545
Chongqing Municipality,686,gennorm,2.06092419927488,-0.14006597942746757,0.7886388938242854,2.0810580200413913,-0.035914555001407236,0.8214258979996083
Chongqing Municipality,687,gennorm,2.017884046384382,-0.10140626733662886,0.8298954158514882,2.4947404927477637,0.014725551494431121,0.9146183649596238
Chongqing Municipality,688,gennorm,1.8182265018501853,-0.13927746940092428,0.7584649477322458,1.9880354069647115,-0.01615579658208232,0.811661748607639
Chongqing Municipality,689,gennorm,1.8355413078064244,-0.13374003166239562,0.7886361792876376,2.4831722831057763,0.014772656624239166,0.9267772141156039
Chongqing Municipality,690,gennorm,1.6954186629586494,-0.08603808391812483,0.7708538910471716,2.3590915665285572,-0.051725480326934324,0.837419721613474
Chongqing Municipality,691,gennorm,1.7241888830583196,-0.1295263253246737,0.7659076904793887,2.066889744290176,0.014335968861179705,0.8435141712620644
Chongqing Municipality,692,gennorm,1.6105654179970184,-0.08667320879541764,0.7267130504095619,2.5979634376095677,-0.02561434008119761,0.9100994707617844
Chongqing Municipality,693,gennorm,2.242650738776689,-0.07268523699864633,0.8779827825405446,1.9787845932616512,0.007728088330471332,0.7993236280573834
Chongqing Municipality,694,gennorm,1.6358658828907198,-0.10697973302309607,0.748629182356777,1.933866311180168,-0.039969352144997444,0.7946962076169954
Chongqing Municipality,695,gennorm,2.0163559414876815,-0.09674819704197904,0.7983431227874692,2.2931144494304054,-0.008633868578101375,0.84704432573629
Chongqing Municipality,696,gennorm,1.6000531946697114,-0.06953683388315993,0.7295105506128845,2.1730070032583857,-0.006840845572539507,0.8297944383991014
Chongqing Municipality,697,gennorm,2.0178904400573225,-0.06891285546682774,0.8156475026322763,1.847728312354004,-0.023780039061272924,0.7853634380792309
Chongqing Municipality,698,gennorm,1.9088911357051659,-0.05923036383476782,0.7926743629248671,1.992747404611407,-0.008277501657825693,0.7770830974638754
Chongqing Municipality,699,gennorm,1.6807350313425686,-0.09517113115655716,0.7103172494432963,2.1450382401287484,0.015474502164693257,0.7909895813313848
Chongqing Municipality,700,gennorm,1.873054489221129,-0.06334448749734573,0.793307832693072,2.0597429649811025,-0.03013858877994178,0.7999279971580997
Chongqing Municipality,701,gennorm,1.785561459410685,-0.057066157606836795,0.7494482858800262,2.0334630719333773,0.003482365170858426,0.8595770885669674
Chongqing Municipality,702,gennorm,1.9829631593097312,-0.07108249921243308,0.8240824530608517,2.0186164939330817,-0.04298345849044368,0.853644013045225
Chongqing Municipality,703,gennorm,1.703025708697672,-0.12266481478857258,0.7634120854963586,2.7556616756593453,0.030571323711722467,0.9036983781687541
Chongqing Municipality,704,gennorm,1.9164299213473783,-0.07908984943538797,0.8033273144964931,2.33181997081254,-0.005303918455011027,0.8699068566598032
Chongqing Municipality,705,gennorm,1.8458664345682747,-0.11088962605586741,0.7799918971487203,2.049516018459637,-0.008628644516098679,0.7988268841562108
Chongqing Municipality,706,gennorm,1.6220223847481035,-0.11595706074975538,0.7441384587669506,2.467235876985657,-0.026494662664742312,0.9269777525447771
Chongqing Municipality,707,gennorm,1.7814989113467208,-0.08887433552109031,0.7834535920464333,1.8242090137062414,-0.005598388728217416,0.7819886731964871
Chongqing Municipality,708,gennorm,2.221637632498846,-0.06351291641469922,0.8417437148405201,1.8085352244447714,-0.04049410664041163,0.7671484270563678
Chongqing Municipality,709,gennorm,1.9863731744070146,-0.06263809054805067,0.8196737924759616,2.138386135032859,0.013567892887210867,0.8341044691977554
Chongqing Municipality,710,gennorm,1.7870684546709437,-0.09570437383698242,0.7941435564493365,2.641859588734314,0.019634872937776326,0.921073458815445
Chongqing Municipality,711,gennorm,1.9949816681314196,-0.11072399729918214,0.8557525771055006,2.323923845944012,0.03764094205884577,0.8572917090656865
Chongqing Municipality,712,gennorm,1.8991755298712256,-0.08072570711542629,0.7977955563672274,2.1214892167118604,0.005846930943852803,0.771508325141752
Chongqing Municipality,713,gennorm,2.1011976823250125,-0.1346676916483004,0.8128530672724467,2.010102536105656,0.013576765564546466,0.7905473868597355
Chongqing Municipality,714,gennorm,2.072178279346099,-0.09587706169848198,0.8403649552225938,2.448533703739904,-0.003094472339108943,0.8900645010273052
Chongqing Municipality,715,gennorm,2.1161542888285885,-0.06790560262548567,0.8282176113926726,2.054056277967517,0.04799745650156123,0.8250022472338596
Chongqing Municipality,716,gennorm,2.0981709416724827,-0.07953886242592462,0.8986822732176705,2.0802430899267863,-0.013464477478695622,0.8550428204081378
Chongqing Municipality,717,gennorm,1.7583179339640016,-0.07486278666846169,0.764447604994936,2.217354946951717,-0.034284963613088186,0.8208007310373095
Chongqing Municipality,718,gennorm,1.81560616192017,-0.047755507196172775,0.7794982618657238,1.8935127693733995,0.016417040752660123,0.8005030587005462
Chongqing Municipality,719,gennorm,1.7430575948777023,-0.1029126888451811,0.7631898322130457,2.3449805610163903,0.016051089604165077,0.8572306914655135
Chongqing Municipality,720,gennorm,1.7323040912232193,-0.09531803748429998,0.7568963616696911,2.106678812720647,-0.006352917606605146,0.8169577921120594
Chongqing Municipality,721,gennorm,1.9273196838727547,-0.09849664272644179,0.7907741201349153,1.9068525947185915,0.0030045413160851185,0.8249188197577628
Chongqing Municipality,722,gennorm,1.9747889556328433,-0.07330622573649898,0.8252852409555393,1.9747676856671164,0.034513959083030454,0.8383136410038908
Chongqing Municipality,723,gennorm,2.1314917366845973,-0.08818402407326895,0.863975461804351,2.3011758731149037,-0.003725486966584395,0.8229612428324475
Chongqing Municipality,724,gennorm,2.2295250793118555,-0.10504029218554078,0.8483178248273519,2.0231708536954063,-0.0193979477603334,0.7910717408469743
Chongqing Municipality,725,gennorm,1.6797883284269324,-0.04934613120202073,0.7919443817893255,2.8589718738097707,0.017954172512503475,0.9566220885739409
Chongqing Municipality,726,gennorm,1.7981685364062963,-0.08250385332666077,0.7457860977496139,2.92145575165263,-0.05368432999182442,0.9758619634914234
Chongqing Municipality,727,gennorm,1.7902888217776414,-0.09124547841200413,0.7537341533129036,1.963292319812846,-0.046463946791469216,0.7900177196511706
Chongqing Municipality,728,gennorm,2.0310262155943404,-0.0844646458707439,0.8064693016832306,2.138551450961227,0.006713166499729953,0.8393053578708849
Chongqing Municipality,729,gennorm,2.000696706758344,-0.05003939508832295,0.8205035580733522,2.1275651106327462,-0.02344533689662842,0.792606517987418
Chongqing Municipality,730,gennorm,1.56652869579854,-0.06983656991928527,0.6855621203001814,2.4566330288719183,-0.020906687633194126,0.8907501433350259
Chongqing Municipality,731,gennorm,1.7968359853716098,-0.07860509021448178,0.784463997831248,2.30102542168252,0.0034408079618842664,0.829118772163024
Chongqing Municipality,732,gennorm,1.7458885642962618,-0.08332925218000554,0.7558688340183832,2.0151187822438317,-0.015129572366785788,0.7929082658430844
Chongqing Municipality,733,gennorm,2.224329455706896,-0.05823456574056109,0.8732153299554006,2.2718634789789904,0.0006814716271629571,0.8474800201244798
Chongqing Municipality,734,gennorm,2.3803911611667434,-0.06617415666988098,0.9005467409661059,1.8516815788797507,0.011197051093928486,0.7756950909140501
Chongqing Municipality,735,gennorm,2.012872419811915,-0.11641136299982693,0.8237876911827575,1.813498621664428,-0.04595685670411824,0.7672115279703471
Chongqing Municipality,736,gennorm,2.5493126714706826,-0.07528874390672236,0.9136371776242931,1.9785320787537244,-0.008442251041055473,0.8044615579410282
Chongqing Municipality,737,gennorm,1.8724559621560357,-0.11597271548490423,0.798144351402811,2.057846997535397,-0.028965200753571514,0.7955909484558412
Chongqing Municipality,738,gennorm,1.7735195143165976,-0.03567116650379476,0.7848583789998348,2.2166247736649227,-0.04497739590591936,0.8670202406927211
Chongqing Municipality,739,gennorm,1.9892471045899058,-0.09897203328204746,0.8191034283993999,2.059061489502029,0.01174133838102418,0.8425061737787007
Chongqing Municipality,740,gennorm,1.7523427750961305,-0.0339919944237885,0.6958404152593579,1.769441010664115,0.010422509369939933,0.7831373676099698
Chongqing Municipality,741,gennorm,1.9178551267293567,-0.09882136230608954,0.8432285927947472,2.2313023256641644,-0.02053037281156393,0.8274416455099576
Chongqing Municipality,742,gennorm,1.599427466659116,-0.0814577777560491,0.7362724572345519,2.3442806741179947,-0.019214010890542373,0.869408064417583
Chongqing Municipality,743,gennorm,2.054448936785147,-0.06245387899902742,0.8408282733043342,2.3215578734379028,0.010807714297513652,0.8326868587899807
Chongqing Municipality,744,gennorm,2.2521122051987064,-0.09945059312293977,0.8244010708700691,1.8542332221382705,0.029639270636601017,0.7544617342733476
Chongqing Municipality,745,gennorm,2.3717089099984197,-0.0909358470863439,0.8792945713423224,2.168940871508932,0.008232397534252818,0.8720955350590227
Chongqing Municipality,746,gennorm,1.672712258035657,-0.10410860243372048,0.7165694924428627,1.8550499479857585,-0.006650403087991667,0.8160403231941176
Chongqing Municipality,747,gennorm,1.8672936744607336,-0.09311553624119714,0.7726863111471817,2.1313079600116405,-0.004923980286112191,0.8622603905420951
Chongqing Municipality,748,gennorm,1.9793523466769514,-0.08636028705141072,0.8336405034541963,2.0365418675457603,-0.05551204835875212,0.8059704053606734
Chongqing Municipality,749,gennorm,2.2373623557969298,-0.11120187180534372,0.870762251359509,2.3108320553567268,-0.029138326617323716,0.8576394513553498
Chongqing Municipality,750,gennorm,1.7931370355943228,-0.13082772458319303,0.7379677699334031,2.0196030844820294,0.013295098890089972,0.7967756467589066
Chongqing Municipality,751,gennorm,1.823682300039693,-0.04342396820330334,0.7929818221857808,2.1375736765263955,0.027714465131060732,0.8073939381506179
Chongqing Municipality,752,gennorm,1.8198258144922348,-0.13994350322475674,0.7981149329465623,2.333979906824418,-0.04058684477599982,0.9144557781689223
Chongqing Municipality,753,gennorm,1.7774016073326802,-0.1658712676852107,0.7482511996075673,2.3848625981903075,-0.04220979719113341,0.856061507937562
Chongqing Municipality,754,gennorm,2.0093419427354213,-0.08494028431870765,0.8390355262327475,2.284620754070006,-0.0449475017202172,0.8254696125193159
Chongqing Municipality,755,gennorm,1.9301543688880938,-0.06646459331858123,0.8098870930340512,2.3690343037057673,-0.028880043033523616,0.8629719286491611
Chongqing Municipality,756,gennorm,2.307584917036242,-0.05446270642468489,0.910583107902841,1.8620621430600037,-0.03348712608550411,0.7683519313146681
Chongqing Municipality,757,gennorm,2.085025891758141,-0.09976422592383882,0.8423063985414991,2.0662509307656762,-0.01475723818087873,0.7878598407761779
Chongqing Municipality,758,gennorm,1.9222397049519822,-0.0969893388384833,0.792674408402631,2.039797755832959,-0.04967449490209923,0.7882935131013153
Chongqing Municipality,759,gennorm,1.566359181433818,-0.10040382213932432,0.6903956335548544,2.0252261978877617,-0.026327445677161918,0.7960527186586578
Chongqing Municipality,760,gennorm,1.7021761189839628,-0.11101323815960534,0.718125047980629,2.039139004880143,0.018217245936657734,0.8105199839174662
Chongqing Municipality,761,gennorm,1.9778933977549102,-0.11177233049544913,0.8138910304402219,2.2693962656689672,-0.03131804392191487,0.8233378150840122
Chongqing Municipality,762,gennorm,2.082014398014338,-0.12372096963092405,0.8245186572231089,2.004263392652975,-0.04027164043560741,0.791668979306613
Chongqing Municipality,763,gennorm,1.6053918250898422,-0.12087238552467983,0.7162116970129866,2.00359505577927,-0.011076518282161434,0.7749816605147533
Chongqing Municipality,764,gennorm,1.745266025065189,-0.10244836192058521,0.7659873315647863,1.865005048184322,-0.01079513316477823,0.8110511442526631
Chongqing Municipality,765,gennorm,1.837452226386406,-0.05763188675610992,0.7926202967250724,2.064084572489194,-0.0507240452929254,0.8445825479332456
Chongqing Municipality,766,gennorm,2.048760902814686,-0.08099963902585595,0.784611944235772,1.6573398230552923,-0.05514608961252117,0.7134975414961082
Chongqing Municipality,767,gennorm,1.7953479964443706,-0.06555533948703696,0.7630756515409549,1.8453263747265582,-0.002862595494206631,0.7823471955082933
Chongqing Municipality,768,gennorm,1.7851799166672206,-0.11852751904071383,0.7655704488616042,2.286089083222798,0.010773920896234548,0.8622090919102807
Chongqing Municipality,769,gennorm,1.5901637003511169,-0.06123435466693275,0.7276084791304243,1.8398609341665713,-0.0011740152538236865,0.756848323377143
Chongqing Municipality,770,gennorm,1.7591213570852142,-0.09311337983340108,0.7657622733905246,2.224162593444022,0.010020103016607398,0.8449253159095746
Chongqing Municipality,771,gennorm,2.0114568174553793,-0.08036599994657756,0.8156198716716787,2.0390612492012883,-0.00027887047114303113,0.7866868823565814
Chongqing Municipality,772,gennorm,1.7267739513304754,-0.05253397570415798,0.7246837421593018,2.1202273651171195,-0.04229073123117144,0.7984918627313147
Chongqing Municipality,773,gennorm,2.225994427342253,-0.08381608164475096,0.864402157338654,2.1366222533219696,-0.008561695453053155,0.8135794503565851
Chongqing Municipality,774,gennorm,2.041860538330261,-0.08250079672217647,0.8473368568423563,1.8668479186479172,0.014295340725716234,0.8064056006314952
Chongqing Municipality,775,gennorm,2.4501921429620497,-0.10914012145233021,0.8852914392457005,1.9987499460474432,-0.015290473369913817,0.7599662242427823
Chongqing Municipality,776,gennorm,2.0731027958060397,-0.10795389152251597,0.8800801661081721,2.2301614344175684,-0.0380951411822274,0.8515745323028086
Chongqing Municipality,777,gennorm,1.9922728008904138,-0.10803369662177265,0.791038342083199,2.042067016866464,-0.007619444421970189,0.8342777176576281
Chongqing Municipality,778,gennorm,1.9959614152077818,-0.09884257762612275,0.795712951311851,2.304582777684111,-0.010784749627847461,0.8639706558301233
Chongqing Municipality,779,gennorm,1.756581235948374,-0.08967714012484468,0.731242292347448,2.1520306806472385,-0.014461622604627385,0.8536841154491792
Chongqing Municipality,780,gennorm,2.0199963779737864,-0.09736039461949872,0.8187059589921482,2.5033138961172487,-0.024524471846240382,0.8500919682984782
Chongqing Municipality,781,gennorm,1.6612825233560686,-0.063352802609849,0.7274091566487677,1.9540532414907998,0.013056342186138437,0.7808413562481383
Chongqing Municipality,782,gennorm,1.9151857492573416,-0.09201533223111033,0.7582858466842548,2.4560247138506064,-0.0874015829141369,0.90132846488445
Chongqing Municipality,783,gennorm,1.7231808586341208,-0.049565572904794075,0.7125598671583575,1.965384976513287,-0.01587714401111423,0.8179870370864146
Chongqing Municipality,784,gennorm,1.6733650560826758,-0.08410812809274862,0.7664627764168759,1.8644409905760293,0.011008913877934878,0.7937219250989982
Chongqing Municipality,785,gennorm,1.8491744687878207,-0.07566795074084254,0.7854330660270797,2.4092474530952,-0.031373910392164896,0.891631831608461
Chongqing Municipality,786,gennorm,1.6522838338864354,-0.0888815049906245,0.7436802315053292,2.314836444268428,-0.02469870022424009,0.8818997442565684
Chongqing Municipality,787,gennorm,2.1683031677301443,-0.07453084898027745,0.8542990690539443,1.757794337625684,-0.017875655703142646,0.7596153570223274
Chongqing Municipality,788,gennorm,1.966106633878645,-0.11098900366657818,0.8252810144087546,2.0515495864962765,0.0007150022289487723,0.8179210205919786
Chongqing Municipality,789,gennorm,1.8032507185099016,-0.0946172225406555,0.7505639795606343,2.223736291869881,0.006519766984722688,0.8417859122720233
Chongqing Municipality,790,gennorm,2.236134156660807,-0.06982807859734932,0.9146196719912358,2.1200545434262503,0.016646831259131023,0.8810137507011093
Chongqing Municipality,791,gennorm,1.600133109758694,-0.11546200642494361,0.6643704605737772,1.859164057333734,0.01402497872003215,0.8059396567074539
Chongqing Municipality,792,gennorm,1.6737736020854024,-0.10859919737745494,0.7640976150481154,2.188368239020263,-0.04089581580922318,0.8539473332040599
Chongqing Municipality,793,gennorm,2.16850546771973,-0.11094647932890807,0.8527791209225856,2.3690153908680536,-0.018899032606577125,0.8845202081335193
Chongqing Municipality,794,gennorm,1.978007484399039,-0.09056163734245472,0.8274398765710408,2.0109908209051444,-0.03088447294141712,0.7870062194260619
Chongqing Municipality,795,gennorm,1.983203485906587,-0.09845092107817663,0.820977717048894,1.7587178586411363,0.001944650030956188,0.7342050770477824
Chongqing Municipality,796,gennorm,1.9764597689134096,-0.09310284114426191,0.8299448219966572,1.909618274532948,-0.04707487075827377,0.774114349563714
Chongqing Municipality,797,gennorm,1.8867035504909295,-0.0443790961436919,0.7961927435546494,2.289612160257059,-0.026787595483465737,0.8685278135650111
Chongqing Municipality,798,gennorm,1.6196239784454902,-0.08081618705741636,0.7096710748787702,1.7013019086513377,-0.0018705238978534643,0.7094737619382572
Chongqing Municipality,799,gennorm,2.0287223209731486,-0.06502676502144894,0.8527527831113113,2.2890736480357274,0.012192163999262933,0.8689323174150128
Chongqing Municipality,800,gennorm,1.92792629537304,-0.0670682335721361,0.7683914277353737,2.3499468011326954,0.020727454217179052,0.8918421802301559
Chongqing Municipality,801,gennorm,1.9913887755619988,-0.10573230718229742,0.8425180911416683,1.922284341864882,-0.013424371151242728,0.803213711071119
Chongqing Municipality,802,gennorm,1.7758954922782086,-0.085294113601916,0.7899148744829814,1.956604055693203,0.0057587748168298845,0.8019890122689022
Chongqing Municipality,803,gennorm,1.6605539774155347,-0.15663064575830477,0.7210987830633462,1.8327844706586882,-0.013489929772520658,0.7706510964561786
Chongqing Municipality,804,gennorm,2.069091562051755,-0.08047344118899552,0.8326709850910979,2.068287754155941,-0.046158831025484195,0.8290924396369601
Chongqing Municipality,805,gennorm,1.7348771370751015,-0.069235451814943,0.7486193373435379,1.9806718118604043,0.045776012999624756,0.807114477033049
Chongqing Municipality,806,gennorm,2.309558723328224,-0.08574167518955825,0.876187254774826,2.2491718089516284,0.003109385070020064,0.8598248220190405
Chongqing Municipality,807,gennorm,1.9775884865650974,-0.11715704508910463,0.8313972322958181,2.0278968331376213,-0.005387121432459018,0.8468228315068734
Chongqing Municipality,808,gennorm,2.417605201086337,-0.08748822243488921,0.8589519445145912,1.9980053417634789,0.007319173936814003,0.8145242860057069
Chongqing Municipality,809,gennorm,1.8151443556283522,-0.062262219549488775,0.8027679488885113,1.9104656207261934,-0.03636041515372131,0.7790656451274298
Chongqing Municipality,810,gennorm,1.708696995816732,-0.09833472056218195,0.7530307663384501,2.1365265905423625,0.012440477398938679,0.8534725244487286
Chongqing Municipality,811,gennorm,1.9800706855131098,-0.0922345919070881,0.7947850708682711,1.8661220636892777,-0.01144679798564641,0.7714929823631659
Chongqing Municipality,812,gennorm,1.9609352359772378,-0.0854970535498965,0.7891504541249221,2.000908363445477,-0.03733390003853261,0.7847957359547507
Chongqing Municipality,813,gennorm,1.93817480156738,-0.12015333781689398,0.8322922250292284,2.174201080579519,-0.023745270445738584,0.8148732573232287
Chongqing Municipality,814,gennorm,2.0514859740320626,-0.06520855438656914,0.8706016449504795,2.1888027781582045,-0.0245540591693288,0.8259770354162737
Chongqing Municipality,815,gennorm,1.8215613090784941,-0.08001167854311292,0.7709201210027614,2.055410082817472,-0.007090850332140417,0.8012526891106346
Chongqing Municipality,816,gennorm,1.5915897053816055,-0.10771415532406123,0.7313984192442572,2.0728300115096645,0.010672724037964744,0.8164953575677819
Chongqing Municipality,817,gennorm,1.8342056117879393,-0.0850105622141267,0.8012652217459317,2.1133977834259348,-0.04423839139720245,0.8717450673313466
Chongqing Municipality,818,gennorm,1.636539688692169,-0.09149279079938404,0.6890310832741651,2.400180237706363,-0.03258411748874712,0.8714521367762533
Chongqing Municipality,819,gennorm,2.042289292786461,-0.09134810680435526,0.786406848569071,1.9559556552182265,-0.023885003899822073,0.7908801216758763
Chongqing Municipality,820,gennorm,1.7183048521073379,-0.08341620559896853,0.7216802982956381,2.302460078080223,0.015203038180677655,0.8564817488176746
Chongqing Municipality,821,gennorm,1.9234227034990958,-0.05964381211589191,0.8121773240234682,2.0992643280728456,0.01363803411710493,0.8594197215890362
Chongqing Municipality,822,gennorm,1.6965925251083696,-0.0752335892444464,0.757355581884137,2.5124814366590256,-0.02440439182876815,0.9029109100982273
Chongqing Municipality,823,gennorm,1.7061711287143813,-0.10461097564347334,0.7560954278981831,2.0593625570424487,-0.03210841705142029,0.7855011613958918
Chongqing Municipality,824,gennorm,1.9275113934317782,-0.1157938490446096,0.8145278117440422,1.9706400910260724,-0.03357368956875832,0.8176153511477469
Chongqing Municipality,825,gennorm,1.6681752340751963,-0.04321539279183821,0.760866166938262,2.054769496938477,-0.050912715531585405,0.83061491616003
Chongqing Municipality,826,gennorm,1.811616856230347,-0.10091814936715368,0.7919532236668583,2.1121011034837096,-0.013992191774321195,0.8598797469551485
Chongqing Municipality,827,gennorm,1.985359642489438,-0.09840880311942068,0.85101327275516,2.1749422820847215,-0.04273011014397251,0.8006687363477634
Chongqing Municipality,828,gennorm,1.553659382665228,-0.12366351278993803,0.6783055200786385,1.8990963236683394,-0.029912899647891567,0.7286804967184093
Chongqing Municipality,829,gennorm,1.6077796078717295,-0.10446832657057001,0.7265099098011834,1.932110564390375,-0.026740626709494814,0.795428697360261
Chongqing Municipality,830,gennorm,1.5976459095504367,-0.11002394078691527,0.6915766220630611,2.3629803804565848,-0.005266965964781593,0.8467493541308283
Chongqing Municipality,831,gennorm,1.68680738495502,-0.06642317903441902,0.713290427236808,2.136213798967715,-0.018835684515357373,0.8452867190536328
Chongqing Municipality,832,gennorm,1.5910720856326541,-0.09615188494462712,0.6908468116400902,2.12116381962694,-0.0028498490393270115,0.7667113811649549
Chongqing Municipality,833,gennorm,1.7979299415930146,-0.09929250996191283,0.770475760251832,1.7113057293937906,-0.043607471756481164,0.7588474891301142
Chongqing Municipality,834,gennorm,1.916273866654402,-0.03450443658323413,0.7561736701106125,2.212918244343907,-0.01496313551589647,0.8852544173203136
Chongqing Municipality,835,gennorm,1.9075814512025766,-0.06278062727985545,0.7894631194748575,1.6984427791121783,0.035460361330765716,0.7664949819084463
Chongqing Municipality,836,gennorm,1.762136750142866,-0.09706727522346043,0.7740933806011989,1.8912422146608696,-0.06180214333017226,0.7978623284749067
Chongqing Municipality,837,gennorm,2.0171052821576767,-0.1021217037636167,0.8512307610178333,2.2504973970006508,0.029453495788000855,0.8607602914828623
Chongqing Municipality,838,gennorm,1.6680189502003684,-0.11202211840377471,0.6903807900111376,2.0077730739605055,-0.023909732012344087,0.8204707265370959
Chongqing Municipality,839,gennorm,1.9615270745185505,-0.08399684904425625,0.8145342523296399,2.025288589355024,0.020681434239517415,0.8030266037857491
Chongqing Municipality,840,gennorm,2.025371542523556,-0.044137085875381565,0.7799384606053543,2.291617961584688,-0.05259366943349825,0.8729818895777146
Chongqing Municipality,841,gennorm,1.8642835388694805,-0.0929514417710614,0.7930533706914272,2.166587666494112,0.019668013212597278,0.8357139344863311
Chongqing Municipality,842,gennorm,1.8452577627804023,-0.03765019301442442,0.8148006556753137,2.4571164517561517,-0.004943089028535784,0.8843316873354974
Chongqing Municipality,843,gennorm,1.8364638618607463,-0.11401673448600123,0.7596149023120378,2.0558439158840702,-8.20165155003033e-05,0.8596771491866602
Chongqing Municipality,844,gennorm,1.6207979834338708,-0.09862348787235137,0.6872047024501492,2.0475501817919057,-0.025757525547969062,0.8151956376803677
Chongqing Municipality,845,gennorm,1.6149561846802065,-0.10619076296007185,0.7201850138631223,1.8887704836146464,0.031062816316937962,0.7950314264299769
Chongqing Municipality,846,gennorm,2.2251036187011524,-0.09485081729023681,0.8875997447403798,2.070182719583966,0.007117353752115508,0.7823395957255455
Chongqing Municipality,847,gennorm,1.614626447576236,-0.07409214727743153,0.7286425492138263,2.1518581027616785,-0.015332316231512782,0.8775153327692584
Chongqing Municipality,848,gennorm,1.6847750868308662,-0.09957139746408158,0.7199610697696468,2.1876511028796717,0.0050294915484820615,0.8555818266883506
Chongqing Municipality,849,gennorm,1.5700809459624565,-0.11690493442196645,0.7252236405214714,2.092816509013227,-0.022275596578250074,0.8341215052614245
Chongqing Municipality,850,gennorm,1.770001321183879,-0.1163936555173892,0.7704951970986004,2.355102351608444,-0.02112781114436663,0.8886782708041905
Chongqing Municipality,851,gennorm,1.724504028951945,-0.06914720469393772,0.7812387377290642,2.1748773904092484,0.014636113512038614,0.8678214607730942
Chongqing Municipality,852,gennorm,2.1110090648927207,-0.059285758997577355,0.8243111144264648,2.512418404523194,-0.0071169362337228925,0.8955382522181639
Chongqing Municipality,853,gennorm,1.805036710040794,-0.06550299597393017,0.7293926006615021,2.1208630865197255,-0.017972090125599118,0.8320835168339658
Chongqing Municipality,854,gennorm,1.5624943113053291,-0.0927811542607303,0.7077147195563905,2.1342056962534057,-0.00486152011555269,0.8216413329625781
Chongqing Municipality,855,gennorm,1.7635701911031463,-0.0719664539433306,0.7650351883116716,2.2315259626474178,-0.03706536556613772,0.8162021597654503
Chongqing Municipality,856,gennorm,1.5821997633168758,-0.08956086776583855,0.6796974222207903,1.9933048589842401,-0.01556359645609719,0.8132429815425128
Chongqing Municipality,857,gennorm,1.9762298262525788,-0.0721334014657952,0.7945492152583606,2.2653500702322455,0.005310679590648601,0.8460915954910775
Chongqing Municipality,858,gennorm,1.8802635928279061,-0.09046943962579018,0.8238306391442126,2.0213557270386433,-0.027399876171707006,0.8438988561967187
Chongqing Municipality,859,gennorm,1.8646369517519266,-0.05567529401790354,0.8158175492161202,2.2719586184856944,-0.017880076666860586,0.827466040316975
Chongqing Municipality,860,gennorm,1.7956908138183214,-0.05266420658555956,0.7712468139457411,2.181016150428078,-0.03477690625557373,0.7895768401799467
Chongqing Municipality,861,gennorm,1.8672618783843955,-0.08989585293243305,0.8090294339030848,2.53704100587448,-0.010521493316688505,0.8916156115573344
Chongqing Municipality,862,gennorm,2.1012351588058236,-0.09825248499142611,0.7931613963190272,2.191178097110844,-0.02498948402073274,0.8251262672862948
Chongqing Municipality,863,gennorm,1.6817644802795186,-0.11742018383484491,0.7344120475556959,2.4041493532428584,-0.04860881924254842,0.9801958228060365
Chongqing Municipality,864,gennorm,1.7280782634871805,-0.08227865451214547,0.7232801883465942,1.9555621554796911,-0.0019171169132176586,0.7713772634961528
Chongqing Municipality,865,gennorm,2.108561547700532,-0.09277015478987191,0.7835064816091639,2.1341102770779727,0.00956864781198287,0.816052259149127
Chongqing Municipality,866,gennorm,1.9264199601542509,-0.08683480764213863,0.8161542064395129,2.02904470203291,0.005556546813855727,0.8488401518001149
Chongqing Municipality,867,gennorm,2.112595098098066,-0.13795628378083058,0.8276872147760834,2.0513214796473984,0.007870507225197724,0.8514945555710922
Chongqing Municipality,868,gennorm,2.027159543970818,-0.06102850238028533,0.843574847545716,1.9217924806595885,0.01769727183896045,0.8003736611667637
Chongqing Municipality,869,gennorm,1.896240284284529,-0.10268980327864263,0.7687850341149445,2.004809865669927,0.025428438659448317,0.8291847538701695
Chongqing Municipality,870,gennorm,1.5791596571546636,-0.11250572156016783,0.717980434963515,1.9493880854622372,-0.008650567612526226,0.7490108028734743
Chongqing Municipality,871,gennorm,1.5282268929084655,-0.08799849700010387,0.6794241725050694,2.000068869181369,-0.02673211462432489,0.8038780792664462
Chongqing Municipality,872,gennorm,1.8200569948938816,-0.010655231143541055,0.7484344065719448,1.7642918148090363,-0.0601414667341091,0.7481384224794447
Chongqing Municipality,873,gennorm,2.0140244488769925,-0.1750993934098921,0.8134841352938631,2.0199842783344977,-0.010024814770943042,0.8251860713417409
Chongqing Municipality,874,gennorm,1.7278356510854995,-0.10893657775333171,0.7258368734755067,1.830061796471309,-0.04450676831948541,0.781574953921085
Chongqing Municipality,875,gennorm,1.875686093271008,-0.08409113459015616,0.775811808818505,2.04657715172827,0.045245998399134624,0.7921556906875349
Chongqing Municipality,876,gennorm,1.848611157077294,-0.09090775589734199,0.7642821545543246,1.8039795638581553,0.006801357884130863,0.7505239494926692
Chongqing Municipality,877,gennorm,2.3907618462926976,-0.0958966040762724,0.8836168717364126,2.439911028914749,-0.0017008493260717023,0.8988329284851506
Chongqing Municipality,878,gennorm,1.9567969869773378,-0.052510784969761026,0.7923470286052492,2.2084393034496674,-0.051952891285743596,0.8576324909963013
Chongqing Municipality,879,gennorm,1.627857254018592,-0.12313078145689002,0.6932019817712001,2.4157579064654584,-0.06683404205542468,0.9183527741674522
Chongqing Municipality,880,gennorm,1.8665974691728793,-0.08580195564873766,0.8271502495943067,2.5190674317635713,-0.027756848747793036,0.8813695466185836
Chongqing Municipality,881,gennorm,1.7679575046170406,-0.13153858298485688,0.7665328740450412,2.0813560350211615,0.034709767479838505,0.8492750667636896
Chongqing Municipality,882,gennorm,2.0198810241326637,-0.0960889434603458,0.8060266562038441,1.8086544908301228,0.03524077855747469,0.7711495096727643
Chongqing Municipality,883,gennorm,1.8046507449855318,-0.1096397451753559,0.7477345971002177,1.8527776513238425,0.009551299654060045,0.8048421910675323
Chongqing Municipality,884,gennorm,1.6122770971769165,-0.09247165299117396,0.7297903967586714,2.112224032043752,0.013811287584945705,0.8705149807505114
Chongqing Municipality,885,gennorm,1.9240105612862188,-0.0895426303522626,0.809774282450636,2.2330957993164215,0.014780308391116007,0.8965398254040712
Chongqing Municipality,886,gennorm,1.6970195461242157,-0.06461338903386568,0.7288243346879042,1.8681903687128798,-0.03154456836751242,0.776663279058601
Chongqing Municipality,887,gennorm,1.9786413609488367,-0.09832335996493707,0.8497876147739098,2.3511682838113543,-0.007123166244075733,0.8959351844770529
Chongqing Municipality,888,gennorm,1.8978350102439525,-0.11476285613664708,0.7837658391657228,1.9119644953962212,-0.027665323512699836,0.7659013351077546
Chongqing Municipality,889,gennorm,1.9305892651934358,-0.10081677087773086,0.7713067256128325,2.1313852726962494,-0.016317485648189092,0.851861283263599
Chongqing Municipality,890,gennorm,1.9520498249714606,-0.09704334423522978,0.8038232450372752,2.185757193727879,-0.013461030666025914,0.8644435392156394
Chongqing Municipality,891,gennorm,1.8756977974440665,-0.04455307742013529,0.7704089140184933,2.266471243861706,-0.010339282286719894,0.8440376115434811
Chongqing Municipality,892,gennorm,1.9514412941411348,-0.10008641416183303,0.8058547196168723,2.4834330040544828,0.0118306714915941,0.9142535245047887
Chongqing Municipality,893,gennorm,1.6950527147259074,-0.11377876784504859,0.7525753294517084,2.4570816252402645,0.005712363484400858,0.9250099772669467
Chongqing Municipality,894,gennorm,1.7644314813319149,-0.11026738781670634,0.7670065974350742,1.7987682920007482,-0.02668974026755011,0.7543793971672395
Chongqing Municipality,895,gennorm,1.9363092079372182,-0.10210079758962198,0.8215591338441481,2.189203395952651,0.011402651124523466,0.8570505430063227
Chongqing Municipality,896,gennorm,1.9687293737598113,-0.07878134119366495,0.7836226620351422,1.8260661429670284,-0.02138620600248909,0.7370615902367726
Chongqing Municipality,897,gennorm,1.832736965984783,-0.11052177441719965,0.7343671678397572,2.232998409955969,0.0009171727284009976,0.8966272575436899
Chongqing Municipality,898,gennorm,2.3532139615157774,-0.10444713394048152,0.9002907095941868,2.191460933567714,-0.009904566680797745,0.8096163854448455
Chongqing Municipality,899,gennorm,1.8531435301894807,-0.08426638383216048,0.7807055591717094,2.16408345978574,0.00783934843962301,0.8623903069291412
Chongqing Municipality,900,gennorm,1.6860035884211757,-0.088546117658828,0.7460738339649576,2.1113002064711157,0.018262383812848535,0.8212276956041338
Chongqing Municipality,901,gennorm,1.8228121832939088,-0.0710844909302129,0.7704190131478283,2.0257848546711905,-0.011873201184350016,0.8290249721575857
Chongqing Municipality,902,gennorm,2.044935263979279,-0.09508981648276557,0.8522766317337683,2.1051212685643126,-0.031234874558181795,0.8382199114166728
Chongqing Municipality,903,gennorm,1.6440697367501105,-0.05253890378172413,0.724651529025335,1.9271160547030366,0.011505624507684565,0.7989763006056181
Chongqing Municipality,904,gennorm,1.8466064384813405,-0.10793867749450843,0.7796809412483531,1.7354129634315398,-0.007362883674569095,0.7451180845619463
Chongqing Municipality,905,gennorm,1.9454224043628718,-0.07625810676179373,0.8297367290741975,2.221956879491552,-0.009789517844753882,0.8777935254501816
Chongqing Municipality,906,gennorm,1.8888298345424444,-0.12217230154678364,0.7765725107901129,1.9182205155981997,-0.001891893414840562,0.7616675839906488
Chongqing Municipality,907,gennorm,1.8601973236896625,-0.10348904778085516,0.8113610880663955,2.1538249645926895,-0.009844678841197961,0.8248658417144568
Chongqing Municipality,908,gennorm,2.098794275640606,-0.11135490104037318,0.8419343218685952,1.8668536892490584,0.01738432780859421,0.8115308333514721
Chongqing Municipality,909,gennorm,1.748439541463935,-0.11279442986519228,0.7196286488193895,2.1014419791310193,-0.0149044233798237,0.8301905990116307
Chongqing Municipality,910,gennorm,1.5915050260309207,-0.11133554723548209,0.7067141606325366,2.341762503807657,-0.024459037006633516,0.8670948716845681
Chongqing Municipality,911,gennorm,1.7682997941761092,-0.04098250815132272,0.7895178571803301,2.280636840333848,-0.04405688938609942,0.7978587920589977
Chongqing Municipality,912,gennorm,1.7302527109762709,-0.09014357767051336,0.7263928991902189,1.6801787058069315,0.01430856029822766,0.6913534861479664
Chongqing Municipality,913,gennorm,1.8989839430843114,-0.10913903665082111,0.8068216330199449,1.9852636406451367,0.009117420844061863,0.8493078064817356
Chongqing Municipality,914,gennorm,1.8497364481991827,-0.10747331210494374,0.7461175792481282,2.1004930281552143,0.023634856096856748,0.8332296623173312
Chongqing Municipality,915,gennorm,2.146982166336791,-0.07442086103593898,0.8774724515742077,1.929381442117779,0.014295759223786925,0.8182015166498108
Chongqing Municipality,916,gennorm,2.2768754813013725,-0.11128785431453873,0.828559102277809,1.8004593070677186,-0.00018369271318893716,0.7882046214188682
Chongqing Municipality,917,gennorm,1.9302184096225816,-0.08938388112518639,0.8186459959638563,1.9991776259888825,-0.022438337699398216,0.808193816209172
Chongqing Municipality,918,gennorm,2.1693439618600134,-0.09505374820572757,0.8619860120197367,2.2196129081056553,0.029381838040163158,0.8276085714840942
Chongqing Municipality,919,gennorm,2.0259996495739694,-0.05519208987768909,0.80417156231577,2.1389735238885113,-0.037060127239726924,0.7792576293852731
Chongqing Municipality,920,gennorm,2.2184947290599912,-0.09278151594955449,0.8718022571334473,2.3588016446753257,0.00983961061168288,0.9186666268740735
Chongqing Municipality,921,gennorm,1.557407317835802,-0.09961554624619182,0.7336545883671253,2.2961348641003765,-0.011748369619058873,0.8185064275044542
Chongqing Municipality,922,gennorm,2.048833458599714,-0.12000932530936609,0.8137669537444943,1.9789965715863116,-0.04277249030257442,0.7923909564377676
Chongqing Municipality,923,gennorm,1.64431580143661,-0.08864269104030141,0.7045684876065313,2.1499100016622563,-6.896559420595794e-06,0.8744415258132618
Chongqing Municipality,924,gennorm,1.6087619421488384,-0.1085813270249122,0.7223572351185868,2.230346464982121,-0.007570717794553993,0.8500201077513316
Chongqing Municipality,925,gennorm,2.261546132370711,-0.11335863426025808,0.9062903254987784,1.7477898230000823,-0.012146188705528273,0.7387449630994979
Chongqing Municipality,926,gennorm,1.910296004760329,-0.08524332160259278,0.8625660784068663,2.335094279629713,0.014076373502645925,0.9017912836159663
Chongqing Municipality,927,gennorm,1.9598187032699417,-0.09193921451213406,0.8280516379556324,2.1994798024630855,0.01641141587108317,0.8628862475164727
Chongqing Municipality,928,gennorm,1.8249652817141178,-0.0797278693720215,0.7478009928500549,2.0436709351821833,0.03924893935510134,0.8312959819526835
Chongqing Municipality,929,gennorm,1.6216997278653151,-0.13115847999763405,0.6876589637765735,1.9756671539671868,0.027812876060679323,0.8303154273638783
Chongqing Municipality,930,gennorm,1.8272009193242913,-0.12741759743978168,0.798258306410192,1.7793841459199065,-0.022463642821398667,0.781031462756832
Chongqing Municipality,931,gennorm,1.8855806368456691,-0.11785565819746185,0.7335047628369142,1.9394275633692604,-0.01352160476242736,0.8392942093954858
Chongqing Municipality,932,gennorm,1.709048465316569,-0.06776873082448891,0.7328820292519331,1.8779351866368965,-0.019953613165005452,0.7818057443239521
Chongqing Municipality,933,gennorm,1.871204238757675,-0.11747239092152417,0.7933897899649555,1.6745310496587476,-0.04105987070601916,0.7372897222937966
Chongqing Municipality,934,gennorm,1.947410453948356,-0.05805022745183794,0.7985721695884084,1.7717815558632484,-0.03788455147475592,0.772852567557222
Chongqing Municipality,935,gennorm,1.9387741301499957,-0.11916362059431876,0.785892277301915,2.281301519968145,-0.01085725952970386,0.8672286863256957
Chongqing Municipality,936,gennorm,2.395088820118587,-0.07855650781303802,0.8625141845768767,2.103576601259283,-0.03313239356421277,0.8783439882027613
Chongqing Municipality,937,gennorm,2.1180321675045883,-0.04234387894550989,0.8709638563261486,2.0036650447553055,-0.04796711519012364,0.8002637929764465
Chongqing Municipality,938,gennorm,1.8161942027248352,-0.11160419867529933,0.7870291393820157,2.487700085611409,0.018237739486384852,0.9361773305320158
Chongqing Municipality,939,gennorm,2.1532531177693124,-0.13269438087145316,0.8465294908092831,1.7412875138274135,-0.04267206939266337,0.7337080913020486
Chongqing Municipality,940,gennorm,1.6643620197717852,-0.08535015661937126,0.75030850389494,1.9742491468008667,-0.0239707276342569,0.8340952666591503
Chongqing Municipality,941,gennorm,2.170181654965269,-0.0658236661679802,0.8591617215243079,1.760687075734804,-0.012405401840154193,0.7292550475725248
Chongqing Municipality,942,gennorm,1.6564547868333581,-0.09387659325476641,0.7119349860380397,2.004152471399883,0.015835813235688834,0.760542177497941
Chongqing Municipality,943,gennorm,2.155857217538336,-0.06346668728249096,0.8611030084088669,2.465313259671925,0.012781018253688804,0.8919491357836538
Chongqing Municipality,944,gennorm,1.9785909792380898,-0.11654024253348122,0.7854958855248881,1.9150715046799962,-0.010267363148307604,0.7696955811818373
Chongqing Municipality,945,gennorm,1.613795164463716,-0.1058880699754762,0.7243770861612732,2.1150103508725637,0.003387756328378646,0.8961706235534588
Chongqing Municipality,946,gennorm,1.9253381704467156,-0.10208209760279283,0.7922463259693728,1.7944689159341634,-0.07317529002800707,0.7755882944604285
Chongqing Municipality,947,gennorm,1.6783693991137465,-0.0986235250639782,0.730451545762191,1.9605907061376155,-0.04435882044389909,0.770561189565099
Chongqing Municipality,948,gennorm,1.6729446818084475,-0.09945125753826474,0.7513966192178652,2.599337941758123,-0.005144797764082434,0.8936922432762486
Chongqing Municipality,949,gennorm,1.9034884941907837,-0.044482854814037895,0.8003692611690635,2.3310444929686875,0.005469575854413983,0.8639867460976881
Chongqing Municipality,950,gennorm,1.920668615050546,-0.0761179572805209,0.8183605011207367,2.5302940370976086,-0.00940633718355887,0.89279358613091
Chongqing Municipality,951,gennorm,1.9281175583212864,-0.10116270942976996,0.8257002928752724,2.1152019952612786,0.047102433802618554,0.8311637600041588
Chongqing Municipality,952,gennorm,2.14655223894988,-0.10159145585169509,0.8107880412567294,2.2009958421319533,-0.001996070635433617,0.8208840835598572
Chongqing Municipality,953,gennorm,1.7958153817060083,-0.098697409942228,0.7531397449184678,2.0711547181383847,-0.042056759362512956,0.7679352102997827
Chongqing Municipality,954,gennorm,1.5462933723173138,-0.07376226422731591,0.7052371032879476,1.9215924529874262,0.023485548568915104,0.7849913842370322
Chongqing Municipality,955,gennorm,1.7772609874616463,-0.06257006658917497,0.7800113695563912,2.146978578980381,-0.02428228722072124,0.8217798711848725
Chongqing Municipality,956,gennorm,2.054451014462246,-0.06357779401706254,0.8015169861638175,2.0777786911252223,-0.032062823005041687,0.8521809121144799
Chongqing Municipality,957,gennorm,1.850829956410919,-0.07638277782062763,0.7369948100544541,2.0479541566679087,0.00511166194001537,0.8148163370254791
Chongqing Municipality,958,gennorm,2.0766817493955223,-0.11185289803568903,0.8403715756581096,2.2461873206604253,-0.03951007467705718,0.8317079583923683
Chongqing Municipality,959,gennorm,2.0515783377612253,-0.10255661447117817,0.7984283576892647,2.039090329530839,-0.02055065250215726,0.761655616229574
Chongqing Municipality,960,gennorm,2.079171767689955,-0.07109302047495114,0.8098011016109503,1.8501137932008866,-0.01669727713163065,0.7822171380262988
Chongqing Municipality,961,gennorm,1.9352977978399188,-0.056740123770559675,0.8056651281411769,2.385405165189134,0.0040611350309162405,0.8890486525507415
Chongqing Municipality,962,gennorm,1.8070160444058727,-0.10031616839683183,0.758839574676446,2.0580459442632737,0.0304094700340228,0.8274776390823301
Chongqing Municipality,963,gennorm,1.7342569939854169,-0.07580764751718329,0.7667518365542809,1.8770972296305612,-0.015598859029200416,0.7799628582374218
Chongqing Municipality,964,gennorm,2.1971783301933208,-0.04375516607214212,0.8928824910791213,1.8049068751656465,-0.03346135213224338,0.758623985881594
Chongqing Municipality,965,gennorm,1.594498642816375,-0.07240046062399108,0.6979192852935836,2.258321280359765,0.00895551929652039,0.837708941851397
Chongqing Municipality,966,gennorm,1.8419036961385227,-0.11646393158371929,0.78542327668417,1.940988170462698,0.04956927353733334,0.7779079394177079
Chongqing Municipality,967,gennorm,1.668183948143988,-0.03308494497570515,0.7477878016622068,2.1108701236216394,-0.046345788851884076,0.8031592305887816
Chongqing Municipality,968,gennorm,1.9696138631206417,-0.11842575851829842,0.8201332663653309,2.4409384221186325,-0.04109289717115495,0.8844186153174138
Chongqing Municipality,969,gennorm,1.5976059506822997,-0.06073223242120564,0.7773469306333096,1.764608581555922,-0.015637948986438603,0.7661601412717283
Chongqing Municipality,970,gennorm,2.135423359187873,-0.1138891006310532,0.8571534929496563,2.312488386499454,-0.06045231745770698,0.8626251703452105
Chongqing Municipality,971,gennorm,1.868865552257995,-0.07783568645348696,0.7843928197836328,2.0473443251410357,-0.04228031026308343,0.8289604731056841
Chongqing Municipality,972,gennorm,2.015678678208275,-0.06532196925097555,0.816874766979835,2.1039235998190247,0.0003656625086711857,0.8319983977488312
Chongqing Municipality,973,gennorm,1.850048751018182,-0.07452350743863667,0.7675576832744063,2.223839853860235,-0.011719052903064013,0.8772445695803787
Chongqing Municipality,974,gennorm,1.6424325069888148,-0.0627659160443622,0.7410266656005968,1.9458208302897408,0.012023994739519449,0.8140245604353158
Chongqing Municipality,975,gennorm,1.7313991670815652,-0.1145328471124438,0.7097213629105048,2.4515540841711188,-0.012852140532060843,0.8970919211301915
Chongqing Municipality,976,gennorm,2.169178435713843,-0.11859108399517801,0.8371888522383841,1.875773299178984,-0.00657924727518463,0.7807649760282407
Chongqing Municipality,977,gennorm,1.6950041181579532,-0.06723861095376366,0.7412865055940406,2.090449688500513,0.028049187562860976,0.8120282527662543
Chongqing Municipality,978,gennorm,2.324775655453667,-0.0620351136117333,0.8560133746604248,1.8884212312956206,-0.0136948994554353,0.771286489735721
Chongqing Municipality,979,gennorm,2.0322649713462964,-0.07177500440870047,0.8089819302651264,2.1521646093768996,-0.052335995321545606,0.8186347180200959
Chongqing Municipality,980,gennorm,1.8357932381890456,-0.08652594239216416,0.7660370853517343,2.0587584211402583,-0.009326524711040618,0.8107195824450378
Chongqing Municipality,981,gennorm,1.8272348133836038,-0.11683903144171631,0.7485226163298102,1.743977742919186,0.01564501487154081,0.7215752187357054
Chongqing Municipality,982,gennorm,2.2209246930330253,-0.08134693597515691,0.8361642535692748,2.3285314437334654,0.017208404067164673,0.8837281749079525
Chongqing Municipality,983,gennorm,1.7554388687103906,-0.11407178724878739,0.7992203128201505,1.9611715457262842,-0.03624045761009982,0.7895123183853681
Chongqing Municipality,984,gennorm,1.79067083936091,-0.11606946133475175,0.7862979726132369,1.9383773532662527,0.027347036598082075,0.803191201063477
Chongqing Municipality,985,gennorm,1.9869784198205893,-0.08957919516211046,0.842195897922219,2.339112203019443,0.01491259906186039,0.8335288865560797
Chongqing Municipality,986,gennorm,1.8206541042602353,-0.06835827526321184,0.7866416253474233,2.107882268565042,-0.012307185000732461,0.8116782648179144
Chongqing Municipality,987,gennorm,1.7655903143976022,-0.07223440309467663,0.7862030202286994,2.200146259693616,-0.047425760392672905,0.8448233207416584
Chongqing Municipality,988,gennorm,1.8004252340190785,-0.10876937297227146,0.7488210762633067,2.188772559662298,0.005771868274201864,0.8420638993339555
Chongqing Municipality,989,gennorm,1.9114623463229883,-0.08519832846234457,0.7836011881139753,1.9425704996800013,-0.023633606011259738,0.7636949269712263
Chongqing Municipality,990,gennorm,2.1200624406659636,-0.06391110796720176,0.8464544295872201,2.5717863187626735,-0.01433229603785336,0.8687857969254116
Chongqing Municipality,991,gennorm,2.0112049413004267,-0.042755162625570484,0.8171348472834316,2.3394329352027157,0.009269923999600884,0.8414889437948049
Chongqing Municipality,992,gennorm,1.8495055248495316,-0.08183584330390645,0.7788790220749104,2.2108706398304836,0.03123658773608198,0.8119986873506593
Chongqing Municipality,993,gennorm,1.5984971456956978,-0.06506460637228688,0.7204696440318463,2.231404783343102,0.0010040146194043096,0.8154753628091418
Chongqing Municipality,994,gennorm,1.8686454610699803,-0.07173274691197289,0.7715508685535835,2.254976860570323,-0.035652992885473196,0.8447051837017991
Chongqing Municipality,995,gennorm,1.7974771799305018,-0.035253235897377166,0.7932853605462292,1.8486583004409083,-0.0003049930013967945,0.7695164436846429
Chongqing Municipality,996,gennorm,1.7041524691958423,-0.11091020848348822,0.7607922116160988,2.2458102343897073,-0.07079614604729353,0.8632710094327727
Chongqing Municipality,997,gennorm,1.7847878720373118,-0.1382051586812239,0.7739117948503861,2.3985490046967657,0.027544489155421556,0.9361350447983474
Chongqing Municipality,998,gennorm,1.9891820095757826,-0.07672680340525043,0.8069314996959615,2.368773044502454,0.000634072122310318,0.8713091817571106
Chongqing Municipality,999,gennorm,1.863240799660338,-0.11295271978074159,0.7989492496028603,2.2508519763306314,0.026991095358298033,0.8368965348549238
Hubei Province,0,gennorm,2.4020796120974497,0.05542641637064746,0.845698556971316,2.876744042563239,0.15247820089351843,0.8733123415996253
Hubei Province,1,gennorm,2.6622857128503776,0.0048852931496342795,0.8852965127228541,2.1886695951610835,0.15011863775144219,0.7605383425836509
Hubei Province,2,gennorm,2.4185447347772806,0.0502649256371446,0.8117508663165536,2.6163557903430616,0.14858758028676056,0.8409526964216865
Hubei Province,3,gennorm,2.7646482342234497,0.04117514464480515,0.8767079605535092,3.3811872413855086,0.15384924682544848,0.9585792589512618
Hubei Province,4,gennorm,2.636342844679067,0.029429776130779246,0.8847044640424567,2.769369655607262,0.16372325503289714,0.8991845259576237
Hubei Province,5,gennorm,2.258275121340991,0.04112496507900866,0.8455509407435167,2.7929599887102334,0.1263261367907003,0.9312301249382999
Hubei Province,6,gennorm,2.551229815181999,0.031558807158586666,0.8528860173979494,2.447411765530167,0.14257001865772992,0.8936038156118464
Hubei Province,7,gennorm,2.950350108109774,0.03471908151879181,0.9026267038553861,2.7440491635163164,0.14566746813799436,0.8533568355939851
Hubei Province,8,gennorm,2.4441366872314503,0.027464610298434708,0.850553692576073,2.5450352198748645,0.1616482158020669,0.8199195634686149
Hubei Province,9,gennorm,2.720525417145155,0.02886412641784762,0.8942064786204964,3.1366225577252718,0.12180105098907051,0.9036069274878471
Hubei Province,10,gennorm,2.427123087145746,0.012009187278435739,0.8435803138159613,2.764682214770624,0.13769138721625318,0.8619360985568032
Hubei Province,11,gennorm,2.48729063574297,0.03447279252956789,0.8710964494327573,2.6509018112055887,0.1234157195574455,0.8667255729326997
Hubei Province,12,gennorm,3.1607259494263107,0.06484819819716857,0.8733127167827408,4.0052579702065945,0.1529840286788084,0.9349465973021889
Hubei Province,13,gennorm,2.260117510675145,0.027101064378784907,0.8686852778584873,2.862374972443428,0.14346173620409025,0.8502422106451576
Hubei Province,14,gennorm,2.505785408181245,-0.0009668519855480923,0.8191137781008888,2.948455717884513,0.12881022614811505,0.8702585819724454
Hubei Province,15,gennorm,2.4280326140818254,0.047577784273765536,0.8234993435168122,2.628542430962886,0.12930440916415734,0.8361410820360817
Hubei Province,16,gennorm,2.545450901578751,0.05404498852910449,0.8553310469757238,2.6060435784001914,0.13757002627974418,0.856816787787929
Hubei Province,17,gennorm,2.325111221404671,0.03222088396902544,0.8421039381412405,2.466375817971499,0.08668605147825392,0.8402395393773646
Hubei Province,18,gennorm,2.1914254754182236,0.04249340432971525,0.8399005135061086,2.898835748707278,0.15592108610479255,0.8681160701253401
Hubei Province,19,gennorm,2.478526761777342,0.014035595368342126,0.8363198112901387,3.4304095077084025,0.13092945412046458,0.8933219727360953
Hubei Province,20,gennorm,2.6096626048994223,-0.018240257114893674,0.8824283385058245,2.871632383557337,0.15833851476506527,0.8975939991194202
Hubei Province,21,gennorm,2.3190768646500235,0.0478038322776388,0.87638056517051,3.223120241546613,0.12511774774980922,0.8802813901317672
Hubei Province,22,gennorm,2.0016215098964896,0.021538202876385717,0.7463022571709325,2.937241492269864,0.14432141218875771,0.8917333402508073
Hubei Province,23,gennorm,2.6203575674493615,0.06538494821490759,0.8962500992580806,2.834959126971195,0.1306233957247011,0.8358806589162253
Hubei Province,24,gennorm,2.288049451200994,0.07385950090201332,0.8440940996557844,2.9582076279345793,0.1364497478395422,0.8978664845672258
Hubei Province,25,gennorm,2.230058127214238,0.031912913232997046,0.8384200103313038,3.326259198918817,0.19976023781747804,0.8654518784567591
Hubei Province,26,gennorm,2.4299155165146944,0.035243868000430695,0.8666965850343298,2.509919273058881,0.15056205444911985,0.8282979137705899
Hubei Province,27,gennorm,2.5803329701347435,0.022432953038077307,0.851242937854375,2.8946217084255084,0.09725402308442657,0.9017983560143112
Hubei Province,28,gennorm,2.445109138312364,0.02510020866397858,0.8340820385538157,2.628857443774212,0.136771632068687,0.8389250900289235
Hubei Province,29,gennorm,2.4241431953532855,0.021909654266447774,0.8461637491196766,3.2891151841415587,0.1345034849623971,0.9150423334800175
Hubei Province,30,gennorm,2.6141592399312574,0.026892623682775445,0.8630268255437933,2.7300491929733393,0.14499615599002283,0.8632350489051649
Hubei Province,31,gennorm,2.6637832396120587,-0.00857210260017973,0.9157699233241223,2.580434660873655,0.13795822605495325,0.8457659410804883
Hubei Province,32,gennorm,2.1446338266098275,0.006229529116779663,0.8417005388310688,3.0982077322680555,0.12555696389009133,0.8820054835097682
Hubei Province,33,gennorm,2.5194459906202633,0.058837609838316596,0.8742806539275916,2.674381329844074,0.15467228987120557,0.8938314933869178
Hubei Province,34,gennorm,2.3128161045439066,0.07980990362959167,0.8505681525930116,2.532473512592495,0.16569469839082868,0.8374565338632258
Hubei Province,35,gennorm,2.7261238465522704,0.03950855246118419,0.8782188759255829,2.8639951754218917,0.13997889164914612,0.8874337902170666
Hubei Province,36,gennorm,2.191073142263897,0.022940588490308972,0.8238148028691491,3.0071472050661843,0.08502989787695107,0.8648266431663976
Hubei Province,37,gennorm,3.046244279084008,0.01782442580467925,0.9023463253253684,2.392246091497556,0.11405351486646695,0.8441369196655644
Hubei Province,38,gennorm,2.559694998892229,0.035749870109407,0.8581429233931346,2.985899573696884,0.1106309631505456,0.8705929105924817
Hubei Province,39,gennorm,2.4870709883944917,0.016201828975973914,0.8374166656064291,2.7449872289470614,0.13686203894752524,0.8991721140610935
Hubei Province,40,gennorm,2.235408858996913,0.04671711547113479,0.8107332711850244,2.568222471622666,0.12788170514102518,0.8714666507666156
Hubei Province,41,gennorm,2.262106700452537,0.059429656249439904,0.8112038904657333,2.667631825862308,0.1490512089400142,0.8906369878981494
Hubei Province,42,gennorm,2.3693069541364356,0.04765109559177933,0.8155945051684246,3.4045728610509647,0.17926441101473534,0.9197299030245978
Hubei Province,43,gennorm,2.4601313910923635,0.0822503422507081,0.8550313026875291,2.54162232547373,0.11779536833010434,0.9038245019883182
Hubei Province,44,gennorm,2.351752418398103,0.015220417114941882,0.7992972780699175,2.742969630201716,0.1267370436134862,0.901956447717289
Hubei Province,45,gennorm,2.133295862613669,0.05278050487766453,0.7810524596775199,2.6325358151776292,0.09280876042566313,0.841238496251572
Hubei Province,46,gennorm,2.262445559723716,0.0400494277398078,0.8130899969957217,2.7711402233784446,0.13746599145551383,0.8873332670196108
Hubei Province,47,gennorm,2.2541493135976536,0.019980169737386352,0.8095983727337452,2.1881234367420785,0.1425553590716956,0.8112040182263892
Hubei Province,48,gennorm,2.3113358396914077,0.04427903189097878,0.8273196910489174,3.1042738918469865,0.1488548329598468,0.8863117425474961
Hubei Province,49,gennorm,2.4047834396340093,0.03113032998018886,0.8121886350469161,2.8104971926662343,0.14844130079471285,0.881653862918915
Hubei Province,50,gennorm,2.5201850274307285,0.03213953785081504,0.8289564684972466,2.0805174680072915,0.17008224863558027,0.7642535095130083
Hubei Province,51,gennorm,2.9133075277091103,0.06012574623036841,0.8735906700706912,2.5887070952994167,0.2010256802501612,0.8374240810135218
Hubei Province,52,gennorm,2.233057303206989,0.033272398294783394,0.8364562182228753,2.6215695473885976,0.17965209622117057,0.838401565957912
Hubei Province,53,gennorm,2.4294621252616526,-0.0016584103797051145,0.8641458977755843,2.628931025480382,0.17021167338337267,0.8262805903966202
Hubei Province,54,gennorm,2.0295353182078086,0.05531934282192032,0.7901772610794617,2.1636334858465966,0.13807564275925305,0.7877875065198925
Hubei Province,55,gennorm,2.919554946324379,0.034391664776361644,0.8736021038773607,2.731580779652944,0.16930366429285018,0.9047432981200607
Hubei Province,56,gennorm,2.354321952669686,0.01726497493430431,0.824079556271138,2.5407036838106043,0.13624509725820944,0.8118942451994391
Hubei Province,57,gennorm,2.7376815423358165,0.04867426187626277,0.8869527410480116,2.8910764213461864,0.14641631999865484,0.9185551742607769
Hubei Province,58,gennorm,2.466456825889293,0.01921394671000312,0.7920562710789085,2.8729796670289955,0.14721917221515574,0.879532746753993
Hubei Province,59,gennorm,2.996408211763284,0.00973877169343014,0.8860495389715269,3.3549052148276948,0.10764186273355542,0.9443197772701144
Hubei Province,60,gennorm,2.4650706156345006,-0.0010272497235726324,0.8822699832447063,2.9991380328724384,0.17897688295542197,0.8979033659197386
Hubei Province,61,gennorm,2.45086956530766,0.036550248982576826,0.8126935279914882,2.6832240732507566,0.14508038823225605,0.8504562704461136
Hubei Province,62,gennorm,2.5502415996924235,0.03385890188477336,0.8267323774157214,2.373643600621065,0.09981452590969364,0.8692807208609836
Hubei Province,63,gennorm,2.2819711039791812,0.024411358992797342,0.8304495605850644,2.575078136576689,0.13068436041017983,0.8128095456585862
Hubei Province,64,gennorm,2.1555437768749828,0.038863935672153405,0.8121339532364278,2.5254371618588207,0.14651541697925063,0.8661122782935686
Hubei Province,65,gennorm,2.894334116083153,0.007336458249033495,0.9076770072124203,2.620194129178338,0.12325759902885704,0.8801170023469591
Hubei Province,66,gennorm,2.0937632931900714,0.056261414314243335,0.7819634960723942,2.886854436702128,0.12951152097698215,0.9061069075119547
Hubei Province,67,gennorm,2.504851257513687,0.05970907498457549,0.8528611285172629,2.9367705476989316,0.12039283805078707,0.8909513946716019
Hubei Province,68,gennorm,2.9956018105812325,0.011804568001045426,0.910291932105671,2.9754854333374072,0.12530991341354195,0.8605865210606797
Hubei Province,69,gennorm,2.3511754808355976,0.027919819876696242,0.8266261975263502,2.6474980704991733,0.13967122350864775,0.8561484203474099
Hubei Province,70,gennorm,2.335895950242043,0.004611890177988955,0.8254398179973381,2.5016234256523564,0.14853150251719255,0.8584666056282675
Hubei Province,71,gennorm,2.72785368814654,0.017871509866186526,0.8688039182320841,2.8719256213599818,0.14172934334221338,0.8925736493299435
Hubei Province,72,gennorm,2.3835122275033775,0.03637313197055145,0.8770242941248614,2.6840385833046616,0.14641842737244548,0.867022430318198
Hubei Province,73,gennorm,2.2380994906121754,0.05929791685457805,0.8016041363417181,3.0904265485931646,0.15098375458045105,0.9062937867179153
Hubei Province,74,gennorm,2.3970224895339225,0.017618262853161877,0.8607127153200247,2.6424664134909106,0.1619055946561268,0.8607640868281803
Hubei Province,75,gennorm,2.7436967325246835,0.025532412056182383,0.891489115847566,3.7218854479169368,0.13736734660507793,0.9067399899770765
Hubei Province,76,gennorm,2.1819831723781107,0.021841318763086343,0.8107730666809658,2.6478629796161197,0.1565298159779801,0.854260243172347
Hubei Province,77,gennorm,3.2964907632678617,0.03739181783301143,0.8925686686956272,3.1616593760200007,0.106736146950415,0.8944849359830147
Hubei Province,78,gennorm,2.6124986761739786,0.09730544858396217,0.8664165068469676,3.5662480031987487,0.15162412542463605,0.9617495524773652
Hubei Province,79,gennorm,2.771637651902946,-0.00914922999732864,0.8996151105570959,3.45558596002327,0.19254060620661367,0.944808245701153
Hubei Province,80,gennorm,2.9782264392412388,0.038615148355792106,0.9157743344964291,2.7943535851725922,0.12788437213724607,0.8495334551481339
Hubei Province,81,gennorm,2.2849242969931023,0.07722449059073304,0.8433245603817278,2.7779444716415957,0.1637217089996032,0.8693343677494825
Hubei Province,82,gennorm,2.54331186531537,-0.02656376613389683,0.8974561069206575,2.5381102951090684,0.14467902919449632,0.832021117805481
Hubei Province,83,gennorm,2.529306257794403,-0.01774767771963671,0.810444063693009,2.5566955917314633,0.11642097831866638,0.849607971491074
Hubei Province,84,gennorm,2.5532216701109336,0.015731587239422865,0.8946226364836357,2.707296084910521,0.1702380539138209,0.8473482843725769
Hubei Province,85,gennorm,2.9109648059900968,0.08374625621919607,0.9039071749388735,2.258858650000496,0.12457831850121862,0.8172313231591664
Hubei Province,86,gennorm,2.5207974171864125,0.002563096192827718,0.8017427354437734,2.6466349763126225,0.15430713961150744,0.8845343184124734
Hubei Province,87,gennorm,2.1506293011500723,0.044600257601953686,0.8028482211057367,2.7570891714035346,0.1186410385112602,0.8660072306016515
Hubei Province,88,gennorm,2.3939166785174324,0.10165613711500762,0.8600714637412643,2.8059387614971785,0.09432447012256194,0.907738254094643
Hubei Province,89,gennorm,2.538524128214339,0.030691995799730906,0.8601532262549412,3.1032480026558273,0.14446492654721466,0.8237399153769729
Hubei Province,90,gennorm,2.4150807367730387,0.04887964805731792,0.7933809084904959,2.677119860617002,0.1854592661914906,0.8519732066535549
Hubei Province,91,gennorm,2.5849592460809103,0.03387394205711587,0.8453697494347621,3.24959003529959,0.12311830436260962,0.9471232919519553
Hubei Province,92,gennorm,2.8951520393084618,0.03865180127201813,0.9080894161836401,2.109490149798162,0.1505180780738007,0.8133142655528829
Hubei Province,93,gennorm,2.6177584515869077,0.008462925695033163,0.9098632864328497,2.3754979630626005,0.13605723947029114,0.811336378457919
Hubei Province,94,gennorm,2.6604999317385745,0.028886100303696885,0.9103561036527945,2.8055011611331775,0.15439674915572948,0.8739043767573722
Hubei Province,95,gennorm,2.1964695261779963,0.060725769244971126,0.8247892462407878,3.081954650878804,0.16819880822860145,0.890422374400142
Hubei Province,96,gennorm,2.5468928842526326,0.07103339169228068,0.8577165285947637,2.7901896214795876,0.12109388729558124,0.872725051730959
Hubei Province,97,gennorm,2.3532215199416036,0.008019045621554486,0.8312963397947964,2.6791877309791783,0.14475915872335562,0.906754918260556
Hubei Province,98,gennorm,2.4261293992589947,-0.01877045592545811,0.8207569106309347,2.5026587586353033,0.1391823942258249,0.8187577394887574
Hubei Province,99,gennorm,2.7529501277914052,0.016099810835805556,0.9101072535822348,2.700042276271427,0.17817255083908573,0.8769843920096749
Hubei Province,100,gennorm,2.315139564501309,0.07225536941049007,0.8069245858126792,2.7323399669154407,0.13710064884205408,0.8818897056990322
Hubei Province,101,gennorm,2.196354501175044,0.024957801336650435,0.7945424413324516,2.5548514781243457,0.12201471296782879,0.8580424956560616
Hubei Province,102,gennorm,2.2855284052333555,0.05872500254533478,0.7928999014953438,2.9057524024922627,0.14083800785732448,0.9169909882374168
Hubei Province,103,gennorm,2.252782776108754,0.04896970559177934,0.7925754948776049,2.583058445518893,0.15484032228186106,0.915988180535215
Hubei Province,104,gennorm,2.6544014281808526,0.0318781057614737,0.8537830318446977,2.7443336492833117,0.14409342778409862,0.8666408466259659
Hubei Province,105,gennorm,2.5911635760519243,0.0736027045066838,0.8619724586840785,2.5396903455757585,0.10923739110517036,0.7944177939449526
Hubei Province,106,gennorm,2.1852557662686336,0.029216874121076833,0.8338566064716493,2.4444048140636756,0.11187473476062267,0.8037275232974773
Hubei Province,107,gennorm,2.3771184491349118,0.002293194939340112,0.8643551173431896,2.7060241061230865,0.14946054763067518,0.8959091785151019
Hubei Province,108,gennorm,2.175536051396028,0.05978741899659601,0.8249800042019024,2.6336585391266407,0.14769524404044293,0.8861071421566564
Hubei Province,109,gennorm,2.575551803286389,0.027757591746675657,0.8674542323932741,2.897932375664072,0.11433247654583475,0.9061442536449522
Hubei Province,110,gennorm,2.7787982417674177,-0.0022197708414041844,0.9184703748962995,2.707940135005655,0.14317071618424382,0.891346109715415
Hubei Province,111,gennorm,2.594092862055743,0.0347757757149791,0.8656053886658748,2.8277714250125325,0.1433958560281638,0.8916783459562472
Hubei Province,112,gennorm,2.1424565826165383,0.023586458186496545,0.79738316877941,2.6082506939873835,0.17414602817004043,0.8419442277739435
Hubei Province,113,gennorm,2.3886222162628012,0.02158362459082592,0.848787433707428,2.4023982934903216,0.11992209519517999,0.8588377809513148
Hubei Province,114,gennorm,2.2325966374928505,0.045436840355963085,0.8132306847331651,2.9539035594829794,0.10452374832534714,0.9460358495178403
Hubei Province,115,gennorm,2.4283591172958685,0.00821695158885465,0.8613593717595804,2.404209905998112,0.14701600684992872,0.8356512072353095
Hubei Province,116,gennorm,2.4589126815004354,0.04352236991814934,0.8810989894252467,3.1313084248090433,0.12741345593216077,0.8806940661505047
Hubei Province,117,gennorm,2.875064412149756,0.06661088294612694,0.8683330881239155,2.3787620069503346,0.127482406715051,0.810105809223495
Hubei Province,118,gennorm,2.253089039390826,0.057277948518047156,0.8362771445634408,2.596592566527305,0.14327179549368319,0.8696358033051956
Hubei Province,119,gennorm,2.251052142496696,0.011575075090871283,0.7644894166380594,2.352670433669787,0.11204916983202654,0.804103440770499
Hubei Province,120,gennorm,2.4894632671169403,0.08314910237153425,0.834865641511525,3.8094539659128674,0.08405583881415399,0.9074645537985244
Hubei Province,121,gennorm,2.7332958144780504,0.054923903643875754,0.8638815129196771,2.9730303479843876,0.140348655593434,0.8889729451727935
Hubei Province,122,gennorm,2.1232978352545517,0.09333070634256978,0.8009294770496591,3.6382238594337375,0.10050609456992715,0.9706898155483601
Hubei Province,123,gennorm,2.746328103132078,0.02120442021321757,0.8486528585208892,2.1740636249365446,0.08172384212853387,0.775595224172527
Hubei Province,124,gennorm,2.9840687877058736,0.048160386460858885,0.9101610285408671,3.048347333282668,0.13702260564422636,0.8928422214563738
Hubei Province,125,gennorm,2.3640759234434143,0.05162945887523912,0.850744647632916,2.868196311718151,0.14700004051964616,0.8691604253522527
Hubei Province,126,gennorm,2.0617766920251372,0.01696882180710752,0.7674495235599543,3.364117110062467,0.1500989406532222,0.9244950391783007
Hubei Province,127,gennorm,2.252058888950028,0.03675250183801672,0.8264463757787601,2.7911975170381256,0.14668367198818552,0.9036500058415953
Hubei Province,128,gennorm,2.9192541214969987,0.0650097640480671,0.8649860582626894,2.7511402276413515,0.08721904746688558,0.8734864036509444
Hubei Province,129,gennorm,2.1602270848941165,0.02401753758361242,0.8257097373264557,2.7375498178739024,0.16975189779976357,0.8714580887898138
Hubei Province,130,gennorm,2.604010884486704,0.031143731821034786,0.9034930787063467,2.7604413299156327,0.12664855939434544,0.8683831777635762
Hubei Province,131,gennorm,2.6456873102919802,0.04995883520546523,0.8496631017577232,2.5662400838084007,0.13130285830025912,0.8488898861803127
Hubei Province,132,gennorm,2.8597602073622865,0.0229324346263836,0.9280810274951745,2.717800039032884,0.14735691220299452,0.900645130989176
Hubei Province,133,gennorm,2.5130394755424996,0.014391817761023475,0.8848884856644027,2.4567895374502084,0.16368975540641595,0.8787583814313962
Hubei Province,134,gennorm,2.139994835128632,0.03714124768113482,0.8126866097192244,2.419931453402338,0.10440734232566608,0.8681596353845311
Hubei Province,135,gennorm,2.4672222513200586,0.029936506812969783,0.8404006160967018,2.6941276391227795,0.09588658083240836,0.8569538850035004
Hubei Province,136,gennorm,2.7533792644685517,0.06393262342388494,0.867293759495212,2.4565457896371097,0.09652940987284439,0.8514766987698639
Hubei Province,137,gennorm,2.2067451019058995,0.06330574449479995,0.8044598887730185,3.014274547707564,0.16120111145651478,0.8980738211952991
Hubei Province,138,gennorm,2.7135609668988288,0.0017800275801914739,0.9223302817704226,2.783290607337274,0.13965879517077412,0.8564916546671946
Hubei Province,139,gennorm,2.3374317207990716,0.04308431569969662,0.8519048768506631,2.9267873167018115,0.1288090964263618,0.8675909729514215
Hubei Province,140,gennorm,2.663424170370321,0.02813675029289097,0.8869366171208671,2.6741480861528446,0.1271221499860967,0.8556361853200389
Hubei Province,141,gennorm,2.8174688648684523,0.026565158398861907,0.8470394241721173,3.43930198921674,0.10591038354946795,0.9112278864998826
Hubei Province,142,gennorm,2.657255781673097,0.05159465858818165,0.8751310913524086,2.7230594035274844,0.12776893933905606,0.8744764880140861
Hubei Province,143,gennorm,2.7985563551789,0.05642410933470818,0.9069153605978455,2.3912786346269708,0.16636138293067193,0.8300058935071891
Hubei Province,144,gennorm,2.4325667965786284,0.020242586942255565,0.8203360759977121,3.6039328418926,0.14360227302314132,0.9492726081852862
Hubei Province,145,gennorm,1.9758834296227907,0.029359126740204827,0.7672999364295567,2.653213166924907,0.11563809659601189,0.8670183640088465
Hubei Province,146,gennorm,2.120995918748652,0.029708546515916527,0.8009042537462197,2.805801227057958,0.15690621427227058,0.9010431889972319
Hubei Province,147,gennorm,2.3077405113483707,0.037078345800249324,0.8469524914126647,2.5929217442849266,0.18823028831592803,0.8480865123396721
Hubei Province,148,gennorm,2.6086476695348138,0.026177955479841614,0.8594016619099704,2.5512759000976453,0.13296342085934645,0.8519330459596584
Hubei Province,149,gennorm,2.355367211380373,0.051445872334908424,0.8484670234601858,2.7301771745222485,0.1206965196901563,0.91834831429631
Hubei Province,150,gennorm,2.396708757617069,0.10219587653879739,0.8604432023627318,2.62085059203754,0.14882341112861533,0.8698939011020528
Hubei Province,151,gennorm,2.1601925915971334,0.04150728327250558,0.8371021766558983,2.3263182961519377,0.1446684520878569,0.8258957635198658
Hubei Province,152,gennorm,2.2706515363481854,0.03519792555315221,0.8218091994840382,2.538203863304973,0.11927178866824753,0.8904876868050298
Hubei Province,153,gennorm,2.3662425841336705,0.009713201722398025,0.8548394141260356,2.549060648219893,0.12611851680108632,0.876930234870402
Hubei Province,154,gennorm,2.8328728416384727,0.03291864987530868,0.8632254912286847,2.547808602605905,0.12062939362594646,0.8545485050207747
Hubei Province,155,gennorm,2.604639256682966,0.03965231289330608,0.8756880703261105,3.0614328636256287,0.1302337378698083,0.8655023903305054
Hubei Province,156,gennorm,2.5306093988877687,0.02474327237064468,0.8637807394005368,2.8860644103569126,0.13677755406377556,0.8971813127874912
Hubei Province,157,gennorm,2.6766453718517673,0.015173130817706458,0.8975736845928652,2.984404386744096,0.12765940970884573,0.8859517704110731
Hubei Province,158,gennorm,2.856299778496119,0.005661352189294654,0.8495846728319754,3.096869681600071,0.15264867590010167,0.9014059904344833
Hubei Province,159,gennorm,2.5286430987358868,0.06984128002394624,0.8418085011391958,2.636079893951716,0.13541973131005397,0.9210165931232539
Hubei Province,160,gennorm,2.2445796804781994,0.0594150972829405,0.8655437143331481,2.8497851407054053,0.16747674697205492,0.8870800179296886
Hubei Province,161,gennorm,2.5021626232884007,0.0023817387574687756,0.8794596662317409,3.090538659446276,0.14718113497764507,0.9150821807786226
Hubei Province,162,gennorm,2.3949657640398523,0.06912485397884043,0.846332134049701,3.523139789503898,0.16337530074286655,0.9235725747927939
Hubei Province,163,gennorm,2.235880166733618,-0.01995196673562882,0.8024558767367264,2.6662450674904226,0.1265758234236671,0.8538267261979443
Hubei Province,164,gennorm,2.496781351066373,0.05802361341118194,0.7981305520072792,2.6797093421736045,0.10944977118816415,0.8542046889156374
Hubei Province,165,gennorm,1.953412175094528,0.07812668137491077,0.7819893964089475,2.7663682634511755,0.16640800008942788,0.8905508719108122
Hubei Province,166,gennorm,2.399092862559139,0.03898243387882022,0.8782674407501105,2.562633630994198,0.1499070227233113,0.8715972739093795
Hubei Province,167,gennorm,2.1685441061980972,0.040751073480026954,0.7982582191319241,2.635698924168143,0.13418652175332096,0.8477101002526285
Hubei Province,168,gennorm,2.1578579939059055,0.024181520279453198,0.8072833101746544,2.688128529832518,0.1582331809767138,0.8500444214805669
Hubei Province,169,gennorm,2.1641671190120304,0.06572940123795504,0.7796903954899109,2.8041792201470335,0.10698096170505536,0.8893694877162233
Hubei Province,170,gennorm,2.569654941026493,0.03562192390846471,0.9095630743102094,2.7483604520558185,0.1690430569877309,0.8461446695546466
Hubei Province,171,gennorm,2.801481765133782,0.02949363613228661,0.8526163911919253,2.8147636433371783,0.15045949011579604,0.8831766805669081
Hubei Province,172,gennorm,2.064651031256112,0.050041458731388225,0.7762816197713039,3.380354928614974,0.11340598646796238,0.9223288632968034
Hubei Province,173,gennorm,2.4827687129828746,0.006312620474681575,0.8532692823806526,3.389898068569331,0.10700692578863344,0.9296977936930104
Hubei Province,174,gennorm,2.8588317625146105,-0.014489847836914612,0.8432324546393599,3.228319875557532,0.11834172794087511,0.9317128307631115
Hubei Province,175,gennorm,2.65659560344782,0.07270642316130843,0.9294025207307516,2.7354342140024523,0.1324487493516587,0.9074783327472897
Hubei Province,176,gennorm,2.160603335448771,0.09047917889017065,0.8081663890957653,2.866678470956954,0.14748925164226206,0.8775026147862308
Hubei Province,177,gennorm,1.990564919797259,0.041882473353665836,0.7699156901261304,2.3746635799381752,0.1527782224167772,0.8511637410571635
Hubei Province,178,gennorm,2.4344833816702582,0.0649875914289792,0.8682378062760485,2.473443830276335,0.12014760050683129,0.8165534406212596
Hubei Province,179,gennorm,2.290373720136647,0.03934812814201083,0.8547373878982849,2.15745407876512,0.1366104031382867,0.7799643069504343
Hubei Province,180,gennorm,2.3843401637976838,0.04296261724011778,0.8328697316097979,3.16326750998705,0.12821388781473628,0.8895094405613497
Hubei Province,181,gennorm,2.4260979876316826,0.038161218318907765,0.8465572539957751,2.708970472584526,0.14775170447098332,0.8692927128041971
Hubei Province,182,gennorm,2.854836323784067,0.04043296620331285,0.8879885618994727,3.007762833799908,0.132787352411123,0.915488806236286
Hubei Province,183,gennorm,2.7211957199374623,0.03275946657747943,0.9231324786310788,2.4009608910269495,0.10124113553873104,0.8237116805680135
Hubei Province,184,gennorm,2.360494271323504,0.041379228305931416,0.8121038255308157,2.378743866113002,0.12379064860700346,0.8277403906593006
Hubei Province,185,gennorm,2.3941591001359557,0.02319060285297892,0.804624498092656,2.8534737322250905,0.11874016157599449,0.8897450028476531
Hubei Province,186,gennorm,2.286074873251019,0.04584470747251834,0.8296675218765505,2.9979316303676113,0.15160938754591918,0.8633196206963931
Hubei Province,187,gennorm,2.8654103014185415,0.04854778722321915,0.9452550583521286,3.4164184507937816,0.1278721589957697,0.9219401006088872
Hubei Province,188,gennorm,2.4111183938630196,0.031897393681402354,0.8748458847881762,3.036399013550625,0.14865919816870585,0.8898450526079074
Hubei Province,189,gennorm,2.564773685018885,0.053355866930454895,0.8651051109289409,2.885648582295627,0.15350458927427976,0.8949451525846615
Hubei Province,190,gennorm,2.3229522379316254,0.0038960088701674445,0.8501577121174622,2.9646086363940065,0.1384586366626253,0.9112333815689367
Hubei Province,191,gennorm,2.3021329073601837,0.002149472826900076,0.8187453527825068,2.5831151871285347,0.13073082796399357,0.8662755875734545
Hubei Province,192,gennorm,2.3288257537765595,0.03159978917571654,0.8500463485852545,3.566845699868951,0.09159482622137512,0.9487239771252738
Hubei Province,193,gennorm,3.7284657367966014,0.025011810693992997,0.990531712557063,2.9654149966730516,0.13304604034538142,0.8913541475738282
Hubei Province,194,gennorm,2.1833752937750006,0.05531185936964435,0.7975998376608451,3.13733346947354,0.16102870604312164,0.8708346241277274
Hubei Province,195,gennorm,2.3271659876104307,0.0021654206950082163,0.850194683621438,2.5790962686612047,0.10390024589871319,0.8566313997553379
Hubei Province,196,gennorm,2.4589739204976713,0.015673096543477455,0.8512234843167461,2.771215507067172,0.16477467873659457,0.8733180086267318
Hubei Province,197,gennorm,2.309448533597686,0.027980488839960318,0.8320245148215089,2.7967678324923764,0.14131469575685418,0.8629455586172285
Hubei Province,198,gennorm,3.5605164366957585,0.037930892771106534,0.8963844076138836,2.341696711736586,0.11521848832916982,0.823985437891656
Hubei Province,199,gennorm,2.4882261274925197,0.09708338099997275,0.8520582494137507,2.3252006386715154,0.11958962222475626,0.807642907431483
Hubei Province,200,gennorm,2.299616326357001,0.05547712175253199,0.8101580931769736,2.6393281675733453,0.13737711144735376,0.8284826262897298
Hubei Province,201,gennorm,2.742404897399245,0.05884138878576297,0.878576262730085,2.6889648785724694,0.1251757628129902,0.8591749271054926
Hubei Province,202,gennorm,2.183409344456316,0.03978491720356428,0.850387663278751,2.8388725218887876,0.16867949050963954,0.8932487082983596
Hubei Province,203,gennorm,2.1716449793518455,0.0384729124692928,0.8071826557407091,2.813758311135266,0.11853561370186616,0.8740057407084512
Hubei Province,204,gennorm,2.429059333866352,-0.007397229382997722,0.824562516880105,3.7484902319324096,0.13954232976505038,0.9580584421433913
Hubei Province,205,gennorm,2.5387670625083008,0.05124530879728932,0.8544251081287995,2.7571333332781798,0.15748973060491073,0.8810023187368103
Hubei Province,206,gennorm,2.59401043285773,0.02264315774720007,0.8773309362075175,2.9755765363257565,0.14215809178565514,0.8963220268031841
Hubei Province,207,gennorm,2.5860182662644933,0.012591396985577097,0.90703613437267,3.2120494390288608,0.1688313860953487,0.9117676262320877
Hubei Province,208,gennorm,2.1547514494888866,0.023531523064727153,0.7774495625898972,2.471945761465362,0.11319396910977399,0.886950731196757
Hubei Province,209,gennorm,2.5486277251654155,0.03809021916190082,0.8609976707575289,2.4659640001477667,0.13104273233900698,0.8558899227060934
Hubei Province,210,gennorm,2.7830149694665582,0.008054583118047322,0.8252256000943891,2.4901700079813622,0.13884828356337106,0.8304839498192661
Hubei Province,211,gennorm,2.2786189204445435,0.04359670942757274,0.8094501315945266,2.5495402405129854,0.15149558417035164,0.8621664682337132
Hubei Province,212,gennorm,2.7017456879485486,0.025170418293197,0.8732959755308963,3.4556231361576275,0.14835476002745335,1.0002632808755196
Hubei Province,213,gennorm,2.70126657726577,0.029315857607353245,0.9157383636215277,2.6852738996172487,0.1785598759773192,0.8786121531804287
Hubei Province,214,gennorm,2.4892633327269382,0.05814076397309399,0.840280140779048,2.691629901365276,0.12846068054642348,0.9013984877359777
Hubei Province,215,gennorm,2.4893539096700876,0.033361636807426376,0.8422776066345286,2.241892831296494,0.13873678931522732,0.7949443998985399
Hubei Province,216,gennorm,2.21838167785429,-0.004043962606212044,0.8043901911690825,2.653426732994121,0.11496493356038674,0.8702145874169578
Hubei Province,217,gennorm,2.2170894592561394,0.054274079651229955,0.7726092804354818,3.306407820973999,0.17901401841903009,0.8788491278984225
Hubei Province,218,gennorm,2.3973320805811014,0.026762934039057523,0.8511839376628314,2.201501215897773,0.11147580184870964,0.8109159163423909
Hubei Province,219,gennorm,2.7787055291557046,0.006698425802867597,0.9075909543451907,2.481493815312716,0.13896099673913723,0.8537204148094716
Hubei Province,220,gennorm,2.541350448565554,0.036878529751324704,0.8532093644637303,2.4076126449557513,0.15752044772867774,0.8258761109997561
Hubei Province,221,gennorm,2.528129691417342,0.03915521774487318,0.8898426666387234,2.8064820558918657,0.19573549459725104,0.9211341735967684
Hubei Province,222,gennorm,2.3187190582773765,0.030783926976833974,0.8133643934916479,3.1141460920175272,0.12136959967872224,0.9096662431737266
Hubei Province,223,gennorm,2.5523463949519245,0.060354078402740416,0.8651327980760561,2.715604321370729,0.12182718725647457,0.8427633979286089
Hubei Province,224,gennorm,2.0784061735592196,-0.005513389996633999,0.7766552734868382,3.074894205233252,0.13906788079042176,0.9182082188154223
Hubei Province,225,gennorm,2.3962955764545493,0.0473484610176783,0.8306340655521529,2.784284467948204,0.10773148717469755,0.8655825544228405
Hubei Province,226,gennorm,2.2102475102467407,-0.006366435098927746,0.7983700038175924,2.359951863264211,0.1279989602071315,0.8405699165145277
Hubei Province,227,gennorm,2.4985638490208553,0.05438424751375563,0.8414229748651078,2.74739085065708,0.14360270256023255,0.8683848578671471
Hubei Province,228,gennorm,2.6334052721253562,0.05155309667670273,0.8472821336427385,3.193626894718826,0.14119532000171106,0.899731299131443
Hubei Province,229,gennorm,2.213474227592923,0.03688742209221801,0.8211940882285163,2.5307776495348477,0.12969833086538213,0.811693804464253
Hubei Province,230,gennorm,2.5807221328726886,0.022960843616027477,0.8845055074925644,2.6486182172682096,0.16633254389809857,0.869253342147821
Hubei Province,231,gennorm,2.2007196266080635,0.03865066993994294,0.8218930412994925,2.6026796571220543,0.11716243221633005,0.8500926636672141
Hubei Province,232,gennorm,2.3481158386785146,0.03528813191453062,0.8581603573505381,2.785149313432827,0.13219713733062893,0.8492805902139304
Hubei Province,233,gennorm,2.5833208071855465,0.031388739561210965,0.8933890974996506,2.348300247915926,0.13391920671322072,0.8113593614983923
Hubei Province,234,gennorm,2.2812339687119163,0.03504061308315029,0.8096549709973238,2.78961996430614,0.1515595050745068,0.8417029912199038
Hubei Province,235,gennorm,2.792304041816724,0.001422534200822697,0.9020676452237906,3.029995715595823,0.14195278493206154,0.8970563647061827
Hubei Province,236,gennorm,2.3354034533051404,0.01439625653387534,0.8136170608522824,2.593736486104273,0.0870416162918469,0.8809569231511242
Hubei Province,237,gennorm,2.174941665334759,0.024109615968058645,0.8095609416018421,2.2046153309726924,0.12240756156421063,0.7976301141199633
Hubei Province,238,gennorm,2.541566475168521,0.004485943018309661,0.8938121710278052,3.274600811207555,0.12114352814495835,0.9452771677512827
Hubei Province,239,gennorm,3.2139211642809684,0.0350412820732025,0.9371522018972176,2.9786054936203152,0.09926327569130697,0.9149665653997368
Hubei Province,240,gennorm,2.6530224009188554,0.033382919749666916,0.8185533093534315,2.9167271415282436,0.16511606752696434,0.8869980031143356
Hubei Province,241,gennorm,2.6586398124450157,0.038450599011159464,0.8850858508788628,2.327111080629848,0.10153718302688222,0.8432554070330571
Hubei Province,242,gennorm,2.5039020990164245,0.010629163095991045,0.8831677430454723,3.2215506131904217,0.16069813140376304,0.918752994923316
Hubei Province,243,gennorm,2.376036881401089,0.003249031505230561,0.8688364231164687,2.451723882766342,0.1446333869278429,0.8349640815582537
Hubei Province,244,gennorm,2.7349851708192725,0.03780069000465583,0.8721226627047869,2.8175301731861495,0.10821330058347704,0.8699970405770874
Hubei Province,245,gennorm,3.1871540919196186,0.043699302603578516,0.8882425955781015,2.5680760318866884,0.11963558660199747,0.8312518819138319
Hubei Province,246,gennorm,2.6802119301517022,0.02868945595521831,0.8260247868872219,2.80890432291786,0.14588608006024611,0.8566276298463282
Hubei Province,247,gennorm,2.7750330328476354,0.044216896332034086,0.915771332734864,3.173478432251618,0.14093620154154296,0.8991096186927616
Hubei Province,248,gennorm,2.347882515208436,0.0540177811645424,0.8143420008258935,2.6301767040254274,0.1270855715550494,0.8459616357199413
Hubei Province,249,gennorm,2.5419903182073833,0.015834101202826068,0.8754482714873246,3.0349285988210317,0.14776141415820743,0.894119505074161
Hubei Province,250,gennorm,2.372475579156257,0.0746530214787634,0.8566613837399077,2.6043018074824387,0.11057943317952193,0.8820306524192743
Hubei Province,251,gennorm,3.174756283765869,0.026849687196770364,0.9312349983717059,2.677550628416524,0.11265139009183514,0.8248447360445708
Hubei Province,252,gennorm,2.436968889723333,0.007296796614163385,0.860607545163363,2.4610672091828043,0.16442758475160105,0.8333876866591245
Hubei Province,253,gennorm,2.684314137503085,0.01297176498973911,0.886399187974664,2.476869260079434,0.14231838833402666,0.8385107202845974
Hubei Province,254,gennorm,2.224504603823523,0.019249143583625738,0.7901532880437946,2.5737911953435963,0.12913959978449105,0.8045090132907731
Hubei Province,255,gennorm,2.7299202868243837,0.03211836370831732,0.9068097502741361,2.8750021919033797,0.13888095998247066,0.8798158432447889
Hubei Province,256,gennorm,2.331670601587,0.0560832997602908,0.8029243629895806,2.7294758569273574,0.1866538584730162,0.8618365130535377
Hubei Province,257,gennorm,2.0839162178039405,0.0017179220981761304,0.7803450863131127,2.475021585646352,0.15148301993593702,0.8499620936606609
Hubei Province,258,gennorm,2.624992721241297,0.014743828928861384,0.862367356818637,3.251790544256311,0.152578179456184,0.9316095297234062
Hubei Province,259,gennorm,2.471936286046029,0.026718719038851684,0.8367029928660605,3.1227245612476517,0.11951789962372639,0.8875300333627135
Hubei Province,260,gennorm,2.151127986008097,0.05700995217352435,0.8237316005298725,2.5286195426740345,0.10677989709542765,0.8484786321951703
Hubei Province,261,gennorm,2.540384853034501,0.037429739226817374,0.8439155156031585,3.045397228267553,0.14277799477797037,0.8976857666723043
Hubei Province,262,gennorm,2.004530730319783,0.028548192666186765,0.773367551614602,2.1810788318022873,0.11906817065299727,0.7633045919248862
Hubei Province,263,gennorm,2.194802800583944,0.02132400922797869,0.8129775658036082,2.722430282612353,0.1443701710834106,0.8669023078048068
Hubei Province,264,gennorm,2.3951955593445,0.019246935537009076,0.8294241236973874,2.6076355038117063,0.16192523046331136,0.8257275798269501
Hubei Province,265,gennorm,2.059649031279582,0.03419009308555245,0.8102901324218806,3.1137727250984777,0.1192285585391866,0.9020018172598452
Hubei Province,266,gennorm,3.0441387782746046,0.027441525460928505,0.9560957718318288,3.188687134330246,0.17517947359339942,0.9122541681564842
Hubei Province,267,gennorm,2.427799974037957,0.011854319553633945,0.8474105814522697,2.5921002089768237,0.1647444752755603,0.8117397554530761
Hubei Province,268,gennorm,2.5863920540239977,0.05410700482787398,0.8445789346258501,2.450841855138834,0.14345424649740152,0.7940122727455814
Hubei Province,269,gennorm,2.10080681434844,0.0637771979851752,0.8102973239332674,2.4770055444852046,0.10383088594582474,0.8300626239165376
Hubei Province,270,gennorm,3.060174937603585,0.0130810646657263,0.8920416687774209,3.0587222528948073,0.11904616123726794,0.8994485687224529
Hubei Province,271,gennorm,2.839755216956065,0.012844684351895695,0.9052646009516719,2.5310941883975904,0.1267990271602787,0.8931918379075685
Hubei Province,272,gennorm,2.5782550275271463,0.03034080056444645,0.8661541946790925,2.2561716448962796,0.15309193830435636,0.8063618423118679
Hubei Province,273,gennorm,2.4725244049305797,0.06235709625584972,0.841932926304604,2.4232698019640844,0.09228443706983332,0.827471672687644
Hubei Province,274,gennorm,2.5037862784135303,0.0016686238523339644,0.898344314246474,2.6433617567776544,0.12817934620776344,0.8566646992788752
Hubei Province,275,gennorm,2.1642471602735798,0.00012629533228664748,0.8103699926306522,2.8764214583193652,0.12151479701434412,0.8793808446072072
Hubei Province,276,gennorm,2.168436368606232,-0.00043939820959283356,0.8162080528421825,3.1825849937315702,0.15691347872359998,0.884360329592712
Hubei Province,277,gennorm,2.571721397047442,0.04566965250080225,0.9148012124217306,2.511809849484279,0.1400164160239275,0.8550492037394521
Hubei Province,278,gennorm,2.386106704077754,0.03326455003965996,0.8288442586382783,3.4258936421476758,0.14712157420080968,0.9143432497442936
Hubei Province,279,gennorm,2.4117509095051517,0.012277420023641293,0.7926697636953499,2.783555673848219,0.12179301855180907,0.8574266538022657
Hubei Province,280,gennorm,2.5699131171031313,0.01763208220749886,0.8955931738588376,2.8461469615460135,0.1804042941516074,0.8695862264325066
Hubei Province,281,gennorm,2.6418475668720123,0.024449588019090848,0.9257399708458482,2.7994111804808357,0.11471048255067776,0.9128434628156961
Hubei Province,282,gennorm,3.125319676094686,0.05891959587533395,0.9483968521500246,3.266003669918259,0.1268407717423003,0.9349717948690552
Hubei Province,283,gennorm,2.360046717817041,-0.005431783066653144,0.8451165706218771,2.854179639762684,0.098414739554636,0.9149997841123731
Hubei Province,284,gennorm,2.3550797789012137,0.027171345919381397,0.8145611990148753,2.633949887042193,0.14560712699161282,0.8496010480940639
Hubei Province,285,gennorm,2.749143603788246,0.022834749231917778,0.8628467269375896,3.3466091559620743,0.1569433976739289,0.9006161862308164
Hubei Province,286,gennorm,2.3053643782940245,0.08012094990317836,0.8511831101113883,2.816628963557841,0.1515296743290494,0.8379034990821189
Hubei Province,287,gennorm,2.4833446272824986,0.0651634691860826,0.8466031743427869,2.622970297942995,0.1280679292905164,0.8684480390800546
Hubei Province,288,gennorm,2.72088859174306,0.035031023961253085,0.8621174138572406,3.2496717349937567,0.138549224438403,0.8910044878314889
Hubei Province,289,gennorm,2.6279758696100335,0.062416831257022166,0.8749374698073296,2.5565427059720216,0.14698360882999567,0.8339926057155567
Hubei Province,290,gennorm,2.4328733267675906,-0.00916868626792176,0.8018853286382774,2.784213795545589,0.11642474130397297,0.8761980328999388
Hubei Province,291,gennorm,2.4811715727461605,0.05282722219305096,0.8466857273483542,2.469221726874422,0.13399471384549955,0.8779550834598269
Hubei Province,292,gennorm,2.8425510911269214,0.0889517496488178,0.9193549181198266,2.6614720357443034,0.1311690821437635,0.8720549599524696
Hubei Province,293,gennorm,2.272524216024686,0.008880758237866371,0.7945150735208852,3.5485577558921366,0.07765089254457666,0.9273849186980847
Hubei Province,294,gennorm,2.873840008817635,0.07048375857713252,0.8795328488135963,2.69379491354986,0.14019963697583476,0.8692091451025334
Hubei Province,295,gennorm,2.637880254778306,0.02936250477344563,0.9201944211964086,2.5151225537620356,0.13675335650552967,0.8376236087269916
Hubei Province,296,gennorm,2.293645417719231,0.031150941754492,0.803459729883911,2.735736011041582,0.12613381077538793,0.8458697629171502
Hubei Province,297,gennorm,3.0129023567486364,0.06874902828369384,0.9441649956906539,2.8690589197294063,0.12796115740109482,0.8763627446820406
Hubei Province,298,gennorm,2.466518705302181,0.050484750329389205,0.819262846598835,2.746003493590485,0.13940566005924238,0.8983734137738069
Hubei Province,299,gennorm,2.9628332005894435,0.010550219625647474,0.9499018442923077,2.6382236338553873,0.16040372586610868,0.8155249887225158
Hubei Province,300,gennorm,2.8602662452832384,0.04579721261643055,0.9083408779170565,2.932289065863414,0.15017273291282554,0.8519209142773078
Hubei Province,301,gennorm,3.0610004069713295,0.035061775709028804,0.914949299228878,2.491832739719306,0.08767050988706448,0.857767051513008
Hubei Province,302,gennorm,2.317499491646177,-0.0336619000967914,0.7965932210054247,2.7944801254023277,0.16643671471181706,0.8507441545413397
Hubei Province,303,gennorm,2.4726912100794376,0.05201389208082489,0.8351070273257437,2.4552389635193217,0.13485827817608248,0.8476508602400661
Hubei Province,304,gennorm,2.3172716436494145,0.04300742634163571,0.8507069458611929,3.4149660641185884,0.11473375757293584,0.9248889765732344
Hubei Province,305,gennorm,2.4379282299178127,-0.011273117082666321,0.8621672936665972,3.0005793793531534,0.16500648857765546,0.8854833504417512
Hubei Province,306,gennorm,2.6879519423972327,0.04785129131666706,0.8605833049033609,3.1607843280503456,0.18443663668530713,0.9932656180660507
Hubei Province,307,gennorm,2.2162584530802576,0.03481232389627804,0.819736304367597,2.2319919901844476,0.15467009111189028,0.766207078495474
Hubei Province,308,gennorm,2.19193239291664,0.057215538416284246,0.8126959554763018,2.5369860915904345,0.16682190200271765,0.8634568853593205
Hubei Province,309,gennorm,2.345076293536541,0.047911429645463785,0.8573696357679705,3.0617790788142925,0.13862079766945556,0.8367653370170594
Hubei Province,310,gennorm,2.4832702869031227,0.0114935191100498,0.8300195306482393,2.6550268893151907,0.12378890401812193,0.8712767413416798
Hubei Province,311,gennorm,2.228826013159769,0.015070591300007662,0.8075924988973759,3.4016461822730952,0.15856067658896988,0.8962058712510546
Hubei Province,312,gennorm,2.7966828367111134,0.031097658693773185,0.880085410346868,2.2886245563723335,0.11109936729522178,0.7971847684776268
Hubei Province,313,gennorm,3.120490728318623,0.06410516909751826,0.8837796378296509,3.0643992095851047,0.0945533878487686,0.9249824200483605
Hubei Province,314,gennorm,2.3660597045013647,0.017735176155383815,0.8580937674959188,2.5146630768044727,0.15378972557981674,0.831418347592958
Hubei Province,315,gennorm,2.88839616673477,0.03398624188343499,0.9109243397083385,2.6828543120191024,0.11963275693882336,0.837907108023136
Hubei Province,316,gennorm,2.5715765434288933,-0.0014903675422653798,0.8837744031072552,2.5071177545499284,0.09745310403513624,0.8484289566276426
Hubei Province,317,gennorm,2.5450852713009495,0.028695586416110995,0.8302850010220731,3.2101920218101583,0.13571388968094328,0.8863407904223497
Hubei Province,318,gennorm,2.436316470144507,0.02021160088369913,0.8323621449819045,2.403852581905265,0.14667349088467613,0.8122572148165839
Hubei Province,319,gennorm,3.0332078535888507,0.05654164773289061,0.9167778186539417,2.6935526697565044,0.1180641049507903,0.8408716484183034
Hubei Province,320,gennorm,2.386694187143633,0.06781932162259306,0.8485681541287098,2.8712464384137606,0.14807793148148451,0.9093623302347276
Hubei Province,321,gennorm,2.3538529192364708,-0.011977474125017165,0.8269380924648824,3.3242210934934597,0.14672533044679753,0.9215571032540792
Hubei Province,322,gennorm,1.6552045354693488,0.03152444217178468,0.6916137120487511,3.97499496961,0.13476753144393627,0.9648382062411827
Hubei Province,323,gennorm,2.70238343665309,0.04578758481769766,0.8552299750193029,2.8622749596443966,0.0910639625210447,0.8646166318185141
Hubei Province,324,gennorm,2.7493421526176225,0.02606398560735286,0.906833331386735,2.8772065464938987,0.1705683990572825,0.8876725210818899
Hubei Province,325,gennorm,2.057436043843566,0.034689387361167445,0.7436240131096674,2.2241370617083254,0.14198720566284678,0.8289572336304276
Hubei Province,326,gennorm,3.0405618250609936,0.03393445865295461,0.8984050874134657,2.333336655179275,0.121210716414303,0.8162756536603737
Hubei Province,327,gennorm,2.0471093208659594,0.05506121369032353,0.7703337171962519,2.5730743832879712,0.11268561442772713,0.8562726823450778
Hubei Province,328,gennorm,2.503608348338907,0.015932457355651776,0.8768360494092067,3.0087710424567606,0.1760145081925702,0.9227125406539456
Hubei Province,329,gennorm,2.6996709451138647,0.04010681602714068,0.8605694715851838,2.6997861773718705,0.12862849769293155,0.8745280031031841
Hubei Province,330,gennorm,2.051613205282953,0.046823590149713365,0.7759291394851222,3.2672418466457858,0.20358403204742265,0.9016229967035503
Hubei Province,331,gennorm,2.5570963631798005,0.0057435253292588695,0.87965951632756,2.9631496406800832,0.11740453289277497,0.894299368285036
Hubei Province,332,gennorm,2.5421960009604083,0.03155560930467288,0.8867157767771912,2.6393859970618267,0.12671450698008413,0.885049704135779
Hubei Province,333,gennorm,2.3757490526283025,0.02791736747815146,0.8339412115490902,2.9122550920593513,0.10019126459624086,0.918509136404269
Hubei Province,334,gennorm,2.8361982638912253,0.013301823433576335,0.8923699005137512,3.108605126121417,0.17019896792963957,0.9254103760004955
Hubei Province,335,gennorm,2.750777011538376,0.038431535695618885,0.8758174913927834,2.772582040955074,0.14384004817806223,0.880876151128128
Hubei Province,336,gennorm,2.4412165967667154,0.026827950112223768,0.9203346154025656,3.2971047248172267,0.16510428926143217,0.8857888587942052
Hubei Province,337,gennorm,2.3216954878034506,0.08864198260755246,0.794599363759925,2.428634058198951,0.1625257688830607,0.8141016103307219
Hubei Province,338,gennorm,2.5876116220407535,0.07371840451864703,0.8826806839600795,2.970477160859842,0.1305225137969072,0.8900175222461024
Hubei Province,339,gennorm,3.02462073690598,0.04018775274072063,0.9147389200714569,2.7702641403091044,0.15172072425723132,0.8882619610271143
Hubei Province,340,gennorm,1.9867714288469238,0.025093252088229732,0.7335138789361288,2.548148204727579,0.15965094661588636,0.8465353365884574
Hubei Province,341,gennorm,2.4373959988464167,0.058181317562285215,0.8963245629129066,2.6732637186678136,0.15017373191366507,0.8734646881654715
Hubei Province,342,gennorm,2.502772222917101,0.02961087201079838,0.8984692156366213,3.1118731386833747,0.12320619522114795,0.8934627278335923
Hubei Province,343,gennorm,2.306471233767117,0.029030871723534968,0.8372263338154156,2.58497227280923,0.11826711440417714,0.8347701960186605
Hubei Province,344,gennorm,2.405475237462075,0.035998403831217135,0.8571595320879561,3.943478786797723,0.1745313764765154,0.9504104126179931
Hubei Province,345,gennorm,2.5594654376471704,0.04642363697707741,0.8399554863369374,2.5850735292697387,0.1461466347366155,0.841927412147089
Hubei Province,346,gennorm,1.8767086162013278,0.07976930895183165,0.7302167898876495,2.875861456549588,0.1296593636035678,0.8980961967569905
Hubei Province,347,gennorm,2.50081852251774,0.0336327836054815,0.8792013411377562,2.2761340766265747,0.11920135078964081,0.7849298884062934
Hubei Province,348,gennorm,2.438766915904459,0.0794421959943517,0.8074074803445164,2.881281155007409,0.10804016294382762,0.9018687492982735
Hubei Province,349,gennorm,2.8493735976601275,0.02929703209014151,0.8558920247487318,2.8446837082717678,0.1382467179653154,0.9065655723022252
Hubei Province,350,gennorm,2.0059690508875248,0.04012915385668637,0.8002787982369538,2.986857263653916,0.16332966913065794,0.9304137106290442
Hubei Province,351,gennorm,2.4988476483411404,0.03076572386460525,0.8697023184095449,2.821077828304354,0.14455512210344146,0.9036826379243114
Hubei Province,352,gennorm,2.759153984644956,0.007929147095677262,0.8758095062390877,3.3702318599994854,0.14337973548041316,0.9673811624769979
Hubei Province,353,gennorm,2.2927374726700904,0.01981889248663036,0.8006014604330796,2.7139256190199506,0.11587057988972131,0.8996456083190805
Hubei Province,354,gennorm,2.803842265874115,0.020828456961421254,0.8882980550354305,2.2940754412504436,0.1287309948750986,0.7997622066546914
Hubei Province,355,gennorm,2.433835467276994,0.012591089875910918,0.8421319243188652,3.0425566132917385,0.10386714689711991,0.9027779968293291
Hubei Province,356,gennorm,2.356669897961263,0.06805924478481318,0.8349272812953723,2.5724492725144876,0.15333621176687096,0.8708996467406693
Hubei Province,357,gennorm,2.329658281994366,0.040026865274563644,0.8531083862699276,3.0021408962948177,0.11689256847903451,0.8929538955273697
Hubei Province,358,gennorm,2.531692213704275,0.039192365955451273,0.8816451258208466,3.0687292955770595,0.17144795888602715,0.8850893253762773
Hubei Province,359,gennorm,2.616256057897644,0.06835456051602376,0.8768377104157954,2.726474686307416,0.13422471435663094,0.8894015638978472
Hubei Province,360,gennorm,2.35455572497594,0.0212965243733999,0.8277795193292097,2.95894996956782,0.1275938181664269,0.8692256737956672
Hubei Province,361,gennorm,2.441241493877225,-0.004964326780181945,0.8650568166228301,2.8265590803442286,0.17282722832207878,0.9066223903314814
Hubei Province,362,gennorm,1.9132245731082973,0.05173261737030974,0.7614961642491727,2.3019139677829683,0.15302301575305433,0.8031792486856129
Hubei Province,363,gennorm,2.962520948226384,-0.0027927148310712847,0.9611446596498867,3.164274966300164,0.1190676672418424,0.9082614260585908
Hubei Province,364,gennorm,2.618228016467843,0.062151713896094855,0.8737563734479019,2.980727919707262,0.12935281919031605,0.8738142263144422
Hubei Province,365,gennorm,2.9147887230726424,0.013064688500956797,0.8791358735085505,3.1035711295504047,0.10908797142810137,0.9045273367132782
Hubei Province,366,gennorm,2.5314607553718895,0.0021829473442818758,0.8722909648387724,2.884018612263646,0.09969644655533176,0.8657692945856211
Hubei Province,367,gennorm,2.256913369073325,0.007714843980608307,0.8482519803549589,2.6419960981871995,0.10445989601883403,0.8943129264148627
Hubei Province,368,gennorm,2.2521464412053698,0.05801252506488484,0.8307166769431096,2.744363210677089,0.1294235508315692,0.886321332310171
Hubei Province,369,gennorm,2.4859003370262958,0.02321626670804401,0.8610731138042793,2.5527924609717805,0.09984862470566475,0.8449011140001921
Hubei Province,370,gennorm,2.2405798760240936,0.0269391399270383,0.8169943636032942,2.9021028212326465,0.13415629586019034,0.9172001488223397
Hubei Province,371,gennorm,2.3917889662876615,0.03678530707867922,0.8287711779223146,2.448273389165424,0.15982392048424193,0.8427879327986629
Hubei Province,372,gennorm,2.1245820454817546,0.056998300370381366,0.8183564940755289,3.032481086775321,0.1222027445133059,0.9154831369022355
Hubei Province,373,gennorm,2.3744346724947825,0.030280099781431057,0.8403596795110723,3.2565216124114515,0.15912460532193107,0.8907826954482382
Hubei Province,374,gennorm,2.1755044905410905,0.044766188086953845,0.806981361250966,2.5334087635837506,0.1612764593105218,0.8243422396831486
Hubei Province,375,gennorm,2.6202868777962314,0.055953262384821595,0.9274096465022189,2.327627262865727,0.1277921957776218,0.7968632314672719
Hubei Province,376,gennorm,2.361070136893476,0.051415356924374905,0.8359179854090133,2.6164291487666755,0.13751584059811078,0.8850727211984714
Hubei Province,377,gennorm,2.3182904696863167,0.0343441164244928,0.8537826809526767,2.6900275541075582,0.14356327465503657,0.862543864287149
Hubei Province,378,gennorm,2.7470057763429696,0.0374912229912418,0.8999469961648884,3.076336873319641,0.1733872967826947,0.861198443524015
Hubei Province,379,gennorm,2.7848389179172757,0.03877185747954201,0.829628672843516,2.7512018520332813,0.17245568782016252,0.9207131587107864
Hubei Province,380,gennorm,2.5208209014262377,0.021061949522812873,0.8283040504406004,2.3263619207108075,0.1219494649426466,0.778205955701031
Hubei Province,381,gennorm,2.593928406014003,0.03041142972698839,0.8866625343119594,2.9166836526567397,0.1269523386523162,0.8894352535433596
Hubei Province,382,gennorm,2.7323265980127895,0.06065647424508003,0.907944219248865,3.0312765343172625,0.16668320757155108,0.8909112947413511
Hubei Province,383,gennorm,2.1674859335049677,0.029764924214883158,0.7830587552078984,3.3652627898777165,0.10784310099538848,0.9445154164102719
Hubei Province,384,gennorm,2.285205617179188,0.00694836669299952,0.8272855365973386,2.754098079847629,0.13195468626956727,0.8657032579686071
Hubei Province,385,gennorm,2.5849647698454814,0.060993807188805274,0.8834705051391936,2.2405301238108146,0.15494723700155605,0.8108917427930271
Hubei Province,386,gennorm,2.4993618121135093,-0.006139824232114562,0.8359884541437027,2.947965309209727,0.1289221728392282,0.882006059134276
Hubei Province,387,gennorm,2.5481212164409,0.02858021983496973,0.8712461940166634,2.851602434400859,0.1397866034277901,0.8746042396090306
Hubei Province,388,gennorm,2.5353275042599597,0.06475763150490224,0.8175140954237077,3.0828259761260632,0.16416863200066512,0.936555767080218
Hubei Province,389,gennorm,2.959289038823743,0.021477694406544408,0.8922937838520272,2.7532383501703563,0.15961266469938937,0.8142652999337796
Hubei Province,390,gennorm,2.6666888438102814,0.023972091740821752,0.8871447153025251,3.2426938402981818,0.1626466420049238,0.9160699906666281
Hubei Province,391,gennorm,2.151780278872261,-0.00920356703327017,0.8217441742772884,3.54552838961129,0.16253438418416033,0.8934133754906242
Hubei Province,392,gennorm,2.3508131072574856,0.006693575435513905,0.8168065084975298,3.001779737677274,0.12187917234057731,0.8652897057375866
Hubei Province,393,gennorm,3.3941617850208297,0.00240216416817375,0.9548994252288074,2.6700743910515072,0.136513181085202,0.8699329634744315
Hubei Province,394,gennorm,2.099368291158208,0.02512149626358246,0.8452549988628701,2.991413752395539,0.16802305206504387,0.8783690763127678
Hubei Province,395,gennorm,2.3457265935149634,0.05167924961422188,0.8262225912042858,2.6312182636650494,0.17324983701930863,0.8513237120633901
Hubei Province,396,gennorm,2.693613830382967,0.05059378913054163,0.9093985845535495,2.3972540182977795,0.12095589983276295,0.8379721805407139
Hubei Province,397,gennorm,2.642450214705227,0.056201381817510346,0.8698129833396979,2.536259876177514,0.18611594795157665,0.8378628599550804
Hubei Province,398,gennorm,2.5832592202513642,0.061377963698906524,0.8933866029469486,2.5903540098330287,0.15478363574334797,0.8331508173048845
Hubei Province,399,gennorm,2.12043403012672,0.0022075922877491687,0.7897476338820173,2.89987466322631,0.14405241457422702,0.8865162044168666
Hubei Province,400,gennorm,2.6529997197763358,0.04967181881040415,0.8477363733230365,2.383520954177494,0.14760365023477323,0.8341535004479597
Hubei Province,401,gennorm,2.2647634278910918,0.023049350488518347,0.8158701688613232,2.5371051212052267,0.11659108081958161,0.8575724909725477
Hubei Province,402,gennorm,2.488481454976738,0.02973103733305512,0.8397994180985453,2.795151329501481,0.11727722574743163,0.8529563562371645
Hubei Province,403,gennorm,2.4290256913351627,0.04011422820157289,0.8640826666302523,2.903760371797633,0.15793168442777755,0.9035726206288369
Hubei Province,404,gennorm,2.433009664783243,0.061790076436383665,0.8557893243114949,2.8086023676105576,0.11711868785375909,0.8631553480092253
Hubei Province,405,gennorm,2.1997720357549833,0.04297038289852115,0.8140207806425133,3.064224545203829,0.17302635890555557,0.8932093441674119
Hubei Province,406,gennorm,2.7157017759749866,0.011967996971453726,0.8802882365551365,2.3723093753975437,0.13923354953009195,0.8351673176461589
Hubei Province,407,gennorm,2.5189578977529523,0.04786929636563342,0.9105204538918577,2.2496930215516464,0.19135843310379974,0.8120102997193449
Hubei Province,408,gennorm,2.1139383351930485,0.03214540807593555,0.7951517788751912,2.923117294799174,0.16038406609590092,0.8601733533633582
Hubei Province,409,gennorm,2.6689258340019326,0.0385884512608999,0.8572297519186258,2.684382318882246,0.11494479452760903,0.8615348988349336
Hubei Province,410,gennorm,2.224469049055255,0.00027577065697714624,0.7699786665005953,2.3316446348666386,0.1487812275993264,0.8419585763322672
Hubei Province,411,gennorm,2.599197081293258,0.053693492595357134,0.8337944516465798,2.715665800180696,0.1769133525002133,0.8887636213511516
Hubei Province,412,gennorm,2.30505137784771,0.025724566862288543,0.8086400802418363,2.403439466422765,0.1396893426244218,0.8059292811035084
Hubei Province,413,gennorm,2.7479704490077532,0.02439203712233274,0.9049234866015323,2.6801007608420844,0.12798216240853155,0.8701003721108214
Hubei Province,414,gennorm,2.499931259875183,0.04287744567034754,0.8409675083796826,2.8356451183355356,0.15316530970437273,0.8860581201863533
Hubei Province,415,gennorm,2.4555688571571794,0.003498146816443117,0.8475421479283956,2.807756431381926,0.12439144753797969,0.8825356070490125
Hubei Province,416,gennorm,2.3420931083451375,0.05957922152897585,0.8538825534929742,2.345188026637673,0.10930531361926904,0.8427227692208001
Hubei Province,417,gennorm,2.180841091096701,0.053378863085200935,0.8055817750971732,2.9716112896944384,0.13003075898415783,0.8921864182899069
Hubei Province,418,gennorm,2.4911203741002925,0.08963628923645572,0.8632024808615741,2.9711865571259803,0.11362301848292258,0.8956262276961815
Hubei Province,419,gennorm,2.5453436579175506,-0.01746915430026047,0.8897467404521118,3.182558630160455,0.14794139793252653,0.9155804725002281
Hubei Province,420,gennorm,2.3699826974985827,0.08120930792779832,0.8335988754451598,3.3680746099039136,0.16658674233714968,0.9312453338519645
Hubei Province,421,gennorm,2.143464640848765,0.007666127922828777,0.7867490820281802,2.4739481289175327,0.17619745798829012,0.8507322795967378
Hubei Province,422,gennorm,2.2035055434170525,0.025436705974191856,0.850628324055728,2.8831664364394514,0.13327440383191747,0.8765482356751864
Hubei Province,423,gennorm,2.565564972550119,0.023448765709819686,0.8981581760192271,3.0859254115643564,0.1476036975021084,0.9038993238092649
Hubei Province,424,gennorm,2.4985850672261667,0.034890530866682576,0.8670398039332687,2.48598003691538,0.15746707109341895,0.8286544358447578
Hubei Province,425,gennorm,2.9222933081660334,0.01328947967907793,0.8961843997356755,2.3279493368239734,0.13391870443523343,0.8024608455047052
Hubei Province,426,gennorm,2.0206235339136507,0.036798378387266795,0.7790176205019759,2.7940409311601235,0.10561741597069255,0.8862131349678518
Hubei Province,427,gennorm,2.5109994689158803,0.031357036417079626,0.8500798669550751,2.728762395839743,0.09213413847443419,0.85292291996436
Hubei Province,428,gennorm,2.406256762502424,-0.005454083544746271,0.8284418769010116,2.536488607531165,0.10604436448751411,0.8627042932789737
Hubei Province,429,gennorm,2.341742476145143,0.006227606788985379,0.8247938909251835,2.6549370507760806,0.17107548071082268,0.8773782284816117
Hubei Province,430,gennorm,2.8909024076163505,0.044922659305669035,0.9085839728346462,2.90081924157864,0.14666377928616903,0.9320164653580959
Hubei Province,431,gennorm,2.112629626763571,0.057768748364669345,0.8044840249920042,2.87377083105684,0.10272505252346834,0.8841569933143731
Hubei Province,432,gennorm,2.5806433098378596,0.053029504773624926,0.8459593093324762,2.835721449918956,0.12784256745451938,0.8528745114570666
Hubei Province,433,gennorm,2.5444791434562246,0.05952305433022184,0.8683302344636503,2.442219063674063,0.122721064970335,0.8509897384336165
Hubei Province,434,gennorm,2.054823122523894,0.011259946480182737,0.7423916613709862,2.5043376579553795,0.17960811970505178,0.8451359503262814
Hubei Province,435,gennorm,2.0579291440039102,0.050509254121685526,0.7916788817326739,2.844315560245346,0.17968857891555093,0.865910005672601
Hubei Province,436,gennorm,2.315363102079722,0.06190450707058992,0.792831318964734,3.118571131673132,0.13777145741664878,0.8813671033833964
Hubei Province,437,gennorm,2.9213974141540406,0.033568006198577055,0.8692215155603424,2.667614231064866,0.1631718021204799,0.8834728382696582
Hubei Province,438,gennorm,2.5257758549971867,0.03695585724617337,0.846978622182258,3.3794906798846176,0.12584692425927496,0.9596456987621098
Hubei Province,439,gennorm,2.325031873683777,0.03658006217374654,0.8293227726305861,3.0380105340877375,0.09444183407077361,0.8859288711656818
Hubei Province,440,gennorm,2.9188306450420276,0.019763514019267094,0.9227466225268159,2.928659044947674,0.12152511043781938,0.8691298088358392
Hubei Province,441,gennorm,2.2893568049816686,0.009855073848463387,0.7844712250692865,2.846860069099793,0.14221658031236153,0.8489164297686687
Hubei Province,442,gennorm,2.8219894437343047,0.038174844356708176,0.8699775047264429,3.416041116488553,0.10966182325924922,0.901240524362674
Hubei Province,443,gennorm,1.917845661714515,-0.0039603472880458184,0.733747928338341,2.575600555285341,0.15665107190274852,0.8664661556834505
Hubei Province,444,gennorm,2.7220936652991248,0.0533199625407228,0.8567836839641623,2.831550892260239,0.13490851490333652,0.8923484243150841
Hubei Province,445,gennorm,2.9733174133674707,0.03540798799009082,0.9018166138691901,2.625200680331563,0.11948961646199531,0.849441649364467
Hubei Province,446,gennorm,2.4259038171124816,0.02433965125936427,0.8149024292878502,3.0395858395492645,0.09368246030077396,0.9093786715473868
Hubei Province,447,gennorm,2.178146180249216,0.06076670818271854,0.8327447098852734,2.7204395074266197,0.13887325488414498,0.9115066845848682
Hubei Province,448,gennorm,2.4480269683030667,0.060413085681690085,0.8549085437852533,2.8258126342086465,0.15486821636593456,0.8262243944008624
Hubei Province,449,gennorm,2.440560419182157,0.060252795829885526,0.8592196961299807,2.8019266349392637,0.12638771975916424,0.8965591242084607
Hubei Province,450,gennorm,2.6251530021367055,0.023239794735127516,0.8917795493148649,2.8291623446222456,0.1445778672582178,0.8827004143665242
Hubei Province,451,gennorm,3.0932770066522486,0.060245750352550406,0.9245487220524397,2.322354782005972,0.08224300702222205,0.8072238405706615
Hubei Province,452,gennorm,2.788190258422121,0.018253555794461085,0.8778448367235883,2.656325484259513,0.11575250671469076,0.8585921107529689
Hubei Province,453,gennorm,2.081288483728586,-0.018561431154959257,0.7893297237212398,3.127672176631088,0.16483907316199303,0.9066020327914033
Hubei Province,454,gennorm,2.6043197429506333,-0.010215077153532297,0.8208115689118443,2.8121460831658296,0.09651603494660829,0.8695492314583864
Hubei Province,455,gennorm,2.543480461725329,0.025573036731618863,0.8576249451742579,2.3567074763295617,0.14568144881902667,0.8160827768827374
Hubei Province,456,gennorm,2.573749441910045,0.07013942890405006,0.8425800985949411,2.5531398146924884,0.10388559915875903,0.8688522298894021
Hubei Province,457,gennorm,2.827614454764019,0.02822150525548031,0.8763467804978513,3.201466941819557,0.16294729264967017,0.9297694028936292
Hubei Province,458,gennorm,2.629416682557218,0.0246965060811559,0.8736384274106395,2.8051411356276823,0.15163907349634353,0.8821470751907754
Hubei Province,459,gennorm,2.8824242764718897,0.0415380658315232,0.8968489566773783,2.4578317265161136,0.12695636950561207,0.8664778692823238
Hubei Province,460,gennorm,2.1879574983512886,0.05390484183912068,0.7833808230862791,3.0119153867860033,0.1555726829511999,0.8801597359238371
Hubei Province,461,gennorm,2.7267558124243454,0.0327876709474505,0.8844217720012951,3.1289819187544037,0.10597214340703322,0.9008695778393028
Hubei Province,462,gennorm,2.7443427152866846,0.024135346891112838,0.912900246510951,2.5364111504900677,0.11316647970899973,0.8449304920456777
Hubei Province,463,gennorm,2.1994268025465438,0.04737048455813972,0.8142071441169008,2.5735225810279054,0.11222879376008361,0.8377539606835362
Hubei Province,464,gennorm,2.517337057543396,0.016870392333504604,0.8316474657811681,2.7860420146973732,0.11915936982070838,0.9259516021643572
Hubei Province,465,gennorm,2.734480581963042,0.014236260153975545,0.8605537339200481,2.8341784141221433,0.1354480595542744,0.8709583865401196
Hubei Province,466,gennorm,2.294079534873843,0.018959805739238396,0.8486779670362763,2.294147990746026,0.1313027113800601,0.7966911264265089
Hubei Province,467,gennorm,2.250379491740957,0.02417504081822478,0.786556210414995,3.1652298774225125,0.10674795089317886,0.9035341181012873
Hubei Province,468,gennorm,2.243075656750039,0.037644873194063656,0.7947107442266894,2.5336231984794875,0.11086076684020216,0.8371143571578123
Hubei Province,469,gennorm,2.5854444373002137,0.03528215776009662,0.8392431421662128,2.83789785940436,0.10277119530148662,0.8851374306396651
Hubei Province,470,gennorm,2.3520654156982608,0.04652212005414694,0.8287753172531398,2.830424338676915,0.10760789402375084,0.8890472634494755
Hubei Province,471,gennorm,2.4896529450412013,0.02427908698492441,0.8549975850010553,2.806332072673993,0.138925797890401,0.8612874852450847
Hubei Province,472,gennorm,1.9968430089776446,0.022871278254468483,0.7348872404043525,2.5096380515409304,0.14162386412360714,0.8512228378390896
Hubei Province,473,gennorm,2.476002631179633,0.025033296073966538,0.850930544896948,2.5285030110796347,0.18041634368105036,0.7884133733798546
Hubei Province,474,gennorm,2.364044378269901,0.04681041652137232,0.8505143469767633,2.4706661111598636,0.09375202843592487,0.842694297792243
Hubei Province,475,gennorm,2.353879622235029,0.02740238896262113,0.8927442444010769,2.5076157460279003,0.13684942566582084,0.8640469278451457
Hubei Province,476,gennorm,2.2019648454988525,0.06914520176362543,0.8550162825243436,3.0288010100174807,0.12269800746769263,0.8527337317480365
Hubei Province,477,gennorm,2.5753843762861965,0.019420205556669977,0.8771612253117127,2.479609467441863,0.14013374314380433,0.8136452399591074
Hubei Province,478,gennorm,3.032198723422667,0.06035425918739436,0.8929551206120362,2.4896964041145537,0.169316177268858,0.8676425551689004
Hubei Province,479,gennorm,2.4157212846985274,0.05330922753762386,0.8319073724731068,2.2005494800978918,0.10954521440873324,0.8536511310629469
Hubei Province,480,gennorm,2.061084927918585,0.008547598165036226,0.7412476519034623,3.441129773183487,0.12295184740210871,0.9266091423488696
Hubei Province,481,gennorm,2.907667983910677,0.019814280050841532,0.8584819876817574,2.495870178030435,0.10513997215694895,0.8672302917684351
Hubei Province,482,gennorm,2.651452618319084,0.0665069387374791,0.8925385386474924,2.988918306001974,0.1390630989205507,0.9196619241176003
Hubei Province,483,gennorm,2.3864809791718757,-0.023521066516047864,0.8536868755044195,3.0761495265119527,0.1281211707628942,0.9356738113709874
Hubei Province,484,gennorm,2.0010057208743808,0.07129327035854238,0.7748139642314682,3.175211789715865,0.16799333265111377,0.9377368301072144
Hubei Province,485,gennorm,2.428462962090687,0.021217317555649005,0.8304258560470243,2.8217421383275165,0.11277296909384496,0.8383619927671537
Hubei Province,486,gennorm,2.7029257909371993,-0.012507888598874833,0.8760002343702169,2.677718312006377,0.10954056007439586,0.8235470434753417
Hubei Province,487,gennorm,2.5678507705810985,0.004518683519986921,0.9123016065639709,2.502466238719329,0.12554974398658364,0.8365042326569445
Hubei Province,488,gennorm,2.34764803052631,0.02821470478964798,0.7905067582987697,2.553114205775151,0.11631433437070124,0.8319519434748786
Hubei Province,489,gennorm,2.2707358504869735,0.018404052249305948,0.8625079534231318,2.9474930569266764,0.11409376132780678,0.9357844497947232
Hubei Province,490,gennorm,2.7450761018921668,0.027953696936357512,0.8746771513098006,2.815681675741888,0.13155242301125517,0.8556619812541642
Hubei Province,491,gennorm,2.1565610361007956,0.03497633497117106,0.8026853171154342,3.4938022624358958,0.14665939864043215,0.9466271127235262
Hubei Province,492,gennorm,2.5891720943406753,0.039147671489243044,0.8540470603030303,3.3029392906868553,0.12429032645429447,0.8954326120597338
Hubei Province,493,gennorm,2.038518412721907,0.04149474690246166,0.7796813449316422,2.5044918492534665,0.14235195107268309,0.8730739632669358
Hubei Province,494,gennorm,2.7574904959816617,0.03236931650398653,0.8660334836037167,3.0660221871600215,0.18040580321217678,0.8830822369668311
Hubei Province,495,gennorm,2.3675751053385885,0.047101688683843866,0.854954979771966,2.538769768004398,0.1548121717740456,0.8792240326097602
Hubei Province,496,gennorm,2.161423944282925,0.0307694321346444,0.8132468117250429,2.9285277320352865,0.11811448376554753,0.8848769095088793
Hubei Province,497,gennorm,2.936147467731738,0.00965568920418556,0.923977291390978,2.365564829468922,0.12048825911100233,0.8017240613738111
Hubei Province,498,gennorm,2.601377695340731,0.0448530166383294,0.8034492288049428,2.584027944662359,0.11571355110218765,0.8671492926235776
Hubei Province,499,gennorm,2.8948918897512153,0.03925384920803716,0.9104157179849127,2.4579338437922926,0.12006230193269149,0.8280560015436726
Hubei Province,500,gennorm,2.3012702959825937,0.07883131703021418,0.8532617067512904,3.1907039057031428,0.17021170888915538,0.89727627195965
Hubei Province,501,gennorm,2.353951592120951,0.03158227983876649,0.821768947709616,3.099869400170636,0.1798992029910762,0.9266757170863466
Hubei Province,502,gennorm,2.8049917279852443,0.04616172880677302,0.8512911939097755,2.812231051523044,0.13399520329020875,0.8839974028322344
Hubei Province,503,gennorm,2.1342708285282486,0.021623801745238667,0.8138098634776931,2.863436501508029,0.09841953304994339,0.8907007386404313
Hubei Province,504,gennorm,2.3999144095790674,0.018325119580423974,0.842971787267629,2.784982940543765,0.06447361262301156,0.8352570760269722
Hubei Province,505,gennorm,2.471524177162844,0.07096224943989926,0.8789455693063846,2.666285571577526,0.1362063957855885,0.8319504212241863
Hubei Province,506,gennorm,2.7510831564299263,-0.0007816218832225161,0.8543947184628295,2.670322475103121,0.16953111857985464,0.8613976587499068
Hubei Province,507,gennorm,3.5168005250803827,0.03717800600912988,0.9450337859343083,2.7466471971022544,0.10807675398989375,0.8765348960074728
Hubei Province,508,gennorm,2.451735167057018,0.036775552176217974,0.8385726087334411,2.413636213103733,0.11256694593342806,0.8072206932685065
Hubei Province,509,gennorm,2.5433416396369815,0.08145586940865218,0.8518042795798821,3.404842617989509,0.15461813374747094,0.9358912739101684
Hubei Province,510,gennorm,2.7111057526023874,0.02854699350035527,0.8657411833521063,3.337943764552228,0.16650594593601936,0.9291052943888071
Hubei Province,511,gennorm,2.1729281329620806,0.04296554721150256,0.7999927629798712,2.5887288418110224,0.1321950550942133,0.8300500038446276
Hubei Province,512,gennorm,2.7979354553433047,0.09464381657162084,0.8383783772214823,3.122145360102742,0.13560941411635918,0.9336154791235189
Hubei Province,513,gennorm,2.9423519183533466,0.016493899550744852,0.9497047870639604,2.336229886340363,0.1377310881022215,0.8174734977756811
Hubei Province,514,gennorm,2.2702917882932523,-0.006535890555242007,0.7913482856061235,3.261326585222342,0.13848534128932155,0.9074783230484107
Hubei Province,515,gennorm,2.731417506530011,-0.022715252842186003,0.8915740529857269,3.060823000404421,0.14428573450983054,0.9038922389259443
Hubei Province,516,gennorm,2.3625852813566377,0.06717134231862933,0.8457881399956718,2.4282715037073292,0.12873802105045012,0.824385816826118
Hubei Province,517,gennorm,2.7510544247909925,0.0342010046954323,0.9196710612298655,2.659759357574813,0.1328370573043134,0.8659023328150497
Hubei Province,518,gennorm,2.648318698883881,-0.03655979682091058,0.896950332320024,2.6941736545813004,0.09727515287718086,0.8611165790462764
Hubei Province,519,gennorm,2.160143428014584,0.03539958715567307,0.8493328482820468,2.397070835690772,0.11595025400706147,0.8125094598699245
Hubei Province,520,gennorm,2.4390388880610705,0.08371356528072954,0.9047774065883556,3.156333682535888,0.10177962886051797,0.9141466503070743
Hubei Province,521,gennorm,2.410408746584398,0.0075828033817552445,0.828964516985808,2.4542364966404264,0.16322109426666181,0.8044069148784896
Hubei Province,522,gennorm,2.1561948244468727,0.027281845371371474,0.802909057500435,3.274438830022654,0.1276402049009589,0.9320533877987387
Hubei Province,523,gennorm,3.0512733688555924,0.025167685727534167,0.9570687449377802,2.6455960603164996,0.14431908992788905,0.8631265023604004
Hubei Province,524,gennorm,3.036901124714454,0.07729024588756145,0.8835193935451149,3.2940387835855436,0.15053014038011825,0.9140273865200081
Hubei Province,525,gennorm,2.5382777327483144,0.019592859895371434,0.8196596503112593,2.2745609945551264,0.1327778782230326,0.816037162653874
Hubei Province,526,gennorm,2.0753056664260177,0.006568359296099774,0.7530790943374545,2.42046281031028,0.08955078935664652,0.8762824200515764
Hubei Province,527,gennorm,2.482141842842444,0.031185931690650676,0.8580324416961576,2.8390335767516786,0.13460447628286773,0.8630455815645257
Hubei Province,528,gennorm,2.2401715304352727,-0.00848529166765388,0.8287735503188149,3.309868932481897,0.18531846214973188,0.9274702709600626
Hubei Province,529,gennorm,2.24372084499074,0.060363286218298576,0.7911587906218057,3.1461852025397965,0.10833950477991983,0.8980658999766764
Hubei Province,530,gennorm,2.709138299877037,0.015926357973843175,0.8863169681409071,2.4654755801816117,0.14652456897376692,0.8051447284399644
Hubei Province,531,gennorm,2.705344839263809,0.007855311455384081,0.8807687622925036,3.9006454065570786,0.14602410557640572,0.937867226464652
Hubei Province,532,gennorm,2.919987111614077,0.05145645569703084,0.8830685421106756,2.427176527772901,0.14599224628873098,0.8193445392075569
Hubei Province,533,gennorm,2.388659698633986,0.06549324217497736,0.8458148506479695,2.6204052677481724,0.14066131068593873,0.8430721438406098
Hubei Province,534,gennorm,2.6648468280441033,0.06685923038315855,0.8731228318308506,2.3695108526737227,0.13506991893918824,0.8559953114909151
Hubei Province,535,gennorm,2.6191640397476528,0.018740725141513676,0.8748028472409584,2.6743111258143353,0.12495694677785263,0.8467563214632149
Hubei Province,536,gennorm,2.291668294295703,0.06109726162976809,0.8111032462994646,2.6033284534391266,0.13764078209572397,0.8145137294980318
Hubei Province,537,gennorm,2.490273773214776,0.026851458745004532,0.8866235776837552,2.952038674016629,0.15688888085449434,0.8951342495322936
Hubei Province,538,gennorm,2.370941266436124,0.04217538872211712,0.825503081168726,2.8842428209047455,0.1309344165080592,0.910897256477875
Hubei Province,539,gennorm,2.4174157962961536,0.04445862972331008,0.8534173551549675,2.8019972577366445,0.12252880405918766,0.8833020962257303
Hubei Province,540,gennorm,2.4520111561578752,0.1051557445088655,0.8513666480527491,2.9683132762143734,0.12413415051084771,0.8924355550707663
Hubei Province,541,gennorm,1.8881762091166951,0.03414177518806935,0.7680900286410905,3.1568829545447965,0.15423854347700977,0.9344517585566201
Hubei Province,542,gennorm,2.560439453525013,0.05915613055884269,0.8359536918655228,2.619811026258209,0.15124040208066644,0.8799783126721321
Hubei Province,543,gennorm,2.45722771396518,0.04717501531211313,0.8789152843155411,3.0955167621440944,0.15853707349905177,0.9167203160369638
Hubei Province,544,gennorm,2.660305719091746,0.027637807754647855,0.8728912710556679,2.4000008450426105,0.11397220170765726,0.837125355600612
Hubei Province,545,gennorm,2.8306474605628287,0.0519846189262953,0.8829637541248895,2.8689907393343397,0.17374085342418594,0.8872427539761504
Hubei Province,546,gennorm,2.824505552154271,0.08032857513420535,0.911730894997522,2.5271602570407605,0.13896042796644245,0.8632047682073543
Hubei Province,547,gennorm,2.4365920525031273,0.0347646995034709,0.8376124323568975,2.9322129706928113,0.17108501144925506,0.8830562626888996
Hubei Province,548,gennorm,2.553628158554293,0.04283565056577644,0.8101356664820665,2.669572595493885,0.09797136011158725,0.8391723269792188
Hubei Province,549,gennorm,3.1910850275563774,0.03149249594785574,0.9075024919296208,3.1406243541637773,0.13716583791842085,0.8891935121131032
Hubei Province,550,gennorm,2.5779639583808533,0.011048835802486464,0.8390992897789169,2.9208201180426823,0.12973928854242056,0.9026239760610206
Hubei Province,551,gennorm,2.2467601541532645,0.028993472932047196,0.8581385102122314,3.069270998127646,0.10073422691635572,0.8940340377263902
Hubei Province,552,gennorm,2.8797762482711935,0.06601941555013788,0.8414543646694549,2.6614435618148375,0.11245104297859618,0.8836786293248844
Hubei Province,553,gennorm,2.3061120376859656,0.058491536184060375,0.8108123011783428,2.5473613201244687,0.13462774888185577,0.8399269024368334
Hubei Province,554,gennorm,2.8014414475604617,0.03287413713628274,0.8918476829844406,2.394359437631762,0.1355775480423622,0.8495973573918871
Hubei Province,555,gennorm,2.2210950787955337,0.06920623536902158,0.8097052782020703,2.7134092786553037,0.13682136689766722,0.8676077190099509
Hubei Province,556,gennorm,2.570727701822821,0.05233686700667107,0.8475736811169414,2.0535337375344414,0.13585492864721382,0.7975310443930308
Hubei Province,557,gennorm,2.371031921746453,0.026144342483521106,0.8434667827746868,3.0683222098869747,0.14365417896479807,0.9246999678265939
Hubei Province,558,gennorm,2.7125747134279186,0.0791842629509862,0.9101013735874559,2.6554024511742123,0.1165332399795978,0.8663232788997175
Hubei Province,559,gennorm,2.22235222690821,-0.003507140879358419,0.8470450342844593,2.6696218115904307,0.12945739557610325,0.8696786527035785
Hubei Province,560,gennorm,2.385091532725072,0.014220819898782378,0.8417852548712532,2.4356694259261698,0.12589283186327635,0.829706156317206
Hubei Province,561,gennorm,2.3253174116267776,0.036632726069050825,0.8484698374225161,2.6218524155092555,0.12744515321517866,0.8497590277724085
Hubei Province,562,gennorm,2.551823871371754,0.02668381942062706,0.869443452830427,2.6479546405820655,0.1691492692225146,0.8655807297175511
Hubei Province,563,gennorm,2.2651836156806064,0.033055194178189376,0.8216140023936747,3.0636713220926013,0.11515976804491009,0.8815146001186243
Hubei Province,564,gennorm,2.525106099043123,0.05283528613275584,0.8805601877371205,3.177467930981069,0.17904657949128946,0.9052956645842055
Hubei Province,565,gennorm,2.71414581489478,0.03406940071473721,0.8425792829220224,2.491531317247774,0.12608266790430184,0.8373593063700717
Hubei Province,566,gennorm,2.4812699759939782,0.019457995361658,0.8556845194943868,2.5169543316747722,0.11920428725089899,0.8078409399451343
Hubei Province,567,gennorm,2.8911200365654963,0.048723380008161815,0.9153546330142136,3.6276906754593012,0.15927883238209145,0.9476213405874976
Hubei Province,568,gennorm,2.9965970998385973,0.026580581741338122,0.8936677915421898,2.660335562759463,0.1600800335278224,0.8544533424678493
Hubei Province,569,gennorm,2.7811017883903633,0.03691354946628418,0.8667246447492993,2.5438366823857628,0.1337613719221343,0.8513604914358708
Hubei Province,570,gennorm,2.552909169842274,0.04228951176765433,0.8539763190837999,2.5190717126184774,0.09281672873414126,0.8409374657526038
Hubei Province,571,gennorm,2.1287066750606067,0.02356036258467004,0.7908247019402131,3.0721161791313447,0.13785167982330704,0.8875789374314602
Hubei Province,572,gennorm,2.3736966641007284,0.057636388970557784,0.8334612907621914,2.805569323536571,0.1507430503308178,0.8929012669146814
Hubei Province,573,gennorm,2.6587243611341647,0.01702967768414995,0.8726938030825679,3.2607128819706186,0.1377010087187589,0.9111267849490424
Hubei Province,574,gennorm,2.4093658788891807,0.030451873999201823,0.8438575330267601,2.5027747255440387,0.08400922293183966,0.840507451948026
Hubei Province,575,gennorm,2.5798006884745206,0.002847891255692824,0.8616668885540995,2.4433643819427626,0.14155143901477188,0.8300264372829147
Hubei Province,576,gennorm,2.7209930992187186,-0.015451789019460146,0.8185901118142718,2.618946700267469,0.13406667450561044,0.8505442235469711
Hubei Province,577,gennorm,2.325467510804554,0.02065107767643822,0.8125259760634848,2.1600703150403104,0.14539259510952807,0.800440062043752
Hubei Province,578,gennorm,2.510376055586737,0.016260683623720264,0.9158467419707454,2.5149210916819653,0.16272403704718563,0.8413130821682915
Hubei Province,579,gennorm,2.7576203878089527,0.011509220345833375,0.8922937044151613,2.8940971983563273,0.17463840773670353,0.8516665464235219
Hubei Province,580,gennorm,2.6368311382641227,0.036685770107838786,0.8652873118257542,2.5051043434454687,0.10412525937109317,0.8869555315838744
Hubei Province,581,gennorm,2.3737346893214917,0.04437438685969298,0.8321573634006277,2.643949316268075,0.1190606421040426,0.8252748673555126
Hubei Province,582,gennorm,2.06844896023582,0.026873229389101125,0.7779741669937166,2.6593678820619093,0.1343423486661967,0.8690321634645224
Hubei Province,583,gennorm,2.4622592636419727,0.039925275704182375,0.8285625021164189,2.8467622400748134,0.09287251657037424,0.8623191256713678
Hubei Province,584,gennorm,2.944237881978147,0.06800935304778147,0.8772739011268245,2.4279467722619934,0.1867187726568916,0.8626035248694635
Hubei Province,585,gennorm,2.2719195751042305,0.017125178163827,0.8206626076773035,2.565245114281024,0.15378841906621762,0.8987697032981983
Hubei Province,586,gennorm,2.2945540840857737,0.03220950850728019,0.8210116086455325,2.501036281761553,0.13122385733446978,0.8301046757526775
Hubei Province,587,gennorm,2.4552930271529876,0.04491423434665005,0.8479171744912468,2.736510771442629,0.12632367530460248,0.878187202748855
Hubei Province,588,gennorm,2.4367543340989384,0.01206770264087257,0.8273202858346904,2.9655634348619255,0.1507954230130098,0.8933497290389117
Hubei Province,589,gennorm,2.4548696820685416,0.06419724685970621,0.8849196085034883,2.4228705697477655,0.16847603988144472,0.8731975481465222
Hubei Province,590,gennorm,2.7672433243241406,0.039382298401359414,0.8646487256512212,3.121620010990407,0.129369848773209,0.8916177615090796
Hubei Province,591,gennorm,2.571066423106384,0.04020304467438406,0.8454886152302883,3.751418306333163,0.1618616677524583,0.9600752408286573
Hubei Province,592,gennorm,2.134738880414975,0.024668964277029172,0.8108214897044356,3.28341357024766,0.1376326958275587,0.8882401311001912
Hubei Province,593,gennorm,2.4960353417357197,0.0445338652686722,0.8363291110574844,2.987844951512786,0.15352721730954477,0.8836188606353356
Hubei Province,594,gennorm,2.7274781468074742,0.05537333997924013,0.8599674824399641,2.644184266541254,0.16908331412289374,0.8553802654043555
Hubei Province,595,gennorm,1.9287711627501758,0.04079284701037694,0.743772275031894,3.256355458313028,0.13164262348002403,0.8883887255818046
Hubei Province,596,gennorm,2.3244280754340476,0.06553740999141103,0.8131758734182144,2.5753499894282204,0.16311132780724963,0.910997218862122
Hubei Province,597,gennorm,2.3623536550649913,0.025485470636466646,0.80572767175894,2.779788242486627,0.15524677166993622,0.884866622406679
Hubei Province,598,gennorm,1.8915341348399606,0.035919348682493926,0.746473363245981,2.9669934091845844,0.15307704921323353,0.9054439625736449
Hubei Province,599,gennorm,2.0520319139603904,0.0023809635439975816,0.8089283406634804,2.3757671064424226,0.1039543524553297,0.8226508309820898
Hubei Province,600,gennorm,2.302891834579647,0.012587856333998983,0.8224881275900193,3.33863940116085,0.15200748005252945,0.9511311643361487
Hubei Province,601,gennorm,2.179807776910482,-0.004407832276592788,0.8137625687754969,2.453258393915208,0.1318859020047646,0.812565174514424
Hubei Province,602,gennorm,2.564205767525725,0.03366247662063546,0.8593776626872945,3.0952618905257987,0.08193061412962258,0.8754631282469607
Hubei Province,603,gennorm,2.691751507179075,0.06121265244246861,0.8805159460834872,3.4850003418406166,0.09916933960497619,0.9160883305843333
Hubei Province,604,gennorm,2.371073773218039,0.010978488929998604,0.8128726562990487,2.9504816776860094,0.09469339670874599,0.9206558350176152
Hubei Province,605,gennorm,2.7720294226528726,0.025133204532700217,0.8753883435712784,2.829547806265662,0.15306872203805816,0.8949146849079964
Hubei Province,606,gennorm,3.1119506070971217,0.043879765915974894,0.8976033270821482,3.115347229573489,0.14217025575415013,0.88385344356598
Hubei Province,607,gennorm,2.2664062427791114,0.05053153676259371,0.8377417174661512,2.547209247941648,0.145170363084687,0.7735381763624363
Hubei Province,608,gennorm,2.406061295875989,0.015428133977429077,0.8881955031799491,2.7174804337368323,0.12238271975898873,0.8562668697561182
Hubei Province,609,gennorm,2.3924205088483554,0.039813900078956986,0.8693272605500167,2.6583664547848183,0.15190176661806126,0.8631188489671227
Hubei Province,610,gennorm,2.437399325042508,0.042139756607577294,0.813556311903753,2.5664362382223764,0.09366289066094059,0.8402355863770126
Hubei Province,611,gennorm,2.686369344031316,0.0035468203304618567,0.8883470566090641,2.4915202225676767,0.11048641218651513,0.8450433226405671
Hubei Province,612,gennorm,2.5422423501948623,0.025336299564422782,0.8863076283103509,3.2232825572751187,0.15392257657924263,0.9530022324882025
Hubei Province,613,gennorm,2.2289495195904925,0.01661773902028562,0.8345414145147214,2.8809416818488014,0.11431947872152293,0.8673089886388212
Hubei Province,614,gennorm,2.4404458840080965,0.018626281513736555,0.872404593937921,2.922301443238253,0.11026502389916103,0.9013780171912917
Hubei Province,615,gennorm,2.48684480141013,-0.0013710801312188828,0.8758013479926345,2.7217482325184523,0.14545490281197312,0.8363378682268239
Hubei Province,616,gennorm,2.3802828074761644,0.024155135087112232,0.8320580169516696,3.23249350841719,0.12545314142120728,0.8968406851127491
Hubei Province,617,gennorm,2.5371550846451454,0.04626363941865087,0.8895412381916872,3.173915241697736,0.140900952992623,0.9238353917345914
Hubei Province,618,gennorm,2.7357220355665466,0.02169730954916188,0.9053581658543672,2.841853266054514,0.14132500841395013,0.8639477336974325
Hubei Province,619,gennorm,2.503199662443931,0.019689816031341914,0.8213472930226735,3.0489085743517377,0.16121112044423666,0.8839166216475145
Hubei Province,620,gennorm,2.4183669298649164,0.027474957928357142,0.8604787398075211,2.906569747856194,0.11598120619958235,0.8690042973266454
Hubei Province,621,gennorm,2.4992090474647375,0.03507613246087921,0.8596886510625239,3.0261214328382007,0.1464351914224319,0.8459253892013291
Hubei Province,622,gennorm,1.9335150505391514,0.06180999548798935,0.7642927676626967,2.9598753053962916,0.08999615227726972,0.8870207787492559
Hubei Province,623,gennorm,2.6501330306432003,0.07404903604099225,0.8798475261018364,2.706444735439119,0.13990641133208342,0.8509599976220527
Hubei Province,624,gennorm,2.511779820390945,0.043566780238917996,0.8629453958862543,3.0154639992200893,0.16595108324827512,0.8904678083131063
Hubei Province,625,gennorm,2.1178393175950374,0.019490520676634003,0.8048555352724122,2.825091791479035,0.16905627082707606,0.9084199904338699
Hubei Province,626,gennorm,2.524532154732437,0.005579404730108824,0.8809368164003272,2.7803865711292453,0.13208139520859918,0.8721098078417329
Hubei Province,627,gennorm,2.6151126336685433,0.03555703055659649,0.8772337314186935,2.979377801823169,0.10759537525180987,0.9134831788917976
Hubei Province,628,gennorm,2.504694882614177,0.05960969237916412,0.8392413718772758,3.194977527877919,0.11170501876834463,0.8630284368086741
Hubei Province,629,gennorm,2.1618434868805556,0.057131485065895514,0.7675347798979316,2.901862483102134,0.09019372930293187,0.9214801631470388
Hubei Province,630,gennorm,2.4052176655972657,0.011169193138511179,0.8679308673330282,2.969352650154478,0.16593043681848157,0.8581350514810988
Hubei Province,631,gennorm,2.892192745991606,0.03671917214843311,0.8884346956651663,2.884099643522229,0.16164119219377465,0.9153884391563387
Hubei Province,632,gennorm,2.7192003819575272,0.039077251314045436,0.9273380787806886,2.6086413110837112,0.14000047875877192,0.874511894104929
Hubei Province,633,gennorm,2.4083971261692683,0.03943605369058241,0.8660367064150352,3.064582099490596,0.13574596410227263,0.9147109952472314
Hubei Province,634,gennorm,2.3377655827427883,-0.024451983997750074,0.8268631435854795,2.4869193279397264,0.14493954857187108,0.865216311759325
Hubei Province,635,gennorm,2.425713849220225,0.07353793332231226,0.8701106526218834,2.615265715438296,0.1691498395458457,0.8795123036035372
Hubei Province,636,gennorm,1.9918061914837892,0.002931776564428201,0.7715387843620394,2.844299371698396,0.12615337192865175,0.883001218744899
Hubei Province,637,gennorm,3.0960780943748922,0.07417058376268935,0.9322539641513337,2.877477007832934,0.09533603388953962,0.8825375756724603
Hubei Province,638,gennorm,2.4008999804187585,0.01779496410402679,0.8212648803098105,2.989852443903929,0.1798955926901167,0.9140880992642624
Hubei Province,639,gennorm,2.4016050929223987,0.02527011417995568,0.8572608184286975,2.838543253719283,0.14131805101477157,0.8974159190762548
Hubei Province,640,gennorm,2.52691983472287,0.03949429540314922,0.8672800958252349,2.7658876196884785,0.14272494779027234,0.8486210198156948
Hubei Province,641,gennorm,2.3964185781760277,0.010325124094050836,0.833302420560678,2.2937141822070157,0.19104391633858203,0.8341445408348638
Hubei Province,642,gennorm,2.3833458984629434,0.04811286870184832,0.7922717229326974,2.9036447862022943,0.1215010566500383,0.8761527960234208
Hubei Province,643,gennorm,2.3553423992236167,0.051141058792937705,0.8375329573627859,3.206310467387855,0.13921714574765937,0.933663642018334
Hubei Province,644,gennorm,2.7802301265954514,0.04728966225365185,0.8757548555136507,3.0796389125115975,0.15542040815378966,0.9094442835772654
Hubei Province,645,gennorm,2.520940505276047,0.04596679059822535,0.8098555108880454,3.012648190757063,0.12052593664621375,0.9053370779595828
Hubei Province,646,gennorm,2.444182664940674,0.01861305161813588,0.8337560844887852,2.443079933203668,0.1249523308774152,0.8788642100792463
Hubei Province,647,gennorm,2.5296708573109177,0.023616187276046658,0.8774037545721907,2.511064520366126,0.1500898959071309,0.7903200156979457
Hubei Province,648,gennorm,2.6605481636360073,0.04823631214377521,0.9025600443175539,2.276031926137847,0.12842947636650937,0.7742172048141371
Hubei Province,649,gennorm,1.976303804657019,-0.002584178378740738,0.7324370927934185,3.3371202697432825,0.09008042374860085,0.8949273730376961
Hubei Province,650,gennorm,2.4653180096853173,0.040087036405559856,0.8408572112478018,2.972801170802117,0.11657047507159606,0.9062395193487822
Hubei Province,651,gennorm,2.2258942296074453,0.061306391183067625,0.8344090621089502,3.343701809500117,0.12492011583840588,0.9198546178668732
Hubei Province,652,gennorm,2.505250956345143,0.04375403661653484,0.8204671250067594,2.8599754164021625,0.10411881353929167,0.8576381375412432
Hubei Province,653,gennorm,2.578820721210754,0.03324008945489088,0.8616041756134146,2.9190445808629635,0.1505447292336674,0.9149980093429639
Hubei Province,654,gennorm,2.772103986391925,0.035481054021894165,0.8718582964557872,3.1078781940845315,0.15211649230360397,0.9126990835056902
Hubei Province,655,gennorm,2.415855655574394,0.02244159076352064,0.8324908934286401,2.50695159618611,0.14327848295253184,0.8431953523740757
Hubei Province,656,gennorm,2.1115808365398854,0.05052781850014465,0.8280288304798784,3.6170281021047006,0.1548294687036063,0.9448452103609419
Hubei Province,657,gennorm,2.7504387024430503,-0.0018720571887652611,0.8435432835687597,2.915206804461067,0.09837076589063645,0.8626344099058799
Hubei Province,658,gennorm,2.564087118929997,0.029253474594454855,0.8491605352213267,2.7833829481589794,0.09567658622728727,0.8738044085563357
Hubei Province,659,gennorm,2.345237604638616,0.06394177762873623,0.8024139457577746,2.4769164797087813,0.13385559415284115,0.8599630712863137
Hubei Province,660,gennorm,2.750287965940239,0.023306264237118124,0.8931351397621468,3.0611592400623397,0.14428733801374674,0.8550843405391803
Hubei Province,661,gennorm,2.5918561350504543,0.0036421849563129886,0.8718942445338314,2.8285978629775674,0.1527919837899539,0.8698449321202099
Hubei Province,662,gennorm,2.397270394958805,0.03361751552144225,0.8319718376120534,2.1946965320591163,0.13663736519696648,0.8199084236441907
Hubei Province,663,gennorm,2.585451546934788,0.05619370953913704,0.886310653677465,2.5486285824831008,0.1415569309874931,0.8140736246652407
Hubei Province,664,gennorm,2.1873578391310975,0.048009486317794704,0.8462458665430207,2.787661731998339,0.18162647246695618,0.8700108360366976
Hubei Province,665,gennorm,2.652345826247937,0.019887533118104643,0.9066158184218647,3.177821967409256,0.15612296853024993,0.959307406816627
Hubei Province,666,gennorm,2.4425016985533103,0.030716373731431927,0.8171780094863127,3.650520573066715,0.155654362751045,0.9391605066976476
Hubei Province,667,gennorm,2.3816124972576236,0.03942119474172199,0.7907934946919208,3.1631202358788517,0.13165096694292547,0.863536714937163
Hubei Province,668,gennorm,2.3844484571169424,-1.4862671177082154e-06,0.8560636284296763,2.721351054857146,0.111350112573093,0.8697296576200098
Hubei Province,669,gennorm,2.3231365657700427,0.02190402969650245,0.8175133591632253,2.5603863344584576,0.12086663520128543,0.840625328618745
Hubei Province,670,gennorm,2.340556363957914,0.08500652693041719,0.821532517762432,2.231485181054225,0.1047248568187294,0.7928899828364794
Hubei Province,671,gennorm,2.008930092213614,0.0791609116222317,0.7613808334648434,2.571928179761912,0.13664376647106719,0.8308885307490221
Hubei Province,672,gennorm,2.315492323846305,0.019536148535215368,0.8625811269976207,3.0626672276634217,0.10348972944666128,0.9128251127387697
Hubei Province,673,gennorm,2.4618201127818526,0.0025463561268868123,0.8522919582710451,2.609593404607624,0.14510127003320142,0.8962762740308934
Hubei Province,674,gennorm,2.3991520390351324,-4.5119194957534714e-05,0.8176035083009476,2.6066563451944544,0.10519454072803,0.8352969249593725
Hubei Province,675,gennorm,2.517534438736483,0.023878616721394658,0.8688765809959322,2.8779606030548073,0.16136562354224063,0.8833848607659516
Hubei Province,676,gennorm,2.615435643724381,0.024616651120531033,0.8594668201317992,2.6885154495497723,0.1458720695792693,0.8990593963036924
Hubei Province,677,gennorm,2.621445235166573,0.021532065652007996,0.821503064076787,2.733106031709144,0.08929332317127767,0.8409806751201307
Hubei Province,678,gennorm,2.2200952325750327,0.061997827399765795,0.7953499296080075,3.5308274029014006,0.12073656892221285,0.9424659231712283
Hubei Province,679,gennorm,2.57360075965488,0.051283953362963076,0.8682815190802535,2.867355114573792,0.16240168679264724,0.9012204947939454
Hubei Province,680,gennorm,2.497337361547519,0.05455876897904088,0.8942168016812224,3.6619197109217447,0.16325191014356072,0.9418017166123165
Hubei Province,681,gennorm,2.3889775268834113,0.02374263663240623,0.7964822096021635,2.6414943883419673,0.1483181520518611,0.8622450221871225
Hubei Province,682,gennorm,2.67790054337081,0.020095192898265307,0.8818934881157258,2.628248174773358,0.13910508424134038,0.8833492402516312
Hubei Province,683,gennorm,2.7754714037777672,0.04324978815263437,0.8922104286035153,2.5860070303648452,0.16331593609873102,0.8427270283545281
Hubei Province,684,gennorm,2.4108966113634684,0.06575752452135851,0.8494668327597787,2.2950009029014717,0.1469767816404641,0.8466118076929882
Hubei Province,685,gennorm,2.468406052830921,0.04714098562597337,0.8601182096138109,2.690027549709132,0.1637916344644542,0.8828869516664399
Hubei Province,686,gennorm,2.9001249224723877,0.046297159255501305,0.8418526837407119,2.4987878161392847,0.15403718501257513,0.8536347485120404
Hubei Province,687,gennorm,2.1265086016668233,0.029817331480952308,0.816402845312324,2.7178277274014344,0.1489732828680503,0.8653031342340325
Hubei Province,688,gennorm,2.1992910940930996,0.027076530428288434,0.7973153336124505,2.650393705150746,0.1313105574294506,0.853104308671684
Hubei Province,689,gennorm,2.9206300804794028,0.047650307670704696,0.8896806216996442,2.4065151707369825,0.12212634856635644,0.802819659672479
Hubei Province,690,gennorm,2.312426626954867,0.01650330627506022,0.8577582920533533,2.901145387679732,0.12911713153126386,0.9440096966851432
Hubei Province,691,gennorm,2.1521005695824433,0.025634360635757074,0.832538276349976,2.975157605105463,0.13143811209092554,0.8613029637993352
Hubei Province,692,gennorm,2.604411450496782,0.02068672526815556,0.8530719372111579,2.3606194131004066,0.1486335327100074,0.8252114054896611
Hubei Province,693,gennorm,2.161829293765919,0.04223503155699318,0.7618456605341335,2.537299884894411,0.14635816273887978,0.8653012610098856
Hubei Province,694,gennorm,2.516253903934997,0.04602265022763303,0.8707925839211679,3.1652029400795145,0.10481086990576907,0.9016379393527707
Hubei Province,695,gennorm,2.861988702479362,0.03650015013902211,0.9156774617491166,2.8515571763332535,0.1646422775980697,0.8862500395124413
Hubei Province,696,gennorm,2.63527087649884,0.04673581217955029,0.8439047246208606,3.1224886700741696,0.11356109475178522,0.8901621649472682
Hubei Province,697,gennorm,2.509189559675975,0.061746425947414196,0.8259025465167182,3.09674824453502,0.09657332523833065,0.9059520485777652
Hubei Province,698,gennorm,2.3073449117213065,0.048636755719719746,0.8532609542827614,2.808224816735269,0.18362448848485965,0.8800554485109829
Hubei Province,699,gennorm,2.7155430625444454,0.06473069482830279,0.9010701816768398,2.3222233462459374,0.16935409348071545,0.8142700921043251
Hubei Province,700,gennorm,2.4206407300597865,0.051218057344485965,0.8176620345702033,2.385511621986021,0.09355398670488206,0.8241355964827676
Hubei Province,701,gennorm,2.3731137634189396,0.026225746572262523,0.8349624053893441,2.5596520740290183,0.14152638792668767,0.8482269537730303
Hubei Province,702,gennorm,2.060083662082942,0.015025494577347465,0.7923761396554962,2.7583531476897845,0.15894847786935035,0.8408662011936653
Hubei Province,703,gennorm,2.8376690354667398,-0.0006874390754905916,0.925304508968251,3.4920293473757296,0.13758332295405762,0.9078830976217331
Hubei Province,704,gennorm,2.430850340377644,0.0682176682859881,0.8732256213902498,2.416022175428524,0.09068839968021049,0.8114310546689731
Hubei Province,705,gennorm,2.687545186456674,3.970353886221712e-05,0.8640319020218383,2.7317684788325236,0.10175817421802996,0.8797073788593752
Hubei Province,706,gennorm,2.301155861839625,-0.008760827219266977,0.8152206026712261,2.826591654939371,0.17271293121692,0.923225030414627
Hubei Province,707,gennorm,2.4284353654330024,0.013723975723773263,0.8457939737979794,2.487484667132027,0.1401638981736558,0.8502613681308737
Hubei Province,708,gennorm,2.2441739501136837,0.0713933231485124,0.8352204008565579,3.0386795335549337,0.16177419895137363,0.8865044575677464
Hubei Province,709,gennorm,2.0084799788077414,0.06452997703517366,0.7988995612627956,3.3006439026329986,0.13349378535349488,0.9483431532199267
Hubei Province,710,gennorm,2.457103325431876,0.053857883981864835,0.844683316862225,3.6304390622342337,0.1845504001391432,0.989739717378427
Hubei Province,711,gennorm,2.2031952760435187,0.048720953682663534,0.8243749838620278,2.7015127470742533,0.14246071381805445,0.869322002082162
Hubei Province,712,gennorm,2.3437048584037927,0.008987077907466657,0.7966033612111153,2.9169339324609673,0.16114971636825354,0.8864613809782187
Hubei Province,713,gennorm,2.8316371329505605,0.05832813799823472,0.8786534090935595,2.6272042182979924,0.12475539908572159,0.8670770489442603
Hubei Province,714,gennorm,2.688361294682355,0.02326648198045983,0.8148353873776324,3.3054478091889408,0.18678089058594918,0.9610925640214474
Hubei Province,715,gennorm,2.3460467207862132,0.043428946861609204,0.8890511520671301,2.647276869852746,0.14061372644289843,0.8799956304114951
Hubei Province,716,gennorm,2.4711088138974375,0.018365677440387414,0.8471465923043157,2.7777009892334004,0.12146290632879175,0.8833573097080294
Hubei Province,717,gennorm,2.1889491991751866,0.038395453145741436,0.8209007170074597,2.270887228384643,0.13103437713948202,0.8034410977408556
Hubei Province,718,gennorm,2.3553198754034215,0.03650939845610342,0.8242971819582167,3.074787517540118,0.11537088519355052,0.90509919525854
Hubei Province,719,gennorm,2.5204897063724974,0.017956564404271975,0.9076369040428142,2.622891980479668,0.0998237932245342,0.8770577793529859
Hubei Province,720,gennorm,2.4987048867455686,0.03481649325602501,0.8678017080316021,2.6938368186514134,0.15801687784226992,0.9237661446798417
Hubei Province,721,gennorm,2.3454939370268946,0.010292294691940356,0.840986502608297,3.023702555703593,0.17283833382345717,0.9223343579117715
Hubei Province,722,gennorm,2.1217264002168625,0.07097600733309153,0.8042542487329527,2.9557676586829773,0.13160094857287896,0.9091133415504635
Hubei Province,723,gennorm,2.6320393745568893,0.05342223326245105,0.8420952718750652,2.722451351483265,0.12025141119651739,0.8847757233513531
Hubei Province,724,gennorm,1.9903827339909541,0.04895739049037002,0.7667488288034745,2.787074246090145,0.13962057489444218,0.891505673861543
Hubei Province,725,gennorm,2.3185698311910734,0.021871228051701407,0.8085971175036784,2.8410165932552487,0.12015435565525874,0.8672616571623876
Hubei Province,726,gennorm,2.9756708925217756,0.05083340764361499,0.9283302922068879,3.1017056350098646,0.11643148919672058,0.8821147304437229
Hubei Province,727,gennorm,2.070851803386616,-0.003336564000157455,0.7976477112075366,2.86396798355802,0.13495729663472025,0.8686025987674131
Hubei Province,728,gennorm,2.5119357742540855,0.026641821820267586,0.8705204148959064,2.6225792834857518,0.11888080881216817,0.852311649193168
Hubei Province,729,gennorm,2.3416649645001115,0.014110332036725029,0.8427359100737828,2.6338337981904054,0.15052505289264967,0.8638140903352947
Hubei Province,730,gennorm,2.794026332579013,0.07161826950898506,0.9400761407395841,3.266938695336531,0.1583159206252311,0.9499930036131607
Hubei Province,731,gennorm,2.40389407594801,0.057317570299631714,0.8167348846675928,2.6175096661735147,0.13214970844469445,0.8401861488940139
Hubei Province,732,gennorm,2.9937998581781624,0.021993342734149067,0.8875347249477947,3.0862454409204325,0.11040673684605151,0.8407391371479003
Hubei Province,733,gennorm,2.911149986498912,0.0327211970211278,0.8956997390159995,2.626178838821805,0.14878898609100163,0.8681302945140668
Hubei Province,734,gennorm,2.1201091618229424,0.04478434181357168,0.801651077377601,3.26135344284145,0.13756084566154497,0.9346081594284943
Hubei Province,735,gennorm,2.164593023791214,0.008696545942692707,0.788435138574052,2.9335921447583146,0.13829099890270885,0.8897014722591846
Hubei Province,736,gennorm,2.3714956204552413,0.028900829557260414,0.83714809547296,2.8478946474288684,0.1382906590110175,0.8795811812680305
Hubei Province,737,gennorm,2.3876779200124822,0.05173119469364357,0.8435802365849953,2.768895649215364,0.14711244636673482,0.8787996971213612
Hubei Province,738,gennorm,2.7347190226699887,0.03955288340192657,0.9354408073414441,2.8532620903646757,0.14105272655677228,0.8875461683757977
Hubei Province,739,gennorm,2.2782235638709047,0.031918159552340855,0.8237137692918608,2.4866178338112017,0.1311570021157385,0.802207212846852
Hubei Province,740,gennorm,2.3034052546814854,0.023372886245340257,0.8593860670010098,2.5438287784145706,0.16150731703285326,0.8686022021586071
Hubei Province,741,gennorm,2.3948369356052766,0.06168937736977531,0.8774842983154973,2.778132087374649,0.1526692441240603,0.8768417728216971
Hubei Province,742,gennorm,2.5413755781232243,0.05980203597026394,0.8808781216749787,2.5461004972603183,0.1227800648110727,0.8100290477388907
Hubei Province,743,gennorm,2.6906191318432473,0.04454085468916666,0.8541793979287942,2.445808954474509,0.11490547792173916,0.826525402933344
Hubei Province,744,gennorm,2.360665768437621,0.05508417961521815,0.8439369100867842,2.954854645357225,0.14342944399558022,0.8619261853488684
Hubei Province,745,gennorm,2.46758647318763,0.07007481766373254,0.8142724498455061,2.558674376625423,0.1319501864756818,0.8502736641751576
Hubei Province,746,gennorm,2.8203534486497084,0.06299677255797026,0.8988666813420674,3.083729692133508,0.1354233875748146,0.8968123163668491
Hubei Province,747,gennorm,2.4151869922289224,0.050632898418954894,0.8250321969570266,2.227004908963777,0.16162892349691876,0.7876760452644219
Hubei Province,748,gennorm,2.3704021480709523,0.043926325033798126,0.7880482794593624,2.62325301696531,0.14257425158029513,0.8748729265775146
Hubei Province,749,gennorm,2.714313631047687,0.0456766838119001,0.8537195596536811,2.886012664624322,0.09598463695000464,0.9294452042272991
Hubei Province,750,gennorm,2.74043228223641,0.017642418530906333,0.8630008262668003,2.6400248829006276,0.16696709228031212,0.8754381382539038
Hubei Province,751,gennorm,2.1092944977098345,0.043740504277991754,0.8125855119871888,3.364708747263562,0.13236152635376755,0.9108231532751572
Hubei Province,752,gennorm,2.4960750066096997,0.03520424158599719,0.8580552102405743,2.797866075522777,0.1129149881420334,0.8971030776172342
Hubei Province,753,gennorm,2.15804169651297,0.011947346715504046,0.8144206943115303,2.4913647300251296,0.13366972157198131,0.8188752760147578
Hubei Province,754,gennorm,2.3346949271790733,0.03296656215086177,0.7798357006566512,2.801466665305996,0.10743392717393516,0.8903167969638709
Hubei Province,755,gennorm,2.441732276655082,0.031828593757987696,0.8352051002994689,2.716024920300205,0.16973633939043226,0.8221229446999889
Hubei Province,756,gennorm,2.4543617478345903,0.03282158189541802,0.8673919289696629,2.84398497560683,0.15463959730101168,0.8633746960704622
Hubei Province,757,gennorm,2.2634689286462137,0.07238080782972146,0.8060663664181937,2.802605455532386,0.14284125159265182,0.9146625452478998
Hubei Province,758,gennorm,2.43979366878684,0.05489958194951251,0.827076564049414,2.710443819008716,0.12597331307621146,0.8677630182742774
Hubei Province,759,gennorm,2.687407377488147,0.035066087177936016,0.8974043245184612,3.155268685302636,0.15485380986103314,0.9343424183139666
Hubei Province,760,gennorm,2.639880475122296,0.011552624607482579,0.8997027346480351,2.72152797589868,0.18586375145459522,0.8678763424241271
Hubei Province,761,gennorm,2.856537751170789,0.046243036566216755,0.8949059857565436,3.252472928544768,0.16923018011054775,0.9693506668826828
Hubei Province,762,gennorm,2.3152251137197615,0.010818138906045261,0.82948458337519,3.503275438036199,0.14249570740929313,0.8829192896582464
Hubei Province,763,gennorm,2.2676693729954605,0.06195644733601613,0.8487919725662634,3.7887292904883587,0.16963166680403055,0.9232588107471187
Hubei Province,764,gennorm,2.521005135657357,0.0616184421864092,0.8611071327012442,2.897400203574949,0.09237006337527232,0.9009877312110199
Hubei Province,765,gennorm,2.411934105849533,0.04249039955454186,0.8451075041799943,2.4914536916378482,0.17956147026478914,0.8538721479488235
Hubei Province,766,gennorm,2.954163824729237,0.026822137470964715,0.9071775156962139,2.818543847470582,0.10736027429567777,0.8600872611321461
Hubei Province,767,gennorm,2.704130020776604,0.009787370337815257,0.869384196862664,2.679083791856559,0.14756756107232408,0.8679324367214414
Hubei Province,768,gennorm,2.1923043721805433,0.005395564783245828,0.8327899710834837,2.543467398124057,0.13870522514187228,0.8287943933859876
Hubei Province,769,gennorm,2.586047320387947,0.06978549310585469,0.8160797806304578,3.0971878042895478,0.10699081135073779,0.9307725010028987
Hubei Province,770,gennorm,2.198650129243174,0.05319999080800582,0.8237349888681347,2.492449610918023,0.11551205040182488,0.868135527850771
Hubei Province,771,gennorm,2.6104393445580847,0.0354607359482638,0.8558440346590024,2.5298399259266313,0.10250706010989315,0.856823382792306
Hubei Province,772,gennorm,2.4022775408700157,0.021321249209451193,0.86477743046449,2.733650117714035,0.1421145138949942,0.882614991881367
Hubei Province,773,gennorm,2.67476594986737,0.01657167425501678,0.8841816680080199,2.688877631674541,0.1222265375346804,0.8538040233404539
Hubei Province,774,gennorm,2.504012676096835,0.06672160518353862,0.8580433369714948,3.199119043408415,0.08891306929605562,0.8931384977556839
Hubei Province,775,gennorm,2.40780327002628,0.03531440320236443,0.8469935589173194,2.91268360297081,0.11760639179584728,0.8309511470653754
Hubei Province,776,gennorm,2.374494393630253,0.0435670804466996,0.8576565305260455,2.635697659944923,0.1645567716676657,0.8285006800255456
Hubei Province,777,gennorm,2.12945543591612,0.04954496354123976,0.7931843532007845,2.856184145480234,0.11332544048613596,0.9121131327846501
Hubei Province,778,gennorm,2.29087695967409,0.04115144919053723,0.8247009114084407,2.885514940492153,0.11013510280393729,0.9037850357656814
Hubei Province,779,gennorm,2.32854880334894,0.025999480217124477,0.8618292617275415,2.4794204390095027,0.13310480433642286,0.8390726783549323
Hubei Province,780,gennorm,2.7898927560610494,0.08258445632332875,0.8895704653284364,2.7019976788477678,0.15777822775754674,0.8530583424137973
Hubei Province,781,gennorm,2.4700429702743865,0.018191791359964522,0.8531820921109728,2.520893229784101,0.14620356391583747,0.8667398382257225
Hubei Province,782,gennorm,2.6080666548905,0.010730792891350349,0.8905934079666489,2.8470246952147296,0.15010258709486807,0.9178035728541816
Hubei Province,783,gennorm,2.2447312670442203,0.03512945667381313,0.8257581723846524,2.911561510529051,0.15600965818759444,0.847719068458091
Hubei Province,784,gennorm,2.0859400232371144,0.03883304520792188,0.7791817497430262,2.382268234318047,0.12428119109293059,0.8141473185166835
Hubei Province,785,gennorm,2.7380132562046215,0.050825719313430925,0.9014396162439964,2.8950503179831255,0.1620821724061614,0.9151588688886126
Hubei Province,786,gennorm,2.643142593418533,-0.007691391813229363,0.8575100233567152,2.7837573647711507,0.11681679215596144,0.8808230313240172
Hubei Province,787,gennorm,2.2318621395533094,0.013659744251122555,0.7862092398666936,2.826745809957175,0.13066540479369823,0.8909268137205049
Hubei Province,788,gennorm,2.0861192115002165,0.021580716425904138,0.81177553949461,2.8625720275424182,0.12078396728218851,0.8746911485025071
Hubei Province,789,gennorm,2.640484482362293,0.05924705041117864,0.8966142283031193,3.695471314685343,0.10241150798923593,0.959891236173084
Hubei Province,790,gennorm,2.2732583790189196,0.053860069995744456,0.8154229304030962,2.4321947042481553,0.14686667311924795,0.8427728649235025
Hubei Province,791,gennorm,2.363392159440559,0.0176143148497458,0.8435381851704887,2.39084684327553,0.12223725739838245,0.8731689917852902
Hubei Province,792,gennorm,2.0334840129535605,0.009312174617908049,0.7749348837718355,3.1250952858996053,0.16526910231192837,0.8906515966153778
Hubei Province,793,gennorm,2.357071363855514,0.03142643050427539,0.8266034264285436,2.9540431303388215,0.17490074699243388,0.8892153572972771
Hubei Province,794,gennorm,2.3205322851388224,0.020576237919221908,0.8420534786345653,2.954191635603833,0.14450124646903195,0.9403649222495627
Hubei Province,795,gennorm,2.428687323097952,0.03888478131396453,0.8427943924961903,2.7009575831421886,0.17588238898215613,0.8350558647177522
Hubei Province,796,gennorm,2.337531008726889,0.029306967153250485,0.8081426250914875,2.68021043489479,0.12091609580791729,0.9170623709356778
Hubei Province,797,gennorm,2.3375878911790746,0.011000213652445226,0.805430601934483,2.4386165297692672,0.17277531554575293,0.8339374420716115
Hubei Province,798,gennorm,2.369037962331203,0.021512922241588406,0.8388367672524387,2.8544376494751953,0.1033726513736738,0.9043706890881045
Hubei Province,799,gennorm,2.276516511726279,0.049600662769359705,0.8326394595927489,3.5187537715877806,0.1606619536392731,0.9351627008164582
Hubei Province,800,gennorm,2.3990268617962327,0.040020107659833874,0.8110417128944627,2.973015997717382,0.13140382477285306,0.901782454376118
Hubei Province,801,gennorm,2.9169707797847417,0.07179575079249488,0.9502917297141291,2.484065706368079,0.1437615444302085,0.8345565665386951
Hubei Province,802,gennorm,2.5516677775693726,0.006853287951197107,0.8742451261148418,2.698202786517405,0.12104018956089965,0.8438678801216463
Hubei Province,803,gennorm,3.1459395921022737,0.005775672986202219,0.9220670250799902,2.6665816645898994,0.15109906224735248,0.9103984571896717
Hubei Province,804,gennorm,2.2643950760124394,0.05066996781706995,0.7989545291776219,2.910195302363377,0.11715851480250383,0.8733292704521087
Hubei Province,805,gennorm,2.4341805730001562,0.0468375564880601,0.9031770038164277,2.3591801103647363,0.14184254303817273,0.8283192119795975
Hubei Province,806,gennorm,2.9036434268125095,0.07202105938833382,0.9368992530347051,3.0970400228595185,0.16060491234236177,0.8842203360209234
Hubei Province,807,gennorm,2.942545260850931,0.05951086357543676,0.8828532160743607,3.0246129668669366,0.15272874601298167,0.8993032245200498
Hubei Province,808,gennorm,2.2483471069454737,0.04988638736690591,0.8282423501141729,3.207736229250915,0.10532942638491491,0.8788684187518772
Hubei Province,809,gennorm,2.2385946724031633,0.05080113228384845,0.7906002368586856,2.9430838666557197,0.15857013093648564,0.9230709183036627
Hubei Province,810,gennorm,2.254470690062755,0.031300398033350274,0.7921335274389143,2.1184102513046508,0.14006107027072778,0.8291454979743508
Hubei Province,811,gennorm,1.9463862602101578,0.06724955526045237,0.7552964966931062,2.378228903194773,0.18046105597502093,0.8470606156859797
Hubei Province,812,gennorm,3.107910687130196,0.059228562199093754,0.916149870125393,3.0333319463751742,0.13276353066009947,0.8472994128175992
Hubei Province,813,gennorm,2.551944818129184,0.047009514659916055,0.8435711706410273,2.6528597705023476,0.14744470909207874,0.8197597791317057
Hubei Province,814,gennorm,2.2506778901409294,0.024990863533980993,0.7967038433275466,2.9101743170356236,0.10706866451956668,0.8768254842385865
Hubei Province,815,gennorm,2.5127153258849053,0.02084718080728481,0.8559717096758029,2.4256395262414174,0.13720919146646804,0.8081800961356169
Hubei Province,816,gennorm,2.2044039234704154,0.03184270148059335,0.8170199096024662,3.1642509604723954,0.13540205074370626,0.9145822849953922
Hubei Province,817,gennorm,2.519117052990696,0.04311803010131012,0.8766952918858563,2.5942452858156035,0.1571703562020174,0.8758403160873127
Hubei Province,818,gennorm,1.940899516093949,0.02380205148400936,0.7492266287321018,2.426404697436049,0.10090441281567505,0.8412401771355649
Hubei Province,819,gennorm,2.3218286358822233,-0.0351820015302916,0.8157903481927792,2.792387946729411,0.14953715957199992,0.8987403264868989
Hubei Province,820,gennorm,2.1996427834188204,0.011579979310628898,0.8105399579118545,2.4609339731069912,0.14037040991220784,0.8495623110118704
Hubei Province,821,gennorm,2.544948553972721,0.021412712615874067,0.8507943634353594,2.410956849595964,0.16341581211319153,0.8209381138522072
Hubei Province,822,gennorm,2.755940204353308,0.0629653948207447,0.8240061592107987,3.543184125019909,0.15853988013345344,0.9469105709393886
Hubei Province,823,gennorm,2.3716844314125627,0.07311793832274752,0.8709607872513769,2.4933442053365384,0.17156437479966719,0.8557363321967025
Hubei Province,824,gennorm,2.3901518070374674,0.0464554487353495,0.8591405169051696,3.5818637932139867,0.13704319047479946,0.9019395042966414
Hubei Province,825,gennorm,2.884891122298507,0.07694943456786275,0.8799261624847996,2.9714762620916435,0.14847879307690856,0.8997971270205087
Hubei Province,826,gennorm,3.04664082357258,0.06034571839369948,0.9467240816769036,2.5354208107786014,0.1273857038708636,0.8259720196417037
Hubei Province,827,gennorm,2.818069465602399,0.06846086158617835,0.9004883545611646,2.7804466793050064,0.1251549647346742,0.8886798494190966
Hubei Province,828,gennorm,2.7852511928056565,0.00020051038420834563,0.8587655588456248,2.684626727791411,0.12926729040208096,0.8473701801115067
Hubei Province,829,gennorm,2.159670538637127,0.07063277040135937,0.7927306340928328,2.765913650231064,0.14702889149717635,0.8854291421672835
Hubei Province,830,gennorm,2.427014454502003,0.05640369968225867,0.8612069248186206,2.6777184655326227,0.13043248129044066,0.8669538496679472
Hubei Province,831,gennorm,2.16123164572418,0.0490276505241186,0.8246768270417926,2.7546950749828207,0.11269684360589174,0.8734868112609713
Hubei Province,832,gennorm,2.5297952325304673,0.02695699014430388,0.8983288815614914,2.651623325463043,0.1368372826860891,0.8689083881961257
Hubei Province,833,gennorm,2.4725321921267254,0.05703004393811914,0.8665606773338845,3.0641202428331713,0.19843050019756653,0.9152216467293275
Hubei Province,834,gennorm,2.1945747873682837,0.04226912113910343,0.7774964679430241,2.252557318794951,0.12044451554811797,0.8142615096657961
Hubei Province,835,gennorm,2.833010984550976,0.05980100062458607,0.9028381639353538,2.569767436749137,0.1946859468221788,0.82855392932713
Hubei Province,836,gennorm,2.5462267200499156,0.07938018400608382,0.8693510024960662,3.0570011592925033,0.13307689000919842,0.9577997957831488
Hubei Province,837,gennorm,2.3582030859591816,0.022925556332738163,0.8228366437433368,2.5229689017417174,0.10570357209729042,0.8109723489622284
Hubei Province,838,gennorm,2.3038793457777738,-0.025963870846876857,0.8442855588224815,3.075465087233038,0.15298817188812897,0.9374870971428519
Hubei Province,839,gennorm,2.4108022362516164,0.041362368111763595,0.8633434677007634,2.348488040891338,0.123060069079334,0.8253306460247283
Hubei Province,840,gennorm,2.539199868650101,0.0207652395438852,0.8655147748413059,3.0010767697152856,0.12419165288354961,0.9361447800607248
Hubei Province,841,gennorm,2.028616135712003,-0.011083448935942798,0.7489557843383426,3.612448733474926,0.06346210896259305,0.969531259174399
Hubei Province,842,gennorm,2.1861289461028615,0.006773809975900484,0.8375500045489819,2.876680581903435,0.13832953398760195,0.9043061496939934
Hubei Province,843,gennorm,2.316075941322139,0.07807693802928023,0.8314917041769425,2.804508032757036,0.11514113125663597,0.8686902931936906
Hubei Province,844,gennorm,2.4696709972535658,0.035513058263068886,0.8546163834229079,3.1554532419633077,0.1216662324000495,0.8854432404230397
Hubei Province,845,gennorm,2.462681591521064,0.03899843844745042,0.8632613780022972,2.5608541191681673,0.12729481124675526,0.8570849142738016
Hubei Province,846,gennorm,2.5797861643866806,0.06232378806028574,0.872008243715414,2.8968345780833396,0.12829785106734976,0.8824949629771126
Hubei Province,847,gennorm,2.065008058332575,0.023357497229438584,0.7686749710421588,2.8552308170783753,0.1612152194864544,0.8690728175840376
Hubei Province,848,gennorm,2.361775245410879,0.09478892427497143,0.8626177103104967,2.3954161393605617,0.08622900481909039,0.8009753755467345
Hubei Province,849,gennorm,2.9410835426481463,0.043153265795857314,0.8590726145457542,2.8086422564230875,0.10780257640896601,0.8998723566655356
Hubei Province,850,gennorm,2.6591179526614575,0.008625370316736481,0.8708562030022058,2.5197908575364183,0.12556811553884506,0.8393578732919318
Hubei Province,851,gennorm,2.41247972002907,0.05893368463088461,0.8286473954490217,3.0604912192596903,0.16551870815437747,0.8831396061244746
Hubei Province,852,gennorm,2.9956939976581047,0.08445290502003158,0.9109622022233843,2.9487137361391857,0.13270344878422674,0.899341332069461
Hubei Province,853,gennorm,2.4135509069515932,0.054188750366101955,0.8440709323447348,3.1246314601816474,0.14335936278320957,0.915636818794278
Hubei Province,854,gennorm,2.6791443096152125,0.007758317013452681,0.8784809592047853,2.5424891197844093,0.10744250073495801,0.8609115222933825
Hubei Province,855,gennorm,2.527273013312974,0.03760064399830973,0.8797679868182189,2.9449487958013574,0.15254004823932188,0.8709989342222539
Hubei Province,856,gennorm,2.5903743155664936,0.02516591069793149,0.833592324044651,3.3637000025221164,0.12870837872093,0.9371618285907919
Hubei Province,857,gennorm,2.8846610166112994,0.0514015050632957,0.9181501349568109,2.6399205942915493,0.12715695263851257,0.8289921813802221
Hubei Province,858,gennorm,2.4181355847184696,0.07217910084336451,0.852902048832999,2.641287847401739,0.15714330116069186,0.8672047318264955
Hubei Province,859,gennorm,2.934698214084432,-0.02347122828030672,0.8891436273574079,2.653299640217642,0.1174515027704216,0.8439946745335375
Hubei Province,860,gennorm,2.3772094616622272,0.03617621565290442,0.8309535785099929,2.7383877082584025,0.14849413592437022,0.8952243694109403
Hubei Province,861,gennorm,2.3822380005185,0.040938225527867154,0.8080303005517305,2.25491537872979,0.12322809531311273,0.7869030911335311
Hubei Province,862,gennorm,2.6867919943415153,-0.019950807657305468,0.8187631775053618,2.496145259761887,0.16830338760345487,0.8220093493141567
Hubei Province,863,gennorm,2.312739552067936,0.051299009691039885,0.8491139049393179,3.111375213859693,0.135338352492619,0.8999025728488561
Hubei Province,864,gennorm,2.428095793015145,0.04349377571355048,0.8257794955673824,3.0434194719508114,0.140332143675499,0.8821088935940304
Hubei Province,865,gennorm,2.1613380537924907,0.029528646083840232,0.7937539462650651,2.6647003458633343,0.12518336554800233,0.864031805499766
Hubei Province,866,gennorm,2.8522136061851713,0.022857435522961374,0.8587462625514927,2.362466902609039,0.16298802437174303,0.8674845415335778
Hubei Province,867,gennorm,2.4221221328908777,0.016880260284386057,0.8309388689466766,2.2599315524369437,0.11520135063322565,0.8002197715439183
Hubei Province,868,gennorm,2.3737637619136565,0.03852392438806127,0.8170793840077953,2.6658293328741016,0.15366078152020413,0.8629852961857006
Hubei Province,869,gennorm,2.241628187204682,0.0567151376611172,0.7978861771006491,2.4933070221221323,0.12066360891679631,0.8771460110694755
Hubei Province,870,gennorm,2.454385523053017,0.046669930798322684,0.8207622587228152,3.0569435939667713,0.14693973294589557,0.8880816352655309
Hubei Province,871,gennorm,2.307775809980855,0.10253641044982326,0.8295769938589332,2.5758657592466863,0.13036668095782822,0.8503877051417829
Hubei Province,872,gennorm,2.6777689180739634,0.03330867477528558,0.8788062568217049,2.975615343120877,0.13749018236617733,0.888506333965345
Hubei Province,873,gennorm,2.105612911885279,0.03505797068489889,0.8070756247711011,3.0138845989571426,0.13646977036981417,0.9096271573905683
Hubei Province,874,gennorm,2.4406865840769463,0.08086184249952201,0.8596481242215213,3.1498665125612195,0.12245725124085996,0.8756206208818138
Hubei Province,875,gennorm,2.27981915093532,0.00831500976461742,0.8635813700270392,2.5258183965030216,0.12830850812552203,0.8517760985353062
Hubei Province,876,gennorm,2.7078383556604977,0.012997302953892469,0.8540239557132014,3.3862959221430566,0.14705729573567108,0.9499973412953426
Hubei Province,877,gennorm,3.0509536084972986,0.027156150753037733,0.9003924888847818,2.7331795280917888,0.15074600524484388,0.8823000948705826
Hubei Province,878,gennorm,2.531056362950533,0.012738959392957105,0.8610532572962768,2.7015675170477222,0.13324385976843375,0.8353706674557979
Hubei Province,879,gennorm,2.321042378738455,0.04854187144972411,0.7893502976940705,2.6068015164419034,0.1432956081226362,0.8626301521683474
Hubei Province,880,gennorm,2.4573012364477194,0.00040959561905678675,0.8571453296531915,2.5034672229449613,0.12331837392706707,0.856056946324526
Hubei Province,881,gennorm,2.2406149517267875,0.06760821545893117,0.8239587251801959,3.1493577488439013,0.13070411855849295,0.880211898016318
Hubei Province,882,gennorm,2.2228941589027214,0.05495600545950153,0.7991105653873494,2.710131433664555,0.0968046329995387,0.8444428608211767
Hubei Province,883,gennorm,2.538289578982843,0.06017415483643038,0.8352854902425231,2.7331582592631074,0.1442006619373412,0.8784828631564989
Hubei Province,884,gennorm,2.2252244877172886,0.03226784777840212,0.8099344771191312,2.4981350762703456,0.16780367383235328,0.8244596081835187
Hubei Province,885,gennorm,2.8082273048303774,0.04607149232770283,0.8622744505095038,2.7542060706280416,0.1329556815525088,0.8525147747882105
Hubei Province,886,gennorm,2.155664401181946,0.04085500774692387,0.7966045513645147,2.5942942558711164,0.13600795604498583,0.8521629176942003
Hubei Province,887,gennorm,2.473670226480126,0.04647415910897407,0.8367052357374887,2.41708714861816,0.15904371023444241,0.8295312850219576
Hubei Province,888,gennorm,2.1548014531431035,0.03960510560612425,0.8070330038844983,2.7994783469038387,0.14700234832145853,0.8647321459985009
Hubei Province,889,gennorm,2.471347249295048,0.03536875243138983,0.8572675827999101,3.1805264003588096,0.12180763860809152,0.9308865662561361
Hubei Province,890,gennorm,2.0160973689021136,0.02104644198497911,0.8052647418726446,2.9544032669350275,0.09621529876166512,0.8878369890042157
Hubei Province,891,gennorm,2.211560516966748,0.056424640928573536,0.7805684446375121,2.801133257862637,0.1542334400948956,0.912476811177118
Hubei Province,892,gennorm,2.525134215201801,0.0709163978220346,0.8291492594212125,2.4428163529433924,0.11880478681106524,0.8565030513671467
Hubei Province,893,gennorm,2.2731452836393924,0.036780566541389226,0.8274463750462364,2.76645719960911,0.11843948834384686,0.8605530223886375
Hubei Province,894,gennorm,2.433272535393243,0.03734992436917845,0.861470782571225,2.7849289531540573,0.07878015524769305,0.8773796589830624
Hubei Province,895,gennorm,2.8429127777968324,0.09727976099457081,0.8524816257975869,3.2817129536031917,0.13839777515832596,0.9293362168790866
Hubei Province,896,gennorm,2.3708551827748865,0.05343566764960096,0.8021123554115173,4.370712990613836,0.16318193032013306,1.0096689152353695
Hubei Province,897,gennorm,2.7490107029440036,0.050245009095696375,0.8718085023979121,2.480902989998145,0.17017421264665017,0.8355923525275104
Hubei Province,898,gennorm,1.985565602963781,0.0326790251465957,0.7725416870821262,2.848408331230819,0.17130386586947044,0.9122254474182174
Hubei Province,899,gennorm,2.3105174156737425,0.015524181521355217,0.8326091654655665,1.8529371197187494,0.12946940872216967,0.7147023854676253
Hubei Province,900,gennorm,2.3192018242451775,0.06664193689184447,0.8152786002847422,2.8813781233975035,0.14522889042435438,0.8714652042203992
Hubei Province,901,gennorm,2.8955217813171354,0.05398387710458891,0.8887571273284692,2.3897547813090227,0.14726113382182304,0.8170731767484734
Hubei Province,902,gennorm,2.5567338234390546,0.03413772878268582,0.8656119945856617,2.667344283720113,0.13190890233431474,0.880501674236254
Hubei Province,903,gennorm,2.3133494273138737,0.03185259017930508,0.8197800849846208,2.720476506338507,0.12007144478351174,0.870359394883794
Hubei Province,904,gennorm,2.18840458917596,0.04946492937287275,0.8513903070922817,2.8224131775792616,0.11966404705207417,0.9106622895664592
Hubei Province,905,gennorm,2.5182450858233283,0.016671301613259977,0.8520349299682484,2.8944313077574755,0.10461732585236172,0.8976208444523759
Hubei Province,906,gennorm,2.1022044750437994,0.06394700155372447,0.8107712216231961,3.4712498719407097,0.09934592306418549,0.922285981016546
Hubei Province,907,gennorm,2.290775599414709,0.039004149367742325,0.8406847414330025,2.446526460928631,0.14039686131052737,0.8437112075193843
Hubei Province,908,gennorm,2.8330460743311807,0.0017872017073080457,0.8902765516968039,2.5871799006681164,0.13518035110893933,0.8304792512953407
Hubei Province,909,gennorm,2.6823171396991876,0.028037719245411746,0.8772677473560679,2.950455552964135,0.10798331573324796,0.8702285927560476
Hubei Province,910,gennorm,2.242994797985565,0.052414109327958036,0.84853345794383,3.024547707976856,0.11321828042541976,0.9220446073664973
Hubei Province,911,gennorm,2.6750984072066775,0.04839789818846977,0.8373839373300971,1.967698141132595,0.1547635818524572,0.7289353674838863
Hubei Province,912,gennorm,2.918026045518899,0.04525452177903219,0.8832549780276702,2.5837653292379006,0.1203442406967851,0.8405868747822614
Hubei Province,913,gennorm,2.3616632755655944,0.028343680274217638,0.8363637379553864,2.5691889802017345,0.15858701355792593,0.8788338492434222
Hubei Province,914,gennorm,2.6794664368741046,0.03531087479334666,0.8695372382171143,2.5466418573146092,0.11495465353784112,0.8291695988364065
Hubei Province,915,gennorm,2.001573892469713,0.010422290500827432,0.7485859613100065,2.853743830288659,0.1611538483171753,0.8503582749492941
Hubei Province,916,gennorm,2.323206391574711,0.016997612879620476,0.8477691463809592,2.849770256331219,0.14994234785534255,0.8700322889465998
Hubei Province,917,gennorm,2.672379888460549,0.03400869425475897,0.8597704295518154,3.228333383487323,0.12697016549181148,0.9216383451591501
Hubei Province,918,gennorm,2.2997553541560816,0.06556306519374358,0.8028214051031948,2.9587053651635795,0.1244928984943883,0.8893070210223815
Hubei Province,919,gennorm,2.8971015239679705,0.08417922851979223,0.9051299470413958,3.1620768768818577,0.17282561531566265,0.9065371370048744
Hubei Province,920,gennorm,2.430433266730806,0.0061872332463528724,0.8644103087763224,2.8096283713439867,0.14579165370459785,0.9023421911568108
Hubei Province,921,gennorm,2.460728024943636,0.046681307814392954,0.8982100766075793,2.6377570846820015,0.17017072408476092,0.8186431507330503
Hubei Province,922,gennorm,2.5679940330450783,0.04430561443801664,0.8698249090231933,2.3650762347687886,0.1503602545054129,0.822670249002039
Hubei Province,923,gennorm,2.4964537089245074,0.058936410512271484,0.8601684406297381,2.4165900644326843,0.15164138591715193,0.85184578420801
Hubei Province,924,gennorm,2.6122509724442073,0.0016667431512188877,0.8466480089783056,2.6095439246423453,0.18369456918860871,0.8836207088912065
Hubei Province,925,gennorm,2.2908022411737017,0.044207220396498575,0.8119524353677403,2.6374721083886294,0.1393604944475369,0.8864790034987768
Hubei Province,926,gennorm,2.3052198977706584,0.03649646955484612,0.8059387817483833,2.9546445883691277,0.13598920230355832,0.9238362179314368
Hubei Province,927,gennorm,2.6461226707417294,0.05897370382425815,0.8734026671031472,2.9245059259607578,0.1544876552904832,0.8892370806818386
Hubei Province,928,gennorm,2.441179222888189,0.06835797622292444,0.8464927265100954,2.6921840164942683,0.12972707340842132,0.8503515682383431
Hubei Province,929,gennorm,2.7048374379902596,0.0015300219710630185,0.858457258020572,2.3355544051734904,0.19264769512592841,0.845940826196732
Hubei Province,930,gennorm,2.328354229373275,-0.00988620298843721,0.8548651627202988,2.7789313194859826,0.12365359906153534,0.8153368460771653
Hubei Province,931,gennorm,2.4703257304253183,0.029947129845169652,0.8473197064962237,2.905346545360357,0.16934245995538083,0.8963778174638635
Hubei Province,932,gennorm,2.2764862443210134,0.036443502774447745,0.8617621944199403,2.67907825459267,0.17333906717718917,0.8792396732887064
Hubei Province,933,gennorm,2.3872046213648344,0.06333063507298178,0.8423219987691619,3.139902522199489,0.13814593068322162,0.8675043933650027
Hubei Province,934,gennorm,2.4415709313278926,0.012182501623127052,0.8697333700705825,2.4203678728107985,0.11519014901443159,0.8198966139638142
Hubei Province,935,gennorm,2.441785973997759,0.009429868787291117,0.8362107900404574,2.5502313973383024,0.1394271696366816,0.8721087962920941
Hubei Province,936,gennorm,2.740473172446821,0.07286207440728992,0.9077762724545915,2.9382154420268294,0.11066770883277852,0.8564476884987576
Hubei Province,937,gennorm,2.378937433689088,0.003438398000606583,0.8145090537857571,2.581786772472359,0.12504410282452166,0.8382221270038054
Hubei Province,938,gennorm,2.496641985421318,0.014057224671919185,0.883652033423804,2.998504618557189,0.08901146041725841,0.8827101400630099
Hubei Province,939,gennorm,2.854381057764071,0.03561134408835165,0.898576397533247,2.654522441088739,0.16020762821303697,0.9131576065185136
Hubei Province,940,gennorm,2.4077694616245093,0.011882096870276228,0.8648337806385773,2.95241330484593,0.15042568560798236,0.9004140786338177
Hubei Province,941,gennorm,2.4778864067048083,0.012463459978995999,0.8259644942560305,2.9081163601499265,0.1519036384138081,0.8806988431479299
Hubei Province,942,gennorm,2.471560661831348,0.047523162974648966,0.885998031998546,3.326063939895441,0.09136550820322545,0.9352818090769577
Hubei Province,943,gennorm,2.5544262237012054,0.02861604753758378,0.9163102014049276,2.9857871487341083,0.13991213130906258,0.9299506695285716
Hubei Province,944,gennorm,2.4753656413644816,0.027307181075485715,0.8374773823715755,2.9480557778581824,0.1413411059737073,0.9080274064035865
Hubei Province,945,gennorm,2.257648282290176,0.03867889040482082,0.8189623575414005,3.0145023339976547,0.14457157134221227,0.8835117631949363
Hubei Province,946,gennorm,2.3375374280013963,0.06797303530129473,0.8165385938477798,3.3779766176363575,0.18352164024678255,0.886375913110826
Hubei Province,947,gennorm,2.6047858018776804,0.03822918201688356,0.876743688783703,3.0569411875577055,0.12995405607734317,0.8794739005988237
Hubei Province,948,gennorm,2.741636287067281,0.01365140869132419,0.8839366724879818,3.2847632578100647,0.1684822448417746,0.922547992947313
Hubei Province,949,gennorm,2.3202071839721823,0.051444833917962715,0.8344821281266375,2.403029068481347,0.12854252516226639,0.8495629123296402
Hubei Province,950,gennorm,2.37416818536753,0.0466582408558751,0.8107819144383188,2.8642278582280127,0.1324247975466289,0.8630930749671897
Hubei Province,951,gennorm,3.389629194401265,0.042009013942409114,0.9957973188215019,3.4182839637700653,0.13881160520515862,0.90612977905199
Hubei Province,952,gennorm,2.7686844032228795,0.03704631777214339,0.8845839971016443,2.8763338873860134,0.15362538189846814,0.8480612251307604
Hubei Province,953,gennorm,2.3500950581188977,-0.011446779529399667,0.8056812358534282,2.6375302938672096,0.12454554045407581,0.8726924547217147
Hubei Province,954,gennorm,2.115962899063349,0.06399042273354594,0.799863695022446,2.675435432067932,0.12803725253985396,0.8422094708091845
Hubei Province,955,gennorm,2.0437877426007915,0.05361298598107868,0.7598996398262962,2.324464909951942,0.15433060121738446,0.8281887538543652
Hubei Province,956,gennorm,2.737508208032973,0.04763996137045773,0.9033310417373532,2.9527113831014926,0.10451564997320048,0.922922364157958
Hubei Province,957,gennorm,2.780858988370121,0.02930170471634716,0.8909408641882636,2.7093274925581046,0.1474038859407129,0.9075766110634661
Hubei Province,958,gennorm,2.3203811926443603,0.013336718635987187,0.8066799100083506,2.481533586920566,0.11833531122284327,0.8823240510397166
Hubei Province,959,gennorm,2.415539596492632,0.033724547368173555,0.8745842154549391,2.6210679868373434,0.16031411317961775,0.8612521986379593
Hubei Province,960,gennorm,2.6227188103129597,0.03713975355931677,0.8242086153131776,2.417531981596078,0.17305162913458388,0.8167163211318085
Hubei Province,961,gennorm,2.484680716082145,0.019911053377720356,0.8581573672162841,3.2698233795895923,0.13875608732168082,0.9378948198647032
Hubei Province,962,gennorm,2.228761933158411,0.07991058065324488,0.8052125214037226,2.650813707784668,0.1417618186289657,0.8338405934868318
Hubei Province,963,gennorm,2.343254787543513,0.04379827824959569,0.8839107725610806,2.9268684941144425,0.13807533146687312,0.8957780725044229
Hubei Province,964,gennorm,2.886851699188502,0.055760806967323315,0.8880865961881466,2.476156583495499,0.12512362319807752,0.8686646110392682
Hubei Province,965,gennorm,2.4733339691968794,0.0027849079202045663,0.8233239829981214,2.883368696178356,0.164373561246201,0.8976703385395454
Hubei Province,966,gennorm,2.5000193998073197,0.06384389117164734,0.8950878214355764,2.3814216386391776,0.13220853864255627,0.8101445134361882
Hubei Province,967,gennorm,2.374479710392765,0.024389940768756807,0.7961112514693403,2.878196779356752,0.10308078951835037,0.8723408306123608
Hubei Province,968,gennorm,2.0711911283786426,0.012929616322666145,0.7791513217724952,2.8892629901869107,0.12760398442033646,0.9136989021568134
Hubei Province,969,gennorm,2.36126952713769,0.04380495009103333,0.873799562650039,3.1699259826797226,0.09536185020245357,0.9238877269849526
Hubei Province,970,gennorm,2.7669384377829567,-0.0017066625731506475,0.8934820832173427,2.8483462566618973,0.1263607993236823,0.887339058364742
Hubei Province,971,gennorm,2.577328801161509,0.026992620734901704,0.9039372141264119,2.4523515627354304,0.1409163078237713,0.8731125546495144
Hubei Province,972,gennorm,2.779292327279448,0.031982185253217436,0.8997964155014462,2.531145259693555,0.1366242799880061,0.8214091726827832
Hubei Province,973,gennorm,2.3248514789362784,0.07226844781168118,0.8009209040042503,3.138475477345633,0.1114135810909492,0.8854390921970423
Hubei Province,974,gennorm,2.7340046875048127,0.05935850971223054,0.935884575138477,2.5244589880152923,0.13614199255676745,0.8530743136598713
Hubei Province,975,gennorm,2.3953930658707456,0.031599175914255984,0.8245408721173899,2.556345552285386,0.15338085303210802,0.8716153359681811
Hubei Province,976,gennorm,2.4195677441409824,0.0218504048451947,0.8437964582246975,2.437239863202022,0.0910081767888643,0.8358735690468295
Hubei Province,977,gennorm,2.6489461230050644,0.0003264853276135754,0.8319376702968627,3.5710825358335594,0.13943808775728597,0.9540491066488437
Hubei Province,978,gennorm,2.356525370206872,0.026337325704990984,0.8406205934865016,3.0714648740089268,0.10403805921251383,0.9332766550806884
Hubei Province,979,gennorm,2.6815944379044243,0.02197106067953835,0.8707531577068817,2.8815527694368552,0.10087820513257229,0.9313333624791533
Hubei Province,980,gennorm,2.3987589531742533,0.049454472798842734,0.8337354812776288,3.539469649362833,0.12294338963582185,0.9579833077747681
Hubei Province,981,gennorm,2.3567911944167115,0.016672128531948417,0.8779686037024537,3.2959531236945914,0.14988075591641944,0.9022204591024483
Hubei Province,982,gennorm,2.237630232904655,0.041913697933174246,0.8175495136211264,3.119098777116645,0.17555650565244527,0.9434143337189942
Hubei Province,983,gennorm,2.093223987969832,-0.0032518215931515073,0.8130019394215979,3.0683050157117657,0.09504263080384316,0.8968075721951063
Hubei Province,984,gennorm,2.1629960130337302,0.062197626451220595,0.8292600920373672,2.5572668444129167,0.11732750587264118,0.8467422599274637
Hubei Province,985,gennorm,2.353918125408196,0.0024942276970702634,0.8544900209328636,2.5401066287929597,0.13301819476398857,0.8721815674613165
Hubei Province,986,gennorm,2.1337273930517906,0.010324516137174972,0.8323426993739964,2.79969098336213,0.13377070644764572,0.8696478511472105
Hubei Province,987,gennorm,2.5149306460657517,0.01255923009800488,0.8473957576953415,2.828809944930132,0.12060702319969005,0.8773928116221481
Hubei Province,988,gennorm,2.2547977807059576,0.02707347879808228,0.7969974474480332,2.4328406159761435,0.07378319641702714,0.8722893714076374
Hubei Province,989,gennorm,2.191605432494401,0.016383977212925588,0.8222526498163236,2.664739112547931,0.12157848204912022,0.8845725653124613
Hubei Province,990,gennorm,2.628808834322736,0.05781025953491714,0.8217933011813017,2.649270656700093,0.11395390033388023,0.8208186668999352
Hubei Province,991,gennorm,2.316159752473107,0.032068210406561874,0.8574005112692129,2.455154973332861,0.13706408426002495,0.8289697188998593
Hubei Province,992,gennorm,2.2117299116094884,0.02066167892926623,0.8084928661224791,2.9165503505025727,0.14754465723768223,0.8973706381375687
Hubei Province,993,gennorm,2.5656493712347075,-0.004034078084792045,0.8922569101674669,2.433483415817856,0.15149361858670773,0.8109444478603193
Hubei Province,994,gennorm,2.5273808586459596,0.05803562298483518,0.8465438057369004,3.051616908383269,0.11079082036559881,0.8880686728985252
Hubei Province,995,gennorm,2.3755599152761295,0.007500899240957848,0.8906912152547701,2.515672020856589,0.13192661474766007,0.8489123854615488
Hubei Province,996,gennorm,2.478699870920787,0.08442183797742366,0.8289022263411423,2.966484785076177,0.14063193470982374,0.9110635552241655
Hubei Province,997,gennorm,2.348437264537372,0.06411067398915704,0.8167844146227304,2.7055842018947045,0.1514222775232088,0.8403931665835013
Hubei Province,998,gennorm,2.9604374388665975,0.01933459533959856,0.8730398605608894,2.7413388319608734,0.13264555922475818,0.8550492825882696
Hubei Province,999,gennorm,2.515563945294698,0.04371874695876611,0.8629171695599387,2.8251374977881567,0.1389588096625088,0.8438761080955164
Hunan Province,0,gennorm,2.9144951726756165,0.01104674883575604,0.9866631264676913,2.6051475540983304,0.2034657621979893,0.8764844276465165
Hunan Province,1,gennorm,2.8125115652481885,-0.0010603596990792362,0.9805759925665957,2.2039940473805784,0.22506950401600775,0.8435477291744466
Hunan Province,2,gennorm,2.5869404452614577,-0.014111196950887476,0.9567903192798579,2.2919505203509427,0.22176503980370965,0.877785176806398
Hunan Province,3,gennorm,2.5077013865669677,0.014597487915955852,0.9831764702169403,2.6383421952200825,0.19313970933639976,0.9434695842946726
Hunan Province,4,gennorm,2.642354790734435,-0.01973661437955821,0.9653468367382285,2.5771964367480047,0.16397883903227478,0.8985462432599483
Hunan Province,5,gennorm,2.788028925457871,0.004556202715465399,0.9887198348258528,2.341148794747613,0.2414875004667349,0.8495888701536165
Hunan Province,6,gennorm,3.119514079813167,0.022590627941021985,0.9943366641939637,2.1618845193262652,0.19477007067994834,0.8844166878098841
Hunan Province,7,gennorm,2.8243501846258656,0.028937899677043556,1.027373966634643,2.687818380472425,0.199970539646107,0.9349835244150455
Hunan Province,8,gennorm,2.7256721671312993,-0.0103383987235333,0.9804121287033396,2.7536464609691906,0.19995323483259503,0.9196080431706892
Hunan Province,9,gennorm,2.764399595972395,0.08071680500747402,0.930094023257731,2.4704073138053455,0.21634144011020412,0.8721370060573944
Hunan Province,10,gennorm,2.566204173829818,-0.024194517874803798,1.0182028989484184,2.0904340191095887,0.15122063801574417,0.8215870723446115
Hunan Province,11,gennorm,2.9994111220239326,0.037546678622577004,0.9692631455247087,2.659644449468714,0.19095277975787084,0.961441947744386
Hunan Province,12,gennorm,3.105776215035167,-0.01839957440051956,1.0070288695616574,2.750079224797468,0.17439458301728084,0.9492071943149569
Hunan Province,13,gennorm,2.2567303137516763,0.03266744615788022,0.8454543515151595,2.1046794774079407,0.18675223866178609,0.8116698930755267
Hunan Province,14,gennorm,2.5501950170225225,-0.018858118931035367,0.9188965661600574,2.6170900712221306,0.1905378082100101,0.9243415711737467
Hunan Province,15,gennorm,3.29231485231283,0.031257765764097487,1.0107654691348031,2.360194867832191,0.1638468085035437,0.9092723561159938
Hunan Province,16,gennorm,2.38323570174677,-0.008021138038172072,0.913098559147363,2.4479760618578568,0.1825031032493253,0.8928832582897275
Hunan Province,17,gennorm,3.376210771997667,-0.0027111896503690036,1.0084656037759372,2.506885164206933,0.2461039576614324,0.8798491332625615
Hunan Province,18,gennorm,3.049357390523912,-0.0009023585020290269,1.0226825481839872,2.3446318446215217,0.2180386342778453,0.8997290681710455
Hunan Province,19,gennorm,2.6863123999326373,7.01723442785732e-05,0.9890304127046912,2.2973151559745313,0.1538341883986439,0.858704969665349
Hunan Province,20,gennorm,2.8925739319031454,0.01340914409129984,1.0037868420348515,2.523441693770099,0.17333842660097484,0.8778956932989592
Hunan Province,21,gennorm,2.7107217719712713,-0.013779186169159501,0.9762801771371288,2.3840036250512484,0.2260551430696135,0.878202047786898
Hunan Province,22,gennorm,2.7740814027201917,0.02881920279664041,0.9789567878223446,2.218938847142306,0.1965762640464278,0.8761575230173416
Hunan Province,23,gennorm,2.649612601790875,-0.015753703268271996,0.9598383730437181,2.091924556669829,0.17948056377440305,0.8067607189248858
Hunan Province,24,gennorm,2.0520864856184873,0.059432742688932484,0.8691459946235917,2.512147930217962,0.20076370126274512,0.8972839059040285
Hunan Province,25,gennorm,2.697765180518689,0.03801142387741398,0.9668556689702628,2.5418519709902507,0.19243314609784318,0.9118256278796428
Hunan Province,26,gennorm,2.5267302213714773,0.0399468966050555,0.9387852517363257,2.856455729648041,0.21352421529371568,0.8806729381494749
Hunan Province,27,gennorm,2.6061805120847943,0.030180143142173495,0.9889364940865923,2.403190308606864,0.16064695471549462,0.9064315058977905
Hunan Province,28,gennorm,2.198363612459112,0.04328744730375372,0.8821233539106403,1.8526535551831962,0.19427042727029672,0.7515140469671324
Hunan Province,29,gennorm,2.9301762096808135,0.019775109107176198,0.985282606794307,2.1748222501407923,0.23652156707417102,0.8764614519802771
Hunan Province,30,gennorm,2.6617753686298427,0.06082200736104025,0.9642698248990658,2.4397312191031393,0.2090411615356292,0.8393249621882339
Hunan Province,31,gennorm,2.976248796047377,0.04090411560448741,1.0096024085658124,2.2550733628678703,0.14918617917836124,0.8251867571954692
Hunan Province,32,gennorm,2.8488899056987416,0.00048080842163657916,0.9608406629817317,2.0203234908288774,0.18954199896654778,0.7798671321331501
Hunan Province,33,gennorm,2.896691065080333,0.050111811090849626,0.9757623285940142,2.7946943734322733,0.16276763001245664,0.9813784264930785
Hunan Province,34,gennorm,2.458936009375161,0.010442999598244266,0.9561447366642708,2.2119341562157153,0.1585808905066406,0.8495035946787024
Hunan Province,35,gennorm,2.960074564082632,-0.025075111225509608,0.9933054016619254,2.9038891381264857,0.17556155942539864,0.9331338028401607
Hunan Province,36,gennorm,3.0531867115064215,0.03590857791152085,0.9861357246280706,2.2621362389399016,0.18697067703680703,0.8572553158231295
Hunan Province,37,gennorm,2.641484126888251,0.07187884194821631,0.9380761388015338,2.050225042318523,0.22565011701599647,0.8307637347863099
Hunan Province,38,gennorm,2.324170506795844,-0.018882469573499032,0.900627247114101,2.3717179781250706,0.2368332993051243,0.8765816794984873
Hunan Province,39,gennorm,2.8988740643293816,-0.049038994020212154,0.9927255589456772,2.193764281511001,0.20187880250179321,0.8536673561452822
Hunan Province,40,gennorm,2.523134256160782,0.005236141127487895,0.9201104323661753,2.6350688974039658,0.19056818100511463,0.9142692738452098
Hunan Province,41,gennorm,2.511434089171406,0.04808128765894208,0.8944789906039583,2.373521097077152,0.20146446597131584,0.8919466893683915
Hunan Province,42,gennorm,2.6645865095506913,-0.005779788192399776,0.9509921971044859,2.5773162234344813,0.22194338669617508,0.8991084767073556
Hunan Province,43,gennorm,2.344580035253301,0.06211104761793622,0.8863394658399849,2.284528963623463,0.18422159323589454,0.8729726469098589
Hunan Province,44,gennorm,2.308389855872324,0.010032433127866367,0.9034744418610958,2.4479149867417913,0.1918178723412381,0.8647008626901563
Hunan Province,45,gennorm,2.907957518216494,0.009083682772305762,0.9237020095808621,2.500851098029841,0.2068234301049588,0.9134891915114107
Hunan Province,46,gennorm,2.9435976592533803,0.00705232798027999,1.0330181067227773,2.051762290837546,0.2241902659670657,0.8009858249740003
Hunan Province,47,gennorm,2.2246877385530857,-0.02018037351488158,0.88374604061206,2.50796109603548,0.20116084216127567,0.8702867339276759
Hunan Province,48,gennorm,2.346002325681738,-0.010522022287875785,0.8650056238188613,2.730763396492428,0.19051275643669519,0.9475938824147796
Hunan Province,49,gennorm,2.372922041606742,-0.03017111476342771,0.9470956258954466,2.127125982490073,0.17703314446568336,0.8339403734113758
Hunan Province,50,gennorm,2.387690973867244,0.04727235127741631,0.9757536884463757,2.3102167704060586,0.19730068274003243,0.8980549042695035
Hunan Province,51,gennorm,2.279275148867688,-0.01300703669354812,0.8656497341246177,3.167586797057794,0.1641509981504951,0.9103647860836643
Hunan Province,52,gennorm,2.5953406282990303,-0.009872550700618326,0.9290172956943928,2.349184823535536,0.1996736552335498,0.9150175496908418
Hunan Province,53,gennorm,3.0601506430946825,0.07624916759452566,1.0294960824245758,2.4156281881643005,0.20072798808300918,0.9071194495227499
Hunan Province,54,gennorm,2.174595934071408,0.039730360726788684,0.8803756787402367,2.823641964500106,0.19180285511680167,0.9644817274743469
Hunan Province,55,gennorm,2.5279273993896014,0.011050882891098412,0.9815668073488399,2.5583303373135227,0.19646991066594513,0.8915189820796771
Hunan Province,56,gennorm,3.1013539479225525,0.007820791078037091,1.0458564443264575,2.1683670861978097,0.20811538363909093,0.8267755327385168
Hunan Province,57,gennorm,3.035035440062667,-0.03478695653382039,0.9959910697337154,2.6894951769261892,0.20358042781461044,0.9470106757466183
Hunan Province,58,gennorm,2.249325524407146,0.024834070662411063,0.9098027602548358,2.181299563898981,0.18107029230136706,0.8501079082286565
Hunan Province,59,gennorm,2.957871254591349,0.007844847793188323,0.9685953168491803,2.149324075988636,0.22912210748283518,0.8348996327650258
Hunan Province,60,gennorm,2.412889230291966,0.028615450392696338,0.9540190060507368,2.5032192675002283,0.17611698687415103,0.8768514122875333
Hunan Province,61,gennorm,2.6512521931466404,-0.015355669912166687,0.947910830198313,2.5424569066796385,0.20943543306732026,0.9263413474141652
Hunan Province,62,gennorm,2.8639810239371952,0.011190410312266169,0.947305204912944,2.062166482259134,0.19360251994514938,0.8733336371071165
Hunan Province,63,gennorm,2.3723443493265277,0.010434534271979962,0.9119495344065691,2.2894978594435553,0.20446717303454034,0.8794345337016476
Hunan Province,64,gennorm,2.472715602161407,0.03169926071552607,0.9530264776299202,2.671802509975434,0.19721496602401078,0.9094862607096131
Hunan Province,65,gennorm,2.598275270798048,0.000761965531258779,0.9841294153298803,2.557184969297171,0.18152253142593144,0.9682049082041086
Hunan Province,66,gennorm,2.6864647224994593,-0.03553905353656202,0.9462876700755252,2.1479266277987277,0.1658100238792808,0.8384939202260235
Hunan Province,67,gennorm,2.271261157515725,-0.01241493495815399,0.8951481223916631,2.5085660935791143,0.21699854089810566,0.9401607763349566
Hunan Province,68,gennorm,3.155639867052607,-0.004760543965277612,1.0146563685306074,2.6677797962676113,0.23076667683025118,0.9450788849057224
Hunan Province,69,gennorm,2.7727561431050507,0.016218674970811628,1.0069669949063815,2.3389399921089007,0.18812996175053914,0.8834541759509351
Hunan Province,70,gennorm,3.2856771092724326,0.00011692767296594031,1.0252260847768895,2.187174574368177,0.18579074120993028,0.8592020913827637
Hunan Province,71,gennorm,2.766766197829603,0.036259333560802506,0.9545796108274116,2.212312368240812,0.18963322435733657,0.8935376956611805
Hunan Province,72,gennorm,2.704466944366887,-0.0241120686858472,0.9539716403885412,2.7217805371253494,0.1930133321961307,0.9360842354011822
Hunan Province,73,gennorm,2.881076326489927,0.0032343818322164426,0.9809558914087166,2.3378751450534576,0.1830763343412231,0.8722685778681645
Hunan Province,74,gennorm,2.400194209066152,0.015146941889827188,0.908762364984374,2.3613841637073483,0.21783673689676214,0.8372071485889192
Hunan Province,75,gennorm,2.9728294796034356,-0.03290618451353075,0.9893279302775637,2.4574020474790554,0.14211705735847435,0.8912254614794368
Hunan Province,76,gennorm,3.2791604025238206,0.0182220273317302,1.04931650810261,2.2389423311211325,0.19458837441732568,0.8223973220486239
Hunan Province,77,gennorm,2.709384443311933,-0.0021650570187016723,0.9976676539471474,2.198554179987319,0.20995956069432947,0.8857175232215775
Hunan Province,78,gennorm,3.492109173663619,0.04417772370630739,1.020033147455011,2.127359887486723,0.21632489979540268,0.8166753278759669
Hunan Province,79,gennorm,3.1470208109737863,0.014712644470893209,0.9885405632495418,2.794207363765744,0.20012588164137093,0.9493699362898488
Hunan Province,80,gennorm,2.573887786451376,-0.018935547369076898,0.9564522259611294,2.2822805253421663,0.19885585323116695,0.8830206831290015
Hunan Province,81,gennorm,2.5340296734456125,-0.0017776757367403565,0.9369363504315329,2.454156124743964,0.21006165371848126,0.9221979223193713
Hunan Province,82,gennorm,2.8124102529107473,0.03468669816297988,0.9573363429364796,2.870636786908815,0.19474463872676312,0.91694018165727
Hunan Province,83,gennorm,2.9985651975268004,-0.0010749825186840965,1.002077498777203,2.3597047876325177,0.20637974180933089,0.8960183520957699
Hunan Province,84,gennorm,2.7028567574008475,0.0554134729190111,1.0061631626240028,2.2628464075414363,0.18985131870686772,0.9028870883288499
Hunan Province,85,gennorm,2.7724029862386197,0.01847578537589918,0.9968332278835704,2.582474057036883,0.19693115625682917,0.9113768348255388
Hunan Province,86,gennorm,2.3064621746896288,-0.024123968189229187,0.8978405462124204,2.3372161013544037,0.17046733406854647,0.8874471984439589
Hunan Province,87,gennorm,2.6019766901756523,0.020046243636200965,0.9367722739754119,2.167618263978042,0.2389656291659269,0.8035459348954935
Hunan Province,88,gennorm,2.738505673958502,0.022716530724588346,0.9876753495745836,2.7221022519075104,0.13669414042789418,0.9276453577955406
Hunan Province,89,gennorm,1.9803217957019217,0.005334497452137917,0.8167986242293129,2.20190488296307,0.19445083429279048,0.8512264807855601
Hunan Province,90,gennorm,2.8702087148713074,0.018352067710166967,0.9875284622646952,2.7427958057572757,0.20793592206124353,0.862940663452586
Hunan Province,91,gennorm,2.960672026561433,0.03734052124022852,1.0320416319651433,2.1374005183078264,0.2092083820281571,0.8614715672930127
Hunan Province,92,gennorm,2.1945459057365526,0.019903946146425044,0.8703800459078668,2.763069441457764,0.25819296525043933,0.9439152377902402
Hunan Province,93,gennorm,3.199877965152116,0.0403385689168889,0.9864071656096857,2.1745340648128675,0.19954928036290304,0.8101445546117765
Hunan Province,94,gennorm,2.73163742570904,0.0037707217090000595,0.9330972675575134,2.8217563823632625,0.20017448873129357,0.9282469026234785
Hunan Province,95,gennorm,3.0025384084878075,0.003936119535236524,0.9569797478864913,2.722483853987989,0.15423951500787508,0.9172972572044313
Hunan Province,96,gennorm,2.748480952967344,-0.020040435868040392,0.9423262399671186,2.4167661055072163,0.15881662907703617,0.8875981156437815
Hunan Province,97,gennorm,2.4591599711308563,0.005977445006973971,0.9037460622659539,2.3377620876442666,0.21611919506823057,0.8509042359073871
Hunan Province,98,gennorm,2.853541100657276,0.03263178820151792,0.9809228521209079,3.0792493408252266,0.23043674545129808,0.9572893021905042
Hunan Province,99,gennorm,2.2993299543856147,0.04939951464930725,0.9235390789549835,2.15255686869681,0.19674118582173167,0.8563968198233303
Hunan Province,100,gennorm,2.761410439893342,0.016910249004604663,0.9748148820947746,2.2265594353778995,0.20870778145339455,0.8950756973111399
Hunan Province,101,gennorm,2.4897717360663254,0.006920404525345243,0.9581110096963119,2.1868767296092892,0.20707475538247508,0.8755922081034556
Hunan Province,102,gennorm,2.379843355562725,0.003405183252530276,0.8811893678392049,2.5062114061245593,0.21677539052731226,0.9089827504947126
Hunan Province,103,gennorm,2.9579973868233465,0.023121044379380264,1.062511368596617,2.2958091792901776,0.24515585231571452,0.8721727185397651
Hunan Province,104,gennorm,2.8996551140706615,0.019162167702809867,1.0191377874940208,2.5334958914744266,0.1851466033256439,0.9213730546260133
Hunan Province,105,gennorm,2.7459111302265518,0.04147681129241182,1.019672240177088,2.5072216839049766,0.24177924343260693,0.8816539985789128
Hunan Province,106,gennorm,2.979772512490916,0.04478296914581836,1.0554564572303682,2.206016716137949,0.24280455281812394,0.8584616827761674
Hunan Province,107,gennorm,2.992083394026884,0.018362953239926177,0.9911695215641346,2.492680071669849,0.2211652394472308,0.921168553442165
Hunan Province,108,gennorm,2.293146722551613,0.042011034706961194,0.9265680925768716,1.9103173447019182,0.16897598344565867,0.7882101926723402
Hunan Province,109,gennorm,2.996212561001272,0.0027423270246389065,1.0078108558286827,2.300492542739174,0.18805280559101106,0.8840104881920943
Hunan Province,110,gennorm,2.4956343053961563,0.025730561119317964,0.9601811802479706,2.359440151273872,0.16075188674734148,0.8921869696462227
Hunan Province,111,gennorm,2.7997752341447386,0.013739329189074178,1.01256083371806,2.323879003583461,0.24280637165117883,0.8631385131049245
Hunan Province,112,gennorm,2.5576147887130074,-0.01831823924998468,0.9833880568689047,2.2851939901485756,0.1676050874389381,0.9231724216369723
Hunan Province,113,gennorm,2.62108647173722,0.05713254870504246,0.9606162655632446,2.206662173816115,0.16586176556680107,0.8713014684183511
Hunan Province,114,gennorm,2.5761562761935335,0.02359152277630696,0.9513966747301679,2.2937869071572687,0.17885400934610834,0.9008984844517629
Hunan Province,115,gennorm,2.458491516380944,0.018147790869795156,0.943592404508315,2.0328472471892507,0.16117511687630956,0.8040623845847087
Hunan Province,116,gennorm,2.621553006124876,-0.017959971762185944,0.9615462672535436,2.549947791988393,0.20042650787041083,0.8777905614893753
Hunan Province,117,gennorm,2.563556042806181,0.007168530504062158,0.9447915827130476,2.174227004349339,0.21956340462927298,0.8469992560022406
Hunan Province,118,gennorm,2.480889850337209,0.036766888416729177,0.8919681670431954,2.4800736096139446,0.20651366678909966,0.8581208432000254
Hunan Province,119,gennorm,2.4980734875280883,-0.03465359031986234,0.9202784347360053,2.128426955623259,0.21012959500302014,0.9040173402343235
Hunan Province,120,gennorm,2.638593032593872,0.04373376089694728,0.9269250899140584,2.037105168034576,0.17314089487549356,0.8178240445182829
Hunan Province,121,gennorm,3.038476670724446,-0.004338611200771577,1.006897465456721,2.466156827943438,0.17674680469907356,0.8657105457785272
Hunan Province,122,gennorm,2.314446137932431,0.01105200467629739,0.9070371593122704,2.6026910515971178,0.20156612828453346,0.9289241312760079
Hunan Province,123,gennorm,3.1164069871659392,0.0332247763024444,0.9713456271925928,2.1976257845303806,0.20557150373378014,0.8369543630133693
Hunan Province,124,gennorm,2.7054959954677393,-0.023748176440857763,0.9787420856098582,2.162568510903557,0.18305196581209052,0.8726631736731262
Hunan Province,125,gennorm,2.4598077475467433,-0.018416694879537936,0.8888230736396454,2.6005081895603324,0.1613583905900351,0.8926126703239814
Hunan Province,126,gennorm,2.5672155986831524,0.010334370356256978,0.9364804625190158,2.2364609315007393,0.17923498429678394,0.8245307837603713
Hunan Province,127,gennorm,2.7403787884973543,0.000987937552965881,0.9375589586793462,2.439673992633778,0.23634325153395178,0.8815548046784538
Hunan Province,128,gennorm,2.2139974903837842,0.0002204173094051675,0.8881433936541068,2.308090722702927,0.19346173046761966,0.8402454095215155
Hunan Province,129,gennorm,2.86259000062993,0.026734357924813497,0.95071628453354,2.3246325249643007,0.19836041227900048,0.8605382833933148
Hunan Province,130,gennorm,3.282347680267363,-0.03901243264851097,1.0059134493904536,2.2276039083416785,0.2451114393330092,0.8703380795620959
Hunan Province,131,gennorm,2.37464895478137,0.04313987474341984,0.919608670219565,3.033239134904133,0.11380136229670901,0.9910130488747813
Hunan Province,132,gennorm,2.85771067024561,0.0499466137604376,1.0063494711698997,2.2552577445866,0.13450544693941166,0.8446343650652642
Hunan Province,133,gennorm,2.735472351699192,0.03743989313049756,0.9801889092087329,2.2638544356965964,0.18779485092560944,0.8682459735190807
Hunan Province,134,gennorm,2.6963812843057076,-0.020233734421229936,0.9806314354061291,2.1535989361663628,0.20482495055493222,0.8554349276435799
Hunan Province,135,gennorm,2.904414370522903,-0.046350585769354205,0.9488601205618044,2.4887745819351696,0.22370095762927672,0.8865719867523661
Hunan Province,136,gennorm,2.618676627352659,0.017552220878622016,0.9559945544602945,2.851670595186307,0.18312707418939778,0.9012340713865294
Hunan Province,137,gennorm,2.6060548432259667,-0.008626707352589882,0.9659781458223867,2.3214451690421134,0.1297204420298932,0.8993323894752584
Hunan Province,138,gennorm,3.4606773902561376,0.01775174566912211,1.0005464037897025,2.091034981380913,0.20503987336550078,0.8035348378692335
Hunan Province,139,gennorm,3.3517494513232307,-0.012910657738733733,0.9899399691089107,2.068854128860255,0.19437271219136143,0.8104395659220622
Hunan Province,140,gennorm,2.4484140258171854,-0.004429989015557649,0.9582488802567024,2.432459584563362,0.20174659852712198,0.8660131732843799
Hunan Province,141,gennorm,3.0654266888126362,0.022914980804341595,1.0291369697731036,2.361580954238753,0.21331126189814453,0.8650983985793934
Hunan Province,142,gennorm,2.8108760045664285,0.021212878479505343,0.9878858218054436,2.8432109781973036,0.22727477804288054,0.8979980202887141
Hunan Province,143,gennorm,2.771500438735282,0.018925740058777965,0.9595783745890903,2.249330725305828,0.16918662374547835,0.8492964396340523
Hunan Province,144,gennorm,2.925238512002027,0.030624225167351832,0.9932736563751463,2.9610692511176016,0.20005825015132933,0.9644462815952375
Hunan Province,145,gennorm,2.1787620712819775,0.019053547890891823,0.872595806060423,2.222212402015745,0.17401586026237087,0.8826227273014179
Hunan Province,146,gennorm,2.528324111547409,0.01883242729972795,0.9385092856572934,2.0241158505642076,0.12730097309718477,0.8101250573480048
Hunan Province,147,gennorm,3.3697278679298686,0.015135996854574387,0.9808343868093379,2.221135449907016,0.19754411853282677,0.8557482809883403
Hunan Province,148,gennorm,3.2730950135899994,-0.01825383757108629,1.0010837064615392,2.50742344761378,0.18740277461655958,0.8705902474107827
Hunan Province,149,gennorm,2.4547563925423646,0.061596646182996345,0.8860473611319378,2.5777392147855798,0.17897999123918207,0.9573999693093819
Hunan Province,150,gennorm,3.0098763083022373,0.016952936196094552,0.9961566087894986,2.14494279308421,0.19873372050953114,0.9025529514169368
Hunan Province,151,gennorm,2.9461159419297944,0.02772082230306933,0.9669110888173345,2.0637139356302816,0.1884125972532083,0.7858122928094102
Hunan Province,152,gennorm,2.6316200065356385,8.212645675280919e-05,0.963485589097482,2.4696478181277453,0.19934303844201245,0.8871742756917713
Hunan Province,153,gennorm,3.513753285672611,0.05500808881131558,1.0054865821363208,2.290557366574254,0.20030643022186836,0.848544886260108
Hunan Province,154,gennorm,2.486995582205309,-0.028893563291432188,0.9237256945692718,2.2725059809859673,0.18334216493670952,0.8749119296399435
Hunan Province,155,gennorm,2.804988063646041,-0.020937989074827548,0.9613337579429109,2.9945983097468014,0.20863360053686614,0.9719534636281908
Hunan Province,156,gennorm,3.081526152991346,-0.00714163608688724,1.0054272052456348,2.4885687463593156,0.17671172507692745,0.8924879527346452
Hunan Province,157,gennorm,2.7257072888184126,0.03189676613288332,0.9495156692730627,3.38106009380411,0.1916688107243556,1.0376921782723378
Hunan Province,158,gennorm,2.232948628779525,0.04836251340536637,0.8818264530505593,2.157182364662987,0.15501372703254618,0.8180492669550015
Hunan Province,159,gennorm,2.8869867139205394,0.0263261024238041,0.9439662541649283,2.9709193873960897,0.2506720869195298,0.9722014734450382
Hunan Province,160,gennorm,2.881812899900615,0.04876346855363204,0.9479555376621385,2.1603788484930244,0.18618676382453192,0.8169383398128505
Hunan Province,161,gennorm,2.8798018270954304,0.023261682012157586,0.9892504376729878,3.064736327718946,0.2205992736510058,0.9371433185481741
Hunan Province,162,gennorm,2.721067329742797,-0.03965400766839033,0.9895920901256663,2.665266592685689,0.2034596086838722,0.892014514061545
Hunan Province,163,gennorm,2.458953927437781,0.01838982660573793,0.948049226671821,2.3365319296152744,0.21160419232662298,0.8798573098963856
Hunan Province,164,gennorm,2.578787717374994,-0.022002955073779633,0.9710715447944966,2.2741902983087128,0.21805990989236068,0.8725574884489846
Hunan Province,165,gennorm,3.1423392223447717,0.01759374081841333,0.9949179767299252,2.611285432389086,0.21750927454032976,0.9470761521415754
Hunan Province,166,gennorm,2.6988954074152787,0.004191651366470584,0.9637673445727325,2.3996861946175185,0.23717254703559348,0.8613121084021942
Hunan Province,167,gennorm,3.261085448244563,0.015003093905578187,1.0388131828028788,1.9703182710018106,0.23064932897700066,0.7815749982447515
Hunan Province,168,gennorm,2.5654703436235646,0.021089819463383765,0.9359939541128208,2.1633206734174637,0.17369673076494194,0.8333013628477575
Hunan Province,169,gennorm,2.978672296851439,0.01917552946411878,0.9616802615791564,2.145049984864553,0.24665805453148537,0.8465396400039441
Hunan Province,170,gennorm,2.8193269453515395,0.031147962683624755,0.9689183001945334,2.236132002955698,0.2102546323520155,0.8452129380186975
Hunan Province,171,gennorm,2.2898852285075506,0.011801305272562394,0.8707381265461251,2.1500607892592614,0.16116154578814584,0.8175235501959435
Hunan Province,172,gennorm,2.9245397178955517,-0.010818402798080266,0.9756691187517508,2.2262311645440507,0.21437403399517269,0.8483205336003421
Hunan Province,173,gennorm,2.9262717813336874,-0.005284456378584731,0.9951895866569013,2.6520858071803786,0.1880363860866237,0.9030275731366195
Hunan Province,174,gennorm,2.5160097059542696,0.008363616508938323,0.9690015209935725,2.2081183509703117,0.21271526163786197,0.8648152312697808
Hunan Province,175,gennorm,3.049899756483734,-0.055870142731114326,1.0201803803126697,2.5987754869819804,0.1686137509008579,0.9594325743217742
Hunan Province,176,gennorm,2.330554247815794,0.046522803748438896,0.9307119128734235,2.288909696861607,0.19161472975071275,0.8495262340442802
Hunan Province,177,gennorm,2.6510894306745367,-0.04941521003435745,0.9386876267239076,2.4726327630117426,0.23674619424857452,0.8983838609183892
Hunan Province,178,gennorm,2.527423210768274,0.04420920027110141,0.9510467824786168,2.3304606513514057,0.212830831477142,0.8978475076546926
Hunan Province,179,gennorm,2.221690835815112,0.0013646732114806035,0.9127195456715276,1.9796186011501398,0.1764296344969499,0.7911955830351423
Hunan Province,180,gennorm,3.159850818298705,0.06449381819923095,1.0013878418871225,2.3235524241654852,0.19025365593660137,0.8458552358913387
Hunan Province,181,gennorm,2.870232905638397,0.012222195196291478,1.013199290121925,2.128174885144313,0.20964961566706714,0.8278564298256583
Hunan Province,182,gennorm,2.6192496835129657,0.026361450665896874,1.0093824288108153,2.7249125747964245,0.18118589065058055,0.9171422966745217
Hunan Province,183,gennorm,2.8721480197467697,0.033072489789379086,1.0248795129109116,2.4522700945161446,0.20389899733814765,0.850648715332097
Hunan Province,184,gennorm,2.8974753251693697,0.0031452002303701447,0.9266481898187149,2.2440105462548177,0.21609498102750108,0.864478676921743
Hunan Province,185,gennorm,2.6236030051708354,-0.01661925145200184,0.9835221894962772,2.213094175027356,0.18205760536618748,0.8557151849235172
Hunan Province,186,gennorm,2.5934342254457814,0.0033867719923705644,0.9588693087619621,2.2912292464376263,0.17234654887397652,0.8896287926762474
Hunan Province,187,gennorm,2.6030482772193326,0.02224030396354525,0.9595990275452079,2.9089080484643026,0.2012743227309386,0.9497692009590291
Hunan Province,188,gennorm,2.80772655212507,0.04309408494825837,0.946052985834475,2.4685126169446185,0.19840767521822328,0.9260160915029347
Hunan Province,189,gennorm,3.9404253213579588,-0.012035930087502873,1.0232156014299165,2.323756068514711,0.21480258482536296,0.8862189262676468
Hunan Province,190,gennorm,3.0549894762193146,0.018967828225211182,0.9604288959213825,1.9358795020532227,0.2212868406244055,0.8561559618403978
Hunan Province,191,gennorm,2.58936352950452,0.025986166685997285,1.0140905036025316,2.6435683388048616,0.16783455278793663,0.8915656623058802
Hunan Province,192,gennorm,2.8411882551561174,0.03906536017665878,0.9874592226862692,2.3279238752646947,0.18408836136278192,0.8704686726424807
Hunan Province,193,gennorm,2.8493541019429705,-0.029903388024663795,1.0007138128998847,2.2200687915469484,0.21772697859427326,0.8769170430997049
Hunan Province,194,gennorm,2.259545585092866,0.00030184638332325165,0.9054938228287392,2.376478529186526,0.1855633599549484,0.8737435191989628
Hunan Province,195,gennorm,3.582803075768042,0.01637083221887154,1.0345017461397368,2.7423609514182767,0.2311622553342581,0.9512477674528358
Hunan Province,196,gennorm,2.790207707203191,-0.005534112733472839,0.9694597287211797,2.4819112473416016,0.15043683827211976,0.8525283944429988
Hunan Province,197,gennorm,2.546000372362367,0.03235932267467309,0.9607294856698549,2.307616892104596,0.2135731425445901,0.8510445875785397
Hunan Province,198,gennorm,3.0740421065409285,0.013226397693147188,1.0072826041485834,2.018924595172258,0.19092325598651705,0.7764449232484598
Hunan Province,199,gennorm,2.7509190018387786,0.015975143078116885,0.995877029063014,2.4417088922156536,0.19707740491332038,0.8395915273907868
Hunan Province,200,gennorm,2.957731499163793,0.030960023642134016,1.0010095083198962,2.2930406478372936,0.19389132661694694,0.870805651907533
Hunan Province,201,gennorm,3.3204878705174607,0.00940025911024118,1.0214681943177808,2.0221913998863448,0.20595644672952307,0.8076741427787657
Hunan Province,202,gennorm,2.320406398033655,-0.022696165446267437,0.8920764196224396,2.0730047156502254,0.1864896558231396,0.8535254464612052
Hunan Province,203,gennorm,2.8806156498328646,0.02730562329027074,1.0067511683500883,2.1763191999646008,0.12435464793730897,0.9140445254822822
Hunan Province,204,gennorm,2.461802837821682,0.003551002468031318,0.922474979045951,2.3973200125318157,0.22234696054975522,0.9266308697502734
Hunan Province,205,gennorm,3.151309516891997,0.049753234172558156,1.0397464007327615,2.4272947314322915,0.19007207155094674,0.9328637797614152
Hunan Province,206,gennorm,2.3033820351162366,-0.02610755545073877,0.906523453968302,2.2002780296146467,0.18751869251984465,0.8556178525355739
Hunan Province,207,gennorm,2.590715942277168,0.048508020784563455,0.9396794939040165,2.1428131748968973,0.16815191025418208,0.8558975255281236
Hunan Province,208,gennorm,2.829624424602155,0.07077095126895079,0.9785835408904626,3.0701085463852062,0.19028136899184867,0.9354141407385121
Hunan Province,209,gennorm,2.788739819962064,0.08672279822816115,0.9509509435742693,2.1205610294076305,0.18552229010090676,0.8056321934326267
Hunan Province,210,gennorm,3.366029304161221,0.001002702316699625,1.0231421723735505,2.772083972753041,0.17989516638953745,0.899048349560164
Hunan Province,211,gennorm,2.482633651545478,0.005164574367943379,0.9692082173756422,2.78039216130019,0.19959493071696788,0.937401598433641
Hunan Province,212,gennorm,2.933476349884673,-0.016733735990132156,1.0099905208695312,2.650506922435065,0.19344557561148135,0.8708784518450685
Hunan Province,213,gennorm,2.357266258127556,0.011611020972855813,0.9249314847147778,2.579231651178075,0.18346546686462317,0.9166790657946726
Hunan Province,214,gennorm,2.5151259983466847,0.02815100502807127,0.9646393337457514,2.5913226581268534,0.1831609244373636,0.9164680520223163
Hunan Province,215,gennorm,2.5723523092377416,0.015582110989756693,0.9575730962681899,2.5736078400358307,0.174700152663752,0.9575186752579459
Hunan Province,216,gennorm,2.6820056553104465,-0.027912239674837518,0.9783855559876339,2.2393160147566102,0.16949346561782058,0.8477570365220295
Hunan Province,217,gennorm,2.6901941431106433,-0.002754329595817686,0.9550419813781126,2.2815880165816846,0.21508036156939328,0.8322991415936398
Hunan Province,218,gennorm,2.6549329083482114,0.023654724295640146,0.9515815510980559,2.194827556670057,0.19216690208935894,0.8046846939242935
Hunan Province,219,gennorm,2.5154813848530537,-0.0012572185444982083,0.935042626585904,2.412897393785333,0.177294374386333,0.8961374643826812
Hunan Province,220,gennorm,2.566915648994571,0.008216011374206852,0.981797136420552,2.4566610201186623,0.17914121251099135,0.8845683988542158
Hunan Province,221,gennorm,2.879423295197853,0.010017904851956479,0.9743191645372763,2.1823227287175184,0.20807933344330332,0.8590187071430871
Hunan Province,222,gennorm,2.728479477494153,0.020996364586803505,0.9520813604357274,2.328428130632977,0.14558712009718325,0.9054540370917655
Hunan Province,223,gennorm,2.958755683244366,0.012264714516781784,0.9695096138234631,2.2695770952004075,0.2010680141514556,0.8235473503831151
Hunan Province,224,gennorm,2.3222293734871453,-0.014969569522310688,0.9408740663060653,2.21422811910373,0.17686033541742494,0.8050729882159798
Hunan Province,225,gennorm,3.128048234780697,0.016934459707202504,0.9933280432737494,2.374477312179617,0.21808491907227823,0.8882898967428994
Hunan Province,226,gennorm,2.9289644812544795,0.028365032399957142,0.9987052342135168,2.015037772145998,0.20899088124892462,0.8403689340869664
Hunan Province,227,gennorm,2.8660904622982812,0.031513224421600275,0.9905815078299729,2.2976462849242867,0.1707219554760866,0.8606810055335898
Hunan Province,228,gennorm,3.1742024871831216,0.0074776417113433195,1.026768635980928,2.424232514325706,0.19454577212016866,0.8626695773963254
Hunan Province,229,gennorm,2.827379509507371,-0.03027660630003712,0.9509496162965175,2.113190178555349,0.20209417032257754,0.8374182197943564
Hunan Province,230,gennorm,3.657712719038175,0.020639906889179497,1.016622604450786,2.2905302105544894,0.1676180231492091,0.8507129605078749
Hunan Province,231,gennorm,2.9754321642824415,0.037006954349477865,0.9933988648181323,2.5705269641413935,0.19880372550608566,0.9141756760809742
Hunan Province,232,gennorm,3.0942788081908574,0.01757892724827775,1.0174783655346458,2.7627761205277537,0.17841129948592266,1.0093661114746197
Hunan Province,233,gennorm,2.889292287758661,-0.025158513854783293,0.9666226092659912,2.559956404295125,0.22675155773160247,0.9291365885089544
Hunan Province,234,gennorm,2.269235255701631,0.043131593661958255,0.9469573326173495,2.226698418782065,0.2148027291616632,0.8712537735405036
Hunan Province,235,gennorm,3.0306143669221894,0.026135813539874556,1.0458541370710006,2.8127961808712483,0.1841483837945478,0.9572633270005759
Hunan Province,236,gennorm,2.823035875711077,0.03539564677188751,1.0253601063722886,2.270494461882061,0.2053022616877982,0.8683729812614689
Hunan Province,237,gennorm,2.615598689422125,0.015717652982334712,0.9333281138455333,2.562960152683818,0.2500703738172897,0.9320047472804771
Hunan Province,238,gennorm,2.560022170234219,0.01268407469086303,0.9388789652378167,2.789945258592615,0.20469682669588155,0.9344207922352329
Hunan Province,239,gennorm,3.2362647127251507,0.03852052177562787,1.013840388433103,3.0756605298225503,0.15741369884244671,0.9248681145856258
Hunan Province,240,gennorm,2.5550224159054755,0.037375502159879864,0.9543371972235619,2.157975763540639,0.19353373936022988,0.8625085966859884
Hunan Province,241,gennorm,2.4937543990275417,-0.008345146699664656,0.9094968408449261,2.2296344437197027,0.20735162668999002,0.8675887668645075
Hunan Province,242,gennorm,2.5272635512194714,-0.024075976466941013,0.9450808084265457,2.1727068780264487,0.2101439421170289,0.8452094382623425
Hunan Province,243,gennorm,2.491629213594713,-0.010506725327562,0.9177470851986107,2.2863374972014787,0.19330571068809954,0.8625073429546146
Hunan Province,244,gennorm,2.559452207036082,-0.02051646667039838,0.9543170645403458,2.3438548151008844,0.22500308924361861,0.8778601499719241
Hunan Province,245,gennorm,2.4374009976203084,0.045315664387393796,0.9140788036695726,2.818535422283487,0.20212597880272992,0.981075038443922
Hunan Province,246,gennorm,2.8424583144385,0.02613274748547096,0.9744452789996649,2.856565874686745,0.19074190908827082,0.9803500361233299
Hunan Province,247,gennorm,2.606427971577145,-0.00683018619033899,0.9867913604465417,2.4353217358706045,0.1869201748744826,0.9200182564183443
Hunan Province,248,gennorm,2.527098239981124,-0.020290207426405336,0.9550571875945839,2.5974059877307276,0.18096236976247693,0.890116801026622
Hunan Province,249,gennorm,2.293052904986932,-0.024714601464533234,0.8977090361046893,3.0223278739937904,0.20681638829612864,0.966923446818575
Hunan Province,250,gennorm,2.517574767737928,0.012200729424321207,0.9288478559888751,2.459687167927811,0.19700725620282333,0.9315322354232232
Hunan Province,251,gennorm,2.8753955791363444,0.0371135096149821,0.9439117599758311,2.3742180601857665,0.22120855344726015,0.8289556050874793
Hunan Province,252,gennorm,2.8584374514952335,0.0002846144302438068,0.9565140272759685,2.1024697413966997,0.21934538025355999,0.8458671741304833
Hunan Province,253,gennorm,3.2054179622697134,0.032139373355806286,1.0111482481971852,2.3036578170227173,0.19906269165131885,0.8305880625950006
Hunan Province,254,gennorm,3.0729213659090053,0.011941171318303393,0.9647027718197492,2.233082946004642,0.20721232202250908,0.855446672708566
Hunan Province,255,gennorm,2.86996308545415,0.023490562481699086,0.988242779301773,2.0772311831156993,0.18375564047975934,0.8225825519913093
Hunan Province,256,gennorm,2.5625709166442503,0.01548352308605798,0.930886246717512,2.411914830133041,0.18710018268049625,0.8749737727596643
Hunan Province,257,gennorm,2.7893858160170484,0.02350890165008713,0.9342041496674809,2.478243680788765,0.22800461265983357,0.9356475034285443
Hunan Province,258,gennorm,3.2082262762501905,0.024841628689669888,1.0031424575498815,2.520799390020014,0.21939503844838898,0.8795217295452702
Hunan Province,259,gennorm,2.780500018159935,0.049903714852385025,0.9525180833419384,2.5972692241284476,0.13530230060560344,0.9266440554484318
Hunan Province,260,gennorm,3.0016556800619973,0.06637470822224531,1.0047644400157174,2.49415464617225,0.19140452613874462,0.9224210873289536
Hunan Province,261,gennorm,3.1496594175638255,0.006838714982130399,0.9909818606976589,2.484917250293067,0.18602461296104456,0.8811039292228078
Hunan Province,262,gennorm,2.7932656519935075,0.01507167564014171,0.9935549513654167,2.596472324653826,0.20694660631932194,0.9227687695365305
Hunan Province,263,gennorm,3.073693308282959,0.0209534206940084,1.0260040795025227,2.022508941996726,0.19977157499328146,0.744260882726894
Hunan Province,264,gennorm,2.6301718353658967,0.019700336913318524,0.9104106204794928,2.8657373324659368,0.17579854053854305,0.9076921673763962
Hunan Province,265,gennorm,3.172875072646578,-0.022077576322271725,1.0082178247879492,2.296692581306795,0.22887603882967494,0.8516715066140536
Hunan Province,266,gennorm,2.9828242278416637,-0.004654596305942654,1.0694843734299977,2.15719040211624,0.2123008726355592,0.833531232460894
Hunan Province,267,gennorm,2.759008942392137,0.019863340357350698,0.9587155761444879,2.6262310535342666,0.17944019548485202,0.8805100882092223
Hunan Province,268,gennorm,2.700758763152187,0.022475904273684233,0.9604398667804648,2.3406682478879572,0.2016067319658579,0.8529090481214912
Hunan Province,269,gennorm,2.5150085583806816,-0.00963571819035132,0.9365903256091102,2.3667808387097713,0.21700499923110345,0.8847757374495145
Hunan Province,270,gennorm,2.6633117960207358,0.009169210737928524,0.9578537899151178,2.6478217312522347,0.19592298699500765,0.943646694853334
Hunan Province,271,gennorm,2.7600511890665747,0.028173025733068853,0.9831451040415737,2.201514484922437,0.2170648789125923,0.8700420824896249
Hunan Province,272,gennorm,2.5924161400495063,-0.0174632431005683,0.9844991342344008,2.29093492770711,0.20633012263902722,0.9453470314405565
Hunan Province,273,gennorm,2.7199076569841756,0.014608876873568145,0.9046958948716697,2.529399443374148,0.24813829859339653,0.9259568365179517
Hunan Province,274,gennorm,3.619645023191695,0.0019541817763973216,1.057521870311536,3.0718342861723054,0.2023238849795378,0.9819062860565808
Hunan Province,275,gennorm,2.677944749618457,0.06450667837624618,0.972234151738229,2.5997664815713595,0.2279726129473421,0.8982454909295109
Hunan Province,276,gennorm,3.1552756349718605,0.028168797326497352,0.9926081135559006,2.7029597867091115,0.19987605788101792,0.8898877998968667
Hunan Province,277,gennorm,3.034026681218014,-0.008246311553409272,0.9904881049910352,2.5381139485978066,0.2117036292339699,0.9340582219154053
Hunan Province,278,gennorm,2.668922806588968,0.015476074720376204,0.9478913068062813,2.206184088004572,0.22595848819384073,0.8536720257361192
Hunan Province,279,gennorm,2.640007803696727,0.03550833964935389,0.8847756120440075,1.8826296490351386,0.10942053450739017,0.7494773545668537
Hunan Province,280,gennorm,3.4603092500239336,0.025423596086818143,1.0475978727174398,2.5293334213991168,0.18104032884814364,0.9027427416493456
Hunan Province,281,gennorm,2.2607465921041285,0.0038695967260071176,0.8781204870959887,2.806575016419151,0.254057101426169,0.9149803275221414
Hunan Province,282,gennorm,2.7879887809974484,0.057948395375586687,0.9770353785457668,2.251956383725055,0.20235224847944672,0.8583871674998698
Hunan Province,283,gennorm,2.9135601832439475,0.022309617335838944,1.0384493163857296,2.2933625802374773,0.18205495424485385,0.8242698668776699
Hunan Province,284,gennorm,2.417925159249446,0.02013678226380319,0.9357253415520699,2.7377227204826067,0.21271813496458417,0.9092200575483069
Hunan Province,285,gennorm,2.4562601904182433,-0.005601502815868251,0.9717966556548053,1.926834881505896,0.2528720668058826,0.7918807521719348
Hunan Province,286,gennorm,2.3966507385074984,-0.0031125498844325247,0.9222879765004766,2.049818953720437,0.19945810144687984,0.8419275899423786
Hunan Province,287,gennorm,2.7402552108473914,0.025425913308062858,0.9780835516519484,2.3980276798093465,0.21668573722314105,0.8564940539330491
Hunan Province,288,gennorm,2.599179137638565,0.03203747480597802,0.9339477750089925,2.209144785820852,0.1758923183117886,0.8759594288151609
Hunan Province,289,gennorm,2.4552268657645584,-0.010216846436338389,0.900772822628988,1.8954950554367775,0.23011691084539454,0.7837608450283486
Hunan Province,290,gennorm,2.7204114644214394,0.022647287592362862,0.9999124494280784,2.508471538327488,0.1868075979957259,0.9130093387338998
Hunan Province,291,gennorm,2.6562659333036356,-0.04434028484947783,0.9742061829536834,2.4851044677153693,0.19031632085053696,0.8453320488679821
Hunan Province,292,gennorm,3.5534390868558186,0.05459128071912127,1.0707645781000408,2.835433661355628,0.17888452406056143,0.9371535964807967
Hunan Province,293,gennorm,2.7855142023890886,0.010998571903289421,0.9053428225972724,2.3629710743109764,0.1997249828424326,0.906671351671511
Hunan Province,294,gennorm,2.8204015437673444,0.0038480554867374875,0.9872373591430531,2.322774363804336,0.187986868082609,0.884588106513107
Hunan Province,295,gennorm,2.988298660858375,0.05000125625763842,1.067642205897815,2.215005476813041,0.19457252725051905,0.8536909174835288
Hunan Province,296,gennorm,2.9911787415232,0.005925689181885921,0.9907390964759464,2.1509539527182744,0.21589747492354547,0.837952191331319
Hunan Province,297,gennorm,3.05739516703211,-0.0029375006909068543,1.0208910890686225,2.305605836243421,0.2018299807928522,0.838276150276424
Hunan Province,298,gennorm,2.9566661265597847,0.008187155676680623,0.9823932617517759,2.923903271406517,0.2209737782088002,0.9680521160747464
Hunan Province,299,gennorm,3.076573696052959,-0.0019374807626630843,1.0247347028507214,2.6348097211354355,0.15816681625674142,0.9195813517618379
Hunan Province,300,gennorm,2.4628277028013867,0.014115195715633962,0.9263357348409802,2.2090394773145148,0.19357688591785407,0.8794681649712908
Hunan Province,301,gennorm,2.6753755604803877,0.016531681024018474,0.9843908048356849,2.388647153028721,0.20005336003746313,0.880386233582416
Hunan Province,302,gennorm,2.9074590520527916,0.020987595711945216,1.0048704335689407,2.420476396160153,0.20143478948014765,0.890549026451944
Hunan Province,303,gennorm,2.410555014130611,0.0176402302410596,0.9337398792820015,2.5044971165820633,0.17807574727140263,0.9101055001822657
Hunan Province,304,gennorm,2.71877845994985,0.030893150762599537,1.0114833493911886,2.004280081046849,0.20597229300525377,0.7767615377601735
Hunan Province,305,gennorm,2.720146900898216,0.05695145081345167,0.989579147551334,2.2964857817648205,0.22359514398836422,0.8848706440616074
Hunan Province,306,gennorm,2.5648759590984467,0.029862862620855857,0.943068945837102,1.9319194620364066,0.23397091780018134,0.7941100918271033
Hunan Province,307,gennorm,2.9648016779778708,0.018353973911212407,0.95356577744544,2.284215139449322,0.13427270038065214,0.8321929730476393
Hunan Province,308,gennorm,2.6791923451314217,-0.019880320026434223,0.922789248671195,2.259673342190398,0.18980418715093647,0.8540017542626602
Hunan Province,309,gennorm,2.580598048996107,0.0009743603968526764,0.977398170620246,2.256542463524802,0.18722038653752565,0.8764114620844459
Hunan Province,310,gennorm,3.0173296486244823,-0.014265571266848909,0.9411450293301441,2.5259034994488463,0.1602924196460998,0.8940755878437712
Hunan Province,311,gennorm,3.060301603526759,-0.011276358460678731,1.0277157000246167,2.0665754004732193,0.18676066729917976,0.8117526488857969
Hunan Province,312,gennorm,2.8880141242039743,0.014807929324014969,0.9816708319430314,2.325683079013422,0.20326406415280862,0.8721681585238732
Hunan Province,313,gennorm,2.464592926957954,0.025827429631464546,0.9481980576312681,2.4249136520578753,0.2316037722072751,0.9107295827575397
Hunan Province,314,gennorm,2.733364978318718,-0.008208403783112665,0.9423934647587483,2.2689892410245744,0.20209362579162704,0.8821743584675138
Hunan Province,315,gennorm,2.3072811125362533,0.008678525035278134,0.8632187133775594,1.979181760083387,0.1937723671860671,0.8140182078944285
Hunan Province,316,gennorm,3.1989121100174644,0.03192909356435643,0.9659426596023082,1.7756588621196525,0.18219230078129028,0.7858569038183894
Hunan Province,317,gennorm,2.998477976197173,0.02059750877963351,1.002922102571092,2.6910540785167987,0.21030505223786156,0.9154100052820027
Hunan Province,318,gennorm,2.5887368049859,0.045550267860297755,0.9705148600414306,2.169132704657632,0.17727892101092724,0.8566553010553642
Hunan Province,319,gennorm,2.966140371313334,-0.003954366885623627,0.9418365636434385,2.0065491607353936,0.18464045401336,0.7942390964347192
Hunan Province,320,gennorm,3.479258281489666,0.0033330944661814754,1.0662390024581685,2.454787015166169,0.2099621832642214,0.8960518532594901
Hunan Province,321,gennorm,3.1454753157461637,0.040724280799693265,1.0363847687102758,2.5796682884839637,0.20290295380818832,0.9329935415968087
Hunan Province,322,gennorm,2.867803535965683,0.042365748894786365,0.9996381688801937,2.341704232218503,0.18527982412465083,0.90237898781219
Hunan Province,323,gennorm,2.3361275237532886,0.045569956748893414,0.9122989870010756,2.80393659905506,0.1734665291527111,0.8821693951063585
Hunan Province,324,gennorm,3.2915814736499067,0.025886258013298205,1.0291292329409094,2.6434723287789,0.18389483045235397,0.9107920295768959
Hunan Province,325,gennorm,2.673816604907196,0.02530990041442012,0.9654118123895783,2.4560126489611322,0.23922266324955382,0.9131545760998434
Hunan Province,326,gennorm,3.174109065689972,0.026883860614311424,1.051064249555508,2.578658817550373,0.21860254433808496,0.91015600262184
Hunan Province,327,gennorm,2.2129828977032835,0.008030743659025452,0.9161728032906689,2.495516279068746,0.19430880727500133,0.9302420022700344
Hunan Province,328,gennorm,3.2417405835100803,0.009482535586811572,1.0104518585561384,2.1684725594107217,0.2176762856587008,0.8198003169286238
Hunan Province,329,gennorm,2.875580126293869,-0.000505667036599766,1.0098993707585793,2.814535079967367,0.15549645275889082,0.8913841599809866
Hunan Province,330,gennorm,3.3979945345600155,0.06794158393016661,1.0003530779656464,3.1801937429872975,0.16166422756669044,0.9440926994967558
Hunan Province,331,gennorm,3.241038343507337,-0.006411133643817609,0.9745935253499549,2.522972829022315,0.22264765539549922,0.8733798614258318
Hunan Province,332,gennorm,3.3435505866310713,0.038170990243389116,1.0425564890528394,2.120796492524227,0.22019893622500836,0.8699165674545537
Hunan Province,333,gennorm,2.9429909091794784,0.024675452554126256,1.0567190276541163,2.359607223430185,0.199466199282684,0.8727804096853449
Hunan Province,334,gennorm,2.1448977932954136,0.04022389495603021,0.8524435355915472,2.3123816516224585,0.18686793738829643,0.8614768426203427
Hunan Province,335,gennorm,2.638911199112518,0.04576398580541321,0.9794349879921409,2.362670380525956,0.19895144290138717,0.9067078366989183
Hunan Province,336,gennorm,1.981628866240759,-0.031371522350954695,0.8447896063202236,2.5478550420703363,0.21792316996393402,0.898472539300901
Hunan Province,337,gennorm,2.188758610845234,0.03245923014664687,0.8681858155924276,2.482527398341011,0.16634262135579633,0.9051712818665558
Hunan Province,338,gennorm,2.423676511579646,0.02842841478137031,0.9539705601415598,2.3605801080238953,0.19798687853312855,0.8625107852081624
Hunan Province,339,gennorm,2.9554120487421542,0.017143480349312668,0.9917997776032236,3.2480163110264018,0.22550752991125286,0.9974753532082177
Hunan Province,340,gennorm,2.5307996234887984,-0.026427887529468324,0.9537179996067646,2.326867510891268,0.17011198467344157,0.9029886123281179
Hunan Province,341,gennorm,2.8019955844708626,0.011621785560568348,1.0066324954521662,2.86860257137104,0.2124004617161993,0.9545289034771776
Hunan Province,342,gennorm,2.8993291894623163,0.0030006635741940645,0.9629709666183878,2.190242932694251,0.1885517311458288,0.8142668065826024
Hunan Province,343,gennorm,2.7761310105919605,-0.004181181151913179,0.988778502255116,2.3571637303175805,0.16835644561918786,0.8705970185994438
Hunan Province,344,gennorm,2.8812058009596395,0.014943394360804958,0.9632041679144506,2.515367626400874,0.19640169075376745,0.9211763429662405
Hunan Province,345,gennorm,2.718774003290108,0.01311067822625881,0.9809103694858208,2.801829529219325,0.22923722925625,0.9028612970933114
Hunan Province,346,gennorm,2.916063964268783,0.03422063037624157,1.017273040862871,2.8367105278211238,0.15585306800611204,0.9205540249545368
Hunan Province,347,gennorm,3.0964246713270462,-0.01139394160377519,0.9658542332009451,2.6519324861177154,0.1902629491869272,0.8912870775687813
Hunan Province,348,gennorm,3.165490219721122,0.036182303631393783,1.0125140853890056,2.2189035593044313,0.20950616768446165,0.851418233447157
Hunan Province,349,gennorm,2.7221217049293247,-0.02011269824413394,1.0116374449977603,2.8742953699531713,0.21443557015975032,0.9271568998938859
Hunan Province,350,gennorm,2.7818665799485993,0.03396441320323964,0.9878709427282635,2.67580229123256,0.223207308712297,0.9061314622295642
Hunan Province,351,gennorm,2.5629962414935497,0.026120780399439603,0.9626022400215752,2.063639288824879,0.24288156961538132,0.7707386379900988
Hunan Province,352,gennorm,2.9046849022730026,-0.0004544551756339264,0.9442856152037962,2.500439457353011,0.19555992065859393,0.842666791639521
Hunan Province,353,gennorm,2.7250816743124204,-0.02886449068470083,1.0364139713929066,2.5435740796390283,0.15925583982210778,0.9516114690292234
Hunan Province,354,gennorm,2.5051893548022868,-0.03344240680586412,0.9387062417255991,2.6173183192469036,0.18408347995059943,0.9209826977562996
Hunan Province,355,gennorm,3.0677576637569564,-0.030230051674489743,1.024532587198687,2.2407962207682157,0.17231144898818906,0.8639256533987851
Hunan Province,356,gennorm,2.778404468795421,0.03407590430367756,0.9541921343720926,2.2656000656573356,0.18173448124049577,0.8877146923182055
Hunan Province,357,gennorm,3.1033494049689327,-0.01852907313871357,1.002788975421729,2.461590467183104,0.21856937019839276,0.8525854687272354
Hunan Province,358,gennorm,2.4393240222592576,0.00463039828259347,0.9380105837968898,2.1472311914312003,0.1918017429157181,0.8418747640524571
Hunan Province,359,gennorm,2.4854793656563636,0.006217947832101056,0.9843613582666251,2.061223627340305,0.19125534758882123,0.8145381513953946
Hunan Province,360,gennorm,2.6277777439987355,-0.010949946482281016,0.939383168363259,2.5274955958457284,0.21480155514108212,0.9157210326450791
Hunan Province,361,gennorm,2.7606774284420466,-0.025154766230072755,0.9799010222006717,2.0212906298123734,0.1676579550071189,0.7975462843901253
Hunan Province,362,gennorm,2.455740848173257,0.0034531992398691763,0.9514728225701861,2.0776033242013447,0.17413766483151844,0.848440864878993
Hunan Province,363,gennorm,2.306280279841662,0.010182896426151031,0.9306846620188713,2.695041627040734,0.18458547989502977,0.8724147887198631
Hunan Province,364,gennorm,2.939071529418957,0.014519929759445712,0.9981188948174509,2.3940456314532454,0.19519155702736724,0.9141613714139871
Hunan Province,365,gennorm,2.7579488022339036,-0.0052022254931607245,0.941871745764765,2.4095830838965178,0.18082734203521875,0.910359059267488
Hunan Province,366,gennorm,2.589259343128441,-0.002596937294919888,0.9386224671291049,2.2971498849775323,0.1562701353421022,0.866274907336266
Hunan Province,367,gennorm,2.427276913674164,0.029281647050415072,0.906953830876374,1.8470045888564606,0.23188237841189774,0.7689872177513408
Hunan Province,368,gennorm,3.1200861932574764,0.012650023874462148,1.0670496648377064,2.374162977545181,0.2032561620285367,0.8910386682309295
Hunan Province,369,gennorm,2.469519285334373,0.041755031215699484,0.9270599249072059,2.8112429952124134,0.19122323528210317,0.9014670831289754
Hunan Province,370,gennorm,2.2742441392701234,-0.0023035771389630783,0.8973836644662654,2.496343063284628,0.16938132116311577,0.9081204415275772
Hunan Province,371,gennorm,2.771585139435325,-0.006500884781010325,0.941088460955088,2.2904919434175195,0.20939415254464128,0.9033794019874515
Hunan Province,372,gennorm,2.613986989302987,0.05240873554232496,0.9253443586557246,2.1328051641891053,0.1905073353809294,0.8182908314827737
Hunan Province,373,gennorm,2.593846925017015,0.0210540615432915,0.9481319272802539,2.343539624463193,0.1997132357324266,0.8681761640206783
Hunan Province,374,gennorm,2.5837246406876986,0.04239397247636209,0.9316866494358735,2.4805062185070943,0.17806374625133975,0.9187382262824907
Hunan Province,375,gennorm,3.109015157293629,-0.017148092709570708,1.0380380866500742,2.3956260127665634,0.19758292506646852,0.86109650989594
Hunan Province,376,gennorm,2.9338605178964725,0.01972023756482734,0.981911339430712,2.679741967196757,0.17680200210676722,0.9607881601180139
Hunan Province,377,gennorm,2.154322960242233,-0.005607058710130756,0.9004399078523341,2.3997259849179073,0.20090347366636702,0.8791634908711294
Hunan Province,378,gennorm,2.5374751801427315,-0.02304913912400903,0.9796961477317236,2.3091225249835574,0.24808807525990906,0.8983190519390764
Hunan Province,379,gennorm,2.9931193832441076,-0.018963327705455096,0.9815218333838682,2.2145699136732944,0.18932839988462002,0.8661402824578797
Hunan Province,380,gennorm,3.139756920202326,0.03137304784942803,1.0275539307991541,2.5082396104872364,0.2255846908091661,0.9135958998820096
Hunan Province,381,gennorm,2.7432749621823405,-0.023063773036609565,0.9471630856710849,2.2652149540727935,0.1401155896511747,0.829603258980803
Hunan Province,382,gennorm,2.5622019674652186,0.05147425246778832,0.9357905899501706,2.125428657944786,0.20276530227210704,0.8297255304490667
Hunan Province,383,gennorm,2.87724760558566,0.009822356055072968,0.9907897238067933,2.4888871285684155,0.17639364971147126,0.9079960025017008
Hunan Province,384,gennorm,2.28468040131908,0.008875336882730872,0.9108682468749149,2.6973053285298887,0.20125588191380483,0.9334877225293634
Hunan Province,385,gennorm,3.209275399781127,-0.006479941890823545,1.0063808967962178,2.2986250260241476,0.1849646871032164,0.8713150464180788
Hunan Province,386,gennorm,2.5668653865390096,-0.008256625655003211,0.9084260368263091,2.104876357463124,0.20378324619142585,0.7685107299281573
Hunan Province,387,gennorm,3.0905422793825235,0.020485183705829725,0.9979215512042834,2.3918338986186987,0.15233983983474297,0.9122510964192805
Hunan Province,388,gennorm,2.5806504870398106,-0.030681720647103207,0.9779670615584672,2.5154937058467164,0.17495461913118537,0.9073138531772362
Hunan Province,389,gennorm,2.928583539950675,0.040919457466723194,1.0120222097576868,2.2536236399012974,0.17139269919585404,0.8900396621801987
Hunan Province,390,gennorm,2.495970451794051,-0.04378203561316359,0.927449044202992,2.8251608698959165,0.17744543537277818,0.951962437941827
Hunan Province,391,gennorm,2.9071358519125745,0.0002369718908397744,1.019249658894813,2.5143389166956647,0.1765075936128982,0.8599472437276519
Hunan Province,392,gennorm,3.000580499306634,-0.00786068062498085,1.0242530095989761,2.674671640271569,0.24851407447689788,0.9582292554023014
Hunan Province,393,gennorm,3.2517267611562035,-0.007091070783453057,1.050509196949017,2.8006768782341114,0.18826978133269295,0.9532663880944364
Hunan Province,394,gennorm,2.897514481373518,0.010149808907529794,0.9908123902525477,2.1735851622625413,0.21819877830905032,0.8788264145623406
Hunan Province,395,gennorm,2.8112790668509913,0.0028673918767923075,0.9694170991235218,2.227941872450291,0.22609751254629162,0.8176269615694873
Hunan Province,396,gennorm,2.8979995920337114,0.026057337077024713,0.960192455605727,2.0134578815705204,0.19539796254177166,0.7964049885159888
Hunan Province,397,gennorm,2.913095987631944,0.032473803285772276,0.9654379272528884,2.2619773267157974,0.19662797303619575,0.8218860865111954
Hunan Province,398,gennorm,2.54692906623055,0.023002798933098922,0.956638116272986,2.5015327673732415,0.1980290681618842,0.9282482400984047
Hunan Province,399,gennorm,2.8820453524974985,0.05747600314334303,0.9690965869342025,2.4090965601615224,0.25128925172737515,0.8618007599165517
Hunan Province,400,gennorm,3.0844690170370024,0.05360252449882536,1.0298118411422847,2.440234203078687,0.1695782545230604,0.896369466020311
Hunan Province,401,gennorm,2.6636425092954923,-0.008708520316055526,0.9728092480372241,2.401409051550755,0.18808700983340987,0.8709882256374982
Hunan Province,402,gennorm,2.4248342854021687,0.024174740989908048,0.9530155718299093,2.3733138536714637,0.1833738200539669,0.8926033383944223
Hunan Province,403,gennorm,2.465668738520251,0.030449388818645985,0.9665078381550991,2.669174148546986,0.17146813808754707,0.8932554751268171
Hunan Province,404,gennorm,2.7816746250863478,-0.014790791874057293,0.9446691152131959,2.7027726172999826,0.19702049847500863,0.912487813282435
Hunan Province,405,gennorm,2.57042351255891,0.07137576451881406,0.9562847766543356,2.4175316793731048,0.19907643743868358,0.9055071976715404
Hunan Province,406,gennorm,2.668842950091153,0.007014790729348836,0.9831539000357521,1.9408617799404377,0.21467751585887923,0.8045846056435904
Hunan Province,407,gennorm,2.6009123615715577,0.007121002855343105,0.9502845280961594,2.5391434170478497,0.1663363396576309,0.8822755996354914
Hunan Province,408,gennorm,2.892739180115966,0.020061577967587466,1.0080151171548795,2.192577743847317,0.21277690811154482,0.8551286005275502
Hunan Province,409,gennorm,2.730790498704823,-0.002931933859116608,1.0197572142079008,2.3066258521860226,0.21546132104447419,0.8489906171788906
Hunan Province,410,gennorm,2.857356880185902,-0.009306186354612358,1.0152346976139484,2.4504734270684,0.23357223404448518,0.8837026905905139
Hunan Province,411,gennorm,2.649320400205756,-0.050992520097754596,0.9067445590013029,1.938427294627434,0.1983462672162638,0.7624996872794683
Hunan Province,412,gennorm,2.820225429664995,-0.026173221399727338,0.9732407780724475,2.34979399908988,0.17691829426697311,0.8895034923186711
Hunan Province,413,gennorm,2.3599042914132875,0.0431293730832157,0.9243845316965911,2.5329599642912477,0.19459846782585544,0.9567978894581577
Hunan Province,414,gennorm,3.102364269741021,-0.00938604534041462,1.0187951442702765,2.4484797287926474,0.16552937004107865,0.8922048987884891
Hunan Province,415,gennorm,2.61726220815153,-0.03297652489739364,0.9510112560696922,2.4177957576659512,0.22425773357625484,0.8477974233745547
Hunan Province,416,gennorm,2.2350448971834833,0.010572891835097898,0.9112608412949226,2.458038228643116,0.19516990811715118,0.8506878870909576
Hunan Province,417,gennorm,3.0369110135661703,0.005682494040745327,0.9685369114743023,2.33317896368764,0.21748374888508426,0.863575958844478
Hunan Province,418,gennorm,2.675063069746269,0.03680119532600676,1.0030410295406673,2.366534511786046,0.1742197751637316,0.9025570957671771
Hunan Province,419,gennorm,2.6964310780590255,-0.028607881071848806,0.9798453733119454,2.472540285257817,0.21174733718863625,0.8666216813486622
Hunan Province,420,gennorm,3.482577665405053,-0.012196602451146364,1.074468278286321,2.045345522530612,0.23705496437877288,0.8704715807516588
Hunan Province,421,gennorm,3.0391573473156486,-0.016889204296877833,1.0083615791612575,2.2118793362032045,0.18590532426004663,0.8481512836052497
Hunan Province,422,gennorm,2.3392694449717264,-0.002178902452965661,0.9402853303423552,2.283661333940894,0.22534465576058604,0.8977086756031472
Hunan Province,423,gennorm,2.43354837366272,0.027141510249553205,0.8974944064238216,2.7108505653266737,0.23081488192990177,0.9343994438105125
Hunan Province,424,gennorm,2.737099426695992,0.00800178618744335,0.9925446108795606,2.442044556777934,0.2263627291819193,0.8870748920408129
Hunan Province,425,gennorm,2.4716115811874815,9.7506719406979e-05,0.9385132870947106,3.095025455303709,0.18702271977664103,0.9716547536321275
Hunan Province,426,gennorm,2.6946125853940197,0.0737597779166188,0.982923290400589,2.5105250139115456,0.1777920478259643,0.8739223096882887
Hunan Province,427,gennorm,2.8703980799707307,0.019284006779447912,0.9650703975261257,2.3911742537663603,0.17488605723033768,0.8962124953482654
Hunan Province,428,gennorm,2.9018077232678716,0.013656691811403844,0.9510497093766006,2.155430673689979,0.20766950770438397,0.8581184408430786
Hunan Province,429,gennorm,3.1052502231356645,-0.0242778574141376,0.9709347015393008,2.467208848620836,0.20857105349002303,0.9248107246102765
Hunan Province,430,gennorm,2.626980666590576,-0.003606475928732703,1.0062946522669702,2.8302237609137664,0.168100624721142,0.8992000839047873
Hunan Province,431,gennorm,2.7672662774734054,0.005571084439861844,0.9873480234840992,2.452019417841484,0.23386844599072412,0.8960439098426618
Hunan Province,432,gennorm,2.4338183873429546,-0.022405493514900288,0.9528790419673615,2.477409790847866,0.23224220159274375,0.9684718716048346
Hunan Province,433,gennorm,2.806822523538969,-0.0007090296117490207,0.9753121875706516,2.330448596333011,0.19677440492166856,0.9158203151959075
Hunan Province,434,gennorm,2.5840074206694297,0.020860557762626117,0.9060410244465615,2.4961973930244015,0.18996375589304676,0.9266934016588018
Hunan Province,435,gennorm,2.6033331869800707,0.009620234944895903,0.954770249649949,2.4319157183418723,0.22948003959694374,0.8790733993047439
Hunan Province,436,gennorm,2.8629612868834,0.06283566100222196,1.0292071682890482,2.114703000950815,0.27141539111692015,0.8293255468775693
Hunan Province,437,gennorm,2.8704312277080244,0.05426042271421965,0.9710460250895279,2.4310919108715776,0.1817756042219294,0.900803066305125
Hunan Province,438,gennorm,2.6740044237789604,0.03516379707862073,0.9572206434208916,2.2167346089325597,0.1841785764295445,0.8177056984465088
Hunan Province,439,gennorm,4.580960629828475,0.03517202817656151,1.1001879773609629,2.224292842414601,0.22744250511312664,0.8499347884300059
Hunan Province,440,gennorm,2.952632903712607,0.02553574055494518,0.990505633622325,2.810066718449402,0.20870076862790213,0.9004846186398665
Hunan Province,441,gennorm,3.4181902334782333,0.014964503532283973,1.0250665627636826,2.325879606302861,0.22118883073836454,0.8783132676653138
Hunan Province,442,gennorm,2.646353217241163,0.009513725323290943,0.9487669922367947,2.303053267481826,0.1765175900796511,0.8766438251376607
Hunan Province,443,gennorm,2.843890774786301,0.014648801171830986,0.9747738259228163,2.496945999364769,0.20750885879682585,0.9237254938920677
Hunan Province,444,gennorm,2.796550676577504,-0.023752443685209554,1.0105609003418476,2.586953542760215,0.17701299734191267,0.8839329040126656
Hunan Province,445,gennorm,2.5098265883542137,0.06251115152998746,0.9647149772001787,2.696803319295826,0.2002025028693291,0.9074017662290681
Hunan Province,446,gennorm,2.9354274582587507,0.0032528416070879904,0.9559714168869695,2.8072548773311548,0.20404396435491384,0.9588418065153371
Hunan Province,447,gennorm,2.784214901964109,0.05245126168514329,0.9584846760107868,2.6747765738015303,0.25545500385819586,0.9312448035433574
Hunan Province,448,gennorm,2.298673589996489,-0.010152314713669015,0.9229571112941699,2.1148245253830993,0.17564282425291372,0.8371835794682188
Hunan Province,449,gennorm,2.7029583699258874,-0.015758797289561154,0.9927789729065961,2.182705932162987,0.199297426231859,0.8718915297733766
Hunan Province,450,gennorm,2.550238265773323,0.002629631400447659,0.9597550409071545,2.4749058710721874,0.1855330716564356,0.9110773301722733
Hunan Province,451,gennorm,2.5896327224846587,-0.01809370895369143,0.9555749107530208,2.4533689063938766,0.2260657752432258,0.90734002042082
Hunan Province,452,gennorm,2.308339606695128,-0.002210180847675259,0.9161437656375504,2.737893461063651,0.2399855980951539,0.9031228240482125
Hunan Province,453,gennorm,3.056341145231503,-0.015174827207032733,1.0484676610567916,2.47214761334856,0.2362142197079757,0.889381505073148
Hunan Province,454,gennorm,2.698080098227336,-0.0061722535746531,0.985225388726851,2.274431753788182,0.17971927706605384,0.8800288473277743
Hunan Province,455,gennorm,2.7821546588696737,-0.019664139601129005,0.9701443726126322,2.5821907975671166,0.17372544671040907,0.9347271137030517
Hunan Province,456,gennorm,2.304575479053778,0.03016901365936165,0.9541692130207906,2.255602306963,0.23402175977024214,0.8427533932190792
Hunan Province,457,gennorm,2.6794523426927603,-0.01788485439905556,0.9253321143447351,2.352146287500936,0.2244657536236947,0.8197618936328324
Hunan Province,458,gennorm,2.887745197078674,0.025202944106314858,1.001487686344333,3.1489321937250696,0.21956339278124956,0.9290468786419871
Hunan Province,459,gennorm,2.755556697250962,-0.0009311181440778456,0.9998960779931964,2.220909855265925,0.1465568325049128,0.8505333720299998
Hunan Province,460,gennorm,2.615373665692271,0.041145809629745386,0.9322737488364243,2.12089527115546,0.18008247823262222,0.843917996529989
Hunan Province,461,gennorm,2.7952587021879864,0.043594807122270735,0.9702175638378443,2.57087066746078,0.22960691337623323,0.9145056773326291
Hunan Province,462,gennorm,2.8896124381672825,0.022383486373063075,1.0005641689954783,2.1000697581051604,0.2221790155055613,0.8003761172869575
Hunan Province,463,gennorm,2.8163711944688394,0.048504664785700854,0.9765897298682535,2.0027746621110785,0.1996982968557383,0.8323569130617463
Hunan Province,464,gennorm,3.193160533550211,-0.015303991872637337,0.9956252249169057,2.313213021698382,0.13338551380365932,0.8757831470650943
Hunan Province,465,gennorm,2.530974136536394,-0.03059497884910583,0.9617371462880204,2.010967639440505,0.20457008539081556,0.8054369452023247
Hunan Province,466,gennorm,3.0578791082276875,0.029300873178996812,0.9869432591208966,2.469606798307218,0.18572964696185323,0.9230388962093323
Hunan Province,467,gennorm,2.4121920226329543,-0.0006889641034328487,0.9133384936394393,1.9382269429855734,0.19819795535359355,0.8324338344609907
Hunan Province,468,gennorm,2.3181990818414198,0.00383784403499448,0.9096516942422741,2.4876207919113194,0.22425835273959593,0.900934317625667
Hunan Province,469,gennorm,2.5804633786369466,-0.022898798829370043,0.9679418742985166,2.21774073223413,0.18627696925821613,0.8311698521155788
Hunan Province,470,gennorm,2.2221577581212335,-0.02949234417825293,0.9099505751091814,2.599985398122172,0.12798557376600966,0.8713432637053496
Hunan Province,471,gennorm,2.6711892239265773,-0.008909629670360731,0.9568282016160199,2.183918403513304,0.20724630222186302,0.8493702744595246
Hunan Province,472,gennorm,2.791619089665177,-0.007834783006740901,0.9927111639446929,2.2777616892784684,0.22564521594191606,0.867455507297541
Hunan Province,473,gennorm,2.240537558480171,-0.00023371631518644457,0.9000973129291878,2.1440025312508917,0.18109197397201937,0.8415453600123516
Hunan Province,474,gennorm,2.742272589465437,0.02902744067200628,0.9695040514887833,2.475003760671771,0.19383202515636563,0.8977285109136729
Hunan Province,475,gennorm,2.3934799163131664,0.004808938297593603,0.9042147449545986,1.9140809472837852,0.18893077940360684,0.7633002825112868
Hunan Province,476,gennorm,2.43517068485522,0.025009631148904587,0.9613747480273124,2.267475170293068,0.17634248949094045,0.830214084362783
Hunan Province,477,gennorm,2.6946819873162227,0.006241343597011298,0.9545659146935801,2.210806097843636,0.17339172209164988,0.8912390365292675
Hunan Province,478,gennorm,2.691981664334514,0.05539041229231613,0.9352608121586464,2.402059833621359,0.18532255820962346,0.876461466824024
Hunan Province,479,gennorm,3.0416858379036835,0.02275672985625042,1.0596860935712997,2.216811777642377,0.1838473120138807,0.8147903270542245
Hunan Province,480,gennorm,3.012520417144544,-0.008835745684315367,0.98516107020913,2.3224701340226783,0.216185268395644,0.8720496856149358
Hunan Province,481,gennorm,2.5645628495511494,0.05438040501271697,0.9063663770372004,2.121843232614947,0.18021094294573048,0.8475832960445543
Hunan Province,482,gennorm,2.8318430656022624,0.0112508512992152,1.0295613383879858,2.115919273646324,0.20203533867856902,0.8284615985870667
Hunan Province,483,gennorm,2.6859655636205897,0.046775063752465304,0.9440330507523138,2.47663521928867,0.17402252218023906,0.876333936784842
Hunan Province,484,gennorm,2.915434915235889,0.05466626363897273,0.999109718301622,2.4579665258448053,0.1939020089034449,0.866227107466816
Hunan Province,485,gennorm,2.7788227337897107,0.012254740816431665,0.975072907354896,2.4351391247892664,0.1953608105269221,0.8998722388612002
Hunan Province,486,gennorm,3.030420130003601,-0.004203118190181579,0.989512441491026,2.4650652267163062,0.18882818222525166,0.8983899364652395
Hunan Province,487,gennorm,2.262848619492952,0.05776444868573383,0.8827412935247638,2.0131326655004615,0.22835061000110451,0.8266394381686014
Hunan Province,488,gennorm,2.3743471987723015,-0.004526434830520121,0.9707022515254882,2.497063267261137,0.13708483660698267,0.8987098432346585
Hunan Province,489,gennorm,2.8411945224414232,0.028804971979948437,1.024325083816878,2.3572192236947025,0.18032927676374094,0.8739917009419245
Hunan Province,490,gennorm,3.5364910364560957,0.012121046865741345,1.065904356039594,2.4710463077146883,0.16962458745168402,0.8780547855940827
Hunan Province,491,gennorm,2.9454362823603257,0.029223195618708675,1.0077608284860728,2.165379666477368,0.23075527908068733,0.8485383820633394
Hunan Province,492,gennorm,2.6924906835531255,0.06450405730749695,0.9898368934998284,2.3439411384570046,0.20116619910946748,0.9195366807867298
Hunan Province,493,gennorm,2.6400257068400874,-0.011120865181467723,0.975982618147975,2.4148281848673854,0.18889179946355178,0.8901485988962743
Hunan Province,494,gennorm,2.435363523517859,-0.051988601796092604,0.9374582757681813,2.1602538467542116,0.17776988929336668,0.8196150513555279
Hunan Province,495,gennorm,2.984054749920122,-0.011088491241784012,1.019991513035016,2.5631475992295547,0.17633286308107068,0.9121327199370296
Hunan Province,496,gennorm,2.7036372311073427,0.0023710089215456137,0.9680231194760167,2.129148316249492,0.15088474213987538,0.8739464604381121
Hunan Province,497,gennorm,2.8894067423082346,0.028056534607516365,0.9385623936056018,2.202241503178148,0.17082051077937127,0.8347472278074113
Hunan Province,498,gennorm,2.271625259300563,0.024235121051589547,0.9108500091452552,2.2852184679342398,0.20368630163461038,0.8664422094294344
Hunan Province,499,gennorm,2.7807588131002134,0.024115472511635337,0.9631605227749857,2.740559341991364,0.22205499456848615,0.9489308077314531
Hunan Province,500,gennorm,2.7765412013879516,0.03482949613056834,0.977097763994272,2.0969723709011765,0.19887798806964574,0.8205608561369897
Hunan Province,501,gennorm,3.0839392991316776,-0.016725107229871104,1.0282426795565849,2.43800492283496,0.16175934031637487,0.891609956504017
Hunan Province,502,gennorm,2.518965244947532,0.006421750867764569,0.9499893814859464,2.2881098182132744,0.21833144652619652,0.8348686330576955
Hunan Province,503,gennorm,2.9130842035597393,0.0008055500449094275,0.925674111813198,2.2951374432973948,0.16918788165798182,0.8981611351253633
Hunan Province,504,gennorm,3.55331184154362,0.027640129368926535,1.0515159457036023,1.819384154922435,0.18443130162578936,0.7584646301368818
Hunan Province,505,gennorm,2.5184887542835015,0.014284303965641239,0.924873286630739,2.2262764339141214,0.18523843751338276,0.8374375165031542
Hunan Province,506,gennorm,2.805535873424612,-0.029141928619159603,1.0170868727958065,2.5114701824609087,0.1791234657767689,0.8993269018744523
Hunan Province,507,gennorm,2.7406209163310797,0.017957377757768817,0.9636678111775485,2.3939518515481852,0.19249692946852368,0.8648322060795961
Hunan Province,508,gennorm,2.667679117592458,0.0040360813813299385,0.9640776549403541,2.4227353385349213,0.23449865491251903,0.9129292599141654
Hunan Province,509,gennorm,2.8229381592833636,0.04063964130475019,0.9695058724738935,2.464190751543166,0.21971437953249945,0.8970165447381067
Hunan Province,510,gennorm,2.51444850352504,-0.02125388874318939,0.9528840306069426,2.7376603208983212,0.2184855411449797,0.9209912025815445
Hunan Province,511,gennorm,2.2419124494424034,0.005185773107413117,0.8921764161132105,2.344130432461026,0.19347353358218522,0.9033268006351581
Hunan Province,512,gennorm,2.7307822058999793,0.03166891387299299,0.9987529113970921,1.9039317711686006,0.1578926785645332,0.7935025907951416
Hunan Province,513,gennorm,2.493890259801144,0.0033229789560036615,0.9380371537620951,2.254210023147837,0.21605904267013165,0.838836415608492
Hunan Province,514,gennorm,2.577877708394011,-0.00373033880415973,0.9531422015378549,2.2195413364821603,0.24252484392723755,0.8311398204810873
Hunan Province,515,gennorm,2.390482374565181,-0.03719860693763691,0.9365342379525912,2.133611643861663,0.2197011465815073,0.8233658845768181
Hunan Province,516,gennorm,2.9560278727401683,-0.005326508473006345,0.9855680515264524,2.479714614332505,0.20895852862464318,0.9015459109181465
Hunan Province,517,gennorm,2.6087436973385705,0.053559189602838383,0.9538724279931361,2.6379071677521635,0.18760360126249365,0.9164546449835143
Hunan Province,518,gennorm,2.7059460121266987,0.06199665641113176,0.9669822120390181,2.4025897013837185,0.19240534814447308,0.8559663488378748
Hunan Province,519,gennorm,3.335624515017829,0.04173008938110816,1.0491770105184255,2.533870500697672,0.17122703004459938,0.8879814533813628
Hunan Province,520,gennorm,2.7843504567182356,0.0047865953121914604,0.9360498122334002,2.386270499410677,0.18669390573608474,0.871834144460194
Hunan Province,521,gennorm,2.794119134666687,0.00023597340681716866,0.9802122862176612,2.949314583589411,0.2083811338099183,0.9110967681452703
Hunan Province,522,gennorm,2.6343474575005463,-0.0068752565520730745,0.9443817738328208,2.3987480195633006,0.18913772204005913,0.8511555568700762
Hunan Province,523,gennorm,2.228007166178733,-0.023385673310164713,0.9140324914857096,2.291231547822812,0.18121146678217231,0.9018866061028191
Hunan Province,524,gennorm,3.089525709209272,0.024246207095157755,1.0305651901949304,2.622699143500821,0.1839925909793362,0.8608424618129762
Hunan Province,525,gennorm,2.2812921934458528,0.018948961598943437,0.8994237532270506,2.434468660795033,0.2035191142876845,0.8702959429858821
Hunan Province,526,gennorm,3.9448601248968362,0.04163067082004604,1.0841207965530715,2.3945234214891604,0.2074827926699193,0.913984947110501
Hunan Province,527,gennorm,2.410622332410627,-0.0024876695848960973,0.9037663686767683,2.6102229905252035,0.20039373112104297,0.9391129193031202
Hunan Province,528,gennorm,2.392855705542998,-0.007713393209442386,0.9436612348678537,2.3875036645216205,0.2041360310250666,0.8740272550476582
Hunan Province,529,gennorm,2.388741613962873,-0.00608281684904392,0.8995396793019129,2.317963481630038,0.20332226602336084,0.8936434004924623
Hunan Province,530,gennorm,2.1724129665216836,0.013698386295938465,0.8549114148442087,2.729866452148,0.20644854281677494,0.9609789248899026
Hunan Province,531,gennorm,2.7825002214901775,0.04591079103170738,1.0082437381303921,2.6780678791306816,0.17211620309686387,0.934628598842949
Hunan Province,532,gennorm,2.1899287126904294,0.03350148996293397,0.9065212116477188,2.359034930196035,0.20566750989861401,0.8570907241930766
Hunan Province,533,gennorm,3.031339985704778,-0.013595077406564102,0.9993642688822335,2.7286216098799834,0.1991528764999474,0.9419267597028951
Hunan Province,534,gennorm,3.0053038818308138,-0.022989019291948937,0.972210360584296,2.283421365173874,0.20584079168337133,0.8875502892064819
Hunan Province,535,gennorm,3.3426087027350553,0.006472674058903141,1.0720234075020576,2.3690703545387843,0.22018421775904953,0.8969415750089669
Hunan Province,536,gennorm,2.4950973007512918,0.014572014055587442,0.9477878711400841,2.192043022841979,0.1817196279628524,0.8767046734752765
Hunan Province,537,gennorm,2.9638340958893847,0.031653482644668315,1.0233721609582125,2.843423748880171,0.2069294666375735,0.9353957138573985
Hunan Province,538,gennorm,2.6668718661813537,0.05731580645424962,0.9946435980221874,2.217647456973023,0.24796016594009862,0.8525405917261422
Hunan Province,539,gennorm,2.7150603572308865,-0.03965097032310659,0.9541319810675188,2.4168983642278423,0.19181132743309398,0.8505726606581501
Hunan Province,540,gennorm,2.9293645463243823,0.010750218122596297,0.9716854902540957,2.216032323415369,0.2096814128194048,0.8564437633893776
Hunan Province,541,gennorm,2.1998529300352025,0.022815270412653584,0.8912767188182379,2.4758231249779774,0.21319770417290956,0.8592051577247397
Hunan Province,542,gennorm,2.405792466226752,0.015405399762331358,0.9077676504776502,2.153496461095769,0.21970022520657334,0.8455236258467398
Hunan Province,543,gennorm,2.9613824961096116,-0.012714356776547609,0.9437472705804633,2.2504953268758,0.23053292948432613,0.86083479835029
Hunan Province,544,gennorm,2.597742563137549,-0.0014690415844406356,0.9227281137596319,2.7096501347231,0.2261686351059925,0.920180417669503
Hunan Province,545,gennorm,2.2368953758329235,0.022264665737869865,0.8790729954543861,2.6293932329514504,0.1755662187916731,0.8743634301605909
Hunan Province,546,gennorm,2.7255196389238345,-0.01528566189682538,0.9948535594782988,2.3145258469115597,0.20305260551753598,0.8875406997743703
Hunan Province,547,gennorm,3.3914013485804486,-0.0032400216457477843,1.0403516840913625,2.319644994541124,0.19963968252658398,0.8649884272529277
Hunan Province,548,gennorm,3.1491778781836217,0.03118541117962083,1.039531759884393,2.6921254358033093,0.23333949386680752,0.9005135674140226
Hunan Province,549,gennorm,3.517426999019704,0.017466172377758292,1.0151540847336493,1.9622094505103171,0.22350283738636356,0.8061079764097212
Hunan Province,550,gennorm,2.9939163951512135,0.05598829597281086,1.0070932661246168,2.2444746452838453,0.20282429569922744,0.7942995344336701
Hunan Province,551,gennorm,2.9074739458516055,-0.006666654004412803,0.9688324357286425,2.1322530876373214,0.21894165205213345,0.8255689145752958
Hunan Province,552,gennorm,2.863992280981307,0.0485877762734499,0.9857837880756593,2.606190859434358,0.1900276132844939,0.9413073865582839
Hunan Province,553,gennorm,2.7406713090772596,0.026773650691185397,1.0176442053646488,2.4513955774610268,0.20393421959502347,0.8936775439928268
Hunan Province,554,gennorm,3.7122338560428334,0.020353305073868837,1.034197085769652,2.2557069886005454,0.15905197978737912,0.8438629649431926
Hunan Province,555,gennorm,2.883431632664495,0.0019319089388306035,0.9715781327332638,2.2409510860533306,0.15398665452237287,0.8665616109558517
Hunan Province,556,gennorm,2.546776693755696,0.049102629999606615,0.9555646401880287,2.388901275209748,0.21773287832585825,0.896189693398215
Hunan Province,557,gennorm,2.8312304413273552,-0.03907549771502625,0.997319871875724,2.120046159440987,0.1960117908258333,0.8723190514758289
Hunan Province,558,gennorm,2.5620584110402858,0.023014067492414185,0.9770983245146889,2.1323506607296014,0.18727659445742056,0.8700194481397423
Hunan Province,559,gennorm,2.785102235965325,0.011544385627297926,0.9628737035728663,2.169154744971444,0.21597735074857383,0.8375861792914387
Hunan Province,560,gennorm,2.4809317013225956,0.04413875518394545,0.9498230043375296,2.2959753222420494,0.2359755756490428,0.8853389677057053
Hunan Province,561,gennorm,3.0064967084419933,0.04752231208995375,1.0428171892676605,2.230663378652721,0.20257725667226228,0.8352343961212032
Hunan Province,562,gennorm,2.3393952779738614,0.051096416707604814,0.9439933313106155,2.3437816098454007,0.2018422421961094,0.8932687113854089
Hunan Province,563,gennorm,2.721395381146496,-0.0012002557722072182,0.9912161987828055,2.4742116830002914,0.21158289450306142,0.8551563880221151
Hunan Province,564,gennorm,2.5675964818757038,-6.536051538479038e-05,0.9541795930501329,2.3815681630952197,0.15870376383718027,0.880171251925131
Hunan Province,565,gennorm,2.760875938202232,0.03239018567996667,1.0341601317252471,2.524807176526866,0.18293858245099892,0.899796115143652
Hunan Province,566,gennorm,2.747439934325671,-0.017568009016739855,0.9682088616137376,2.4332891330276705,0.2218245101975141,0.8661555966231529
Hunan Province,567,gennorm,2.686229554589036,0.024305543705594384,0.9239633126271587,1.975542769913793,0.18472378769645562,0.7997988349874988
Hunan Province,568,gennorm,3.086645913353408,-0.0425003318451661,1.0175620323579881,2.1933649487553364,0.27441448277830083,0.8252791661270746
Hunan Province,569,gennorm,3.101144076763906,0.012877168560887213,1.0255487480987815,1.9165059456243108,0.21081397763171494,0.7536814393267626
Hunan Province,570,gennorm,2.958587552837511,-0.002146749300648166,0.9807648788469439,2.6970523260059083,0.19676811099065236,0.9214992689308743
Hunan Province,571,gennorm,3.028178344807445,0.010750949273660585,0.9660906588773315,2.615556072502958,0.15067138620624926,0.9069773281899178
Hunan Province,572,gennorm,3.0971422058070965,0.044172679006608165,1.06885395917186,2.0524278080561826,0.16233414711032368,0.8086002384567339
Hunan Province,573,gennorm,2.497135806436692,0.011453084133692087,0.9871941876736817,2.422535431527646,0.2597519637660868,0.8727002951105334
Hunan Province,574,gennorm,2.9504906116768836,0.004063240421354067,1.0146246410618303,2.221717472497059,0.18107927132659327,0.8874052206168779
Hunan Province,575,gennorm,2.9239565820203364,-0.013531432485488284,0.9586256691379806,2.378793994632108,0.21277583413790227,0.9182241573429586
Hunan Province,576,gennorm,2.9560942687804603,0.07126798688347717,1.053164544271254,2.7507577690356992,0.1921281257018636,0.9104656971593366
Hunan Province,577,gennorm,2.791059831775338,-0.005257844047467419,0.9492964628603249,2.567529378669219,0.18492184688163185,0.8564631207801754
Hunan Province,578,gennorm,2.6315793420027678,0.03907904752443506,0.9628912469686297,2.2729623103973404,0.19451518147374616,0.8780950142168035
Hunan Province,579,gennorm,2.699906959672174,0.0157029160088904,0.937186169009813,2.1466909607670908,0.2166939888855785,0.8232571618504445
Hunan Province,580,gennorm,2.581403631740797,0.013145241774853825,0.9207681013099949,2.5653616768833896,0.18589182286511402,0.9405480373091626
Hunan Province,581,gennorm,2.4830612000381267,-0.01212576545199424,0.9551406479469835,2.2051647126146996,0.1460332185945128,0.8530287697038965
Hunan Province,582,gennorm,2.6596879810566385,-0.004601182408052741,0.8775120818716157,2.4338786277639364,0.246104382029242,0.880609955220319
Hunan Province,583,gennorm,2.478670753927321,0.019691491840208353,0.9183432060042116,2.769691191907385,0.17580359939384854,0.9106586453089102
Hunan Province,584,gennorm,3.224710882485258,-0.012482273055308201,1.0155879190422843,2.3050891544740675,0.17357891427313787,0.8859300719621184
Hunan Province,585,gennorm,3.0917951005198905,0.009832642185622686,1.070425227592475,2.3035208129668563,0.17644777788662458,0.8728497255167154
Hunan Province,586,gennorm,2.318707852283074,-0.0011577757411006728,0.9103738845406633,2.184843685181236,0.17785137521399752,0.8787704153338647
Hunan Province,587,gennorm,2.5466019788040937,-0.0021500071875948596,0.9475027163336722,2.2143556563195137,0.2383565683432446,0.8754273115688249
Hunan Province,588,gennorm,3.036009208550031,-0.000625696525225623,1.014716171111849,2.4634681962786047,0.161805160347118,0.8977300235363999
Hunan Province,589,gennorm,3.1408305100013605,0.023722993089772895,1.0420319886409692,2.280383222168025,0.22575267423484785,0.8628446710752078
Hunan Province,590,gennorm,2.585348681928071,-0.006188347493800859,0.9440436777202998,1.976029097503936,0.2225656264925238,0.8138025799130901
Hunan Province,591,gennorm,3.3502004381890025,0.0009739262987684312,1.0237618947678229,2.2357482295665756,0.20941055915167378,0.861148519134384
Hunan Province,592,gennorm,2.712786181114814,-0.029293991849384374,0.949658793711371,2.5440568856639487,0.1889448284702794,0.9487938834764371
Hunan Province,593,gennorm,2.703762344838728,0.035156831933066665,0.9546211946143311,2.3290238834850148,0.21556726499116544,0.8527387356932178
Hunan Province,594,gennorm,2.9963144538811424,-0.03370555276703893,1.0029035852646664,2.358552083175301,0.19243331141222725,0.8116104257778821
Hunan Province,595,gennorm,2.619671388377598,0.026683693988730495,0.9235843311452114,2.5290647772504196,0.22815704605018133,0.8778097776295517
Hunan Province,596,gennorm,2.428641613843997,0.02314258875001684,0.9367997303292378,2.489260105289831,0.19634767942243203,0.8891166693111839
Hunan Province,597,gennorm,3.2260857395556215,0.0008949803201205996,1.023161705764704,2.4524479859841892,0.16756004781100897,0.916975345279543
Hunan Province,598,gennorm,2.7206139290963502,0.0061450803985689025,0.9415900527442381,2.496699115019971,0.21291503095759987,0.8552351319709415
Hunan Province,599,gennorm,2.854059611221234,0.026666591293900137,0.9563938049889593,2.2998461326889497,0.20442152013785753,0.9137172344761327
Hunan Province,600,gennorm,2.8165091391188346,-0.024641899455061757,1.0098651016417557,2.3471794016244187,0.21614912470057523,0.8682382190486212
Hunan Province,601,gennorm,2.839269967450744,-0.022153407976426696,0.9438123881133187,2.5123688990210264,0.18571567126630223,0.9233055300922721
Hunan Province,602,gennorm,3.3495097856951603,-0.05798831110110045,0.9918998713041056,2.551321055994925,0.22117952803892743,0.9338508544059168
Hunan Province,603,gennorm,2.8347501813886833,0.027235598687563898,0.9445076888552528,2.1148512990937895,0.2321299840815123,0.7989469757165322
Hunan Province,604,gennorm,2.2734794490686063,-0.029141143929059747,0.9041278487640432,2.332290530268329,0.1990245993279447,0.8654896934431042
Hunan Province,605,gennorm,2.598301667637516,0.04658229589552798,0.9543338683564329,2.3220657867930643,0.18815027696837644,0.8419092376309167
Hunan Province,606,gennorm,3.3690220087129683,0.05834848860777174,1.0225565593637076,2.3036580337504495,0.21170179405503958,0.8727506843932609
Hunan Province,607,gennorm,2.1812342007166254,-0.004674332737632033,0.9259801168641552,2.9741255591208033,0.1763648819667208,0.9402890294132777
Hunan Province,608,gennorm,2.5075742804539294,-0.01409986551354192,0.931710355454343,2.235572455276573,0.20237538223082274,0.8739388192357846
Hunan Province,609,gennorm,2.635728127485551,0.04722062414163827,0.9412792713481237,3.078288863014903,0.20857856597943047,0.9718326338210195
Hunan Province,610,gennorm,2.377168758365884,0.01064649420656268,0.951758884213111,2.2825579599479346,0.21658489115159307,0.8659056995813963
Hunan Province,611,gennorm,2.430259594016368,-0.035844850955433175,0.9001287172370873,2.011716555416685,0.20092411695385426,0.8385352795130672
Hunan Province,612,gennorm,2.822203027499908,0.010392289168676572,1.0374885642832572,1.9114685529210218,0.17697090175542415,0.8042423602753954
Hunan Province,613,gennorm,3.1123530256617284,0.012811516403662522,1.0007191759167684,2.2690884627980035,0.24068087671334715,0.8800068808691655
Hunan Province,614,gennorm,2.496976822505137,-0.016708608645143674,0.942226015096408,2.240727006195284,0.18763145147107751,0.8491989984710169
Hunan Province,615,gennorm,3.1164956297351205,0.02297925176972132,0.9994017957099195,2.3107798473666845,0.1918717300219912,0.8884296897902715
Hunan Province,616,gennorm,2.444663432266174,-0.0561998496255859,0.9257684277746092,2.1404617298714834,0.1980784417784437,0.8117407361489111
Hunan Province,617,gennorm,3.075656353519953,0.004854006942079467,1.0154046326067108,2.282101855028424,0.1940725279345547,0.9042184197840053
Hunan Province,618,gennorm,2.6387324908212557,-0.03827914933081587,0.9600107569988581,2.356200619174375,0.17432991962054756,0.8856417981127831
Hunan Province,619,gennorm,2.9385467034041906,0.006853772370060224,0.9733114074932662,2.1118090780610377,0.2025950630203403,0.8467045291838511
Hunan Province,620,gennorm,2.6474165757322883,-0.018317834978499096,0.9148637605509191,1.913900096487139,0.19703955871297735,0.8274653579917572
Hunan Province,621,gennorm,4.270130886541906,0.015795936516535564,1.0892434227104724,2.5947873075985664,0.1714339390655295,0.9259566623991253
Hunan Province,622,gennorm,2.882447748656033,0.005393991492781825,0.9746839017016959,2.623080491194602,0.17383516681452998,0.9085300093932802
Hunan Province,623,gennorm,2.8300754584271406,-0.004422407254647412,0.9565667187806586,2.4513682433311277,0.20852504456689572,0.8752746156218136
Hunan Province,624,gennorm,3.0288253350135275,-0.010837460447071411,1.006691824408589,2.8618685307462965,0.20672583190247135,0.9561330815833173
Hunan Province,625,gennorm,2.753397393540409,0.010511938948050005,0.9781255274900285,2.4819593819459604,0.20428469212181755,0.9680038967380672
Hunan Province,626,gennorm,2.7590196353686056,0.04528012913065454,0.9846856814418208,2.402742592858355,0.21638822106675998,0.8681377479197172
Hunan Province,627,gennorm,2.981838446421813,0.04352726689263839,1.0123241062700683,2.556584611929609,0.25093770471928756,0.9078088328906138
Hunan Province,628,gennorm,2.5827059141870055,0.02529526276794384,0.9526476461083075,3.1694901239422295,0.22803693044649703,0.9426863789762203
Hunan Province,629,gennorm,2.6123398673734104,-0.015190224250466657,0.9344208556520708,2.0352040046882722,0.16235871544642752,0.812331100208179
Hunan Province,630,gennorm,3.104479036485237,0.0014143762759871014,1.0117852429608767,2.4434162450507744,0.21862440096937982,0.8820084048122856
Hunan Province,631,gennorm,2.5745328592123,0.019760369545242698,1.0006120271450976,2.1260109966941263,0.18005361854594792,0.8449122976230854
Hunan Province,632,gennorm,2.932099906155439,-0.032390018403320786,1.0362815983823994,2.2594397434025395,0.15702107645745134,0.8566045621269193
Hunan Province,633,gennorm,2.709795828414446,0.0177638986657984,0.9304084971107898,2.42548152245248,0.22082278505261113,0.8782550349141303
Hunan Province,634,gennorm,2.5760406000056943,0.07445082058950495,0.9578641011769604,2.2191158899790944,0.1774804577921725,0.8405370622017878
Hunan Province,635,gennorm,2.5497799798908103,0.018256451134784094,0.9682416882023483,2.3049347575283026,0.21539797590823168,0.8582732790384824
Hunan Province,636,gennorm,2.916260565342986,-0.00012242097326930663,0.9746870718059268,2.2239513508988313,0.19508238167264286,0.8579618774550889
Hunan Province,637,gennorm,3.5255050022477077,-0.041836757182269244,1.0772294454328013,2.60857663635972,0.22164568840909937,0.9073752700640598
Hunan Province,638,gennorm,3.086277643256834,0.005334911022398322,0.9837632729257206,2.4393844233834256,0.19842599942296396,0.8930443520436755
Hunan Province,639,gennorm,3.1626722788720607,0.05765060719479885,1.0151764600391835,2.871692633966734,0.18858707190457838,0.9243772497944567
Hunan Province,640,gennorm,2.548506138648775,-0.00474997054800627,0.9420025265220426,2.8285432223867,0.1910403011933585,0.9408172288853465
Hunan Province,641,gennorm,2.7437894469525537,-0.013143701069931783,0.9304358980517751,2.6168878800471105,0.18146210839225507,0.9208664448417768
Hunan Province,642,gennorm,2.7695183305021693,5.6513045735753136e-05,0.968598144136726,2.4572737111394933,0.15087647640432383,0.9225261169057895
Hunan Province,643,gennorm,2.96505813404763,0.04681487871651317,1.0133615371258649,2.752168586997282,0.20838075757695368,0.9355505433971922
Hunan Province,644,gennorm,3.12988465095093,0.04050248602690601,1.0139431584693717,2.517907390982292,0.21627825182344612,0.9460667730334513
Hunan Province,645,gennorm,2.713357426047544,0.011535469535202198,1.0010340604864083,2.6935909803215266,0.1955739712591347,0.9010375868479871
Hunan Province,646,gennorm,2.353014507847316,0.005795797086364285,0.9174708995759118,2.5880212707756725,0.22128691695154143,0.9511489262451986
Hunan Province,647,gennorm,2.8728267834531853,0.03923899585452062,0.9820538077158869,2.510166019435469,0.17709512626153606,0.8638846825954524
Hunan Province,648,gennorm,2.9522276920103945,-0.007880601470819875,0.9741854604740472,2.5810804060927035,0.17585941828820933,0.8823381190708257
Hunan Province,649,gennorm,2.2965815509235528,0.007143858541625265,0.8976013857138105,2.2041111030066496,0.23992945087129658,0.8687166963583711
Hunan Province,650,gennorm,3.485574977476529,-0.002942819273219374,1.0638582403505126,2.0717579684067147,0.19004326913022873,0.8142202668889023
Hunan Province,651,gennorm,2.6577991505624503,0.028362780371486845,1.021028557047334,2.6601418163576587,0.19613817728111888,0.9337618383671693
Hunan Province,652,gennorm,2.629331989020538,0.014990492490401328,0.9612532393702535,2.734052725205948,0.2045689131306487,0.8826521155463188
Hunan Province,653,gennorm,2.293938930463497,0.011753770402367806,0.9122488926588355,2.3134254556846097,0.19805153100653536,0.8782743062933508
Hunan Province,654,gennorm,2.8917945093337565,0.029205878951798103,0.993514885050474,2.811378266326087,0.18576596313644397,0.9094138223078686
Hunan Province,655,gennorm,2.498404104926359,0.008494738886833265,0.9352768894930651,2.4482908308965823,0.2383660536629643,0.8608876243782393
Hunan Province,656,gennorm,2.7478324770316767,-0.0050720729457025375,0.9515610010496008,2.2322118711083054,0.2233359470000561,0.8725349927415937
Hunan Province,657,gennorm,2.9994293287119946,0.026863261549234886,0.9931607287300668,2.1745132846680275,0.1742626487651311,0.8531596964987196
Hunan Province,658,gennorm,2.504620274618956,0.012441116768920062,0.9160645318675104,2.280407193291211,0.1585776607045291,0.8650226028474817
Hunan Province,659,gennorm,3.06901333665289,0.018553961032548194,1.0216213231554594,2.6637650271198536,0.22715361105131315,0.9496932894346459
Hunan Province,660,gennorm,3.161747432018241,0.012326136987630024,1.0256269319748033,2.2771766473905037,0.20244441440627503,0.8393030510914261
Hunan Province,661,gennorm,2.426199238750838,0.004626818590727543,0.9417708628440882,2.099464994158277,0.23971483835883764,0.8457301078749144
Hunan Province,662,gennorm,3.6111648927595885,0.001336255465656445,1.06703479994973,2.8133651991887505,0.21278761505113042,0.9804082698460672
Hunan Province,663,gennorm,2.821260213178439,0.028288949426729125,0.9539988381038111,2.0663117658335475,0.20081200091087176,0.8056968342395537
Hunan Province,664,gennorm,2.81655070072651,-0.006670935286126622,1.0349097701846692,2.3255421624222956,0.21771268294642354,0.8815408425637045
Hunan Province,665,gennorm,3.0192085493645777,0.014926541363069128,0.9797127656414271,2.2829908138281283,0.22501621276213374,0.8677493552028983
Hunan Province,666,gennorm,2.83775424098933,0.017130518315322862,0.9574995467908336,2.437753918711664,0.18943335094571734,0.9195975326912693
Hunan Province,667,gennorm,3.403853049100049,0.031989959601295456,1.03937252079012,2.368594794921984,0.1702113817139272,0.9275095130557764
Hunan Province,668,gennorm,3.0260029167311524,-0.018284744236955537,1.03889284301829,2.1406042317687373,0.19358951059653326,0.7888410439984135
Hunan Province,669,gennorm,3.3573662098893022,-0.001668631628933959,1.0369699794093106,2.191478869690921,0.18087983905095473,0.9132126059899994
Hunan Province,670,gennorm,2.8798694372974136,0.026131989103476565,1.0257386355797742,2.471849351643675,0.242470550828301,0.8893495199487926
Hunan Province,671,gennorm,3.2213540933023195,0.003611164814731298,1.0254884061476908,2.858409771292327,0.19238484101255865,0.9296797580275864
Hunan Province,672,gennorm,1.9095242955016811,-0.0006247492793585317,0.844423098800622,2.5878238051291325,0.22887423587130218,0.9443209417448948
Hunan Province,673,gennorm,3.388234016307083,-0.0009543452276761828,0.9584476199920698,1.8618713116122136,0.12254284008777447,0.8029863217961185
Hunan Province,674,gennorm,2.8506421787127647,-0.0177617518853328,0.9708690448731667,2.169047995273595,0.23238684559216444,0.8423737396261872
Hunan Province,675,gennorm,3.2327491201444625,0.033823074953966165,1.0060150920321935,2.2929577666646814,0.2087080110304319,0.860500724776713
Hunan Province,676,gennorm,2.534312293111176,0.015649373482796377,0.973407993089878,2.409853595601296,0.2285203304574538,0.8439745548601076
Hunan Province,677,gennorm,2.3949434780625185,0.018919343879798337,0.8679665239444457,2.754956581544464,0.20069006854646299,0.8954235993710451
Hunan Province,678,gennorm,2.5740688936844878,0.008697810705969259,0.9129871756684862,2.101063689557792,0.20453697728002534,0.8377977123463267
Hunan Province,679,gennorm,2.923811254780947,-0.0005122284865338618,0.9891837658146342,2.743779600175957,0.1846686013459779,0.9410891247154031
Hunan Province,680,gennorm,3.0943309082604618,-0.007603059980689215,0.9944301499843182,1.9392478112311853,0.201178960132398,0.8094401896849877
Hunan Province,681,gennorm,2.6477307083951116,0.054831708349157085,0.9141460690197656,2.2238186442560846,0.23131588696846656,0.8489094600997282
Hunan Province,682,gennorm,2.758909359384913,0.00405827799814045,0.9878655176891,2.6227060542775567,0.20827769221718848,0.9198620197265173
Hunan Province,683,gennorm,2.3977414907850925,0.015402705692265463,0.8851929089800825,2.194266411895671,0.14212152305782016,0.8775041350818198
Hunan Province,684,gennorm,3.11508951131456,0.04831955916856785,1.042406429921169,2.409029167849721,0.20836270926752012,0.888553797555016
Hunan Province,685,gennorm,2.4445665998789483,0.018494026138830038,0.9013246377952716,2.426555175809072,0.20135446314490546,0.8972202769532792
Hunan Province,686,gennorm,2.804874218253907,0.041385054135941624,1.0010790563882948,2.5661491066489583,0.20700270301229962,0.873307181826636
Hunan Province,687,gennorm,2.482682531493764,0.03640221494298329,0.8865412560752111,2.6067073030119823,0.20179331971207892,0.9339009535799638
Hunan Province,688,gennorm,2.61180806084991,0.03794618780280608,0.9057774893922546,2.1981374739269883,0.19736761328546254,0.8684893298617822
Hunan Province,689,gennorm,2.732609239763291,-0.016283280598142123,1.0160552958158027,2.623890814801719,0.16860192593919282,0.9214169546415143
Hunan Province,690,gennorm,2.5618613288442535,0.016240889588224297,0.942523373344915,2.2699399988982227,0.16115635013740773,0.8218413698553262
Hunan Province,691,gennorm,2.7206728414547943,0.01108907234588677,0.9297560392242252,2.1429211252802283,0.22184237023111192,0.9088077644549465
Hunan Province,692,gennorm,2.2035741316191633,-0.02581261857653213,0.8583078057657778,2.082459567789021,0.26374927853515373,0.8419269941734095
Hunan Province,693,gennorm,2.146277834350573,-0.020768468972072067,0.88504378149897,2.474926053264309,0.1789800272069607,0.884208435467863
Hunan Province,694,gennorm,3.211506703644377,-0.017860672150318734,1.0304337082459427,2.7089325016146693,0.19974315537272294,0.9605512260428404
Hunan Province,695,gennorm,2.4892306213419397,-0.04133959694051932,0.9354795568698321,2.7688062986955417,0.1616677482178322,0.979067985506199
Hunan Province,696,gennorm,2.48631310674989,0.02639018577953891,0.9629887454370865,2.980169373892453,0.1874410467301479,0.9159009918787799
Hunan Province,697,gennorm,2.528866578169975,0.041595354800790935,0.9170560845165677,2.6491949675766855,0.19915652196549047,0.8937573739229638
Hunan Province,698,gennorm,2.5479668536343656,0.01328132226158129,0.9765945170497956,2.192954299423155,0.19347381791959617,0.8299708903953895
Hunan Province,699,gennorm,2.6404014135557863,0.0112420003158805,0.9564678688162713,2.4530948398470085,0.1398200363250463,0.9102599133503333
Hunan Province,700,gennorm,2.309456365879665,0.01944720069249306,0.8568955789258024,2.500784013423806,0.21907162284845783,0.9047629670459219
Hunan Province,701,gennorm,2.9215630592041877,0.05276861951327068,0.9807967872578871,2.3804976097703907,0.15831663361443077,0.9173122330445231
Hunan Province,702,gennorm,2.6356083417251197,0.008447379218897846,0.9464337270927592,2.7841362593500936,0.1882981566500353,0.9016808064770166
Hunan Province,703,gennorm,2.5742733512249694,-0.006369984064353441,0.9425361960190686,2.748119701787756,0.22611212487475546,0.9429171139823571
Hunan Province,704,gennorm,3.185013390872,0.026453453073104125,1.0346425733600326,2.0580807577810596,0.2083383028518731,0.8211776855721659
Hunan Province,705,gennorm,2.6103968134101527,0.047887416628902696,0.9350931771185531,2.916476710982405,0.1771082578421482,0.9751231131234517
Hunan Province,706,gennorm,2.697401316259146,0.012381331030067435,0.9280859547066178,2.4552277183050375,0.1579474648111489,0.8632979788775585
Hunan Province,707,gennorm,2.6413704344077535,-0.016136195630342617,0.9680667476080337,2.488794124448299,0.19306123900786998,0.9465682386957894
Hunan Province,708,gennorm,2.718791409727249,0.012040801303715196,0.9242108357682723,2.2720524711057273,0.1901643178866515,0.8600326711669379
Hunan Province,709,gennorm,2.5313435781902163,0.00992088019782352,0.9152555093917619,2.377891768250292,0.1775072392207137,0.9179375073418825
Hunan Province,710,gennorm,3.0184861631371405,0.012898037240144936,1.0628543584800534,2.1881148800036234,0.2503483599553241,0.8389120345578748
Hunan Province,711,gennorm,3.1113632116821717,0.042730521248514945,0.983048006235104,2.3581149717690266,0.21419314401468786,0.8423032476141883
Hunan Province,712,gennorm,2.8282232227796964,0.021004013557381355,1.0152972862179765,2.3792679589694394,0.19429153902354265,0.8501094308841068
Hunan Province,713,gennorm,2.9798708730675187,-0.0158586770055949,1.0396971847008862,2.2217750587380958,0.18737759461043665,0.8750399919482554
Hunan Province,714,gennorm,3.037038500046165,0.033882637053138306,1.0298040828623005,2.282353181375794,0.18790654325631517,0.8160782057728566
Hunan Province,715,gennorm,2.6724711778059462,-0.00945225999588745,0.9757377765267273,2.3908190592742926,0.22085055003181037,0.8681244934459849
Hunan Province,716,gennorm,2.5282953523898124,0.07908737194129142,0.9142332522780937,2.1672536959892605,0.21336900731691427,0.8613100131183237
Hunan Province,717,gennorm,2.7199210797786666,0.03981206057153157,0.9626327743912868,2.1190008198599637,0.21058192280554816,0.8292652636694764
Hunan Province,718,gennorm,2.7139597262306543,-0.019157436717126115,0.9834484291873239,2.115845989014722,0.17290164266655128,0.858291287569489
Hunan Province,719,gennorm,2.4835895415146805,-0.011485156774168628,0.9108825932680407,2.4095905990133186,0.22096239434463172,0.8951849885602605
Hunan Province,720,gennorm,2.5698871390926517,0.01888728050447009,0.9543332300110425,2.393105565728027,0.16765976244649,0.8712580186737913
Hunan Province,721,gennorm,2.6153652134480607,0.0021447310103296434,0.9816297684747992,2.7247260446924564,0.19000729969859975,0.9309128345462626
Hunan Province,722,gennorm,2.4555580985382375,0.025971445557419648,0.9403371866596124,2.2257384426942064,0.2116139673227135,0.8841910288478814
Hunan Province,723,gennorm,2.116954120463305,-0.019023505466639695,0.8908537000331972,2.1888952847696737,0.2107193557812151,0.8401560537889494
Hunan Province,724,gennorm,3.1540011259915675,0.07104338886856226,1.0046941163946674,2.162987340704233,0.1770341764290575,0.868913461855219
Hunan Province,725,gennorm,2.63876157052937,-0.01657453488607489,0.9538183103071955,2.1732674467842212,0.1646136539275611,0.8233687012231654
Hunan Province,726,gennorm,2.592525675103402,0.0032683464733579567,0.9346383184741168,2.260340987151972,0.23062386872542798,0.8738124107763279
Hunan Province,727,gennorm,2.5588985664860546,0.06436908188227006,0.9464421333048183,2.4543946034132578,0.17494119959590815,0.8802633747911163
Hunan Province,728,gennorm,2.535959578744329,-0.004029218019895671,0.958407311962859,2.3917253318531766,0.1961487942608723,0.8711560138524965
Hunan Province,729,gennorm,2.623450624286648,0.004183689779583635,0.932930350588941,2.3751690524743188,0.22361383737722562,0.8398155338438997
Hunan Province,730,gennorm,2.48256607411887,0.013661375354101387,0.9387267445872243,2.6392147255439307,0.19729612293699775,0.8812951330545558
Hunan Province,731,gennorm,2.542418426839193,0.04128127266416633,0.9852047984485679,2.4940525186330573,0.15740887985246177,0.9169301162778952
Hunan Province,732,gennorm,2.9574825677927796,-0.047751690166902436,1.0026801254794262,2.7259033227922185,0.22546428128795398,0.9546950589318768
Hunan Province,733,gennorm,2.7470241732833403,0.034945471106592504,0.9431214574585014,2.3843237653872618,0.20343313944039254,0.9002411235266365
Hunan Province,734,gennorm,2.937223854393248,0.008493353736139466,0.9984103534241803,2.3167423803258362,0.15864505270582788,0.8605716416869371
Hunan Province,735,gennorm,3.257160660015762,0.003654459535476091,1.006103831275605,2.468452945393633,0.19641844688003418,0.8824770989702313
Hunan Province,736,gennorm,3.2066666200092717,0.024284897793792646,1.027110215107505,2.2333320186304793,0.1857928040885145,0.828164221431053
Hunan Province,737,gennorm,2.5755477077365416,-0.0010726120379708692,0.9517752269898233,2.136488611883955,0.2036711541078055,0.8018537816417818
Hunan Province,738,gennorm,2.699003394901101,0.006788994164310795,0.9176666016475303,2.5488046437002785,0.17057158945211554,0.9462571015629309
Hunan Province,739,gennorm,2.878157279108022,0.004387066426631296,0.9634047733631635,2.3107167024370057,0.18743285652978076,0.910214866258592
Hunan Province,740,gennorm,3.181264715271311,0.014584769748209478,0.9341179451392612,2.41196092137917,0.22580230291885897,0.8708253568489259
Hunan Province,741,gennorm,2.690455715450866,-0.011298307789009043,0.9739331544264007,2.5904525675406234,0.2098600748705974,0.8885559762266281
Hunan Province,742,gennorm,2.742419253978986,-0.004834346499103976,0.9948149341607544,2.400656156045118,0.20972846340580498,0.8653096728974587
Hunan Province,743,gennorm,2.9071832325025806,-0.04777736063668424,0.9974821278279233,2.5158167216803378,0.2550634477184348,0.9620247410648222
Hunan Province,744,gennorm,2.8236731748552097,1.9527607901307883e-05,1.0230044968307475,2.5261092438926576,0.21115983200959365,0.8916887415503496
Hunan Province,745,gennorm,2.6364035225426075,0.07014548917746061,0.9270545519530449,2.445428549784868,0.21520396186224094,0.8853401067941418
Hunan Province,746,gennorm,2.2936373178556115,0.052495725495448814,0.9122271275633846,2.280332811897199,0.19760583287148364,0.8857107426363613
Hunan Province,747,gennorm,3.0042070032292756,-0.008425041473063163,0.9984264464769076,2.423809104307246,0.17858405348859777,0.8808641956253322
Hunan Province,748,gennorm,2.8293393280292376,0.008392482701203555,1.0146815003085186,2.4892371042698236,0.23735914815582065,0.9102327307645791
Hunan Province,749,gennorm,2.3642435235411075,0.04059584183599903,0.9434284648667297,2.2013377081355188,0.22198242539146207,0.796511042025998
Hunan Province,750,gennorm,2.706426645047949,0.025126225671685758,0.9550791810654715,2.1175944269908786,0.20641229796400218,0.8072966882063894
Hunan Province,751,gennorm,2.549518955879334,0.0012475323903569538,0.9477140235780164,2.0813511265829847,0.17248632819408144,0.895694259560774
Hunan Province,752,gennorm,2.758870773546527,0.025120944787719358,0.96587852032643,2.6904756035406345,0.1930459645322938,0.9539997258898825
Hunan Province,753,gennorm,2.1998778481786614,-0.00012927222257270378,0.8407028881649039,2.644211735237447,0.17927080288842356,0.9213792333701608
Hunan Province,754,gennorm,2.721828974646808,-0.014043839997195096,1.0036766783529665,2.293129587111679,0.1709887502326647,0.8272975581355118
Hunan Province,755,gennorm,2.3904682097584855,0.04219616993817332,0.9105778635983812,2.803848042307732,0.20248859017444465,0.9555690645932777
Hunan Province,756,gennorm,2.478152756741492,-0.008919477037185722,0.9271521338169307,1.9982456409358793,0.16424054003468175,0.8160215197611307
Hunan Province,757,gennorm,2.920973060595043,-0.01703342309252456,0.9971561109057455,3.236027906043943,0.17443014940421003,0.9770583722698591
Hunan Province,758,gennorm,2.464849999802074,-0.007933954849473145,0.9540017315067837,2.607330128265878,0.19851195096928,0.9315054457920173
Hunan Province,759,gennorm,2.442243222159858,-0.0019124891380695938,0.9136735619110641,2.636879753349011,0.23842930598462497,0.9488191936518124
Hunan Province,760,gennorm,2.5360785512266704,0.01522531906987649,0.9923187911990076,2.246010153820083,0.19212749666077633,0.8554086937185836
Hunan Province,761,gennorm,2.8782355947014597,0.051205554437441694,0.9516978041551984,2.2723474086336894,0.20806562833719855,0.895378715462789
Hunan Province,762,gennorm,2.4851536357476274,0.04351198409048204,0.9150250838923328,2.1792981361283377,0.20355080677747045,0.8763957811822629
Hunan Province,763,gennorm,2.94177512934116,0.03779954338350543,0.9999769550728193,2.018119521864201,0.1832003416668629,0.8138016371716935
Hunan Province,764,gennorm,2.7896514199944953,0.00810461010903403,0.9928245478341937,2.4908103103959887,0.2238304372395366,0.8774688072724033
Hunan Province,765,gennorm,2.9228685233489573,0.006281595735497066,0.9525726018440521,2.4813827533340103,0.23202298305165547,0.9184690039873789
Hunan Province,766,gennorm,2.3634774627715798,0.003596023886346499,0.8928993470362776,2.804456795197443,0.2034511708885718,0.8879036618309131
Hunan Province,767,gennorm,2.435284167795116,0.013755327080148011,0.9548265360704371,2.3323165299627187,0.2147781378615538,0.8840399157276881
Hunan Province,768,gennorm,2.553694381880193,0.027317907095999225,0.9274097670550159,1.970656801805644,0.16682645920302436,0.8047466941184287
Hunan Province,769,gennorm,3.0695206417895173,-0.03395371789756772,1.0335215837480547,2.6429192921216687,0.1874237674505369,0.909054917271676
Hunan Province,770,gennorm,3.615464584555439,-0.005895243907506614,1.0584239616335038,2.220688637969726,0.18276553521369399,0.8551821539834237
Hunan Province,771,gennorm,2.3496130941084203,0.0032706066092201146,0.9731049355915482,2.640051055625527,0.19467052106803057,0.9283702218373662
Hunan Province,772,gennorm,3.85628979833619,0.005861403947938623,1.0458701461905506,2.1850651338910847,0.21871414343503978,0.8334633679502952
Hunan Province,773,gennorm,2.7853545797458876,0.000662409340782055,0.9971711163629716,2.434641415989817,0.19602724553171022,0.8865721122965775
Hunan Province,774,gennorm,2.6101447037609447,0.0050315581647266405,0.9441570990408297,2.3112605453457586,0.2142542648643604,0.8342919264932291
Hunan Province,775,gennorm,2.9956853815302376,0.042782226414267974,0.990195049011953,2.176936553111628,0.1650424089128708,0.8644795129907004
Hunan Province,776,gennorm,3.3669031270841625,0.008604104846800832,1.0388936273615232,2.166228684598882,0.23390028304790086,0.8672199068151073
Hunan Province,777,gennorm,3.219488754327985,0.002374774106823685,1.012043180478905,2.487887549037154,0.19300290060977096,0.8905090629720097
Hunan Province,778,gennorm,2.723269045853746,0.004564412438451602,0.965562807481906,3.010323021528314,0.20106410059866164,0.972108725605102
Hunan Province,779,gennorm,3.1130240848088153,0.007725943999124925,0.9920004707172015,2.4534158767129144,0.19026241031102148,0.8708689032670428
Hunan Province,780,gennorm,3.250130351232428,0.015948474605001463,1.0003075281058396,2.3348765383246244,0.1986316648652292,0.8599131597613716
Hunan Province,781,gennorm,2.916946376731503,0.009741839719151796,1.0015145291374368,2.4882950265020325,0.14716060137096282,0.9322260322933879
Hunan Province,782,gennorm,2.7972696287401417,0.04177298855799352,0.9455418694975368,2.41624587882707,0.19905890462217737,0.8661534925557663
Hunan Province,783,gennorm,2.401723439791649,0.022654928336288276,0.9623780224692846,2.6106443984137027,0.21289227297899774,0.9022409701079575
Hunan Province,784,gennorm,2.4291841029211194,-0.027290351294122463,0.8913881648883701,2.76963280758471,0.17670208761393663,0.9564655753345646
Hunan Province,785,gennorm,2.678372454119861,-0.010810544123712722,0.9737967489340557,2.2374105065446104,0.2125305038211887,0.8601168559169554
Hunan Province,786,gennorm,2.850926283206234,-0.006965599134469078,0.9561015682105054,2.343904291312743,0.19949680801903857,0.9228201957430873
Hunan Province,787,gennorm,2.7527249123717126,0.041866740583267836,0.9699346245983784,2.6305794034693286,0.1780362976226959,0.8961635866853719
Hunan Province,788,gennorm,2.5153233143554132,-0.02621252669270637,0.9426740007276349,2.235668066372187,0.17966120756975867,0.8936568529748055
Hunan Province,789,gennorm,2.4091357256970625,-0.00989860589358343,0.9044434352620256,2.3585873993623623,0.17556059255437445,0.8737231669019434
Hunan Province,790,gennorm,3.6298820739301876,0.07261192252393074,1.035987727943081,2.336854768070711,0.19058629540560945,0.8462278141451025
Hunan Province,791,gennorm,3.0411949845494,-0.0639145636091294,0.9862923926739546,1.925615721078867,0.18155828762636333,0.7515345926556785
Hunan Province,792,gennorm,2.7716497371088966,0.05515173017028016,0.9719217131207096,2.2796873775356943,0.2069379275540991,0.8914632506739333
Hunan Province,793,gennorm,2.952519596419728,-0.006640376186324391,1.025227043674153,2.0195735789905225,0.20422049879070225,0.7627299523600679
Hunan Province,794,gennorm,2.3925979600257286,-0.01240160112024671,0.9111574716642408,1.9715623817789591,0.23659733491792823,0.8263763892585809
Hunan Province,795,gennorm,2.7843868105380043,0.008510743345136467,1.0090171702376243,2.132335652258961,0.20008713598097008,0.7991983291934026
Hunan Province,796,gennorm,2.3164095426943954,0.026187315311755117,0.90719427189987,2.2135708341648224,0.16551774859658747,0.8341743654128958
Hunan Province,797,gennorm,3.111063844047033,0.06566374472769373,1.0457449347517647,2.2646197383321547,0.21089521419760493,0.8456317514598393
Hunan Province,798,gennorm,2.872493105080597,0.02976851330016133,0.9976277540859788,2.574190349829337,0.19420840057621253,0.9005049850964142
Hunan Province,799,gennorm,2.845825814414873,0.04197504189850243,1.0251004296455877,2.5270067446640816,0.2131551319742898,0.9122466710701953
Hunan Province,800,gennorm,3.002450593151428,-0.02464214551456147,1.039154573158878,2.7357676586401514,0.17657327845114662,0.9354199884712153
Hunan Province,801,gennorm,3.523663414251261,-0.005869595965550433,0.970180181877843,2.434543558659498,0.2060244280314938,0.8351283363600748
Hunan Province,802,gennorm,2.781895736835434,-0.008229737909536019,1.0011253869057646,2.846699120805871,0.20468470393002214,0.9110139649935631
Hunan Province,803,gennorm,2.9088459803524565,-0.005993486005581888,1.0328810357595568,2.0961820549830703,0.1591635487167346,0.8406629665919285
Hunan Province,804,gennorm,2.5318608212154947,0.04411707871427711,0.938836469348589,2.09315587957508,0.15093943897655543,0.8610316155060138
Hunan Province,805,gennorm,2.5932164801627353,0.0017084728292705185,0.9365305458135249,2.4633519199866707,0.21065440306312674,0.9072710947585215
Hunan Province,806,gennorm,2.7688938561911636,-0.03261665017496994,0.9680129337691168,2.5694920154598764,0.19449580785261922,0.8946063440919798
Hunan Province,807,gennorm,2.881811766010987,0.0367197799608585,0.9757811259148237,2.318393583870523,0.18118838735018025,0.8984170912995262
Hunan Province,808,gennorm,2.4635559873913735,-0.02758333227925503,0.9777711386572104,2.6156958421066925,0.2046338283385502,0.8988620092762531
Hunan Province,809,gennorm,3.588770738933256,0.04477362032132596,1.0722432132884392,2.124688222478576,0.22000545538927901,0.8752624699951801
Hunan Province,810,gennorm,2.7344426944520976,-0.027658645417355555,0.9663301659429908,2.8725643610449554,0.19310717075476042,0.9507872013334207
Hunan Province,811,gennorm,2.806420682961557,-0.0019233415006647192,1.001623152854453,2.036901369414438,0.2347990735364227,0.818858810779188
Hunan Province,812,gennorm,3.2751899563804665,-0.023776491413617457,1.069865957778506,2.5331650127004153,0.20957795007901087,0.9152455875343461
Hunan Province,813,gennorm,2.6403253919692884,0.016970477008600243,0.9837260243739576,2.236817067083939,0.17713492587692442,0.8574059641793691
Hunan Province,814,gennorm,2.6027476142675017,0.03555335745988223,1.005570778046506,2.1748680284345845,0.21316730916509588,0.8140017613355811
Hunan Province,815,gennorm,2.3627641216859123,0.03255348087951303,0.8968190735143158,2.1457403400631314,0.20806908084378045,0.8965209165777721
Hunan Province,816,gennorm,2.942720834900139,0.02410183010039809,0.9964274022043347,2.7943423905785547,0.15551410058385295,0.9336346355841818
Hunan Province,817,gennorm,2.992685897885784,0.014968548711220865,1.0643049320002267,2.096185843200934,0.16394432600546843,0.8235060439867024
Hunan Province,818,gennorm,2.742595705956159,0.037031025636782636,1.007028310634602,2.0477424239827187,0.17377854940791504,0.8221549913776955
Hunan Province,819,gennorm,2.6424530005878024,0.010250473095656474,0.9380460022093066,2.3904079693392015,0.15456431651704158,0.8871798877904518
Hunan Province,820,gennorm,3.249181836818416,-0.006807642079091061,1.0377839719013187,2.6060747158714173,0.2231465271175943,0.8448621077849954
Hunan Province,821,gennorm,2.282209870831652,-0.027130448278470637,0.8961201843143158,2.1384662727752746,0.20755250032011416,0.8438921361658903
Hunan Province,822,gennorm,2.632016546268505,0.04643636358872657,0.9569221766884377,2.322662457397561,0.2010925186556432,0.8230929839395079
Hunan Province,823,gennorm,2.8722546140039116,0.027089515568590558,1.0087505223533126,2.0489591034394703,0.21560572735900638,0.7848010872657942
Hunan Province,824,gennorm,3.2386989342690082,0.03059098680197713,1.0652408827823612,2.583854123425252,0.193595000592091,0.9127970325777859
Hunan Province,825,gennorm,3.0154736472908494,-0.03888776041377896,1.0406483879518564,2.1152729806893804,0.22715111904366597,0.8270180702565817
Hunan Province,826,gennorm,2.305010712664218,0.004807173541472073,0.8582785562354367,2.4322267973401965,0.20712763399592604,0.8913629164997392
Hunan Province,827,gennorm,2.524763146158267,-0.006067312924193342,0.8759855868255653,3.160148707962258,0.17309303204346047,0.9231283747747872
Hunan Province,828,gennorm,2.528642577326904,0.007166319788362845,0.931913995242313,2.3825865404856437,0.16247877412621947,0.9022369304049063
Hunan Province,829,gennorm,3.102922792799015,0.011313197441137604,1.0477480677200162,2.5468796714064474,0.22046598974033055,0.8744516236262789
Hunan Province,830,gennorm,2.536806170044773,0.05875761470121149,0.9679794139584137,2.33975527316782,0.17030718321545385,0.8559078310710948
Hunan Province,831,gennorm,2.6893781192118236,0.06415253442049061,0.9753249091717788,2.6856383955963716,0.21015406452909136,0.9224827469966542
Hunan Province,832,gennorm,3.0077056427188134,0.041866392377077115,0.9662630356812276,2.8982229151528704,0.2523333197807067,0.9511343282351605
Hunan Province,833,gennorm,2.2933992730946278,-0.010597784004586495,0.8834558573386991,2.623530295503728,0.19926419689609015,0.9150814461075074
Hunan Province,834,gennorm,3.2833992705795563,0.03638665299986589,1.0323478346318775,2.410260013102727,0.18926322834260445,0.835664623824582
Hunan Province,835,gennorm,2.6117099912542217,0.016595579805349904,0.9395376690312502,2.8064624863069714,0.16311342650866192,0.9759071999216633
Hunan Province,836,gennorm,2.6914274015300235,-0.015266685994066106,0.9860827856680358,2.695806730167206,0.20373108167961512,0.9384917639981982
Hunan Province,837,gennorm,2.3589449607976567,0.004253888404998696,0.9124951308660897,2.447515809559661,0.1955343799239982,0.9024683394543247
Hunan Province,838,gennorm,2.5001523273261483,0.0010234817022503626,0.9720771953978926,2.0394268064248773,0.1882592180411382,0.8143545931687727
Hunan Province,839,gennorm,2.979629214675109,0.038366664208522194,0.9821360285581,2.273996029541994,0.19558972655577653,0.8574230754878029
Hunan Province,840,gennorm,3.024474822764407,0.037621713123636685,1.01066847255602,2.253417275901012,0.21900022804944258,0.887831156482499
Hunan Province,841,gennorm,3.10259611074605,0.0037109108363634373,0.9889318118235233,2.3469352908542787,0.19966522023522718,0.8975980730688415
Hunan Province,842,gennorm,2.502171376728164,0.002680490647873672,0.9046699593434431,2.3393754621900604,0.1593003005680304,0.8622753012546561
Hunan Province,843,gennorm,2.5069280016953135,0.014398192049223244,0.976206607579436,1.9516930744742351,0.179381752217306,0.8160403022140574
Hunan Province,844,gennorm,2.4470486944863303,0.01933409194159457,0.9220539801694538,1.9879343668482639,0.19693260754502914,0.8246543684599272
Hunan Province,845,gennorm,2.3767383429884257,-0.054892027225909364,0.9060927942716676,2.3063678725542065,0.21298392986240855,0.898182829390967
Hunan Province,846,gennorm,2.5336372373760163,0.028013520891052114,0.8724578169390231,2.5616883982019587,0.16851818846667194,0.8799433611694334
Hunan Province,847,gennorm,3.250698510493696,0.04272334136906743,1.029126580142155,2.392841675603356,0.19298103087155144,0.8545138027640833
Hunan Province,848,gennorm,2.2466476360081558,0.013648967060014169,0.9065139233294114,3.177388698915551,0.17317582555934774,0.9521219307121729
Hunan Province,849,gennorm,2.612421947671863,0.029729746411811135,0.962649377640557,1.9809110371005572,0.16865568077377213,0.7808053293922939
Hunan Province,850,gennorm,3.508649362248706,0.028657398537813367,0.9936562423202357,2.1125972817279264,0.19860247098894498,0.848991162668905
Hunan Province,851,gennorm,3.2289761152963696,0.004150559822627334,0.9986351036133818,2.442585966652107,0.2180561865134255,0.8197910186519288
Hunan Province,852,gennorm,2.6841275727058598,0.05228230241451741,0.9413255970581269,2.171486453583792,0.18411079616722087,0.8321737866954366
Hunan Province,853,gennorm,2.543860486176465,0.03834609719851477,0.9520720991116464,1.94273213533834,0.1832786765698689,0.7927645033582669
Hunan Province,854,gennorm,2.409455831386527,0.034489467488821084,0.914039741742934,2.4833920091585404,0.20601151245535998,0.8829932073500228
Hunan Province,855,gennorm,3.074704938765766,-0.01250443448784164,1.0159567972522372,2.468597522319694,0.16811752368568117,0.8862540327908526
Hunan Province,856,gennorm,2.7873548793806435,-0.004006888762796753,0.9978081342633323,2.122278505051488,0.20350978562762312,0.8079499082645899
Hunan Province,857,gennorm,3.067985547062111,0.024992363130147043,0.9949680043191358,2.233037424333327,0.1994347265628298,0.8769541189262914
Hunan Province,858,gennorm,2.311770863188971,0.06541702618040357,0.9035647745910115,2.3419237916579263,0.24215590584536695,0.8954684776175281
Hunan Province,859,gennorm,2.547601207142811,0.04276265304603062,0.8891355014504991,2.23646006203335,0.16825942843620773,0.8202325942725441
Hunan Province,860,gennorm,3.027932661027829,0.01744714501084662,0.9987988366442356,2.4363572398984807,0.19679276206504598,0.8838559579554329
Hunan Province,861,gennorm,2.5638455969991796,0.009552050134890135,0.9565288577505466,1.9228935624469086,0.20232066064837134,0.8367341247401596
Hunan Province,862,gennorm,2.473895523066112,0.0053212150137072044,0.9204428202948503,2.53014800725025,0.2246968564444916,0.9093129458593167
Hunan Province,863,gennorm,2.861097775940152,0.06077329433987197,1.0286195126442272,2.40981213037508,0.20493728562388908,0.8757899752172327
Hunan Province,864,gennorm,2.647983384972533,0.049381625450184305,1.0097016734418638,2.1761919344679725,0.18354327015826238,0.8771236840988134
Hunan Province,865,gennorm,2.7301467201963945,0.024501446270642005,0.9475722832605218,2.926203549749551,0.1981382766747486,0.9244561651728626
Hunan Province,866,gennorm,2.9815450978759115,0.0130352023393023,0.9684749830763362,2.180623701485823,0.18702341289783492,0.8564063612280473
Hunan Province,867,gennorm,2.4585960136063836,-0.006888417684247913,0.9480400629646826,2.449820385218575,0.18983292704033036,0.8824765994900199
Hunan Province,868,gennorm,2.7771770120887105,-0.007471220795674539,0.9512726566498952,2.5961714255151476,0.2555393371358645,0.8960138889826303
Hunan Province,869,gennorm,2.808838477944139,-0.013747343751060388,0.9622518585041455,2.4370124643507425,0.12709524155400398,0.9362032729330934
Hunan Province,870,gennorm,3.0948307924198444,0.0030504577178588647,1.0357989334707747,1.9690324876996685,0.15766570379930722,0.7597519402490691
Hunan Province,871,gennorm,2.495930321485121,0.03221212721876806,0.9087137861465169,2.009041668996873,0.16850395889727238,0.8400932986938676
Hunan Province,872,gennorm,2.9933574584732914,-0.013545902241506168,1.020776311603591,1.8532905763716854,0.18633192708076574,0.7855951194690161
Hunan Province,873,gennorm,2.4517870004568683,-0.038090467250155594,0.9311974121134949,2.1411062756605537,0.21592119692078443,0.8356120387077426
Hunan Province,874,gennorm,3.2445670107367564,0.06816937115136272,1.0450334788058928,2.6370761150807676,0.26434036426053253,0.9374728644269786
Hunan Province,875,gennorm,2.587567663164619,0.0468008066561333,0.9306365493058194,2.3822491666057677,0.19211091913482492,0.8762824449321744
Hunan Province,876,gennorm,2.559875376252685,7.382688840393937e-05,0.926071608552411,2.494413597052186,0.2122651919873991,0.8234536140639621
Hunan Province,877,gennorm,2.4309648767943575,0.019800134730621442,0.9349304183278231,2.2562690370039027,0.19540523891480782,0.8557286680902763
Hunan Province,878,gennorm,2.9046963034280324,-0.029471927139936918,0.9857508531536718,2.3196147842822024,0.18334009813784063,0.859238892531532
Hunan Province,879,gennorm,3.18331928295742,0.04684403221232952,1.0241834723194203,1.9451661969319929,0.20964356804842815,0.7805789267028985
Hunan Province,880,gennorm,2.6405471364189714,0.024230524051313006,0.9671818739292628,2.290188441912505,0.1924291282536013,0.8265130359830453
Hunan Province,881,gennorm,2.9053645353907536,0.012837454297545809,0.9719059038964416,2.6875817946373948,0.23180841512732223,0.8920093739178763
Hunan Province,882,gennorm,2.553114361289655,-0.02465401604261283,0.9698772712825132,2.6139055908020703,0.1600085789418709,0.9105302926747278
Hunan Province,883,gennorm,2.928392070065507,-0.010744066381754059,1.0212647331900588,2.345904707556948,0.17963140953718754,0.8891050949568533
Hunan Province,884,gennorm,3.021667778474474,0.045057760575219916,0.9672975696391588,2.2037918279163744,0.22687401128053242,0.8664850459513775
Hunan Province,885,gennorm,2.5347696176721706,0.01636726950867213,0.9471141991431318,2.771939487685936,0.20977766202841008,0.9208372781484597
Hunan Province,886,gennorm,2.644875514831284,-0.02531560213766247,0.9333993802971843,2.8806242143720926,0.22528990353645767,0.9510094923062605
Hunan Province,887,gennorm,2.5079627947355143,0.036512065977176336,0.920748722456477,2.2273278666618905,0.14349422747708795,0.8677186644504797
Hunan Province,888,gennorm,3.359266042398522,0.02740231711971567,0.9854436833792715,2.7001184843593977,0.18465772696244453,0.9901705964517906
Hunan Province,889,gennorm,2.676646381145223,0.03472599812483371,0.9728704789521763,2.3855429643553716,0.2257899101642913,0.8755595371336768
Hunan Province,890,gennorm,2.2964637327555217,0.014412197221009747,0.895185184563108,2.528434965923064,0.24176748328596787,0.8933418225235268
Hunan Province,891,gennorm,2.837286709239666,0.041760128282758296,0.9843933273957197,2.0403229159945795,0.17050782001721465,0.8151755920084162
Hunan Province,892,gennorm,3.337763651166327,0.007761763163130305,1.022722365861909,2.419283280667529,0.1863230486502931,0.9240070854556217
Hunan Province,893,gennorm,2.628760139764455,0.00753684118479271,0.9550519863022435,2.579053352552675,0.1791149206226682,0.9373899653961256
Hunan Province,894,gennorm,2.863943030562251,-0.02115705261628035,0.9947034085713606,2.6358495412843714,0.22293869881908324,0.9087985275580505
Hunan Province,895,gennorm,2.713636477153759,-0.015027772020864926,0.960203012821232,2.10812208720223,0.2180868668421539,0.8799846503653712
Hunan Province,896,gennorm,2.455056308703541,-0.016246471296152927,0.9393061284447091,2.7077389784942767,0.19445366892366323,0.9433407053937319
Hunan Province,897,gennorm,2.8759206769691916,-0.001377443873907947,0.9877229091317428,2.442887722947103,0.19035120219415394,0.895513800229438
Hunan Province,898,gennorm,2.455817580397238,0.03883703423120895,0.9486855693708645,2.6355075266494223,0.2128904201876962,0.9112955502798781
Hunan Province,899,gennorm,2.6229988271123714,0.022609392609122564,0.9627593887649886,2.207956456135318,0.17293425621717537,0.8693314971995207
Hunan Province,900,gennorm,2.3633348166364447,0.004299666404073132,0.9126367802952043,2.4355984414906917,0.17842641869053372,0.8789833088720544
Hunan Province,901,gennorm,2.7271036063019434,-0.015696983921554067,0.9213669311853345,2.410569044593113,0.20539447653332132,0.9057425718354438
Hunan Province,902,gennorm,2.852202945580638,0.005282202115906674,0.9661954970016247,2.3316137313339773,0.21694166253715969,0.9229433707848436
Hunan Province,903,gennorm,2.7493120048339117,0.022501897794183587,0.9232569270173998,2.293176870985688,0.19105730985638514,0.8530156636950907
Hunan Province,904,gennorm,2.837767409637838,-0.03885169446034642,0.9350024529174914,2.4180104137936955,0.2174911256483083,0.8738510708515868
Hunan Province,905,gennorm,2.4081964657232167,0.029623880732954938,0.942049623771434,2.522733243495098,0.22808095740138065,0.927459625069764
Hunan Province,906,gennorm,2.5953937949153305,-0.020239106464769258,0.9755134259349084,2.484089866843556,0.23763599682738779,0.9068907585025041
Hunan Province,907,gennorm,2.858739532509815,0.037444653161588244,0.9996024082583936,2.2760901689576927,0.16893271020012246,0.8655688132313089
Hunan Province,908,gennorm,2.7826121311562892,-0.012483609346852227,1.0295304027419545,2.5608418964941757,0.24789429746674008,0.9107502726668651
Hunan Province,909,gennorm,2.5702118517882555,0.05360320744991727,0.9557644175429061,2.578678281295981,0.20732252712551125,0.8863937762486431
Hunan Province,910,gennorm,2.82066299411556,0.027531382919088444,0.9808169057195374,2.3596533750899815,0.24170238724785734,0.884698169792332
Hunan Province,911,gennorm,3.3724235796589137,-0.05805708617091793,1.0109515891716887,2.8599556961941475,0.17939701807288627,0.9079086699048923
Hunan Province,912,gennorm,2.525011216211584,-0.0012133365390875734,0.9657989559763178,2.706262325700379,0.1971265108391923,0.9271553495588816
Hunan Province,913,gennorm,2.9701494585906456,0.050762686389969114,0.9668440788668545,1.9894753261583236,0.21640396312156573,0.8172444187956558
Hunan Province,914,gennorm,2.7039909447010793,0.050482947625735186,1.0155764030868335,2.8448386125587444,0.248393870499441,0.9745158396030368
Hunan Province,915,gennorm,2.3193615661917146,0.012625387177048255,0.9416788997181522,2.564749423902194,0.21740409171223168,0.9624221867845917
Hunan Province,916,gennorm,2.1556449494385888,-0.014347557379770759,0.8477739146070318,2.5500811371797907,0.22827485086035526,0.8929591811758761
Hunan Province,917,gennorm,2.236657596971781,0.02542601288592715,0.8669342807950561,2.368427969194392,0.16186936038671412,0.8669331771251917
Hunan Province,918,gennorm,2.38008199171027,0.06849612596700191,0.925280085351804,2.295864544260577,0.18985985159638008,0.8445514353510784
Hunan Province,919,gennorm,2.6364101873967654,0.02983366205823444,0.9234263498765762,2.736572264104323,0.18471229250153404,0.9383429714434837
Hunan Province,920,gennorm,2.2580228760305645,0.03161147340376536,0.8834855403873285,2.430427823641387,0.20999864414071973,0.8935215576381171
Hunan Province,921,gennorm,2.710689451121949,0.011540871428116146,0.964331477487923,2.3092656033962946,0.1743539463773962,0.9227137702905923
Hunan Province,922,gennorm,2.680094427622538,-0.013888080912885778,0.9629143975028478,2.161808469200221,0.2122691533676776,0.8686095110595975
Hunan Province,923,gennorm,2.4783670854084696,0.015216317680685456,0.9444219540528069,2.542364265184717,0.23275360790403798,0.895816770307122
Hunan Province,924,gennorm,2.866735306989974,0.08104747659732327,0.9720157332774182,2.4317657245524096,0.21014109729150873,0.8686741117040795
Hunan Province,925,gennorm,2.7509212340833864,-0.007520825540693662,0.9484386022016396,2.2345384362794825,0.18203254889279524,0.8517368115629187
Hunan Province,926,gennorm,2.6475036204525537,-0.011953226199973074,0.9712707323163591,2.3664343147170768,0.17870416763740338,0.8958817997630413
Hunan Province,927,gennorm,2.393785347664193,-0.011097836040756662,0.9502108247797403,2.1278760592741808,0.16718904246448252,0.8368789492671842
Hunan Province,928,gennorm,2.793052454101236,0.00214061504495389,0.9929205140895976,2.156198932617867,0.22369538620901824,0.8298911708531411
Hunan Province,929,gennorm,2.7882908570833465,0.003926367764887623,0.976908919615348,2.331934368754062,0.173515729135736,0.8877678672241625
Hunan Province,930,gennorm,2.6497362530172284,0.007971367065207539,0.9602000721078817,2.1381916368138825,0.17146016516672982,0.8167179590989282
Hunan Province,931,gennorm,2.666134953075578,-0.03072203253803174,0.938379789748943,2.186181362737722,0.2181179251241077,0.8287459157685849
Hunan Province,932,gennorm,2.5644970027726606,0.0166208870700166,0.9605677922383999,1.8831598178397801,0.12510708526136893,0.7422937420491369
Hunan Province,933,gennorm,2.458085480593366,0.007096375193597228,0.9008304074858073,3.0800590021163146,0.23830929785510227,0.9310424191814552
Hunan Province,934,gennorm,3.2287178630724656,0.0012323874102362683,0.9844204509198624,2.454896588490996,0.1786024030511255,0.883829447402974
Hunan Province,935,gennorm,3.063149379121503,-0.006241117205875883,1.065099544732047,2.4877565250293516,0.15567644799730346,0.8849951783723353
Hunan Province,936,gennorm,3.2206185619379264,0.027055936690036666,0.9679542127383349,2.2498899855965053,0.207078298702341,0.8587643217001812
Hunan Province,937,gennorm,2.849795573373771,-0.02025319476315856,0.9941930834636,2.228790117709532,0.20225821062926053,0.8472703106963123
Hunan Province,938,gennorm,2.676895154452661,0.030710990128345585,0.9505618399729174,2.0069583669449447,0.18388918019213218,0.8090154860454861
Hunan Province,939,gennorm,2.8702805351687326,0.045792823424500306,0.9832841324828097,2.2729057553314234,0.2051735254110868,0.8680146239955806
Hunan Province,940,gennorm,2.9560049230271526,-0.013929781275690143,1.0180009306993472,2.203923520709244,0.2203996023948813,0.8442079684579278
Hunan Province,941,gennorm,2.640585491291742,0.019218121965090065,1.0417105004262783,2.567443669799733,0.2247674529043759,0.9007729731166085
Hunan Province,942,gennorm,2.6276717892603783,0.021430875237958176,0.9609603408441172,2.389619424872838,0.2049432620577633,0.8736937082082015
Hunan Province,943,gennorm,2.432850221696256,0.042140948226684,0.9019471378410924,2.5464427781118593,0.21281423934899774,0.8784184512406787
Hunan Province,944,gennorm,2.2788811025911886,0.041924408210002956,0.901040359481911,2.6067128336158354,0.1466119895426199,0.8984748907599633
Hunan Province,945,gennorm,3.113938633013812,-0.04062992100637878,1.0008546112306678,1.928429394098472,0.17755321817611092,0.7771328471046837
Hunan Province,946,gennorm,2.9945879633235544,0.029789111106717975,1.0104973716910943,2.3836099629614957,0.29507576156890303,0.9243632569347702
Hunan Province,947,gennorm,2.2627335562332074,0.02510304704823748,0.8715593080893378,2.3940587877204926,0.2323535200810259,0.924270978411807
Hunan Province,948,gennorm,3.0664389061845023,-0.0130990511668943,0.9726234931865514,2.65634369536207,0.1558372430259653,0.9253504960985813
Hunan Province,949,gennorm,2.725036491351777,-0.01209283102867605,1.0102389280213675,2.1679571577557573,0.1924756058503502,0.8277624159173151
Hunan Province,950,gennorm,2.6803142007774756,-0.003421790738035932,0.9608702929621126,2.3883996664474854,0.19968111929346488,0.8906457028368793
Hunan Province,951,gennorm,2.457346480497014,0.05602622619615304,0.9487639133171346,2.3954429371397987,0.1831429535971781,0.9208867744492039
Hunan Province,952,gennorm,2.3296465800374184,-0.0025949776739856434,0.9690694301065175,2.629547104975619,0.17874974467425087,0.8943128492770765
Hunan Province,953,gennorm,3.065818725703496,0.019696362539364964,0.990766305519271,2.335679496012191,0.1793785643546692,0.8572971980562976
Hunan Province,954,gennorm,2.542336207342877,0.05821088319897649,0.9456650494448131,2.626658374014015,0.18192309982990096,0.9368058284068649
Hunan Province,955,gennorm,3.0441097958187298,-0.005273038081486289,0.9883995719262024,2.43426980333298,0.20308956514205784,0.9114799725530511
Hunan Province,956,gennorm,3.1162770931805026,-0.0021825121715350437,0.9871310678507015,2.399447764217735,0.20265058758078353,0.890470247228055
Hunan Province,957,gennorm,2.5706399447685984,0.006860065091294938,0.9588584537538213,2.369807463080919,0.16620925662073946,0.8604460801182527
Hunan Province,958,gennorm,2.9023421863680734,0.049528038604107635,1.0054061859886978,2.35449943654163,0.19485322352450982,0.8467953149763374
Hunan Province,959,gennorm,3.0030200339943915,0.045130771285719504,0.9775605024170088,2.450848660828746,0.21087623980869585,0.8955309106993151
Hunan Province,960,gennorm,3.061442950033861,0.024465946025154534,1.0593308872747174,2.2485179002958198,0.26079903645354946,0.8741584796705495
Hunan Province,961,gennorm,2.7447366065582823,0.008179942227219463,0.9861153283876511,2.4052658118458603,0.2039029208259971,0.9101624188735764
Hunan Province,962,gennorm,3.1589361455148195,-0.018001524646084503,1.024235103198371,2.130110324030527,0.1736698454588797,0.8285887911026983
Hunan Province,963,gennorm,3.3458672278031836,-0.030165127619221577,1.0328693695235025,2.3650965674980036,0.1995292546552876,0.8741411520151066
Hunan Province,964,gennorm,3.0210531844468393,0.0385000543434887,1.0064340976863386,2.807429890661144,0.18164072227806458,0.9399445399355617
Hunan Province,965,gennorm,2.59133969296054,0.02301519782240522,0.935872419775146,2.6843904024637,0.17250187474705614,0.9267829669436229
Hunan Province,966,gennorm,2.45814625284638,-0.012448909299344306,0.9100000332525722,2.183114062635888,0.19246906712632592,0.8535022219265385
Hunan Province,967,gennorm,2.9415555491849505,-0.036190688915171354,0.9776468519974735,2.1494736178620504,0.22858368181702063,0.8191609104722688
Hunan Province,968,gennorm,3.2995556015902086,-0.002716764005125818,1.0058226630332663,2.4449596792385604,0.21682663543341174,0.9047425151594286
Hunan Province,969,gennorm,3.136378215021181,0.011670962501022902,1.0202266463772311,2.223677766938783,0.20388522012880883,0.8616674825283686
Hunan Province,970,gennorm,2.2464520967121246,0.01383499710197917,0.9382916473737227,2.1763380230803877,0.17726048283652424,0.8225027755323149
Hunan Province,971,gennorm,2.552594106312432,-0.004743563427964519,0.9622091123525838,2.341152492033229,0.19442586309712004,0.838631733944802
Hunan Province,972,gennorm,2.2735928891989907,0.00851007099143573,0.8580680115412453,2.172975428242635,0.19940901791978566,0.8665860634830047
Hunan Province,973,gennorm,2.7019710125645506,0.07102283193520899,0.9421775510880059,2.9869317305917518,0.17974446057552665,0.9749776147503801
Hunan Province,974,gennorm,2.3639880208879473,0.008511658476965665,0.9151947980745962,2.4800850400977557,0.18827836183680108,0.8853156586884486
Hunan Province,975,gennorm,2.6429310015545777,0.04851339056465365,0.989457636156991,2.4135182819800898,0.1901446034402251,0.8896087875984403
Hunan Province,976,gennorm,2.99237400284541,0.010377414614115857,0.9673292217671239,2.364997801335437,0.17070233853301522,0.8469416887639203
Hunan Province,977,gennorm,2.7188153036780864,-0.018423208636824666,0.984735350660851,2.298451738650173,0.18155285162977494,0.9070706382004567
Hunan Province,978,gennorm,2.3499348498049315,0.02620785838405744,0.9317973087614732,2.605603507106398,0.19706655880635596,0.898847781721865
Hunan Province,979,gennorm,2.806223798018804,-0.02837570386134533,0.9657068964374844,2.3757733546564452,0.19182944462846657,0.8797616990035513
Hunan Province,980,gennorm,2.635208239443201,0.005749986796180641,0.9104024842766838,2.521539113722188,0.22232376845782287,0.9026335455987344
Hunan Province,981,gennorm,2.5304931981099035,0.018117479951976934,0.9327791125909533,2.579645028077901,0.22144379511604062,0.9394777314392873
Hunan Province,982,gennorm,2.1294010109997155,-0.042304379231295,0.9072280650046974,3.072819505407786,0.19926715804205086,0.9118127828860292
Hunan Province,983,gennorm,2.886819076193074,-0.00685683382010112,0.9859169588132121,2.1123684052451273,0.19300634421488938,0.8207762282984405
Hunan Province,984,gennorm,2.5621308140755406,0.01989071103122505,0.9160479230273105,2.5912151303795463,0.14882768824333298,0.9092912851921701
Hunan Province,985,gennorm,2.5606728248809523,0.023691613098309208,0.9456596101073638,2.458560028216202,0.19586235826965104,0.9033689033389993
Hunan Province,986,gennorm,2.613668186850198,0.07653595488775412,0.9927680858407419,2.1243219361252477,0.22475952523145815,0.8653116911338865
Hunan Province,987,gennorm,2.3416566441233146,0.01462071612937636,0.91385624506344,2.6638408484640914,0.2171127288028486,0.8991796455410007
Hunan Province,988,gennorm,2.958392689673206,0.008068290760873256,0.9728311865370989,2.2024373950613807,0.26092087233453765,0.8211702276822499
Hunan Province,989,gennorm,2.9968604329482957,-0.006016993211927022,0.9654442706940973,2.4781533115059986,0.22587916809032138,0.884456187365716
Hunan Province,990,gennorm,2.15122225149811,-0.059735661138938925,0.9088913496743238,2.923513408005202,0.1817014186010117,0.9095972989268473
Hunan Province,991,gennorm,2.8444151254893173,0.010855016532580062,0.9952395612552475,2.352697382359591,0.20846371455021467,0.8362623057432506
Hunan Province,992,gennorm,2.4342843147340365,-0.0009201742800671147,0.9359296354869553,2.5255690960331902,0.1627787713180293,0.8709995579888103
Hunan Province,993,gennorm,2.881674663888142,0.06655229385410552,1.0367148374972155,2.8225729933613017,0.24040102492670679,0.9775604022366576
Hunan Province,994,gennorm,2.580797334249353,0.05316672425619218,0.9537777741178073,2.461350645530417,0.17239447663459034,0.8820657618498654
Hunan Province,995,gennorm,3.074549978596467,0.025354542196913313,1.0301712027248215,2.0345835427716583,0.17824055680123785,0.8161785879501835
Hunan Province,996,gennorm,3.246918202509603,0.03447460786682152,0.9958794644067926,2.3187408319783285,0.13720491149134872,0.8613869970099965
Hunan Province,997,gennorm,2.5668211210423855,0.016183981719954426,0.9849232315530068,2.3670350864567498,0.192435224906583,0.882265203632052
Hunan Province,998,gennorm,2.5564494631982857,0.016334142954667598,0.922453138243021,2.3023585715755326,0.20321616580307392,0.8595401948406702
Hunan Province,999,gennorm,2.714292604334834,0.02468130926326495,0.956132007179816,2.5186509441322027,0.19166009561774627,0.9254559251975167
Guizhou Province,0,gennorm,1.7628358261921013,0.054891654175322935,0.6681385857181394,2.199980020938142,0.16532160948782737,0.7731577671798964
Guizhou Province,1,gennorm,1.70958598397953,0.03611108136714607,0.6608653085001881,2.3342843522701493,0.17640057537010712,0.777669781860499
Guizhou Province,2,gennorm,1.8003240588351601,0.021799970395088943,0.6880460964578361,2.4499357056079045,0.15030518960746916,0.7223655663232839
Guizhou Province,3,gennorm,2.0078159353526344,0.002856959722831712,0.7204935224263262,2.2642123794078026,0.12770433199090434,0.7589076826681149
Guizhou Province,4,gennorm,2.0430540351314543,0.005446820163133572,0.7578305827507987,2.8679483332652276,0.13246012993698292,0.8451049893587075
Guizhou Province,5,gennorm,1.8800031637040981,-0.05441034437204091,0.6885737516688946,2.3662212954868744,0.16112545267594527,0.8140899201237085
Guizhou Province,6,gennorm,1.995504670518411,0.04897534959377169,0.7082475418932636,2.518776749007074,0.15533705067321812,0.7810292026694743
Guizhou Province,7,gennorm,1.8979933280481895,0.007311918187731859,0.6839093045305633,2.514818216198548,0.12099680322258652,0.7981340991972166
Guizhou Province,8,gennorm,1.9598528264244783,0.015397018275189068,0.7221253420802906,2.701757949253893,0.12970302895056934,0.8246967162351728
Guizhou Province,9,gennorm,1.8915847037322822,0.025838249882560657,0.6786556478897326,2.4513841605419,0.1504249176046941,0.7750358882493087
Guizhou Province,10,gennorm,1.991353652504785,0.012743332995095863,0.7540521607723467,2.199975789074177,0.16194140311045732,0.7486537534592501
Guizhou Province,11,gennorm,1.3503205230549735,0.008235651347954235,0.5087139612266474,2.68980667487355,0.13550655423883753,0.8530196614688185
Guizhou Province,12,gennorm,1.8770999956965309,0.03220274498590808,0.6842724406408977,3.0056852211135086,0.13542229823495844,0.8402662007732036
Guizhou Province,13,gennorm,1.6943213081648563,0.0455603797951701,0.6575138733750905,2.2269961084577625,0.19379896170541872,0.7541591500243487
Guizhou Province,14,gennorm,1.8537861775885598,0.015462515074225996,0.7194829338874305,2.622772207267575,0.15908258309590362,0.7936016177912206
Guizhou Province,15,gennorm,1.783347203554796,0.032480855868421185,0.7237114911283288,2.7800410535754776,0.13826321659817642,0.8327864587897782
Guizhou Province,16,gennorm,1.7091975445699887,0.013398128667459729,0.6813293541857381,2.7729831755525476,0.17963158417022584,0.8207422494781402
Guizhou Province,17,gennorm,2.0125416231699074,0.015134261209973816,0.7404885062543041,3.218762959219958,0.1629392150648291,0.8902583316278011
Guizhou Province,18,gennorm,1.7892759970255518,0.019119797846026396,0.6528658187704766,2.628414336223417,0.14342403221399003,0.7860085418261518
Guizhou Province,19,gennorm,1.459632154477211,0.04670930739899204,0.6145247326579715,2.6328528560205475,0.1218874690276282,0.8194746836214075
Guizhou Province,20,gennorm,2.1356003200593037,0.01325746945482302,0.744320789186367,2.8023828677169407,0.15841449643513553,0.8391847838257598
Guizhou Province,21,gennorm,1.8710042021668796,0.042937469236404596,0.6746179930464217,2.382080397427843,0.17014768040341333,0.8054657801193944
Guizhou Province,22,gennorm,1.8015965763889485,0.03532132361362685,0.7290692633995247,2.133649115273725,0.18099227763365144,0.7616322473823187
Guizhou Province,23,gennorm,1.8943424916630864,0.008220051449203472,0.664064063120945,2.413983278047003,0.17328158182797568,0.767538164968105
Guizhou Province,24,gennorm,1.6980319287819676,0.013934067473114821,0.6342716531793946,2.2440009317652745,0.16491907802503383,0.7514681070342275
Guizhou Province,25,gennorm,2.225824617285179,-0.030666376118743083,0.7632453985377845,2.3320376475192353,0.13881653755717602,0.7587366489389759
Guizhou Province,26,gennorm,1.8427803763224713,-0.0034426940724840904,0.6765085425826174,2.4843901119554013,0.14938463986871264,0.7844720039534753
Guizhou Province,27,gennorm,1.8100493140755738,0.03774024741994943,0.6696680755953432,2.33021997389113,0.1433382185013624,0.7535657018488137
Guizhou Province,28,gennorm,2.12543092656979,0.03548052097617501,0.7244154432173383,2.7857435144261125,0.17891225347338038,0.8534223496639963
Guizhou Province,29,gennorm,2.0707263970868444,0.0412770647416411,0.7543438024190854,2.142728017290117,0.14261698774182163,0.7694692451205942
Guizhou Province,30,gennorm,2.076612714393706,-0.0012177928381331086,0.7244997223742637,2.7262862046055494,0.15932363583176026,0.8363567027581287
Guizhou Province,31,gennorm,1.6449847593050935,0.01996380409915189,0.6418517658416673,2.3912978356099392,0.16594129527220122,0.7570723006833506
Guizhou Province,32,gennorm,1.7961226284134182,0.01209518692520499,0.6816726842884456,2.8839523734220283,0.16012139340443213,0.8584867226888134
Guizhou Province,33,gennorm,2.328836000690886,0.05646171562354816,0.7704040130472516,2.2735016750542147,0.2054851804058461,0.7918874030714249
Guizhou Province,34,gennorm,1.7892727538202076,0.056296326718245485,0.6651665585731573,2.438917467166922,0.15939830214048695,0.782651217962449
Guizhou Province,35,gennorm,2.0674592262533817,0.028524910059369885,0.7118275331782219,2.2349690281923547,0.16723519791354458,0.7502581654009008
Guizhou Province,36,gennorm,1.6836452206047396,0.0436160504333121,0.6310541277002127,2.014441280196486,0.1283050043759679,0.7211303418713808
Guizhou Province,37,gennorm,1.8282416754107316,-0.015500717837789415,0.6870657125938646,2.3967615047505184,0.1750678736024492,0.7675393723492923
Guizhou Province,38,gennorm,1.723221773247444,0.04697852476091046,0.6665543863365723,1.8108662069824937,0.14851092187958403,0.6620727645143814
Guizhou Province,39,gennorm,1.835447233806922,0.015866921265979148,0.6821533898779999,2.208279828274623,0.1892397687477208,0.7524952349554512
Guizhou Province,40,gennorm,2.030211118110804,0.0027759836134381042,0.7176688332746288,2.481623374635396,0.1544889880179321,0.8059622015313412
Guizhou Province,41,gennorm,1.7226137783766489,0.03991182170969175,0.6528412304994993,2.143700951845431,0.13119536346271826,0.7367469212175051
Guizhou Province,42,gennorm,1.9988255935675965,0.0691691510282948,0.7353769591704894,2.4851950767139224,0.13745668255105475,0.776045716886216
Guizhou Province,43,gennorm,1.729143681702487,0.01644126782348793,0.6441813412701624,2.1648349804412437,0.17792992964600013,0.7693298968121192
Guizhou Province,44,gennorm,1.6573682866266974,-0.009140257690598265,0.5893593160590926,2.687768394559443,0.15945580807086873,0.8282718097081119
Guizhou Province,45,gennorm,2.1360494312230722,-0.023260444362750266,0.7516568383037217,2.8806907516503717,0.1464649925620075,0.8411043819805557
Guizhou Province,46,gennorm,1.6565091348030148,-0.0088430354441109,0.6604551419933602,2.322605369927542,0.15435002585415464,0.782760786007518
Guizhou Province,47,gennorm,1.965212415754121,0.02609608678439969,0.7318412337039659,2.580977527099514,0.1703545791077286,0.8396376942442116
Guizhou Province,48,gennorm,1.894350019716538,0.024822965396936715,0.7190066775717052,2.101501079139542,0.18568165188131808,0.7570354153700236
Guizhou Province,49,gennorm,1.903712634960624,0.0056831193743987814,0.704459146099057,3.432181398948437,0.20950061715793383,0.8698823052487294
Guizhou Province,50,gennorm,2.4691324803844674,-0.0006407962209496664,0.7925691526234997,2.3122982354717108,0.17489163801296942,0.7492533155468881
Guizhou Province,51,gennorm,1.8891508980965797,0.01370140733166053,0.6889308524571992,2.6048398171703178,0.20551708832149795,0.8192445866094163
Guizhou Province,52,gennorm,1.8686410981589465,0.01745367933620055,0.7131954692431525,2.5980259798304814,0.19118106160957335,0.8293542307510055
Guizhou Province,53,gennorm,1.6958285805229882,0.016234027248014773,0.6475478671352233,2.333124884689419,0.15438147271385344,0.791268437795657
Guizhou Province,54,gennorm,1.7800857959532612,0.018126233347661766,0.6667443126037365,2.0826439010235918,0.20093567796287254,0.7351392465381947
Guizhou Province,55,gennorm,2.1210856557424327,0.0277530277132406,0.7369975576376627,2.2655303848565884,0.17783222106689905,0.8014073689993758
Guizhou Province,56,gennorm,2.01359737909522,-0.00850334794201707,0.7044653736085439,2.599901506926942,0.18519494876814674,0.8218995791346724
Guizhou Province,57,gennorm,1.8165244214099845,0.0434192192368005,0.7178668736954217,2.3775509971017055,0.16289391973651868,0.778743094820237
Guizhou Province,58,gennorm,1.833435416882662,-0.03451643002883928,0.7170108822699326,2.0439575185955454,0.1506767095237465,0.7167184255290195
Guizhou Province,59,gennorm,1.6539266918350701,-0.0073934280173194155,0.6703995488337163,2.195618907387437,0.13797401231382428,0.7245912980134526
Guizhou Province,60,gennorm,1.9238632810794027,0.024172882873911946,0.7137447669202699,2.644102813322985,0.14738097036258901,0.7997064244192404
Guizhou Province,61,gennorm,2.0029018047349787,0.021441790388014564,0.6885723716740163,2.8045851501467975,0.1377020734879258,0.8483603112285811
Guizhou Province,62,gennorm,1.8077444772566014,-0.003883331550107348,0.6703987604921305,2.3875430818295795,0.15800774695631417,0.7685918027494372
Guizhou Province,63,gennorm,1.6723537713387637,-0.006178768474196071,0.674548230429802,2.3064156562366382,0.15235049212164709,0.7913532724035435
Guizhou Province,64,gennorm,1.8628898647538832,-0.007342461964495026,0.6736965517322953,2.341419415824536,0.16798120972297848,0.7669319709014071
Guizhou Province,65,gennorm,2.1910330646591305,0.035018319973663864,0.736177204758153,2.3643983182545627,0.15710419773303314,0.7528163059844273
Guizhou Province,66,gennorm,1.863224885001813,0.030024382029589045,0.6584033736039836,2.3337216389893984,0.18690424620987947,0.7436690024738568
Guizhou Province,67,gennorm,1.7875440290751523,-0.040187089333998574,0.6734293070159518,2.3757943743763974,0.19167709803081356,0.8080019637912078
Guizhou Province,68,gennorm,1.8525226289190422,0.005091833343993813,0.7011413437041671,2.1834573931340095,0.1934721653866905,0.7712898322689157
Guizhou Province,69,gennorm,1.7323274866683316,0.04412027344455774,0.65990458893035,2.1551498735481145,0.17086966581832963,0.745750859044944
Guizhou Province,70,gennorm,2.0922958189586884,0.002134072491050194,0.7335590500756899,2.554746843328541,0.17400704766350805,0.7915414227686257
Guizhou Province,71,gennorm,1.8645376446709983,0.04290772438845469,0.6839344583080289,2.58414667848117,0.1937227448171793,0.8089405255973815
Guizhou Province,72,gennorm,1.7797592470569912,0.002426679856668526,0.6766938377172422,2.6026163429856783,0.16166837307644383,0.8331831557252609
Guizhou Province,73,gennorm,1.597809228509716,0.0014150200775488262,0.6382888927512351,2.861243648874688,0.16292174643413104,0.8224070081288282
Guizhou Province,74,gennorm,1.6149185300526316,0.007777613466472877,0.6162403472317035,2.588102654819027,0.15490714990324772,0.7811939736799394
Guizhou Province,75,gennorm,1.737706506832776,0.0408667398303348,0.6574860931834745,2.367473604133532,0.11277855994856059,0.7825354962233555
Guizhou Province,76,gennorm,1.615764924913502,0.05200147902590738,0.6492075408069965,2.1355532073581696,0.16705888464380853,0.7209024719988544
Guizhou Province,77,gennorm,1.77328674029599,-2.80919958572812e-05,0.6661345861391703,2.5017204713200942,0.13385802968823907,0.7755080033104674
Guizhou Province,78,gennorm,2.0511720523255095,0.02402433125912634,0.7402392088613345,2.7521802024261364,0.1388227284894032,0.8274965876881761
Guizhou Province,79,gennorm,1.7069814448322722,0.026201735152220476,0.6763659089207777,2.830539696149059,0.1488305321595743,0.8268037159831738
Guizhou Province,80,gennorm,1.943489167537375,0.017003948366946738,0.7280699802421351,2.5442042053015914,0.10832284940769318,0.8112752047991907
Guizhou Province,81,gennorm,1.6042539331328465,-0.005545968496492399,0.6299264687657364,2.5411669349517467,0.16057500645337225,0.8050498690203876
Guizhou Province,82,gennorm,2.2462092170999073,0.014219459404103487,0.7274745213181522,2.0915887281511187,0.1339668270730246,0.7680983003288766
Guizhou Province,83,gennorm,1.6504637595564686,0.06849178306440473,0.6228912189028786,2.212187832987717,0.14295173688396745,0.7089771488013248
Guizhou Province,84,gennorm,1.734065742317681,0.023708054748447525,0.7030355188897024,2.46867014899458,0.15881628110680138,0.780183216871604
Guizhou Province,85,gennorm,2.1573902882273868,0.016987627631517427,0.6944278558871357,2.586882042621419,0.15902547681999185,0.7937903695186386
Guizhou Province,86,gennorm,1.8458178170279131,0.0460804080737216,0.7099786415738366,3.0204381934403672,0.1950740934185792,0.813091451889686
Guizhou Province,87,gennorm,2.1380413750772336,0.0007046985926295529,0.7136073438397481,2.427855402194674,0.1826235205933746,0.7964382713023759
Guizhou Province,88,gennorm,1.984018789338756,0.013641802907731974,0.6853211402623104,2.408506504073171,0.16081230086204729,0.7627782918759842
Guizhou Province,89,gennorm,2.0796747719755206,0.047025076568790396,0.6860609744795123,2.3274614041041986,0.18777432096204505,0.7644002903219633
Guizhou Province,90,gennorm,1.8218980133615648,0.033867656934456064,0.6732617003891331,2.56194267027654,0.14614313280108876,0.8415440832770366
Guizhou Province,91,gennorm,1.805903951838435,-0.015864560618161612,0.6709500737242691,2.1600215790945363,0.157653029692634,0.7182197038775862
Guizhou Province,92,gennorm,1.7195668244181217,0.024811446066624478,0.6575257994749213,2.670357263549276,0.17386484182278528,0.8101393607195841
Guizhou Province,93,gennorm,2.058109588915234,0.0402332673217948,0.7363924266184523,2.714240157729823,0.20936889751648521,0.8095264251992682
Guizhou Province,94,gennorm,2.0074576915089746,-0.020018452892179996,0.6553784323786145,2.5199467480643465,0.17084760602911414,0.8065945718015256
Guizhou Province,95,gennorm,1.877951527499031,0.003950102748641384,0.7140030310307058,2.141250201085834,0.14754704677459302,0.7886699052900978
Guizhou Province,96,gennorm,1.7276191042210483,-0.014115455694099489,0.6612641527380319,2.185501200868437,0.2057764342176995,0.7508845333598698
Guizhou Province,97,gennorm,1.8928022893671619,0.052423956279130685,0.7384913354499153,2.7810006489510704,0.1258562089142547,0.8298157378123294
Guizhou Province,98,gennorm,1.5190514017292447,0.04285135880691267,0.5757303849884492,2.533610737645297,0.1605506486835277,0.807198260571176
Guizhou Province,99,gennorm,1.5740625245357345,0.06896976239485106,0.6278915146839185,3.057727405037295,0.14415689600875736,0.8423333353611777
Guizhou Province,100,gennorm,1.7591323260261507,0.00034760188760389013,0.6687611215078484,2.0933950722021892,0.14839326406213632,0.7530663807982623
Guizhou Province,101,gennorm,1.5799755362133165,0.03150033784198294,0.6027377032831901,2.557303511657186,0.13868523778206196,0.7802581140839273
Guizhou Province,102,gennorm,1.6716937569785362,-0.01166427051784151,0.6316312447637571,2.856627831456538,0.18317429721317535,0.8416057652021254
Guizhou Province,103,gennorm,1.79512259041823,0.030557909095969723,0.6619755752639287,2.4882462049294887,0.21163616025024484,0.7829075960210307
Guizhou Province,104,gennorm,1.8504816600812881,0.04713443866944471,0.6724820700954213,2.372557503651068,0.11522957066343041,0.7632257308263589
Guizhou Province,105,gennorm,1.852139222611033,-0.011272952615301802,0.6797140153385857,2.2652866794620463,0.16945825877959292,0.7628132717140548
Guizhou Province,106,gennorm,1.6975864202966182,-0.03376302199135928,0.6538413778591547,2.0606158742156055,0.16578436517839398,0.7369115924465635
Guizhou Province,107,gennorm,1.6893547001497997,0.025930079412716613,0.6483546405503087,2.441762690732432,0.1867561356700988,0.7976808802046802
Guizhou Province,108,gennorm,1.8294225510686337,0.02694696677125609,0.6912595131938288,2.1176792609836816,0.2031574982375985,0.7039508578776474
Guizhou Province,109,gennorm,1.953458155828541,-0.009538935828865183,0.6903748844042275,2.5043972611786938,0.17269868157876198,0.818917517534396
Guizhou Province,110,gennorm,2.1213874249733613,0.010973279121082657,0.7592706903971765,2.1552023158921942,0.14601436428821388,0.732801603179311
Guizhou Province,111,gennorm,1.9427263255833442,-0.004385862263891179,0.7002720411145853,2.652189211345623,0.16631524412107732,0.7517463697411845
Guizhou Province,112,gennorm,2.068593749459265,0.030294986569495176,0.6953550017446919,2.3708443859075228,0.16276055677348822,0.7628429999519213
Guizhou Province,113,gennorm,1.8049894416613488,-0.005438621930056377,0.6748565636185064,2.128090510155814,0.16046941216541713,0.7089247940878285
Guizhou Province,114,gennorm,2.1304860291883996,0.030517279874927396,0.723691536594494,2.5528297902406725,0.16265378925585502,0.8127657051602938
Guizhou Province,115,gennorm,1.8202501099046864,-0.0004835672267918238,0.6621132202183696,2.7533544258169522,0.1675251755008114,0.8348521680547196
Guizhou Province,116,gennorm,1.7067614241405478,0.03690284252710744,0.6143600974246659,2.3201108046777983,0.16376750224280984,0.7909989663982537
Guizhou Province,117,gennorm,1.6580649497161832,0.0177200131434572,0.6356202266269932,2.2333165996949598,0.1900378493986259,0.7402742769006223
Guizhou Province,118,gennorm,1.9310300981565929,0.04978665497473167,0.7263725194743524,2.3896023249487093,0.161819180259419,0.7588999679840638
Guizhou Province,119,gennorm,1.827297827771529,0.03295338577533017,0.6454484266439814,2.386853645685676,0.16739708865573183,0.8067175051568258
Guizhou Province,120,gennorm,1.4559783273559956,0.03448976971168807,0.6000245574702606,2.5322096544083683,0.17717784352703297,0.8134841679523179
Guizhou Province,121,gennorm,1.7982119530840572,0.011371092818515479,0.6563358515742723,2.257386735824211,0.1601016641268576,0.8216940726254343
Guizhou Province,122,gennorm,2.0838512377349154,0.03282833826563557,0.6939272115371198,2.2065692199859956,0.14204919747086614,0.7463199013607942
Guizhou Province,123,gennorm,2.0313059759319323,0.015848598931278015,0.7046184043980657,2.374008605043309,0.15125872028926463,0.7490094585388487
Guizhou Province,124,gennorm,1.8093712035331135,-0.0023405961397950496,0.6935853398307081,2.8611115125339213,0.13465520720414947,0.8283684176969501
Guizhou Province,125,gennorm,2.0071656060120864,0.01195313254591082,0.7225115824451114,2.520938362961408,0.16106301676292384,0.7752437418957716
Guizhou Province,126,gennorm,1.5950056658257195,0.06961914499567994,0.6234528938952808,2.4662712821069714,0.13392610487727258,0.8240092109159793
Guizhou Province,127,gennorm,2.073104663242227,0.0028961030354834197,0.7164896202354111,2.3078002283493984,0.115941971862249,0.7364593255100259
Guizhou Province,128,gennorm,1.9734016295420223,0.0196993601109989,0.7348076741982118,2.73305961587545,0.19757198549874522,0.834873269935392
Guizhou Province,129,gennorm,1.937998028288574,0.00924595567947908,0.733497553039713,2.755587564366694,0.14133471873125775,0.8485302894411959
Guizhou Province,130,gennorm,1.8369742665001971,0.03449023458414778,0.7199340754937844,2.3692983454601872,0.1578849726650428,0.8095259654966291
Guizhou Province,131,gennorm,1.9012635755613045,0.05665406120001219,0.7448306863229959,2.578663843671581,0.17748307606806274,0.8197318460306211
Guizhou Province,132,gennorm,1.843211349615261,0.017031698967970292,0.7176915649576436,2.6134358878224884,0.16743270262557391,0.8008608262651211
Guizhou Province,133,gennorm,1.5911556284857853,0.004224127120009661,0.6117512799103608,2.859019053834884,0.11914920871331108,0.8058138288859391
Guizhou Province,134,gennorm,1.9050186676630445,-0.005827252664859025,0.6842634222777102,2.16954177575282,0.19287732940034497,0.7608906133757607
Guizhou Province,135,gennorm,1.8857660052330865,0.04334830622825125,0.6840963478685688,2.465698357788515,0.17417762708496776,0.8195306644669256
Guizhou Province,136,gennorm,2.173391505635034,0.0074693359798135,0.7422537739342214,2.307443325806127,0.19743638376688277,0.787911469964272
Guizhou Province,137,gennorm,1.8072496445024404,-0.02362845273588922,0.6669940091226745,2.348673091084022,0.1564497462435342,0.7771498055771049
Guizhou Province,138,gennorm,1.9996889192783516,0.0051865535571820965,0.7200673187817134,2.5764749091524,0.14626377834236326,0.7852225140146349
Guizhou Province,139,gennorm,1.7143264000751979,0.02670277376340901,0.6639994937747637,2.5315916539045222,0.16217892717594323,0.7754058560590843
Guizhou Province,140,gennorm,1.915697896581207,0.05240860506182317,0.6958977864306168,2.5110519435556258,0.17776564227104658,0.8039025086793901
Guizhou Province,141,gennorm,1.9183846892244147,0.003470101802785665,0.7333211266419264,2.5172650816380617,0.14622140939446843,0.794939686765141
Guizhou Province,142,gennorm,2.1043959208010974,0.036204616230957075,0.7444448258069458,2.198598332494597,0.16492897949898583,0.7172070477995587
Guizhou Province,143,gennorm,1.7187042979961302,0.031132116991753334,0.6154441221449372,2.449734338941205,0.177169041976043,0.7675079965804387
Guizhou Province,144,gennorm,1.684707728435886,0.0017237883991134378,0.6535224479985164,1.9993203739603485,0.14742881406216882,0.7500072608022483
Guizhou Province,145,gennorm,2.079157287691543,0.01359890193639449,0.7239911694826706,2.3357516233504967,0.1409749989322967,0.7924322758520759
Guizhou Province,146,gennorm,2.088264781282173,0.06568307647507574,0.7256119257906855,2.3599782257149657,0.12856770087453326,0.7452599754823763
Guizhou Province,147,gennorm,1.8993820277186988,8.835601184511258e-05,0.6774145548254817,2.716941596886815,0.14600977035022866,0.8245883534900412
Guizhou Province,148,gennorm,1.775348270711842,0.02057289476174423,0.647553193762856,2.6105393864242887,0.15877789409461834,0.7863528309521213
Guizhou Province,149,gennorm,1.5667719109390172,0.024839937856892973,0.623294380047605,2.0241270846263575,0.15106891668274042,0.7582166811149175
Guizhou Province,150,gennorm,2.463162131440733,0.05434305146906391,0.7661628506488515,2.736006742961373,0.18570439674260944,0.8464499538749721
Guizhou Province,151,gennorm,1.8301171743678841,-0.008645404777395362,0.6918731712795947,2.254870913289735,0.16833689943837588,0.7649578757439113
Guizhou Province,152,gennorm,1.7102796421324156,-0.01390980413567865,0.6265180855318417,2.651889322953645,0.16613765189088264,0.8077672268551948
Guizhou Province,153,gennorm,1.9832356381028657,0.01695045758242524,0.7014223751589572,2.22944488051984,0.17777103807303654,0.7562487384409868
Guizhou Province,154,gennorm,1.8853182529832049,0.015499558797154216,0.6572546654879802,2.739832078821853,0.17324960584588772,0.8102542645666282
Guizhou Province,155,gennorm,1.9477732840032507,-0.006258664623808531,0.6906913358875687,2.35507215062752,0.12995229679661865,0.7861253089082809
Guizhou Province,156,gennorm,2.036331656171847,0.020375116258912793,0.7963955732960978,2.508741940675434,0.17474782776622338,0.7885869137283676
Guizhou Province,157,gennorm,1.8019871082097403,-0.01664792441063047,0.6761369078649624,1.8768101092143592,0.13726075991106335,0.7084940099316497
Guizhou Province,158,gennorm,1.784053505134008,0.00479944924449701,0.664865463332468,2.394311821940452,0.1870512234183883,0.769000747786761
Guizhou Province,159,gennorm,2.212944802739682,0.0130710629781879,0.7673750996275281,2.5248258191952697,0.13092707271292137,0.7660433626562901
Guizhou Province,160,gennorm,1.810059012609781,-0.0042641734617297885,0.7400820329766045,2.155892724156204,0.1288282120054844,0.7732779199854221
Guizhou Province,161,gennorm,2.025582665198048,0.017474409028542356,0.7610790904665296,2.5372790610129523,0.17104777301239452,0.7899954920072341
Guizhou Province,162,gennorm,1.836671835825967,0.026316470193469388,0.7046078933329691,2.73405605742498,0.17467816755738025,0.8349008421514035
Guizhou Province,163,gennorm,1.6384003474233473,-0.006479656903628277,0.6593860876593299,2.0496072070802196,0.1785262999373855,0.7482066277487185
Guizhou Province,164,gennorm,1.790718405455293,0.05131452385598696,0.7202371997332597,2.122335079442826,0.16932342617095641,0.7410652861458014
Guizhou Province,165,gennorm,1.7457793924642349,0.02599065285934088,0.6413509347459869,2.4057371287266527,0.15256901012143745,0.7962275969779221
Guizhou Province,166,gennorm,2.2119014956018623,0.008759263656829868,0.7540583231404225,2.036265208017818,0.18053683697521533,0.732473285243422
Guizhou Province,167,gennorm,1.7850449036035063,0.021818242858680677,0.6724861152417501,2.1944500479042923,0.1281232190697565,0.7534986607228519
Guizhou Province,168,gennorm,2.2449714847174125,0.03069802418661661,0.7322008024007651,2.6313451880291527,0.16585467440792254,0.810940702245919
Guizhou Province,169,gennorm,1.736030344746962,0.02188619185731988,0.6855241099981021,2.6577909561712243,0.2022132542778065,0.8114920211018606
Guizhou Province,170,gennorm,1.7547546470694986,0.031613654721961905,0.6337172789637495,2.1186878683729713,0.17767277943525941,0.7229148293448941
Guizhou Province,171,gennorm,1.8997169317099418,0.05501360598432954,0.6985028442782959,2.2236831055645596,0.14501176470778898,0.7397466443315222
Guizhou Province,172,gennorm,1.9132784376933991,0.0002235509716807217,0.696219909943555,2.826859468029679,0.17260473077927624,0.831270993281541
Guizhou Province,173,gennorm,1.861676264205819,0.032190606152724566,0.6721166357131259,2.237457365909604,0.13696313227222714,0.7641375294226651
Guizhou Province,174,gennorm,2.148679119973064,0.0409871412878401,0.7502804631975463,2.28817317681665,0.17008664322429282,0.758004612661181
Guizhou Province,175,gennorm,1.9403140221491957,0.02255773725676139,0.7162882106586586,2.791684799470621,0.1579935022679847,0.8453054515530087
Guizhou Province,176,gennorm,1.9579209215065747,0.00022548040578084747,0.7020122940220583,2.565012729040987,0.1573492910421806,0.7532675878940669
Guizhou Province,177,gennorm,1.5815178933925664,0.00603760079240971,0.5901210168962208,2.2516131037572777,0.16393908968373458,0.7631674979288448
Guizhou Province,178,gennorm,2.062747943242441,0.023540389214140874,0.7040096963229616,2.1953978394354827,0.14754005030453773,0.758808879151915
Guizhou Province,179,gennorm,1.7234509825557607,0.0440604022006214,0.6692552124534427,2.1116910986774657,0.1520817719294928,0.7137737509963183
Guizhou Province,180,gennorm,1.5865993159914078,-0.01348658630627511,0.592449817624689,1.9520797215718222,0.16749602155523705,0.7017736396301654
Guizhou Province,181,gennorm,1.9833045308643573,0.005518304030175395,0.7306617357398081,2.942241673110797,0.14300924175126323,0.8527864838012595
Guizhou Province,182,gennorm,2.0248939407676554,0.018551403565186537,0.701673305283745,2.2658604421796205,0.18302377955994031,0.7642581948876949
Guizhou Province,183,gennorm,1.7957359443783711,0.009353173911355778,0.733535796020456,2.6236915074433123,0.1734055732342581,0.8370811342247513
Guizhou Province,184,gennorm,1.9930007316755178,0.0031582473968305006,0.6977333349412278,2.4988391903986926,0.18114485387769858,0.8085262515867259
Guizhou Province,185,gennorm,2.0581275508648016,0.00022651977743309712,0.6715481888540626,2.8531514415606125,0.2141299861227295,0.76506149663252
Guizhou Province,186,gennorm,2.1652826519687767,0.024962574012515663,0.7323976915210401,2.312912067142074,0.18041567167733796,0.740396569375612
Guizhou Province,187,gennorm,1.985958912383365,0.08066306210618307,0.7015506352224898,2.8776271940834475,0.18070807908892839,0.8539368550655188
Guizhou Province,188,gennorm,1.8391194431200741,-0.005625637270102603,0.6877431305455604,2.208192165470617,0.1518490246101145,0.7704985381610836
Guizhou Province,189,gennorm,2.032145425555151,0.0043516830652965965,0.7000229366576232,3.05189830439779,0.1624954964590648,0.8191272885167973
Guizhou Province,190,gennorm,2.233992957993485,-0.0026416716263019855,0.7373140304924437,2.3224461496886475,0.1723888705514936,0.747255734174622
Guizhou Province,191,gennorm,1.8515857495182788,-0.0007963121263664425,0.7174501411072178,2.531369551229069,0.1676474646858318,0.7780578448740431
Guizhou Province,192,gennorm,2.2124436962565603,0.048243917915995777,0.7465326915085899,2.945768877172269,0.15553834943301487,0.8286551062830019
Guizhou Province,193,gennorm,1.9244829914826882,0.03530348698745371,0.6868853349889457,3.0503362787845933,0.14851813069028402,0.9033233385478223
Guizhou Province,194,gennorm,1.7728548318799753,0.05635015387517306,0.6956405516053905,2.832052910255761,0.17690065542862132,0.7967474107258805
Guizhou Province,195,gennorm,1.6738314653228468,0.03931903488208813,0.6603375418072767,2.3260515861395206,0.14351034914614463,0.7715040180900552
Guizhou Province,196,gennorm,1.7730809922493997,-0.0010107653505793015,0.6609237090189874,2.3303414515313903,0.14931900505562484,0.7612804571115853
Guizhou Province,197,gennorm,1.6937706598038487,0.01971800330097884,0.6446286946459827,2.8726221011668693,0.2211478542040028,0.8225601940186025
Guizhou Province,198,gennorm,1.7328827273294536,0.030969428511616923,0.6350660225610052,2.280015944035834,0.1478606641773133,0.738166350310354
Guizhou Province,199,gennorm,1.9792959502676397,0.03513779941927858,0.7122510549427039,2.4235386917119044,0.17613956876835174,0.7946393746005399
Guizhou Province,200,gennorm,1.708802084522385,0.021849370786048754,0.6623674091058318,2.2957557227291874,0.11160693592586224,0.7578689713640561
Guizhou Province,201,gennorm,1.7613167745745848,0.032990312068312724,0.6882621076408557,2.1473126631154362,0.1724567871105807,0.7566638427369692
Guizhou Province,202,gennorm,1.7518304938609188,0.0214067785354388,0.6524853575182834,3.2437255664580498,0.15550187334922932,0.8341518187151615
Guizhou Province,203,gennorm,1.5985680507900462,0.019413955128398226,0.5981407358710851,2.809180032832142,0.15709975062240647,0.8141294631758437
Guizhou Province,204,gennorm,1.6616614647027683,0.029820037819294654,0.608797734465033,2.125882230245817,0.168892911791905,0.7179877997341825
Guizhou Province,205,gennorm,2.0116352261734765,0.028145159079758834,0.731149440538684,2.976195363492125,0.14085631022083256,0.8664339959354641
Guizhou Province,206,gennorm,1.8314072980984468,0.042397502651175215,0.6776294812910686,2.5944360427628896,0.15973453956028608,0.7721108548688554
Guizhou Province,207,gennorm,2.003473917284341,-0.014166564977811482,0.7487915345494494,2.7612918570546907,0.14724989233400673,0.8296217338400411
Guizhou Province,208,gennorm,1.8456568543090346,0.003455259774014786,0.6967246215905958,2.1414377924694987,0.17025028675548654,0.7555475694001543
Guizhou Province,209,gennorm,1.6317370810269598,-0.01867620632540564,0.6370646570567667,2.508095587673786,0.17200122423806996,0.8040324991033769
Guizhou Province,210,gennorm,1.943253741071152,0.004489013253047517,0.7135288971205953,2.3317605355776703,0.1806823720243553,0.7532111794658558
Guizhou Province,211,gennorm,1.7474664004292726,-0.019363859889611056,0.6425432380578986,2.1646531302361742,0.1551714221617415,0.7628277674808412
Guizhou Province,212,gennorm,1.6648277849640074,0.030730241773823525,0.6439821524425455,2.4270665210045137,0.1627987055188195,0.7925826689374571
Guizhou Province,213,gennorm,2.1436374292653095,0.05340766399300777,0.7142061064123337,2.3226812125628364,0.16720865538112362,0.7574842159859456
Guizhou Province,214,gennorm,2.011183761016694,0.045174901917245505,0.7329027708307578,2.471301957337861,0.13451915919015522,0.7607257393777979
Guizhou Province,215,gennorm,1.7715817861513656,0.010143746873027139,0.6720148307960155,2.444668443714483,0.18544017815425812,0.7591605821865253
Guizhou Province,216,gennorm,1.80399444584741,0.014483948451828786,0.7039516906238864,2.3235163197588227,0.17189568888254295,0.7560327288628113
Guizhou Province,217,gennorm,1.9830680002443049,0.031052668165675326,0.7254527863218989,2.665569486913637,0.14750653295118515,0.7971951979465375
Guizhou Province,218,gennorm,1.6688289452508493,0.03621656834074095,0.6049768987825506,2.303665817041163,0.13167109123764834,0.748461125383642
Guizhou Province,219,gennorm,1.7412016108671602,0.0348708596543334,0.6557910494877084,2.292825143123248,0.1590643384868073,0.7543259339524226
Guizhou Province,220,gennorm,2.014098423277855,-0.0023523506218401076,0.7231362254894762,2.946119719228597,0.17905473652452653,0.8522141443832809
Guizhou Province,221,gennorm,1.9295065490595777,0.03960194997890282,0.7391157563451096,2.219483344154865,0.1447276792025865,0.7854561594903141
Guizhou Province,222,gennorm,2.330705615397047,0.03678061956447479,0.7975319930431337,2.067915578259813,0.16198886021107362,0.7304267853571842
Guizhou Province,223,gennorm,1.8050573131527736,0.030728464193458448,0.6957293808624605,2.3685255616408583,0.15262903501514996,0.7517737609297654
Guizhou Province,224,gennorm,1.6817562773441903,0.040244044957808305,0.6566463310196687,2.4364263963454578,0.14914127928700338,0.7842782891857412
Guizhou Province,225,gennorm,1.7485433191745583,0.03038706908773866,0.6538500244168497,2.727904282014986,0.18299924046004212,0.7833752698560581
Guizhou Province,226,gennorm,1.8378548578363896,-0.0017287870007471346,0.7011466884583715,2.821529456695128,0.16765725129027015,0.8319238108728529
Guizhou Province,227,gennorm,1.9221823717228719,0.045144297490208846,0.7126173875742504,2.4544256141967846,0.16849390615359058,0.8100918276641238
Guizhou Province,228,gennorm,1.8073976441318327,0.020139098725079307,0.6550993668290506,2.24133672946816,0.12050179906862651,0.7790850058112558
Guizhou Province,229,gennorm,1.8064026609522204,0.023554250664084737,0.706584103637554,2.5865503953072686,0.161733776465942,0.7758681925932882
Guizhou Province,230,gennorm,1.691461579739213,0.03707162016389755,0.6393214213940492,2.230470557403538,0.1779137278496427,0.7208188924130985
Guizhou Province,231,gennorm,1.9042187884107573,0.01488741478418333,0.7069897116393256,2.2194937837792423,0.16899272910225288,0.7369185006421524
Guizhou Province,232,gennorm,1.7230001615213513,0.012426136141974268,0.6757699580349614,2.420309556050241,0.16430373986334712,0.7857025419388612
Guizhou Province,233,gennorm,2.0807166733945817,0.02452443559424035,0.7551262951610072,2.4678086334202196,0.18767855274151907,0.7982145231733857
Guizhou Province,234,gennorm,1.8262267999260509,0.047609155729948255,0.676721407536873,2.4124341239650935,0.13152315485328686,0.751176462368462
Guizhou Province,235,gennorm,1.8366364129533626,-0.026248256804759826,0.6514048977644635,2.3869454255463123,0.21719627708444067,0.7723875797614845
Guizhou Province,236,gennorm,1.7655664860590061,0.0009268747547435124,0.6479363746555815,2.146716326617611,0.1626669764849883,0.7391795097116018
Guizhou Province,237,gennorm,2.0111272031597265,-0.017897755701857053,0.6918807136010826,2.2475729749084836,0.18492240479630412,0.7822801323961452
Guizhou Province,238,gennorm,1.9402117545942361,0.02833350376218311,0.6946282912814321,2.0977237677522145,0.14644122834317636,0.7312956283557589
Guizhou Province,239,gennorm,1.805704399659209,0.004446358946848608,0.6828298545977414,2.8767030423277316,0.17823851101764449,0.8128407007374685
Guizhou Province,240,gennorm,1.8992642766545909,-0.006322190541080772,0.6972675691229224,2.7505763119913174,0.17015884192067496,0.8044581200878328
Guizhou Province,241,gennorm,1.5318669479192732,0.0007923030909180214,0.6163761669957912,2.3606046115839936,0.18353856334285706,0.7922847575720895
Guizhou Province,242,gennorm,1.745482218073752,-0.020665727275165975,0.6531433177901473,2.6897864690196807,0.14602699825187976,0.8317745241926173
Guizhou Province,243,gennorm,1.9270941206216219,0.030721598364987106,0.7161630727086523,2.4324959844760703,0.1652636445013222,0.809026252543997
Guizhou Province,244,gennorm,2.3100493607657118,0.02997722821551553,0.787944097541965,2.31580749834073,0.16218017141209906,0.7706911116265778
Guizhou Province,245,gennorm,1.522259240370079,0.028021144483594766,0.6090476139947067,2.8072630602886397,0.2059464620409476,0.8439833352315569
Guizhou Province,246,gennorm,1.9646611257630688,-0.025900805547446608,0.7017732597646595,2.531433748693778,0.1331488649024024,0.7857289736447595
Guizhou Province,247,gennorm,2.0379032883875103,0.024476281671172016,0.7636933386119242,2.5205800243023955,0.14813499905565491,0.7857850513274222
Guizhou Province,248,gennorm,2.0538230452998087,0.017269497184871467,0.7099670024694308,2.4613335700817336,0.15675741853269198,0.8202446186905819
Guizhou Province,249,gennorm,1.814720244331776,0.00020782497535010592,0.6905549668746229,2.6052237429064817,0.17730922676974675,0.7976604335931403
Guizhou Province,250,gennorm,1.565992689300329,0.04230489654318009,0.5966537402495979,2.71033050956264,0.14137497016432626,0.8195515983506244
Guizhou Province,251,gennorm,1.6871565012823642,0.04080258345699571,0.6617047171666712,2.3213156724647943,0.17448182827393116,0.789432906338755
Guizhou Province,252,gennorm,1.4608468988624224,0.023474898829921702,0.5778005499130735,2.1438986668186883,0.20414805783883283,0.740183177325864
Guizhou Province,253,gennorm,1.7606646593698696,-0.0029500909917496553,0.700208175405431,2.5722648041973466,0.15216540435389536,0.8225134353580453
Guizhou Province,254,gennorm,1.9324524279997868,0.0010638111104646331,0.7008235489520489,2.1932373406306738,0.16744901083558433,0.7440432563014245
Guizhou Province,255,gennorm,1.6039047597238385,0.03853163508642149,0.6476243612267159,2.6630934715407504,0.11108969186215117,0.8255427113925318
Guizhou Province,256,gennorm,1.9484170461291024,0.0006137586555696537,0.7275598336751959,2.260811162841472,0.15736967292659973,0.7558732627559115
Guizhou Province,257,gennorm,1.6659313450980948,0.02502066510710134,0.6588923282819912,2.4121944772292583,0.1754378326068765,0.7750625915452438
Guizhou Province,258,gennorm,1.6682928205594143,0.015308111774843348,0.6466628947546688,2.655457564756057,0.17227014893465076,0.7933102281425821
Guizhou Province,259,gennorm,2.0729643810903307,0.022421040082344156,0.7432808244570897,2.508120323823559,0.14161127930677986,0.8023785151156521
Guizhou Province,260,gennorm,1.4934696137556815,0.011355896556008414,0.5878420437994041,2.350961798112963,0.1767867089355562,0.7879684949510286
Guizhou Province,261,gennorm,1.756217658493004,0.038035416525962915,0.6540981504734864,2.192185017995473,0.18088488347548354,0.7232946278215745
Guizhou Province,262,gennorm,1.7630007338454994,-0.00994045852499294,0.6612952398540217,2.7096752391125687,0.14510822689085223,0.8216292084053991
Guizhou Province,263,gennorm,2.002589220743505,0.00038888880200977174,0.7088413446472523,2.193926469556162,0.18363822063465912,0.7330680355110379
Guizhou Province,264,gennorm,1.6797252258575766,0.057738977515902214,0.6183723772348342,2.2317743891263584,0.16449761298723248,0.745396957517169
Guizhou Province,265,gennorm,1.8549383538311275,0.01948243949899376,0.6923985376441822,2.555387767378962,0.20040115228955285,0.7647985254755167
Guizhou Province,266,gennorm,1.691626988605662,0.027871142926340364,0.5998639387348323,2.326007866111118,0.16055708095521926,0.7787473011850432
Guizhou Province,267,gennorm,1.8177139510792644,0.029010505225049964,0.6951465116750388,2.2004503523447987,0.15128814755720216,0.7628110727702828
Guizhou Province,268,gennorm,2.1648648620900968,0.027109482487464157,0.7935776922464108,2.5466296185465422,0.17928090372722363,0.7720577576280969
Guizhou Province,269,gennorm,1.793699176912786,0.029938592969686203,0.6638110569834432,2.2668595239842033,0.16980788240410388,0.7552141184625929
Guizhou Province,270,gennorm,1.7844128805019897,0.028001072937400704,0.6929831342773306,2.674266102861153,0.16044466654015305,0.7920210426591001
Guizhou Province,271,gennorm,2.1016482197260293,0.01519402895652677,0.7386835456580599,2.0177401937367927,0.14856069178859788,0.7300282166228083
Guizhou Province,272,gennorm,1.8126670086335308,0.032016362637446796,0.7084699007478059,3.020678225591524,0.15326587967946098,0.8366790000590429
Guizhou Province,273,gennorm,1.7268669462027706,0.02523935839157431,0.6428121648590597,2.493715634079181,0.12180498059582211,0.8164977769664965
Guizhou Province,274,gennorm,1.6677323160742348,-0.006308205500909341,0.6381596579720181,2.429313278113798,0.17807388078682773,0.7710174816565161
Guizhou Province,275,gennorm,2.127252018093793,0.016413973482190113,0.7190964455543655,2.5356579453147745,0.1821339744611025,0.790968967811923
Guizhou Province,276,gennorm,1.772064546813846,0.03493286174634416,0.6737518431751703,2.2109113352420797,0.1639836226900842,0.7823630896094926
Guizhou Province,277,gennorm,2.1470441662392963,0.010806979194737307,0.7296750990731845,2.5864988372428943,0.1794159144183024,0.7969944614611693
Guizhou Province,278,gennorm,1.9242831880144153,0.006851685597339873,0.7159529614968096,2.4463787424245362,0.18498605452119662,0.7584522069794075
Guizhou Province,279,gennorm,1.6875025661074554,0.01810959342625741,0.6408135394904846,3.077959200871205,0.1862397211771969,0.8026624228822508
Guizhou Province,280,gennorm,1.7915710360712016,0.0265843573066286,0.6801091039195484,2.5642002272395743,0.10885157321723864,0.8175235880846128
Guizhou Province,281,gennorm,2.066109269715788,-0.005005985042679441,0.7242769059524246,2.346269873167544,0.20692485634650365,0.7996772966845063
Guizhou Province,282,gennorm,1.944522352553315,0.02049339308682103,0.7115842613838422,2.22944246565448,0.17464199678319733,0.764087977902933
Guizhou Province,283,gennorm,1.8150325935670306,0.011831355681790005,0.6632298865458994,2.6295580626966095,0.1536423900980989,0.823949923819943
Guizhou Province,284,gennorm,2.099283914737392,-0.006755487853917299,0.7233714248955956,2.273967331932166,0.1761307258266948,0.7456457100856073
Guizhou Province,285,gennorm,1.6394653602916214,0.05180133391556202,0.6359711160230295,2.9006300792355573,0.1794198193765504,0.8580797267545058
Guizhou Province,286,gennorm,1.716851241709167,-0.01092308137449102,0.6260436175862677,2.2408368152444953,0.18793532253726825,0.7529042215038867
Guizhou Province,287,gennorm,1.6268450536083554,0.04389073765197443,0.6218159753557106,2.2485724358404786,0.13320575027307663,0.7494007775430267
Guizhou Province,288,gennorm,1.8050717916760668,0.00016533381699047455,0.7041490551292291,2.16883583231722,0.15421926551393644,0.7293204444216225
Guizhou Province,289,gennorm,1.8192767650474169,0.021725942670246426,0.6468671179812151,1.7799035488836414,0.18060529747851595,0.6489033313101744
Guizhou Province,290,gennorm,1.818251147224446,0.010880286114841552,0.6669300873126153,2.5421138413751745,0.13012056486628543,0.7925368347005248
Guizhou Province,291,gennorm,1.7670299271837937,-0.011162931652801262,0.6639342441092619,2.2227438259063375,0.12472515466417294,0.7630644385607157
Guizhou Province,292,gennorm,1.8013195624263691,0.003880591165568165,0.664705309923322,2.409399222482312,0.1451121194746755,0.8055669337342914
Guizhou Province,293,gennorm,2.207159663797073,0.031668823343942304,0.7263892700350325,2.416172904090482,0.17202526226098402,0.79510728812292
Guizhou Province,294,gennorm,1.5874091788548315,0.0028688660078321666,0.611568571637797,2.216401236221211,0.16247243960180968,0.7677925017105575
Guizhou Province,295,gennorm,1.6856198778287537,0.018279588481595166,0.6617895555762581,2.572897780535931,0.17437351804473178,0.8215896667382081
Guizhou Province,296,gennorm,1.8604280412154444,0.028817452158646055,0.6895373875716195,1.9075335231769392,0.1429402249854091,0.6888476527385595
Guizhou Province,297,gennorm,1.8325171883547746,0.04414027534066942,0.6959949523064454,2.5441402369531882,0.15326854577059995,0.7784099546888903
Guizhou Province,298,gennorm,1.983762683856078,0.032516359477864215,0.7212710020225472,2.460765048108941,0.13899489641452914,0.7748603922448809
Guizhou Province,299,gennorm,1.9907713720087639,0.026089041734315154,0.7241175673069871,2.286573401597728,0.12287646903575679,0.7663547596132367
Guizhou Province,300,gennorm,1.8474318442750808,-0.011547984495622207,0.7088994090845111,2.2275262752714813,0.16140677186945124,0.8201697683046316
Guizhou Province,301,gennorm,1.7556886049457614,-0.02457688577332818,0.6859536359833098,2.467418544473745,0.1655982030920615,0.8119267483445094
Guizhou Province,302,gennorm,1.8848229820291136,0.004291541603695736,0.6678351643562963,2.4668814567439,0.1703293506414511,0.7718644966522112
Guizhou Province,303,gennorm,2.065173760738053,0.04357018989959287,0.7044066570530929,2.5921073368933962,0.16307391420473305,0.7995117327003844
Guizhou Province,304,gennorm,1.7798733379386693,0.01555961285313345,0.6435664995957617,2.3918612619264543,0.15505898807878635,0.7996754408019586
Guizhou Province,305,gennorm,2.085616051392331,0.031243368161107468,0.6830344356060005,2.5523541890644017,0.16079816995710544,0.8123559549524622
Guizhou Province,306,gennorm,1.7572911336617119,0.04834503718153399,0.6696393291230662,2.497082926053543,0.19114464030684736,0.8338839459376017
Guizhou Province,307,gennorm,1.8925252285611776,-0.029079510866468962,0.6919536059911837,2.6061315624306074,0.1999129381510197,0.7849846311565691
Guizhou Province,308,gennorm,1.9592505298234721,0.0008519952413392853,0.6794420103678417,2.5962165177446135,0.09273034715666692,0.8196665886823112
Guizhou Province,309,gennorm,1.797547357266913,-0.012564114949148003,0.68000629309309,2.593519510939729,0.17371295785173907,0.8182288105120774
Guizhou Province,310,gennorm,2.2057649165781106,-0.025259645355008777,0.7700863474254296,2.4599050543754464,0.17425635538565465,0.7535446058820263
Guizhou Province,311,gennorm,1.666617177451705,0.0239488569800856,0.6351909855360461,2.400961794721533,0.17375819322758457,0.7820287611287571
Guizhou Province,312,gennorm,1.991889288663204,0.00160744104461441,0.6568939392315098,2.706919210334541,0.17916868158378296,0.7826766712546347
Guizhou Province,313,gennorm,2.15051755007309,0.00434092435667466,0.7139912607956654,2.717693101956251,0.13149155331133894,0.8362965787173724
Guizhou Province,314,gennorm,1.6664934388607704,0.005886131865483579,0.6169421274973768,2.8296580484408853,0.1762069651144355,0.8656131965944993
Guizhou Province,315,gennorm,2.232187200424378,0.035923961775314234,0.7217367488714472,2.3761861594626055,0.14910977026887404,0.745444574748893
Guizhou Province,316,gennorm,2.196292265838645,0.03499641547069861,0.7308050675121303,2.6064363143018623,0.2023977940319654,0.8039770789808129
Guizhou Province,317,gennorm,2.055410766252936,0.0141338149700992,0.7385403547371487,2.5360594162605308,0.13938487362326363,0.8129767758404525
Guizhou Province,318,gennorm,1.9396055445419327,0.03685573302217439,0.70881304686949,2.2806596791572007,0.17977512075420732,0.7585270746011128
Guizhou Province,319,gennorm,1.9745161838280665,-0.01142014458797204,0.7128645300004766,2.515026927436123,0.1583150299423647,0.7972847823249056
Guizhou Province,320,gennorm,1.4750894974616573,0.014886803894930717,0.591571533347814,2.568134771244117,0.16498132871746596,0.8131721842573792
Guizhou Province,321,gennorm,2.167003212074843,-0.004259676805280591,0.7092594532196068,2.704246233528333,0.16599640063229365,0.8626684198592394
Guizhou Province,322,gennorm,1.9506124081624985,0.015593273501939248,0.7135094747275758,2.536397867492986,0.18575693487972333,0.7542677812664471
Guizhou Province,323,gennorm,1.8557411922283849,0.024117772421577394,0.7154716953001368,2.3791733315236216,0.12998695128499993,0.8071925554644723
Guizhou Province,324,gennorm,1.8663533744348921,0.042275995455069264,0.6773749105523037,2.184316469566359,0.15047144396508122,0.7516171033323458
Guizhou Province,325,gennorm,1.7976000836256762,0.032138432222430936,0.7049807806493709,2.477499197979161,0.1830833114374745,0.7932231575291251
Guizhou Province,326,gennorm,2.2812363116609102,0.015998136922168164,0.7776635536173655,2.6130130856404037,0.15918579570683333,0.8153208329568324
Guizhou Province,327,gennorm,1.7332926841333567,0.0412952620952107,0.690585543347737,2.7578872846430347,0.17098163078616635,0.7747544314770367
Guizhou Province,328,gennorm,1.9463707093115286,0.02211088136813337,0.7145116689611174,2.2000390694879277,0.20313466624980456,0.7373804262540471
Guizhou Province,329,gennorm,1.9344254571580248,-0.040057567481526564,0.7197356250446482,2.447168295897767,0.18091281271895918,0.7753130715132968
Guizhou Province,330,gennorm,1.9193458507763062,0.02388564200150405,0.6998812158441718,2.370875307355165,0.17711089746676018,0.8071086341238422
Guizhou Province,331,gennorm,1.7063477081640905,0.05461143756496126,0.6414745147727228,2.2553897324536383,0.17339409628906058,0.7815093200406866
Guizhou Province,332,gennorm,1.670577728055926,0.0024764271310921404,0.6461345725674181,2.6561493287535347,0.1475142885750101,0.7713500063697525
Guizhou Province,333,gennorm,2.0023527141488464,0.00966335543706148,0.689864447181314,2.7975443644297755,0.15284701434964187,0.823782080050276
Guizhou Province,334,gennorm,1.6901926322465233,0.034477906540263045,0.6069752074356006,3.079206363786276,0.14280684845788144,0.8532403153218039
Guizhou Province,335,gennorm,2.0062279162281422,-0.008219262438640185,0.7535408051772022,2.613119141846191,0.14376769655782395,0.7735694233467802
Guizhou Province,336,gennorm,1.6075934623102883,0.03510867826871647,0.6426627336191773,2.748179846861433,0.17254630890696707,0.8472863045087795
Guizhou Province,337,gennorm,1.6618042552638057,0.011847320728856673,0.6562906738098537,2.8957841791534547,0.1945638251307984,0.8346950627027927
Guizhou Province,338,gennorm,1.7989410612729082,0.020791988635192715,0.6607702488126266,2.7894350317185297,0.18600533240122133,0.7880408675123377
Guizhou Province,339,gennorm,1.8401540721316874,-0.039050264590963765,0.7021014228347706,2.239570672838746,0.13787767391948985,0.7707596319892827
Guizhou Province,340,gennorm,1.7333330925870831,0.04063985950293196,0.6671218926581433,2.1473816708989406,0.18597526658521893,0.7336011850636777
Guizhou Province,341,gennorm,1.9228001951906508,-0.013094421307176595,0.6934055943190287,2.1592513146808603,0.1536130696064963,0.7406622744408922
Guizhou Province,342,gennorm,1.976109262703571,0.033499033196195835,0.7269356333619725,2.510541646380188,0.15172158097093374,0.8008280426695026
Guizhou Province,343,gennorm,1.9200266658820282,0.03610885339283913,0.7091382869341001,2.4540357129475914,0.20493399064532852,0.7631859031970453
Guizhou Province,344,gennorm,1.7328058924487075,0.03767490148302826,0.6168222306156284,2.623321763168119,0.15432831440314815,0.8319205552925991
Guizhou Province,345,gennorm,1.6661112310367567,-0.0004645872240523504,0.6347583135060421,2.6392890206506077,0.12451975464124995,0.7928258648425976
Guizhou Province,346,gennorm,2.085881991063496,0.0682946751839709,0.7624141969159872,2.1982699424528227,0.17468428943898595,0.7562251948593381
Guizhou Province,347,gennorm,1.6591260141326938,0.053397304882353655,0.6217342023574912,2.392508581786548,0.17116666000767952,0.824703265949866
Guizhou Province,348,gennorm,1.6364272593002203,0.018278977525256035,0.6375477103390776,2.328359668845466,0.1612678493078331,0.782414966904304
Guizhou Province,349,gennorm,1.8658604988307652,0.033014254348890174,0.6911268857164872,2.5184851863229163,0.16245871903874032,0.7537699086162009
Guizhou Province,350,gennorm,1.902275402549947,0.05627515044313213,0.6986685404275681,2.227460058089047,0.16167040049111975,0.7531045359347135
Guizhou Province,351,gennorm,1.541823115949125,0.0248843956034815,0.5851458244268966,2.1882568639082525,0.1358429528531238,0.7123073346574531
Guizhou Province,352,gennorm,1.8388933496004363,0.020333074281050238,0.6936464531021123,2.3732297597918652,0.17715609143705702,0.7658503882975269
Guizhou Province,353,gennorm,1.871806944976712,0.022432806054730234,0.6770541412411403,2.2936868267061765,0.13483396657543611,0.7689263388278199
Guizhou Province,354,gennorm,1.870243380799876,-0.002513366917546795,0.6687333349096062,2.176032213737971,0.1767817428847176,0.7354501887353495
Guizhou Province,355,gennorm,1.9675415582210485,0.03980316879794085,0.6885952427426721,3.0693473059943512,0.1562572919093676,0.8492739259908628
Guizhou Province,356,gennorm,1.6238938923184154,-0.019943900095959387,0.6140081852499508,2.1085778131155015,0.18994928364611052,0.7152641176013812
Guizhou Province,357,gennorm,1.831835474027045,0.021525296072960748,0.6876001172402049,2.341892923113141,0.18727653485641563,0.7541965620827745
Guizhou Province,358,gennorm,1.8530701099772533,0.017867304591695367,0.6806568228335952,2.443467946825478,0.1447813538800074,0.7808983970870269
Guizhou Province,359,gennorm,1.6596103960283768,0.02963200219389995,0.6468541890193613,1.9276504056315389,0.16830567101349583,0.729046058376808
Guizhou Province,360,gennorm,2.0749630891324973,-0.012085144540071209,0.7623138086846315,2.5786852061176426,0.17549117864451635,0.7916902863668152
Guizhou Province,361,gennorm,2.245254879849242,0.024985847217915098,0.7668854982463854,2.6507686647426807,0.14454196047141765,0.786744784461852
Guizhou Province,362,gennorm,1.989292285482191,0.010150408851298292,0.7215903648211883,2.5281537128744356,0.16134637821698505,0.8196899146147285
Guizhou Province,363,gennorm,1.8415064297938677,0.04613438793743404,0.6923983789639815,2.533924941665526,0.21031551871089105,0.8179253461705658
Guizhou Province,364,gennorm,1.975090783752239,0.04801131569633249,0.7013977181681927,2.5344557911635714,0.17985799374942804,0.7534993872553071
Guizhou Province,365,gennorm,1.7562781726424204,-0.004656509679226218,0.6300129367891688,2.3090057753287674,0.18149201117722688,0.7946173263008081
Guizhou Province,366,gennorm,1.5848743061109856,-0.050344943025512436,0.6233001096466771,2.544561982698072,0.1528410324236579,0.7789606795550592
Guizhou Province,367,gennorm,2.1132766936946243,0.029846705621546288,0.7440349525972179,2.2021494131728225,0.14019965522951142,0.728347164114858
Guizhou Province,368,gennorm,1.8593605865586218,0.02130715754200453,0.6844555109484523,2.3566018669959723,0.1771831114312506,0.7788795233685715
Guizhou Province,369,gennorm,1.9592441799848956,0.03308191999446657,0.7451157844549058,2.4673547673344007,0.15089925515015587,0.8045085249423787
Guizhou Province,370,gennorm,2.0339757465101194,0.039590006056196975,0.7335143011882033,2.2855412615437127,0.17678727232745628,0.7685230145259248
Guizhou Province,371,gennorm,1.5817701445271237,0.04388371724503956,0.6390010601773158,2.334624935747158,0.18798247817888517,0.7810842458090903
Guizhou Province,372,gennorm,1.8555641082874996,0.009161291499627616,0.6777808242173871,2.0529792660591246,0.19654965429123428,0.7109159402859391
Guizhou Province,373,gennorm,1.9271174380252645,0.013411891763884538,0.7448482566281913,2.8224503562195387,0.17438951018852739,0.805676516149709
Guizhou Province,374,gennorm,1.7855675584373936,0.009210779004279183,0.650642352294272,2.9007884967177997,0.1597446274570065,0.8217489564698006
Guizhou Province,375,gennorm,2.0699867771896665,0.02509761837951191,0.7121265491769634,2.754887720285339,0.17807936015006653,0.8286571673569857
Guizhou Province,376,gennorm,2.0247545727585132,-0.013303837716576384,0.7063531129142175,2.5098195540015897,0.1682211400119792,0.7940333675004286
Guizhou Province,377,gennorm,1.711182830409999,0.024519719386237558,0.6767603056146356,2.2721251239299374,0.17912619139635721,0.7535855150859254
Guizhou Province,378,gennorm,1.6234462568863992,-0.030102726612355288,0.6138599740141686,2.3080139748914634,0.14597717719673536,0.7729144066079439
Guizhou Province,379,gennorm,1.764346497608595,0.005673364412975421,0.660383233025156,2.4852652972967526,0.14368865642628667,0.771223963299674
Guizhou Province,380,gennorm,1.7526698141928643,-0.0002305452946907748,0.6659514069316423,2.4928078478937024,0.16605901906248732,0.7673830669653436
Guizhou Province,381,gennorm,1.8987590210888328,0.015144146133156195,0.736531661617144,1.8580149850932477,0.1913895085279474,0.7044656569264856
Guizhou Province,382,gennorm,2.013834946050814,0.01788503848151432,0.7018721391466607,2.63484149975294,0.17222874902765953,0.8200726042989257
Guizhou Province,383,gennorm,1.8685808238034909,0.020920932128357266,0.7369179209368358,2.537378573220852,0.1493235450578157,0.8254597123689306
Guizhou Province,384,gennorm,1.996309977062793,0.010277444397828132,0.6916427010249213,2.638133152874806,0.16775894090498655,0.7809451714808364
Guizhou Province,385,gennorm,1.9682746227809038,0.022714176195924175,0.710210429131447,2.3555001275736394,0.18100010521954554,0.7578212684175707
Guizhou Province,386,gennorm,2.05213466731645,0.024443655373246928,0.7348131798033819,2.5992492843946007,0.15891560718961678,0.8072117752438286
Guizhou Province,387,gennorm,1.9684492811761591,0.017563836540218647,0.7097449923391477,2.6083732805779105,0.12795001317037197,0.8315887982970025
Guizhou Province,388,gennorm,1.9597226398201584,-0.0015499555520962888,0.6666330527636846,2.419939315321985,0.15526701022147976,0.7883646954875574
Guizhou Province,389,gennorm,1.7549083130248904,0.05104897579145,0.6503236049229717,2.2753895425035378,0.1372087496816618,0.7498651470775213
Guizhou Province,390,gennorm,1.8157354775691625,-0.0022291903795592996,0.6962997897287553,2.1931063381224654,0.15515218214912752,0.7922474333809324
Guizhou Province,391,gennorm,1.6382985597580715,0.08417018480000166,0.6377913330415153,2.5202033325302295,0.1718574476751673,0.8090341757274115
Guizhou Province,392,gennorm,1.8038803674207915,0.0352077918812468,0.669063997723808,2.849003147155991,0.17609232246759382,0.8140809468617706
Guizhou Province,393,gennorm,2.1981077212274185,-0.0021431069917995467,0.7431027142290278,2.48356629604734,0.16237018335780978,0.810159664057337
Guizhou Province,394,gennorm,1.7637180483979753,0.03390537816749978,0.6841273308564212,2.5741724188002473,0.1695413550960131,0.8158044603077619
Guizhou Province,395,gennorm,1.876948778065794,0.03786944851671814,0.6876698247964501,2.523152787886705,0.16871320445564147,0.8258643675595654
Guizhou Province,396,gennorm,1.8253407695064974,0.030231005709197654,0.7144860247893154,2.292228317113998,0.1694418270561508,0.7943389920009387
Guizhou Province,397,gennorm,1.6997750334508623,0.012017996601514551,0.6804304226731142,2.5033314853229984,0.1456917614037711,0.7673942089816923
Guizhou Province,398,gennorm,1.8185553599373234,0.02259735023831924,0.619476487602441,2.123708836394534,0.185037864485321,0.7490306061445933
Guizhou Province,399,gennorm,1.9364876759911178,0.0418864486457389,0.7087725843323696,2.7315841263869833,0.1590811378998673,0.8301802297761924
Guizhou Province,400,gennorm,1.7998809955018094,0.06752864199684841,0.6789141786484743,2.96328624860269,0.16424970223524837,0.8253603651232719
Guizhou Province,401,gennorm,1.8988823566719035,0.008931284285177268,0.6835027338627695,2.12400869721138,0.19950621003446506,0.7510734632631882
Guizhou Province,402,gennorm,1.7817344424497392,0.04468682753026265,0.6597511436374007,3.0964777872466986,0.17514811686061332,0.8242668166808634
Guizhou Province,403,gennorm,1.9119494151980607,0.024044163238541874,0.7096150988831085,2.596623423958072,0.14040131227676567,0.8116290826437487
Guizhou Province,404,gennorm,1.8427447590452433,0.04514160303173184,0.7249074654260483,2.575369040580515,0.20170508395488934,0.7792770809339615
Guizhou Province,405,gennorm,1.7181564462949561,0.0015734644105761105,0.6731539734022802,2.4955709229161034,0.22276827928941828,0.7579270319678548
Guizhou Province,406,gennorm,1.6765951888679351,0.02408990001286064,0.6661355765275794,3.1852064788581176,0.19897458019423664,0.8659545358797411
Guizhou Province,407,gennorm,1.823883201864441,0.027244340458465015,0.6776226097273895,2.5354611700504357,0.1464482522384548,0.8059459140418257
Guizhou Province,408,gennorm,1.682923590610093,0.04078868864104509,0.6538262383827413,2.4255340996449215,0.1648793865964008,0.7801277052461716
Guizhou Province,409,gennorm,1.7155324603201043,-0.015846266342804602,0.6143736593991878,2.669056433242302,0.15769409821925856,0.8307376289194499
Guizhou Province,410,gennorm,1.9544394146626187,0.005224681073677507,0.7054088662703375,2.3072139315836404,0.1854518307821863,0.7514800282311254
Guizhou Province,411,gennorm,2.205451190984305,0.03172282132488822,0.7414678393531999,2.3770242101586794,0.153160562899168,0.7727301374539892
Guizhou Province,412,gennorm,2.168171403655937,0.02318262197679672,0.7497866929977011,2.369377929702698,0.15675872303673882,0.7568492936096116
Guizhou Province,413,gennorm,1.5796903434515377,0.03050866909110047,0.6569788275215316,2.447125431902619,0.1468979709523997,0.7768889535953879
Guizhou Province,414,gennorm,2.0400050761566906,-0.013587502557285924,0.7586138655319532,2.331896438240549,0.1409167618371423,0.7678210521150035
Guizhou Province,415,gennorm,2.0341293222046897,-0.0006747191581623724,0.6759541529997044,2.5360419335167235,0.1747964804811052,0.7867955305557014
Guizhou Province,416,gennorm,1.9976673640375249,0.046158603237403846,0.6776670127573211,2.8485503749950576,0.1808857513469829,0.8381258867468353
Guizhou Province,417,gennorm,1.7005110707506268,0.013985504529392036,0.6517692099286458,2.681647674539143,0.1620955471934472,0.8025416489319355
Guizhou Province,418,gennorm,2.2031428458357345,0.008208310693139481,0.7282649086777435,2.5655114918477357,0.19783775775739829,0.7974837472253229
Guizhou Province,419,gennorm,1.7885637610756402,0.025251316349744493,0.6684598552865906,2.409557799564428,0.1966487322762107,0.7975371908195177
Guizhou Province,420,gennorm,1.7175289844265205,0.007469070032721847,0.6514894715599546,2.405493641791265,0.17073774222271468,0.762104151753926
Guizhou Province,421,gennorm,1.6613322061971822,0.02694119450385076,0.6337649678818759,2.6268868088997515,0.15095526256695666,0.8220037123191817
Guizhou Province,422,gennorm,1.8098699468183428,-0.0062997782296358145,0.6608512094916759,2.7557662923472,0.1525689696602518,0.7823224711915271
Guizhou Province,423,gennorm,1.7136353728055203,0.04754888711922552,0.679992003818326,2.2800435084306985,0.12708372760486347,0.8151648189849985
Guizhou Province,424,gennorm,1.6051264975040687,-0.007248162226012676,0.6364451461970287,2.461655444552993,0.15656827709857973,0.8079817115235333
Guizhou Province,425,gennorm,2.211972939074443,0.018762997321788592,0.7122550986803876,2.7608696390690506,0.16969342895159623,0.8330832477323633
Guizhou Province,426,gennorm,1.8912973578848429,-0.0023876874298979327,0.7159986471392015,2.4933588256655472,0.19785018043837843,0.7741706665554724
Guizhou Province,427,gennorm,2.0163410867888776,-0.00856833340863863,0.7257439441416815,2.4083076070415563,0.1781067487227811,0.7875190069572606
Guizhou Province,428,gennorm,1.6905508672047223,0.0044493987398884355,0.6297491092098478,2.0495194763888662,0.22257586140896862,0.7077785286867424
Guizhou Province,429,gennorm,1.9431065006175614,-0.011384798550221599,0.6915656087894841,2.863756793780075,0.13174501476628686,0.8334151485900031
Guizhou Province,430,gennorm,1.695236067526247,0.0006340590339538513,0.6726286071893983,2.6648063652601035,0.1885250726251646,0.8103520420084529
Guizhou Province,431,gennorm,1.8418107922441278,0.02284893638631854,0.7161695446117755,2.016467063537581,0.20016660293442673,0.6803117786502588
Guizhou Province,432,gennorm,1.760562801203276,-0.0019376220810847535,0.6846260003395943,2.636268108240815,0.13706501583668007,0.811421722321849
Guizhou Province,433,gennorm,1.6553642941167799,-0.0067991830761844445,0.6739603459596419,2.4712584171658634,0.15503627791781852,0.804515398980342
Guizhou Province,434,gennorm,1.603515258381996,0.025872275339356075,0.6444624745242796,2.680289872107516,0.1697137682623901,0.7928229061940995
Guizhou Province,435,gennorm,1.7555829175741975,0.027314471773807962,0.6874391488797111,2.4465713537334923,0.1387383462961025,0.8000711087739147
Guizhou Province,436,gennorm,2.118622010199469,0.043849293209340015,0.7553801236655073,2.742624212215116,0.13810262751959107,0.7943372563967295
Guizhou Province,437,gennorm,2.186423389897862,0.02867712033419864,0.7419562745217148,2.9327289322038386,0.15907686836447893,0.8650281631225397
Guizhou Province,438,gennorm,1.9985159359939675,0.006846897288825612,0.7391346116472612,2.5344364583627312,0.16599376495947654,0.8245854124667071
Guizhou Province,439,gennorm,1.808802868576144,-0.000559260725777944,0.6887274124990153,2.011085095280078,0.15050481493066228,0.7539538391043047
Guizhou Province,440,gennorm,1.9181129929931098,0.016284281556502307,0.6968482125046331,2.612106850179745,0.1957602215612907,0.7720639150159725
Guizhou Province,441,gennorm,1.8450288604986531,0.014761670059495352,0.7083610482020191,2.2115946955013737,0.14712217494062896,0.7438622905172014
Guizhou Province,442,gennorm,1.9877940724053849,0.021520035800985757,0.7129873946953132,2.4101041693642182,0.19689392301258113,0.7797025603662955
Guizhou Province,443,gennorm,1.6714140869792722,0.05738067370004182,0.6683842895490159,2.4516293248045757,0.15425213412499716,0.8140182533742024
Guizhou Province,444,gennorm,1.8881895380133082,0.01681235911594372,0.6977369579069501,2.277122005137701,0.17414967703179274,0.8057139037917587
Guizhou Province,445,gennorm,1.7070535914400977,-0.005030044955849735,0.6215829506102482,2.3505641433203723,0.1902042036196622,0.7399551665553664
Guizhou Province,446,gennorm,1.8355467257286282,0.07530453544499177,0.7104524696870756,2.086826483771228,0.1437301788405105,0.7479171867525558
Guizhou Province,447,gennorm,1.9748134950297302,0.0739987260214452,0.7559951329066518,2.182509801156751,0.17504263433651568,0.7418578476057598
Guizhou Province,448,gennorm,2.008742116927798,0.013821213419207914,0.6901770977888759,2.851708356688981,0.16766335957406808,0.8092201532583003
Guizhou Province,449,gennorm,1.8480855554529545,0.029807571116187367,0.6854567042211068,2.6796566061272875,0.1305979125709589,0.8062001732159672
Guizhou Province,450,gennorm,1.9244882661698917,0.035000129013537495,0.7243443775552689,2.581997328425678,0.1756455765856617,0.8069164369513979
Guizhou Province,451,gennorm,1.6904386363977868,0.017134628948784928,0.6387375022365799,2.731753181908778,0.13698811552080944,0.8367590270778388
Guizhou Province,452,gennorm,2.085454276962876,-0.009016541458241743,0.7122951335823493,2.5540996412503327,0.1915101371278832,0.767851084870453
Guizhou Province,453,gennorm,1.8867782581481523,-0.0006965152114811045,0.7000438911497564,2.114370113522849,0.1828803817692224,0.7796102139823486
Guizhou Province,454,gennorm,1.789913609035022,0.02286611012738532,0.6627762356369501,2.246117334011596,0.18114715015259675,0.7766974627135983
Guizhou Province,455,gennorm,1.999132811052419,0.02611867276386721,0.6966215339983164,2.235910069906821,0.17469288026703617,0.7644225490528371
Guizhou Province,456,gennorm,1.9081130007670726,0.010283582441972295,0.6929262595324708,2.485193388724012,0.1315918421326684,0.7739303917428104
Guizhou Province,457,gennorm,1.4653255614172616,-0.0063270308901024214,0.612360583485405,2.630696460188809,0.16605870048127863,0.8170908951565463
Guizhou Province,458,gennorm,1.854660325751318,0.05826025527522445,0.7230917869892188,2.2016657264487747,0.13182879896200664,0.755834819687802
Guizhou Province,459,gennorm,2.0524615671317825,0.05809115677485404,0.7283477732617044,2.61719193769481,0.1369109705846383,0.8151967670106861
Guizhou Province,460,gennorm,2.1202926692493644,0.0018248572000379043,0.7506486410205943,2.475539828595087,0.1837653523733191,0.8318037911373376
Guizhou Province,461,gennorm,1.761159362161697,0.07223681150032413,0.629607118699737,2.8062184144888653,0.16293516366006305,0.8411230561257397
Guizhou Province,462,gennorm,2.039870555112917,-0.0018362983556240251,0.757143723788779,2.759680312330759,0.16693506455507456,0.8297432991504753
Guizhou Province,463,gennorm,2.164688278606012,-0.019018705532454723,0.7122980724879502,3.035752430199984,0.1919502244241293,0.8872618585794836
Guizhou Province,464,gennorm,1.9320638710408355,0.016761857238011872,0.7322880020215321,2.722381756408386,0.1836235703212556,0.8190439057033854
Guizhou Province,465,gennorm,1.658728209806966,0.029542501128901555,0.6132860110801868,2.1889588998483083,0.13261310024376685,0.7235281711477435
Guizhou Province,466,gennorm,2.410140247597089,0.036885316538823015,0.7603998403596289,2.4690268163067244,0.15530444031229973,0.8097904727962866
Guizhou Province,467,gennorm,1.971799078466391,0.008274962982367046,0.7340296543837193,2.4657052257961958,0.16382345362400325,0.8050747038834656
Guizhou Province,468,gennorm,1.987762856637067,0.02650226729794616,0.7275192790452372,2.1927824638639395,0.15205379599560737,0.7268797853096769
Guizhou Province,469,gennorm,1.8324848806716165,-0.006104021538450324,0.6805610235880122,2.4551456090501134,0.16842813536837825,0.8433789330505208
Guizhou Province,470,gennorm,1.7296182611232762,0.017238312750494925,0.6316615717217464,2.9869479126268343,0.17908249302238854,0.8165438019408816
Guizhou Province,471,gennorm,1.819210429834116,0.04570508246314359,0.6887373645254377,2.2565169239935785,0.18293924583413596,0.7343889827988359
Guizhou Province,472,gennorm,1.7424264024436213,0.036168648273282145,0.6854289106112299,2.6480801112581434,0.1402975007226896,0.8283056526279655
Guizhou Province,473,gennorm,1.8431492461961696,0.037407163397828444,0.628285566734742,2.3072249939829677,0.2046167682504418,0.7491220888649222
Guizhou Province,474,gennorm,1.6052564631267936,0.0021974010000039056,0.6453292977934565,2.1702437243220505,0.11889461316323846,0.7336173624231457
Guizhou Province,475,gennorm,1.8730263968309178,0.02118004672061799,0.7136233120288158,3.0816549030341585,0.2022674511550835,0.794629108676977
Guizhou Province,476,gennorm,1.7635488499476244,0.04256417623720073,0.6554432420117178,2.298572065046656,0.12078013292720743,0.7357619377909805
Guizhou Province,477,gennorm,1.707401459081476,0.04377363278172675,0.6570160080651757,2.3458631601570543,0.13547950068727183,0.7608488650174741
Guizhou Province,478,gennorm,2.0927182114810376,0.013650914666625146,0.7503914566711081,2.792926621839028,0.13290349467252927,0.8147909306659047
Guizhou Province,479,gennorm,2.0823378826660686,-0.002891988854356007,0.7195373679694428,2.469835673528637,0.18069620515634927,0.8068496107425573
Guizhou Province,480,gennorm,1.8755216717426852,0.018862583298907165,0.704048013044718,2.504586258535781,0.1484021617577645,0.8193363597336737
Guizhou Province,481,gennorm,1.9342854248009766,0.011203183483076902,0.7033984851370718,2.228625607333421,0.1684860404713319,0.7585980019480656
Guizhou Province,482,gennorm,1.8724305448381449,0.004868670597147809,0.6543204859374543,3.0561411115478037,0.17711723742047947,0.8514451912306357
Guizhou Province,483,gennorm,1.6325220416758572,0.014438900176168503,0.6522613481625579,2.5008292112057977,0.1721061793974371,0.7697174443352574
Guizhou Province,484,gennorm,1.9390303146784813,0.022987225412959097,0.7013793561869888,2.392303584170472,0.17866893899978206,0.7873591736976637
Guizhou Province,485,gennorm,1.8476842941947362,0.01954359485925429,0.6877868723307636,2.5239397002922956,0.14777065856797011,0.8157813231763611
Guizhou Province,486,gennorm,1.7268033741493012,0.0472903252408057,0.659159688980633,2.3633272010797253,0.13215553439032857,0.7757983943289133
Guizhou Province,487,gennorm,1.937052526081032,-0.009663912456152883,0.6982168763682924,2.9426250739304365,0.16635521355329125,0.8085522695079188
Guizhou Province,488,gennorm,1.8335172895258527,0.014621541157784603,0.7238656640367138,2.4981593315875683,0.1847745556986406,0.796528836352095
Guizhou Province,489,gennorm,1.9559072191707974,0.05214005817822705,0.6403505858582219,3.0149191709890815,0.17049257787107702,0.8047715991731856
Guizhou Province,490,gennorm,2.011053749994929,0.024594022802008782,0.7518277882601658,2.367109746660551,0.20379480053193333,0.7854247868729727
Guizhou Province,491,gennorm,1.7045864082337419,0.005277793254163669,0.637222163002332,2.354401533792304,0.15380195394746793,0.7764604360625484
Guizhou Province,492,gennorm,1.7749332629720143,0.02386889080391679,0.6731087877478547,2.593832437079027,0.14433685119403825,0.8017989939628498
Guizhou Province,493,gennorm,1.6974835589641284,0.041236889863742736,0.6063751155834642,2.459411083843308,0.16712007532391504,0.7513551086095624
Guizhou Province,494,gennorm,1.94133241843857,0.007997842556529775,0.735435121438254,2.405096684623592,0.14976365347050358,0.8052222399944994
Guizhou Province,495,gennorm,1.893033136030151,0.028862078549662613,0.6884070302870975,2.4563887731854415,0.1405861268089144,0.7941419614918641
Guizhou Province,496,gennorm,1.9800278868014642,-0.004324811276724835,0.7225433316436917,2.576425051888119,0.15230675972549634,0.8091831409327355
Guizhou Province,497,gennorm,1.8130894391638308,0.02527332632372809,0.6639849170710233,1.9059246541134254,0.14588017581305962,0.7343607736067925
Guizhou Province,498,gennorm,1.801050912999775,0.004551386654182336,0.6826041106837383,2.1496765802441216,0.167259702885177,0.7369011314093966
Guizhou Province,499,gennorm,1.8173044868227475,0.028228557034353105,0.6303701197612595,2.7585722771634718,0.19242405472149965,0.8460479607079838
Guizhou Province,500,gennorm,1.8764962293763472,0.027410260404814563,0.7148770393991921,2.3301192896423535,0.197878287044565,0.7799160057212524
Guizhou Province,501,gennorm,1.7193833579844813,-0.004604822690467308,0.628565218262451,2.43932430442024,0.13995161395084885,0.7657392672369956
Guizhou Province,502,gennorm,1.810577634996514,0.025947363232553818,0.678807641225337,2.5996071885366483,0.15654673763877247,0.8120839085274952
Guizhou Province,503,gennorm,1.710789043855986,0.005700679701073298,0.6762309147694672,2.4448582443080635,0.147506192732157,0.7554947279359681
Guizhou Province,504,gennorm,1.7718428283262242,-0.0006827979817581396,0.6741671000398338,3.0747402704841695,0.17506013768443474,0.8463171982220713
Guizhou Province,505,gennorm,1.6019427940101778,0.01948768883662392,0.6210150529349593,2.8581929079269477,0.17029884641406984,0.8446732102172916
Guizhou Province,506,gennorm,2.015315123817717,0.019268211700344047,0.7159397681381706,2.2450011383497452,0.15486507702807395,0.7473521513569896
Guizhou Province,507,gennorm,1.5044921451773718,0.04595070353971846,0.559777298047256,2.6399479603059044,0.17342588509780205,0.8041301520788637
Guizhou Province,508,gennorm,1.8059120074535722,0.01725544694890155,0.6537829180354844,2.6138264116548644,0.1870323422675924,0.7966533830731393
Guizhou Province,509,gennorm,1.8497541784811666,0.006608164836095693,0.7021714910303092,2.4340753066767506,0.19291367896751332,0.7505667723086036
Guizhou Province,510,gennorm,1.5930777415540527,0.03301626875758633,0.6107889539498336,2.179849623090364,0.1479501955190573,0.7723971648379402
Guizhou Province,511,gennorm,2.0259436372355184,-0.027549148815955618,0.7154177861842488,2.3745638046988726,0.1446653818452347,0.7620957294075957
Guizhou Province,512,gennorm,2.02828974155591,0.024196648184897016,0.7337548671698413,2.3401777728134014,0.15374648114336695,0.7945215353158623
Guizhou Province,513,gennorm,1.7300590695888935,0.010072172394140473,0.6244399413156754,2.492062952349872,0.1896923599559823,0.769429115936124
Guizhou Province,514,gennorm,1.9120162625736232,-0.006449570026166128,0.6730448792330508,2.383196803469053,0.1862246953430826,0.7766248365126598
Guizhou Province,515,gennorm,1.7730729411903698,0.007959395785336389,0.6328257936004473,2.257401429036237,0.18274590398719437,0.7662822041361572
Guizhou Province,516,gennorm,1.8801138931339674,0.005393896768711561,0.6797890218261884,2.9917425189934543,0.13409321238998906,0.8642488132977131
Guizhou Province,517,gennorm,1.8763702385176324,-0.0036741103315755955,0.7282507935404112,2.3742535993999794,0.1688822552945033,0.7665098402324619
Guizhou Province,518,gennorm,2.050531125425888,-0.002725004947262468,0.772737828437738,2.6232756776898882,0.18014443758121962,0.7675276787166672
Guizhou Province,519,gennorm,1.6843160357669102,0.05473238052723883,0.6364225471638352,2.3500126159982635,0.15847259830298638,0.7498943170869007
Guizhou Province,520,gennorm,1.7629522333764989,-0.030643186893249873,0.6543729175936113,2.287627957954789,0.13052303277919197,0.7506906596658913
Guizhou Province,521,gennorm,1.8860372725495802,0.02381994532050305,0.7175909621051149,2.536616600223109,0.17555666007853185,0.7803180292672248
Guizhou Province,522,gennorm,1.785147445426088,0.026033084901597604,0.6609187826754546,2.6068964907236527,0.15291959364725594,0.7666703152135248
Guizhou Province,523,gennorm,1.7234298872857505,0.02139831331556423,0.6593361664258333,2.1487232914754726,0.1740909004051432,0.7850920140800763
Guizhou Province,524,gennorm,2.076989007994101,-0.0004249576988240237,0.7292941305755625,2.259121307786069,0.18330323742973847,0.737354632561855
Guizhou Province,525,gennorm,1.7413427299894018,0.015163057483612364,0.663543141725915,2.4853727175611917,0.17010965668676156,0.8074110189388728
Guizhou Province,526,gennorm,1.7175519131465355,0.0290266888432322,0.6683881302461756,2.7518290024517436,0.1847716267708202,0.8447821894297605
Guizhou Province,527,gennorm,1.8790237553962263,0.014842481948689885,0.6938941500099687,2.6353695031435715,0.15542649852447438,0.7659334039483688
Guizhou Province,528,gennorm,1.9717795864398704,0.004313218235736551,0.726555541597901,2.703127668973166,0.13899296503729067,0.852798702725326
Guizhou Province,529,gennorm,1.678313337364495,0.006880759050117124,0.6682649178462692,2.7492237485162887,0.13372922575711185,0.8472740824296533
Guizhou Province,530,gennorm,2.2531390250324774,0.019398524999162104,0.742403699846619,2.403258589819422,0.16953622395946696,0.7560558246806097
Guizhou Province,531,gennorm,1.7727906832588403,-0.014030113750131482,0.6743340173503422,2.5665523304020965,0.14162839973692198,0.8036066684632333
Guizhou Province,532,gennorm,1.8735377809308713,0.022731478560878454,0.6569673503254965,2.2218670651005263,0.20220815877248702,0.7449600865358044
Guizhou Province,533,gennorm,2.429508254655828,0.033196010306100365,0.8125530260983693,2.382725075877853,0.15555143431131513,0.8202448435487145
Guizhou Province,534,gennorm,1.9613194998417254,0.03294070344903133,0.7117425934471033,2.6596957751852477,0.146325039125994,0.8207554739338518
Guizhou Province,535,gennorm,1.9342621156680813,0.04172716590587205,0.6954431316483396,2.1313757296589806,0.17425930544917934,0.7806191211604976
Guizhou Province,536,gennorm,1.7142009757948946,0.008471083769496832,0.6560832380448176,2.373504536418955,0.17662724524025109,0.7844387680888568
Guizhou Province,537,gennorm,1.9841940654854522,0.009843907938669608,0.6882431533942113,3.0739018832329026,0.15167229927737202,0.852013604800826
Guizhou Province,538,gennorm,1.8593698190955346,0.016410038957598357,0.6654610536796015,2.1153098676699162,0.20119690922034775,0.7602510143360732
Guizhou Province,539,gennorm,1.8507008818207704,0.025559521037439862,0.6629830655427,2.2689709078598197,0.17365742815409863,0.7904594525527273
Guizhou Province,540,gennorm,2.0119981072216055,0.009639813031829533,0.7395364976839616,2.2816305039667295,0.18301298823373235,0.7804098263048793
Guizhou Province,541,gennorm,1.8806573199312382,0.018342729071587148,0.7047670019266872,2.2771833625412192,0.1467405325014728,0.7044632482676499
Guizhou Province,542,gennorm,2.2532393299308,0.06605688223075006,0.7857726340523694,2.6132907549180713,0.17576592390193524,0.8492828962844158
Guizhou Province,543,gennorm,1.769212004834989,0.027198061685342827,0.6418790510501056,2.7701244263236102,0.15476431491737214,0.845194102476186
Guizhou Province,544,gennorm,2.134532149890431,0.024494046768784566,0.7099127394147069,2.3953161110320176,0.20988094274988145,0.7541372734265841
Guizhou Province,545,gennorm,1.644217604284878,0.03733668391967545,0.6510989308824169,2.116990904011802,0.13047668450344005,0.7378728640056459
Guizhou Province,546,gennorm,1.596957773254776,0.03249350711837229,0.6086135080972013,2.5164426145842125,0.13801780902513322,0.8128799875040319
Guizhou Province,547,gennorm,2.185325802577891,-0.004024951281251686,0.7700785364528414,2.4203904214445,0.13810552716686209,0.7568198298831322
Guizhou Province,548,gennorm,1.977614967568929,-0.008602042632166266,0.7241447934887185,2.458578967916547,0.16775002968981115,0.7837531764645269
Guizhou Province,549,gennorm,1.7722317242468297,0.009431265504129725,0.6905545348407403,2.529852143858158,0.16389590949493302,0.8149775214943187
Guizhou Province,550,gennorm,1.7885912628761917,0.0052951414190695635,0.6795716735507149,2.2453750582096488,0.16127730317596678,0.7339957814334104
Guizhou Province,551,gennorm,1.9301096193864866,0.02897941910361771,0.7100446802725622,2.6131659207031084,0.1509700561310361,0.8223806193429373
Guizhou Province,552,gennorm,1.7590044182713596,0.015815345089163914,0.6497641601722094,2.5565501234614496,0.16648409324147592,0.7731588874375734
Guizhou Province,553,gennorm,1.9292997132550798,0.00960215221188878,0.728051266728341,2.756308783338133,0.14058913254760852,0.8113319144450912
Guizhou Province,554,gennorm,1.5125205074910686,-0.006025897494075295,0.6081952830481034,2.4727272043221094,0.1264552187024089,0.8045927898142334
Guizhou Province,555,gennorm,1.6577128311416642,-0.0264988066678857,0.6603030580936611,2.0400904528266173,0.1648310727505159,0.7255222794399458
Guizhou Province,556,gennorm,1.8632912750890651,-0.013573025602491639,0.6657956411394143,2.0764504054998145,0.1528083350362259,0.741237891055565
Guizhou Province,557,gennorm,1.6744117210645229,0.04038091547118254,0.6336396236068358,2.525316318697884,0.18979114299676203,0.8056653625722352
Guizhou Province,558,gennorm,1.9887741297606811,0.04333440875195689,0.719422191567112,2.9479219904724308,0.1556622624564748,0.8043160550938673
Guizhou Province,559,gennorm,2.0346354011921175,-0.008826054107428004,0.6972108577254641,2.321143987541765,0.1773457727709012,0.721875278334678
Guizhou Province,560,gennorm,2.4355095165002343,0.044122141235817716,0.7979876978738842,2.3970627226292622,0.15512115968180717,0.8012005344667386
Guizhou Province,561,gennorm,1.751747679715919,0.0383255413796698,0.6156225933809357,2.479079420708284,0.17830198616360732,0.8246834639759575
Guizhou Province,562,gennorm,2.050361518425146,0.00828446640422818,0.724715010516493,2.848733026656062,0.12797282955068223,0.7837363351874963
Guizhou Province,563,gennorm,1.7747363481978646,0.0075015058296671235,0.6917712344895608,2.2789110194255353,0.17600578458237232,0.7953800329954359
Guizhou Province,564,gennorm,1.8281897839813634,-0.008272454607606543,0.7055089762218064,2.540865976882035,0.15439146817425764,0.7719754874072117
Guizhou Province,565,gennorm,1.4826141971221434,0.034579132271721796,0.6106011147842823,2.9333615024019846,0.18206446731260492,0.7931791932934746
Guizhou Province,566,gennorm,1.9133129065072225,0.017320476632331525,0.7122622248880237,2.9548079335885635,0.1722946566656417,0.8323360436555254
Guizhou Province,567,gennorm,1.88162376862115,0.01049300815705341,0.6758879548115748,2.41566082791788,0.2217643464077244,0.765149800171308
Guizhou Province,568,gennorm,2.154112375093307,0.06398562265322819,0.7284450544097963,2.895231146124954,0.17311554620126562,0.8435870055852338
Guizhou Province,569,gennorm,2.1083135735245566,0.007596978423388945,0.7513121691682696,2.255747544956237,0.10029059213989372,0.7962628677605725
Guizhou Province,570,gennorm,1.74822905144125,-0.014314023305621825,0.6864173751428521,2.493309276418123,0.15236011901445093,0.7996045488532972
Guizhou Province,571,gennorm,2.234880953801256,0.0007465988243285557,0.7831545348564041,2.1253525933259763,0.15067140403780804,0.7466882833286989
Guizhou Province,572,gennorm,1.8841944987779473,0.010630376308580006,0.6816634304927609,2.2582414551598973,0.2157369661458362,0.8004048390774895
Guizhou Province,573,gennorm,1.7210012407046205,0.022511777802888207,0.6807349969451096,2.0240050856296765,0.16202673384257188,0.7110411474223898
Guizhou Province,574,gennorm,1.7730134198381164,0.009001549065492281,0.6746625566577109,2.8732770728242527,0.16133143664885785,0.7920163737731233
Guizhou Province,575,gennorm,1.9451893054490852,0.010325381881150876,0.6920520573510194,2.6575897368862327,0.1491999854046627,0.8395654912865214
Guizhou Province,576,gennorm,1.5718931616925849,0.022250193737033346,0.5916699715270264,2.2648400864313873,0.15548938450038965,0.7394610925524343
Guizhou Province,577,gennorm,1.6109351309730329,0.025238463456976938,0.63927216479525,2.6720324089969036,0.13058122439024786,0.8247717661471082
Guizhou Province,578,gennorm,2.0450851603498243,0.014419508520565968,0.731304319578008,2.0490874458413475,0.17640200670721914,0.7270575073965535
Guizhou Province,579,gennorm,1.9788467725152665,-0.0006910089085671186,0.6608782737545658,2.8140943243719345,0.13783393212091793,0.8009415891144196
Guizhou Province,580,gennorm,2.0847581324698155,0.020741505328651,0.7545486400752972,2.188764923452271,0.19162362218418127,0.7415102173603302
Guizhou Province,581,gennorm,1.6730106696981046,-0.0027920992688300174,0.6193934119587607,2.496115031891641,0.1330762855951808,0.8216461003480355
Guizhou Province,582,gennorm,2.1237141333647775,0.030383185286538585,0.7059228480450346,2.2481502900368655,0.15587174264542483,0.781701929225795
Guizhou Province,583,gennorm,2.1588294089905813,0.01215955805911439,0.7398989924926853,2.6203151977226,0.1610444939525227,0.7989890403153823
Guizhou Province,584,gennorm,1.7335104417155662,0.04422991380702544,0.6580818386735614,2.2324871585710335,0.1445536810140638,0.7677665705153822
Guizhou Province,585,gennorm,1.833473137361813,0.030049170343656305,0.6595023960575517,2.9754992218497875,0.15730196493195872,0.8355377572720106
Guizhou Province,586,gennorm,1.8563769214679104,0.015187110958305374,0.6608708291537239,2.6487781430197916,0.16347611282387167,0.7725008962786374
Guizhou Province,587,gennorm,1.88963274144044,0.027999728012733184,0.6957259872556654,2.887979457085992,0.178454763291698,0.8451414377933777
Guizhou Province,588,gennorm,1.8775283547808153,0.06144288871276023,0.6654799109740661,2.5275073515956916,0.1301227321106691,0.7806328587029021
Guizhou Province,589,gennorm,1.6252179443350143,0.014389600379308184,0.6149794969940916,2.3009630003476307,0.12671770299904622,0.7885122658721749
Guizhou Province,590,gennorm,1.8793271372102447,0.03511733690609214,0.6777026249922982,2.3600461000362856,0.18391721466109126,0.7491616081199195
Guizhou Province,591,gennorm,1.6809546768874064,-0.013917972304216946,0.6400541099784045,2.3318864009982074,0.16534023984186524,0.7968574958826298
Guizhou Province,592,gennorm,2.1545774810838143,0.008500973190737147,0.7407903515610579,2.48011523494458,0.15613999280967494,0.8161244981908917
Guizhou Province,593,gennorm,1.8572210083614142,0.025123395271995932,0.6776894274106927,2.014612682236088,0.1905634326470126,0.7412714164587233
Guizhou Province,594,gennorm,2.177599299904318,0.003862321315114223,0.7158841854143184,2.004469754697211,0.14678565892942957,0.745735831007114
Guizhou Province,595,gennorm,1.8797230901882385,0.0216486769171771,0.6972036802753414,2.5354771565911047,0.16048373560561638,0.7947704043452923
Guizhou Province,596,gennorm,1.7364841584661068,0.02266742781205073,0.6413299516714028,2.220735776608578,0.1888320557736253,0.7739374815134633
Guizhou Province,597,gennorm,1.6769105813344507,0.014707813148306704,0.6574153513005951,2.4651321408719724,0.15355815373333595,0.7693197004212979
Guizhou Province,598,gennorm,1.7318956878984455,0.0084053939513956,0.6754315489675449,1.8289835639881664,0.18435723222843908,0.6611359658348465
Guizhou Province,599,gennorm,2.0315034407332035,0.00892349802264203,0.7371549609949878,2.047631848582901,0.12690105486717546,0.7206944970292133
Guizhou Province,600,gennorm,1.8263823553057696,0.014304319302541363,0.6551047407693875,2.6644549652527285,0.17615398834831753,0.8023405924690941
Guizhou Province,601,gennorm,1.779048117073779,0.03142443108442933,0.6411163795433338,2.7272707124446525,0.20365853046389013,0.8546911950304228
Guizhou Province,602,gennorm,1.9724305868502552,-0.01278930085989529,0.6922663947561882,2.5181483468775383,0.13104948387043944,0.7824377321120032
Guizhou Province,603,gennorm,1.9680728698288388,0.026020102384072277,0.7089853238227548,2.575464220748695,0.16551187887350718,0.8105391494476484
Guizhou Province,604,gennorm,1.7281256799343376,0.003312865684046426,0.70041980785045,2.199198209901752,0.17244613286240473,0.7947519695413261
Guizhou Province,605,gennorm,2.0909936030592133,0.005282125802918859,0.7068303758812728,2.6613994127113427,0.17447154387865635,0.8436186456846464
Guizhou Province,606,gennorm,1.7640068035470287,0.026384910130716158,0.6239432706531323,2.9953872550940055,0.19319948289085304,0.8044115155698344
Guizhou Province,607,gennorm,1.6890467517719927,0.03205139989921425,0.6506088113124613,2.3136653626197443,0.18821079328542611,0.7683594783224943
Guizhou Province,608,gennorm,1.7041247653083547,0.02597186486531499,0.6632566397307682,2.916117629642489,0.1714853916278598,0.839028553850137
Guizhou Province,609,gennorm,2.1021405781383438,0.041188227309154085,0.7721144698403187,2.423409537226515,0.1415707309253556,0.8023874802599709
Guizhou Province,610,gennorm,1.951619816339846,0.03227203544308171,0.7512099970808145,2.4291707630397643,0.18927091953890512,0.7845464296464348
Guizhou Province,611,gennorm,1.9188713870002745,0.001190390112745525,0.7100704297890972,2.7390361789755886,0.1585263193939247,0.8465559052615768
Guizhou Province,612,gennorm,1.973185659438622,0.004514193809580704,0.7182202597101894,2.1343994265447765,0.19837175313276223,0.6994326053630797
Guizhou Province,613,gennorm,2.1002278569632225,0.01884761074347395,0.7209407225544182,2.5753423510684326,0.12264225724203845,0.7898093135057848
Guizhou Province,614,gennorm,1.5923769429948016,0.012468422901768896,0.6314381311340492,2.4779961604939755,0.1513742094085495,0.7775238187034657
Guizhou Province,615,gennorm,2.4747695427497023,0.013648042757946025,0.7971260637132096,2.5479399894971966,0.16520363568895066,0.8167722327081308
Guizhou Province,616,gennorm,1.9466249611732285,0.0003558822010192524,0.7067032522701153,2.0979684039198756,0.15401702577685705,0.7162447119818377
Guizhou Province,617,gennorm,1.5250509874342226,-0.004068483234862059,0.644645629037645,2.699513226111872,0.17626231754832103,0.8097910713499579
Guizhou Province,618,gennorm,1.7760719483152698,0.012567440779056846,0.6597774498168947,2.143601756128694,0.14675223936429477,0.7656296785233867
Guizhou Province,619,gennorm,1.6236769393192632,0.015656434624932485,0.6339360032183042,2.4936357812761445,0.14658011263073267,0.7902593473657631
Guizhou Province,620,gennorm,2.039561784296019,0.05971864386294064,0.7295213839080714,2.5493593840669035,0.18102811958912024,0.7560910425549416
Guizhou Province,621,gennorm,1.696100349030373,-0.019387639379833087,0.6511943845851997,2.646707870493077,0.170647252203382,0.8118845054666468
Guizhou Province,622,gennorm,1.7295049187248068,0.06808481431830637,0.673090386708384,2.3964494084477463,0.1646631745100014,0.7777679035491301
Guizhou Province,623,gennorm,1.5535659767640873,0.03605082948485272,0.5831444316879573,2.412675352652036,0.13487773893923777,0.7780513817461534
Guizhou Province,624,gennorm,1.9876344028577495,0.014770431347870195,0.7671983587703015,2.9161713418255815,0.18472149932014384,0.8385137638901741
Guizhou Province,625,gennorm,1.9984186779658435,-0.007190242435849783,0.7290316267559923,3.178035385436781,0.14097264730772574,0.8267825079034918
Guizhou Province,626,gennorm,2.6260182995212253,0.016343387761515574,0.8001280876168728,3.0738664190567775,0.12666222646464384,0.8906240654020804
Guizhou Province,627,gennorm,1.7617294386386062,0.02824104595591102,0.656353342605397,2.8976175543462355,0.15650117759515644,0.8413730865810473
Guizhou Province,628,gennorm,1.6426492247925588,0.031348722372590884,0.6487906652598441,2.1324889923539394,0.15007847812483377,0.7592917640227487
Guizhou Province,629,gennorm,1.829779269816509,0.031319738298267036,0.6916594278394059,2.3419294046318777,0.16825617756063357,0.7575202182560672
Guizhou Province,630,gennorm,1.8174535989213696,0.0027992588972254187,0.6732005085214516,2.6339344077814575,0.15614781399655314,0.8411961120938914
Guizhou Province,631,gennorm,2.100740744145498,0.03901739090793423,0.7390714020218834,2.6667727982777008,0.1968416124812865,0.8068597824092096
Guizhou Province,632,gennorm,1.6891856931256264,-0.0350924287079609,0.6703961003494647,2.4964235959883156,0.15926753647935263,0.7735356072122925
Guizhou Province,633,gennorm,1.9263126941181072,0.0002505735264578632,0.6639509189201598,2.3909551067273576,0.1710877667760548,0.7877339355419839
Guizhou Province,634,gennorm,1.919988071446293,0.020468262244025093,0.7055019303251385,2.4644257146377555,0.17404482074360025,0.8220057183977346
Guizhou Province,635,gennorm,1.6964323699395956,0.007333140643530422,0.6381458855160181,2.5452997440506904,0.15408659439860034,0.802939434891882
Guizhou Province,636,gennorm,1.6952339752937524,0.019273331712914572,0.6517349096139328,2.431300107037784,0.13959766905345855,0.7391005263014194
Guizhou Province,637,gennorm,1.957702833855477,0.09071364694209663,0.7166667620358252,2.540255231135019,0.1496205061764318,0.8224825215418814
Guizhou Province,638,gennorm,1.870936582089751,0.016927094794564165,0.6743143192087787,2.8350293799511954,0.16925894027294797,0.809707036775364
Guizhou Province,639,gennorm,2.071640847877519,0.030283105279471395,0.7394840420292066,2.6573401956378735,0.1313239682869479,0.8292633173049031
Guizhou Province,640,gennorm,1.9029388300591243,0.02132614395419528,0.6902813453609358,2.125892384491417,0.14616192645582185,0.7640068951432908
Guizhou Province,641,gennorm,2.059085364221457,0.03383815618795376,0.7529684676174484,2.335130425826112,0.15062173707778725,0.8003695167965656
Guizhou Province,642,gennorm,1.9642128763081086,0.0356463233725792,0.7483719140138818,2.549709825505533,0.20468372474678198,0.8091736672532702
Guizhou Province,643,gennorm,1.5849100731277401,0.053709410338342034,0.6169538536531627,2.2615045348545983,0.151310918709689,0.7628523573328663
Guizhou Province,644,gennorm,2.0792113127288134,-0.011750868990281625,0.7526767897398704,2.1530719070338735,0.15084930683744754,0.7624007341255101
Guizhou Province,645,gennorm,1.880407882209882,0.006076548893208572,0.7198296176056873,2.3343980835510925,0.17542384370704056,0.7686724124750463
Guizhou Province,646,gennorm,1.7233314042470387,0.007804724604348747,0.6131607863963675,2.6023538699182995,0.16730282308023586,0.7849414179725638
Guizhou Province,647,gennorm,1.7359641050963652,0.009093208468821404,0.6541820492856922,2.5029917694715467,0.19998625920332797,0.8105804851029259
Guizhou Province,648,gennorm,2.010466430219955,-0.0020912127117287817,0.7002773180083636,2.8080852436411092,0.13341945783495823,0.8345795847017992
Guizhou Province,649,gennorm,1.8477646789852837,0.022476265702285322,0.6837410503052689,2.3817335669597686,0.18027160651430105,0.7717877371617873
Guizhou Province,650,gennorm,1.641321609399359,0.01912252014229631,0.635985804139306,2.19098279489166,0.19560706522768734,0.7200012545149663
Guizhou Province,651,gennorm,1.849132378251817,-1.6189923735038913e-07,0.6755460678744745,2.718660378701495,0.15676629219721208,0.8501697118977871
Guizhou Province,652,gennorm,1.8331107531771975,0.04243063846690799,0.6722262238034272,2.7487568994981175,0.14640130113049823,0.8232100735954875
Guizhou Province,653,gennorm,1.9493130294770369,0.024455819631855065,0.6931652209971033,2.57018259642365,0.20075133924855937,0.7712877504157143
Guizhou Province,654,gennorm,2.065623055206762,0.014815968975676923,0.7250999803991907,2.707934318733466,0.13639040449132422,0.8307456430653084
Guizhou Province,655,gennorm,1.7210651674591788,0.038529043220487516,0.6365687875828211,2.363530178387143,0.1482456685631002,0.7619543419096237
Guizhou Province,656,gennorm,1.753534563669251,0.023103758209091413,0.6527676870312917,2.4880044181880554,0.14611621570661187,0.7862364712502329
Guizhou Province,657,gennorm,2.0012435652613334,0.018785478100293802,0.7066044899165396,2.8004285289994826,0.17016353136446327,0.8242395363674713
Guizhou Province,658,gennorm,1.8265034665938207,-0.0018046387455706013,0.7007321001832016,2.481949192577545,0.1754010134366689,0.8030740829462413
Guizhou Province,659,gennorm,1.7334734281860529,0.031411603110103214,0.6599908376752145,2.4715750251535287,0.15003285019599732,0.8150460127755437
Guizhou Province,660,gennorm,1.9564648205130695,0.018349797928122413,0.6982593496507071,2.434212215773882,0.1280330798781258,0.804050543624327
Guizhou Province,661,gennorm,1.974000358293381,0.03289916041328246,0.7168376807576121,3.006450700219794,0.15835147542302913,0.8442880595734251
Guizhou Province,662,gennorm,1.9595049589748306,0.020226116458778448,0.7103091240540957,2.49447983815281,0.2028494906756091,0.7998399465310077
Guizhou Province,663,gennorm,1.7620456285919166,0.03982964653660763,0.6561774408855654,3.133876597499059,0.1722879306399449,0.8692373400114937
Guizhou Province,664,gennorm,2.1176946022833185,0.006718543509077392,0.717611904772389,2.2408498896374294,0.18117669406854786,0.7715433386525261
Guizhou Province,665,gennorm,1.6619293364457013,0.016766554019739987,0.6535508097964711,2.31707988313127,0.15363546492505525,0.7534699731377215
Guizhou Province,666,gennorm,1.7825607579876137,0.036618780178469056,0.6486755739189669,2.375536048851399,0.1832910518580993,0.7780068957297783
Guizhou Province,667,gennorm,1.9717614354682693,0.007355859408572191,0.7061424723666176,2.466637643813378,0.1477877196044371,0.8010689945081859
Guizhou Province,668,gennorm,1.9719308846682244,-0.0006688902485579261,0.7057945364176494,1.9660393297773553,0.18879287462876565,0.7159952785151052
Guizhou Province,669,gennorm,1.7010814405849422,0.00824798167799476,0.655444633160456,2.330963410222139,0.18358025457918098,0.761977110606282
Guizhou Province,670,gennorm,1.9000699851310991,0.0010711727475534354,0.6875544822586183,2.2400508012761184,0.17757121073356774,0.7339269142819445
Guizhou Province,671,gennorm,1.8459882617485945,0.019127740844421377,0.6545007343875873,2.0222776341389466,0.1323099985498694,0.6992882774558329
Guizhou Province,672,gennorm,1.8325927893596319,-0.004498840453908921,0.686792563047816,2.6604923664353195,0.138445527716383,0.8091313851921421
Guizhou Province,673,gennorm,2.1143008331198483,0.04104246428179286,0.7436866618142774,2.3948973984802295,0.14603550707008034,0.7877490364575623
Guizhou Province,674,gennorm,1.8202485314030823,0.02854863617727532,0.6733845739481457,2.2606954685149825,0.17302189796180578,0.8172490729733457
Guizhou Province,675,gennorm,1.5500548542685137,0.034197470490782714,0.5924618904771458,2.8151813893368036,0.18969929585162876,0.8437304303625588
Guizhou Province,676,gennorm,1.7791027941963877,0.04626955501871594,0.6499271070949815,2.202036721936243,0.15001765980216955,0.7742500925083144
Guizhou Province,677,gennorm,1.5997607955708655,0.03653343261313186,0.6484182264004179,2.6410311302206404,0.12444533959337459,0.8120390924283295
Guizhou Province,678,gennorm,1.9692381656605717,0.017862080508241417,0.6614280180339085,2.196810677782162,0.15980758982017407,0.8065590036412524
Guizhou Province,679,gennorm,1.813869849046592,0.007935204391710585,0.7005448588723712,2.907411494714851,0.18431901013542307,0.8375515056357947
Guizhou Province,680,gennorm,2.0501344031693023,0.03232734904022033,0.7515660988334103,2.5593930178510003,0.1774387390797706,0.7986978960670628
Guizhou Province,681,gennorm,1.870305297044896,0.06497317280775525,0.7046426593788675,2.3175745237607077,0.15869398294904363,0.7385000433325146
Guizhou Province,682,gennorm,1.809366134495566,0.0145235350255232,0.672018214366841,2.5620754866612496,0.18898662151840784,0.755220498488929
Guizhou Province,683,gennorm,1.9220163923339975,-0.006844151537133824,0.7004216852596006,1.8154087759611248,0.1171269392887169,0.6568072187754068
Guizhou Province,684,gennorm,1.846784063443561,0.0346354362513379,0.6727364536556637,2.5386922546401363,0.16931074500834875,0.8113146258158073
Guizhou Province,685,gennorm,1.829348329083392,0.03174748404709802,0.6839172214896285,2.0339029733261462,0.17822401037406338,0.734702458524896
Guizhou Province,686,gennorm,1.5769930160890056,0.013647014816311753,0.6226017873367475,2.3492722920043283,0.1625161223070561,0.781426966451156
Guizhou Province,687,gennorm,1.8665410361980355,-0.009280000886966365,0.7019620929966086,2.433350493380181,0.15784636411287079,0.7523660821294154
Guizhou Province,688,gennorm,1.6460587331335446,0.02381419792179814,0.6592993764920183,1.9340536790867264,0.152478318749375,0.7452894916038908
Guizhou Province,689,gennorm,1.6490018073882702,0.038580461236031614,0.5993919993079422,2.4681360028403727,0.17779230125875053,0.8326124091056966
Guizhou Province,690,gennorm,1.8389715782056983,-0.014816017903209466,0.6827651257701073,2.2554975516351146,0.13235296402917757,0.7791975252358054
Guizhou Province,691,gennorm,1.7114524088900434,0.002561061878421628,0.6622270027403494,2.5220083829701387,0.1888596334947799,0.8262308655084338
Guizhou Province,692,gennorm,1.644818888833905,0.026821894077968908,0.6278604828003913,2.232558322348602,0.1544790142013256,0.7353910892989649
Guizhou Province,693,gennorm,1.7584010347459067,0.055812874824947525,0.6342419248586734,2.7105196884949674,0.1378016652868101,0.8071595752169098
Guizhou Province,694,gennorm,2.274870089107194,0.003530120280037738,0.7507272161682719,2.977450727388754,0.15255783634652337,0.8342742958479952
Guizhou Province,695,gennorm,1.6783646431382346,0.020133305064961873,0.6631434007077823,2.8367424497870526,0.20543011081165274,0.8467273950602692
Guizhou Province,696,gennorm,1.8946182572174282,0.030282950558980358,0.6774087126644173,3.041516430950253,0.16336279631882478,0.802613959794273
Guizhou Province,697,gennorm,1.7213264305361973,0.025613396054286936,0.6862960390671209,2.4786068746749406,0.11567429339465235,0.7774144623663193
Guizhou Province,698,gennorm,1.8340837098787748,0.02927450075557794,0.698556470686659,1.9591620660890827,0.1438883751621477,0.6825923392718041
Guizhou Province,699,gennorm,1.7411426082615653,0.004969545294522839,0.6642785531400646,2.8408911200432128,0.15193721910759078,0.8198236647328767
Guizhou Province,700,gennorm,1.7533531593689091,-0.007361934233386355,0.6233566125395886,2.4709953343613815,0.19016455357351053,0.7875887198912366
Guizhou Province,701,gennorm,1.9125644312503358,-0.012185712152295398,0.6781822659140824,2.719571107004029,0.18662174234123052,0.7887487375815836
Guizhou Province,702,gennorm,1.9951347526999244,-0.03023758487454884,0.7127266637950109,2.747328118875168,0.17189951902719247,0.8127627532855657
Guizhou Province,703,gennorm,1.8663087666840248,-0.031395311131177564,0.6417996334141209,2.06087490652241,0.17870254080180265,0.7447253208308289
Guizhou Province,704,gennorm,1.7850588621683303,-0.0054940594891330335,0.6599776094027723,2.3895554117176747,0.16200044609315534,0.747633526710823
Guizhou Province,705,gennorm,1.9177864791018928,0.028128943776890222,0.7260374752672241,2.4954785087247258,0.20757648373306398,0.8209953292019967
Guizhou Province,706,gennorm,2.0349675749258918,0.04248732005066813,0.7140839048811068,2.0827278233872417,0.14941794704120878,0.7661145391623307
Guizhou Province,707,gennorm,1.6722128640603149,0.00010570631081454322,0.6841507956145971,2.464789244551699,0.15705308323144374,0.7689044395337221
Guizhou Province,708,gennorm,1.9210076130758942,0.010321526925240639,0.6723934261245923,2.626487623124917,0.11291069669232817,0.8407767876200858
Guizhou Province,709,gennorm,1.7441471263303163,0.0240923421014289,0.6804474621682526,3.4245649686700066,0.14665361488394152,0.8415046876200731
Guizhou Province,710,gennorm,1.8385805438089342,0.022878432586497844,0.7173739384776012,2.495717511631148,0.13884832367031774,0.7695788916429012
Guizhou Province,711,gennorm,1.7676848968485475,0.05154155838505124,0.6601211495550263,2.4577510483220966,0.16452185863520952,0.781886251330546
Guizhou Province,712,gennorm,1.850588825948558,0.014606901125806614,0.7061585372320985,2.577212370972904,0.15898892262037537,0.7838363782010593
Guizhou Province,713,gennorm,1.8875467667542072,0.02238808261902435,0.6882269755357457,2.349178561835857,0.21061573284926438,0.7763204493092417
Guizhou Province,714,gennorm,1.7632887062886282,0.051577705660939374,0.681250178312619,2.1332954300847256,0.1467621615446278,0.7155933491475142
Guizhou Province,715,gennorm,1.565044420950559,0.05212177109959616,0.5938720196487175,2.8379489529240605,0.1565725677176599,0.8961980147969109
Guizhou Province,716,gennorm,1.8821745441130888,0.00523565380875802,0.7088252181221617,1.8931642560643818,0.13425928704621581,0.6879458786018622
Guizhou Province,717,gennorm,1.8154255638299195,-0.014143072627866328,0.6812587540878832,2.644694206092085,0.20480399825988743,0.8593303798766105
Guizhou Province,718,gennorm,1.775035835753101,0.009824448732920137,0.6864447434370706,2.7811689990612214,0.15684768440708036,0.8186409243995809
Guizhou Province,719,gennorm,1.7049399229046107,0.0059173356378203435,0.6129038295197473,2.444311174110071,0.18106819080402686,0.7605865586262895
Guizhou Province,720,gennorm,1.6446816863050548,0.02099719563882816,0.6110957472460827,2.3548094858914457,0.14768716899012885,0.8023920228543651
Guizhou Province,721,gennorm,1.9690730459348218,0.018811954998624616,0.7212071741177928,2.9886394863764734,0.16683545709846714,0.8413330297965538
Guizhou Province,722,gennorm,1.844356075228581,0.06482389194253302,0.7077794754828173,2.4814695430261766,0.15619021112928672,0.828199532896766
Guizhou Province,723,gennorm,1.9472533951701703,0.001311104516812757,0.7036329557823167,2.071840601787433,0.14350472607524178,0.765149666567722
Guizhou Province,724,gennorm,1.6182491822915215,-0.010563418506188775,0.6241916473277584,2.7103713036968697,0.140352168658418,0.8017314315307905
Guizhou Province,725,gennorm,1.8916773602508812,0.04887066591282782,0.6987610247558338,2.526885871223477,0.14346126411795446,0.8144834622844951
Guizhou Province,726,gennorm,1.6691574067878603,0.0010429818885418828,0.6555668091058368,2.5399906515653408,0.20081974934077712,0.81006440579194
Guizhou Province,727,gennorm,1.832203395138361,0.025893673118712504,0.6690831801635184,2.202885066968547,0.14054324695241577,0.7836914186639068
Guizhou Province,728,gennorm,1.9345615414367072,-0.015302476536255376,0.7612058285220964,3.088240819551745,0.1789016772488385,0.8784656063263045
Guizhou Province,729,gennorm,2.3155881950860593,-0.02501184172169768,0.7333804808300639,2.704707150507086,0.15503661044919123,0.8045794436574483
Guizhou Province,730,gennorm,1.6274188137824113,-0.015878122829404165,0.632984361903454,2.865358237857099,0.16618018568526532,0.8014885127824763
Guizhou Province,731,gennorm,1.8987309424549585,0.042301209627596786,0.6957473353998784,2.7663080590511093,0.14075430048729426,0.8137427522302239
Guizhou Province,732,gennorm,2.1739078190300454,0.017470615589750247,0.7330875142663035,2.561438490612546,0.16498173856601378,0.8339151660697321
Guizhou Province,733,gennorm,1.620063109283842,0.056048994030940505,0.6358476051429269,2.5278379693202515,0.16208160712941433,0.773866323030601
Guizhou Province,734,gennorm,1.5373013002749234,0.03680322391116248,0.5866146692800249,2.341511658834314,0.1459678810769713,0.7646563124417465
Guizhou Province,735,gennorm,2.0662069385378565,-0.01593234674363031,0.7286928838943494,2.1122944114090116,0.1430692441370297,0.7224684732073949
Guizhou Province,736,gennorm,2.0599626382648286,0.0022468221350486293,0.7725432591460516,2.165016699063613,0.1908483322198377,0.7344530030811689
Guizhou Province,737,gennorm,1.8251125118883178,0.004142040606106941,0.7190945916455964,2.5863861549938107,0.17386540648698856,0.8159276742107195
Guizhou Province,738,gennorm,1.9236191830095573,0.008380976889875415,0.7122910219044907,2.2431437990239997,0.11984373039698476,0.7639904714456962
Guizhou Province,739,gennorm,1.9533961536930504,0.020739403048193602,0.6965148409973893,2.521908388147832,0.13878642065808855,0.8143114104553534
Guizhou Province,740,gennorm,1.8878610792802464,0.036362388334667595,0.6846502323559525,2.5180196397037884,0.10582307816072772,0.8478280165773997
Guizhou Province,741,gennorm,1.9795840160427098,0.01349089065479146,0.6787903669661624,2.7565427818565795,0.18292228695994012,0.8201801902619777
Guizhou Province,742,gennorm,2.1651312226925703,0.027702366552865204,0.7828478776430053,2.6441324130281716,0.14830777945990653,0.8503483524437712
Guizhou Province,743,gennorm,1.8315459685735926,-0.01701722709458322,0.6936135122993625,2.2425248012296217,0.187049234511507,0.7539278263512961
Guizhou Province,744,gennorm,1.603135667538845,-0.003159688068702739,0.6090530846603567,2.3254420144450902,0.17875756766889797,0.7676874383972137
Guizhou Province,745,gennorm,2.1233023556862305,0.006485819947232722,0.760615644917578,2.202197431500653,0.229441428220474,0.7758721690654639
Guizhou Province,746,gennorm,1.7755527337769492,0.024852456870584197,0.7129353810746024,2.6977695654045797,0.20552637771582105,0.7887466011706048
Guizhou Province,747,gennorm,1.9425180841559286,-0.020314259761891308,0.6826006720865426,2.199084192178934,0.12763762013682112,0.7846538922818065
Guizhou Province,748,gennorm,1.6854152617552618,-0.021354741866502894,0.6779949169372897,2.253099123104972,0.14982394800329513,0.7967641247685531
Guizhou Province,749,gennorm,1.9696138594449661,0.023362281824760217,0.726006634939378,2.404105784826026,0.16076787996260733,0.7871490105779686
Guizhou Province,750,gennorm,2.02392957729374,-0.005523008512502557,0.6887212773025244,2.503095544573775,0.18097007739216997,0.7751788808035109
Guizhou Province,751,gennorm,1.6270630293958543,0.03649876061620402,0.6052385172454787,2.4163893082714765,0.18028863710494158,0.8006937120184043
Guizhou Province,752,gennorm,2.053295250207378,-0.007791495284390866,0.7186978836261673,2.64073401073645,0.20051415920158439,0.8337122109926597
Guizhou Province,753,gennorm,2.0581959524330546,0.04050970608528097,0.706480494925984,2.43278744115543,0.15615694287974063,0.786045161731979
Guizhou Province,754,gennorm,1.935822068482371,0.02555123895290633,0.689274350781622,2.4472252877992453,0.14003118395952302,0.8145835276012312
Guizhou Province,755,gennorm,1.800229044295293,0.02522128555621557,0.6442089737483648,2.614281377113567,0.2045852460483124,0.833700423524188
Guizhou Province,756,gennorm,1.7228176241232371,0.0015935577652899304,0.6614038748376374,2.5786134728686934,0.1549704050987873,0.8175678523776702
Guizhou Province,757,gennorm,1.50971779498712,0.0613991335157575,0.6101636733398295,2.8922646972993507,0.14199124742862054,0.874094466121295
Guizhou Province,758,gennorm,1.8922536893214308,0.0289694894401999,0.6991024140008304,2.032813864108123,0.14203248354602083,0.6995786534373027
Guizhou Province,759,gennorm,2.257969635119868,0.027341342093864397,0.742965473503655,2.2146299433291956,0.1543514042007761,0.7494414167864285
Guizhou Province,760,gennorm,1.8834965050677335,0.04182701242050088,0.678738695413867,2.213675211358125,0.20556508997704603,0.7531210982569637
Guizhou Province,761,gennorm,1.753996782670366,0.030833765933585194,0.6567134921187714,2.452982637972937,0.14066494428470222,0.8029576816418037
Guizhou Province,762,gennorm,1.5548708381089318,0.03939133213095744,0.6124816099187103,2.0528869193035004,0.18495659287428895,0.7459656136884821
Guizhou Province,763,gennorm,1.956543503510848,0.016774178091366165,0.7325245141913839,2.2626934757705763,0.15264765289117466,0.7737940157513985
Guizhou Province,764,gennorm,1.7352310672615383,0.01615744882256609,0.6412390691792537,2.7032582056128396,0.12531750283073506,0.8153318931077813
Guizhou Province,765,gennorm,1.8859145532962986,0.0671849425089438,0.6910558928757697,2.4243620603320686,0.1744556207046396,0.7923646365868708
Guizhou Province,766,gennorm,1.839763927099363,0.013658950667300381,0.6992709791455177,2.566019104068631,0.1542398255104903,0.8203024634041267
Guizhou Province,767,gennorm,1.787849798646202,0.03643015720323767,0.6476585745094108,2.412724660321106,0.1671126200343403,0.7664756619664477
Guizhou Province,768,gennorm,1.8442951936225778,-0.020772297274317637,0.6752501288678034,2.618203854086053,0.1595366723850602,0.8379614703876471
Guizhou Province,769,gennorm,1.754687621635719,0.018053003597867504,0.6688785440462008,3.27989978372793,0.14970157578345125,0.8649498753807033
Guizhou Province,770,gennorm,1.8526100528505154,0.03821375649578214,0.6846862200619261,2.411424007320228,0.12395102038046349,0.7540323107899216
Guizhou Province,771,gennorm,1.8680922929899668,0.00048451076673855357,0.7032813870072268,2.497337483233453,0.1663801324451189,0.7754572059445629
Guizhou Province,772,gennorm,1.4812575520388516,0.02048159328601925,0.5815008805940662,2.17130937035839,0.15522268482729573,0.7389538500751691
Guizhou Province,773,gennorm,1.9590272482325735,0.012825167543806878,0.6959882626088782,2.6665376443732445,0.17464278043653142,0.8011918452473252
Guizhou Province,774,gennorm,1.8770003152439005,-0.01078979733963634,0.728844507712572,2.203419326662179,0.15722122626280913,0.7692599620607512
Guizhou Province,775,gennorm,1.7983830742112101,0.01762120660043799,0.6482672229629827,2.7802711380945047,0.17496333441858442,0.8181996357539035
Guizhou Province,776,gennorm,1.9905418477092431,0.008902604194691108,0.6962517860180689,2.67634672191792,0.16435571378083885,0.8295865504624313
Guizhou Province,777,gennorm,1.8324147741665286,0.056893334032345866,0.7075477813295261,3.248554864367331,0.17014132665512893,0.8881449787562365
Guizhou Province,778,gennorm,1.6710825146989037,0.0395040028209926,0.6625282912056227,2.769334744931684,0.15133485497031382,0.8409361563936311
Guizhou Province,779,gennorm,1.9880853487614685,0.05233379924516439,0.7022250121118021,2.1519658116390854,0.14055282342555958,0.7735020588855497
Guizhou Province,780,gennorm,1.697144973107739,0.025361255321863018,0.6453938305420381,2.2854194267379446,0.1742583922770391,0.7679976661513931
Guizhou Province,781,gennorm,1.7829300885011474,0.011591127584144063,0.6836089592519893,2.363035492351771,0.13313976172298156,0.7899068256301665
Guizhou Province,782,gennorm,2.1295373604794747,0.03746173928667483,0.7444331972549947,2.276099004932103,0.17117900327636598,0.7858436175394318
Guizhou Province,783,gennorm,1.6202348940724347,-0.00946575440979167,0.6159205621168891,2.403715623436306,0.1910435845757395,0.7868621939851173
Guizhou Province,784,gennorm,2.0299965498009653,0.050308922826554914,0.6839557483656864,2.946327805476973,0.16613363707369644,0.8058808636995163
Guizhou Province,785,gennorm,1.5735977652963153,0.0326514179657958,0.5982332609121036,2.0609931959740377,0.15098027168440975,0.7246519070614784
Guizhou Province,786,gennorm,2.187117897077017,0.004289534643885802,0.6977822856663807,2.588516945191971,0.17500627648427414,0.736694497540455
Guizhou Province,787,gennorm,2.077099814913856,0.03056278113345255,0.6976926118651772,2.4402971016594472,0.17687717116682744,0.8129967931036163
Guizhou Province,788,gennorm,1.9652926575919314,0.02545765707674533,0.7045650965313495,2.37682800954083,0.14989983194701872,0.7738957584862665
Guizhou Province,789,gennorm,1.6574277712972947,-0.025129698307107987,0.6647202196169194,2.4062529587583086,0.16847247858625608,0.7944560598511796
Guizhou Province,790,gennorm,1.6378397075276536,0.041004465805991805,0.6206769457340258,2.2065525471484633,0.14707866358766225,0.7311204790743343
Guizhou Province,791,gennorm,1.9273543765011558,0.004114986183989769,0.6835032752335474,2.14826386748908,0.115226268999985,0.7571868646014731
Guizhou Province,792,gennorm,1.8692761561313573,0.03647196014659265,0.7448183067459413,2.599216200082595,0.16606834173312407,0.7902947190529619
Guizhou Province,793,gennorm,1.838792659932269,0.017759293763811593,0.6554831548392202,2.409996190616743,0.15942573164975482,0.7764737730432472
Guizhou Province,794,gennorm,1.8018873286579458,0.016106449886225317,0.6923177025733601,2.396043126427254,0.16387555155258865,0.8197062162104738
Guizhou Province,795,gennorm,1.630689478326837,-0.0044432872068848675,0.647995943122448,2.789057581350331,0.1770770782027083,0.8590176130389902
Guizhou Province,796,gennorm,1.7595566499048196,0.007193613634365036,0.6479844973887827,2.428254896496424,0.1820965227402468,0.7804482146138336
Guizhou Province,797,gennorm,1.7943583623420465,-0.009641923032577144,0.6765193494034731,2.7436048084121096,0.17178013591233252,0.8112071863333024
Guizhou Province,798,gennorm,1.6389151291980109,0.05433150782928278,0.6173593518981599,2.944202382733083,0.18549066857019936,0.8276227092295243
Guizhou Province,799,gennorm,1.8993551053067628,0.03862001263957422,0.6698624620598777,2.1153009318810856,0.15098920182796224,0.7406114226105751
Guizhou Province,800,gennorm,1.626396047825681,0.035000552665574475,0.6319155648182716,2.656426479558955,0.16084394547296285,0.8130994069273623
Guizhou Province,801,gennorm,1.8709960143174893,0.02278794500345538,0.6844945479511306,2.3788426297840326,0.1738723660549084,0.8082229660773207
Guizhou Province,802,gennorm,1.6418631820631275,0.0012603765117060566,0.6265922915484712,2.5955337375594656,0.15072244707758758,0.8108123642430827
Guizhou Province,803,gennorm,1.6349620524466157,0.03924397667027224,0.6344083906869811,2.6605377445203104,0.15080022980465502,0.8178178454349222
Guizhou Province,804,gennorm,1.601385346701333,0.009791836326373576,0.6259119700637925,2.706720909017048,0.19220151088126725,0.8319202527523877
Guizhou Province,805,gennorm,1.9254779696996158,0.023547509608837783,0.6991754872928687,2.81753800549473,0.16059089525509018,0.7914105569837371
Guizhou Province,806,gennorm,1.8660408184803168,0.022664743511666724,0.7084140409901474,2.1499267167645852,0.15192562091598025,0.7722128818794501
Guizhou Province,807,gennorm,1.8354524766429001,0.01826622140601237,0.6798750106303008,2.5267261845129347,0.11792313647221811,0.817196637491741
Guizhou Province,808,gennorm,1.557187638848244,0.012131365545437728,0.5803869227797329,2.685720860421945,0.19145120273420874,0.792312874102441
Guizhou Province,809,gennorm,1.8954295028502184,0.007209173330682976,0.6587680607032134,2.6823761343376242,0.1640860590498408,0.821777178894671
Guizhou Province,810,gennorm,1.7984679984136662,0.008016062162941087,0.6924841201534631,2.3393713547462083,0.17946468718409245,0.8041953795697123
Guizhou Province,811,gennorm,1.5408658376023305,0.05570218454491711,0.5863125546435837,2.5748088685802273,0.2089926493210083,0.8228037775033289
Guizhou Province,812,gennorm,1.9083194398422456,0.008592956830885796,0.7173755840347855,2.627709368824584,0.16797669306362745,0.7486469788243072
Guizhou Province,813,gennorm,1.8872751576779276,0.017266222338537807,0.638055115085123,2.555328208146805,0.14670581935910804,0.830985591999373
Guizhou Province,814,gennorm,1.943944301327121,0.008414464079895673,0.7238000565713834,2.6368864012168913,0.1747639921733612,0.7680068407375006
Guizhou Province,815,gennorm,1.9155497191163366,0.08543018682755828,0.6839361417568619,2.6885093656013304,0.1630571772249257,0.8202226757840312
Guizhou Province,816,gennorm,1.7791475873889226,0.0035275684662483767,0.6440868360866082,2.6469330338907158,0.1585122761939316,0.821621005176717
Guizhou Province,817,gennorm,1.9467917169650375,0.036417949793934146,0.765466435934256,2.2792863924750444,0.1663878076519577,0.7837564718301002
Guizhou Province,818,gennorm,1.6922529391538979,0.056341988441486954,0.649967173274528,2.253310578797593,0.13727276627865376,0.7511938376956075
Guizhou Province,819,gennorm,1.9317514772463475,0.04073230290313378,0.6848837192416419,2.2202957254800455,0.160292101533555,0.7612551973643747
Guizhou Province,820,gennorm,1.6030578640100468,0.005234427557064105,0.6222730851937437,2.3032059744695275,0.1748992531875119,0.7893896204352195
Guizhou Province,821,gennorm,1.908416496558702,0.06107143174241811,0.7013197948634862,2.825846552253144,0.16968678257768094,0.8375572018939701
Guizhou Province,822,gennorm,2.0990138719226845,0.043383307355383996,0.744197382622664,2.1955312335138553,0.17179458563690808,0.7479722730016883
Guizhou Province,823,gennorm,2.401424398698467,0.014049982454488031,0.8481111043296222,2.4435609825127447,0.1293159142755122,0.8187206376154333
Guizhou Province,824,gennorm,1.839952053089677,0.02483563518389418,0.6627331686107456,2.5118558750992817,0.16273077002168296,0.8371923895580866
Guizhou Province,825,gennorm,1.982813981879558,0.03707804864019627,0.7006916981045201,2.9960771518164067,0.18890309358042484,0.8523438621455977
Guizhou Province,826,gennorm,1.6834554879778696,-0.006089381391594494,0.6155012308744029,2.2907798443771994,0.1519074836407278,0.7572346407158304
Guizhou Province,827,gennorm,1.8770986814265669,0.017336768603258286,0.6555890682541654,2.691303014116458,0.19120841786040174,0.866362598321732
Guizhou Province,828,gennorm,1.6637305769121395,-0.024623595100645518,0.6711925779199936,2.457567168312889,0.21229260619888143,0.798022001255464
Guizhou Province,829,gennorm,2.0131419007413305,-0.0033260732839615796,0.7037721348524528,2.561873835537445,0.1663841667541365,0.7863998756567321
Guizhou Province,830,gennorm,1.9204665136091137,0.028669340129941066,0.7103183001629512,2.410291886498502,0.1342312409140735,0.8145689031934111
Guizhou Province,831,gennorm,1.6212764153722312,0.04813099960275055,0.639833460433374,2.7220369622304945,0.18994910126384257,0.8287293758432215
Guizhou Province,832,gennorm,1.7684506982553507,0.04377004817543158,0.6911460708972619,3.137613334112476,0.16540586301227417,0.8546132527881426
Guizhou Province,833,gennorm,2.1753269107366453,0.0316676920663468,0.7271911426456004,2.558846160959069,0.1734467763026891,0.823960711628037
Guizhou Province,834,gennorm,1.510373294864341,0.04363730913060067,0.6212725396953014,2.6932472042532503,0.14893263021748393,0.8714551304043907
Guizhou Province,835,gennorm,1.8162655340332599,0.011899076804541893,0.6837679929588127,2.5639930000931677,0.19165247320737389,0.795603868439507
Guizhou Province,836,gennorm,2.0479842387676284,0.05453925008167028,0.7285891960433462,2.5993479327170044,0.18469782950667382,0.7998590095499885
Guizhou Province,837,gennorm,2.0056549583121166,0.03434188695554313,0.745336026280317,2.2204767835347763,0.17779775911449627,0.7657546234608725
Guizhou Province,838,gennorm,1.7873363626575591,-0.01942459438686461,0.671819854149988,2.702441920282422,0.1392505377275885,0.8561602386467317
Guizhou Province,839,gennorm,2.0144731043304382,0.020672470349240003,0.7617376731263095,2.28961345299294,0.13371577128080062,0.7798344580273537
Guizhou Province,840,gennorm,1.7001728527202715,-0.004846863475823996,0.6439462452052933,2.2304643926298633,0.18082093265142712,0.7740638179903299
Guizhou Province,841,gennorm,2.064308750899553,0.05947296721938126,0.7325370957278625,2.362882170945941,0.16774762039865893,0.7859308490843281
Guizhou Province,842,gennorm,1.9930063805363,0.008575943568973014,0.7147247655648774,2.062454387900652,0.17249118795931612,0.7380068345873138
Guizhou Province,843,gennorm,1.6519019719880985,0.026708312131592818,0.64263319605058,2.352285097106844,0.15239603943081032,0.7820835503240484
Guizhou Province,844,gennorm,1.6211039782827212,0.039352005367544254,0.6127553421035337,1.9496144184772244,0.11887200488840104,0.7006959981650892
Guizhou Province,845,gennorm,2.017301321910172,0.010503047986473163,0.7134541836617306,2.369236101528057,0.14948519364597057,0.8013375298423954
Guizhou Province,846,gennorm,1.8448185901862315,0.02486404890025945,0.7229440682447288,2.4361833446246717,0.20877872457354923,0.7681791149593493
Guizhou Province,847,gennorm,2.0305459465019986,0.016002986729348315,0.7086804583162621,2.3229329660908804,0.18245717312052506,0.7350893510467704
Guizhou Province,848,gennorm,1.70131079869748,0.041697089556591974,0.6509488108117857,2.3633686596398666,0.16106050985729053,0.8120157332333193
Guizhou Province,849,gennorm,1.8670564090363115,-0.005530761809572176,0.6903097321533471,2.567396457075703,0.14891417999442808,0.804820663938324
Guizhou Province,850,gennorm,1.8184280467403027,0.0005667640270539935,0.7051368937114681,2.5235475944214834,0.16343103745969245,0.8209835444320084
Guizhou Province,851,gennorm,2.1135286749832023,0.027500394140535595,0.7548782672716343,2.5835011191001906,0.11022116681649002,0.7979355386279541
Guizhou Province,852,gennorm,1.7779084308834223,0.05360928617255693,0.7096027067841063,2.2633534697154456,0.16094791265744768,0.7490409486300432
Guizhou Province,853,gennorm,1.6815310416721374,0.01920880393520962,0.6445042364181565,2.7540452437618264,0.13947507058510947,0.8196115779105658
Guizhou Province,854,gennorm,1.4230754041841571,0.00806044246855496,0.6032461335378864,2.1785657397726776,0.13728481817664612,0.7459938133129227
Guizhou Province,855,gennorm,2.518648880073836,-0.018550940961393335,0.7633521352768025,2.329709846448334,0.17632258568692866,0.7872631748119201
Guizhou Province,856,gennorm,1.7828423898182781,0.020956402573981243,0.6480565069043855,2.227390945242232,0.19605977297258737,0.7893207252305328
Guizhou Province,857,gennorm,2.39453201199247,0.03160760587606008,0.7850768863334203,2.322375648504485,0.20703704635892112,0.802027587294555
Guizhou Province,858,gennorm,1.5547437629789709,0.015916957650302616,0.6210327927470398,2.266367196623163,0.17963060897571267,0.7482490787051204
Guizhou Province,859,gennorm,1.9796109583044115,0.03870710770141633,0.6604363417823351,2.5718051750944664,0.13368299229977654,0.7933349337523299
Guizhou Province,860,gennorm,1.607460114515582,0.0301199254865571,0.5897606593824414,2.633512396330094,0.13778572429946495,0.8243474801170542
Guizhou Province,861,gennorm,1.636132820676357,0.030252206405130856,0.6738733336150317,2.4188943854346894,0.16431737839062815,0.8086886897899006
Guizhou Province,862,gennorm,1.8727480864262926,0.014872396022773394,0.6799080398481283,2.2640235313516746,0.11695003405803889,0.770803126975049
Guizhou Province,863,gennorm,1.7858130318755663,0.020911724227518212,0.6670259711295112,2.4069081380370045,0.16726148472969316,0.7806340002889625
Guizhou Province,864,gennorm,1.9818894670167717,-0.03272793461806821,0.6925577320024086,2.693821131957719,0.1534516274313161,0.8198199260115957
Guizhou Province,865,gennorm,1.782159390109463,0.061913515927530346,0.6569006694849089,2.4520790013106737,0.14382508815542316,0.7846709750430632
Guizhou Province,866,gennorm,1.7275469655164863,0.026962334925931836,0.6956406571358072,2.190102639058332,0.1824916292714433,0.7799666598553887
Guizhou Province,867,gennorm,2.009853984140305,0.013981006771228084,0.6710390026810089,2.658158901889397,0.1555728989489592,0.7798147153997734
Guizhou Province,868,gennorm,2.0308104019169844,0.056307241726533216,0.6964582834613798,2.5666589544918774,0.1872536756888878,0.8019841737063753
Guizhou Province,869,gennorm,2.031478118600836,0.007244916980680499,0.7075280170072986,2.3943771512979026,0.16891491662452846,0.7879722739826223
Guizhou Province,870,gennorm,1.7963480361768969,0.007946042547882915,0.6748848841470108,2.2137763226731053,0.175844008391185,0.7435163572649081
Guizhou Province,871,gennorm,1.9973740584591626,0.03704758656704005,0.6982813910427557,2.5139550748176784,0.1667062553609518,0.8107245564526615
Guizhou Province,872,gennorm,1.699779114218495,0.02720162622205119,0.6344168881850312,2.406908952495497,0.14807185660301814,0.7816619643547056
Guizhou Province,873,gennorm,2.1756583329790344,0.018813409594432673,0.7755926598413563,2.291676383209251,0.19350528601633005,0.7236787716328241
Guizhou Province,874,gennorm,1.6666088976890174,0.023938204664535417,0.6336797202683159,2.8230684585787627,0.145818540472759,0.8538589015676303
Guizhou Province,875,gennorm,1.8069378860563698,-0.005328096610574985,0.6248208709015253,2.0591815724919265,0.16151581983979107,0.7531525109606698
Guizhou Province,876,gennorm,2.1922724131772187,0.025003718606781695,0.7354184420386933,3.247415410877574,0.11675909826905223,0.8585182493876464
Guizhou Province,877,gennorm,1.6790430993622518,0.019748891875070774,0.6629049528941788,2.2948409981991444,0.16850032615786437,0.7781294954140558
Guizhou Province,878,gennorm,1.9280011846746716,0.017166367043531174,0.7126886335374265,2.333537084723176,0.1497575942954451,0.7568910538160528
Guizhou Province,879,gennorm,2.060941824637691,0.02629853397600342,0.7166886645238817,2.44044245388869,0.16581603583522522,0.7620560219588219
Guizhou Province,880,gennorm,1.6174275771894067,0.009992217293449413,0.6427699450518569,2.5616567466032487,0.1528514759198702,0.8215773309915089
Guizhou Province,881,gennorm,1.9641872012156154,0.06503911753364565,0.7240971970003653,2.3023522897258504,0.20139377462406088,0.7644789462867753
Guizhou Province,882,gennorm,1.984693485641782,0.03145187886688497,0.7049337335272312,3.0015400473279215,0.17789001254314524,0.8314515524090896
Guizhou Province,883,gennorm,1.9745596608670806,0.03933937973075889,0.6896707868418763,2.218873324753496,0.14064932906316457,0.7821867210430758
Guizhou Province,884,gennorm,1.8160070820178587,-0.029314991966405607,0.7100959520037351,2.414955159901328,0.19348025907524966,0.7777270105501635
Guizhou Province,885,gennorm,1.7139527479039347,-0.015597982398284834,0.6210120459202267,2.3681926146385273,0.11280327063520088,0.7920341340141783
Guizhou Province,886,gennorm,1.652586127969372,0.03769193043258975,0.644721648148088,2.2754501399308795,0.15297554878568514,0.7301201105437711
Guizhou Province,887,gennorm,1.6217455472214242,0.0054285629852221864,0.6480780563688766,2.2651428560695335,0.13382719339270105,0.7217682870740301
Guizhou Province,888,gennorm,2.017730063485809,0.04395412434667245,0.722725202521699,2.237008057082193,0.12483492050032562,0.749069432951408
Guizhou Province,889,gennorm,1.6398498549047198,-0.0014767525401616168,0.6243899902729064,2.282595653103144,0.15295469803928902,0.742434430461006
Guizhou Province,890,gennorm,1.88536640242764,0.01406834325749467,0.6986334708765832,2.021389534526092,0.18287093067546203,0.7236371907428716
Guizhou Province,891,gennorm,1.9843421558898597,-6.889136521909129e-05,0.6985251374135963,2.6250376852764115,0.14800542083840174,0.7865537550329351
Guizhou Province,892,gennorm,1.6694062790740325,0.02810902580334479,0.6477220911686836,2.6127405494999993,0.18913285521608897,0.8202594727802448
Guizhou Province,893,gennorm,1.8720382758726786,-0.0350294658462377,0.7095184667471874,2.280297347289908,0.156020009331011,0.7835801937448202
Guizhou Province,894,gennorm,1.891837498008827,0.018490013577075852,0.6961977248215037,2.2209676286012803,0.16534209411314588,0.7636391376235823
Guizhou Province,895,gennorm,1.8475707823348595,0.025478675075646016,0.6848641313065085,2.524358999924866,0.17581212423842651,0.7834783552931421
Guizhou Province,896,gennorm,1.89176331212088,0.025790911917608,0.7078115671994445,2.315254385526366,0.14739896025366153,0.7852188827439199
Guizhou Province,897,gennorm,2.0429870829736476,0.006924175468904745,0.7046626552874699,2.179318317523247,0.17109831597004946,0.7393496562502002
Guizhou Province,898,gennorm,1.9773367472903312,-0.001984997691711671,0.6898916561264549,2.3063718252985668,0.19370051614588868,0.7127999894095971
Guizhou Province,899,gennorm,1.8770991642415842,0.0322367637111871,0.6834224969431478,2.4773736169259073,0.1604745863400734,0.8215459776488236
Guizhou Province,900,gennorm,1.7052096667873684,0.01563076854856711,0.6314012125296273,2.4384429260089036,0.1395972663734573,0.7761848490916762
Guizhou Province,901,gennorm,1.3898220114297413,0.07095338905332585,0.5545205807640652,2.752454741172741,0.18586088695315434,0.8451896052489414
Guizhou Province,902,gennorm,1.9072960267364802,0.03421953905473364,0.6965669564183398,2.4474802624946728,0.16889555787443145,0.791890428535033
Guizhou Province,903,gennorm,1.501216493764189,0.010227045302953297,0.6282463229299557,2.799925496904099,0.1480391659149468,0.8536186266093693
Guizhou Province,904,gennorm,2.212017610406525,-0.004163924159045469,0.7650142067457261,2.577583749660964,0.16401909158192512,0.8064990495231887
Guizhou Province,905,gennorm,2.0752075417114213,-0.016157483072463306,0.7304972588123797,2.5697014365793835,0.14677624947047532,0.7705222795670181
Guizhou Province,906,gennorm,1.9277450684566224,0.008979451038085333,0.6860064812462445,3.170729069409453,0.17045787333838008,0.8486745199829
Guizhou Province,907,gennorm,1.87848178378872,0.024147382252169614,0.7104624103808266,2.383326394644352,0.17563413739339062,0.8113534183259028
Guizhou Province,908,gennorm,1.9720044412742672,0.05691497767102252,0.7121192890891652,2.6216593604231004,0.16136959552646032,0.7869835941825366
Guizhou Province,909,gennorm,1.764965681584059,0.030539493685495078,0.6755628956425354,2.4462341735360233,0.17418921033495033,0.7945812978858575
Guizhou Province,910,gennorm,2.005110211199713,0.048348580505145025,0.7070064092023638,2.536476599577388,0.13725285540070048,0.7820870316864603
Guizhou Province,911,gennorm,1.7340210799867954,0.00226980848803059,0.645370422043391,2.5014114719997678,0.16328870829376546,0.7874668184804409
Guizhou Province,912,gennorm,1.8152146683461576,-0.02420739315476031,0.6469925494143909,2.926348297780975,0.16262485282968125,0.8188465481355458
Guizhou Province,913,gennorm,2.051501318255453,0.012407277102960669,0.7102424772624115,2.6683660785202674,0.1588312078321233,0.7962673308520353
Guizhou Province,914,gennorm,1.778694524000886,-0.0028230883023408282,0.6818500729398409,1.9986478510490198,0.16051202018371713,0.7349342562298748
Guizhou Province,915,gennorm,1.8373761604911127,0.06328156944076421,0.7046803435489286,2.1344376536625247,0.15693251698266275,0.7556448063004528
Guizhou Province,916,gennorm,1.7198478514991686,0.01114128695471039,0.6683500938467168,2.6350097881112537,0.18796627793927623,0.8124120056039195
Guizhou Province,917,gennorm,2.1885668519776638,0.00502427780591108,0.7643601192890441,2.122509345433108,0.17411922437662125,0.7706914568271894
Guizhou Province,918,gennorm,1.8544066503916599,0.001656185685661457,0.6816046876047595,2.6135876103587736,0.16391642618490682,0.8231900771779146
Guizhou Province,919,gennorm,1.939500231247159,0.04207331733733457,0.7147296586495661,2.3699003606812226,0.2162115973430744,0.7754570965893983
Guizhou Province,920,gennorm,2.0908821096641033,0.05640291192610712,0.7317266399864488,2.3505293951328383,0.17749360677112028,0.7899997697928829
Guizhou Province,921,gennorm,1.6298029596604704,0.036252796096377146,0.6334404883600446,2.6668968974099334,0.18282067746597677,0.8558520856856316
Guizhou Province,922,gennorm,2.197995847487231,0.011506138013752373,0.7898706089207043,2.0449515679518444,0.12508181565367538,0.7047395221873025
Guizhou Province,923,gennorm,1.7882844593761522,0.003996577219973379,0.6734829362748598,2.352960456925675,0.1975732400393143,0.8216592030937367
Guizhou Province,924,gennorm,2.4659167133592144,0.033957964422613104,0.8184992329291878,2.5967289050772955,0.20520889693456212,0.8220857500210323
Guizhou Province,925,gennorm,2.0385473188725873,0.013402669049874076,0.7143003207538465,2.3762008205211913,0.18186216879614864,0.7455346611183306
Guizhou Province,926,gennorm,1.794769090317853,0.028159076571752234,0.7020302118473152,2.637118006550131,0.17288640051127352,0.767693718340791
Guizhou Province,927,gennorm,1.88171063321732,0.031647736757879595,0.6834963632522362,2.3854378145003654,0.16268416515688738,0.7755388903008367
Guizhou Province,928,gennorm,1.8816899165999859,-0.00013324483431395218,0.7340714914169231,2.3167678111703296,0.17756446734792503,0.7602903500120841
Guizhou Province,929,gennorm,1.721125032968915,0.033073254136718834,0.6616940659810877,2.571188548715571,0.1371084738978482,0.7883673403876656
Guizhou Province,930,gennorm,2.047996308825848,0.017671107262051344,0.7269269268830366,2.5187064695134707,0.18475528927699914,0.7754631967532748
Guizhou Province,931,gennorm,1.844863661408219,0.0512935185474722,0.6583216538268339,2.8175766769645696,0.16947520767398633,0.8170495191232823
Guizhou Province,932,gennorm,1.929280841723351,0.042332881102875,0.7148757084530852,2.4035574712576313,0.15228106536552574,0.7758032230126441
Guizhou Province,933,gennorm,1.6307724580115672,0.04406311691159781,0.6612513642413635,2.3044886465258867,0.1500982459101634,0.7490126095342151
Guizhou Province,934,gennorm,1.6596144325217108,0.03350525650399773,0.662949579936374,2.3037922692277677,0.15716184901022398,0.8061929064147916
Guizhou Province,935,gennorm,1.6506360985471042,-0.0195921728239771,0.6054194708074563,2.7639028058556545,0.16259886672602847,0.8406404939820802
Guizhou Province,936,gennorm,1.74193087186386,0.007271276041814659,0.6526669895367107,2.3967586849735585,0.15109171318005007,0.7701300802907863
Guizhou Province,937,gennorm,1.7330784340825223,-0.003386883579615135,0.6461025820241021,2.831285093629324,0.14796031996381476,0.8157920001002836
Guizhou Province,938,gennorm,1.9521658822643158,-0.016233777332248553,0.7241359471658522,2.45106150845972,0.17978135752991503,0.7575390581308499
Guizhou Province,939,gennorm,2.1169838578541254,0.018050649116538517,0.722270837086118,2.349342439172065,0.18058446313877957,0.7744557927064356
Guizhou Province,940,gennorm,1.8960031953276775,0.05420887555210456,0.6949357176283988,2.3211794618741086,0.1841677211702958,0.7558164995112799
Guizhou Province,941,gennorm,1.7732037219546763,-0.017976031421796705,0.7076178939253274,2.5400568310765257,0.17861601400682176,0.803516479427158
Guizhou Province,942,gennorm,1.8360981171235051,0.022763239695052555,0.618705074742034,2.4854491046034948,0.1730105714596467,0.7951940732001261
Guizhou Province,943,gennorm,2.045315211929787,0.04015795667828727,0.704506446853441,2.4594824166270777,0.1499477733977299,0.8147462632075926
Guizhou Province,944,gennorm,1.7273928539290808,0.04281999901838772,0.6531340532347671,2.279109202136584,0.1673978023652935,0.7555031105723495
Guizhou Province,945,gennorm,1.6202508710582957,-0.02224881373829634,0.6613003738001786,2.480089895199208,0.16869641417134307,0.8079193189336711
Guizhou Province,946,gennorm,1.8489338508537743,0.01870577592430192,0.7223236212340058,2.2895521526511375,0.19977988542698827,0.7571833046654592
Guizhou Province,947,gennorm,1.976252801663715,-0.004926382518163324,0.7333918816822738,2.358029822292177,0.1615983626093097,0.7953267901133898
Guizhou Province,948,gennorm,1.9625871994389992,0.04183473290067406,0.7039241450577869,2.3011887998078224,0.15817877157544014,0.7554950693919384
Guizhou Province,949,gennorm,1.930842535333246,0.024072087016232778,0.6702530321293756,2.247787840709018,0.16600168065424017,0.7625531822461
Guizhou Province,950,gennorm,1.7794827906379393,0.02952931715435493,0.6354914250588699,2.3786367145331013,0.09982921193146313,0.7871815491902177
Guizhou Province,951,gennorm,2.177664230870789,-0.004148913438877947,0.7700235353977785,2.5032461056652107,0.21375531593551472,0.79647548801425
Guizhou Province,952,gennorm,1.947654687162262,0.0021071380287804556,0.7037658662635788,2.3717695215538335,0.170252758177511,0.8068637838281092
Guizhou Province,953,gennorm,1.86030720159373,-0.005033114285898125,0.69844620698998,2.3554050506105257,0.17742275786272704,0.8155948366963186
Guizhou Province,954,gennorm,1.9727741219039616,0.044062558812781434,0.6876632718596172,2.2778752468851184,0.16510470044827114,0.806293549801544
Guizhou Province,955,gennorm,1.6212377825217388,0.018011329830610497,0.6519252279633283,2.152786930111479,0.20685265261570018,0.7194403408289771
Guizhou Province,956,gennorm,2.041985662956451,0.020478508605592825,0.7139314994044692,2.1518680833348904,0.18359100840111636,0.6999652685214534
Guizhou Province,957,gennorm,2.0234601820760707,0.01938171222471173,0.723913702044003,2.704742950316734,0.16615635421498934,0.8333369478268847
Guizhou Province,958,gennorm,1.835909101009042,-0.031359309796685615,0.6750046159735923,2.9327913039821203,0.18345231538293366,0.8503475955420341
Guizhou Province,959,gennorm,1.9419169714987867,0.036311162756334364,0.7030800101452852,2.3682420198263565,0.12579833909664528,0.7755422049383771
Guizhou Province,960,gennorm,2.0475120674857568,0.035563973953667324,0.738111255539323,2.4377851590839623,0.19791919431265476,0.7737997118559892
Guizhou Province,961,gennorm,2.1369480761846287,0.053921236252251994,0.7468210689932735,2.4490230313260057,0.15580839967548568,0.8148096976085781
Guizhou Province,962,gennorm,2.0696746369642396,-0.005112956807920142,0.7505077980358461,2.4419199721028986,0.1595699231105736,0.8174616015118292
Guizhou Province,963,gennorm,1.9704759304317307,0.012472405757168464,0.7402217392220717,2.442968898279654,0.17393698245560107,0.8070499356124918
Guizhou Province,964,gennorm,1.479658209342158,0.026738124379294792,0.5898760036894328,2.22792129107027,0.18810323890171327,0.7830941348836369
Guizhou Province,965,gennorm,1.7561008673825227,0.05858273173880035,0.6519822383279665,3.0872661364194527,0.15461206205107753,0.7647616439104932
Guizhou Province,966,gennorm,2.279879064820703,0.0525814811283822,0.7416778837219433,2.3356052619545666,0.15130984885017754,0.7977794727051215
Guizhou Province,967,gennorm,1.7595560240953756,0.01794652259152075,0.7004305760689515,2.639920781736266,0.2008314627197813,0.8435551460490585
Guizhou Province,968,gennorm,1.7578156660864763,0.015522642245069454,0.6620631325808288,2.914011365468146,0.19310763602419645,0.8248769450125542
Guizhou Province,969,gennorm,1.4434928367544808,0.028124261489127226,0.5626821301740688,2.2030622638133606,0.14879762441873065,0.7619370283550244
Guizhou Province,970,gennorm,1.8837598571574345,0.03195947106897947,0.6705535470065618,2.281765986956535,0.14898056188124859,0.7434111610071433
Guizhou Province,971,gennorm,1.8497667356885938,0.03895436897844705,0.7288448690277418,2.287670223912952,0.1677544514305475,0.7545452295063664
Guizhou Province,972,gennorm,1.8000734144323887,0.01940248421154274,0.6555214465969266,2.086674918178815,0.17731418573564958,0.733357031864077
Guizhou Province,973,gennorm,1.8713215418660831,0.04634875698784989,0.6849936865843174,2.373273463601908,0.1471395840470872,0.8035509483827497
Guizhou Province,974,gennorm,2.004836765513853,0.032011752348552074,0.7401690487405674,2.318191194897129,0.19175592260602392,0.7654311367244166
Guizhou Province,975,gennorm,1.9432143727830242,0.017397518912874443,0.6996949267098354,2.463546313431355,0.17410122939781125,0.7706034657637758
Guizhou Province,976,gennorm,1.687405240761691,-0.009507762912866854,0.6367346030429966,2.15904560609943,0.12829904564654557,0.7516930171386966
Guizhou Province,977,gennorm,1.7647997597535867,0.030470637377593708,0.6736384577426457,2.5847265585306607,0.1657610664456356,0.817237058738588
Guizhou Province,978,gennorm,1.8887010623752212,0.04306626233794894,0.709764336574913,2.8544168471040683,0.18700149882093609,0.8252851003258721
Guizhou Province,979,gennorm,1.8012377655949583,0.02348767990455792,0.6444446352149189,2.6323703472514888,0.14652804356650184,0.8481310609740876
Guizhou Province,980,gennorm,1.9537285813462089,0.04606425325802696,0.7198835750280619,2.183780490548317,0.14285331664961837,0.7422003344778434
Guizhou Province,981,gennorm,2.004216772453084,-0.020015466222936894,0.7257166958437455,2.561113166586053,0.15821430047512347,0.781062215445957
Guizhou Province,982,gennorm,1.6866750753453117,0.021394055354510184,0.6442584644106546,2.5713859092717675,0.14633461984819143,0.8037901529182012
Guizhou Province,983,gennorm,2.2297394343035726,-0.005400046939195253,0.7532843116801136,2.3635961037964623,0.15715385830017184,0.7958725671306877
Guizhou Province,984,gennorm,1.788785918733991,0.01034821308917929,0.6837896309492796,2.355205382106055,0.12619392490000814,0.7570472703368691
Guizhou Province,985,gennorm,2.0798833110401076,0.034360765699137694,0.7575897064179753,2.4571826183704157,0.16430661521245712,0.8148356424363488
Guizhou Province,986,gennorm,2.0269033247110793,0.027526351691688343,0.7192805655865822,2.435970300138303,0.18570821314330152,0.8159256416021923
Guizhou Province,987,gennorm,2.046001969409029,0.04526458496667416,0.7435906994285199,2.5469886994298636,0.13931293656866184,0.791785175717738
Guizhou Province,988,gennorm,1.6978089673358765,0.006013803409705883,0.6359439823741321,2.5223339338262294,0.15127809861161606,0.7526164573456094
Guizhou Province,989,gennorm,1.6399552541750997,-0.00641741660914498,0.636615588542648,2.192420997287821,0.17757051073974897,0.7741406284082074
Guizhou Province,990,gennorm,2.0535486563780196,-0.0016317592902641207,0.7311028627901393,2.0984366956968508,0.18431238365244518,0.7517149472203275
Guizhou Province,991,gennorm,1.5842277871330657,0.043760119106517836,0.6400791141960291,2.008877568296348,0.19114577400348723,0.7281515719608571
Guizhou Province,992,gennorm,1.8618341481551188,-0.005357581298234994,0.6979679032454649,2.4555057348605063,0.1555730648464133,0.8065959913798646
Guizhou Province,993,gennorm,1.6494228506194029,-0.005128519767899057,0.6579748361452602,2.5243669323039786,0.15274468218894227,0.8043950486125793
Guizhou Province,994,gennorm,1.9581036391910491,0.03040932095001033,0.7204269662708176,2.285825597718558,0.18732828810192143,0.7875592809387735
Guizhou Province,995,gennorm,2.0299758940917583,0.029556207304621274,0.72948425557425,2.3361942428509845,0.15535115355272272,0.7867686055668007
Guizhou Province,996,gennorm,1.7844924449473527,0.011403415088837032,0.6694311615413264,2.281761633617222,0.18267523238484518,0.749020936030187
Guizhou Province,997,gennorm,1.8317176335077825,-0.029673612061161453,0.67641087559035,2.6013305150873514,0.17060769910032753,0.809296150163953
Guizhou Province,998,gennorm,1.7690971636772506,0.028679165641344123,0.6977978087034562,2.1346842479467876,0.15167134598220156,0.7498047816974411
Guizhou Province,999,gennorm,1.724334459745603,0.021225962512990727,0.6886568930942107,2.6036136020988607,0.13178520500002555,0.8075104539330908
