province,bootstrap,distribution,factual_param_0,factual_param_1,factual_param_2,counterfactual_param_0,counterfactual_param_1,counterfactual_param_2
Guizhou Province,0,gennorm,1.990901730546025,-0.006890835562021712,0.6764655404569433,2.703266722059235,0.1692530742606973,0.8075100942540449
Guizhou Province,1,gennorm,1.9927955679265303,0.004047843367865988,0.7237515971045232,2.6905082275101213,0.164068771798904,0.812929737190603
Guizhou Province,2,gennorm,1.5496707535661516,0.033781100777592485,0.6254407902631244,2.2334182558840103,0.1438709811083766,0.7727680931613916
Guizhou Province,3,gennorm,1.977784197305089,0.0029499209649373813,0.7229520318486848,2.1442382944092815,0.15496153798543144,0.7346258661718799
Guizhou Province,4,gennorm,2.511334224898544,0.0371695189481001,0.8359074563716602,2.583024650327289,0.17285658249301722,0.8193140297499768
Guizhou Province,5,gennorm,2.0325102437788436,0.043061215640652,0.747151465015104,2.358024798753021,0.2073677414143953,0.7854035877822718
Guizhou Province,6,gennorm,1.892195628257053,0.04724645136053254,0.7072332589038064,2.114303178874086,0.14780292557592087,0.7129475703874693
Guizhou Province,7,gennorm,2.0203639979039503,0.010373957768517291,0.6977233775324445,3.019461331204428,0.17707576640179123,0.8395098914258818
Guizhou Province,8,gennorm,1.8249785416916873,0.012730763441200558,0.6594645698211088,2.5684346402290945,0.1438589103797286,0.8419530457671405
Guizhou Province,9,gennorm,1.9782674698447034,0.027500349245984178,0.6819581970014883,2.4831423686734504,0.1537781919924388,0.7560646707874434
Guizhou Province,10,gennorm,1.9804456739612344,0.010134565691261319,0.7103296662135641,2.363294506073692,0.1826593775879666,0.7670112069975108
Guizhou Province,11,gennorm,2.1693043116676636,0.06735415906021539,0.7773887603250632,2.5133827456848428,0.18228846747931687,0.7685876854877098
Guizhou Province,12,gennorm,1.6394350978413725,-0.01764155736286834,0.66400451894021,2.3305058247128603,0.17104945004938266,0.7626659632212534
Guizhou Province,13,gennorm,2.2102459963152876,0.008902337041763159,0.7231514272130595,2.132431091913668,0.15120293293971937,0.7210482633047599
Guizhou Province,14,gennorm,2.223934858232975,0.07029174194052831,0.7776776755009509,2.6170149944231396,0.17452190593144074,0.7924931153278079
Guizhou Province,15,gennorm,2.36104880049016,0.016832625989480605,0.7325925643765061,2.25030080324568,0.11610489714486888,0.7755412070566421
Guizhou Province,16,gennorm,1.8283781844768567,-0.0028214019918631128,0.6682344801116381,2.177004072858457,0.16775158339304222,0.7313871242747934
Guizhou Province,17,gennorm,1.9984008314405304,-0.0031805039597989373,0.729303145284196,2.663709020672687,0.19226550469091575,0.824928683416795
Guizhou Province,18,gennorm,1.7097689599516583,0.037618160710387163,0.6541552377171229,2.1117011108263792,0.17862649457019353,0.7620965015179509
Guizhou Province,19,gennorm,1.8013075460149666,0.012636278624115534,0.6647596616683062,2.383994632611362,0.14564746503785625,0.7350877976846926
Guizhou Province,20,gennorm,1.7456705271567468,-7.123585802309572e-05,0.6387933599532158,2.748538179861561,0.1470423198090039,0.8060927581501853
Guizhou Province,21,gennorm,1.9661067308834204,0.007534559356597396,0.7094887764682851,2.342570175846922,0.17994398449539595,0.8228706019981373
Guizhou Province,22,gennorm,1.6487458866557854,-0.02961886874101671,0.6887349287330524,2.426225080987648,0.1394917908964922,0.7897412854394887
Guizhou Province,23,gennorm,1.8207387721241295,0.008092831395525954,0.723677411408846,2.376681370923852,0.15466341025421088,0.782052360588007
Guizhou Province,24,gennorm,1.7070198792922926,0.016052290458713515,0.6601971404626492,2.2498069803095024,0.19089957133563878,0.7690601673197733
Guizhou Province,25,gennorm,1.7258048117706286,-0.007805597194693183,0.6859028501164046,2.2478942568915867,0.1425958062741448,0.7465928675819633
Guizhou Province,26,gennorm,1.9338284161856942,0.025681617731720258,0.6876809952032126,2.558708480965314,0.17046736841753168,0.8369269507838194
Guizhou Province,27,gennorm,1.9588561004266678,-0.005782165943779701,0.7000305566417071,2.4689820425842024,0.1579254687246242,0.7815821490444081
Guizhou Province,28,gennorm,1.7287744388472412,0.012399072574652972,0.6617825561781272,2.480095585457697,0.17334737001972308,0.7658651810993409
Guizhou Province,29,gennorm,2.012939794791846,0.019533354951396555,0.7853292399419352,2.5257772723107594,0.1532432418902623,0.8510562962312864
Guizhou Province,30,gennorm,1.8754835075501943,0.006887525047592958,0.7192007820342374,2.3264846090014117,0.1686675306184797,0.7657323150662138
Guizhou Province,31,gennorm,2.126967629099548,-0.0007783548604212297,0.7480433466701653,2.270564274877427,0.16542739979868346,0.7536644462320646
Guizhou Province,32,gennorm,1.8451729939985493,0.00533403465120093,0.6325081522119853,2.604362533112206,0.19351920117848026,0.7956181876420361
Guizhou Province,33,gennorm,2.263596258749038,0.015343403656803745,0.7364364475660217,2.6620118789785465,0.1635009969198268,0.8041582368975659
Guizhou Province,34,gennorm,1.8932127122269304,0.040071332145445976,0.6883232652649396,2.703234521856016,0.18154620364944454,0.821743034025669
Guizhou Province,35,gennorm,1.804290313443003,0.008385945425422682,0.7085626496245045,2.442807658442131,0.16335611456679588,0.806930366933949
Guizhou Province,36,gennorm,1.8784890058589383,0.023600899976063114,0.7139985508114962,2.471268244641986,0.14835073336813706,0.8142074969619795
Guizhou Province,37,gennorm,1.909376146307853,0.014803550445411996,0.6657428497469642,2.5764923295018143,0.15678863979872482,0.7802061377068565
Guizhou Province,38,gennorm,2.193060635078921,0.014573827794269632,0.7202396406740641,2.5345976342698817,0.1380803811308805,0.7865039795232827
Guizhou Province,39,gennorm,1.5622166966945261,0.02877254288709876,0.608985084365432,3.212418210116312,0.17024937997958872,0.8671377493035863
Guizhou Province,40,gennorm,1.8906048106814997,0.007212759013017803,0.707517575418819,2.1968534917484854,0.12477123811739221,0.751863797332532
Guizhou Province,41,gennorm,1.689913482244801,0.0371669547246392,0.6836252520608297,2.1836246352784827,0.1580380957248247,0.7416396590271204
Guizhou Province,42,gennorm,1.7749046490182208,-0.03157642607517673,0.682894187569768,2.452657822988773,0.13271642573634257,0.7569035305384408
Guizhou Province,43,gennorm,1.6609955866474049,0.04338339765350146,0.6373896450742139,2.451997634322961,0.16411649337577772,0.7938171542271244
Guizhou Province,44,gennorm,1.7693033710359534,-7.241989936912426e-05,0.6697881356999364,2.704598962231919,0.17395554259326917,0.8109564173155878
Guizhou Province,45,gennorm,1.8601415825083674,0.007489632357272564,0.7068464173984252,2.1910377017137317,0.17541287756528184,0.8009937437115817
Guizhou Province,46,gennorm,1.837638269880156,-0.004436994613318091,0.7132139352169087,2.5869691642972485,0.1333266318194129,0.7821849464757886
Guizhou Province,47,gennorm,1.624086424600876,0.053141030159430606,0.627932173647437,2.325271717677083,0.151757003457565,0.7909512010229364
Guizhou Province,48,gennorm,2.070993204420219,0.03346837297394541,0.7083247249359685,2.577718350747093,0.15014802727037008,0.7871998893936285
Guizhou Province,49,gennorm,1.770100592446135,0.04275216171524503,0.6603229231905745,2.471072526060004,0.18222392709358926,0.7800885183697847
Guizhou Province,50,gennorm,1.9187276785146903,0.03830862417483491,0.707417861875395,2.1938686873670328,0.15637760141725726,0.7912203734245631
Guizhou Province,51,gennorm,1.8873249313541633,0.025554060152259403,0.6803018178393856,2.265483539717318,0.14774031571411994,0.7553738580278901
Guizhou Province,52,gennorm,1.6989862046589932,-0.0019485929977447012,0.6474233047133473,2.4138188095116377,0.16549679739304385,0.8108143869731055
Guizhou Province,53,gennorm,1.8727282394965914,-0.00878072724258058,0.6730811847122635,2.7262389344708864,0.14598185818682421,0.8149931208846197
Guizhou Province,54,gennorm,1.8659149490737383,0.034573029347026815,0.7098115637596836,2.0900531835997853,0.14442494628126368,0.7249787979246782
Guizhou Province,55,gennorm,1.6332884978540156,0.018113628241084444,0.6136029937718634,2.1714273750835322,0.14735457430823817,0.7222813322170631
Guizhou Province,56,gennorm,1.8982884178051358,-0.006407057690844929,0.7007298813606344,2.8649768607141364,0.17783834071214155,0.8140943102724737
Guizhou Province,57,gennorm,2.0830443962211893,-0.01998709827165973,0.7032856555984789,2.4926093731944743,0.12892827023450654,0.7630975952012933
Guizhou Province,58,gennorm,2.1116807442993197,-0.001505742733129567,0.7314645226690022,2.296055971140248,0.18761135597299863,0.7447697264175089
Guizhou Province,59,gennorm,1.7767749597281135,-0.015917738671698302,0.6738540753532614,2.658444015631579,0.14314256706644657,0.812965168751393
Guizhou Province,60,gennorm,1.9090387858932627,0.02838893018280224,0.7035219101536052,2.3117926913376685,0.13806749765132204,0.8095045373974588
Guizhou Province,61,gennorm,2.186633755173419,0.03653494667149218,0.752111999933282,2.6785493826367084,0.18933685568210307,0.8048796784594825
Guizhou Province,62,gennorm,1.9928719639284074,0.010407691872278649,0.7375235397058644,2.601631407843747,0.1819790022877692,0.8077334995569376
Guizhou Province,63,gennorm,1.80482998066881,0.02444877272692198,0.6712298767763589,2.4393195704354342,0.19035179094210186,0.7782453418808408
Guizhou Province,64,gennorm,1.7416611925956547,0.044814077864632096,0.6740930763921171,2.521977799897131,0.12756686714023144,0.8089448084934242
Guizhou Province,65,gennorm,1.8958443855129241,-0.0002440617298808115,0.6904911730643404,2.5947092712377344,0.1898089018002031,0.829340195105378
Guizhou Province,66,gennorm,1.9535420823752472,-0.0020040687990376073,0.7087874746523313,2.332612228415459,0.1758154816314028,0.7816036759257683
Guizhou Province,67,gennorm,1.4524610788172054,-0.023019156426423056,0.5956900546399022,2.3981609146568763,0.19502150866877804,0.7977069314934127
Guizhou Province,68,gennorm,2.2180186306331073,0.04144035230106132,0.7425231872422468,2.244538228544882,0.1634911963465039,0.7684881763099176
Guizhou Province,69,gennorm,1.8350451938189352,0.015963793791362528,0.694584474731251,2.205019801732135,0.18417681864852892,0.7852937628282791
Guizhou Province,70,gennorm,1.6557143589708512,0.01881062288332877,0.6507442153300529,2.665447969480953,0.15418839363242434,0.8153695132091621
Guizhou Province,71,gennorm,1.5937068392225882,0.054798875389349196,0.5845957048177977,2.5502650815299264,0.15236846947884197,0.7977188628488469
Guizhou Province,72,gennorm,1.6716040305688313,-0.01848592129362895,0.6179496328093951,2.8006297802214166,0.15714849347576731,0.8658178506749434
Guizhou Province,73,gennorm,1.799619399817571,3.984563137401024e-05,0.6910464393830993,2.2471375302640935,0.1476653426863579,0.7600188646278383
Guizhou Province,74,gennorm,1.743636264901678,0.02532828340821982,0.6727317413630609,2.4366932927616975,0.1472308793912968,0.7693190788274751
Guizhou Province,75,gennorm,2.0368562619701214,-0.02302669154296631,0.7024156721029207,2.483894195040628,0.17747705778729578,0.7716859007566156
Guizhou Province,76,gennorm,1.8382630942052183,0.04313235312245518,0.7160058179299709,2.400338943308073,0.16859863523180985,0.7792599524522713
Guizhou Province,77,gennorm,1.8960892574475956,0.00894744137300146,0.6809365831552237,2.67747192024307,0.15067040080796804,0.7983651976859175
Guizhou Province,78,gennorm,2.121050269939511,-0.0015921537080263418,0.7415822326069748,2.3757538153708624,0.14634106937049055,0.7673755392122359
Guizhou Province,79,gennorm,1.934599183512391,-0.018194826287263918,0.6959218810924643,2.205320769068643,0.17400655952981736,0.7147296297754218
Guizhou Province,80,gennorm,1.8408466536028123,0.02275647102853968,0.6732808384870947,2.479114921385691,0.18148231115659647,0.7973561731346914
Guizhou Province,81,gennorm,1.75052304669852,0.009235185036598453,0.6727753509869614,2.587903459104897,0.16222146288898012,0.8087416978129238
Guizhou Province,82,gennorm,1.9524533423590011,0.026169436285467036,0.6860635979446519,2.3689180127807097,0.1480339765989719,0.7996357573959578
Guizhou Province,83,gennorm,2.010857066324477,-0.02159543123253201,0.7564329879245602,2.4813975932620247,0.18485685502548183,0.7863273082419004
Guizhou Province,84,gennorm,1.8903160717073133,0.0366488823275425,0.6636458348235423,2.5282441642742866,0.17341478766112856,0.804685566268724
Guizhou Province,85,gennorm,1.7443236804540245,0.009308870367951328,0.6323725560282127,2.2390016223772466,0.1495527075433072,0.7741322606602035
Guizhou Province,86,gennorm,2.0511974208693786,-0.0006617091090447453,0.7263554164373286,2.385045170873404,0.1368528877157319,0.7721711431185845
Guizhou Province,87,gennorm,1.6729380411437453,0.01737941985579626,0.651587116396778,1.9980773721678657,0.1350016545955982,0.7132705310306606
Guizhou Province,88,gennorm,2.0003201377859927,-0.025084050932494936,0.7109905454485124,2.4399147370092904,0.2074788005196856,0.7737825369695875
Guizhou Province,89,gennorm,2.039147893368902,0.02471825529957606,0.7317915421083034,2.474022063199017,0.1639212842214516,0.8305264435634698
Guizhou Province,90,gennorm,1.7673072414402997,-3.134603355047959e-05,0.6587309053458767,2.402377831481518,0.12517575035811485,0.7933404140057976
Guizhou Province,91,gennorm,2.0203816722666073,0.002880934992752586,0.7286617266112947,2.9294070113140034,0.12807373715746773,0.8368286098659368
Guizhou Province,92,gennorm,2.0204972210844625,-0.009744712305790092,0.7028504941474075,2.7094267398908842,0.1474658495321866,0.8026193245749239
Guizhou Province,93,gennorm,1.6261652838439815,0.02028105404054306,0.6268567946574555,2.666002602761502,0.18227096059770898,0.7609888572568754
Guizhou Province,94,gennorm,1.7690128616332288,0.04721414362209414,0.6757467269201018,2.1228358001956984,0.19311214350596562,0.7207760179853213
Guizhou Province,95,gennorm,1.9867169817163894,0.04487338252633066,0.6969250177406884,2.4365726881659038,0.13664814149660715,0.7857796402795443
Guizhou Province,96,gennorm,2.1907026597452672,0.025580479723473735,0.7087069226165874,2.3808885190705595,0.1596684698197183,0.7944337954233658
Guizhou Province,97,gennorm,1.881240324482769,0.029182875016900756,0.6644576881759336,2.5077015030183336,0.1324968234595728,0.7860117634096058
Guizhou Province,98,gennorm,1.8550086812863849,-0.024732894826751985,0.6693649204878077,1.9733234371472226,0.17220070893861045,0.7324427029376273
Guizhou Province,99,gennorm,2.1328359764489226,0.023960389040777297,0.7302080789857921,2.5582160794923654,0.18839010467856981,0.7614492314218257
Guizhou Province,100,gennorm,1.5639258647052956,0.06227177632185461,0.6220731614328482,2.3231175174625793,0.13172662770907478,0.7773159315425893
Guizhou Province,101,gennorm,1.6947305494667593,0.03312795203531098,0.6520224904006968,2.392097681030539,0.18444226926037766,0.7546285734605851
Guizhou Province,102,gennorm,2.0939857682297847,0.024359904888023205,0.6675224793816856,2.3079709638536468,0.20303089634374277,0.7288321920171799
Guizhou Province,103,gennorm,1.7656231299769929,-0.006919792895582075,0.6600547376781518,2.2868706607516742,0.15756250145070674,0.754174261211347
Guizhou Province,104,gennorm,1.788496893473926,0.020837468161498382,0.7088579368857757,2.419750051530521,0.17679930766580332,0.7834107710941416
Guizhou Province,105,gennorm,2.1412579753206256,-0.008470162561225014,0.7379744549629133,1.9679667880930847,0.138595737817378,0.7445114556662071
Guizhou Province,106,gennorm,1.7011675179091221,0.027562377027410656,0.6769316161725187,2.140105676579699,0.2185511870626159,0.7307406079467349
Guizhou Province,107,gennorm,1.6372986083205352,0.035079649874685995,0.6182443848246846,2.1825280737302064,0.18777663837486236,0.7343348474507558
Guizhou Province,108,gennorm,1.670243937571871,-0.012384855324146076,0.6609660225463443,2.9183907445012545,0.1994461157771919,0.8215620895388149
Guizhou Province,109,gennorm,1.9040962057939068,0.02887388642528314,0.7026006550325008,2.193953428214143,0.19220206334179912,0.7618938152152472
Guizhou Province,110,gennorm,1.7179840383685,0.013469515661711002,0.63890748697475,2.1870631210260276,0.12646340013811116,0.7469453728090903
Guizhou Province,111,gennorm,1.734610883043846,0.029373271738091886,0.6730629246334083,2.5026530948531818,0.21453661269676688,0.8077493955969048
Guizhou Province,112,gennorm,1.7797522787306446,-0.0028021180745477006,0.6693417152146046,2.4089042525062014,0.14064302203587598,0.7913663466171585
Guizhou Province,113,gennorm,1.5951949423386025,0.021149193226070707,0.626404302986086,2.5289598582229456,0.16785051342871438,0.7772558522853847
Guizhou Province,114,gennorm,1.5416155469935733,0.017057112988999867,0.6053942297911281,2.2975515803572373,0.1741125304448387,0.7487525123070486
Guizhou Province,115,gennorm,1.9524828737916895,0.023722250991547345,0.6812492740096139,2.3645319307146346,0.17000479979621003,0.8070536096361152
Guizhou Province,116,gennorm,1.9389360172506858,-0.022538603267793944,0.6674220285854854,2.5574846286780097,0.1644399168720693,0.7933068590079977
Guizhou Province,117,gennorm,1.883593024802888,0.026935521495799405,0.7020710201547589,2.2092550731905796,0.1554304576048121,0.7396549166440503
Guizhou Province,118,gennorm,2.0231698192230203,0.01615324617831399,0.7516768187765244,1.9166523059688845,0.16847969588990408,0.7030498542560426
Guizhou Province,119,gennorm,1.6814363123360203,0.032153916317523776,0.6377855658403171,2.357652444299431,0.17332764513432014,0.777341915170189
Guizhou Province,120,gennorm,1.7349124654934744,0.011959457651697411,0.6627111263176246,2.7055429425412534,0.1797421393545508,0.8203759638146565
Guizhou Province,121,gennorm,1.7202535937641708,0.03334119099002053,0.6275857218970127,2.1505919433755247,0.20248626267757358,0.7322228862303357
Guizhou Province,122,gennorm,1.693939658781476,-0.011721641302544637,0.6646762506564736,2.30649178996321,0.12773152336525906,0.767652380568918
Guizhou Province,123,gennorm,1.8705831484130275,0.009192665112012147,0.6706708793279321,2.3007640576858237,0.14353780098159707,0.7793591908990002
Guizhou Province,124,gennorm,1.5823197535035431,0.015508891546214036,0.5894293220268991,2.337170339573311,0.177334894694741,0.7749979959109936
Guizhou Province,125,gennorm,2.005910203466867,0.001057462919424575,0.7075607311949735,2.783602980232862,0.18759789809771266,0.8332125640610355
Guizhou Province,126,gennorm,1.6190249935925005,0.02332635538540527,0.6206907752494952,2.6435449003875995,0.13600605945995525,0.7988419377107867
Guizhou Province,127,gennorm,2.165263582577927,5.924885170580365e-05,0.7157307151220693,2.4123639499033427,0.15557414387010968,0.7721301652866552
Guizhou Province,128,gennorm,1.6864940464223328,0.0357428592640914,0.6294427766122185,2.0925892298154505,0.15925200585024524,0.7223517240880079
Guizhou Province,129,gennorm,1.7552756509231,0.016787051992636564,0.6696604303558726,2.733669053015273,0.1785710930487812,0.8304123998969613
Guizhou Province,130,gennorm,1.9145516765322168,-0.012597044389129036,0.6868938590731632,2.44457781042043,0.16376466773325749,0.7772742929637517
Guizhou Province,131,gennorm,1.783873950828283,-0.018734660343567806,0.6593027009293101,2.7672608508919927,0.14321300206623472,0.8276674314223668
Guizhou Province,132,gennorm,2.221995185159951,0.013044745291068659,0.7659009472014577,2.7902228717693554,0.14252712937120737,0.7855188208729069
Guizhou Province,133,gennorm,1.6799806704567133,0.02730451886857454,0.6349049173555588,2.1545780977883258,0.15100016989256015,0.7676027284760287
Guizhou Province,134,gennorm,1.5387545123823854,0.021360778764661185,0.6086122821075856,2.4179537294941404,0.15840202723953367,0.770962048964627
Guizhou Province,135,gennorm,1.75073802059,-0.023988627973398048,0.6177755345237026,2.1143142532792405,0.17819073051434037,0.7561044888671613
Guizhou Province,136,gennorm,1.9598433548190908,0.041162390062727566,0.7187245504234632,2.3394879614964297,0.16384069561405823,0.7795979998564573
Guizhou Province,137,gennorm,2.039430304169178,0.013634222468446276,0.7406189510126382,2.4805630472283706,0.14646218965591634,0.828871739470006
Guizhou Province,138,gennorm,1.6972371867430511,0.0488465378523815,0.6272495934868972,2.3408367114197053,0.15446282158730493,0.7669055820693595
Guizhou Province,139,gennorm,1.8188860323860263,0.0030218724495068416,0.683869643139406,2.481510886921493,0.1281897828086984,0.7807407956466875
Guizhou Province,140,gennorm,1.7177547391377905,0.020429820557566127,0.6595008459823979,2.366013746888322,0.177914724197534,0.7777838827032327
Guizhou Province,141,gennorm,1.97287222202713,-0.005825834951094439,0.7037748713879364,2.7272856085651815,0.15112929745257025,0.8619047013607772
Guizhou Province,142,gennorm,2.2214421147776204,0.032480399895733585,0.718730803456759,2.3694551726134154,0.15732252385399093,0.7377109468893015
Guizhou Province,143,gennorm,1.9154211194864081,0.048205281725294466,0.6980888845639452,2.5615731582983186,0.14283177202732328,0.799772504745669
Guizhou Province,144,gennorm,1.8410077904991846,0.010497994117795666,0.6997256279282638,2.4602125107986987,0.18490006321012292,0.7678962843250339
Guizhou Province,145,gennorm,1.9764935750403492,0.014771111555312216,0.7014999896413153,2.635869466603171,0.1576315748314539,0.8309607409017353
Guizhou Province,146,gennorm,1.7406227787840804,0.0258143107133061,0.685989495908113,2.1556212035463345,0.16798131791966775,0.7333421494234966
Guizhou Province,147,gennorm,2.0283379731466056,0.014453544027404303,0.7307391736103935,2.5069228707162576,0.17982449121871164,0.8344880451986232
Guizhou Province,148,gennorm,2.23506926020569,0.0247822545321036,0.7338471168665466,2.4425913547573614,0.15177886738836627,0.7965617021094815
Guizhou Province,149,gennorm,2.088732542471414,0.05050200276132308,0.7043143514079468,2.2088793992829716,0.18297916223016886,0.7972218705094647
Guizhou Province,150,gennorm,1.8711826918815264,0.03993007246853762,0.6984613002621478,2.03884902890949,0.18934770029413212,0.7227854056894595
Guizhou Province,151,gennorm,1.9418524972396654,-0.010642818443089515,0.7158221613140578,2.2580832274415403,0.18561122188043921,0.7690859591191679
Guizhou Province,152,gennorm,1.8895315235063657,-0.013587395547540126,0.7040226244667158,2.3403955884154612,0.2160156226110528,0.7588806237554062
Guizhou Province,153,gennorm,2.307082805106993,-0.027184168171024828,0.7528981587057981,2.489207229199851,0.13227538602999708,0.8150064203834311
Guizhou Province,154,gennorm,1.6574260499468267,-0.03724102996435498,0.6514442247664196,2.7208026186987633,0.15542106228410568,0.8100627299450784
Guizhou Province,155,gennorm,1.7355555499893311,0.030976301080944044,0.6631790383134627,2.3526520653478977,0.1540778615076184,0.7652421985959423
Guizhou Province,156,gennorm,1.7704758080109821,0.03748238525448033,0.648526578970406,2.2755490734441413,0.14549105415775807,0.7931409365770032
Guizhou Province,157,gennorm,1.6922453406697682,0.04002519749409454,0.642095964662716,2.9610109662856123,0.1647211827903211,0.8466601983292036
Guizhou Province,158,gennorm,1.7764675254679416,0.02618978237081137,0.6747175534225835,2.2570956248398426,0.17944170118589015,0.782099516978662
Guizhou Province,159,gennorm,1.985556848405694,0.06510490292285566,0.6761788512178769,3.038497897308908,0.17286660330096348,0.8288853174719648
Guizhou Province,160,gennorm,1.9468338401239897,0.05587467123054957,0.7002400616928125,3.0234474324025298,0.15491767748195218,0.8196297290094043
Guizhou Province,161,gennorm,1.7422559015118282,0.008475321367971722,0.7045401214481393,2.053046354901511,0.15454561255235744,0.7213861076303023
Guizhou Province,162,gennorm,1.8385417218564584,-0.0015048753697885259,0.7123014963860821,2.2135194585746616,0.09598760765566375,0.7762051842631543
Guizhou Province,163,gennorm,1.6724544907875138,0.04202386193568616,0.6230052114860104,2.6273287738875695,0.206893855069793,0.7928082708835205
Guizhou Province,164,gennorm,1.824045551843949,-0.0005148660848620305,0.6708724640240016,1.990072583873449,0.1548327813084039,0.702497555688758
Guizhou Province,165,gennorm,1.613161921605931,0.0037461328832347563,0.6380830111963762,2.558933010555238,0.19521509391635622,0.7542515205312459
Guizhou Province,166,gennorm,1.6228015244029046,-0.05295415530673918,0.6130185837566735,2.5385221239365485,0.17683287628409938,0.7821169799611962
Guizhou Province,167,gennorm,2.0419100037051083,0.01856535076883503,0.750364105426448,2.494583868794174,0.18229406921268243,0.8249778825402199
Guizhou Province,168,gennorm,2.1101449609978027,0.05001422528050679,0.6924609725950146,2.6908727857258095,0.17790527358455235,0.8066700527211128
Guizhou Province,169,gennorm,1.7523050867562873,-0.027151518685696194,0.662036222292333,2.411796826618841,0.17190178050741323,0.7912907020617836
Guizhou Province,170,gennorm,1.8336451284498456,0.0505016247022297,0.707886233431049,2.556306790378825,0.19477619438288818,0.7611383773758109
Guizhou Province,171,gennorm,1.6582685485546174,-0.009363725545937361,0.6816486502929264,2.399586343939959,0.16281484562073384,0.7667089434507367
Guizhou Province,172,gennorm,1.6199520036048098,0.009342637126797688,0.6429917620140175,2.603303494330741,0.15518638214782082,0.7975945730726612
Guizhou Province,173,gennorm,1.5986982720893845,0.03743316635991539,0.6104310555216385,3.5925820482783353,0.20375369847104716,0.8575193282903477
Guizhou Province,174,gennorm,2.105368466124802,-0.001060673939428913,0.731374613649711,2.8055994295769313,0.18370688048390668,0.8209895143630899
Guizhou Province,175,gennorm,1.7835018095396475,-0.0016322244571840873,0.7008347946146525,2.1947249889651004,0.1558810725458612,0.7664396491899643
Guizhou Province,176,gennorm,1.5891876518603607,0.03139002354019137,0.6203094411844585,2.2778760909201403,0.14155498139888048,0.7550650255728084
Guizhou Province,177,gennorm,1.5602953887114879,0.03617549511154984,0.6187344471444431,2.6523046325584083,0.16686684953845596,0.8194278661487138
Guizhou Province,178,gennorm,1.7588551159536436,0.04053412932569754,0.67087341626051,2.547692627988995,0.1325625618762592,0.8087706731893203
Guizhou Province,179,gennorm,1.7055087009879633,-0.00024916890085955657,0.647445704733878,2.793503729833648,0.17937689556228306,0.8312312527025747
Guizhou Province,180,gennorm,1.930910712363981,-0.014585059807738202,0.6971129086064309,2.3977691594841515,0.15546750870296072,0.7728639002650107
Guizhou Province,181,gennorm,1.8988044427584025,0.04077193924742928,0.691304625888519,2.3076481928131356,0.16304202139261414,0.7855653515297999
Guizhou Province,182,gennorm,2.1004071473745425,0.034483825974271756,0.7431434792961564,2.2458899400386896,0.14060708395904176,0.7606294746218364
Guizhou Province,183,gennorm,1.8662327524414728,3.6901370545547117e-06,0.7216887203848529,2.493637382195371,0.19971474676392614,0.7628648306644501
Guizhou Province,184,gennorm,1.9240423670836964,-0.03783866127214702,0.7098251092791175,2.100843432323365,0.16360460340071398,0.7273281197413359
Guizhou Province,185,gennorm,2.2132825939698293,-0.025045422578910584,0.7976261513303688,2.264560386379186,0.15818893412534604,0.7256430368260076
Guizhou Province,186,gennorm,2.137587622151318,0.042932070349784454,0.7271178142350294,2.2044719684454597,0.11178017698132026,0.7546928427479114
Guizhou Province,187,gennorm,2.051905435989206,0.011937143439437418,0.7457858401038808,2.733671874759448,0.1678157401514504,0.7973582883340677
Guizhou Province,188,gennorm,1.8006402846070637,9.872582700269435e-05,0.6816100642775983,2.4262114675643223,0.15020500639169398,0.7995650766913405
Guizhou Province,189,gennorm,2.0609017225547888,-0.006609397930597195,0.737374706812625,2.7482525600530856,0.13672320695312945,0.835032717765686
Guizhou Province,190,gennorm,1.8081405779582105,0.002603668365537881,0.6580926084999692,2.6026494553271657,0.17309683629656575,0.812532891080081
Guizhou Province,191,gennorm,1.9228032841673148,-0.004069949370214061,0.6933636070602831,2.488089037172325,0.17943600145922972,0.7762185609391125
Guizhou Province,192,gennorm,2.0340822920423762,0.006334778885069945,0.6799548462704532,2.6621596572028783,0.14679166260275678,0.8051501695654801
Guizhou Province,193,gennorm,1.8043559091885668,0.021761508822960057,0.7018935113009656,2.5126282710720234,0.18921125427136587,0.8206277682581976
Guizhou Province,194,gennorm,2.2761211503144336,0.04387542466711486,0.7371020357082059,2.589159753413319,0.16895428849708646,0.791328722232447
Guizhou Province,195,gennorm,1.778003016402647,-0.008490606889871664,0.6511620859081739,2.0143960336325106,0.1798024356281524,0.6935085544585071
Guizhou Province,196,gennorm,1.7830425789692375,0.018106829539831573,0.6707594696141252,2.544099049778841,0.18271189190087134,0.8038505017073865
Guizhou Province,197,gennorm,1.7697710831225137,0.019172374906916808,0.6509669976998028,2.6122571536287937,0.18037632360340697,0.7868159912674264
Guizhou Province,198,gennorm,1.913688288653594,0.002048025248846049,0.7592072252043542,2.4526346721720573,0.13467735998753882,0.8071662239251234
Guizhou Province,199,gennorm,1.624845738910115,-0.0034326933405114677,0.6697494970196216,2.4775288184971274,0.1690277598642447,0.7644900589094343
Guizhou Province,200,gennorm,2.2216208786356306,0.0485496666906317,0.7171682746606017,3.2000936117318934,0.1563807160915645,0.8588575020529852
Guizhou Province,201,gennorm,1.9846703127376255,-0.013151076854160088,0.6804597455993564,2.369229953870291,0.202135241834336,0.7618907484504037
Guizhou Province,202,gennorm,1.9565179470469014,0.023138545718287915,0.7121345609017855,2.0633423039270324,0.1491016175601747,0.7181341145908846
Guizhou Province,203,gennorm,1.958765564733193,0.022836053640016042,0.7245393612254165,2.149335260451873,0.15929340782012016,0.7352537696612229
Guizhou Province,204,gennorm,1.9603498288286474,0.012770051925735154,0.7153459671785571,2.4737316956117934,0.17717468785476015,0.7926674408081409
Guizhou Province,205,gennorm,1.6942026532576167,0.017171065863846362,0.6378639898437151,2.42865214560243,0.1685515403665156,0.772904416135004
Guizhou Province,206,gennorm,2.1175323316300116,0.01035510199503806,0.7425389724110948,2.3659643235291226,0.1719047706710521,0.7601378368923843
Guizhou Province,207,gennorm,1.8004875335713768,0.016561501206405472,0.6816004234393731,2.43864183899646,0.18033002185173358,0.7501601890013448
Guizhou Province,208,gennorm,1.8191718648338915,0.010707656571376898,0.6799522399267222,2.4258724068654898,0.1687716799611002,0.8103783303313783
Guizhou Province,209,gennorm,1.9572878684807917,0.023482269172155453,0.7426817117463718,2.4500768718800057,0.15390046186792755,0.7535028738723049
Guizhou Province,210,gennorm,2.0368459596919446,0.04756698501505287,0.7204249199166708,2.476934778292355,0.18456698062136895,0.7696144280186349
Guizhou Province,211,gennorm,2.0328832992423793,0.043674353390136256,0.7528821973557633,2.566662437594453,0.19724273851843976,0.7989213715297716
Guizhou Province,212,gennorm,1.846639332949076,0.016654259417114195,0.6889243475341842,2.6273971747678555,0.15274304659477128,0.778800641658302
Guizhou Province,213,gennorm,1.6627577151021855,-1.5372896765303425e-06,0.6754774677526711,2.365695955601238,0.1270131126695293,0.7860440212785116
Guizhou Province,214,gennorm,2.1771921721532044,-0.01111185285762959,0.7284218127499963,2.218795739077235,0.19041001487076933,0.757778279028493
Guizhou Province,215,gennorm,1.7492348715835346,-0.008611710511370246,0.6779854468763851,2.920095754562713,0.15434984333678578,0.8544823519189093
Guizhou Province,216,gennorm,1.6214808090434434,0.053971569010321865,0.6299156700475312,2.5761357074297733,0.15618777690648328,0.791243005479831
Guizhou Province,217,gennorm,2.0229847794061895,0.03967125103617833,0.7006542168680361,2.3255928817091127,0.1776526708094716,0.7614433445874249
Guizhou Province,218,gennorm,1.8542140138251304,0.02909965276080507,0.7236086506396793,2.8810067146093763,0.1038196223107418,0.8029795555376804
Guizhou Province,219,gennorm,1.9313923103450974,0.009504022623188581,0.6842469978082837,2.769415966590397,0.21695185001176742,0.8542784686174545
Guizhou Province,220,gennorm,1.7077357902949943,-0.007991803688630929,0.7012754683968287,2.4667353368404186,0.13232246267192915,0.8207967047346187
Guizhou Province,221,gennorm,1.9645652814339853,0.01064846325147583,0.679162583715812,2.330876857999399,0.20558258941684587,0.8077248446248313
Guizhou Province,222,gennorm,1.7061912511607797,0.03995606593730435,0.6453409473278393,3.423965129084759,0.16559398628267386,0.8570496426940388
Guizhou Province,223,gennorm,1.8466600693026718,0.01615310368912498,0.7234054930266101,2.5753146346809657,0.15051796320590483,0.7934192777026268
Guizhou Province,224,gennorm,1.8305933138421548,0.0013090997591424253,0.7012856415102995,2.6604497019680577,0.14510396954303897,0.8333698618354688
Guizhou Province,225,gennorm,2.0024664589968117,-0.037693734073701204,0.7346764499916372,2.3602933477199057,0.18566793431346762,0.8318666561713011
Guizhou Province,226,gennorm,1.8040158904190018,0.031368780693814144,0.7333968985134398,2.629088489325707,0.1806198516287563,0.786175119142997
Guizhou Province,227,gennorm,1.7750767374100769,0.022847546918080656,0.6552048041188973,2.150453773915636,0.1824075776121613,0.7690572520763015
Guizhou Province,228,gennorm,1.9168645604202839,-0.003462841253560312,0.6921753810881579,2.3550713549356086,0.1676885188964729,0.8107351930116036
Guizhou Province,229,gennorm,1.6244636570899242,0.02866281854221292,0.6195098417034055,2.722363685606552,0.1374768218731355,0.8413011674210296
Guizhou Province,230,gennorm,2.100949179537757,-0.005706539739636136,0.7406955091825447,2.988309456241425,0.16323741721352292,0.8301541482862356
Guizhou Province,231,gennorm,2.1846792738655427,0.048231727979332874,0.7855391509919925,2.554421609066722,0.18162088703152435,0.8332251347090834
Guizhou Province,232,gennorm,1.6399260764697738,0.021031914097372012,0.6115299311080907,1.9111673945169043,0.12517574956024502,0.6934704362576265
Guizhou Province,233,gennorm,2.0686014999632567,0.0070028516682732085,0.727766488970603,2.675502501190234,0.1470493982349836,0.8061266213875589
Guizhou Province,234,gennorm,1.6274121227752278,0.04562338434617427,0.6739629608475068,2.4433865626902356,0.16088256970188375,0.8086465382667646
Guizhou Province,235,gennorm,2.1251972256434,0.042904733240988105,0.7004825208108498,2.4772407147823188,0.16794665095312225,0.7831324225680882
Guizhou Province,236,gennorm,1.8245472684293924,0.03349311492827965,0.6814681319486974,2.9907718439797852,0.203958918436448,0.8373474518183102
Guizhou Province,237,gennorm,1.9838975296098809,0.007920089878678394,0.7157591548796454,2.320840284705519,0.16944774917804312,0.7575164742620354
Guizhou Province,238,gennorm,1.7644728112233015,-0.014300659948054077,0.6945060785740458,2.5581335123525895,0.11735636315214518,0.7900228460085308
Guizhou Province,239,gennorm,1.7472153334721092,0.04644584812983645,0.6999580164624315,2.345771790089957,0.19617797939316106,0.7905638953354173
Guizhou Province,240,gennorm,1.9248973517535988,0.012255915238769729,0.7257624197899107,2.3754547872253027,0.18042350713393066,0.8195697609666779
Guizhou Province,241,gennorm,1.6828598502221253,0.0217306005400233,0.6708308062310055,2.982172587217092,0.16476569335212576,0.859715291693182
Guizhou Province,242,gennorm,1.7301713752374699,-0.013520600902512198,0.6322133238447802,2.736728903048081,0.17929250373631694,0.8206705300867396
Guizhou Province,243,gennorm,2.019858969250918,-0.021307220563251416,0.7263457770042471,2.6751240255769604,0.15385764385051937,0.7796664776190754
Guizhou Province,244,gennorm,1.6493728811729835,-0.025331160435646566,0.670203410371013,2.4937181626971707,0.16786869289161677,0.8271790219277457
Guizhou Province,245,gennorm,1.8099390357017286,0.016192039393440313,0.6461888571889131,3.078490747995118,0.15931660204901935,0.8834201182723573
Guizhou Province,246,gennorm,1.621620254283451,-0.006002686943212705,0.6176534670482683,2.1678353558359453,0.1418003189281847,0.7688650469772068
Guizhou Province,247,gennorm,1.8879932626228038,0.03440598186843176,0.6985077491406467,2.3383213301736556,0.09781973551851979,0.7595734341536065
Guizhou Province,248,gennorm,1.741953951457399,0.02417725370224285,0.6413043207062875,2.4209535828123707,0.17209301135942462,0.7819403843861958
Guizhou Province,249,gennorm,1.6769930987092279,0.02162367772180484,0.6409396702260686,2.5021171184494104,0.19713818510249279,0.7510096452203427
Guizhou Province,250,gennorm,1.8490172916762737,0.015001485280470019,0.700487261854373,2.062903623274516,0.15141226848150052,0.7460477811181492
Guizhou Province,251,gennorm,1.9275873894754212,-0.041723265816628954,0.7026796444460581,2.2504625785833436,0.15202499995040958,0.7508213548875613
Guizhou Province,252,gennorm,1.8166776065783798,-0.01571457346941464,0.7017031504215019,2.6315278817896286,0.1930029628098096,0.7924324972739443
Guizhou Province,253,gennorm,1.7727290242754667,0.032956754278233004,0.7194221190627836,3.141724020959994,0.17665193040071006,0.8447584124946705
Guizhou Province,254,gennorm,1.881130379531282,0.03181203453833589,0.6835040317220241,2.5606157421837903,0.13006988553496499,0.7881764119327934
Guizhou Province,255,gennorm,1.4433434454930505,0.02733771857676037,0.5801902095728046,2.637153423066289,0.18355633654327402,0.7745712497043197
Guizhou Province,256,gennorm,1.6996928598533125,0.03356741765341184,0.6293519158305338,2.787339490785974,0.19011989072468355,0.8386504832721188
Guizhou Province,257,gennorm,1.6716709518221768,0.037502408236669685,0.6337694985241156,2.8013341171205854,0.1694162079525231,0.8519909920502347
Guizhou Province,258,gennorm,1.604018359334085,0.013367650439428773,0.6049581222673901,2.3003474828548836,0.14728054058176981,0.76803818802531
Guizhou Province,259,gennorm,1.9231752659448307,0.003913150814773694,0.7248462430646736,2.3598794434370607,0.15639740045838268,0.7814775086584108
Guizhou Province,260,gennorm,2.0974778990326186,-0.019913078101716095,0.7390080982655597,2.719837285798053,0.18784632157834683,0.8166185101364554
Guizhou Province,261,gennorm,1.8584674174928537,0.039745112177240985,0.6779206362952107,2.2169658681398285,0.17975935039249374,0.7586715322823341
Guizhou Province,262,gennorm,1.785789410860485,0.013847026620939638,0.7013639394564286,2.4967995756732755,0.14636982716141897,0.7724191005515312
Guizhou Province,263,gennorm,1.8006793721982257,0.017871949316404866,0.6893291192300597,2.3768223110711473,0.1688178106874193,0.7900039643058072
Guizhou Province,264,gennorm,1.91182909248414,0.018794375630891418,0.6603835682711656,2.7524510917083154,0.2024958981659633,0.8134942030927051
Guizhou Province,265,gennorm,2.0208841141260834,0.028346660919911566,0.7260872547131925,2.5096597620857843,0.15032964857097886,0.786945908576939
Guizhou Province,266,gennorm,2.044127744813232,0.004257796364560043,0.6955620357144013,2.699964452101206,0.10672275389741023,0.7892320992236705
Guizhou Province,267,gennorm,1.902183034736503,0.028864112497757766,0.7416533874796509,2.2542143728970623,0.18333199179452878,0.776705750286843
Guizhou Province,268,gennorm,2.1169394266656023,-0.014084286608441778,0.7228260191853544,2.410421321587939,0.16397762570516344,0.8212419619358298
Guizhou Province,269,gennorm,1.8824302039861256,0.009113518885667709,0.6780195810269589,2.0753535781990813,0.16040391088739225,0.757213652245422
Guizhou Province,270,gennorm,2.411327396399945,0.027281554493271902,0.7535730294342671,2.4374163611361217,0.1695373052864096,0.7434913306338373
Guizhou Province,271,gennorm,1.8901973419897278,0.00456872631201811,0.7181307813373379,2.6649763299202007,0.17271753167826365,0.8547050042601344
Guizhou Province,272,gennorm,1.611339407992118,-0.004270242052689371,0.6485651293949466,2.0217545872353773,0.15201147303968393,0.7135121726584261
Guizhou Province,273,gennorm,2.02939774771494,0.006760892775154112,0.7826096962442926,2.4161614171701173,0.12404443710964956,0.7914314868717988
Guizhou Province,274,gennorm,1.8803208819849622,0.04567047253488406,0.7148535161565107,2.684430078810064,0.1572394936510314,0.8265263798853962
Guizhou Province,275,gennorm,1.7600561481108106,0.0037158752959086574,0.6941090455100662,2.998924432402424,0.13909505217665702,0.8253719525876192
Guizhou Province,276,gennorm,1.7138081769875386,0.042698862341750576,0.6270360059692127,2.2748700015503287,0.13161645495090601,0.7420485240821324
Guizhou Province,277,gennorm,1.9597692097569337,0.02101189641316243,0.6937641887621847,2.703886043503725,0.18997285447116308,0.8589444292493097
Guizhou Province,278,gennorm,1.6792165311687604,-0.009957890711352165,0.6096266241516617,2.471162523975364,0.16685144208316838,0.7673948805914665
Guizhou Province,279,gennorm,1.7345626475112323,0.0010230610186381587,0.6773065185708278,2.6324934380229292,0.15850880372616288,0.8345885904136825
Guizhou Province,280,gennorm,1.927921966136056,-0.010265910586899752,0.7326920059642443,2.6392277096965095,0.17842743702188057,0.8246991667592702
Guizhou Province,281,gennorm,1.8439379376046965,-0.013171659856152661,0.6863395224905313,2.366627851189083,0.17134903014455397,0.790878470525503
Guizhou Province,282,gennorm,1.727654048926718,0.03195117525746638,0.6544893535831278,2.3738429126213654,0.18060400105729518,0.77180276166135
Guizhou Province,283,gennorm,1.9613909270613776,0.023048350888013554,0.703727751416294,2.3243978519817174,0.16302075333594568,0.8144333044075851
Guizhou Province,284,gennorm,1.8410720150514064,0.017986451164902946,0.7047280600957515,2.6308424878892143,0.09287421489765932,0.817623701723877
Guizhou Province,285,gennorm,1.630314257794696,0.022536515495312014,0.6316532471369489,2.793575580492355,0.1819374556686972,0.8124451833668583
Guizhou Province,286,gennorm,1.6005899837234412,0.0468351372358321,0.6150456396530648,2.637216228396416,0.17328718125639342,0.8329836914985083
Guizhou Province,287,gennorm,1.9880400144196453,-0.01208889804058279,0.744632159499653,2.9961235854692125,0.13733389457062142,0.851422670506374
Guizhou Province,288,gennorm,1.810882418238966,0.022902167513967592,0.6812682497359173,2.9549128891308505,0.2036164455907215,0.8242801857892652
Guizhou Province,289,gennorm,1.9353888301415525,-0.01766493884594552,0.6935938175223002,2.25367456859298,0.1852830174027529,0.7907578102936108
Guizhou Province,290,gennorm,1.9683582502819834,0.01159355325429329,0.7280493483779469,2.590099763688829,0.13103780768189538,0.7970500708336122
Guizhou Province,291,gennorm,1.6984950312426919,0.00010188674853026913,0.672521001527929,2.3441047066086105,0.20609905034847847,0.7385517998687297
Guizhou Province,292,gennorm,2.259485002055004,-0.008786842191917615,0.7320162109891668,2.25550862747534,0.10695091757965208,0.7207792077756335
Guizhou Province,293,gennorm,1.995305751018066,-0.015416993481545875,0.7223709606026305,2.4983170524115947,0.11642099726127311,0.790715454314798
Guizhou Province,294,gennorm,1.547983449297003,0.043105736919908294,0.5687803989213358,2.639382725564954,0.14570876574682887,0.8222003070763015
Guizhou Province,295,gennorm,2.008007286267822,0.06608706425641103,0.7143216039755909,2.280877704966638,0.16350443624347583,0.7473339765924549
Guizhou Province,296,gennorm,1.7488510429017619,0.03922648252013501,0.6736631603221006,2.275629914815493,0.14293683441904664,0.7320285512210241
Guizhou Province,297,gennorm,1.9417414309006582,-0.006982700841817235,0.7227236245718849,2.5604513016470767,0.14899459453729524,0.7712007025601536
Guizhou Province,298,gennorm,1.8250008472762174,0.021984396180362152,0.7151133337547746,2.5495101764882353,0.17256784343802067,0.7936609503143842
Guizhou Province,299,gennorm,1.8310463144870603,0.016030399353043553,0.6873522399221732,2.1701979692529134,0.17437480023110724,0.7544758821377004
Guizhou Province,300,gennorm,1.8103784063263788,0.01761459384715246,0.6685636359600705,2.046743621990072,0.17176917632933952,0.7225013157653828
Guizhou Province,301,gennorm,1.9041425211010716,0.03407295418044088,0.6991149661480802,2.5171157489648364,0.19110591933186047,0.801037375770558
Guizhou Province,302,gennorm,2.256802489319508,0.037581902558671484,0.7285873009189014,2.47038893694646,0.168259973230249,0.8129118054084974
Guizhou Province,303,gennorm,2.181602528281686,0.03413098269360092,0.7622586340667332,2.426925593862168,0.1850775706905865,0.78931133104506
Guizhou Province,304,gennorm,1.80318153688023,0.041810903980465636,0.6577335979356953,2.4226018299416006,0.1403342190174633,0.8136169215250593
Guizhou Province,305,gennorm,1.6177383753255794,0.006053649428835755,0.6444678992175958,2.0475223767440998,0.1417711791388509,0.7036724584300373
Guizhou Province,306,gennorm,1.915946483467406,0.020585742257286155,0.710083347309455,2.215360743142342,0.12194859836319709,0.7273141211057439
Guizhou Province,307,gennorm,1.958219450243774,0.006243142775529724,0.6961779815650891,2.2391282057927318,0.13711690663749307,0.7344643240839467
Guizhou Province,308,gennorm,1.7768094058973878,0.02905550031023128,0.654289723737283,2.2776749505205003,0.09019037069313937,0.7359855882233617
Guizhou Province,309,gennorm,1.9576679223849394,0.060175720729303425,0.6977584046450555,2.092743343963996,0.1651270786637754,0.744809027659098
Guizhou Province,310,gennorm,1.897987812063642,0.010912159019978617,0.671892733002087,2.2560004390595134,0.1435028564891142,0.7402672429583068
Guizhou Province,311,gennorm,1.9890833919407886,0.008467846758026054,0.6775292598909425,2.052865066371581,0.19798074492632847,0.7532989317064742
Guizhou Province,312,gennorm,1.8663315618283767,-0.015444474385593831,0.6881213052798181,2.7612907046198116,0.17148275841214405,0.799143036396514
Guizhou Province,313,gennorm,1.7614555613776395,0.038162984112221854,0.6752523849682666,2.633010696457618,0.17729239535054886,0.8174071599793722
Guizhou Province,314,gennorm,1.9720115381267138,0.03827685402362693,0.7151936249140238,2.5406191816804142,0.13354475406685254,0.8188233131048914
Guizhou Province,315,gennorm,2.0583075773254143,-0.022366095117987678,0.7402998861191064,2.0689179058482243,0.1705989974162872,0.7441984809257556
Guizhou Province,316,gennorm,1.8611896116632733,0.019913946087712762,0.7140334482821429,2.3625683964880153,0.14666883284222315,0.7825000249729304
Guizhou Province,317,gennorm,1.7318130487197432,8.830882404221871e-05,0.6334026996335504,2.4433252755362176,0.16618965685887283,0.8061621797772891
Guizhou Province,318,gennorm,1.8225901664877984,0.02441341957023754,0.6318971139192929,2.373458646242133,0.15835304937156947,0.798242245631505
Guizhou Province,319,gennorm,1.8250004028987128,0.01840744496258018,0.6919439564543581,2.39496858248615,0.14716496412612523,0.8118789948731144
Guizhou Province,320,gennorm,1.83031006337744,0.03212144038607957,0.6368530464377642,2.1945182886945513,0.14756277799499412,0.7781415165793918
Guizhou Province,321,gennorm,1.9308467396903994,0.008046022501641284,0.7257624297930656,2.4272218623438198,0.1940869233380851,0.7311643223783103
Guizhou Province,322,gennorm,2.3063140083597213,0.021395161913554804,0.7287115119173905,2.5470553327458862,0.15801414485706144,0.7895000274277311
Guizhou Province,323,gennorm,1.8827081493564686,0.014229746424499956,0.6890523582105684,2.2730993685019714,0.16219210289087732,0.732494441048427
Guizhou Province,324,gennorm,2.0207494099326073,-0.019306549102584315,0.687161572639799,2.5117749657806394,0.10856898178375125,0.8240830844244769
Guizhou Province,325,gennorm,2.1975111000020706,0.019722857431321274,0.7465508667220785,3.039164869337374,0.14732388986218223,0.8344265505244715
Guizhou Province,326,gennorm,1.861792411278103,0.0559086715710402,0.6817003621196214,2.6406445953223994,0.17102267131815524,0.8190823320468228
Guizhou Province,327,gennorm,2.1021181299683125,0.019539560857431366,0.7900025794756274,2.7401984488937794,0.1820521390878954,0.8260974265248455
Guizhou Province,328,gennorm,1.784845506711918,-0.0040934457407097195,0.6768790956696106,2.4162324254817236,0.12527606102247912,0.7587786171186098
Guizhou Province,329,gennorm,2.069789102431966,0.016236379916360046,0.7349981204591178,2.6286168428830843,0.1378412429986299,0.8076593687032109
Guizhou Province,330,gennorm,1.991658748275257,0.0058468042342056815,0.707451967762573,2.79700360407732,0.13218460818621824,0.8635568267371034
Guizhou Province,331,gennorm,1.8227889599127742,0.03677589349690822,0.6691172467928512,2.52878738418678,0.18496300268149926,0.7781174332429959
Guizhou Province,332,gennorm,1.935581637383709,0.052833963523359444,0.6643662187241328,2.4836375225697207,0.1745608090382586,0.7747719387600649
Guizhou Province,333,gennorm,1.6953555103144722,-0.015103382102848634,0.6683318791898267,2.617143682685122,0.18945279578706198,0.8332556661287898
Guizhou Province,334,gennorm,1.977541216684791,0.02210451797195234,0.7196520543650193,2.54124100516944,0.17094967969149005,0.7642998439145364
Guizhou Province,335,gennorm,2.0399725004383837,-0.02041880229859345,0.6648984651888117,3.644190029902961,0.1771503387996124,0.8898726610378336
Guizhou Province,336,gennorm,1.9802644544722994,-0.03722362650081673,0.6824078246424439,2.2520131579275686,0.16919978537282532,0.7934719771358079
Guizhou Province,337,gennorm,1.7425404399395368,0.002512072070078135,0.6642490299389519,2.292804004845923,0.178925278294789,0.795940075733786
Guizhou Province,338,gennorm,1.8450392721733144,0.0005940437206130894,0.7034772844237778,3.010394309709973,0.15554647540126826,0.833572101241761
Guizhou Province,339,gennorm,1.5553477169973382,0.0020522192960483344,0.6411868255069579,2.180047084500958,0.17361184475841573,0.7536808261540184
Guizhou Province,340,gennorm,1.9585691936196605,0.014156716668575847,0.717439642059434,2.276146094470663,0.19461751728131826,0.7608985638278656
Guizhou Province,341,gennorm,2.1932277223614793,0.0040248553442756825,0.7186126900402061,2.381692080568028,0.14621022918624194,0.7432716094229344
Guizhou Province,342,gennorm,1.7939396576799485,0.032352630339866455,0.6521811015818102,2.6786259406828785,0.15985040770599188,0.8131364822535441
Guizhou Province,343,gennorm,1.8792216895599476,-0.025052930012820475,0.6827002791899326,2.035118419466915,0.12253658449163655,0.7492579752718205
Guizhou Province,344,gennorm,1.7811989613356318,0.06243817215236239,0.6953751671708253,2.7603415781359706,0.1600753273436807,0.8315691777278407
Guizhou Province,345,gennorm,1.8357104697838615,0.007526989875624364,0.6909954681745722,2.3397084312135954,0.2043366991429365,0.7660124070966576
Guizhou Province,346,gennorm,1.7082063332943882,-0.009976249327234378,0.6538722965902855,2.2340913552273847,0.10936461197861957,0.7386127675423295
Guizhou Province,347,gennorm,1.6342459780109588,-0.01674305840440761,0.5905764027901365,2.2157019912224887,0.18826101973600856,0.7781973977762539
Guizhou Province,348,gennorm,2.1591177560842,-0.019412253928724456,0.758574956179052,2.118833152282531,0.13999940742050693,0.7169198734262159
Guizhou Province,349,gennorm,2.109207435098318,0.04623245712921434,0.6708240962638488,2.1184670707029234,0.1471866976612757,0.7182528710446707
Guizhou Province,350,gennorm,1.8330789070913824,0.03183101753869384,0.6763398459741403,2.504092515220039,0.1408539712457446,0.7907317666627964
Guizhou Province,351,gennorm,2.186136718364627,0.0077479543188751394,0.7895915377199084,2.696867523547166,0.15225164819914938,0.7949881183010654
Guizhou Province,352,gennorm,2.027537710710203,-0.01671944824649188,0.7062980293940013,2.4502018271388493,0.15400289048706717,0.7488126224936191
Guizhou Province,353,gennorm,2.0472776716663406,0.021114646633930007,0.7508778637605302,2.85440417480981,0.1519995283906284,0.8463708680285553
Guizhou Province,354,gennorm,2.2669079157799263,0.03293514092949583,0.7634248987781236,1.8210454182411204,0.15990355211184107,0.6829132349415412
Guizhou Province,355,gennorm,1.8624125913740603,0.028069346217926346,0.7067293909228334,2.576117097043955,0.15856021371398746,0.8050675730691719
Guizhou Province,356,gennorm,2.4557630067487093,-0.009226844661094845,0.7900854288546395,2.0158524285241266,0.12876294913825337,0.6962742472178913
Guizhou Province,357,gennorm,1.8145852880411466,0.004757310565956846,0.6649802546362283,2.433435288125053,0.1503767593185098,0.7776150683383095
Guizhou Province,358,gennorm,1.7176107360569444,-0.0009970672030591072,0.6608395523473358,2.5383203275608475,0.14278296907197255,0.8180628719772977
Guizhou Province,359,gennorm,1.7924240476207107,0.05615817242525874,0.6742987011147186,3.081210689352037,0.19253397433494673,0.7913860015432632
Guizhou Province,360,gennorm,1.8404227835919267,0.0012818658754870248,0.7131216942946839,2.62173304139007,0.1564560008585173,0.7691697090864839
Guizhou Province,361,gennorm,2.0497213382804627,0.05234632155802324,0.6954882164572778,2.649331347534903,0.18019113341666115,0.7999083078138557
Guizhou Province,362,gennorm,1.8648793908269474,0.005256168385269154,0.7028790618158065,2.6299475647039294,0.17536853812940673,0.8265365241683134
Guizhou Province,363,gennorm,1.823725780293754,0.029403099883902203,0.6820774947309196,2.6106485656675185,0.14361705176452794,0.7917677648125211
Guizhou Province,364,gennorm,1.7520594605111128,0.01159913282554143,0.6514494888268167,2.581872658575362,0.141228313491495,0.795101977150136
Guizhou Province,365,gennorm,1.9648696301086594,0.0011436793677611805,0.7231291380893041,3.441720555850852,0.1794139081948377,0.874709026576908
Guizhou Province,366,gennorm,1.786527319898711,0.009805473933998759,0.6804513190590592,3.0435647395775205,0.14525734218535802,0.8719798431916825
Guizhou Province,367,gennorm,1.7419510424293634,0.004273443992178702,0.6464810119519543,2.7833422435715414,0.18911664202934453,0.8160935890300011
Guizhou Province,368,gennorm,1.888456077426299,0.02553858027217282,0.7339285395782913,2.2383332625284567,0.1562985843156957,0.7396958733676149
Guizhou Province,369,gennorm,1.8794020097410264,0.01198019623805572,0.720241218570673,2.8605883070828346,0.159941218450096,0.7935118075042735
Guizhou Province,370,gennorm,1.6990968634697725,0.011357837893922246,0.6401502711696933,2.735623696072894,0.15256397517012343,0.8236335563955602
Guizhou Province,371,gennorm,2.1731444247624916,0.026618717842571454,0.7463420531958422,2.2675763339578143,0.1322482554669328,0.7514636590444289
Guizhou Province,372,gennorm,1.7526769459403508,0.014556822428424213,0.6707845646054882,2.49149332668546,0.19091919963987658,0.7871844884882092
Guizhou Province,373,gennorm,1.6115908116873783,0.024684113848766558,0.6099713158783305,2.547531445394387,0.16732793934875695,0.813780470171894
Guizhou Province,374,gennorm,1.472171302299095,0.013257991581951449,0.5581773879610116,2.9506207696174878,0.1596519976882717,0.8366374568561792
Guizhou Province,375,gennorm,1.58153273628777,0.016563414907130796,0.6453879094345171,2.513353758398798,0.17503500235311714,0.8086803871587434
Guizhou Province,376,gennorm,1.8670935952102379,-0.0175686578162962,0.7066576161632928,2.5706500678970157,0.17009625178454885,0.7834896085170469
Guizhou Province,377,gennorm,1.785278531293424,0.03771756358914724,0.6371628868499334,2.7345565810821824,0.1476750931511685,0.8560925993712838
Guizhou Province,378,gennorm,1.6620824889075683,0.04040827847138195,0.614778559445142,2.341779871298833,0.1762561775092159,0.7391897951380124
Guizhou Province,379,gennorm,1.5758018393924802,0.03819577364787294,0.6409293850745023,2.58766417184688,0.1385541729948696,0.8183098360139163
Guizhou Province,380,gennorm,2.172473037385459,0.008259107471440137,0.7224123777709223,2.5232699768147784,0.1611862537825775,0.8073343300386302
Guizhou Province,381,gennorm,1.5450340598127028,0.01089089845248287,0.6179796768956904,2.3604839136810023,0.18763385265730467,0.7739884064910666
Guizhou Province,382,gennorm,2.0080728490938875,-0.0354121740397049,0.7204077251287004,2.092312161624688,0.14220208618458655,0.696652423552869
Guizhou Province,383,gennorm,2.2272370457692543,-0.026482465168447232,0.7744045761350935,2.2386004258580066,0.20710996206414217,0.7671895935901649
Guizhou Province,384,gennorm,1.8076544229815261,0.044499441858475784,0.679825114743108,2.595932760694824,0.17024877380137715,0.8008950950677542
Guizhou Province,385,gennorm,1.7227243316071508,0.03151771702358129,0.6466383326085045,2.8021363783121203,0.1628436558447507,0.8090658101647148
Guizhou Province,386,gennorm,1.8955636517463148,0.0022048209649086162,0.6257070691397173,2.343900441734604,0.1615263797273892,0.7623103460584102
Guizhou Province,387,gennorm,2.020326263723335,-0.04088842352142546,0.7170952730566593,2.5935868878292148,0.14666190946708746,0.8135853547119598
Guizhou Province,388,gennorm,1.7679590897473143,0.009496507616495715,0.7109448959023432,2.357859707932727,0.17660081123975802,0.768113265581084
Guizhou Province,389,gennorm,1.8766405272480648,0.006180570124881372,0.7336817203317307,2.3328964206785816,0.19783988965991892,0.7467148261757625
Guizhou Province,390,gennorm,1.7660004775631963,0.03627321052891813,0.6661446219394642,2.080667200944542,0.16189772779085249,0.7547824895279021
Guizhou Province,391,gennorm,1.9273550772460375,0.01912902117061731,0.7125868284013483,2.6215895906857973,0.16335495725710947,0.8078056121599921
Guizhou Province,392,gennorm,1.8567389043306743,0.020399588180854897,0.6981699504599623,2.2463432498144194,0.1988867246426982,0.7404151907495897
Guizhou Province,393,gennorm,2.1577133373263857,0.02242800929987135,0.7122703037539612,2.6955503495731907,0.17450073034445046,0.8316141073189709
Guizhou Province,394,gennorm,1.897072644455673,0.00988481259706597,0.7327484755955354,2.287257992258506,0.17911873883684423,0.7456236301663786
Guizhou Province,395,gennorm,1.8054189972141683,-0.03136829179579477,0.6863591338266402,2.77709900832233,0.1682446942813852,0.8304874976158099
Guizhou Province,396,gennorm,1.7985240267715872,-0.0043632302576769415,0.6609679049465258,2.6075708859445275,0.17174691038927015,0.8103774612385168
Guizhou Province,397,gennorm,1.9462369186485677,0.02670822750413731,0.7222100268000493,2.1324908731898056,0.13798784626717625,0.7560947896336516
Guizhou Province,398,gennorm,1.7423929083247414,0.029434834416438176,0.6840090162821808,2.4270964552782983,0.16277152059440586,0.8050556028112945
Guizhou Province,399,gennorm,2.0409160776344017,-0.0003221697204695948,0.6992023470223174,2.5170200346795366,0.13297111803287998,0.7789941530855642
Guizhou Province,400,gennorm,1.6401710529988558,0.021241701484985887,0.6546056913454412,2.5036480739678146,0.20156154470285992,0.788170473728131
Guizhou Province,401,gennorm,1.7995656225636747,0.03362022106746404,0.670384381694392,3.2640640766477547,0.16221939243237524,0.8306866660897005
Guizhou Province,402,gennorm,1.741819874653305,-0.007920483218305104,0.6862133300177946,2.340219420581867,0.18378683969634463,0.7858048706548089
Guizhou Province,403,gennorm,1.8300301813503226,0.002652199083988972,0.6945461649889713,2.2462634275041014,0.15534600832892376,0.7522279967421772
Guizhou Province,404,gennorm,2.0127386399816825,-0.002295899273813524,0.7007740656782391,2.5434510950485185,0.21502144840135046,0.781247838867702
Guizhou Province,405,gennorm,2.0328098475644762,0.016229920894455324,0.7423668711830282,2.5311566961808323,0.2045590744594349,0.8281149946946529
Guizhou Province,406,gennorm,1.8214118540498563,0.0440830682659454,0.6839752692300233,2.234834826283974,0.19579448680698586,0.7482888155636325
Guizhou Province,407,gennorm,1.8786428615560138,0.022211224793599983,0.6665474081028289,2.339903986654768,0.16907652683110264,0.7791091499046863
Guizhou Province,408,gennorm,2.1856788802922287,0.025221621603047924,0.7195858793422896,2.9779958215888716,0.16016814154815798,0.859562565278813
Guizhou Province,409,gennorm,2.1416046842301126,0.0324081628751105,0.7480504070090792,2.7388456338502145,0.1476313399440203,0.8062785736502391
Guizhou Province,410,gennorm,1.8726377089803354,0.061493101751787405,0.6848724924251581,2.3268959109052414,0.1843611323614336,0.781599319466167
Guizhou Province,411,gennorm,1.9256920535399769,0.06499057955552225,0.6661411025093689,2.562036675813755,0.12647630232889642,0.7942980209422951
Guizhou Province,412,gennorm,1.8520401077314455,-0.007540649516327472,0.7193771767794331,2.0904001521160325,0.16663338543628659,0.7421210153148952
Guizhou Province,413,gennorm,1.6425594262940804,-0.002759373494997766,0.6172783381081649,2.494904404203985,0.1644874471012483,0.7863821252984231
Guizhou Province,414,gennorm,1.9877204643471433,0.017285829781630756,0.7015081572637225,2.6575561967709183,0.13046445011060212,0.7778508936886752
Guizhou Province,415,gennorm,1.921597352588951,0.013628556405365557,0.6520004365131175,2.3648041177098413,0.14289511354648957,0.7580243665315451
Guizhou Province,416,gennorm,2.3454507336505417,-0.023766045275226667,0.7473667550416747,2.535070618966852,0.1449551416857563,0.7783829743346009
Guizhou Province,417,gennorm,1.9179378709137145,-0.009051712835155355,0.693753734310238,2.200650781946396,0.1828143511809178,0.7582083163096689
Guizhou Province,418,gennorm,1.9230350053188525,0.038108323049166136,0.6950551507303057,2.485989126400272,0.13581680945909835,0.7895863029109709
Guizhou Province,419,gennorm,1.9151388895351253,0.021312809818364056,0.670267789420006,2.48918665920087,0.18227365781878968,0.7637604153688351
Guizhou Province,420,gennorm,1.7337587876543563,0.009982074844276944,0.6839086585361175,2.214366333820286,0.1569612734370029,0.761253973996031
Guizhou Province,421,gennorm,1.8870873252642288,0.03621419273668574,0.7022079063473022,2.4241830771202197,0.1635661552554813,0.7905301853191776
Guizhou Province,422,gennorm,1.5433168021470083,0.04407786925835128,0.5891715891103197,2.7948727222980922,0.13666660986452614,0.7729020135150877
Guizhou Province,423,gennorm,1.6328535459645384,0.05860598377340802,0.6189023598254313,2.275059278104475,0.1647290543938586,0.7775967387206996
Guizhou Province,424,gennorm,1.8768415355476247,-0.008070548229087064,0.6973397282626794,2.3703278338374005,0.18793287445708295,0.7377239197094134
Guizhou Province,425,gennorm,1.7305315527104057,0.007650820440839373,0.6685722676804928,2.578712052451768,0.12380214654201392,0.7891317173737479
Guizhou Province,426,gennorm,1.9556423723628917,0.026327758312714916,0.7236764110105263,3.022988626933791,0.15908490476339765,0.8588393513762849
Guizhou Province,427,gennorm,1.9595584893774385,0.08180285504885773,0.7325835366145153,2.5480500376386894,0.13599381517012604,0.8223383911346923
Guizhou Province,428,gennorm,1.817014310074471,-0.020636033950112063,0.6844923506232249,2.063692444730843,0.14275641044059942,0.746521188497886
Guizhou Province,429,gennorm,1.8980278516988485,0.03445433633176326,0.7156719378002507,2.316197710926343,0.15483593926788358,0.7512847103734548
Guizhou Province,430,gennorm,1.528610360808897,0.029057653217252316,0.5877897083967475,2.5072157643922113,0.12767316626407454,0.8186106802425649
Guizhou Province,431,gennorm,1.8793191786540706,-0.00985807355998344,0.6516645158888978,2.47521382132542,0.15998220971090937,0.7800451748246677
Guizhou Province,432,gennorm,1.8372223159107492,-0.008689872530515827,0.6773120225256449,2.31848781264856,0.1809770717045313,0.7438449979018291
Guizhou Province,433,gennorm,2.1337520988106458,0.04597178053274756,0.7531102042210513,2.48003418041348,0.21476670366343675,0.8205310245722433
Guizhou Province,434,gennorm,2.089114903342336,0.0113602470643143,0.7948331924012944,2.510043762595635,0.1544760665355604,0.7963175697048482
Guizhou Province,435,gennorm,1.6869552064910234,0.06125522439533683,0.6610689640841172,2.3187508105866708,0.17966652845193093,0.7857104786116084
Guizhou Province,436,gennorm,1.7611328326968712,0.031735481044249995,0.673462264832269,2.515982224147116,0.12590940920999538,0.7948054778285416
Guizhou Province,437,gennorm,1.8646450780483432,0.023445378843230003,0.6724343518790521,2.2269869672161127,0.19796019932742695,0.7661931049650841
Guizhou Province,438,gennorm,2.1182955453631833,-0.0073126246409342035,0.7351397785828329,2.5596913267211123,0.1409896614631055,0.8028541480042373
Guizhou Province,439,gennorm,1.6977556390047828,0.014963350433873236,0.6507854482340633,1.951308377891527,0.1590598579271751,0.6944208090856041
Guizhou Province,440,gennorm,1.6113237412826895,-0.012829709750293697,0.6144327490663855,2.5903634388697387,0.17716837064078833,0.7984594028187928
Guizhou Province,441,gennorm,1.9196431501807383,-0.004873310138140024,0.7117537144259486,2.8306535882889947,0.1973927282960867,0.8088879756455041
Guizhou Province,442,gennorm,1.9348864304786755,0.018048165454134395,0.707460734520456,2.522989385527432,0.152650741024568,0.8024096138037353
Guizhou Province,443,gennorm,1.9148442906071592,0.022417766781192575,0.7194693756326238,2.4183685092236225,0.14741818774561033,0.8126024381232448
Guizhou Province,444,gennorm,1.5403524532172268,0.03450352782697879,0.6266556517805164,2.2232033349635376,0.13159572702754502,0.7325589777238752
Guizhou Province,445,gennorm,1.7592760923221817,0.037351213068229264,0.6394440745559589,2.776967244206478,0.1534656881616907,0.7868509049440264
Guizhou Province,446,gennorm,2.111906142387415,-0.03385663368421103,0.7538784563783054,2.2685390449568983,0.17438828202033302,0.8019412490668922
Guizhou Province,447,gennorm,2.08093241834308,0.008740208983885398,0.6937882369229208,2.400216999908519,0.16719790864607104,0.7767523916298054
Guizhou Province,448,gennorm,1.7036683975563602,0.039140079627949784,0.6747310038485355,2.7217107039074255,0.1685816129595293,0.8481903980762049
Guizhou Province,449,gennorm,1.708809368175261,0.030332595777052627,0.6568289609135776,2.044552273462118,0.15629558181949452,0.7341275212244042
Guizhou Province,450,gennorm,1.9991371259915327,0.012876587990130951,0.7059137080288012,2.1707457220080295,0.19237768152826368,0.7229908732692525
Guizhou Province,451,gennorm,1.7673035563698165,-7.019539313318045e-07,0.6509522971813688,3.2010620054193017,0.14624201398443054,0.8846907525923776
Guizhou Province,452,gennorm,1.6938977361315963,0.008493858831196223,0.6442485062551323,2.0440747472427443,0.1374237085840968,0.7059814959526993
Guizhou Province,453,gennorm,1.9603348512037284,0.04403655874219366,0.711032313901669,2.3924433214171676,0.14769471057080377,0.8006079752558839
Guizhou Province,454,gennorm,1.7881809451967414,-0.013018368006609932,0.6875215950207437,2.580106240651613,0.15044770707298277,0.7938626869376535
Guizhou Province,455,gennorm,2.0338741959821287,0.036414983980677426,0.7349444096851963,2.4736285481712175,0.18836254297476773,0.7646073134155986
Guizhou Province,456,gennorm,2.0502713971028648,0.0195176240699184,0.685005169953433,2.3263401680249425,0.16242333753626165,0.7691873675761162
Guizhou Province,457,gennorm,1.9176315266685084,0.009967714109270855,0.6682733028162902,2.1788877435971035,0.1816345675615252,0.7241226682631869
Guizhou Province,458,gennorm,1.9859429520056513,0.005563621247549309,0.6782899748630404,2.5676680445129647,0.16183547326846487,0.7651417590871894
Guizhou Province,459,gennorm,1.8921368194199975,0.006499691999895739,0.6791561044063358,2.289698802329721,0.14567601937176808,0.7631977753745686
Guizhou Province,460,gennorm,1.9031994605382174,0.01248940248417341,0.6903460753414888,2.316064284156023,0.14006725357585165,0.8001022176945637
Guizhou Province,461,gennorm,1.9591961857980809,0.010828574207695237,0.7248067296906455,2.27894962207972,0.143156240519504,0.755511139395288
Guizhou Province,462,gennorm,1.9071299776240487,0.036222204210235934,0.7094253884458512,2.950037997144051,0.19642233345498258,0.8293834054983419
Guizhou Province,463,gennorm,1.7804855870042409,0.020278977952024005,0.696477911515293,2.0957782440938555,0.20725918689239375,0.7401726249087539
Guizhou Province,464,gennorm,1.8631676721942165,-0.01953010328384127,0.691532291355279,2.6001585357731853,0.20643172722619166,0.8023478540965072
Guizhou Province,465,gennorm,1.7899649688532095,0.015604515772801954,0.658563412018683,2.3801416266772875,0.15195211099998635,0.8047089619003898
Guizhou Province,466,gennorm,1.9556907553853766,0.026475860451069238,0.7167425965850477,2.0929917937915983,0.16015725623500382,0.7765983067390498
Guizhou Province,467,gennorm,1.928169227689176,0.01924160539004839,0.7016607558728973,2.6124577795630586,0.14892649262180097,0.7823235294370421
Guizhou Province,468,gennorm,1.7056030240715967,0.07960614691579311,0.6565573439202592,2.3767607724883577,0.1139854825597828,0.7796755452024177
Guizhou Province,469,gennorm,2.2431665152997984,-0.010602504474790761,0.7731138085423634,3.008674618111905,0.17659483399436332,0.859691094613906
Guizhou Province,470,gennorm,2.2083275887677978,-0.0053276436787569595,0.7773954128316611,2.687405344443932,0.14516147108110633,0.8254083599130253
Guizhou Province,471,gennorm,1.7290476822203875,0.02997055865416253,0.6700067032869139,2.7686173924414272,0.16862142940710653,0.8413792188946297
Guizhou Province,472,gennorm,1.8855198997102613,0.0010933974956637304,0.6974978126406721,2.3361386013665655,0.15726770174670854,0.7881239042396522
Guizhou Province,473,gennorm,2.348272585154768,0.038695209329822164,0.7561790072110074,2.2613136745553124,0.15099433718334412,0.7597306848354094
Guizhou Province,474,gennorm,1.9037214433171097,0.019558274721777038,0.6568239393104771,2.587215681018219,0.15647223547503503,0.8004857084597266
Guizhou Province,475,gennorm,1.6687025812114729,0.01937803099985183,0.6349788178951975,2.4527422198975386,0.14029112600539081,0.7966795733588704
Guizhou Province,476,gennorm,1.9039252175849821,0.05703229784934842,0.7235549137142898,2.1359272549253694,0.18759059337406542,0.7263846933576462
Guizhou Province,477,gennorm,1.7182308060113323,0.04987841311966294,0.6472423244632517,2.5278684036371537,0.12364523017898985,0.7677988329532874
Guizhou Province,478,gennorm,1.7332210542376738,0.021944145547853032,0.6490201395041002,2.351869812742053,0.14580596591390743,0.8043722056562324
Guizhou Province,479,gennorm,1.55499909096216,0.02502873342049987,0.6432773194569497,2.457311093336656,0.15921127646131944,0.8009007620040915
Guizhou Province,480,gennorm,1.6950216310544035,0.02870635872712063,0.6864992526525231,2.84197642732775,0.1436087219204255,0.8687646806394076
Guizhou Province,481,gennorm,1.995418548695336,0.07101831514621015,0.7209459709836055,2.6532794040423004,0.15209162877693352,0.8176850549277472
Guizhou Province,482,gennorm,2.076868270117844,0.03296624297835588,0.6892175668221515,2.6695521849404433,0.13694824034523617,0.8173243748163271
Guizhou Province,483,gennorm,1.9189422206811182,0.013671757058418218,0.7025834002767077,2.395682112321702,0.17870023979016458,0.7854573606717332
Guizhou Province,484,gennorm,1.9658042574598473,-0.00409741167320766,0.6950358023154759,2.2210947611030587,0.16972996164200926,0.7746019118863021
Guizhou Province,485,gennorm,1.9818721085348914,0.005261643705929685,0.7324923609893788,3.143254689577936,0.14237321124259955,0.8700722816525268
Guizhou Province,486,gennorm,2.1332655377416456,0.02098657901270927,0.7236908693818012,2.0243493626387736,0.15738193303626963,0.713357438021921
Guizhou Province,487,gennorm,1.7261960166264836,0.0002856068428571892,0.6384959372509241,2.609284029832848,0.14654737552778463,0.8148881588390822
Guizhou Province,488,gennorm,1.9973240202709226,0.04075494415428982,0.7092268245895761,2.2275638211435957,0.18380681474278715,0.7541109720771982
Guizhou Province,489,gennorm,2.1179085104923194,0.008921090086313055,0.7399631582519631,2.308528818480125,0.16273539247273794,0.7860576180942522
Guizhou Province,490,gennorm,1.933841342153653,0.022163236332740775,0.7047304785404171,2.210526328914991,0.16170003352929285,0.7561894932093542
Guizhou Province,491,gennorm,1.5449111958557746,0.028614425623983177,0.588684258788156,2.6374625399597544,0.1617387511719678,0.7988773303512022
Guizhou Province,492,gennorm,2.040912398308552,0.031784423165450965,0.7302736777332247,2.410559238653346,0.16856005757343123,0.7907481545047979
Guizhou Province,493,gennorm,1.6087989552453312,0.005637274196863177,0.60774858845054,2.2494538541853077,0.12997601386348998,0.757845792352589
Guizhou Province,494,gennorm,1.959991609188188,0.01267516973739765,0.7248460110225208,2.8040616818146877,0.19008456957895475,0.8211652977509419
Guizhou Province,495,gennorm,1.8589961576051617,0.03878419403187169,0.7213659461054125,2.348889466500947,0.13266719485064576,0.7365254098627896
Guizhou Province,496,gennorm,2.1264077457187565,-0.0016494987943249338,0.7477990776220282,2.375367369004805,0.15725534660335483,0.8010354090579757
Guizhou Province,497,gennorm,2.106871831573197,0.012446649516861292,0.7502331523394256,2.716383440140552,0.1699360571766696,0.8475445574300112
Guizhou Province,498,gennorm,2.1744226729811373,-0.019282855982411883,0.7373474799755979,2.4542819025398623,0.17397180744538387,0.8023523264835314
Guizhou Province,499,gennorm,1.820008155304487,0.04574951794925717,0.6592588387203493,2.2486686806778695,0.14072166139338282,0.7453241465062308
Guizhou Province,500,gennorm,2.1943905457863,-0.008969035609813441,0.7128580790282113,2.5694441980627896,0.19088528005068645,0.799831293073733
Guizhou Province,501,gennorm,1.863075021882696,0.029568781149098958,0.6788451714519342,2.765343238548351,0.22627317815676418,0.7636316459093162
Guizhou Province,502,gennorm,1.948329169916509,0.028235543563596928,0.709529387872152,2.680948098574145,0.18809367515730585,0.8194797053262066
Guizhou Province,503,gennorm,1.746571708190697,0.014623193895874803,0.6412634531448389,2.2419219825440733,0.18650052183024468,0.8110340242955763
Guizhou Province,504,gennorm,2.1595167451340784,0.0696528531790275,0.773713312889778,2.267984114892722,0.14559635247321012,0.7720339676249758
Guizhou Province,505,gennorm,1.941130408168274,-0.009505516027028121,0.6898190552912504,2.5476161445569536,0.18545002580283615,0.8295024964853756
Guizhou Province,506,gennorm,1.802532449096563,0.03082075237078511,0.6934988910662849,2.511773287002163,0.1552108050161079,0.7861877295482174
Guizhou Province,507,gennorm,2.0695187570137787,-0.005233881298078365,0.7079193128212401,2.687785513123254,0.14459978231000598,0.812796304038427
Guizhou Province,508,gennorm,2.0461928096932285,-0.008535724102649127,0.6909753559440122,2.8189900035110123,0.16680056410970812,0.8717690396807807
Guizhou Province,509,gennorm,1.939272054804602,0.055154467549767806,0.7238874181184076,2.7634454861860562,0.16117236044154323,0.8723760435111744
Guizhou Province,510,gennorm,2.113078790619188,0.014624302603665734,0.7283956715475721,2.2943031166090355,0.1267179618548057,0.7474519179869462
Guizhou Province,511,gennorm,1.8580919810098702,-0.026529056460112062,0.7175703815135396,2.291941238547315,0.15318202500350023,0.7517747459935007
Guizhou Province,512,gennorm,1.8113794308555238,0.01592046623631676,0.6787919797242691,2.2404873626500237,0.16882148334248895,0.7582701332575648
Guizhou Province,513,gennorm,1.952057708187958,0.05305929162515983,0.734905558764973,2.4868815113992433,0.16920022568281823,0.8057776147223938
Guizhou Province,514,gennorm,1.8243158375029043,0.0070475799291843545,0.6835018268097547,2.030871913718629,0.14132514953691866,0.7129905280960196
Guizhou Province,515,gennorm,1.5537821634963234,-0.0004650209086021016,0.6186392676772979,2.532807372533422,0.1673907469354124,0.7862174456500687
Guizhou Province,516,gennorm,1.6020843249501264,0.029552523244963408,0.6430419878136322,1.9782918298497751,0.1507854797497162,0.6763029368190088
Guizhou Province,517,gennorm,1.6183560838937543,0.04718439665143759,0.625419354261288,2.492628120631093,0.1465534672675478,0.7710733234501992
Guizhou Province,518,gennorm,1.9113677396161808,-0.014583654668299136,0.722043938999013,2.082939195223527,0.15281911548365246,0.7316483133986111
Guizhou Province,519,gennorm,1.993051910484207,0.023724659587146372,0.7197770762149508,2.70903122727223,0.17445791126081717,0.8166362332767357
Guizhou Province,520,gennorm,2.2778086554526977,0.02717466671183802,0.7592500654052972,2.2702040127917575,0.16641770857317148,0.7937129562445635
Guizhou Province,521,gennorm,1.6299288572076527,0.04921250976264843,0.6566729648727803,2.555056604119926,0.1669585400067449,0.7944363131761745
Guizhou Province,522,gennorm,1.661215152654123,0.008525015341818869,0.6513624991485948,2.6302911683287133,0.14261226276601408,0.7807978539643636
Guizhou Province,523,gennorm,1.9162143671377647,0.0006394697848889528,0.6911089369544275,2.6826019240180914,0.15765877709160153,0.8084960904522873
Guizhou Province,524,gennorm,1.770937797444363,-0.03055539200005203,0.6672224191892719,2.7511008629934537,0.20751758522497388,0.7794350376951031
Guizhou Province,525,gennorm,1.9061511848977726,0.0063180974801172254,0.7225295816456427,2.4375373722446665,0.12155948447746087,0.8142869034375557
Guizhou Province,526,gennorm,1.7862410729812384,0.018630033312711847,0.6526294654838087,2.775259961750719,0.14494318404636183,0.8312528467544309
Guizhou Province,527,gennorm,1.7335734882861749,0.019882779247211747,0.6743242758264372,3.1047369173111456,0.2025447031016714,0.8368128878097085
Guizhou Province,528,gennorm,1.7099133726748552,0.01041670525015215,0.6220507112139052,2.528084819100537,0.16881883735485886,0.8155440216404386
Guizhou Province,529,gennorm,1.9496588735125755,0.01361680648340843,0.6881144617739829,2.6284575164088766,0.16443160426681383,0.8164270692370305
Guizhou Province,530,gennorm,1.796111873537647,0.030038645391913928,0.6603151510008902,2.2124613294869064,0.1982445615638347,0.7402670319214145
Guizhou Province,531,gennorm,2.07438607751865,0.012482277423295537,0.7309253005856586,2.4006156482425274,0.13001906087586396,0.7736077679479769
Guizhou Province,532,gennorm,1.8440296277956354,0.03837338369266388,0.6580762765225743,2.368160642253626,0.15800727843307485,0.7938293595584978
Guizhou Province,533,gennorm,1.7289486401745227,0.07708169841191198,0.6804769607637999,2.623104063372086,0.17941418725543776,0.799454528391387
Guizhou Province,534,gennorm,1.7195899546721853,0.013344725326456308,0.664206032700638,2.690718800018047,0.14190070808997407,0.8288709973567918
Guizhou Province,535,gennorm,1.8886644779577222,0.005979910132129682,0.6803117933949385,2.2373173219972275,0.13368801493505988,0.7226789692801121
Guizhou Province,536,gennorm,1.7607937821706487,0.003939659852849664,0.6708727786624802,2.507592688328365,0.2014833947739536,0.7832247257648521
Guizhou Province,537,gennorm,1.8682418694395813,0.03261137423781761,0.7029015005886448,2.4462459715940774,0.20075142735526857,0.7828109948227326
Guizhou Province,538,gennorm,1.9267689998037025,0.04545525629184216,0.7117036836760036,2.7000988331228983,0.16684181294809866,0.7938082683230231
Guizhou Province,539,gennorm,1.7944516654939044,0.017175268779908326,0.6752631057109069,2.3880951291223367,0.1527515317324051,0.8073758592496226
Guizhou Province,540,gennorm,2.1030306511849925,0.023051420131507336,0.761611828194457,2.7738357844435813,0.19074039165214657,0.857059006792154
Guizhou Province,541,gennorm,2.017627476682586,0.0412859521209783,0.735973243716416,2.5502654303669336,0.12881788712999162,0.7723429577581598
Guizhou Province,542,gennorm,1.837946712463681,-0.0001379306780439847,0.6808474210304605,2.2116875454583917,0.1101418831236409,0.7459264629147386
Guizhou Province,543,gennorm,1.9522708587110333,0.01631078124522799,0.7403453209535489,2.0562864742664497,0.20724636624506637,0.7433174193342487
Guizhou Province,544,gennorm,1.8315171319744283,-0.007151920359686308,0.6698456375113964,3.1215887773133835,0.14737015914013443,0.8660304444699494
Guizhou Province,545,gennorm,1.781197477202943,0.03331801371636059,0.6917638688926906,2.3681426788190976,0.1912293988877785,0.7788802887934645
Guizhou Province,546,gennorm,1.9401170509778511,0.02502508136804593,0.7038899112824626,2.7425345997059187,0.13812916887623583,0.8574253183226097
Guizhou Province,547,gennorm,1.88205283849799,0.03729796650192839,0.7180655830150626,2.4406945850073396,0.19386448827284847,0.758237692809864
Guizhou Province,548,gennorm,2.103208523220293,0.060547291796707814,0.7003596525389343,1.964975638179881,0.16684733904151594,0.7076075789788252
Guizhou Province,549,gennorm,1.766261687769331,0.014505197279690664,0.6141690704827139,2.1583040396306545,0.17382031554394944,0.7166268231892807
Guizhou Province,550,gennorm,1.7796373320502732,0.01718231278316658,0.6782105443293589,2.4744488879765303,0.18621152672873714,0.7690336575469977
Guizhou Province,551,gennorm,1.7356898972765704,0.017013397339410017,0.6412614651999674,2.481600783845673,0.14984286513492842,0.7822671211626574
Guizhou Province,552,gennorm,2.1161283825092037,-0.026319305642506466,0.7362308044983954,2.446872684729983,0.16850755375975318,0.7974015604510748
Guizhou Province,553,gennorm,2.187584779239916,0.052526817814069704,0.7729815700844218,2.22232504805182,0.20645730476555546,0.7441943291207611
Guizhou Province,554,gennorm,1.69355925653512,-0.0018853498792748339,0.6523258103651387,2.15982677677298,0.14654847684089878,0.7436288672782423
Guizhou Province,555,gennorm,1.781887884177797,0.04313942458569445,0.6467683170450635,2.529482582672317,0.1253545402142304,0.7841184606691597
Guizhou Province,556,gennorm,2.090820712675283,0.00935347331519167,0.7133895664461469,2.6313166913752433,0.13510160485379025,0.8236925350820505
Guizhou Province,557,gennorm,1.7367138878233548,0.02157453522412947,0.684680703755842,2.0249620844766176,0.17414299517494636,0.7238935302878637
Guizhou Province,558,gennorm,2.1056332739192056,0.0038787428908809095,0.7193174643976745,2.383309427065881,0.19327459682092746,0.8102261215885829
Guizhou Province,559,gennorm,1.731964782737438,0.028510712693218566,0.665201521690852,2.0162985666327193,0.17750187870117484,0.7608234200335525
Guizhou Province,560,gennorm,2.058561579964756,0.03871907865038246,0.7390341308750958,2.2780230110632145,0.15317294568996923,0.7747070469562861
Guizhou Province,561,gennorm,2.0611233993222093,0.03280117317470295,0.7219568291701441,2.1912450481367634,0.18147168863335933,0.7749242144189954
Guizhou Province,562,gennorm,1.9701711355829366,-0.005796968940614125,0.7147240074749288,2.2497934892648725,0.15175140330597106,0.7755680385628838
Guizhou Province,563,gennorm,1.6900132498408533,0.026725747429249297,0.6028668330738051,2.3819473346001847,0.14576411571831988,0.76824996548594
Guizhou Province,564,gennorm,1.5991619414470688,0.013338729666728433,0.5928394250829865,2.248418419552278,0.15909833792100797,0.7409502135453211
Guizhou Province,565,gennorm,2.078380433483167,0.060296729466618695,0.7468556465344701,2.543068869794998,0.1611662185122324,0.7760226496154463
Guizhou Province,566,gennorm,2.006312038308174,0.0003929601959048562,0.7147952765336267,2.665435291376877,0.17253812528495188,0.8235173506787775
Guizhou Province,567,gennorm,1.9879455026737423,0.011097565372694856,0.7093805391386638,2.266753067066925,0.17361800324330984,0.7736580703311882
Guizhou Province,568,gennorm,1.8362579986773548,-0.005443220386264188,0.6732881555418695,2.038570912015248,0.17738367337494765,0.7269951593808079
Guizhou Province,569,gennorm,1.890286519557523,0.020625428733598437,0.7343236690426291,2.695422114000965,0.17748844894684584,0.8443894144691684
Guizhou Province,570,gennorm,2.080462009836997,0.04945032362043224,0.7298793457862349,2.445185206035679,0.17551683572416185,0.7336054452469145
Guizhou Province,571,gennorm,1.8615510964724673,0.016772764347735898,0.6682834695882715,2.245787864547907,0.14659538583467602,0.7252353295502081
Guizhou Province,572,gennorm,1.7472007522780033,0.0509561617815493,0.6810675551924474,2.5510329193776413,0.1798613920633329,0.8114165359389957
Guizhou Province,573,gennorm,1.9584533284177439,0.032297050736088816,0.7336397539386823,2.4403401766488555,0.18596815845672615,0.8195134577713518
Guizhou Province,574,gennorm,1.8153374302714043,0.02775356215324608,0.6795209975617853,2.07757241704741,0.13276519001152243,0.7277020388071709
Guizhou Province,575,gennorm,1.886497362964777,0.008827227102736736,0.6544593369578654,2.2754759659899797,0.146745875459114,0.731448171863411
Guizhou Province,576,gennorm,1.656319956352209,0.03740347095987556,0.6848836343023688,2.4360902158799083,0.14648015182985652,0.7854568337614724
Guizhou Province,577,gennorm,1.7370145204547205,0.044449129474237875,0.667631001711448,2.1445839813248986,0.17542169609485753,0.7410038433150683
Guizhou Province,578,gennorm,2.0525453173012584,0.04104459587509393,0.7236912089897246,2.746390318007275,0.14326556829057122,0.8256802366817545
Guizhou Province,579,gennorm,1.6687406239207494,0.013820359128697116,0.6406292162444631,2.7161112427839553,0.2036250784834704,0.8297031176624223
Guizhou Province,580,gennorm,2.2469736878521527,-0.012946184415850007,0.7515403484936971,2.436864912149482,0.15221824820877328,0.752334879809268
Guizhou Province,581,gennorm,2.118298375497001,-0.029730380748070905,0.7630700004718407,2.277082479990187,0.1577806485666948,0.7497206778342174
Guizhou Province,582,gennorm,1.957076810465705,0.004979776556459892,0.7345237177145763,2.393872651352101,0.14379485921375496,0.8043974654353094
Guizhou Province,583,gennorm,1.8831947407779275,-0.006195016034786759,0.664471125637246,2.528736560187232,0.14611096634863419,0.7992247148704723
Guizhou Province,584,gennorm,1.8913449728021123,0.03495992386930333,0.6532177343750425,2.3570070006499044,0.17364299429972568,0.7898429328921568
Guizhou Province,585,gennorm,1.613114579118134,0.024875495789226425,0.6045263577219768,2.701012284185831,0.21253340271285198,0.8270415162355278
Guizhou Province,586,gennorm,1.8997442349608429,0.02020645444117943,0.6964413312656392,2.708055410116888,0.1952697086250173,0.8516001163884954
Guizhou Province,587,gennorm,1.9865932001741775,0.0012329332200537112,0.7115554826925705,2.1512729420468837,0.13955074870607947,0.7408280554823862
Guizhou Province,588,gennorm,2.2030507315980543,0.015870192271035123,0.7355457934983806,2.144108431595928,0.15071807815407617,0.7327063411894731
Guizhou Province,589,gennorm,1.828225868868461,0.030808287452135298,0.6950856414858511,2.0747935013792533,0.16002552818779242,0.7564895979578048
Guizhou Province,590,gennorm,1.6762282892099587,-0.01501533779596689,0.6278906017475514,2.471114657668781,0.128516800100966,0.7633797618286493
Guizhou Province,591,gennorm,1.7894629438115497,-0.01145864122279652,0.7245397469045533,2.3259088258347655,0.1770286588444498,0.7672433721498136
Guizhou Province,592,gennorm,1.7987131190369055,0.03760600265121224,0.6844409110577397,2.276150235564951,0.1794981166473179,0.7978307618681679
Guizhou Province,593,gennorm,1.658214263366443,-0.018059611485382508,0.6852842795046608,2.3612099052079243,0.10766790578569246,0.7516036798240904
Guizhou Province,594,gennorm,1.8261372959192486,-0.015930940093944135,0.6704445586803072,2.4196260411771795,0.15107676230260686,0.8262888333190166
Guizhou Province,595,gennorm,1.778478203961354,0.010370216321031318,0.6637101624585564,2.848871308635609,0.17426899939984367,0.8082244440768338
Guizhou Province,596,gennorm,1.6173473759601182,0.013888749228334416,0.6220450265514819,3.1670785255642526,0.16679927055943983,0.872528660482667
Guizhou Province,597,gennorm,2.1870806425425187,0.03148652130077141,0.7178170946796523,2.7123564107910845,0.1421523259356744,0.8188535561766537
Guizhou Province,598,gennorm,2.1031662340675013,0.0701766249368507,0.7145983442687258,2.554281006413592,0.14356044186171973,0.8335333708545245
Guizhou Province,599,gennorm,1.6870162332812169,0.04646317868758831,0.6536271138624297,2.2066895200153853,0.14484832723339952,0.7615452585326885
Guizhou Province,600,gennorm,1.7063711497503995,0.009859122697663723,0.6478136195544892,2.745099882442584,0.17869036363469182,0.8084992906818778
Guizhou Province,601,gennorm,1.9820395468569363,0.01714682477113959,0.7286235746865171,2.3793203661926707,0.1768949277957117,0.7864230215513218
Guizhou Province,602,gennorm,2.0172162781853094,0.015063161689830788,0.7289452086198664,3.027349116113508,0.19047619350241735,0.845019379010518
Guizhou Province,603,gennorm,1.8512032492299206,0.01397272554960195,0.6884364697657295,2.5177201050100573,0.12961555029691837,0.7880447703061861
Guizhou Province,604,gennorm,1.791853177495713,0.048854419656517746,0.7390819315150663,2.0906809944136615,0.128239445356085,0.7380839804339712
Guizhou Province,605,gennorm,1.449391230654002,0.015440755586466898,0.574360902017482,2.5569079321721806,0.12932818979580218,0.7684603308076822
Guizhou Province,606,gennorm,1.8774714870479747,0.004259338904820007,0.7239512012581819,2.2233057264081793,0.17396647386829267,0.7679824106748108
Guizhou Province,607,gennorm,1.7008281432650836,-0.011546202749062602,0.6482870430331227,2.6176513486645594,0.17743801418253313,0.8103630687521923
Guizhou Province,608,gennorm,1.818948442536025,0.003269873383966903,0.6960113082844288,2.5635940296734656,0.19025668444142677,0.7725773841242053
Guizhou Province,609,gennorm,1.8963852403708623,-0.02035021446113715,0.6859691880578193,2.690151762986239,0.18135206111876145,0.8014496227058252
Guizhou Province,610,gennorm,1.8419883529253882,0.0296141479689674,0.6624781509828996,2.1300911366265898,0.1639004194809197,0.7578088238213403
Guizhou Province,611,gennorm,1.8975729878604273,0.04524063737077469,0.7097122750978073,2.478687048714245,0.17241103693617557,0.7856310611092914
Guizhou Province,612,gennorm,1.7835424480170459,0.020327475931527256,0.6742978101682289,2.5365097627698887,0.18920325701842633,0.7612477685595502
Guizhou Province,613,gennorm,2.0981534099115526,-0.011987626648328597,0.7108220925341131,2.479628561515695,0.13062460527881575,0.7708038376701793
Guizhou Province,614,gennorm,1.6550169365950822,0.04600120259744283,0.6583215385591523,2.7852388875772496,0.15508459983853762,0.7769308144758506
Guizhou Province,615,gennorm,1.727435465796138,0.02721793488757563,0.6377546386824309,2.925491653391556,0.1732726685920375,0.8372973023291621
Guizhou Province,616,gennorm,1.8352202623668856,0.037209563617819366,0.720992568538446,2.406016287664184,0.1382676955000095,0.7926198351642588
Guizhou Province,617,gennorm,1.5990476669977312,0.03341983632203656,0.6510335312310276,2.258515298126013,0.1626926847674374,0.7910117376546506
Guizhou Province,618,gennorm,1.5345037909209562,-0.012867043704205893,0.6244852392917666,2.812354387142615,0.132843514833414,0.8408379067120326
Guizhou Province,619,gennorm,1.9649937979045178,0.04367802218167052,0.7060355989037392,2.36724992798689,0.13827491441935075,0.7855318426634372
Guizhou Province,620,gennorm,2.0720388245280903,0.03248886690775413,0.6831068504759814,2.491085766596641,0.15347908027506516,0.8255849061049981
Guizhou Province,621,gennorm,1.91287923910606,0.0069451943382173,0.6789726118209616,2.461772774893703,0.17754485426648098,0.8105124829568257
Guizhou Province,622,gennorm,2.0612831183995044,0.06250189082493045,0.7385114660857257,2.7891598526940684,0.16513343370538935,0.7629157354735205
Guizhou Province,623,gennorm,1.617136283322717,0.018651814721388958,0.6373317982788016,2.7870058333923207,0.16369814585777048,0.822252320695223
Guizhou Province,624,gennorm,1.814243599407702,0.023243974335004552,0.661973095669705,2.4380659149276864,0.17334788547203925,0.7899883121146081
Guizhou Province,625,gennorm,1.5676214354411222,0.010086104391013704,0.6168158141336295,2.756743636259923,0.14786413801578602,0.845094487563433
Guizhou Province,626,gennorm,1.8574552458501985,0.012534659839944139,0.7279633277209008,2.2937918236439514,0.13228846787981174,0.7296520018118349
Guizhou Province,627,gennorm,1.5898462351216158,0.03509177209304387,0.6007193205847805,2.8391788373500884,0.15892741318349615,0.7965851985564911
Guizhou Province,628,gennorm,2.072274633909168,0.038798107960124145,0.6954151258602776,2.331025583198488,0.14441976960093766,0.7592185999985179
Guizhou Province,629,gennorm,2.090074836938974,0.024462884764555826,0.7288983256572663,2.2345400260896886,0.15943339409653953,0.7345535786824586
Guizhou Province,630,gennorm,1.9901096256626136,0.027068075681165128,0.7014775486326326,2.4839538118256277,0.1635649691044221,0.7787656212385419
Guizhou Province,631,gennorm,1.7399671070857126,0.00889374840552157,0.6776606482985015,2.547986572522924,0.17827175257549685,0.8153462837974536
Guizhou Province,632,gennorm,2.0861476211644745,0.042803726501064565,0.6905405684060766,2.9035003852654677,0.13806895685908116,0.786745954008149
Guizhou Province,633,gennorm,1.8625829528340294,0.0630305361995886,0.7117030093498264,2.1016702550295094,0.15666808834635415,0.7308151198797848
Guizhou Province,634,gennorm,1.695343624517626,0.0035270877922362583,0.6727992325486176,2.3302317507734287,0.18469371170301874,0.8037960846614295
Guizhou Province,635,gennorm,1.929348281552935,-0.00146927457652092,0.6972894359674959,2.242289391097431,0.13717824567489523,0.7742113366991897
Guizhou Province,636,gennorm,1.9140108904937678,0.018422335730400113,0.6796634234651043,2.669915643774461,0.14497826873988,0.784489475588057
Guizhou Province,637,gennorm,1.811329735429716,-0.010018742132906482,0.6758137617094905,2.425883471062958,0.1393759515685203,0.7995846337592266
Guizhou Province,638,gennorm,2.1344740413294048,0.04579793927655422,0.7631549799311392,2.3128508857735266,0.11783893042271995,0.7755541253247886
Guizhou Province,639,gennorm,1.973117291080266,0.018143834169845996,0.7168342401507592,2.1110169278079094,0.1433903622105865,0.7307825426641141
Guizhou Province,640,gennorm,1.779610447695771,0.00016894317725208834,0.6748845920122237,2.538351657718058,0.14654177035557692,0.8515500461602994
Guizhou Province,641,gennorm,1.7915762071691277,0.023465577406723934,0.6783703158197578,2.515681781553514,0.19380106383345164,0.7919855722365352
Guizhou Province,642,gennorm,1.8563096711443627,0.007383441519668596,0.6486057576127504,2.712488542834217,0.11827275442273466,0.7757486656895491
Guizhou Province,643,gennorm,2.0572996178868355,-0.011262392141259561,0.6969658418382001,2.234458688295132,0.1551077945826746,0.7484715026007216
Guizhou Province,644,gennorm,1.8583920898492594,0.029821178685750155,0.644568627194646,2.822779631571854,0.17256287063738018,0.8019696824788582
Guizhou Province,645,gennorm,1.7027598071629773,0.020044002773601115,0.6561261487021693,2.376077000249765,0.1582860353675338,0.8040909845422698
Guizhou Province,646,gennorm,2.1622154498613515,0.04142680957426542,0.7265101961139168,2.3871056751020756,0.14230137147605365,0.836918125379174
Guizhou Province,647,gennorm,1.7379052074356611,0.027235748385550193,0.6681691053998066,2.2067871927187612,0.15591223648840635,0.755020799188032
Guizhou Province,648,gennorm,1.6335700927859074,0.03508217659852393,0.6781590998700919,2.835244286795369,0.17406201469967553,0.8088615029079989
Guizhou Province,649,gennorm,1.8444709722302854,-0.02772489280315811,0.6710491903174445,2.600229003105754,0.18966737611323214,0.824587655677407
Guizhou Province,650,gennorm,2.0946438844284305,0.04520121374720584,0.7338351101409956,2.5180407279029877,0.19394777280113326,0.8025117677675135
Guizhou Province,651,gennorm,1.8844040565854199,0.0049515384381984984,0.7162834318530934,2.381537245954697,0.18076815080955394,0.7863477816894343
Guizhou Province,652,gennorm,1.722747413522688,0.04208562868835235,0.6842054849828589,2.4626867840744167,0.18842210893887568,0.7765515505418241
Guizhou Province,653,gennorm,1.7525652422102564,0.040432608707029014,0.6702931944828512,2.3089513573016216,0.1603974245269203,0.7653734766925329
Guizhou Province,654,gennorm,1.8997579773711284,0.02775887056781936,0.7179708537564995,2.1750217947004686,0.15906779964509551,0.7162550108587713
Guizhou Province,655,gennorm,1.9308704930980891,-0.008455974566071011,0.6959626545463231,2.0377614802768935,0.1423639468856085,0.7350143768130362
Guizhou Province,656,gennorm,1.695140977677635,-0.01159194072610836,0.600114552779291,2.351316675345667,0.15473709202545255,0.7616596067111139
Guizhou Province,657,gennorm,1.6730584755868616,0.019830623801653728,0.6440619385536612,2.5908676041864966,0.15300875580089218,0.8409936219922587
Guizhou Province,658,gennorm,1.761670233508451,0.003363159652814594,0.6249326502056897,2.758217963987317,0.1613009726855694,0.8508897216172646
Guizhou Province,659,gennorm,1.830888052058005,-0.007338129142845895,0.6943052842067186,2.3682285593960968,0.17761320780409012,0.8252714580049225
Guizhou Province,660,gennorm,1.9064126384702424,0.08239499632428228,0.66680347413219,2.3763676663497844,0.10523639246435681,0.779270046578213
Guizhou Province,661,gennorm,1.8960784028524382,0.05047850324469749,0.7032436086696452,2.648033860128697,0.1294492050401791,0.8488195735307058
Guizhou Province,662,gennorm,2.0310221330240408,0.04962369688870358,0.7346730661964695,2.5445457307574717,0.1460925100351205,0.7757558915290363
Guizhou Province,663,gennorm,1.8514873806044236,0.010568549558943721,0.6847230346586582,2.58360534907007,0.18659498056281898,0.8141065357941479
Guizhou Province,664,gennorm,2.3932114567678635,0.009221442490719652,0.7842884566922165,2.486710324790204,0.16127368200409026,0.8270025047279033
Guizhou Province,665,gennorm,1.858657023395633,0.01490832702170933,0.7105413292283342,2.5434711320579457,0.181882031864598,0.7876116475158029
Guizhou Province,666,gennorm,1.866156370676052,0.005977322022680326,0.724906025131728,2.8345778929718892,0.124106161066125,0.7775439715625043
Guizhou Province,667,gennorm,1.570835638768321,0.0370693643757303,0.6679467107018332,2.2033684665787834,0.20411731774130856,0.7824616152794659
Guizhou Province,668,gennorm,1.7085933100496804,0.043549236471610006,0.6594017703256151,2.2378743479729684,0.15278430757564865,0.7667752830110373
Guizhou Province,669,gennorm,1.6677496310157154,0.04223142721727701,0.6231884518360729,2.727862088891993,0.1566081491197834,0.8060199315805189
Guizhou Province,670,gennorm,1.6204258085113503,-0.011878493198561053,0.611136010818921,2.46377269846468,0.1335264456986438,0.759636156109249
Guizhou Province,671,gennorm,2.2154772014217476,0.005757286442989047,0.6955817760400129,2.481593349321395,0.15413835000494241,0.7773033249384973
Guizhou Province,672,gennorm,1.915171070839107,0.03303575719838089,0.6670520617176524,2.2410380079063135,0.11047328787327132,0.788437445729989
Guizhou Province,673,gennorm,1.5980576004314317,0.0501720534272448,0.6071615812593469,2.310770948683726,0.14693764423350641,0.7683618475642122
Guizhou Province,674,gennorm,1.7017966027629283,0.01703210039260309,0.6634303663214416,2.3124113596413185,0.13357045658051048,0.762755488894767
Guizhou Province,675,gennorm,2.2256121536413405,0.039709950447437595,0.7525415108329523,1.8114274810787752,0.1523348460949292,0.6794740623769719
Guizhou Province,676,gennorm,1.8632733668881996,0.05376641712569842,0.6939766899818727,2.409490448280587,0.2112952481136402,0.7753758218154474
Guizhou Province,677,gennorm,1.9494600439850749,-0.025001316102085606,0.699290261590223,2.600877042560923,0.11001556578566554,0.7866760529505097
Guizhou Province,678,gennorm,1.6252167204796135,0.027303373237688104,0.6168864310453388,2.309542610175833,0.16187670813245106,0.7950418246529466
Guizhou Province,679,gennorm,1.5336612156440912,0.016127424880395785,0.6127140221768219,2.5822758265801973,0.18901292563851238,0.7976480978345104
Guizhou Province,680,gennorm,1.7822479001094296,0.010379368980788117,0.657128833731385,2.352778634445497,0.13149069735557878,0.8022627147588881
Guizhou Province,681,gennorm,1.846103775697015,-0.0006793091923166378,0.6792844041130235,2.4669210943791358,0.15963970851929665,0.7752818535098038
Guizhou Province,682,gennorm,1.7428333301530956,0.05414284040756972,0.6731490817452472,2.0535544285603837,0.1748501150062043,0.7359379156466073
Guizhou Province,683,gennorm,1.687428775753106,0.00833823590792226,0.6590110141229018,2.904025989312187,0.16638861515923414,0.883631322089109
Guizhou Province,684,gennorm,1.8075856846596352,0.005387050962096253,0.7176502012242862,2.1982186453453947,0.168106948180733,0.7542340890990894
Guizhou Province,685,gennorm,1.8136015428112544,0.039660606430855325,0.6817877268550028,2.2739729154770223,0.2081276583394941,0.7617815089741233
Guizhou Province,686,gennorm,1.961622581392886,0.010756036624733897,0.725997577323076,2.3514320299045597,0.16659689935066604,0.7726908318824215
Guizhou Province,687,gennorm,1.6675255729614271,0.014607628778333912,0.6175845824764126,2.23742687027627,0.15707153842582047,0.7406257149393921
Guizhou Province,688,gennorm,1.7303310955224487,0.005526692088476668,0.6581469061162248,2.3811735101697646,0.13524932024807884,0.7766281144302412
Guizhou Province,689,gennorm,1.8483648543296178,-0.040813566126072974,0.6809908762143322,2.429944915283632,0.12795107682399787,0.7961638713981861
Guizhou Province,690,gennorm,1.678188151583563,-0.0046167673436721506,0.6461424739408845,2.6035470646498835,0.10997970422077274,0.7780659038758406
Guizhou Province,691,gennorm,1.9437018838826554,0.02930795969221121,0.7488075921859374,2.410821654451752,0.12170536729384113,0.8224302707284858
Guizhou Province,692,gennorm,2.1160393707841996,0.025963860493959198,0.7431002426690829,2.767335905428769,0.18009028195440474,0.823268825243473
Guizhou Province,693,gennorm,1.8555803806745566,0.06063575980264237,0.6989712712752163,2.1690693468563618,0.14725844182449685,0.7421202069899767
Guizhou Province,694,gennorm,1.8624311798052402,0.009480145319485142,0.6316604171759965,2.030937265824983,0.20020181546870414,0.7232385702271829
Guizhou Province,695,gennorm,1.9047400022898444,-0.025535860711024743,0.6964010008392463,2.7414444723258065,0.1739409760654276,0.8154985283237026
Guizhou Province,696,gennorm,1.8865500379162339,-0.01321471303575961,0.6868505118199457,2.420671190993959,0.15644201644758704,0.801867208348856
Guizhou Province,697,gennorm,1.9899665233342412,0.07341279343881135,0.7191754496338225,2.7787262408254056,0.19162573157904067,0.7901550101119246
Guizhou Province,698,gennorm,1.7753724412192984,0.01849595471975668,0.7327786701152328,2.4534412305714,0.19118959669195273,0.7651739841815587
Guizhou Province,699,gennorm,1.776780684830472,0.029681356128670292,0.6565265541992975,2.367554999286142,0.16080579642203918,0.7596748943112038
Guizhou Province,700,gennorm,1.65587402281299,0.04471987675862842,0.6242910619401527,2.545084241366636,0.17036390880366936,0.7964028305763245
Guizhou Province,701,gennorm,1.752455039380445,-0.01023384644713472,0.6961333602599091,2.349393641111229,0.1786164601093303,0.7576727556325025
Guizhou Province,702,gennorm,1.7960877363425927,0.042839488932610824,0.6611889515200524,2.311455454085402,0.20563148627250719,0.7581322485292249
Guizhou Province,703,gennorm,1.6805280105458524,0.0012062601627061426,0.6582278292736594,2.540949098520694,0.12772289479541873,0.8048646830569253
Guizhou Province,704,gennorm,1.8710220025077553,0.018123599272345782,0.6727409350567332,2.6990824587551483,0.21124420557863197,0.8219677677528144
Guizhou Province,705,gennorm,2.0280444438410967,0.007285532094380818,0.7374741581756172,2.328914289683034,0.19190102401947834,0.7703913646488474
Guizhou Province,706,gennorm,1.834954532421123,0.027256959760621924,0.6490184422976686,2.092850502675873,0.17616425777070444,0.7589555008044305
Guizhou Province,707,gennorm,1.9898928270262712,-0.004752871336224908,0.6836226427403274,2.445716765130209,0.17669848639916066,0.7763600456341421
Guizhou Province,708,gennorm,1.9476160206965871,0.013039488582273245,0.6965082404886107,2.382792321689127,0.13902770121971994,0.796203769899063
Guizhou Province,709,gennorm,2.00409989883451,0.020663633064616774,0.6954369447503141,3.000507617899851,0.14950816972379227,0.8350197501112424
Guizhou Province,710,gennorm,1.7791481499018582,0.024047763044760057,0.6578405457214714,2.54921959229386,0.15539111944919165,0.8038854492159703
Guizhou Province,711,gennorm,1.7146778321230136,0.028043145644885713,0.6713636177722634,2.8425120560318926,0.156916235707135,0.8539374749176349
Guizhou Province,712,gennorm,1.9732449979602822,-0.021876787865984272,0.6817995885228478,2.4189770687559715,0.18385052707573793,0.7912827032445809
Guizhou Province,713,gennorm,2.0167236798980275,0.006718127280074164,0.7673995342759722,2.499390654953287,0.1684241948576679,0.7689264576167244
Guizhou Province,714,gennorm,1.5122393158464376,0.0397282850397645,0.6130982641826208,2.8147026996341507,0.16272164476906265,0.8424474277221097
Guizhou Province,715,gennorm,1.8303129261642765,0.05830713013288858,0.7080036413397228,2.658713784037287,0.15536540872201837,0.8126262861345419
Guizhou Province,716,gennorm,1.808967699427245,0.0001624665801570287,0.6702514209234594,2.3275679665592373,0.1821945308221169,0.7505949791051842
Guizhou Province,717,gennorm,1.806274170796422,0.015241129669175396,0.6832017503110239,2.8260500989551396,0.15841310019663624,0.8782223725210472
Guizhou Province,718,gennorm,1.6257857358758847,0.04009398252024182,0.6425142870450284,2.45381121184384,0.15704268752886014,0.7871707648618891
Guizhou Province,719,gennorm,1.814049278771415,0.025321489492334138,0.6604834500327665,2.637446614222471,0.15077754657800563,0.841727721279331
Guizhou Province,720,gennorm,1.9194798358522567,0.025189743984111453,0.6743633426603124,2.2441530851688043,0.16622262268804705,0.781719410811988
Guizhou Province,721,gennorm,1.7436450599783266,0.007595920603709316,0.6621976128042422,3.0874003241125862,0.18989376252897971,0.8506183121268754
Guizhou Province,722,gennorm,1.6093587921295405,0.013507241266721842,0.6444656563327428,2.659008848744403,0.10212532968341703,0.7928300406738988
Guizhou Province,723,gennorm,1.7680556614578191,0.026785457018280702,0.6467184589524106,2.2082501892127535,0.1595016324235653,0.7294785696498749
Guizhou Province,724,gennorm,1.7770814271483537,0.027833969858252743,0.7044657270671433,2.8001986489998645,0.1470081655491143,0.8619955750910543
Guizhou Province,725,gennorm,1.8819538328609058,0.01537971996995274,0.7196226683064311,2.5135242141045486,0.17650786178149774,0.7866993940297697
Guizhou Province,726,gennorm,1.7937687319177984,-0.02022081251709222,0.6643251772740002,2.068148459092499,0.17863326137920638,0.6914067919427724
Guizhou Province,727,gennorm,1.9199610774461204,0.024353537668991447,0.7156924699403475,2.4957217468788446,0.12648907134152063,0.8295510940438282
Guizhou Province,728,gennorm,2.1142565883815196,0.032102906009122814,0.7490847760615424,2.8663557794432037,0.13565676192310505,0.8353258827105698
Guizhou Province,729,gennorm,2.1337588920928288,0.06251385074810993,0.7470772497361436,2.7528964001944525,0.18106364854852125,0.7822106773493638
Guizhou Province,730,gennorm,2.028091454444813,-0.01314613482980001,0.72394891526251,1.9735890179346887,0.1650325844849406,0.6932030347776156
Guizhou Province,731,gennorm,1.7164741553880805,0.010040874500447843,0.6492731272979476,2.6636088162103064,0.17460270021304697,0.8108297990122404
Guizhou Province,732,gennorm,2.1175105609072045,0.026087390502709792,0.7709921683527716,2.715862875385182,0.14415285158299024,0.8616838671587483
Guizhou Province,733,gennorm,1.9306887294612438,0.0212757447986657,0.7167646065933126,2.280526163841935,0.18431502255056484,0.7499960462812341
Guizhou Province,734,gennorm,1.6117482553356686,0.004232828221645975,0.6183965068118779,1.927394123271898,0.15675657845631097,0.7250441109210104
Guizhou Province,735,gennorm,2.2019308288674644,-0.0025636162681424816,0.7303211399331198,2.3797226642532667,0.12060147327760809,0.7801620924367123
Guizhou Province,736,gennorm,1.8841973192267947,0.026535480111685703,0.6965523535550989,2.7142599363045905,0.15159232694669095,0.8396037902575623
Guizhou Province,737,gennorm,2.226023812908341,0.002844980273391167,0.7459232642600451,2.348454862529687,0.1598093058808212,0.7939916468183327
Guizhou Province,738,gennorm,1.8070455158645924,0.015557393853186541,0.6670757567838057,2.163286094911935,0.14228978322033928,0.7488658566920348
Guizhou Province,739,gennorm,1.925449114507972,0.034153748467428,0.6926168773943555,2.4194175955042647,0.14623849699403096,0.7972078886527585
Guizhou Province,740,gennorm,1.7302637120953774,0.006529178907965619,0.6743856384369539,2.6629206360816573,0.2004663121220448,0.7954493588861775
Guizhou Province,741,gennorm,1.7357537145199435,-0.013167608850482895,0.6503425735864949,2.5654894301555577,0.1921192886735532,0.796898330313571
Guizhou Province,742,gennorm,1.6900962238729327,-0.016007110411484685,0.6462008568642871,2.184344692497418,0.1708965466372585,0.7534490141504195
Guizhou Province,743,gennorm,1.9901008017507449,0.043282688251928415,0.7171859661223591,3.0202788013797166,0.1793778291993895,0.7986624397526254
Guizhou Province,744,gennorm,1.686609828129347,-0.0009091580088921675,0.6842850705342896,2.905025282035304,0.16796456430864667,0.8223230621000139
Guizhou Province,745,gennorm,1.7648938600789656,-0.0017040256324393755,0.6745809493790529,2.765598438758892,0.17436174275185423,0.8217739034391789
Guizhou Province,746,gennorm,1.7666927139729252,0.018079348481064773,0.6542021779537781,2.565517534319052,0.18472009619804816,0.8119559450200464
Guizhou Province,747,gennorm,1.7897099187999967,0.031689786298933306,0.6877016330749164,2.1592422627928247,0.13565522211610576,0.7328601093839207
Guizhou Province,748,gennorm,2.0699840146320536,0.011358691442845632,0.7503404293638655,2.200796193537023,0.1625414089773691,0.7378839873703809
Guizhou Province,749,gennorm,2.007758484752423,-0.019382457637079943,0.6928765793346613,2.3419837320415784,0.16948495003681624,0.7869396251145219
Guizhou Province,750,gennorm,1.8437555888273027,0.016062268643753392,0.7119374349696816,2.485250322557236,0.1483872784592578,0.8022237460471027
Guizhou Province,751,gennorm,1.9784108304086838,-0.03174685485085644,0.7558790635382262,2.205959932904965,0.15709730482546902,0.7510546709382375
Guizhou Province,752,gennorm,2.0302187692497373,0.018275747047246847,0.7396622939124697,2.5970779687133945,0.16100894361439724,0.794890061056085
Guizhou Province,753,gennorm,2.0390007755161648,0.009260848458667606,0.7037091472226547,2.095498446217726,0.1668404153157945,0.7396272004628062
Guizhou Province,754,gennorm,1.712558489171009,-0.00834716186499289,0.6485411010889504,2.6862329482341973,0.19066342551442167,0.7977671289131081
Guizhou Province,755,gennorm,1.7090596035550418,0.03337591085064123,0.6786571824167232,2.8017155046815905,0.15279185688374142,0.7934986681924707
Guizhou Province,756,gennorm,1.7093879489276496,0.019255405344263038,0.6761543851800557,2.5178496469018743,0.1415896378887299,0.7446329290927531
Guizhou Province,757,gennorm,1.7673071174744197,0.025839878647696796,0.6474774637245682,2.9490740742501202,0.21905547109039003,0.8384073817430351
Guizhou Province,758,gennorm,1.8706550973986062,0.0018886735065241295,0.6681595867631382,2.3258419256706233,0.1702234938875659,0.7957864971177114
Guizhou Province,759,gennorm,2.049398672643722,0.007661885708435725,0.7100822982685523,2.418003693573076,0.16079755073258484,0.796627732614828
Guizhou Province,760,gennorm,1.5491514567901201,-0.012685490977161228,0.6247320258377134,2.410550670159888,0.1653311809307207,0.7392571324833683
Guizhou Province,761,gennorm,1.7843147266693848,0.05182648113605774,0.6606317961939305,2.178152481729901,0.17461217667759807,0.7701659895859814
Guizhou Province,762,gennorm,1.7496646599540329,0.0077313826089321445,0.6578299128879894,2.3059174240748908,0.19070717346188643,0.7488049780517665
Guizhou Province,763,gennorm,2.300694845331411,0.023261660801593836,0.7523914838184527,2.6991919185370037,0.18193764920370004,0.794275275183476
Guizhou Province,764,gennorm,1.9092053315481592,0.008666918360140236,0.7054324686433058,2.1658660210066802,0.1910903009702552,0.74788963275619
Guizhou Province,765,gennorm,1.755399155799419,-0.01881421937127769,0.6696547994847986,2.341860598503458,0.14183434679065215,0.7626169516710661
Guizhou Province,766,gennorm,2.1383365702496855,0.025592369706281592,0.7336856368927809,2.7253066556388745,0.15530564162306343,0.8121419104617618
Guizhou Province,767,gennorm,1.8888606741299445,-0.003954388460865583,0.7134406714617023,2.755830489704553,0.15407715582705878,0.7962525732950181
Guizhou Province,768,gennorm,1.6650406401675024,0.03404096287853713,0.629556814501333,2.436382845758853,0.16313465305186253,0.826698730075597
Guizhou Province,769,gennorm,1.9455230012689348,0.07329551790980073,0.721122854670833,2.6307817439667374,0.16571976634523433,0.8265120079298178
Guizhou Province,770,gennorm,2.1682764467788784,0.015083290657733735,0.7335199492586386,2.615250789003956,0.15300473929235503,0.8427553023246805
Guizhou Province,771,gennorm,1.8951298760876651,-0.004513690360392043,0.7091768931513578,2.3265726592112346,0.16809447837400765,0.8178730447869087
Guizhou Province,772,gennorm,1.8348414278344252,0.04129329680959082,0.6892755256604912,2.030541011941307,0.17264464223410703,0.7267022825044009
Guizhou Province,773,gennorm,2.280307326068748,0.03899824897367507,0.7612444447056594,2.3178031117888516,0.1681880343862865,0.7492837328543579
Guizhou Province,774,gennorm,1.6511735379719936,-0.005871755556007957,0.6598236824212007,2.027418749243231,0.17933781121714398,0.6965088709111414
Guizhou Province,775,gennorm,1.867636353250407,0.06408618074602063,0.6757913519867353,2.1890184524801444,0.14499803806942457,0.7065932249424456
Guizhou Province,776,gennorm,1.8477490887477972,-0.008354748844459109,0.678336420459879,2.4564066125668895,0.13741956542634332,0.8127735876832636
Guizhou Province,777,gennorm,1.850085856130137,0.03226972753911446,0.6522805345332747,2.6205184037928175,0.17020265916790786,0.8275205532654101
Guizhou Province,778,gennorm,1.717648222592529,0.02283790275236928,0.6554665663392676,2.3789415973380006,0.12885297847268984,0.7673957680496684
Guizhou Province,779,gennorm,1.8374916955051346,0.027993966871228564,0.705804794424338,2.3685786780234785,0.1880364014126743,0.7818203332308776
Guizhou Province,780,gennorm,2.114045665746719,0.022146578003431484,0.7670391103128156,2.428063689875888,0.1358215570610442,0.7775140590415344
Guizhou Province,781,gennorm,1.9339487458939928,0.03271364059323473,0.6726939074420433,2.3858087518609405,0.1903910041734464,0.8028410169717789
Guizhou Province,782,gennorm,1.7677690549294383,0.024300602077491257,0.6884185932992903,2.3352312167823532,0.19774565464306867,0.7652965545055768
Guizhou Province,783,gennorm,1.929588846026511,0.008523634640113594,0.6729671222643097,2.5940286853962573,0.16457499435766398,0.8357665600365984
Guizhou Province,784,gennorm,1.756124576957793,0.02858521773906508,0.6448720172258124,2.4631144620186407,0.14881674949273732,0.7958162888664505
Guizhou Province,785,gennorm,1.6666346945241728,0.0011285224353008595,0.6342593928594926,3.171120556986483,0.1540362194386259,0.8167432289692652
Guizhou Province,786,gennorm,1.9425313639373516,0.02439785063897151,0.7194243505630528,2.6362003546301453,0.1588440945579777,0.8499806503766214
Guizhou Province,787,gennorm,1.7723902084905445,-0.0034684015747253267,0.6894832901043482,2.2921365804368783,0.1947437695759202,0.7854721192331375
Guizhou Province,788,gennorm,1.7531393250363752,-0.00062021455267325,0.6844572036936225,2.6792701544099424,0.16362123605478424,0.8182298874686025
Guizhou Province,789,gennorm,1.9911793563105404,-0.010767347542007494,0.7279079868793983,2.6399891386847383,0.19333037457690283,0.7751805529784723
Guizhou Province,790,gennorm,1.875628533440447,0.03099530090525357,0.6830138627474914,2.662301424101021,0.1407744169556302,0.8311697078561975
Guizhou Province,791,gennorm,1.8605347522897953,0.009301453604313982,0.7039856022154811,2.848379698698804,0.13079430476094628,0.7914699961480203
Guizhou Province,792,gennorm,1.9337551833750326,-0.009556697919486783,0.7157769088629213,2.671902488135345,0.15718818207471835,0.8109647232229971
Guizhou Province,793,gennorm,1.8457328324797233,0.046099111529262826,0.7429423274842477,2.4351177627957856,0.16176598727991234,0.7861058237913683
Guizhou Province,794,gennorm,1.706355154349069,-0.0011436516000792555,0.6595764922816358,3.019006703351428,0.15412104949654326,0.7877719410959503
Guizhou Province,795,gennorm,1.7464178761924833,0.045578540448390936,0.67711412324469,2.241612390928558,0.11593558917408674,0.7563493046630296
Guizhou Province,796,gennorm,1.9015338824411787,0.04204213128069735,0.6960175732010083,2.4704020742681823,0.18414685107302672,0.7964103201899886
Guizhou Province,797,gennorm,1.8436486797750353,-0.003522109693648844,0.6884477887076419,2.1900748351816324,0.1502964452773372,0.7806724432857097
Guizhou Province,798,gennorm,2.1456887236901103,0.03658449834167675,0.7305046618483899,2.30291498364217,0.16930922488903385,0.7566380909147108
Guizhou Province,799,gennorm,1.9216592197635676,-0.01627837380007944,0.7328670965112996,2.5412246330392625,0.13389603162806235,0.8136519908861368
Guizhou Province,800,gennorm,1.7354187032017898,0.023547045719335757,0.6647298633659249,2.0281985819496633,0.18119169119514456,0.716651594732639
Guizhou Province,801,gennorm,2.015087645376729,0.037775004992420154,0.747373583057509,2.3515913531794066,0.17149861695043303,0.7583993166989665
Guizhou Province,802,gennorm,1.9078596373300494,0.015299065064317673,0.7021640430350646,2.3690823784422514,0.16937542726929178,0.7614187333825895
Guizhou Province,803,gennorm,1.7706711105911463,0.004401917146082533,0.6676989444043144,2.5666719937163363,0.18079045331673263,0.7985239337832928
Guizhou Province,804,gennorm,2.336642060038196,0.004525849605779736,0.7525673424386725,2.339317824349223,0.17067696746967523,0.7802560636181122
Guizhou Province,805,gennorm,2.051652666914409,0.004770075315702883,0.7306237138112293,1.8660363403437334,0.17826653014304356,0.6612335455567646
Guizhou Province,806,gennorm,1.9521681472376837,0.008587450239247242,0.7374395042490847,1.9343592702398946,0.16691791442164522,0.691342831950255
Guizhou Province,807,gennorm,2.1056232714005008,0.029989315551142936,0.7424035793256243,2.521247706693993,0.16333077520721567,0.8071873412985229
Guizhou Province,808,gennorm,1.7728096023578406,0.059604155155938685,0.7165561510751245,1.9089876191496664,0.14643821844185348,0.6772722193301552
Guizhou Province,809,gennorm,2.093825924778601,0.017532941777550784,0.7127079683315993,2.450993328126276,0.1492880041671259,0.8132990930112642
Guizhou Province,810,gennorm,2.1185481047282466,0.0641346089260279,0.765014362819721,2.342479205361925,0.16665892175549266,0.7702985930203482
Guizhou Province,811,gennorm,1.6121657545899457,-0.019816242134597907,0.6428391384545942,2.201397008407776,0.1516480735436463,0.7498316350993879
Guizhou Province,812,gennorm,1.8646306895906204,0.035579230242256565,0.668965042698255,2.800468162713239,0.14137081968700685,0.7883770013699649
Guizhou Province,813,gennorm,1.4998934186116235,0.03182933787001614,0.6126676369552436,2.737766264504411,0.20792141576949477,0.7994907321280287
Guizhou Province,814,gennorm,1.8653989579465544,0.014646601958511815,0.6648958141453163,2.033764343639376,0.15255696640687122,0.7175566721387572
Guizhou Province,815,gennorm,1.8283000758147483,0.01759274372715247,0.6915522646467648,2.8815537127274835,0.13630040514925182,0.8202121253263723
Guizhou Province,816,gennorm,2.007513044114492,0.031196717266097233,0.7231396642551042,2.54120695896166,0.13017031486338332,0.7761579591070613
Guizhou Province,817,gennorm,1.7986889865237052,0.0456947239415607,0.6758463833937519,2.687529571427726,0.12494794744123616,0.8150332550230426
Guizhou Province,818,gennorm,1.6200992656308006,0.028249269932927965,0.6124283351353808,2.543257077009174,0.13620080976393428,0.7861408725334493
Guizhou Province,819,gennorm,1.9638329176220117,0.036148993997139986,0.7139898059531685,2.3615475282365126,0.12384023874410467,0.7594519988776416
Guizhou Province,820,gennorm,1.8355218839991685,-0.008801090369893554,0.6943622253793411,2.179557051611964,0.1412820630352603,0.7766709388616069
Guizhou Province,821,gennorm,1.6359397082347127,0.01298031419033441,0.5947332292003338,2.250101436323174,0.12757754567066742,0.7500109986068102
Guizhou Province,822,gennorm,1.7365958539841242,0.03238822689611147,0.6921330898412058,2.1205257098228767,0.13392205461803458,0.7602113215592677
Guizhou Province,823,gennorm,2.0657147788031756,0.014259306300596252,0.7526002844828683,2.285292738277737,0.15038199180721998,0.7325515550756745
Guizhou Province,824,gennorm,1.790068708067464,0.012062907908473,0.6776263422526341,2.420762738764383,0.15258504590267874,0.754961658825435
Guizhou Province,825,gennorm,1.6410380878071884,-0.004761599202640925,0.6413416296529026,2.705312368065991,0.144109286229123,0.8522857772837986
Guizhou Province,826,gennorm,1.815228151453989,0.03233651677954409,0.654011172644803,2.1038019918864324,0.18837445564243052,0.7485554338215437
Guizhou Province,827,gennorm,1.9641234472917861,0.020586149730805314,0.715050010072613,2.007799941006275,0.19448580513853023,0.7160330306066766
Guizhou Province,828,gennorm,1.8639033871294288,0.0505410100741243,0.67506409873089,2.7255318638789743,0.1379499922070052,0.8467701830996763
Guizhou Province,829,gennorm,1.369493719379286,0.04383727779533995,0.538377588141731,2.3761130390896437,0.16655222694284602,0.7530288765168178
Guizhou Province,830,gennorm,1.8454048111250292,-0.0010814913268746987,0.6645979331817836,2.6417035779269575,0.1806242292689486,0.7681708120242765
Guizhou Province,831,gennorm,1.7813226673634175,3.446308327346425e-06,0.7129659584071184,2.4731079034983234,0.15770631121881212,0.7986421082129869
Guizhou Province,832,gennorm,1.8717328797032222,-0.004398896226813942,0.707698361245509,2.4882201114471956,0.1330313174887442,0.8001683290931875
Guizhou Province,833,gennorm,1.6093246604309632,0.027763300688330377,0.6391350348081648,2.25143542338653,0.14983741460712274,0.7425775981165648
Guizhou Province,834,gennorm,1.6032530737248867,0.011709605887486183,0.6117146264965903,2.2713763487470517,0.1678936952285638,0.7321189807414634
Guizhou Province,835,gennorm,1.5429360556933056,0.015212196911684506,0.606979822872374,2.4319851586114387,0.14887020747594634,0.7587578603697374
Guizhou Province,836,gennorm,1.7656292146533148,0.004505645125540713,0.6604355619929188,2.186813533743125,0.12225417109334209,0.7579379376225222
Guizhou Province,837,gennorm,1.8633035828777031,0.0196976202779397,0.6722231963241332,2.493535384362274,0.20416784537409938,0.8377043805253277
Guizhou Province,838,gennorm,1.9843874905146528,0.017349489810109843,0.7647623995007179,2.756136739448614,0.1691745570845682,0.8008556334787189
Guizhou Province,839,gennorm,1.8781867320154721,0.014935200282240305,0.6940522867841157,2.461874824306207,0.1412599836555426,0.8098656327624452
Guizhou Province,840,gennorm,1.789514229083534,0.021496811702061098,0.6737935786510946,2.2835731183193104,0.15639908420481963,0.7707912573726166
Guizhou Province,841,gennorm,1.6830498272446937,0.015838327377235603,0.6115892113964413,3.9817600637070694,0.18647621378242185,0.9131605460832088
Guizhou Province,842,gennorm,1.6092852315191293,0.005239522066548321,0.619181569974927,2.3557829127832477,0.1782413816676373,0.7641811745502668
Guizhou Province,843,gennorm,1.8257003018995737,0.014165540794558156,0.6910035151422393,2.270510633155736,0.1879240802759482,0.7603729039993095
Guizhou Province,844,gennorm,1.712516118052851,0.03585661261852159,0.6499733078670313,2.558256155688997,0.1656847394538954,0.7851803032807783
Guizhou Province,845,gennorm,1.772407004638406,0.031108385605393467,0.686419515804018,1.9989783708670665,0.10245036416801119,0.7164539422817213
Guizhou Province,846,gennorm,1.9091287221053568,0.021135102533546113,0.7026282362766767,2.475039223227192,0.1729460474202255,0.7626221831667803
Guizhou Province,847,gennorm,1.5886512235859462,0.0019097158427011061,0.5898443298797995,2.352643902912013,0.18076772190413037,0.7730782588466683
Guizhou Province,848,gennorm,1.8785030928961963,0.006049859334819303,0.6994535964464708,2.7808694656051527,0.14569313381643983,0.8159177071246837
Guizhou Province,849,gennorm,1.7623994720297018,0.05220254825394548,0.6646327512008543,2.3669322459415607,0.16837165401951004,0.814326292675986
Guizhou Province,850,gennorm,1.9058705501767865,0.018045582782692665,0.707577606750216,2.7285684458727815,0.15496913817663402,0.8107249347476937
Guizhou Province,851,gennorm,1.7262802161597413,-0.011797691554983818,0.610087693106818,2.5182251882353475,0.13949234859108245,0.7976631770332425
Guizhou Province,852,gennorm,1.9971944202970544,0.03927034041294235,0.7222455781322783,2.3019932344663996,0.16868748444237996,0.7956561989090544
Guizhou Province,853,gennorm,2.071462715100853,0.021982408051168374,0.7557020257171911,2.683668562016691,0.19090921756171408,0.8123889495719804
Guizhou Province,854,gennorm,1.8811313024232632,0.0416631087877327,0.7205857248949776,2.961879644520942,0.1895331447671075,0.8505452117282493
Guizhou Province,855,gennorm,1.9082718204999458,-0.010861110587551827,0.7247574357196676,2.496971358176335,0.17533681984120697,0.7664783609834527
Guizhou Province,856,gennorm,1.5736475244886057,0.01963411655132869,0.6197609497915157,2.8720540589463086,0.18625978437848575,0.8288041214867272
Guizhou Province,857,gennorm,1.97638399864032,0.028266580321020078,0.7031781959412868,2.6309586353053698,0.16979929324725557,0.821094456411262
Guizhou Province,858,gennorm,2.1381562146974726,0.008917375777632828,0.7386010715125664,2.554175538774887,0.14611060785720448,0.8380724261420929
Guizhou Province,859,gennorm,1.968821568550517,0.04977579680525278,0.7359754291345367,2.7492405347177895,0.16363361126279205,0.8203983893350507
Guizhou Province,860,gennorm,1.937982900987898,0.02546502685919851,0.6674526499521884,1.9487038418196172,0.16099546036606938,0.7170517148209792
Guizhou Province,861,gennorm,2.065548829144099,0.051373225058259045,0.7064310996147924,2.3137623344961384,0.14536701289696896,0.7594491035439858
Guizhou Province,862,gennorm,1.723312448650041,0.020079859518073992,0.648744003476827,2.6857987126264216,0.16640071816378016,0.8144517855487405
Guizhou Province,863,gennorm,1.9217328529891529,0.013196992255252626,0.6372618718931793,2.5150470453408094,0.18693944126911458,0.7961247463645089
Guizhou Province,864,gennorm,1.5844470747002464,0.029053753340090832,0.6128911987506633,2.418489857950534,0.15713964135623826,0.7337870597728273
Guizhou Province,865,gennorm,1.8584514318267882,-0.01211624006021598,0.7118021567873443,2.437204092881406,0.11551824950769704,0.7694468141406972
Guizhou Province,866,gennorm,1.8983381000350534,-0.015238446701762772,0.6867877172763183,2.457094704257723,0.20940191358649618,0.7915449120399549
Guizhou Province,867,gennorm,2.052505435145427,0.008416694497588733,0.7067036627900356,2.520726140506852,0.13686081742422568,0.7910481630082085
Guizhou Province,868,gennorm,1.9258647966847922,0.038378146133334866,0.7340133584931647,2.5523068501578243,0.16981291759761594,0.7645685151753091
Guizhou Province,869,gennorm,1.7075532306159187,-0.018125568744991813,0.6408153861112589,2.1767721087851806,0.15274057399325192,0.7567374285336432
Guizhou Province,870,gennorm,1.6815983297702943,0.014989508610280096,0.6915011636428108,2.6295542360414452,0.16789675547574884,0.8304032947009842
Guizhou Province,871,gennorm,1.4996171272660972,0.039213314075084243,0.5774774696500138,2.570474720395625,0.15614687684517659,0.8226570761907676
Guizhou Province,872,gennorm,1.7432079998224461,0.05363589251091436,0.6389541536899386,2.5510003611124614,0.18068910099203972,0.7489485756415173
Guizhou Province,873,gennorm,1.7533981606941973,0.02030693217391408,0.6915267003893599,2.4702428793442417,0.1113108098644994,0.733391945144921
Guizhou Province,874,gennorm,1.7968231657051439,-0.006037714548735215,0.7049088735105582,2.8671484871814217,0.14321416743406057,0.8314494106448056
Guizhou Province,875,gennorm,1.719511929315125,0.023087309633536023,0.6423152244562851,2.5915122679123384,0.14079955353879214,0.7791364109004418
Guizhou Province,876,gennorm,1.6996249819277378,0.01654090758788355,0.6718091018386994,2.231651379943094,0.1771901495022819,0.7477888516414235
Guizhou Province,877,gennorm,2.0113430901762075,0.01889831738640851,0.6750617800574801,2.874424624461727,0.16265077795381974,0.8351873508191487
Guizhou Province,878,gennorm,1.7615495656518605,0.015104283018373138,0.6826309598682696,2.571659327063577,0.16715863517351598,0.7888573889281052
Guizhou Province,879,gennorm,1.8621637919659322,0.017683924962848756,0.6660257610063232,2.3419615009718644,0.12667454107719162,0.7817639603345714
Guizhou Province,880,gennorm,1.9697540842554773,0.0011252190481820794,0.7188855967013775,2.88535670438116,0.12464226421592581,0.8185158002472566
Guizhou Province,881,gennorm,1.636275499311708,0.027601746352312738,0.6608496253817489,2.6418429125104907,0.1673414282997513,0.82871583134674
Guizhou Province,882,gennorm,1.7139130248465608,0.054979260011307735,0.6665119865757837,2.4652998127379737,0.14340137110768575,0.7805992558619965
Guizhou Province,883,gennorm,1.7450556484241346,0.07331064553415295,0.6719697640954335,2.139847179465461,0.1497054934518097,0.7547931049412535
Guizhou Province,884,gennorm,1.6758794239490749,0.052325435049807224,0.6390024047047574,2.421331542629961,0.16857318584399728,0.8119104465915137
Guizhou Province,885,gennorm,2.3098806275069954,0.02137441403914412,0.7864467086629323,2.1446399909195106,0.10080176669401916,0.7512154551639298
Guizhou Province,886,gennorm,1.6732408848992322,-0.0011223119016479316,0.6285480968099186,2.469694203333354,0.17048621513969672,0.7468822684571524
Guizhou Province,887,gennorm,2.0996772266949657,0.008697174453066331,0.7435477800007018,2.804096028656139,0.14171401054399213,0.8472962508043484
Guizhou Province,888,gennorm,1.9507229351884625,0.014006741633222373,0.6903497354047616,2.211793972284088,0.16941183572198876,0.7756072971741448
Guizhou Province,889,gennorm,2.01976327695926,0.031494144248198255,0.7546874175128224,2.35800572880317,0.18934156014366618,0.7715425782453222
Guizhou Province,890,gennorm,1.7586084499604344,0.008780983454621347,0.6993479733338384,2.3929886009231254,0.16945816102566552,0.7744512733353075
Guizhou Province,891,gennorm,1.800332246100466,0.026287703667458157,0.6777006522050922,2.196588779086003,0.21227792101470672,0.7877358923767304
Guizhou Province,892,gennorm,1.7893219053712814,0.0551983011230794,0.668697614426951,2.572485813301644,0.14213385754594204,0.7656666392522746
Guizhou Province,893,gennorm,1.8460810866330393,0.009871437407332794,0.6602877596658051,2.4657645194578084,0.12281460129320193,0.7861285342053634
Guizhou Province,894,gennorm,1.8808059394584196,0.018421630278826994,0.7000565940643468,2.981386596008658,0.13280237570372289,0.8165966213914349
Guizhou Province,895,gennorm,1.9857354835413044,0.03539522255145486,0.7190311414323993,2.4245397011738143,0.19606731840576563,0.7837131171893976
Guizhou Province,896,gennorm,1.8383595825622643,0.043666037745845064,0.7411172371996688,2.239710459361402,0.16294840781027653,0.7626638354970166
Guizhou Province,897,gennorm,2.156696075160275,0.017524818613013998,0.7585179956291046,2.978913725438387,0.15078951145557445,0.8464814085859731
Guizhou Province,898,gennorm,2.0645635109531604,-0.01128008014258033,0.7042483996385157,2.729258535680136,0.13894115753088443,0.8761913781468862
Guizhou Province,899,gennorm,1.890059998410632,0.021819804424428137,0.6732449826723772,2.2230501039757735,0.1761801811509498,0.7419744925900732
Guizhou Province,900,gennorm,2.133049412327417,0.0441098177991592,0.7351403044751181,2.726113332615701,0.21340976223935998,0.8027889497329839
Guizhou Province,901,gennorm,1.9853400084043362,0.008362889504308104,0.6943118117918163,2.1528833583855524,0.13602373792662742,0.74061652091221
Guizhou Province,902,gennorm,1.7326104296112925,0.02702945997925972,0.6404055890213173,2.5082008954230806,0.196577219523139,0.7846313587085161
Guizhou Province,903,gennorm,1.7758446129884506,0.06632188659040938,0.6338681895318276,2.6664744762463197,0.17749381881145537,0.8301305987461429
Guizhou Province,904,gennorm,2.177485100241421,0.02663441325759697,0.7516071431611115,2.6107411851028717,0.16491714801800345,0.8182198169383762
Guizhou Province,905,gennorm,1.801442246140962,0.022392174291701844,0.6927176951387746,3.007046032991784,0.14747524754155636,0.85848404278122
Guizhou Province,906,gennorm,2.059479292610344,0.04902303306711047,0.6970888113580661,2.245490850048335,0.18326024020366125,0.7476056096988715
Guizhou Province,907,gennorm,1.6810847993287696,0.02009149834300452,0.6134899571394115,2.268411904407695,0.15766637215788562,0.7548162671435623
Guizhou Province,908,gennorm,1.8829471756034142,0.028256985113398834,0.6547757244160426,2.648069641138309,0.185296349128928,0.7936529842680192
Guizhou Province,909,gennorm,1.648386368460592,0.014437392342705285,0.6552225922509086,2.5256490833348395,0.12895740194384925,0.844032482736395
Guizhou Province,910,gennorm,1.8617148767531468,-0.011934668528497162,0.6980371843732585,2.3135974911594674,0.1667642733168052,0.7848781726581388
Guizhou Province,911,gennorm,2.119588802498857,0.037847227516237425,0.7518515954761207,2.9749389888796376,0.1458635459552865,0.7930620864104989
Guizhou Province,912,gennorm,1.6335116591765328,0.005640292057296341,0.6302751849138009,2.581325263909225,0.17147436582099762,0.788528753783717
Guizhou Province,913,gennorm,2.00824442028266,0.03391734928099813,0.7703749446527506,2.633737427263646,0.17646231238747573,0.7864253887147602
Guizhou Province,914,gennorm,1.9527463118023847,0.031478326179778277,0.7268400468504964,2.4467969279045523,0.1405349443516985,0.7971299499010069
Guizhou Province,915,gennorm,1.9745986596869527,0.037105564929177125,0.6897931406398672,3.124285910096469,0.18056898782933067,0.8775091704103235
Guizhou Province,916,gennorm,1.8903564930328742,0.03544273889114706,0.6944352098470785,2.3444419973833384,0.1528648112528821,0.7964444067051528
Guizhou Province,917,gennorm,1.8203122546390431,0.020353280618722994,0.713122834925416,2.3385070462698425,0.15701186534138728,0.7419715210250548
Guizhou Province,918,gennorm,1.8647930962961792,-0.017738775497944004,0.6784898850019753,2.608641870796327,0.16781780827059403,0.8393066009467769
Guizhou Province,919,gennorm,1.5541764904951798,-0.02641620822164087,0.6050798003372486,2.6008210541009342,0.17768862419257553,0.8361538486265131
Guizhou Province,920,gennorm,1.565811100987343,0.018485093851983433,0.6055218112040077,2.2137040916769175,0.18244113466185177,0.7623387915263474
Guizhou Province,921,gennorm,1.8388359000169696,0.04578622009278076,0.6978968544199803,2.3719472732755302,0.1636524446317425,0.7603315827352113
Guizhou Province,922,gennorm,1.955967503907051,0.008151149591340771,0.7247094115849133,2.172245823400303,0.17687534122259996,0.7661170815093037
Guizhou Province,923,gennorm,2.077022799469216,0.0022412278994501894,0.7520410608005876,2.3501308662377047,0.15070262805970036,0.7173486609042299
Guizhou Province,924,gennorm,1.8877906026119367,-0.016216898195795318,0.6852337019009569,2.7364951223270846,0.15635925014488222,0.791589579194101
Guizhou Province,925,gennorm,1.717353751839848,-0.00245865900845717,0.6484235429283094,2.894439061643154,0.12023556190709782,0.8543029545503292
Guizhou Province,926,gennorm,1.895658667024852,-0.019396468602245694,0.7033906264618155,2.1220698496581045,0.15488110860436838,0.7348133987425425
Guizhou Province,927,gennorm,1.877924774764457,0.01313381228971447,0.676971693551008,2.27495403936725,0.1284864681442145,0.7847155271342416
Guizhou Province,928,gennorm,1.7523789295768686,0.018193308253105604,0.6647756504827873,2.5945647537070116,0.1762626028265809,0.7672879473540655
Guizhou Province,929,gennorm,2.02806703074475,0.02443287091736611,0.7208460074726482,2.269531035507688,0.2075847247090955,0.7834096938833517
Guizhou Province,930,gennorm,1.6836872437556019,0.01519051081309265,0.6095158114416939,2.205569686869419,0.13388296275399914,0.7802015409784981
Guizhou Province,931,gennorm,1.9597098536084574,0.014074008845586957,0.6873024487032893,1.9263286112499822,0.15603771671987418,0.6554822829806658
Guizhou Province,932,gennorm,2.2341033179851175,0.017304343950348973,0.7594280489367671,2.218831547876354,0.14887690819239655,0.7458015031080265
Guizhou Province,933,gennorm,1.6124022633743058,-0.01543358353477058,0.6089115405082699,2.337876987289008,0.14806960698544105,0.7674400964994599
Guizhou Province,934,gennorm,1.903297530004739,0.014786748566479388,0.7060243365758538,2.296854576987517,0.1365796265920038,0.756718274000421
Guizhou Province,935,gennorm,1.8986804923081455,0.04500028558561098,0.6500142484793726,2.1612078943257034,0.157107823600486,0.7258069728585017
Guizhou Province,936,gennorm,2.0683612551818045,0.04039997256829868,0.7112658937223999,2.163678321012773,0.20601005671309272,0.7554580142852863
Guizhou Province,937,gennorm,1.774778819520376,0.010846187417379959,0.6686020157704624,2.4870386846118193,0.14765675543958529,0.8119769650686647
Guizhou Province,938,gennorm,1.7365905515789386,0.017409174910698093,0.6604765587254626,2.763312204173948,0.15302398413660617,0.8171250333287604
Guizhou Province,939,gennorm,1.8045457416637105,-0.01695179440190181,0.6513533255445652,2.5216953655193493,0.1816840636253844,0.7950779691674603
Guizhou Province,940,gennorm,1.904314298202376,0.030729796151955285,0.6998707604667158,2.5699558890747465,0.15194230938363115,0.8066952359700984
Guizhou Province,941,gennorm,1.6872293684198467,-0.013224058532596141,0.6716863584463078,4.001583254974682,0.18309533942355413,0.8683243322042942
Guizhou Province,942,gennorm,1.6237209538124557,0.03273908976699674,0.6231976389463999,2.1932256500572738,0.1286905624971398,0.7782807548353303
Guizhou Province,943,gennorm,1.7629540126686452,0.03373453075954584,0.6399264125792323,2.3838685928754404,0.1639747816804354,0.7646808975157029
Guizhou Province,944,gennorm,2.143167681164362,0.03421056339867956,0.7361015175365488,2.6438732105374223,0.18648887695447008,0.8090775661140043
Guizhou Province,945,gennorm,1.9308391058215293,0.026740355082140066,0.6974579811196132,2.1783015360826115,0.16649671505707836,0.7150910996915035
Guizhou Province,946,gennorm,1.930161290351021,0.0365617993099473,0.6813927988620578,2.0220399313133877,0.16395446916792805,0.7340547827998085
Guizhou Province,947,gennorm,1.7903260964038312,0.009035214102747848,0.6579156627629794,2.959534289986496,0.16243452056376412,0.8766369399574989
Guizhou Province,948,gennorm,1.9647050071214345,0.02967620563758909,0.7456247966173015,2.4359002607564952,0.14169004857900655,0.7879080770002511
Guizhou Province,949,gennorm,1.8369997081214537,0.021646629506663753,0.6636656041777803,2.62210739536995,0.1777574462102426,0.8191848313237696
Guizhou Province,950,gennorm,1.8484329509869926,0.0065009564324356815,0.6721231954747204,2.197391624018408,0.16862904089635555,0.755117895857077
Guizhou Province,951,gennorm,1.8932866201994871,0.06186260573627102,0.7049806042613274,2.2161065953780947,0.13847449519387894,0.7812424987121164
Guizhou Province,952,gennorm,1.7720953177296659,0.03540956261063043,0.7045018804714535,2.704729337335144,0.1664168695057347,0.7988010674039658
Guizhou Province,953,gennorm,1.8928314000878625,-0.02896795145748131,0.6460109406379552,2.419588818787715,0.1728559475871419,0.8136543516059223
Guizhou Province,954,gennorm,1.7842595924722877,0.02407121788565983,0.7071471741814315,2.9477141818485135,0.16380405339365714,0.845064660723456
Guizhou Province,955,gennorm,1.7712510684439597,-0.02537994657892953,0.6914462313382975,2.761501464712078,0.13974488849033037,0.7977767281744412
Guizhou Province,956,gennorm,2.164860235094742,0.027606338394904936,0.7571548329015625,2.425311405922222,0.164311936908203,0.7596340711729863
Guizhou Province,957,gennorm,2.030113860695857,-0.01266478797457464,0.7205820194748747,2.4247334419701145,0.16751306502514673,0.81364219443031
Guizhou Province,958,gennorm,1.8937062135790095,-0.013687691084213272,0.6766833574548086,2.497947249912436,0.2019914401342636,0.8281444829374895
Guizhou Province,959,gennorm,2.2621274054456935,0.02971698820570031,0.7268992449140073,2.730487448839752,0.16782271015378328,0.8139463032221185
Guizhou Province,960,gennorm,1.6208495872779665,0.04837210199521464,0.6334491587497952,1.9380479946252318,0.18469033716766903,0.7077403925384397
Guizhou Province,961,gennorm,1.6441377792086254,0.010815395659642922,0.6377390563097647,1.9639219851466263,0.18182523336055095,0.6832079465099694
Guizhou Province,962,gennorm,2.135842819947576,0.0020259868938432212,0.7339401121635589,2.4735641039070178,0.21177894468707598,0.8237711918498634
Guizhou Province,963,gennorm,1.74254607829012,0.05225492988805939,0.6633046238882077,2.5898605538411825,0.14534545102727398,0.7964466384186748
Guizhou Province,964,gennorm,1.7821079926771852,-0.009886673280569292,0.6910919244177199,2.666925502829268,0.10531346214787088,0.8010170510965002
Guizhou Province,965,gennorm,2.032101041298783,0.03824114453775651,0.7294009607642591,2.073300938652148,0.1752215391966959,0.771185841450517
Guizhou Province,966,gennorm,1.813979771157692,0.00016484769407681976,0.6587035227741511,2.160140575462658,0.1507057310228925,0.7500807570496453
Guizhou Province,967,gennorm,2.0164760234471277,-0.016693286169772836,0.7355154390292673,2.8029153632954014,0.17665296885340107,0.8034048968448226
Guizhou Province,968,gennorm,1.6953226906168868,0.0432818797046431,0.6528141542112349,3.255537626972316,0.13823034846548077,0.8493620874716911
Guizhou Province,969,gennorm,2.0631900495186306,0.0271371101902675,0.7495812318278801,2.770450406587715,0.12399142852621421,0.8576905967885065
Guizhou Province,970,gennorm,1.7376637797180092,0.02318911556268741,0.661154557684659,2.097851060760107,0.14212776055807913,0.719992177582131
Guizhou Province,971,gennorm,1.676487148133778,0.02486480077766337,0.6823795787617091,2.2130757918217188,0.1810845683303256,0.7642074370642264
Guizhou Province,972,gennorm,1.5608260700483245,0.0371144087297298,0.6137687025886318,2.530496838923656,0.17556899880701965,0.8017184527476842
Guizhou Province,973,gennorm,1.9034567533425903,-0.011251228706328133,0.720841363297023,2.287062659948863,0.17304018603303742,0.7845844159377018
Guizhou Province,974,gennorm,1.795699252049729,0.02182860563086087,0.6716855707126197,2.1299747527728963,0.15954895012534437,0.7174892086842869
Guizhou Province,975,gennorm,1.6121268964012687,-0.00504793862989182,0.6675568111203884,2.414956523261867,0.1408545077371657,0.7981158049209414
Guizhou Province,976,gennorm,1.934821019215203,-0.006665095117800271,0.7008923521619261,3.08359061865345,0.14625719079546062,0.8709223432814559
Guizhou Province,977,gennorm,1.6899444545611388,0.034997642693035916,0.6489635166786589,2.774475169760012,0.15625565342165498,0.8534743886952768
Guizhou Province,978,gennorm,1.70994185503783,0.0635965308256615,0.7048257833579719,2.3779844070808207,0.1730224946362054,0.7852515391069737
Guizhou Province,979,gennorm,1.8493054091672292,0.017382152589949434,0.6991410343153512,2.8950745088657497,0.18995381275366785,0.8193321491739582
Guizhou Province,980,gennorm,1.6495826057670557,0.004550509683195805,0.6456778969025954,2.3970813523462753,0.18350453116751797,0.8055877873802062
Guizhou Province,981,gennorm,2.151107446563457,0.018984918793629884,0.734016276094148,2.3558539843344137,0.17923085210308456,0.7586976182154073
Guizhou Province,982,gennorm,1.8350960155363039,0.021744084846194923,0.6926589430749963,2.6280358549202933,0.16568284713611842,0.8137365724717591
Guizhou Province,983,gennorm,1.8967311657374852,0.006954541444436463,0.6870107257852318,2.511004246719713,0.15795034619888765,0.8129428507866847
Guizhou Province,984,gennorm,2.1245189285998327,0.021966292574481835,0.7158405473900161,2.7015656278694227,0.18013034276761863,0.8010591237423983
Guizhou Province,985,gennorm,1.9589974165114208,-0.017496729557959827,0.7205571775177236,2.2192745907358304,0.12715094369960117,0.7428587751984803
Guizhou Province,986,gennorm,1.7405444512505086,0.03332212554529329,0.6495326678262401,2.6234861833561602,0.17454537495884487,0.8321471017999819
Guizhou Province,987,gennorm,1.8342086183284485,0.0075536189922097985,0.6874523570016187,2.647626407895176,0.15660046842393588,0.8313641604406602
Guizhou Province,988,gennorm,1.7541045686810781,0.02770658480589773,0.6853860743064087,2.845549952170546,0.18774581991040673,0.8693632287431472
Guizhou Province,989,gennorm,1.9577470754645967,0.01119328803472853,0.7521090277329687,2.158346283910804,0.16692632884482816,0.7096899969205556
Guizhou Province,990,gennorm,1.9234998373834786,-0.005990238560374408,0.7293366158865393,2.27270008606401,0.1356686115807636,0.7656821469728381
Guizhou Province,991,gennorm,2.0646091568672222,0.03494026324754894,0.7273879112502388,2.2169795667398797,0.15889443924436386,0.7491523052159527
Guizhou Province,992,gennorm,1.8281852686973035,0.03673537381574409,0.7241620896395808,2.2888263765912757,0.19009266469925168,0.7708893404262585
Guizhou Province,993,gennorm,1.7201692911992794,0.03044928216726004,0.6761341204512312,2.5859063583841326,0.14854488047284053,0.7496641773249301
Guizhou Province,994,gennorm,2.0617775560669096,0.05718067532145847,0.7273491749241106,2.1583375967441807,0.11719457080240961,0.7911223859613028
Guizhou Province,995,gennorm,1.9463048431184236,0.01948647105108809,0.6993942889816465,2.014923170808742,0.15736788346523783,0.7066580082374203
Guizhou Province,996,gennorm,1.9093484391799713,0.06907685785593609,0.6914971533908243,2.6122490555784834,0.1405106121902669,0.7856855519844486
Guizhou Province,997,gennorm,1.725830214609617,0.020401649986566815,0.653215668615879,2.2019204080186894,0.1562005794083937,0.7324023562822286
Guizhou Province,998,gennorm,1.7830081020932247,0.012399420492858321,0.696341178007011,2.286984332926537,0.1804802620508727,0.7822780875049489
Guizhou Province,999,gennorm,1.9752215779343039,0.035911533897384725,0.7627702437742395,2.6802367139919023,0.15771563007160333,0.8197126542119728
Chongqing Municipality,0,gennorm,1.895375296179337,-0.05789651786882305,0.7443964287722844,1.7773283560533177,0.016354511551156248,0.8187568580328985
Chongqing Municipality,1,gennorm,1.7321398568356792,-0.09767925201311103,0.7125247827214145,2.3079846560943578,0.010094800797097282,0.8488305942543694
Chongqing Municipality,2,gennorm,1.74966954398224,-0.0583280780145152,0.8002161213640886,2.053171834190711,0.01731561794820738,0.80434077307735
Chongqing Municipality,3,gennorm,1.957777417948206,-0.09018400296031831,0.8142089472636005,2.3011219995306256,-0.01026290384159626,0.865785699497829
Chongqing Municipality,4,gennorm,1.7291105066760446,-0.06710375930007423,0.7649838535569591,2.4751067213969185,-0.031135446881617204,0.8938431712205799
Chongqing Municipality,5,gennorm,2.0248160780652187,-0.021505207293817292,0.8235810016214447,1.7495544407784973,-0.03052126030698694,0.7560502676421985
Chongqing Municipality,6,gennorm,1.9708724330037737,-0.06420004059018508,0.8334938738384166,2.4688471456757455,-0.03518442018836767,0.8744073642879415
Chongqing Municipality,7,gennorm,2.3225919520303053,-0.06588715726155596,0.8552852080218476,2.235419591699282,-0.027562805551186356,0.825733942681717
Chongqing Municipality,8,gennorm,1.7661336779977586,-0.12673138091817637,0.7496170727071658,2.228014839914242,-0.008721361228788239,0.8784729733594795
Chongqing Municipality,9,gennorm,1.473019827275058,-0.09725810313947506,0.6789494779058105,2.3087577379056152,0.004631565795020506,0.8911817413128058
Chongqing Municipality,10,gennorm,1.9278213830262332,-0.09372424971815108,0.7897200603254606,2.4085293645331975,-0.048404886436967734,0.8851534174341636
Chongqing Municipality,11,gennorm,2.0291818675578344,-0.11773745695000157,0.8521080885573982,2.075440654462791,0.030584218941532397,0.7935319463532691
Chongqing Municipality,12,gennorm,1.8357360670495269,-0.0892366886261179,0.7888229064633339,2.0412688312504637,-0.007559040101479847,0.8102412145808235
Chongqing Municipality,13,gennorm,1.7985867761424963,-0.0526126679601276,0.7707706961089646,2.330393954329475,0.0089493828710735,0.8578373013844198
Chongqing Municipality,14,gennorm,1.8387425484840556,-0.09668132032472736,0.7682004338873525,2.4246822390763256,-0.0038298814644349456,0.9129556189613013
Chongqing Municipality,15,gennorm,1.7569635280318976,-0.07852330390469363,0.7444247428826333,2.0365968245089143,0.008542270153012807,0.7674722524023514
Chongqing Municipality,16,gennorm,1.8646933992944406,-0.09425330173207526,0.7753866198442676,2.053339098877138,-0.03703638929616828,0.8284437038391163
Chongqing Municipality,17,gennorm,1.638775368177238,-0.10459223111662566,0.7611316886787087,1.99277517714049,0.019233334352843225,0.806688780291239
Chongqing Municipality,18,gennorm,1.6254022819359901,-0.09056703637585942,0.7393463315644746,1.6599715685907572,0.00010795464219645615,0.7078817706306162
Chongqing Municipality,19,gennorm,2.147388778954098,-0.10134547898679488,0.8428384115821674,2.2390844900568485,-0.020069046844629422,0.8460179442246212
Chongqing Municipality,20,gennorm,2.219837705902324,-0.0738674422415711,0.8828991871148146,1.7976753551249116,-0.013233787266873888,0.7665026987968174
Chongqing Municipality,21,gennorm,1.7422234400680008,-0.11694994730453616,0.737998272704367,2.192612279698598,-0.00014685110043300217,0.8757715650017588
Chongqing Municipality,22,gennorm,2.3607292894290475,-0.05975639371052236,0.8798656807348382,1.8693846433174426,-0.011218471275283802,0.8124653755453002
Chongqing Municipality,23,gennorm,1.8849489974990519,-0.1160302120084093,0.7887335284350139,2.0548230129841047,-0.02465090355774715,0.8300073085390625
Chongqing Municipality,24,gennorm,1.821836102862334,-0.10189224824607533,0.8071394345235451,2.204324875507207,-0.011921250235118395,0.8245573913951012
Chongqing Municipality,25,gennorm,2.000966791533335,-0.06529274609046731,0.835218155582307,2.1149329072046528,-0.014547194572371644,0.8490913631860004
Chongqing Municipality,26,gennorm,1.8700144616473744,-0.0868730220703051,0.7952780631037568,1.9017439656716548,-0.03381179028894131,0.8142792233882417
Chongqing Municipality,27,gennorm,1.8062241252168307,-0.07142271139415646,0.7848668824283571,1.8757297846395362,-0.03447406011999264,0.7168266118657607
Chongqing Municipality,28,gennorm,1.7049147411656986,-0.07935432971824455,0.7603914611208047,2.3168858546666433,-0.01670996420276704,0.8358195635121435
Chongqing Municipality,29,gennorm,2.1748256355623963,-0.10750331393965704,0.8352394562594627,2.2413592735641124,-0.008223124847150265,0.8172062756893903
Chongqing Municipality,30,gennorm,2.036018602130397,-0.057464497218708166,0.7957138069910246,2.2203719949532945,0.00013516232388026422,0.8728490180088806
Chongqing Municipality,31,gennorm,2.2910722508613137,-0.11820178250457636,0.8336014615582481,1.7903519064959532,-0.005560826688400071,0.770891279376511
Chongqing Municipality,32,gennorm,1.7497564192212083,-0.1283016383089474,0.7366706346384289,1.9884448271344424,0.0032986924166333066,0.8171190234145138
Chongqing Municipality,33,gennorm,1.7998321178296015,-0.11638715174044202,0.7838713119459748,2.279547728873312,0.028377546953025367,0.8793135425727986
Chongqing Municipality,34,gennorm,1.5973563275847311,-0.08391548298611279,0.7211934794600233,1.796720308582582,-0.032341036988306614,0.7491448868228181
Chongqing Municipality,35,gennorm,1.9268197664030997,-0.0899605140618352,0.8100824561345723,2.09030488345738,0.01095637716083112,0.7728903140752026
Chongqing Municipality,36,gennorm,1.5997609690278174,-0.16619311141455045,0.7025748225663321,2.1695521469412533,0.013016538843166683,0.85694330583019
Chongqing Municipality,37,gennorm,1.7263256804261307,-0.11472703380180033,0.7949930123911676,2.229702728666196,0.004973720421558973,0.8469799184491061
Chongqing Municipality,38,gennorm,2.2608530757250316,-0.08228059645662417,0.8700689405610298,2.323070966668732,-0.004551777817718891,0.9185176585191918
Chongqing Municipality,39,gennorm,1.657475943389548,-0.1090767487367066,0.7547034919305742,1.9884016272102185,-0.00855929764430532,0.7760910138315908
Chongqing Municipality,40,gennorm,1.4270820405493438,-0.09507211079522752,0.6489689586184157,1.9496002989282295,0.014443813917223247,0.746767364087006
Chongqing Municipality,41,gennorm,1.8914947681624574,-0.06345456184468412,0.7790906725565424,1.8831960903100131,-0.008651324124846628,0.8101762763484781
Chongqing Municipality,42,gennorm,1.8109925362524324,-0.1425453469995417,0.794544478644076,2.618707830882551,0.027430185638935137,0.9311677942648129
Chongqing Municipality,43,gennorm,1.8384880324456456,-0.13042152623164946,0.7837623598056961,2.107412363715615,0.036676079761681926,0.7763829203403806
Chongqing Municipality,44,gennorm,1.7107970332700435,-0.07158237743758941,0.7160859363156435,2.691159747661967,-0.05242429819946651,0.9076438431066993
Chongqing Municipality,45,gennorm,1.6044060850527309,-0.052912334659249785,0.7259130254348414,2.1664351698389828,-0.027083102651641898,0.8233188450270018
Chongqing Municipality,46,gennorm,1.6845572005700844,-0.10278262816092777,0.7723199338696625,2.5547090159191668,-0.03346180100862042,0.9208552156881817
Chongqing Municipality,47,gennorm,1.8236481746897746,-0.07243660752817771,0.7952575342532124,2.3515671751380305,-0.004632241072225296,0.8847827786543145
Chongqing Municipality,48,gennorm,1.8670266919884406,-0.06593404139180026,0.7171473244701617,2.009519382642348,0.003409675712017741,0.849344719052064
Chongqing Municipality,49,gennorm,1.623404652626013,-0.11633467784206383,0.7434312447643445,2.2306369744639998,0.017119891520968124,0.8331944426558302
Chongqing Municipality,50,gennorm,1.6809070161041764,-0.050351357677649464,0.7526194530143638,2.0499999451880706,0.021720841466877274,0.8342679629022456
Chongqing Municipality,51,gennorm,1.8390696647067364,-0.10029129290008029,0.785073948228872,2.072932233152005,-0.0071553563532953945,0.8490145091361225
Chongqing Municipality,52,gennorm,1.471634159229064,-0.07477935629695848,0.6762349268104645,1.6977653233086376,-0.0038425060488209125,0.7108268701562392
Chongqing Municipality,53,gennorm,1.7181710186740826,-0.1011356019620249,0.7268669172163236,1.901297351560265,0.0008598200743306131,0.7822655761805425
Chongqing Municipality,54,gennorm,1.6183694545802734,-0.0872357170564015,0.7059286651841932,2.1748591567761606,0.03941718942520088,0.8340844577476307
Chongqing Municipality,55,gennorm,2.010049501009962,-0.1195902769686884,0.8376606324515934,1.7725924122100953,-0.018483073961778368,0.7498101939407915
Chongqing Municipality,56,gennorm,1.7214733079705267,-0.09266921425512163,0.731978628939606,1.86449068927039,-0.029224836538669308,0.7693401357963761
Chongqing Municipality,57,gennorm,2.168645897306048,-0.08360509749761176,0.8170964332007553,2.172874638234158,-0.015312888677733751,0.8742025558230023
Chongqing Municipality,58,gennorm,1.7576381905216056,-0.10968426057781341,0.7608726320740404,1.8929395129085698,-0.025937498090431055,0.7616513380812076
Chongqing Municipality,59,gennorm,1.9134044717675134,-0.11249483830194841,0.7796481624871074,1.7892118028435937,-0.06466254363097115,0.7673709440623899
Chongqing Municipality,60,gennorm,1.8567929940576833,-0.08942320311157671,0.7998665369954301,2.1672646042938535,0.01611781784439903,0.8217439551055429
Chongqing Municipality,61,gennorm,1.9392824393894605,-0.10944324115373912,0.8117162993802185,1.6826044885537441,-0.03186975245580407,0.7334826465165497
Chongqing Municipality,62,gennorm,1.7745115857321496,-0.09220166340552546,0.7556749391868768,2.0394644965827418,-0.013320337138707256,0.813670560265753
Chongqing Municipality,63,gennorm,1.729340835608051,-0.13185461844646304,0.7308398888130194,2.27631487187477,0.03214289196953672,0.8516730354038813
Chongqing Municipality,64,gennorm,1.8107077185472522,-0.11340602351230217,0.7401402906488663,2.2311770029691456,-0.00042005716750817063,0.8368886177138036
Chongqing Municipality,65,gennorm,1.7604069236238624,-0.09899104577447695,0.7711958131348922,2.242371813661328,0.016745978591751226,0.8349392107553595
Chongqing Municipality,66,gennorm,1.7710432281563868,-0.11986793792434419,0.7518952188123975,2.1407823539138153,0.02515170992362259,0.8205576590920476
Chongqing Municipality,67,gennorm,1.6891866268686644,-0.11299657962057202,0.7057721129161019,2.1377244772260218,-0.03294059841600068,0.8174809972136637
Chongqing Municipality,68,gennorm,2.095793796854484,-0.07584695417168451,0.8582920956213544,1.766229849760355,-0.028978765984612298,0.724136870364695
Chongqing Municipality,69,gennorm,2.1618029127391005,-0.09118813836217277,0.8294287655147947,2.3661018794661786,-0.035876839396781456,0.8625527630959496
Chongqing Municipality,70,gennorm,1.9495883727855619,-0.08049376659099358,0.8229357143250656,1.8983108142588137,0.02599451097635911,0.7586923356379438
Chongqing Municipality,71,gennorm,1.9217427276986965,-0.09886281552829793,0.8099032586864664,1.8597216934764114,-0.016447045560171902,0.7836777947315159
Chongqing Municipality,72,gennorm,1.969762015527135,-0.08305745820318239,0.8037111160428885,1.937785539070151,0.03633349663355098,0.7902716067307616
Chongqing Municipality,73,gennorm,2.044762767922082,-0.03318811014010219,0.810221574946911,2.1370517264988083,-0.03984991032861282,0.8412382277626741
Chongqing Municipality,74,gennorm,1.6355146310741144,-0.10401253503896798,0.7136326567961295,1.853769867488289,-0.020095467129798483,0.7654499483751054
Chongqing Municipality,75,gennorm,1.7285151721172163,-0.065001617594736,0.7694575454459138,2.0070436309934703,0.007025565568375566,0.818496585422881
Chongqing Municipality,76,gennorm,1.658219323679294,-0.08266939602040874,0.7372683936789836,2.036691769141329,-0.026330819986669925,0.8273046185889346
Chongqing Municipality,77,gennorm,1.8871647767370396,-0.0868866472862615,0.7285279942339875,2.0178041996404477,-0.04859432009359921,0.8439170534308331
Chongqing Municipality,78,gennorm,1.7133561221141924,-0.10441398763484788,0.7984133534560564,1.9395713219874557,0.011662492690853225,0.8202437023220819
Chongqing Municipality,79,gennorm,1.9702903062811479,-0.09814546132159715,0.8517797426148406,1.8414009915925462,-0.013189309933807318,0.7637814210248003
Chongqing Municipality,80,gennorm,1.9554267703944244,-0.08220753246561596,0.8332235117138753,1.90005347232495,-0.013144006762563925,0.8520136007118035
Chongqing Municipality,81,gennorm,2.0554506090933486,-0.07565425864396548,0.827758568243386,2.030508498408732,-0.03912715820114852,0.838240948194955
Chongqing Municipality,82,gennorm,1.7919983788406935,-0.05700385795190603,0.7572109593455365,2.233495513340348,-0.008568211964661922,0.8488718316503778
Chongqing Municipality,83,gennorm,2.094482387393912,-0.10353470675854581,0.8168187169314136,3.038048356238079,-0.030354256572134038,0.9585222383640745
Chongqing Municipality,84,gennorm,2.0220508703323175,-0.05866592271642826,0.8145726829870952,2.511193954374363,0.008447176128838397,0.8942243192328518
Chongqing Municipality,85,gennorm,1.9780928500168846,-0.11141673327692467,0.807964978135792,2.037275939161381,-0.06982121822049196,0.7925781266762136
Chongqing Municipality,86,gennorm,1.872524555309987,-0.11604591752646425,0.7984270897223781,1.9444925885593594,-0.045918011801906675,0.8023590079520913
Chongqing Municipality,87,gennorm,2.006983157026313,-0.09879697023372211,0.8145710539376046,1.8865721519591951,-0.027979547301999277,0.7393419639240679
Chongqing Municipality,88,gennorm,2.2076065265511318,-0.043352745444911606,0.8358219269092028,1.9888135722496596,-0.010383628829241532,0.8577262566110062
Chongqing Municipality,89,gennorm,1.850045349353299,-0.033240836928644366,0.8039941980093894,2.49367195955109,8.060400196330406e-06,0.9123882434535928
Chongqing Municipality,90,gennorm,2.2539245749636594,-0.07852610656946954,0.8249761840867329,2.3015774254999837,-0.08384134856156071,0.8835770744047308
Chongqing Municipality,91,gennorm,1.578527315708809,-0.11230171921662682,0.7237767731703277,2.230144736228949,-0.011262920541166385,0.8366940018186291
Chongqing Municipality,92,gennorm,1.9151063808159159,-0.06438106330678783,0.8292365270739299,2.4225390993376825,-0.020857560371656453,0.8776379570634181
Chongqing Municipality,93,gennorm,1.7756033231767905,-0.12059081167659291,0.7820108779060604,2.5025402451508096,-0.011762650154558572,0.8855588509718165
Chongqing Municipality,94,gennorm,1.8006678977787605,-0.08207792036774327,0.7469526188186637,3.0762141375054526,-0.0041793678423421125,0.9236976227457238
Chongqing Municipality,95,gennorm,1.5217547477314262,-0.05464959101958392,0.6655495914158716,2.1858063153263774,0.04928829193997268,0.8509671730857931
Chongqing Municipality,96,gennorm,1.4923983112387018,-0.10976644176296468,0.6599928402469595,1.9991155401268133,-0.0292772605876983,0.8148826098313144
Chongqing Municipality,97,gennorm,2.218069582021265,-0.09704924090790679,0.8114850887561846,1.966108030088762,-0.020774564714410564,0.7979480624204737
Chongqing Municipality,98,gennorm,1.8312064557625907,-0.05042695213006335,0.7575340291283377,2.171914156537954,-0.03216281851347623,0.828130714899536
Chongqing Municipality,99,gennorm,2.38837325952988,-0.10434107481116342,0.8455514143003197,2.039567547803486,-0.019354548171676214,0.8188443168086876
Chongqing Municipality,100,gennorm,2.1344188700636977,-0.06623809974175929,0.8640011322177872,2.2792557272110354,0.002127521108122633,0.8741893883314977
Chongqing Municipality,101,gennorm,1.7656344172683103,-0.09940416044914532,0.7541936789911776,2.386556026326071,0.013394165292748596,0.9041592762898836
Chongqing Municipality,102,gennorm,1.7351276686258625,-0.13658561502781166,0.7667671582612507,2.1788472925987294,-0.004642421282412783,0.8249637463548345
Chongqing Municipality,103,gennorm,1.7704420360531479,-0.09909773733390967,0.7573518672077924,2.2783860953244117,-0.018895604467620238,0.8688736962593828
Chongqing Municipality,104,gennorm,1.8428720760835304,-0.12054383233933505,0.7428248305787193,2.1478462097692343,-0.015237264837662443,0.8624401011915359
Chongqing Municipality,105,gennorm,1.8384023638838856,-0.09961120198926221,0.7409798897095463,2.1018343802632486,0.015260901302084722,0.826132108132237
Chongqing Municipality,106,gennorm,2.2766425864964055,-0.06830426669251288,0.8938629072464024,2.080090924954824,-0.04593839420258336,0.8328101705151028
Chongqing Municipality,107,gennorm,2.0106167400814527,-0.0613758456432833,0.7858703295778348,1.8860243233968759,-0.02649828106929353,0.7671006727812295
Chongqing Municipality,108,gennorm,1.7892404278865515,-0.05449683111382744,0.8120807842799922,1.863048444114205,-0.010458821038084425,0.7775974967263181
Chongqing Municipality,109,gennorm,2.2315855424612843,-0.07577149889423998,0.8758159641354677,2.896653922155906,0.0015933468560349264,0.9105369517216311
Chongqing Municipality,110,gennorm,1.6563486654965986,-0.12047816362869362,0.7488254148104212,2.0095955102846044,-0.026129726359937582,0.8184162314029094
Chongqing Municipality,111,gennorm,1.723787266940437,-0.10727761963518095,0.7293767518212957,2.1835893685021763,0.03374728561068052,0.7900325743741381
Chongqing Municipality,112,gennorm,1.8183629880643464,-0.1315914994875733,0.735626331946845,2.114987624402187,0.014175397179517109,0.8346937721680108
Chongqing Municipality,113,gennorm,1.8812087579192265,-0.052697573214447305,0.7798750786903157,1.8655609127361024,-0.028600700823124478,0.7596467218652494
Chongqing Municipality,114,gennorm,1.7760520024419768,-0.11524509428613794,0.7282710606390275,1.9336409075468843,-0.0025412521731687674,0.7768913753289552
Chongqing Municipality,115,gennorm,2.031264158761587,-0.05314534681724414,0.8601326411884154,1.8513873680252817,-0.004129190868690982,0.777995925573518
Chongqing Municipality,116,gennorm,1.9036716045281064,-0.09004327202231285,0.7976123349089027,1.937992557706449,-0.029261761108912324,0.8226383312337429
Chongqing Municipality,117,gennorm,2.0554469553024566,-0.07377205438812576,0.8170980897206178,2.251843525447442,-0.02225449755468515,0.845971324382273
Chongqing Municipality,118,gennorm,1.9135470336819407,-0.10291138046713534,0.7743077284131297,2.093496211686988,-0.02363544254289651,0.8396316381051641
Chongqing Municipality,119,gennorm,2.0013171150459987,-0.056917848818934705,0.8187015045454171,2.009780621152159,-0.006150456607163549,0.8264004589230336
Chongqing Municipality,120,gennorm,1.8536945730747534,-0.1416723913695757,0.7945917502674267,2.2592294693938184,0.007439273720215243,0.869016217798382
Chongqing Municipality,121,gennorm,1.8815440704031823,-0.0653350274682288,0.8095730220055315,1.7930278669737536,-0.02071947273202351,0.7677569871519672
Chongqing Municipality,122,gennorm,1.9135128969893147,-0.09921914666414172,0.7737639251293218,2.121877127488368,-0.016131709047464284,0.8569051948628251
Chongqing Municipality,123,gennorm,1.6852050095811064,-0.08236140416323845,0.7151586076527559,1.8639568662720432,-0.06536388405925185,0.8083323350429178
Chongqing Municipality,124,gennorm,2.0604952140479513,-0.08321116751245716,0.8114042540741669,1.776088840919924,0.0006741369359276671,0.7684407950255652
Chongqing Municipality,125,gennorm,1.983153440463036,-0.07559048980546365,0.7716124825332502,1.8226454315792158,-0.05703477187961756,0.8022666424904065
Chongqing Municipality,126,gennorm,1.7717042742858482,-0.10902364659161615,0.8195432378082228,2.1959570141018325,-0.024152078675762273,0.8326953954520835
Chongqing Municipality,127,gennorm,1.8128496937221925,-0.05179518254576117,0.7579830063041851,2.0983801003338427,0.0030366710298418455,0.843860503149558
Chongqing Municipality,128,gennorm,1.9266583415409406,-0.12698607594003608,0.8026435061128074,1.9111415407842403,0.02913600037088461,0.7722674760586796
Chongqing Municipality,129,gennorm,1.8611405716579408,-0.1521615954525481,0.8094057135826935,2.2083593345642987,0.00250285201297551,0.879421495662391
Chongqing Municipality,130,gennorm,2.402417203840235,-0.05328369876980625,0.919658966564993,1.8846456042612925,-0.00964395699975638,0.7546424859692347
Chongqing Municipality,131,gennorm,1.669622648056353,-0.13397610466222137,0.7785105439101487,2.0872387069316694,-0.005504116646520443,0.8378358283118729
Chongqing Municipality,132,gennorm,2.8017590579728786,-0.08725407107039426,0.9304336587367698,1.857713569240265,-0.007877388317568606,0.7593571420043945
Chongqing Municipality,133,gennorm,2.030626732505633,-0.07266428230782557,0.8784767991374955,2.1615626522379827,-0.004608917099441464,0.8557602199462538
Chongqing Municipality,134,gennorm,1.8846515922241518,-0.12260072945234787,0.7837458786648721,1.91032703177783,0.040804443481061034,0.7908442358953288
Chongqing Municipality,135,gennorm,1.7248067800921452,-0.14201101775834854,0.7925609251563994,2.979736275415434,0.009068112877269772,0.9320975985838515
Chongqing Municipality,136,gennorm,2.091594406619514,-0.08587864636382792,0.8674630212291822,2.3246454566174406,-0.007335956126466218,0.8662853812771578
Chongqing Municipality,137,gennorm,1.8453697508229059,-0.12523255336039557,0.8049386651892747,2.2643929984631352,-0.017101692941013158,0.838208566091643
Chongqing Municipality,138,gennorm,2.1606348433640825,-0.15962694227365037,0.8841409856472643,2.2193724895539573,-0.033108308294788225,0.850608704509026
Chongqing Municipality,139,gennorm,1.7881678252874131,-0.052519017496434776,0.7659973973925802,2.0639824591988014,-0.04203942499480473,0.8796822263995927
Chongqing Municipality,140,gennorm,2.1086289081076464,-0.06573622624777672,0.8863361297891812,2.1957171625879006,0.015133708181117823,0.8210687931816825
Chongqing Municipality,141,gennorm,2.112845867373671,-0.09480992360080656,0.7928178531252545,2.2510394470418627,0.009852965910920209,0.8516872044055837
Chongqing Municipality,142,gennorm,2.363057672620796,-0.12218187912368801,0.8942976094815207,1.714760771184885,0.022183382516114562,0.7518817716238796
Chongqing Municipality,143,gennorm,1.841392516972045,-0.08503151891907773,0.808426574146831,2.2422973879352925,0.017581730266084547,0.8848944633873608
Chongqing Municipality,144,gennorm,1.9414817304079497,-0.043918890781025885,0.8127927668334402,2.4979501991296194,0.008899967575970998,0.8904484240076691
Chongqing Municipality,145,gennorm,1.8207440219916424,-0.08551447403639692,0.7560858702535186,2.2478287328613,-0.04057133249844366,0.8656434788424205
Chongqing Municipality,146,gennorm,1.641369147163476,-0.09289013243948677,0.7218227338978827,2.426353899812037,0.007410694989504917,0.8654589755443374
Chongqing Municipality,147,gennorm,1.9487633430889548,-0.08196191569910574,0.78168845262903,2.057292173796837,-0.02446432656691719,0.8066643829693891
Chongqing Municipality,148,gennorm,1.7236855224336445,-0.09245323189499183,0.7561310720810546,2.3538178838660833,0.001410001969320856,0.8437849495565357
Chongqing Municipality,149,gennorm,1.8186941607756593,-0.0831571467617975,0.7710345437535981,2.2655337974864134,-0.0585819770261292,0.8596092680563323
Chongqing Municipality,150,gennorm,1.8102379090954086,-0.11778096490161999,0.7696677605824591,2.3445837030233614,0.009175349807494333,0.873499635713785
Chongqing Municipality,151,gennorm,1.8758738166163962,-0.12443391273250469,0.7820774483192159,2.2536669781873,-0.01298314027941726,0.8389103153114548
Chongqing Municipality,152,gennorm,1.7606380669877844,-0.1150449018849107,0.7854058226891942,2.4150259480472673,0.0018751826318691273,0.9163445419415395
Chongqing Municipality,153,gennorm,2.136367219845421,-0.07965585241432173,0.8278690133576168,2.0694895541283254,-0.06274966578646432,0.8562379686129635
Chongqing Municipality,154,gennorm,1.9025923745328162,-0.0539308238933566,0.7917365901571825,2.072616675118689,-0.056858569923930236,0.828064056020245
Chongqing Municipality,155,gennorm,2.2996925461747493,-0.08635076962526023,0.8871452880645572,1.6688436802733189,-0.03202239072973172,0.7274723215410527
Chongqing Municipality,156,gennorm,1.7019468364561159,-0.10883540788415952,0.7343940373211633,2.2040968617955885,0.003193552896357754,0.8240761627138604
Chongqing Municipality,157,gennorm,2.228051616260455,-0.07024376030879778,0.8875939496250972,1.85234454310599,-0.016575305778484907,0.7721404250033423
Chongqing Municipality,158,gennorm,1.8335324609220394,-0.09610072983028732,0.782949836276877,2.3762589785652777,-0.004199473711898962,0.8778232331894165
Chongqing Municipality,159,gennorm,2.1694674281344577,-0.10473133860253561,0.8012779693801488,2.321448916344995,0.015194433274316875,0.8889151636400834
Chongqing Municipality,160,gennorm,1.8536933893570788,-0.07941597689565819,0.773011878075222,2.039515074617726,-0.01684037878092786,0.8131797597572443
Chongqing Municipality,161,gennorm,1.9295500911818522,-0.08508665769958941,0.7883767082874507,2.1242178363457436,0.01681706245199213,0.8201578140262265
Chongqing Municipality,162,gennorm,1.8921969349672467,-0.11104846552646591,0.8117174216602463,2.212876257405921,0.015250187358334374,0.8942774888014554
Chongqing Municipality,163,gennorm,1.685737167571243,-0.05637321639365456,0.7286590108065176,1.9407711545748234,-0.020509643122917722,0.8067587261389777
Chongqing Municipality,164,gennorm,1.7494400937894514,-0.10905257904396612,0.744060842761008,1.9528804849820482,-0.037985425134796844,0.7945037796538232
Chongqing Municipality,165,gennorm,2.181189611525783,-0.13105536147546076,0.8533856971139673,1.8090206125763797,-0.018349299234624375,0.772574662761125
Chongqing Municipality,166,gennorm,1.8406665070526087,-0.07802377982809822,0.817980654689374,1.8210688160597046,0.01533777626481032,0.7426222973096623
Chongqing Municipality,167,gennorm,1.7803205190510005,-0.06485856189238798,0.7744876654180392,2.0058806803579077,-0.026104581555664117,0.8211267386144108
Chongqing Municipality,168,gennorm,1.7757918910480326,-0.06779989842862172,0.7786767179088655,2.2468499673788775,-0.02720291539065254,0.8310727587345168
Chongqing Municipality,169,gennorm,1.6992870216692568,-0.0744366567549831,0.7159418293005724,1.992390957032867,-0.01839668994008071,0.7842843112457376
Chongqing Municipality,170,gennorm,1.9425851345476657,-0.12505102049374678,0.7992984943109489,2.146115353251481,-0.043274203254068264,0.8354473244174982
Chongqing Municipality,171,gennorm,1.620684242828834,-0.10491670031234432,0.7364035594018603,2.2788483803350594,-0.021247943909843213,0.8557054040544686
Chongqing Municipality,172,gennorm,1.816667813648678,-0.053900991938659285,0.7821856309429682,3.02653026417436,0.038702337132727006,0.9768476925345836
Chongqing Municipality,173,gennorm,1.8552989861783629,-0.07637186006160479,0.7893651693950112,2.261840984100817,0.006872777938648511,0.8311472627401462
Chongqing Municipality,174,gennorm,1.905663748081476,-0.14527942236071117,0.8196277498375595,2.2679660805246744,-0.0243291378017536,0.8469593865515066
Chongqing Municipality,175,gennorm,1.817388847309343,-0.11590417639039888,0.7943271580481817,2.0113885902851805,0.01883187000677978,0.8407171550097599
Chongqing Municipality,176,gennorm,1.833390067990265,-0.10523070833639683,0.7830262203396969,2.124303224799605,0.017070630379938705,0.7997393465491633
Chongqing Municipality,177,gennorm,1.911072166895496,-0.05961153185483413,0.7951734668325934,2.18104421458029,0.002814465999921265,0.8958801696971113
Chongqing Municipality,178,gennorm,1.8675724471206037,-0.07350493368013719,0.8040310820314247,2.1636236823615933,0.023382831853852797,0.8798317937983403
Chongqing Municipality,179,gennorm,2.015733989526067,-0.07197816086438963,0.8542415123796161,2.338849236059206,-0.009668670846923693,0.9015584538830093
Chongqing Municipality,180,gennorm,2.053302059249611,-0.07012424572307582,0.8200724480275141,2.019508384357313,0.007317540635763327,0.8081253797649557
Chongqing Municipality,181,gennorm,1.9544681866156561,-0.07348881680773414,0.8040771133003519,1.958489687344317,-0.024935396099256102,0.8046693617444619
Chongqing Municipality,182,gennorm,1.7523807368480235,-0.11997644010067232,0.7613652787176535,2.3988474179418127,-0.008489224377444414,0.8850634451889473
Chongqing Municipality,183,gennorm,1.5715070289942465,-0.10748740391493657,0.6860514473827954,1.9022528399064103,-0.0038861373466934747,0.7936146958214163
Chongqing Municipality,184,gennorm,1.767275817277657,-0.09691013348578001,0.7966104680093189,2.8324903113991446,0.036463203294390636,0.9133127496356606
Chongqing Municipality,185,gennorm,2.146954303069859,-0.13979084038560116,0.9032308500575775,1.9374823102261414,-0.007187776776254576,0.8145136039832215
Chongqing Municipality,186,gennorm,1.7357985533997442,-0.11175890758323387,0.7312193110776201,2.04978745654972,0.00026889003732971997,0.8327055122188687
Chongqing Municipality,187,gennorm,1.7741326289752495,-0.12667311482476795,0.7919302830792594,1.8825867096338136,0.01738609551878295,0.8309845865750101
Chongqing Municipality,188,gennorm,1.8261998712864211,-0.11846423899873251,0.7665351231545494,2.076581393285248,-0.024203913878939304,0.7996787998015327
Chongqing Municipality,189,gennorm,1.5899594450430965,-0.10091794302439688,0.7139669508786586,2.164526317886173,-0.04820830609236422,0.7946415872092671
Chongqing Municipality,190,gennorm,1.9094992910649227,-0.0836819492709277,0.8040542161514308,2.017603337149433,-0.006131094788725661,0.8233248211575399
Chongqing Municipality,191,gennorm,1.3912427903985591,-0.05334936598995557,0.6309796542488713,2.5692469632666652,-0.011055643900687362,0.9475713346808945
Chongqing Municipality,192,gennorm,1.842955605061539,-0.055361949548343545,0.8077220330860986,2.3209567365519703,0.024722793132761135,0.8601186718489979
Chongqing Municipality,193,gennorm,1.712075557777636,-0.13384542614409903,0.7631341863077822,2.120191911484305,-0.02629608572439998,0.8252796632052131
Chongqing Municipality,194,gennorm,1.8939487740093843,-0.1199185796941805,0.7748720715548653,1.9871006849614732,0.03677317800217929,0.7996834879872425
Chongqing Municipality,195,gennorm,1.6559431743402513,-0.06869160963055386,0.6795101420632979,2.4115419661556152,-0.044795500270377764,0.8464450603863206
Chongqing Municipality,196,gennorm,1.8426909514655865,-0.09046055034781847,0.7330556311983671,2.15572365897372,-0.00048423092574427696,0.8173491847964898
Chongqing Municipality,197,gennorm,2.038603133179701,-0.08758509614535873,0.8369826035240886,1.9871219187027664,-0.05861975091741783,0.7832650098366722
Chongqing Municipality,198,gennorm,1.633589795433671,-0.09664520019480416,0.6717157082091264,2.020800018685792,-0.028495490402275885,0.8496219213931007
Chongqing Municipality,199,gennorm,1.949789719563392,-0.10988265129492206,0.7798758767132823,2.2928083498185083,0.005420123198497147,0.8490976768784697
Chongqing Municipality,200,gennorm,2.1826276264892313,-0.09127483504154926,0.8930651201551751,1.9768051067447452,-0.02096727552599886,0.8140628080825696
Chongqing Municipality,201,gennorm,2.0353085808676354,-0.08705616969021018,0.8184902835484582,2.0770539071558973,-0.022293093588814154,0.8424581004857973
Chongqing Municipality,202,gennorm,1.7491936962823347,-0.09032453081213038,0.7830618776085434,1.9976310898654481,-0.0024797245760310935,0.7817647554345333
Chongqing Municipality,203,gennorm,1.7826554597142623,-0.08575374128631098,0.7894957003996677,1.9137194647735691,-0.044828728813021954,0.8016568234210785
Chongqing Municipality,204,gennorm,1.9925919825504552,-0.09098513882530028,0.8228231165653749,2.100498199297782,0.012351314786162701,0.8249856009225498
Chongqing Municipality,205,gennorm,1.9751847731381242,-0.11016072459459966,0.8200344867897784,2.0262654971778282,-0.022097456360267123,0.8712365047153146
Chongqing Municipality,206,gennorm,1.7074409712947816,-0.05155634001620164,0.7499678580132201,1.9333238169706375,-0.016029119600786505,0.8035668724164949
Chongqing Municipality,207,gennorm,1.5789370797068552,-0.0799517805816158,0.6642235954344892,2.378240264734128,-0.007787147171181461,0.8678267723211126
Chongqing Municipality,208,gennorm,1.7702286106383323,-0.12076788435103086,0.7020516267316574,1.8046017746272702,0.01870852497668296,0.7573622583882222
Chongqing Municipality,209,gennorm,1.7117321897309552,-0.1200314869523699,0.746961670874337,2.132766918053669,-0.014793408668255705,0.8358875316917356
Chongqing Municipality,210,gennorm,2.07853103729829,-0.09879243823612327,0.8561764600521411,2.0505637036242828,-0.020320635856065,0.8367890690239399
Chongqing Municipality,211,gennorm,1.9966287691421365,-0.08669392116520089,0.8044528673960547,2.225586852858963,-0.015101174900538326,0.8692746053695755
Chongqing Municipality,212,gennorm,1.6258485636044133,-0.07991682454498186,0.7105502512971421,2.323494777634651,-0.058242252760071306,0.8422346086795811
Chongqing Municipality,213,gennorm,2.03567431925637,-0.08363309842895396,0.813109052308755,1.9701654075575914,-0.027119527488742714,0.8329602840088148
Chongqing Municipality,214,gennorm,1.498209792357042,-0.11160738350609821,0.7520230172952799,2.632968956846509,-0.017035814351205315,0.9155846487160035
Chongqing Municipality,215,gennorm,2.279368357421432,-0.12438949877635787,0.9230328013335298,1.9435939065077479,-0.028910445555993654,0.7812330866115428
Chongqing Municipality,216,gennorm,1.7951562757954629,-0.0977331008720961,0.7511009597764314,2.3272249592056062,-0.016021779812575764,0.8835925149583305
Chongqing Municipality,217,gennorm,1.931396749112214,-0.12143644879314996,0.8088128756822628,2.010791585534516,-0.019643808441026138,0.7961577295997908
Chongqing Municipality,218,gennorm,1.8959750629854732,-0.09901015780417917,0.8043458041077363,2.0995198646819095,-0.03305893029164299,0.847591827921125
Chongqing Municipality,219,gennorm,1.8107030647335314,-0.036834327098396014,0.7472809474171644,2.258077815759612,-0.0415378934309152,0.8722725616389853
Chongqing Municipality,220,gennorm,1.9714799421550633,-0.10050957229055796,0.839387799016198,2.389720080793885,-0.021460571794051603,0.8622999867661797
Chongqing Municipality,221,gennorm,2.057820220313811,-0.10095136828409876,0.8571890857611497,2.1552782082923367,0.016363279192427076,0.8523960549039163
Chongqing Municipality,222,gennorm,1.9321889253866105,-0.09609358205209984,0.7987111200924447,2.118729614022224,0.007807002731690052,0.8473189703462598
Chongqing Municipality,223,gennorm,1.728064539705365,-0.1068205878000013,0.7712338341381881,2.051819152111478,-0.05470343002012508,0.8418147140449017
Chongqing Municipality,224,gennorm,2.189767765921504,-0.08460840398860675,0.8302469495317528,2.0714314074887117,0.0009173618081500237,0.8324577170153922
Chongqing Municipality,225,gennorm,1.6797648823325892,-0.09575429797232188,0.7694809541966207,2.3067801216769044,-0.03865422219638234,0.8488762171893727
Chongqing Municipality,226,gennorm,2.001212273428056,-0.0807030580231197,0.8026340905766867,2.2005086741611732,-0.04050155541024027,0.85153304735306
Chongqing Municipality,227,gennorm,1.8345312887986314,-0.1019148828443611,0.7759044836397924,2.0882291898387058,-0.03506846468065924,0.8017525951210099
Chongqing Municipality,228,gennorm,2.020454506018239,-0.10264774598665685,0.8255808196963292,1.8847282799275813,-0.011601520422997811,0.7800761620568166
Chongqing Municipality,229,gennorm,1.9147194601509336,-0.10924161430195631,0.8288420915062928,2.0449384308217917,0.02196675789131662,0.816281544150413
Chongqing Municipality,230,gennorm,1.8473361724204502,-0.08564542873062198,0.8201746812495732,1.9978027432939556,-0.00999226013677091,0.8095402996990697
Chongqing Municipality,231,gennorm,2.0963511203907306,-0.11442887303680604,0.8462993269091108,2.2118758327229315,-0.0032397245077592073,0.808471795544623
Chongqing Municipality,232,gennorm,1.6910055567810356,-0.111923799181596,0.7148536876022913,2.0442307105900834,-0.013520031833339007,0.7857863153021529
Chongqing Municipality,233,gennorm,2.1402603232006245,-0.07681670372279337,0.8565685366653919,2.124179350604811,-0.03097072887561031,0.8686600332045875
Chongqing Municipality,234,gennorm,1.7609758869410639,-0.10062477802248954,0.8026398574868971,2.0044426341448665,0.02078416639538157,0.7955809906645623
Chongqing Municipality,235,gennorm,1.8115894632701623,-0.06543741681009063,0.7761302641452092,2.225205454313383,-0.012375939737499179,0.867025302932575
Chongqing Municipality,236,gennorm,1.6794019774483182,-0.08079406027434519,0.6731675424874282,1.718988884033473,-0.00557255224401893,0.7083661044790521
Chongqing Municipality,237,gennorm,1.840269045785921,-0.09718287945413667,0.8267689472185282,2.1072561624791986,0.005354726098345811,0.8472978588212516
Chongqing Municipality,238,gennorm,2.0207663887356304,-0.14572991672111774,0.8260870706307037,1.977965672838502,-0.03005465474213514,0.809326761648514
Chongqing Municipality,239,gennorm,1.7630876710463088,-0.06155097365422081,0.7773127241703204,2.1422570909670426,-0.035986630909644345,0.8470629730934255
Chongqing Municipality,240,gennorm,1.830867101865016,-0.08817428425230592,0.7874593541718511,2.0869626462604156,0.0033999528439282722,0.8275587720880575
Chongqing Municipality,241,gennorm,1.887940958005201,-0.0999949641951654,0.7626876710228293,2.1858333626585753,-0.01490963429955439,0.8234229189624158
Chongqing Municipality,242,gennorm,1.8785020390215665,-0.05132937608495261,0.7858893119274645,2.187128281522249,-0.001616817299418725,0.8322763587397557
Chongqing Municipality,243,gennorm,2.011356365671051,-0.07604363167589465,0.8070251752583287,1.865955372765799,0.0301015539305109,0.7927015113963733
Chongqing Municipality,244,gennorm,1.867848321014256,-0.06951184381641076,0.8015916612512111,2.11934111436988,-0.03279437536656071,0.8566455422410051
Chongqing Municipality,245,gennorm,1.8387490799583501,-0.12876544764204123,0.7461043336660174,2.2305140132165673,-0.017624309518566958,0.8081427214543999
Chongqing Municipality,246,gennorm,2.1492450876444593,-0.10249325815487444,0.8394234661081783,2.1225193755218372,-0.020944292538507357,0.8546334578652606
Chongqing Municipality,247,gennorm,2.0560531228069525,-0.08312241626386002,0.8227778486269621,2.0745515812326025,0.025571971223273766,0.8319442939362893
Chongqing Municipality,248,gennorm,1.9811465855047339,-0.09224616120118553,0.8084224991460617,1.8675171323181463,0.01036820853153982,0.7956700145745675
Chongqing Municipality,249,gennorm,1.8693646740488106,-0.11964590602540104,0.7887495092079972,2.2529915256350423,-0.05147037915534988,0.8230848810027982
Chongqing Municipality,250,gennorm,1.9444505693646907,-0.13162091337593712,0.8033959216144039,2.1741253219150183,-0.010878727583712219,0.8604800871461357
Chongqing Municipality,251,gennorm,2.115207471351406,-0.13438765978169526,0.831151061939196,2.1825640068429673,0.018162205205677476,0.8123110874087618
Chongqing Municipality,252,gennorm,1.9115681437654382,-0.10177454920306556,0.8016589657795608,2.0214202744347745,-0.008698036530326123,0.7831343912721829
Chongqing Municipality,253,gennorm,1.773484195287156,-0.061997576794385695,0.7652776077729819,2.102944269671088,0.014845444764473265,0.8510390495866076
Chongqing Municipality,254,gennorm,2.0217634411662306,-0.07230769978141594,0.8148976415717867,2.460153603830479,0.0029566694652560536,0.8463296036053799
Chongqing Municipality,255,gennorm,1.5602156730449868,-0.04113232732257291,0.703582475850562,1.8078098955069266,0.00767322507562248,0.7681245631660106
Chongqing Municipality,256,gennorm,1.9215528444379855,-0.11210260602685734,0.802874396054782,2.5260921195392183,0.0010245823724133601,0.9281271815288931
Chongqing Municipality,257,gennorm,1.8119752941338696,-0.08719069438716395,0.7796252292261907,1.8403164289127392,0.001652451351232072,0.7452840917789093
Chongqing Municipality,258,gennorm,2.160431037959622,-0.1007780561169404,0.7942315922844643,2.0442082373137507,-0.005990086904702388,0.8363334452356193
Chongqing Municipality,259,gennorm,1.8834145549118095,-0.12887644316835317,0.7663158670682222,2.088209696503268,0.00713375609479454,0.8177989127770169
Chongqing Municipality,260,gennorm,2.0776105363592596,-0.11802790817770356,0.8133891343971338,2.263729614215464,-0.014130830776249128,0.8629180322393897
Chongqing Municipality,261,gennorm,2.1955662422418616,-0.07405408973246838,0.8529358294410888,2.4816601418818385,-0.01561343064276972,0.9040552819632806
Chongqing Municipality,262,gennorm,1.987725935438804,-0.11998613806517025,0.7604957034499905,2.3134850934249966,0.02257103078783578,0.922122279737871
Chongqing Municipality,263,gennorm,1.9673155020519963,-0.1076659438194007,0.8053052470181994,2.1218276188193963,-0.019441692065359766,0.8552028789447479
Chongqing Municipality,264,gennorm,2.0156945802867594,-0.13552567507191554,0.8246530158455072,1.8039425577388843,-0.010425795879725797,0.7524755190465583
Chongqing Municipality,265,gennorm,1.9340737738833762,-0.14520699597580786,0.8090770659487692,2.4090942335880383,0.009454350212222446,0.8504773822169749
Chongqing Municipality,266,gennorm,1.8778432076158085,-0.0922760015014586,0.814762177118898,1.909428006709424,0.024566975320953227,0.7620693105569983
Chongqing Municipality,267,gennorm,1.7684215518817128,-0.10617289546087233,0.7281141151613632,2.1020341185910874,-0.02750311423246428,0.7968408977112731
Chongqing Municipality,268,gennorm,1.8270743995914778,-0.07854446904099834,0.7546996885720241,2.175090004978534,-0.001557614341425375,0.8282006926399617
Chongqing Municipality,269,gennorm,1.9056392685558774,-0.08670970480819276,0.7938109351865674,2.2425635751009856,-0.008743046399322938,0.9048650359605137
Chongqing Municipality,270,gennorm,1.7903976992716544,-0.060690142402715946,0.8080356571738816,2.043472373208373,-0.019773486009170803,0.8326274946230202
Chongqing Municipality,271,gennorm,2.0621353768013155,-0.12382341924159254,0.8610136529862722,2.2934414298505903,0.030178742123076266,0.8941224221751944
Chongqing Municipality,272,gennorm,1.8798713903044506,-0.06063677493183832,0.7578726460296068,2.2038798603471115,-0.00883202633437154,0.8622632033892736
Chongqing Municipality,273,gennorm,1.8247335229031916,-0.09239697076687212,0.7495169073352251,2.337181659756676,-0.007678439574585851,0.8774727776538991
Chongqing Municipality,274,gennorm,1.6432331907555864,-0.10725314253747034,0.7446239808067256,2.025557164021051,0.0146675161814365,0.8751767814479419
Chongqing Municipality,275,gennorm,1.9182219529445697,-0.1073418023350565,0.7974903319723963,2.065054457526087,-0.04102697959515789,0.8433511950713595
Chongqing Municipality,276,gennorm,1.7384178714809013,-0.10533961410266895,0.7755559541795688,1.825770024911948,-0.05568918752047817,0.762403752891951
Chongqing Municipality,277,gennorm,1.8098677216355878,-0.08316644274918109,0.7746410732822554,2.0680092570953645,-0.013478004326697463,0.8003767730229205
Chongqing Municipality,278,gennorm,1.7677730084553493,-0.09110194397481139,0.8065621820324693,1.993850617633088,0.015672619932959535,0.8206780827751909
Chongqing Municipality,279,gennorm,1.7397855733119898,-0.10079472838508546,0.750386271351685,1.9860029355233701,-0.0291689852081541,0.7717661270508973
Chongqing Municipality,280,gennorm,1.8831299317314838,-0.08369799214728067,0.8074739294155939,2.2773853383786102,0.019299882866029412,0.8558963376652589
Chongqing Municipality,281,gennorm,1.6923580295045761,-0.06436596592699956,0.7851306964150215,2.0223960983745313,-0.008362229500855464,0.7768387959243551
Chongqing Municipality,282,gennorm,1.9272315061529914,-0.11838195492931428,0.8064793995851012,2.3038535174223878,-0.035791801948883276,0.8552477266172553
Chongqing Municipality,283,gennorm,1.804199275321111,-0.07535830580667172,0.7735376466655253,1.807294084836284,0.03676419409006204,0.7418986762251389
Chongqing Municipality,284,gennorm,2.053484582662263,-0.10191707552286247,0.7794457221679808,2.0620498050217524,-0.04467289489437755,0.7899387852202336
Chongqing Municipality,285,gennorm,1.7923193635231023,-0.0986681150064411,0.7906211083923902,1.9680808464889505,-0.05351026321032575,0.8122170927719652
Chongqing Municipality,286,gennorm,1.7956788636927268,-0.08775910718769306,0.7768090905552885,1.9084063845762071,0.02758331469333123,0.7776145231502813
Chongqing Municipality,287,gennorm,1.8490164884642653,-0.12802096286088027,0.803468705579124,1.9440967739488033,-0.01916580749419574,0.7688143366670537
Chongqing Municipality,288,gennorm,1.699243199660002,-0.07405270059276393,0.7184427012802108,2.176971341913566,-0.05697008254373424,0.8549465224579698
Chongqing Municipality,289,gennorm,1.658409485822201,-0.12637636907991667,0.7505687261847085,2.6676359832879997,-0.02587536116905222,0.8968876060280873
Chongqing Municipality,290,gennorm,1.7717725749500168,-0.05804925649528157,0.7422258777306199,1.9372712359832878,-0.010447009685372082,0.8150634361111042
Chongqing Municipality,291,gennorm,1.7731245411571888,-0.06547430944765875,0.7684775828923037,2.0324934451791474,0.004260234468216858,0.7577596333745911
Chongqing Municipality,292,gennorm,1.9033113556322316,-0.08454771295579933,0.7823998794531044,2.0294075881278824,-0.014062522551846604,0.839563941803229
Chongqing Municipality,293,gennorm,1.9179389601799657,-0.07905203126879178,0.7914097072362258,2.4462270387857448,-0.026591008678353442,0.8631024814355421
Chongqing Municipality,294,gennorm,1.6992576953317924,-0.058980363878032516,0.7486194646332115,1.7486348426921656,-0.00226938125720961,0.7459652475710302
Chongqing Municipality,295,gennorm,1.9129089621499105,-0.05338992940065178,0.757155117906881,2.0361084693680707,0.024132653787423342,0.8401527637865143
Chongqing Municipality,296,gennorm,1.5147087416944012,-0.08404097750931107,0.6878446801875411,2.1997726713290553,-0.05060872793247616,0.8654684028469005
Chongqing Municipality,297,gennorm,1.9653343941823858,-0.10700474479673225,0.8434340842989263,2.1079383151871696,-0.03587394096508223,0.8185389614044853
Chongqing Municipality,298,gennorm,1.733439845205106,-0.05696788992243371,0.7400851105392354,2.0287806278563156,0.0074802202585478265,0.8445472552158639
Chongqing Municipality,299,gennorm,1.8556693359212049,-0.12708186558652562,0.7620255299870065,1.9325664425537217,-0.024878363218917496,0.76526091920221
Chongqing Municipality,300,gennorm,2.1130075834318918,-0.12905588384186845,0.8787808218470425,1.8314927494458486,-0.037997837986230326,0.7585596115647089
Chongqing Municipality,301,gennorm,2.0602812868894382,-0.07182639328741504,0.8329115163751335,2.4852431174537166,-0.0027872989979529396,0.8951308922081819
Chongqing Municipality,302,gennorm,1.6447534061161175,-0.06681705718066702,0.7337095124994465,2.2247543809874193,-0.015620029494584143,0.9181447222886189
Chongqing Municipality,303,gennorm,1.6314288016258796,-0.0639096964133784,0.7399971314355898,2.0225470669127477,-0.0008777514955336221,0.8299825205127289
Chongqing Municipality,304,gennorm,2.320557644881952,-0.05549535783152955,0.8809160519306902,2.077653209620812,-0.04259326190422531,0.8125652383724198
Chongqing Municipality,305,gennorm,1.673240414962293,-0.09616054745928615,0.6870837304951811,1.881821933179335,-0.014738740849882172,0.7790983312846202
Chongqing Municipality,306,gennorm,1.8827739081668076,-0.08359643607889378,0.7443728081164107,2.111004079847028,0.03827624316297591,0.8057098333481372
Chongqing Municipality,307,gennorm,2.119542610456586,-0.08968318415318888,0.8692850774528322,2.314316973916302,0.009420988803044126,0.8707170799367103
Chongqing Municipality,308,gennorm,2.174167227926582,-0.1413752320666065,0.8516686329161243,2.0453275852897503,-0.01990063300352172,0.8397460978456115
Chongqing Municipality,309,gennorm,1.8467867729367278,-0.09039121374531228,0.7898765146032786,2.0858803657826988,-0.037493388538864234,0.8232705508079184
Chongqing Municipality,310,gennorm,1.6710965961939128,-0.057253266653334266,0.7089165671862723,2.0698151606488597,0.038160001941991345,0.7936588148517818
Chongqing Municipality,311,gennorm,1.8573150450877702,-0.11589689032324735,0.8182301210344289,2.2460277022015998,0.010222374919371204,0.8512941942000558
Chongqing Municipality,312,gennorm,1.711223718229952,-0.10733520498679852,0.7406895455273833,1.819984399997045,-0.017750818907915834,0.7714636442635767
Chongqing Municipality,313,gennorm,1.6500340400782443,-0.08963385682186445,0.7220561662211398,2.074199121107804,-0.039039408409687365,0.8485681408673322
Chongqing Municipality,314,gennorm,1.8092852022387151,-0.13242174170532017,0.7790951917358249,1.8882374792391512,-0.062471493782489215,0.7774927215506162
Chongqing Municipality,315,gennorm,1.6122196588177138,-0.05374237930291073,0.6999291287282889,2.257618996523174,-0.0034688496656030093,0.8603389921674568
Chongqing Municipality,316,gennorm,1.6466068289679645,-0.1091360718313772,0.7297719223193697,2.4583025345822143,-0.023343129264294778,0.8651011200621423
Chongqing Municipality,317,gennorm,1.8479925145581908,-0.11126061053781997,0.7615091730845372,2.592727081478948,-0.027114499848492304,0.9597008506256568
Chongqing Municipality,318,gennorm,1.923220335307972,-0.06666102359972781,0.8100590654303081,2.0305231651452305,-0.005655366553411907,0.7870823675770826
Chongqing Municipality,319,gennorm,1.964296521890271,-0.13708523226392894,0.8429470513494,1.8712172431586054,-0.046396199797171765,0.81154987940719
Chongqing Municipality,320,gennorm,1.7070616876525238,-0.16015613743009838,0.7996311940693657,1.9218427754437326,-0.010139086768345587,0.7712310487610727
Chongqing Municipality,321,gennorm,1.888431928837527,-0.12330396430022958,0.8224734302794823,2.0903220977807146,-0.029325574858159013,0.8118130395614036
Chongqing Municipality,322,gennorm,1.6393352670872865,-0.1129561147265673,0.7094659799351637,2.3751564338020614,-0.03047865409840985,0.8647565738757159
Chongqing Municipality,323,gennorm,2.0549767685968794,-0.10848573298848291,0.8103562805967373,2.0442181465902687,0.0006038380621846987,0.8128274306324343
Chongqing Municipality,324,gennorm,1.8264272351182762,-0.08285898931922735,0.7489002369255888,2.194497925623084,0.011636374644604753,0.8422458495757754
Chongqing Municipality,325,gennorm,1.8667933300915172,-0.08406497789949217,0.8038118451398916,2.1467545022450913,-0.00996481933045841,0.8135593333156161
Chongqing Municipality,326,gennorm,1.6930488875087168,-0.08254618068038788,0.7484115672887343,2.098608314269101,-0.013550940574596493,0.8330055845143309
Chongqing Municipality,327,gennorm,1.916867288758988,-0.1167819148871578,0.7921212288073805,1.930192181139196,0.012171380966120849,0.776998274410627
Chongqing Municipality,328,gennorm,1.7226933214098268,-0.0786819416148874,0.7483585893663631,2.6618175178507024,0.0057843382773257075,0.930153291983177
Chongqing Municipality,329,gennorm,1.5612998736262724,-0.08357082311691223,0.7188829569207409,2.041691274455239,0.013703483215498215,0.8095155825366616
Chongqing Municipality,330,gennorm,1.8268039493313757,-0.10235943644212712,0.7682925856758973,1.9416740891351476,-0.02613158997541344,0.8019275322209799
Chongqing Municipality,331,gennorm,1.832686463183953,-0.06396029870436128,0.7196342699033283,1.9882020548718244,-0.03368783320867131,0.8532885837731603
Chongqing Municipality,332,gennorm,1.9719762630949138,-0.11428967679370823,0.7690526272641274,2.1555356880316,0.006942211946836366,0.8662699278526547
Chongqing Municipality,333,gennorm,1.981284110764706,-0.07855761754369933,0.8018950152722185,2.1838706722346846,-0.044937601385481335,0.8339398928648036
Chongqing Municipality,334,gennorm,1.8870368411520824,-0.06274383314487406,0.788257634533229,2.586997516369962,0.0024162900509913936,0.9197821188652073
Chongqing Municipality,335,gennorm,1.533871482378323,-0.06512825013474668,0.7302483641357108,2.276399202524904,-0.012198732344333454,0.7949892784148771
Chongqing Municipality,336,gennorm,1.8029529165659801,-0.1172847274457022,0.7699532162740146,2.1698513248990716,-0.06155641732506642,0.8562887305969524
Chongqing Municipality,337,gennorm,1.7209695842919903,-0.06464558388098218,0.7291543147732404,2.3398098456738023,-0.0597228935462843,0.8788407864724592
Chongqing Municipality,338,gennorm,1.8004980228066771,-0.07078708702481444,0.7768767553409613,1.974948105534028,-0.011859118307374787,0.7992868614775482
Chongqing Municipality,339,gennorm,1.818489831416894,-0.09880884825731948,0.8144979601606602,2.2638501871219487,-0.013261193647387554,0.8709312102242082
Chongqing Municipality,340,gennorm,1.9043020852654113,-0.09964491691365504,0.8123124922645916,2.107727729084851,-0.00015321779593187174,0.8524619196770655
Chongqing Municipality,341,gennorm,1.8240499669739438,-0.06878453780092905,0.7691394187034439,1.946518895416912,0.029878590190310087,0.7538859479159882
Chongqing Municipality,342,gennorm,1.6558088837648928,-0.11877210793803439,0.6969016738143892,2.407962283721864,-0.056224181059550404,0.9111589381682286
Chongqing Municipality,343,gennorm,2.3127281460359246,-0.062335509360116295,0.8673451475678522,2.4224431930208943,-0.017784856645800068,0.852507170044023
Chongqing Municipality,344,gennorm,1.930901313225089,-0.12400159524395202,0.8404091480883698,2.6308112303544977,-0.008649174298719364,0.8468440041835275
Chongqing Municipality,345,gennorm,1.861663931510443,-0.1124235227983862,0.841571332409042,2.2241177355894726,-0.013285256805711593,0.8829261187844848
Chongqing Municipality,346,gennorm,1.7022254602929892,-0.14669806734154311,0.7141328720236723,2.096376945350646,-0.00013820449456518035,0.7849406695206279
Chongqing Municipality,347,gennorm,1.9070299387032437,-0.09506520437353577,0.7785998277262496,1.6210460891131393,-0.005004250971150618,0.7233895024094403
Chongqing Municipality,348,gennorm,1.9118218166157428,-0.06370272971194293,0.7701115742842687,2.240263168318167,0.0025570538016133296,0.8352072613286001
Chongqing Municipality,349,gennorm,2.0786248472625273,-0.0917194426953199,0.8252007245090021,2.148893063769171,-0.01806179466079754,0.8444203983471226
Chongqing Municipality,350,gennorm,1.6749507727193556,-0.07237297643204257,0.7420416589406084,2.1952531168299307,-0.00863688714838163,0.851881795382752
Chongqing Municipality,351,gennorm,2.291130421742811,-0.06565306122407465,0.8530199886565892,2.123994236031361,-0.005430032108836722,0.8198442094729025
Chongqing Municipality,352,gennorm,1.5401496219507873,-0.08166102292395337,0.6685435254997587,2.032872259522234,-0.000715444476810444,0.8224432194723325
Chongqing Municipality,353,gennorm,1.8152340845432668,-0.0947598220896016,0.7825123758801235,2.465330395364842,-0.012735624469477938,0.8705323259461288
Chongqing Municipality,354,gennorm,1.6831931769298254,-0.08286438566605722,0.70996862896087,2.3471394840781192,-0.03115342215646874,0.8857782275558774
Chongqing Municipality,355,gennorm,1.85818589155007,-0.08427211081646782,0.7474801687875203,1.9449066897617024,-0.0029032338260425406,0.8050921851512179
Chongqing Municipality,356,gennorm,1.836984582283237,-0.14137568551964502,0.7869106172427154,2.3628462744236054,0.04297518118761039,0.9035042528277355
Chongqing Municipality,357,gennorm,2.139026729348169,-0.057566795131847794,0.8941542899878089,2.149763903603602,-0.011828499125385234,0.8408540164719762
Chongqing Municipality,358,gennorm,1.8780402852909481,-0.044663672748603694,0.8190318419654818,1.6710900579896621,0.029524511319314092,0.7358458492377193
Chongqing Municipality,359,gennorm,2.078388651836216,-0.12110909856683488,0.775260218975927,2.0017970934626854,-0.008133078372255773,0.8392575942486546
Chongqing Municipality,360,gennorm,2.1381008958318315,-0.07241715170111704,0.8105035656769689,2.508643938333963,-0.02930989891074417,0.9064491861404141
Chongqing Municipality,361,gennorm,1.9903645282687137,-0.08106089782876658,0.8346492395263153,2.325683549799088,0.02807598185281084,0.8746257170348064
Chongqing Municipality,362,gennorm,1.6347125358528114,-0.11906589449021768,0.7301862355399185,2.356642336743505,-0.00036815773102810776,0.8729121530768524
Chongqing Municipality,363,gennorm,1.876806581733733,-0.06869478312941023,0.7935863201359508,2.0773034718637042,-0.0004364027631361534,0.8203841309820205
Chongqing Municipality,364,gennorm,1.718164316491499,-0.10437915446065171,0.6993373206276408,2.542428151011578,-0.041306779970555735,0.9105204726455052
Chongqing Municipality,365,gennorm,1.9732407266343457,-0.0693589434952775,0.7899259144729751,1.8492407837291447,-0.030683752699449052,0.7673105675542256
Chongqing Municipality,366,gennorm,2.0501396532667364,-0.10983034559807954,0.8231859081904604,2.199043349787348,0.008330724622500424,0.8265722245956966
Chongqing Municipality,367,gennorm,1.6941677397622827,-0.12142293608132172,0.8084231444460708,2.0929785771856886,0.006834299578153513,0.8173511005804766
Chongqing Municipality,368,gennorm,1.8760559352422117,-0.08750422999002372,0.731855475102059,2.5297903012664102,-0.031451460549030405,0.9161555912110724
Chongqing Municipality,369,gennorm,2.093272512729971,-0.10527152814982838,0.8405437961566407,1.8962339257749816,0.009373445158449959,0.7687421699951882
Chongqing Municipality,370,gennorm,1.8107228833186735,-0.07699949709880155,0.7624972823754348,2.1266712107624883,-0.0003215484487357858,0.79954719676153
Chongqing Municipality,371,gennorm,2.009956426531896,-0.09396209306108627,0.8316083675743221,1.9470013758209286,0.028954114924298904,0.817761448632394
Chongqing Municipality,372,gennorm,1.988053394720871,-0.07886393271762693,0.8072145525042288,2.161629463844366,-0.019084646715873878,0.8702639946408798
Chongqing Municipality,373,gennorm,2.215365041036796,-0.12452596207610614,0.8681474265284341,1.9411827169936604,-0.022128778590581117,0.8365195019520497
Chongqing Municipality,374,gennorm,2.1695994829489416,-0.10341520783377905,0.8086532400023689,2.0598523358955294,0.0013455344453502404,0.802670983790089
Chongqing Municipality,375,gennorm,1.7193199868110884,-0.07288451955717748,0.7191602924669882,1.8430077409432233,-0.0248042551612314,0.7590594242563657
Chongqing Municipality,376,gennorm,2.199217815436043,-0.06991354903700639,0.877061561495667,2.346997688078715,-0.023804195627286334,0.8483820192528639
Chongqing Municipality,377,gennorm,1.937464033776588,-0.11178146617599347,0.826353241749293,2.1802920487489432,-0.00916610511792134,0.845051111755491
Chongqing Municipality,378,gennorm,2.1415269862591186,-0.12008824818669399,0.8103925398079326,2.2208809066793878,-0.011510925547472729,0.8673865693431329
Chongqing Municipality,379,gennorm,1.8663654483612335,-0.07194449072193246,0.804428360973077,2.1575337460768416,-0.020130804282710028,0.8698567130014339
Chongqing Municipality,380,gennorm,2.0676493140459584,-0.06719399523369515,0.7856229391630931,2.3159499658142777,-0.03024877470797387,0.8604652720453739
Chongqing Municipality,381,gennorm,2.183784771394695,-0.06628366780299916,0.8501076094317166,1.8135514769843333,-0.0054383045659481,0.7560585703023691
Chongqing Municipality,382,gennorm,1.9927545633479675,-0.11985833012750477,0.8273418349981321,2.695937662992623,0.016616356718539053,0.9064205697470333
Chongqing Municipality,383,gennorm,1.8697149573354321,-0.09628620376655009,0.7854946576452866,2.082037336020293,-0.002130879931988709,0.7944067954119687
Chongqing Municipality,384,gennorm,1.9562152758800657,-0.10011773063361229,0.7456574410663686,2.1928268559849657,-0.006494705571439982,0.870358108683122
Chongqing Municipality,385,gennorm,2.0454089776592843,-0.0857905918558888,0.8695894394443349,1.9332704279963047,-0.009814349270623756,0.7717250048949978
Chongqing Municipality,386,gennorm,2.2786196729298274,-0.08585268121672221,0.8399992254946127,2.50206867969926,0.014859371429544637,0.8737884035874273
Chongqing Municipality,387,gennorm,1.7545986670600748,-0.08005724349033923,0.7628584867130195,1.801401725504792,-0.04992431770276194,0.751917337177481
Chongqing Municipality,388,gennorm,1.7423665156801869,-0.08557367512841949,0.7935559781199355,2.113160875960612,-0.047400636589912566,0.8330554659602321
Chongqing Municipality,389,gennorm,1.828333800057432,-0.12592613599992478,0.7608410892101738,1.9298563531778705,-0.03272611166710003,0.7593004155012845
Chongqing Municipality,390,gennorm,1.7020391103692991,-0.09277647922352633,0.7723302055717944,2.007298967256314,0.0011879324313748365,0.79828023535142
Chongqing Municipality,391,gennorm,1.5816788734700942,-0.09830767595275205,0.7260837941025102,2.1465791319440433,0.009200050575553433,0.8815862319687207
Chongqing Municipality,392,gennorm,1.9170248379131907,-0.10736188035107967,0.7956240049054837,1.9262078105027542,-0.04475871833536017,0.8128123513336984
Chongqing Municipality,393,gennorm,1.752607112997842,-0.06369455296016463,0.7688615536858936,2.322223061187188,-0.013463770067374762,0.9057424178966851
Chongqing Municipality,394,gennorm,2.005371429043497,-0.12046070163600228,0.8185934173674363,1.9522224673983934,-0.021655905055852773,0.8394270828560019
Chongqing Municipality,395,gennorm,1.6428408034760742,-0.12015331097409429,0.734637892596063,1.969672955371411,0.017891038075284683,0.8032753673996045
Chongqing Municipality,396,gennorm,1.9492995255997705,-0.10449976984549857,0.7768267921043569,2.1044011857556004,-0.007736067405153731,0.8741683595575094
Chongqing Municipality,397,gennorm,1.9106131715400512,-0.07419195145707638,0.8071256076944382,1.4642448824519856,-0.01611589150377046,0.6521387301668136
Chongqing Municipality,398,gennorm,1.7466347943906453,-0.1054521109826217,0.7601938447480203,2.43709682401201,-0.03653939756013765,0.8386522241809355
Chongqing Municipality,399,gennorm,1.9347576892198286,-0.06112706994497441,0.8077198412761152,2.249370728981232,-0.0026584875086681763,0.8592653847708467
Chongqing Municipality,400,gennorm,1.7855315155307419,-0.06414757860614191,0.7759340189465495,1.9924463824207579,-0.02131845222703059,0.8430409146942943
Chongqing Municipality,401,gennorm,1.7391580692433526,-0.06567832570759183,0.7552104692475137,2.7819808485115387,-0.041435851765911205,0.9540221941313758
Chongqing Municipality,402,gennorm,1.6204051119906497,-0.08085747228165288,0.701727846800601,1.8234962656003841,-0.050786418504358596,0.7564958921373575
Chongqing Municipality,403,gennorm,2.098168260601249,-0.09152199436542813,0.834800321698812,2.274487721460571,0.0771971048355851,0.8468008266649301
Chongqing Municipality,404,gennorm,1.7320564952057627,-0.10447361394395338,0.7584905133388431,2.3583961131039173,-0.0442845083946288,0.8752609303896195
Chongqing Municipality,405,gennorm,1.893853459998199,-0.05954224315207732,0.7894398307479537,2.0154657785127226,0.023535804103398384,0.8186080568015446
Chongqing Municipality,406,gennorm,2.0360119538684227,-0.11311316067995551,0.8167608014146127,1.9853939588898593,-0.05234096234080997,0.8104218203979796
Chongqing Municipality,407,gennorm,1.715099272584062,-0.08499510499298041,0.7915265729374015,2.20999668351641,0.02329841558406326,0.8689055002358763
Chongqing Municipality,408,gennorm,2.1767177662869877,-0.1208451794437943,0.8501243833341507,1.708623609053076,0.004955161301181553,0.757231026947631
Chongqing Municipality,409,gennorm,1.6194542250797053,-0.06195428040193525,0.7144212348516308,2.2248578219303985,0.017549644053360104,0.8724000717116798
Chongqing Municipality,410,gennorm,1.9609801235872384,-0.08465592120379782,0.788310035513738,2.1216206434235234,-0.009265220229087906,0.8295906779383952
Chongqing Municipality,411,gennorm,2.2348362302278986,-0.08723059171221588,0.9084484841770137,2.128525022422022,0.009816073225758002,0.7969164933347194
Chongqing Municipality,412,gennorm,1.8034349830729215,-0.1245031880311961,0.7817143172846157,2.531628520965427,-0.0081814355495292,0.9314591095525396
Chongqing Municipality,413,gennorm,1.8907600600541115,-0.10514728781301752,0.769914418443558,2.428846404622899,0.0033069876805997857,0.8626915668790467
Chongqing Municipality,414,gennorm,1.937592053798477,-0.08853648060917303,0.7833555428649828,2.14841305856457,0.004550381181777559,0.8434337995120154
Chongqing Municipality,415,gennorm,1.6418171753814366,-0.09493310165601589,0.7664859105227684,1.8464026579066675,-0.011295923323108045,0.7515948734995268
Chongqing Municipality,416,gennorm,1.8013488584770174,-0.07993490283507959,0.7672124182030655,2.051634979761935,0.04599351266879853,0.8186500982744096
Chongqing Municipality,417,gennorm,1.7605837396362585,-0.11016697214880872,0.791900071625927,2.3589896761708387,0.051642952460562774,0.8660904846126388
Chongqing Municipality,418,gennorm,2.1332885550064598,-0.05352432027332068,0.8169028665250508,2.068387669992347,-0.005429958746181487,0.8286905742569601
Chongqing Municipality,419,gennorm,2.0575062098936785,-0.06476153426165437,0.8215840175192655,1.949258334665533,-0.02759938130240172,0.8472423787996402
Chongqing Municipality,420,gennorm,2.0167253834876355,-0.1530769133947259,0.780139410476138,1.978437038858535,0.01900612292864298,0.7812320241214836
Chongqing Municipality,421,gennorm,1.842631458738253,-0.04654085850408598,0.7517145804570924,2.2029754986735943,-0.022601903216949146,0.8553437694582301
Chongqing Municipality,422,gennorm,1.6076630890731654,-0.10003109203082666,0.6951303544928475,1.726230888988919,-0.024310333079552174,0.7204161104774192
Chongqing Municipality,423,gennorm,2.0740795623043606,-0.08512363279039582,0.8297926179567996,2.2341483349571893,-0.04073259552862458,0.8661365614420744
Chongqing Municipality,424,gennorm,1.6434181227741766,-0.05918985490439064,0.7042689650785832,2.003474544162138,0.03212702131307954,0.8020599067017101
Chongqing Municipality,425,gennorm,2.0249653327170725,-0.1442864911484854,0.8139525063199893,2.187145480250968,0.02597094625761353,0.8101872744289369
Chongqing Municipality,426,gennorm,1.7713840700111643,-0.07059477110574268,0.808825978511095,2.8800799979370844,0.023658349330071937,0.9699155121204865
Chongqing Municipality,427,gennorm,1.8759739770759412,-0.10638561991930538,0.7730761728496792,1.7800231960056516,-0.023507602234505647,0.7318394873717599
Chongqing Municipality,428,gennorm,1.7323726040486642,-0.05832023898703398,0.7720599236828951,2.3196248020768966,-0.0004764920275405716,0.8579258363536009
Chongqing Municipality,429,gennorm,1.717169530868048,-0.07025672201232644,0.7620527964389898,1.9528035378478472,-0.008551282163803933,0.8062991781949527
Chongqing Municipality,430,gennorm,1.9958943439699985,-0.04835010201861441,0.8159837048262013,1.7776216820269741,0.0015056920238105313,0.7170208088546417
Chongqing Municipality,431,gennorm,2.0746146162670094,-0.10247697976866088,0.8508516827332329,1.8812056949826754,-0.04265868304016432,0.7315499189184782
Chongqing Municipality,432,gennorm,1.82384135173502,-0.09615056199445013,0.7689572057958538,2.0492894350672386,-0.0031771267475367558,0.8803933633788601
Chongqing Municipality,433,gennorm,1.8799612043597338,-0.12751875456414197,0.8058482849483644,2.152797422585089,-0.06513488636471719,0.8549080382430053
Chongqing Municipality,434,gennorm,1.7695900567130676,-0.035176906882150236,0.7451882220192516,1.89380872478906,0.035482683485823105,0.73038920517429
Chongqing Municipality,435,gennorm,2.1243164290773366,-0.12455104425075195,0.8278063421936239,2.3049180331617083,-0.007078649123024624,0.8724030849778128
Chongqing Municipality,436,gennorm,2.049827994109168,-0.1165147696529774,0.7787032381110751,2.4525837421775254,-0.0094470647019997,0.8456513711979048
Chongqing Municipality,437,gennorm,1.5769138472971327,-0.062335452751577244,0.6918229845859495,2.037735303967028,-0.009377663662384843,0.826159640972359
Chongqing Municipality,438,gennorm,1.9759830763349115,-0.09538068804599922,0.8280876281143787,2.2634762270333724,0.032050874424725956,0.842425874832732
Chongqing Municipality,439,gennorm,1.8901619543890193,-0.09814374096863235,0.8239590280760338,2.219072863916061,-0.06441650142862244,0.8784348490668619
Chongqing Municipality,440,gennorm,2.320926094100985,-0.06183904095197569,0.8490912092427468,2.2305166820481475,0.03687672053086509,0.8227394969718496
Chongqing Municipality,441,gennorm,1.9501831540654297,-0.0750507842436116,0.8247594170633079,1.9545814077323262,-0.02129521716802637,0.792438750168178
Chongqing Municipality,442,gennorm,1.9378455380008741,-0.07905577016560289,0.8291056997067555,1.7326110591189718,-0.017515376990588645,0.7704554084676033
Chongqing Municipality,443,gennorm,1.6680699606932903,-0.059232202863674976,0.6837784622959389,1.9065591269500461,-0.02093512015347669,0.8045571960727466
Chongqing Municipality,444,gennorm,1.9413676435269922,-0.0782019735535472,0.7810445588520625,2.219762145719006,-0.06248109378132507,0.815324987301667
Chongqing Municipality,445,gennorm,1.801885298793835,-0.07451868062583171,0.7534418535687073,2.41991163851192,-0.021382945670387645,0.8612174092132737
Chongqing Municipality,446,gennorm,1.8198156559058005,-0.09146292938079723,0.7725738340472146,2.494526215032235,-0.026129529483687873,0.9389108856073033
Chongqing Municipality,447,gennorm,1.9050023010658412,-0.06629129065879379,0.8287263687591432,2.1912030701864538,-0.018222703066743808,0.846338840028259
Chongqing Municipality,448,gennorm,2.2420097754613106,-0.11432403450696792,0.8761487274333195,1.79691384405295,-0.012925500507441668,0.8021608423222815
Chongqing Municipality,449,gennorm,1.674620880392161,-0.06665483659564544,0.7295843808967719,1.876989497298183,0.002779725615762999,0.7855975439270099
Chongqing Municipality,450,gennorm,2.2522612967857203,-0.07419135506570801,0.8688901615537947,1.8858122076506558,0.0032838742934787587,0.7960887960414209
Chongqing Municipality,451,gennorm,1.7993015372731926,-0.08674623161502233,0.7643043063640775,2.369075584387285,-0.009407560359969445,0.8512361051362092
Chongqing Municipality,452,gennorm,1.7687284998755661,-0.08869537062417471,0.7435015421438156,2.0512222724056386,-0.007396247682528032,0.7810959401929738
Chongqing Municipality,453,gennorm,2.011108577999478,-0.10315024808647834,0.7850199927714396,2.008614467993824,-0.02370069200498845,0.8034391884808516
Chongqing Municipality,454,gennorm,1.850340006870062,-0.11100870010635103,0.7895758312077086,2.553814830797512,-0.006657636002677551,0.9110532994371183
Chongqing Municipality,455,gennorm,1.8230516823001033,-0.06101108567001949,0.7774493053960251,2.1588755656298257,-0.023109038066131397,0.8806482541317759
Chongqing Municipality,456,gennorm,1.6538709845464055,-0.046289660606633976,0.719477324160283,2.499481086105454,-0.01633450551200022,0.9114631049814973
Chongqing Municipality,457,gennorm,1.5830191895061416,-0.1090389327577107,0.7208678130219459,2.1064565981075463,-0.006672909922583141,0.796801353826299
Chongqing Municipality,458,gennorm,2.0001507911731373,-0.03697372073443384,0.8246409289699312,2.153105601930624,0.0009648273790474938,0.792033007349618
Chongqing Municipality,459,gennorm,1.7671970998674258,-0.0921418309248325,0.7504775559686556,2.2753488631145395,0.002124965788629935,0.8611601581527342
Chongqing Municipality,460,gennorm,1.6802575094942802,-0.080234597932705,0.7517520663215425,2.014764061514666,-0.011834950738455793,0.8208393406304256
Chongqing Municipality,461,gennorm,1.9559368532889811,-0.10167488418887428,0.8345006796801986,1.8922327735845677,-0.02057215163782559,0.7682183032615251
Chongqing Municipality,462,gennorm,1.8132274858265975,-0.037742342497147016,0.7317465891943398,2.012947105661402,0.01215578870183438,0.7904244165158786
Chongqing Municipality,463,gennorm,1.7582060060743738,-0.10937710115877008,0.7900502691618321,1.9268238054889841,-0.02628554343788659,0.7840508481851867
Chongqing Municipality,464,gennorm,1.729083839202037,-0.0576640435487611,0.7575119443700351,2.2451511027103073,0.030545759610943524,0.8191029953021055
Chongqing Municipality,465,gennorm,1.7173787393269895,-0.11145681236060925,0.7302586427978669,2.0942803190792234,0.043286529982720104,0.8222019046315484
Chongqing Municipality,466,gennorm,1.6066634841724383,-0.102280139009125,0.678573623083653,2.2745676791287064,-0.03301786514756566,0.8719115900554619
Chongqing Municipality,467,gennorm,1.7277573020812267,-0.094457636689743,0.7356173771962357,2.2578451318666133,-0.02465323110096687,0.8890998162006197
Chongqing Municipality,468,gennorm,1.8307857097211402,-0.09120903963166338,0.7228829660220311,2.3011536081019663,0.025904689542789787,0.8583886830849752
Chongqing Municipality,469,gennorm,1.8222900082740985,-0.055012497260435604,0.8138867042488936,1.8985977338935418,-0.021525720620106527,0.7927720726632863
Chongqing Municipality,470,gennorm,1.6477708453775728,-0.0908683778712308,0.7040333723476814,1.8335318872050694,0.029749630662483182,0.7442364778672799
Chongqing Municipality,471,gennorm,1.6805918483772226,-0.054259360566891554,0.7515933029055444,2.142103017785864,-0.018650696892001307,0.8148270871551171
Chongqing Municipality,472,gennorm,1.6565571683525655,-0.10286572118231894,0.7563615226923109,1.9798422238208597,-0.037048476546211934,0.8190645658534155
Chongqing Municipality,473,gennorm,2.158775217607629,-0.11365943321293812,0.8721740696303679,1.886731207249842,0.042572044515869864,0.7907582678641178
Chongqing Municipality,474,gennorm,1.6834384406523062,-0.09574763038269996,0.7601142982325431,2.1376946834764827,0.002642852553703767,0.8264940618147003
Chongqing Municipality,475,gennorm,2.049928834413924,-0.08146365650009393,0.825080873870961,2.293123368553485,0.013682309504662114,0.9083910832224722
Chongqing Municipality,476,gennorm,2.2469860552166283,-0.06490724009412793,0.8505988140094465,1.9987331250610119,-0.020899871028108495,0.7912573304866599
Chongqing Municipality,477,gennorm,1.7129679340176942,-0.14090886843481676,0.7894136715143711,2.3997318892150963,0.002214107854985151,0.8956851078657808
Chongqing Municipality,478,gennorm,2.2512486438038826,-0.12338698931719563,0.8515554131105509,2.422051212691732,0.006324971578290449,0.9250226244757522
Chongqing Municipality,479,gennorm,1.6988652063456904,-0.07010854589010072,0.7474546422046067,1.9770131772278,-0.01964834423499638,0.8427070993433476
Chongqing Municipality,480,gennorm,1.9662288941680108,-0.06577648461701041,0.805703865913163,2.060017920139777,-0.015313603233371598,0.8046817935332381
Chongqing Municipality,481,gennorm,1.9278149258581507,-0.05086705423912224,0.8145961830066555,1.8523606418024403,-0.01012510341128628,0.7617009247611032
Chongqing Municipality,482,gennorm,1.7147154550766313,-0.0633592321305568,0.7438650664691431,2.2067529542295956,-0.012242005521402931,0.8349760362636061
Chongqing Municipality,483,gennorm,1.9297486147126188,-0.07215493057258157,0.7827456680413216,2.3759029288047047,0.02378121978595126,0.8698922412962892
Chongqing Municipality,484,gennorm,1.8578802675164168,-0.12294578326319339,0.7860134103516805,1.9032209818009913,-0.007813215943065287,0.823073310411339
Chongqing Municipality,485,gennorm,2.442039218204245,-0.10524523539443328,0.8823886250994406,2.0355865501774004,-0.05196608208704427,0.843235658320368
Chongqing Municipality,486,gennorm,1.9521906730867329,-0.07550669309172608,0.7775035243813653,1.9374348692947545,0.04286704750033912,0.7823104338413356
Chongqing Municipality,487,gennorm,1.8155858486301044,-0.09414386831758212,0.7366501576319381,2.0119442843315216,-0.022300335974288404,0.8076520190213012
Chongqing Municipality,488,gennorm,1.939188071440877,-0.11709214983529612,0.8656349331878064,1.8043573982041115,0.0006264603981054194,0.7395045831862515
Chongqing Municipality,489,gennorm,1.7891539722928558,-0.08962643048213767,0.7928936156871518,2.089340344056488,-0.006452999869286283,0.8199458706297436
Chongqing Municipality,490,gennorm,1.7808898058338087,-0.07007613845766511,0.7281353190320895,2.3482554101993776,-0.04268592272514776,0.8692222932181816
Chongqing Municipality,491,gennorm,1.751463840802121,-0.08507458703592621,0.7845281259302216,2.929973891939693,-0.02730969804174247,0.9692982368422699
Chongqing Municipality,492,gennorm,1.6054123157678413,-0.09134321581941951,0.7317267776919344,2.1280383202131192,-0.04917519959075503,0.8247254841763586
Chongqing Municipality,493,gennorm,1.898115627856319,-0.10340785202069887,0.8457141346429189,2.3909817867094416,-0.006486776453519001,0.8442997063648954
Chongqing Municipality,494,gennorm,1.8502714506153206,-0.039669374874028884,0.8506687287631661,2.125935964160136,0.01160823899885028,0.8669609602857922
Chongqing Municipality,495,gennorm,1.872657221293505,-0.10051251237313746,0.8207489712816727,1.9668364772063427,0.00956122947291942,0.7854572346313714
Chongqing Municipality,496,gennorm,1.9368806821212041,-0.1042045920643343,0.7886013785874593,2.2646598326559495,0.008480828153850253,0.8617373595569615
Chongqing Municipality,497,gennorm,2.4626170116716715,-0.08374450505707959,0.9447755088268668,2.0529976764021693,-0.0019223807620527388,0.8555660076558507
Chongqing Municipality,498,gennorm,1.99474096887974,-0.09994259547832172,0.8251521361911782,2.187199982122767,0.011513393133235664,0.8554627782648934
Chongqing Municipality,499,gennorm,1.9668266779753707,-0.06279818146178295,0.8534812539504875,2.0901726391091966,-0.014143008165163751,0.8020304274105114
Chongqing Municipality,500,gennorm,1.7970463468042221,-0.07055739323897978,0.7531159260636273,1.8438274318747383,-0.03718555291287674,0.7518891797600549
Chongqing Municipality,501,gennorm,2.015133582100339,-0.11406252574629841,0.8016511598162426,1.9663673783657063,0.008492483320171346,0.8239773158102064
Chongqing Municipality,502,gennorm,1.6619299634237095,-0.12585033654284705,0.7473825163537973,2.0910097299078827,-0.04716574383569973,0.8047655102506236
Chongqing Municipality,503,gennorm,1.8670767756806437,-0.06621455228840285,0.783250757255731,1.7465821368426426,-0.034889864122653706,0.77047835415576
Chongqing Municipality,504,gennorm,1.9802007194122286,-0.07841866443087117,0.7910445503951332,2.0456912122545234,0.011777864412763652,0.8178560342054069
Chongqing Municipality,505,gennorm,1.87713553031568,-0.08227095255728839,0.758051974044675,2.3650751336735003,-0.029599621981578485,0.8322400891292241
Chongqing Municipality,506,gennorm,1.9026901421040996,-0.11487936887413383,0.7712703693100058,2.3785125291061844,0.003931378109611774,0.8601049206480832
Chongqing Municipality,507,gennorm,1.7609945330635306,-0.08555566397242387,0.7343395109853008,2.4054062227513775,-0.010052507120040003,0.890599580449442
Chongqing Municipality,508,gennorm,1.886989908327761,-0.09518744008296323,0.7576687246222324,2.053682420534977,-0.025895021115701335,0.8710205113475553
Chongqing Municipality,509,gennorm,1.9982634723552204,-0.018114504893600836,0.8116057805366355,2.455715934557987,0.010611250464062846,0.9349487886375252
Chongqing Municipality,510,gennorm,1.9508917940061257,-0.10745040092636977,0.7758583523468172,1.7852059560097815,-0.03292542685090591,0.742723211899913
Chongqing Municipality,511,gennorm,2.0326753085549494,-0.03904792529344191,0.8102142023447487,2.1068142537508505,-0.011638533571354803,0.8421129092001763
Chongqing Municipality,512,gennorm,1.8467687564113846,-0.07282366936198942,0.8220523094878276,2.141104395866118,-0.004116944890230774,0.8689410123619985
Chongqing Municipality,513,gennorm,1.9881158345195113,-0.10817772904505796,0.8239811398766552,2.099234497614308,-0.03691426250223852,0.8412826733961198
Chongqing Municipality,514,gennorm,2.105116277938654,-0.08504083410392002,0.7952457893691547,2.2515032866497755,-0.0406117427982675,0.8437025051389675
Chongqing Municipality,515,gennorm,1.9011123778275736,-0.12001231724453733,0.8688012737312458,2.05016313777404,-0.032124948856260424,0.8474055164746848
Chongqing Municipality,516,gennorm,1.8997561978905244,-0.10936083997131593,0.8269121061877873,1.9127283641692596,-0.016196422712066658,0.7802075608072352
Chongqing Municipality,517,gennorm,1.5405696021237063,-0.07653780483809836,0.7008446700917186,2.0313385594866724,-0.04028847452629848,0.7992745401587011
Chongqing Municipality,518,gennorm,1.7996576881584494,-0.03976216109797863,0.78647510173866,2.0503173107850103,-0.002207512569272428,0.8531483404511618
Chongqing Municipality,519,gennorm,2.1675805078947135,-0.07377583846149582,0.8099933321084913,1.9048823843538152,-0.025836500276338884,0.7628421692684719
Chongqing Municipality,520,gennorm,1.9164312403934827,-0.07933499473866704,0.825663014833705,1.962532196006497,-0.013131170442743676,0.7676156658062503
Chongqing Municipality,521,gennorm,1.85406650990733,-0.09036102612425609,0.7986578093803607,1.920803418355403,-0.034640712525286096,0.7675422056969485
Chongqing Municipality,522,gennorm,1.7733437455894954,-0.05366219268099494,0.7517497345918633,2.426454493290892,-0.007678452744590702,0.87271731685955
Chongqing Municipality,523,gennorm,1.7583767865727533,-0.10352178463256403,0.7809395534189019,2.0951964720226197,-0.0016894715782211733,0.8765420313812311
Chongqing Municipality,524,gennorm,1.7584570419908658,-0.05704883864357829,0.7683833239889521,1.856322731992711,-0.044689515851516974,0.7792407603587985
Chongqing Municipality,525,gennorm,1.770633252823913,-0.0921379554455064,0.7399744993897638,2.5698088828420067,-0.016818096402998375,0.9267203888375213
Chongqing Municipality,526,gennorm,1.7579203540107895,-0.05504587871641901,0.7440605514576462,2.034974150429767,-0.006672316419429197,0.8095683629042831
Chongqing Municipality,527,gennorm,1.754455032372209,-0.13920364652658052,0.7795209512503045,2.005869103782314,-0.016652558234643025,0.80737282148171
Chongqing Municipality,528,gennorm,1.9127250144398795,-0.08649171627697536,0.756939440606134,1.8691803466371906,-0.029641401296553453,0.7577935876152442
Chongqing Municipality,529,gennorm,1.939828835926003,-0.10103440800014124,0.8246912369287798,2.115790137623712,-0.016667731706981048,0.8156727655295838
Chongqing Municipality,530,gennorm,1.851378438212437,-0.09266043965404458,0.7504544685406283,2.555462107355244,-0.038909489436448896,0.9249848655401458
Chongqing Municipality,531,gennorm,1.85834788863969,-0.08362822029998941,0.7389949652944443,2.121563353024224,-0.03595232686415345,0.8474163276892775
Chongqing Municipality,532,gennorm,1.7631107441591372,-0.10773188638959383,0.7631805331694046,1.96694473834062,-0.010047593951148556,0.8203570591993734
Chongqing Municipality,533,gennorm,2.141389167313706,-0.1132373741068915,0.8127984259952411,2.1281411658594016,-0.005980392667809451,0.8546193822468808
Chongqing Municipality,534,gennorm,1.922376833736375,-0.08298528286754889,0.7677458678749199,2.3131390356013766,-0.03339238263293634,0.8830162604890679
Chongqing Municipality,535,gennorm,1.7585003071074674,-0.08607824874222428,0.7327437980469196,2.1680741215984227,-0.02989420824910357,0.8402272467815476
Chongqing Municipality,536,gennorm,1.8061630133133257,-0.09716730005180241,0.776768744136132,2.5260912499022106,0.012326849906792465,0.8760624235819932
Chongqing Municipality,537,gennorm,1.8564358568718617,-0.09077417603745909,0.7880899653479714,2.0021095766041395,-0.01091434437119964,0.8217747304540395
Chongqing Municipality,538,gennorm,1.7975440416055068,-0.07299995648365787,0.7984831873090357,2.0538842549592986,-0.015559582876071459,0.8130407013431098
Chongqing Municipality,539,gennorm,2.013004453807203,-0.13419550506216105,0.835188320566453,1.9960884065393556,0.025062748149345608,0.7781743776967034
Chongqing Municipality,540,gennorm,1.8908077718942913,-0.0888175829379978,0.8216713655036405,2.076729919197372,0.019302802505294443,0.8782337885594556
Chongqing Municipality,541,gennorm,2.0573485049900704,-0.1077831725865537,0.8643895390538081,1.8236606607225672,0.007145341628305074,0.7845360522416156
Chongqing Municipality,542,gennorm,1.926017450586659,-0.08505580565077213,0.7751901653955804,1.844046994171915,-0.043458367706883286,0.7814644312827463
Chongqing Municipality,543,gennorm,1.8133122726498927,-0.11939903612802018,0.756553936773009,2.0786791935821256,-0.012983548688663213,0.8423126794276741
Chongqing Municipality,544,gennorm,1.747965501555723,-0.07177510824212752,0.7419146719618428,2.2355057771967104,0.013938572346629817,0.8565138269640513
Chongqing Municipality,545,gennorm,2.3423545091149025,-0.06799787504175733,0.8474865981177031,2.1739877955020717,0.0066764803023952254,0.8723087313599157
Chongqing Municipality,546,gennorm,1.7916808589241429,-0.08822834112159714,0.7507441484933735,1.9753599018196208,-0.013511569218659612,0.7877094046631365
Chongqing Municipality,547,gennorm,1.7056666471041957,-0.06384358783087254,0.744791667121942,2.512010648602927,-0.005193562880099682,0.8879025779198206
Chongqing Municipality,548,gennorm,1.7327276154674645,-0.10261373908131007,0.7151369801234515,1.8863926103736217,-0.00016376803938579102,0.8150399566388149
Chongqing Municipality,549,gennorm,2.194680432282899,-0.08823073182264451,0.8535412866669904,2.008748177580304,0.014855933272554703,0.8286010069792507
Chongqing Municipality,550,gennorm,2.0300885008715026,-0.09811996334423831,0.839508836828037,2.1381804812601723,0.014611431466512611,0.8262035041912652
Chongqing Municipality,551,gennorm,1.7692587697939581,-0.08064231784718252,0.7913712476747723,2.212867140843331,0.013217685512727851,0.8208529197574886
Chongqing Municipality,552,gennorm,1.9179123980363904,-0.08081495741223771,0.7871937541775338,1.840553226563677,-0.022042069593561753,0.801513138312088
Chongqing Municipality,553,gennorm,1.8577172569365232,-0.045994455940394835,0.8232521366104226,2.266244643142544,-0.0010948235470603588,0.861221445998114
Chongqing Municipality,554,gennorm,2.2788061109135365,-0.08560608978925507,0.8410807110477583,1.8145322208870094,-0.04233759567171887,0.7588997786362917
Chongqing Municipality,555,gennorm,1.5835946836934878,-0.058412479981375526,0.739954962220545,2.1798467949190514,-0.02969834119645575,0.8199342266590887
Chongqing Municipality,556,gennorm,1.7266770321552163,-0.09020152229975256,0.7221130437474286,2.064633897936324,-0.03851314291579473,0.8273883364285468
Chongqing Municipality,557,gennorm,1.738524084717814,-0.11398941993859378,0.7407841692012986,2.2542595806177825,-0.043826890142491595,0.8255409898996564
Chongqing Municipality,558,gennorm,1.7738827967118869,-0.06130974258936108,0.764258299069513,1.991024127898937,-0.01753116233693445,0.8121684423477558
Chongqing Municipality,559,gennorm,1.7421861124554547,-0.06566495283254795,0.7918697756071391,1.8125373439747736,0.034977733119043446,0.7857264796675861
Chongqing Municipality,560,gennorm,1.9626964754966219,-0.08606952709941626,0.792031291597733,2.120025933688933,-0.002100808487378055,0.83736326598701
Chongqing Municipality,561,gennorm,1.7918454353196016,-0.05717694233233689,0.7871035686021726,1.9707354468630578,-0.0328007239344701,0.8015518219064269
Chongqing Municipality,562,gennorm,1.8228699225938858,-0.05725383579275739,0.773042519394345,2.0142376225877037,-0.013533048884565935,0.8275824051354377
Chongqing Municipality,563,gennorm,1.6858017121347966,-0.06943642172564388,0.7388217513675948,1.7589992325736112,0.003127481188502065,0.763366993499127
Chongqing Municipality,564,gennorm,1.657156282349272,-0.12484777285424256,0.7167231682962341,2.201342452952482,-0.01115799156225293,0.8342296849945761
Chongqing Municipality,565,gennorm,1.8810133073988253,-0.11969649646644043,0.8195030463848596,2.104216570440852,-0.02568927991029163,0.859641335006377
Chongqing Municipality,566,gennorm,1.779233429496033,-0.10857414653910119,0.7532224587487493,2.05139584661001,-0.023620143290148415,0.816508805069105
Chongqing Municipality,567,gennorm,2.053266897762324,-0.11508359845632532,0.7751312158822052,2.2672787538131827,-0.004329099939851727,0.8423718522060795
Chongqing Municipality,568,gennorm,1.6360801207252527,-0.1326006162460548,0.7662185106847371,1.9243740476579325,-0.03203589879452011,0.8114007246223991
Chongqing Municipality,569,gennorm,2.0366158961434184,-0.10560598226794465,0.8348130336889861,2.2234192896836924,-0.0075185668646389914,0.8549014205755207
Chongqing Municipality,570,gennorm,1.7296347859205763,-0.08677286793226034,0.7655485940568112,2.617538476208731,0.025550180877903894,0.887544310553364
Chongqing Municipality,571,gennorm,1.650590819368494,-0.07606413451637498,0.722009755693845,1.9139404441146728,-0.0004019725435883049,0.7624459875378671
Chongqing Municipality,572,gennorm,2.089810617316298,-0.11697365228011043,0.8377755391247405,1.8897674800005282,-0.02769062732861497,0.7829662406117976
Chongqing Municipality,573,gennorm,1.743954005753887,-0.07845954835473959,0.7488623788186295,2.2535119848749505,-0.006013454257990252,0.8218449694689052
Chongqing Municipality,574,gennorm,1.787274289716147,-0.04976503997777957,0.7474620133715946,2.4196676439051084,-0.022401141236754872,0.8876604208134513
Chongqing Municipality,575,gennorm,1.730990945003955,-0.06294830592548525,0.7674050402872732,1.9407505394181968,-0.021470475300076418,0.793144050819715
Chongqing Municipality,576,gennorm,1.9399042106875548,-0.06457694035995748,0.8133788482046089,2.1095521383625675,-0.01794000919645708,0.8538125646411496
Chongqing Municipality,577,gennorm,1.6014748969755384,-0.10023543827809536,0.7421784684492848,1.8709479011721935,0.03992342051185105,0.7973373286395677
Chongqing Municipality,578,gennorm,2.4171984216090596,-0.07452727565431683,0.8779857851299772,1.8610336975646322,0.0033772417575529574,0.7570516078922005
Chongqing Municipality,579,gennorm,1.8031214321260578,-0.07985027861365393,0.7763212809823685,2.0008223094472237,0.010189954078778495,0.8065438717013769
Chongqing Municipality,580,gennorm,2.5185215054421928,-0.10608411132591103,0.8997223790952684,2.0012026661357227,-0.01720550259495184,0.7941592178975969
Chongqing Municipality,581,gennorm,2.138362062457806,-0.09232962086958829,0.8534274584459738,1.7885977296444056,-0.03184734896782893,0.7785222288282166
Chongqing Municipality,582,gennorm,1.919689208377868,-0.06778839399915833,0.7890261168354484,2.509274536021116,-0.006437344189907924,0.901053368653055
Chongqing Municipality,583,gennorm,1.9330775116749392,-0.08052911953675967,0.8056904988203255,2.101829019248978,0.0036842183403730955,0.8177406082692324
Chongqing Municipality,584,gennorm,1.9530664949615313,-0.12780588337201895,0.8322034936474922,2.1423189072504663,-0.008291731490635754,0.8166924199935943
Chongqing Municipality,585,gennorm,1.5339285105685336,-0.08432827830606954,0.6737147842073878,2.2472453726334254,0.013383387943346058,0.8630067815292097
Chongqing Municipality,586,gennorm,2.165034630223807,-0.09074057621121295,0.8443634623615986,1.9982502901216117,0.022525466237880272,0.7850985520326752
Chongqing Municipality,587,gennorm,1.7037190353272826,-0.11846039790561023,0.7315132510980094,2.1582011408685484,0.01801843246035032,0.843362313563738
Chongqing Municipality,588,gennorm,1.7643323521249654,-0.13231872090014302,0.7653562027952456,2.4756213364215114,-0.005402395961403399,0.9089946821582969
Chongqing Municipality,589,gennorm,1.855344842757538,-0.14482790821343502,0.7287335853927333,2.2847397853796507,0.012067430182928841,0.8905027752767916
Chongqing Municipality,590,gennorm,1.4236712212389593,-0.05886570685651501,0.6364006320296084,2.213227688992671,-0.037695454090482555,0.8602869850630153
Chongqing Municipality,591,gennorm,2.3345337155356622,-0.1314114170930693,0.8845981235664071,1.946576272384197,-0.026647302066262486,0.8000576588027448
Chongqing Municipality,592,gennorm,1.9563763880423246,-0.10500659551339239,0.7910705155557787,2.4029302185000847,-0.0039274585870902445,0.8926609072672
Chongqing Municipality,593,gennorm,1.6499052728189905,-0.07593195943055715,0.7582509058913226,2.2685981385694785,-0.08368837207495608,0.8744004129446733
Chongqing Municipality,594,gennorm,1.649467144149729,-0.06987770916001906,0.746311346844369,2.232461437759205,-0.03917485032232923,0.8653574177668519
Chongqing Municipality,595,gennorm,1.8875555404069204,-0.07925683152644639,0.79515899944439,2.2622916980706007,-0.035862321581941276,0.8553018822868638
Chongqing Municipality,596,gennorm,1.7987797674308914,-0.12674053511651712,0.7513775275088616,2.15631732342033,-0.008765076195761189,0.8736815575610539
Chongqing Municipality,597,gennorm,1.990235750829409,-0.13508211523441774,0.801972865250413,2.238421205586902,0.007576268746364233,0.852010921394746
Chongqing Municipality,598,gennorm,2.0133918063395058,-0.06371430932263446,0.8044842360103208,2.2593718540259218,-0.04368070815090279,0.8543146814383229
Chongqing Municipality,599,gennorm,1.6055702217277974,-0.11044055154902763,0.7551365328603832,2.371963341974263,0.012621566343300028,0.8605492405836532
Chongqing Municipality,600,gennorm,1.8425694140775892,-0.11311280938296255,0.7516399412113091,1.8185481575539648,-0.03171525685056485,0.8024082965117731
Chongqing Municipality,601,gennorm,1.7369974958403405,-0.08409086366261467,0.7448071821059841,2.1517608530072403,-0.034650381968050384,0.8522514792949244
Chongqing Municipality,602,gennorm,1.74146608040192,-0.06795668300935456,0.7515712987677855,2.3687428856162915,-0.032096407783465584,0.8714226834786458
Chongqing Municipality,603,gennorm,1.8910276897812746,-0.06171341781036459,0.7877510977303803,1.9696660277146014,0.025725703784222682,0.8153262890188788
Chongqing Municipality,604,gennorm,2.416893653322387,-0.056992144434277976,0.8753359107404598,1.8043918215874162,-0.006861290978502467,0.7539530631235747
Chongqing Municipality,605,gennorm,1.5005229450231647,-0.08208578245069291,0.6859668213635621,1.783902115402904,-0.029012805485591188,0.760317513728197
Chongqing Municipality,606,gennorm,1.549361339476219,-0.09168395427407722,0.6936135371420105,2.0689211684486093,-0.011416680731927746,0.8087596527943675
Chongqing Municipality,607,gennorm,1.6139992667456748,-0.10196778095135861,0.717539955198919,1.8908651878279406,-0.03078568022967667,0.7635027348069583
Chongqing Municipality,608,gennorm,2.004036816127437,-0.07162648304818141,0.8107424684126645,2.088376778910825,0.018417258477399674,0.8437930400579778
Chongqing Municipality,609,gennorm,1.633716068551738,-0.1284007762230479,0.7290147819861328,2.161048734582913,0.025468665264088558,0.8249248289046709
Chongqing Municipality,610,gennorm,1.984538334207095,-0.06737111870882115,0.7999847895810663,2.542560453766451,-0.009538282337228674,0.8747496836723001
Chongqing Municipality,611,gennorm,1.9952444387825397,-0.07349288909347793,0.8294560138532427,2.1633194368398385,-0.03133981473272725,0.8476682843661929
Chongqing Municipality,612,gennorm,1.994903542120488,-0.09663249711613893,0.7837456133791685,2.2377155289396757,-0.023411896716837653,0.8684098631675096
Chongqing Municipality,613,gennorm,2.0686440209438652,-0.08481566366737703,0.8377771995807621,1.8719371017902708,0.000678546914756809,0.7973704821370882
Chongqing Municipality,614,gennorm,1.6080927118844675,-0.061556168200812875,0.7417499033041626,1.930169311442711,-0.018392249020708323,0.7790660747855155
Chongqing Municipality,615,gennorm,2.409336290613955,-0.06607333816206473,0.9362565662505695,1.9670705073852108,0.0001765270623985038,0.8202863981841293
Chongqing Municipality,616,gennorm,2.0131866397727087,-0.0975008985577944,0.8456138947987241,1.9254520023948691,0.020540048703719456,0.7614724359462683
Chongqing Municipality,617,gennorm,2.2272211264919273,-0.06219827358736485,0.8998757442133063,1.7982815757632982,-0.011503649181488837,0.7527275985961327
Chongqing Municipality,618,gennorm,2.0718554151644337,-0.10849710144318583,0.8220675797640067,1.901923425930542,-0.010319430833327738,0.7331902056596186
Chongqing Municipality,619,gennorm,1.8889675085196695,-0.07417547428900031,0.8126127869713278,2.143720831999239,-0.036087366061023335,0.8475950587060013
Chongqing Municipality,620,gennorm,2.104846250297199,-0.055774797241701965,0.8502326392264665,2.329219634966603,-0.03305655525425918,0.8843907608175545
Chongqing Municipality,621,gennorm,2.0198567621572376,-0.07967094987540294,0.8391563329047712,2.281688568830516,-0.025094512320168676,0.8404179270702057
Chongqing Municipality,622,gennorm,1.8194535403160814,-0.12673322427745698,0.8295513336239249,1.951299318577961,-0.03636569827544739,0.7886516721777094
Chongqing Municipality,623,gennorm,1.5752145801251682,-0.10410892256719573,0.6621741529544021,2.3411767444143834,-0.026146670752067877,0.8558507402010331
Chongqing Municipality,624,gennorm,2.051077187906004,-0.09358163529220975,0.8116640387410148,2.581140290238199,-0.062093306408063126,0.8887897899707111
Chongqing Municipality,625,gennorm,1.7958119110610977,-0.061025787159000686,0.78223556906945,2.1994539339124666,0.012348416016020849,0.85788757363946
Chongqing Municipality,626,gennorm,2.3133840778772043,-0.09718560454821643,0.9039932571169421,2.099700084762194,-0.029971802637506324,0.8075318207524198
Chongqing Municipality,627,gennorm,1.7828290854486382,-0.061107837427800446,0.758539981418572,2.2318945265544974,0.0059832828899299365,0.8878997862014463
Chongqing Municipality,628,gennorm,1.8178211697140167,-0.10227000821314802,0.7899748262327104,2.325379376212168,-0.046985955921393804,0.8514813424042371
Chongqing Municipality,629,gennorm,2.3138039627423255,-0.08681328819757124,0.8577289368611857,2.392120633195785,0.014323949986672392,0.8406311861836225
Chongqing Municipality,630,gennorm,1.7908800060712724,-0.08164418562957569,0.7502239037873462,2.0072198255641824,0.030143997438395565,0.8290573986600832
Chongqing Municipality,631,gennorm,1.836776272239106,-0.09379782734935002,0.8213922362724293,1.9115615224730833,-0.04557178632914928,0.8455357020995398
Chongqing Municipality,632,gennorm,2.4088037580410493,-0.07963946903481578,0.892343548513457,2.8595079955047567,-0.02103583824329345,0.9039914479170166
Chongqing Municipality,633,gennorm,1.9723990258417814,-0.07169546413200917,0.797278691697807,1.982000143789712,0.0033902682322645827,0.8194878855034591
Chongqing Municipality,634,gennorm,1.9173212025290685,-0.04383430233324646,0.806505810950013,2.351695682621812,-0.004541597408174405,0.8674319151132381
Chongqing Municipality,635,gennorm,2.303154075954254,-0.09263191275678578,0.8863415596515691,1.8461698033173772,-0.01786334175210342,0.7671841845457082
Chongqing Municipality,636,gennorm,1.9730541220398872,-0.08869604984403986,0.8114413692733549,2.1764519096108996,0.01767761610863188,0.8705989430882226
Chongqing Municipality,637,gennorm,1.8653570218023237,-0.1094027599600253,0.8215079130269605,2.405883678630281,-0.0008397976419031489,0.9128351584703531
Chongqing Municipality,638,gennorm,2.2577785185626498,-0.05274117309154036,0.8657654132457853,2.3662188251519023,0.03392991058468478,0.8770303059236035
Chongqing Municipality,639,gennorm,1.7491259486201325,-0.11559266268674326,0.7431498666459981,2.204941641740656,-0.012782604818126337,0.8495073431387992
Chongqing Municipality,640,gennorm,1.8341698562650122,-0.10411201421750045,0.7619567965263383,2.2750876991104665,-0.020991961332721472,0.8211092042929996
Chongqing Municipality,641,gennorm,1.917991070172123,-0.10475009613789289,0.7887922529022056,2.009368701820102,-0.04596772797123819,0.8413985127434789
Chongqing Municipality,642,gennorm,2.1993549542151474,-0.031194834333200406,0.8806957022224167,2.4086564074771646,-0.033547372565591066,0.8417707584730679
Chongqing Municipality,643,gennorm,1.889905514625084,-0.08154824222743703,0.7935973161768222,2.3714044294810144,-0.010206141270124435,0.8551714876823215
Chongqing Municipality,644,gennorm,1.7743558412679612,-0.07375109900913823,0.7593763030395724,2.0707872972023544,-0.051812263502789335,0.8277027886320013
Chongqing Municipality,645,gennorm,1.7600401841872588,-0.08195115040494176,0.7315596349177735,1.8670783965006656,-0.01394472491046056,0.7729378059817438
Chongqing Municipality,646,gennorm,2.0688297604912487,-0.11041889352285572,0.812894651862881,2.2523874388105765,-0.0012698676810378603,0.8956415315257014
Chongqing Municipality,647,gennorm,1.661557604902708,-0.1420912627543387,0.7612915732109087,2.055671508242712,0.0015747803503826836,0.8177748529076843
Chongqing Municipality,648,gennorm,2.185776157962806,-0.058279474269143816,0.8206783064885238,2.0462225941673706,0.03365240124616646,0.7773164813607383
Chongqing Municipality,649,gennorm,1.7447074971020404,-0.11093417142691667,0.7681985895125183,2.249007400364098,0.005611322180215978,0.7901156224200406
Chongqing Municipality,650,gennorm,2.2380064926889593,-0.1045388267569419,0.8619436895844412,1.8962420792304213,0.026208200905304846,0.7770688283190179
Chongqing Municipality,651,gennorm,1.792311731542235,-0.09178635892072842,0.7761642801930532,1.75305213616031,-0.009497918137524021,0.7497675288925325
Chongqing Municipality,652,gennorm,1.8498202821211425,-0.09099969796424001,0.7990675216618122,2.2740552689829228,0.03337441760923987,0.8481951360087523
Chongqing Municipality,653,gennorm,1.5874770686413178,-0.09890693435910522,0.7134006837198883,2.0080587252058724,-0.011065128609642252,0.8417020870511986
Chongqing Municipality,654,gennorm,1.62036572144206,-0.10908036609985974,0.7135017720178676,2.1893597722088862,-0.04652041963366083,0.8237891913592685
Chongqing Municipality,655,gennorm,1.7008892203635875,-0.17863385991250308,0.740627083466254,1.9414606185394785,-0.017754786490458994,0.8124899037955504
Chongqing Municipality,656,gennorm,1.9838555417723027,-0.08008513032838097,0.7862253385373255,2.2781419001553855,-0.01935493853022794,0.8011684728321162
Chongqing Municipality,657,gennorm,1.7209539750792233,-0.12252320755897952,0.7277296605196262,2.6626552819462344,0.01865042303638724,0.9468382139793072
Chongqing Municipality,658,gennorm,1.9545637904301527,-0.06959114547556475,0.8164378945540047,2.123352517465177,-0.028509151370367157,0.8360448449776772
Chongqing Municipality,659,gennorm,1.91857222072094,-0.05293883024183455,0.798446212429217,2.1300109323185454,0.02656821768685004,0.8313877079618702
Chongqing Municipality,660,gennorm,2.0288294495030876,-0.12262232901648767,0.8099318185901458,2.173423909201416,-0.021392553188495624,0.84047102481725
Chongqing Municipality,661,gennorm,2.1824935160941905,-0.050298086728419775,0.846407994953664,2.246885208312528,-0.05098521926640493,0.8644031558789427
Chongqing Municipality,662,gennorm,1.7536127910888037,-0.08927858607310055,0.8110209873131957,2.046180887671494,0.002832115506831155,0.8239966859358732
Chongqing Municipality,663,gennorm,1.5835843564891703,-0.07230284296539988,0.7445265110480008,1.7774166824358333,0.045739964055999595,0.7715423206633143
Chongqing Municipality,664,gennorm,1.7800203980696825,-0.08997647706729092,0.7890552813772049,2.0175656599244265,-0.03729420120059193,0.8387477664618639
Chongqing Municipality,665,gennorm,2.116171362674196,-0.07963895364129883,0.8631537644296101,2.010181862178498,0.02221719587116896,0.8313427006787956
Chongqing Municipality,666,gennorm,1.7511274081367092,-0.10580753866797457,0.7937250260282465,1.9454025028272866,0.0005762461644110943,0.7696279501852854
Chongqing Municipality,667,gennorm,1.8911145391983841,-0.09906914576577205,0.8036486146365623,2.3365304389633383,-0.01177145014546916,0.8760984869910402
Chongqing Municipality,668,gennorm,1.999425525382097,-0.06647782000139449,0.7702886876592947,2.084222078031175,-0.0017367971325352883,0.8811628396842273
Chongqing Municipality,669,gennorm,1.818130814736675,-0.09893288955086058,0.8076549541218573,1.9625978114312246,0.007336091640489624,0.8147950044435626
Chongqing Municipality,670,gennorm,2.037734829326102,-0.08129843667935167,0.8045833871879322,1.5304606259485969,0.026503602421276418,0.6871188583146633
Chongqing Municipality,671,gennorm,2.03909820580438,-0.10543130954677846,0.8096911987689861,2.1962591836437806,-0.05580531157436382,0.8963344840839864
Chongqing Municipality,672,gennorm,1.8855035321463298,-0.12354579053926998,0.7746433040941594,2.0410191477522783,-0.0161506879154465,0.8099855610403445
Chongqing Municipality,673,gennorm,1.9897239160052047,-0.09959596353736477,0.8301472322209469,2.269246370689811,0.017093810994364553,0.8510959038712256
Chongqing Municipality,674,gennorm,1.9818863820291646,-0.0595171499278104,0.775625865201903,2.104963542869908,0.014841039640813708,0.814237635504105
Chongqing Municipality,675,gennorm,1.640611008638167,-0.10062015173996358,0.7557038926464114,2.0702095809193835,-0.03268636313372961,0.8033497760749738
Chongqing Municipality,676,gennorm,1.733818175537184,-0.06215265726327736,0.7745146446754586,2.1863195464720526,-0.006688575480671862,0.8311586269321583
Chongqing Municipality,677,gennorm,1.943150935222661,-0.08342887645251719,0.8614255825563739,2.000367185792274,-0.0184723827562727,0.8171496509322475
Chongqing Municipality,678,gennorm,2.103165191284041,-0.09973274784997593,0.839041029289294,2.00489843188229,-0.0008410468551739176,0.8556680992505503
Chongqing Municipality,679,gennorm,2.02794209310547,-0.07394908013835286,0.8146686893135777,2.259417894780216,0.026174736714439362,0.8461894014716533
Chongqing Municipality,680,gennorm,1.6626663359235643,-0.0759900600966373,0.6804709185922877,2.034154965329132,-0.012868409528350899,0.849208250750566
Chongqing Municipality,681,gennorm,1.9511710350554303,-0.09555213487276501,0.7912496840738226,2.088948914927215,-0.007216981848758703,0.8114784821094851
Chongqing Municipality,682,gennorm,2.057083002981974,-0.0868927218713729,0.8068076527051514,2.681641187750496,0.01819983378595831,0.9334685982365114
Chongqing Municipality,683,gennorm,1.902857013493561,-0.12010968307512404,0.7936387987275904,2.1171770796116443,0.004229751159769529,0.825214400632094
Chongqing Municipality,684,gennorm,1.6649930264952135,-0.06413864244476333,0.7262287771618325,2.1701196823899123,-0.03612294254943361,0.8374544334573097
Chongqing Municipality,685,gennorm,2.1092832314110317,-0.1094379307137405,0.8705386522223316,2.038481812119504,0.008785441322861853,0.7803713759290338
Chongqing Municipality,686,gennorm,1.8535300414821896,-0.04993755098434423,0.768085789322416,2.127354397813095,-0.03308102718509632,0.7949027913958229
Chongqing Municipality,687,gennorm,2.217252494695561,-0.080258887777326,0.8866595779260391,2.3829697059209973,-0.022806930491992644,0.8197874380898025
Chongqing Municipality,688,gennorm,1.9253205660932942,-0.10611662970658758,0.7901518405854533,2.183956258944653,-0.002863192397130691,0.8280300315213567
Chongqing Municipality,689,gennorm,2.156070388075207,-0.04670332078306831,0.8458256735910062,1.8964734529572556,-0.03516905353464157,0.7622420417873066
Chongqing Municipality,690,gennorm,1.9624594883700377,-0.09092041169956569,0.8151137246923494,1.8850259382368133,-0.06972663120155917,0.8082235177625213
Chongqing Municipality,691,gennorm,2.1176520238523633,-0.07139070030387246,0.9018232792277181,1.995217989546875,-0.022555713507695647,0.8209909514097784
Chongqing Municipality,692,gennorm,2.199521378229782,-0.11068167946743944,0.8245899318440605,1.9371057632023385,-0.05822974025048247,0.8009488102286615
Chongqing Municipality,693,gennorm,1.8169974127148514,-0.06859745607045625,0.8129076128849508,1.7751019920537097,-0.03099685506274557,0.752171914549624
Chongqing Municipality,694,gennorm,2.1504573601115107,-0.06664322278418706,0.8395809901007357,2.4698356987832453,-0.0716949904151872,0.8985924650310384
Chongqing Municipality,695,gennorm,1.6921150906763625,-0.09100556649516105,0.72674513667276,1.802781464813186,-0.028379160594202063,0.7885297613121682
Chongqing Municipality,696,gennorm,1.7156056211151935,-0.1023946178607584,0.7550613083834017,2.4761491582382558,-0.00022099455625840326,0.8621807257584448
Chongqing Municipality,697,gennorm,2.013333173466407,-0.08978758686686597,0.8174879694648299,1.8411012211384072,-0.04127473781470428,0.786982894665706
Chongqing Municipality,698,gennorm,1.9229007401460523,-0.08134913756466869,0.7967339291999892,2.1812262486163396,0.008492093637123756,0.8274833506252628
Chongqing Municipality,699,gennorm,1.6653485647624722,-0.10128167151551798,0.74358148051724,2.3321049650421113,0.04675317658960877,0.8455041356439628
Chongqing Municipality,700,gennorm,1.809677867912388,-0.1177719651622782,0.7505488195671919,1.8363903632307697,-0.08078662927666089,0.7415044242100379
Chongqing Municipality,701,gennorm,1.7966892738881675,-0.07120665100503804,0.7526078444772312,1.899841800586437,-0.021234623586123234,0.8080529111829025
Chongqing Municipality,702,gennorm,1.989750128103739,-0.07609148220446055,0.7945538964924599,2.1670723108426415,-0.009808663915947596,0.8238056194752
Chongqing Municipality,703,gennorm,1.6327596575011571,-0.11024903537806935,0.7559410654614032,2.373590060130308,-0.023066947847798253,0.9082054081251258
Chongqing Municipality,704,gennorm,1.784091968306999,-0.10135757261092312,0.7819524286224496,1.8830949674102702,-0.004002655299908842,0.7929155999965947
Chongqing Municipality,705,gennorm,1.8913290957669893,-0.04795743084545602,0.768069842261647,2.326481311889487,0.010398799638698022,0.8498385559423653
Chongqing Municipality,706,gennorm,2.0460792663529146,-0.13514368471302182,0.8334803280157191,2.0539324489435913,0.0043799370576825605,0.8428788085576955
Chongqing Municipality,707,gennorm,1.6632664806692206,-0.10969696619273916,0.7260985239762541,1.7698699010296708,-0.01144838549827788,0.7853257817013333
Chongqing Municipality,708,gennorm,2.1677273959184684,-0.14488704256762197,0.8776389591991965,2.045252134700957,-0.010854515256653659,0.8778130010091523
Chongqing Municipality,709,gennorm,1.6309100322130428,-0.07793573278181387,0.7188789713263131,2.1713770977845264,-0.03544409036099953,0.8309822985212234
Chongqing Municipality,710,gennorm,1.8681629015779109,-0.13127000852325293,0.8177993837547042,3.01987409364813,-0.026308781011275914,0.9655176958753524
Chongqing Municipality,711,gennorm,2.09989001876866,-0.06220176120258157,0.8325218526556226,1.8406262586143505,-0.04220691740413329,0.8016586250407894
Chongqing Municipality,712,gennorm,2.2402059624752013,-0.11061170143107463,0.8772611185897687,1.900101693337401,-0.01017152193836775,0.822036004673677
Chongqing Municipality,713,gennorm,1.973160531217295,-0.05817269036475099,0.7974375092956456,2.1909935317248816,-0.01727382916769086,0.8502188251047644
Chongqing Municipality,714,gennorm,1.8946748309298682,-0.07067118088547336,0.7597265827089277,1.9612345052303766,0.002605716446643194,0.7698771075299202
Chongqing Municipality,715,gennorm,1.798493798271775,-0.039533852199820654,0.743246865226646,1.9143219527852795,-0.0018666015575400175,0.8151618941277521
Chongqing Municipality,716,gennorm,1.9041380508965082,-0.07225045242725282,0.7819081160577354,2.433256466440021,-0.04381666985062994,0.869432593608275
Chongqing Municipality,717,gennorm,1.8006062230816964,-0.04725890081073365,0.7680385433128805,2.3363161005291078,0.022680271780225685,0.9114937376379244
Chongqing Municipality,718,gennorm,2.0236068955135047,-0.10704449725575135,0.8347926061288358,2.324246850028414,0.0006833580658853662,0.8504959319705054
Chongqing Municipality,719,gennorm,2.259903827098009,-0.06657636169565967,0.8391838264051754,2.0098010683289713,0.06961430927035697,0.8211454099254292
Chongqing Municipality,720,gennorm,1.898108073543558,-0.05452912328093394,0.8225385859302472,1.9524814899832625,-0.0023202595125898016,0.7902009380873675
Chongqing Municipality,721,gennorm,1.8564428724059394,-0.09672520776945831,0.7682938354175695,1.707424296214549,-0.018878218007083163,0.7388360076784184
Chongqing Municipality,722,gennorm,1.878263008153085,-0.11906481950254633,0.7448500114680419,2.190879441225457,-0.02292417396096517,0.8358531716373023
Chongqing Municipality,723,gennorm,2.1670151795099284,-0.09859718232777186,0.9148978012516517,2.3617578252090743,-0.02902086332868237,0.9040727649138833
Chongqing Municipality,724,gennorm,1.911222308562591,-0.058503473080306435,0.8575822636068744,2.6223695256664863,-0.0038550258989691615,0.9272293524554454
Chongqing Municipality,725,gennorm,2.0713565678593326,-0.07201172152915172,0.8079962533728,2.360029456440588,0.016265602600522747,0.8651926485944844
Chongqing Municipality,726,gennorm,1.7380223238589645,-0.06077421517641121,0.699967394363227,2.156152960519651,-0.005603504278486661,0.8922235670785299
Chongqing Municipality,727,gennorm,2.1337250731933315,-0.10839869283787856,0.8923757694358222,2.3643106577699085,-0.00468652193165143,0.8717806482615578
Chongqing Municipality,728,gennorm,2.4545355774547657,-0.09561931219488379,0.92974953645681,2.004521654586182,-0.006063702987185743,0.8130402559318869
Chongqing Municipality,729,gennorm,1.779275279835772,-0.09353603342902495,0.7555908703301968,2.0637167868642656,-0.022359471200901142,0.8276822427481388
Chongqing Municipality,730,gennorm,1.7281863009633704,-0.05672792576328059,0.7485317633179667,2.1633111952287702,0.03795905547322047,0.8194725786925052
Chongqing Municipality,731,gennorm,1.79263029668868,-0.14618450282359463,0.7217845198174495,2.022242545821457,-0.0194462034739357,0.8164404978198809
Chongqing Municipality,732,gennorm,2.077511207334127,-0.10563773886305441,0.8330935150736807,2.3230351302829333,-0.05070018905468332,0.8205209842028507
Chongqing Municipality,733,gennorm,1.9191963418690645,-0.07169507648889774,0.7732461493681297,1.9069267951198139,-0.024032392815256404,0.8074213300687878
Chongqing Municipality,734,gennorm,1.959504275320609,-0.06690573184952525,0.8073717137956277,3.0638160794550124,-0.031789244110731474,0.9491285073663692
Chongqing Municipality,735,gennorm,2.0203575897468573,-0.07195995009457531,0.8307614832267946,2.819634443856911,-0.021036072373909594,0.9365181788395345
Chongqing Municipality,736,gennorm,1.8927248029689685,-0.05741094226911033,0.794329176769885,2.2254248054111176,-0.0036261648474591843,0.8634050256230325
Chongqing Municipality,737,gennorm,1.5609396693722382,-0.10708700648405574,0.6924957218789715,2.750219489807504,0.007901555526997117,0.9175977296152042
Chongqing Municipality,738,gennorm,1.9731082728110216,-0.09686431088381853,0.7968479331419396,1.9808669546381004,-0.05460494150616015,0.8172411067719421
Chongqing Municipality,739,gennorm,1.8402539807996845,-0.10375029486510519,0.7498569961780174,2.0537547907180027,0.024376145076758227,0.8365183156780501
Chongqing Municipality,740,gennorm,2.0579871612826794,-0.11191059519929741,0.838860808982809,2.106410323259192,-0.01922231326481683,0.8461970876633028
Chongqing Municipality,741,gennorm,2.071571824860981,-0.08655770502451535,0.8407489454459458,2.1771362749036367,-0.041748480061785415,0.7776686913433752
Chongqing Municipality,742,gennorm,1.545949562671117,-0.08924498064734215,0.7103157559242723,2.1792687930113432,-0.019931703846106905,0.894429770479412
Chongqing Municipality,743,gennorm,1.7524793138077364,-0.1340358407208087,0.7604473099791702,2.026536444204669,-0.032793831644454555,0.8458131676759824
Chongqing Municipality,744,gennorm,1.875981048327502,-0.09023525383255154,0.7988854878566196,2.1021041177998585,0.00824417456002283,0.8479482779605929
Chongqing Municipality,745,gennorm,2.130910427265592,-0.05317265383771849,0.823514721089307,2.5418105311134482,-0.04508259594871505,0.8578466137711613
Chongqing Municipality,746,gennorm,1.8434892207417732,-0.08168951227701887,0.7509494508034461,2.2878915666518074,-0.01739073282637897,0.8597555382749504
Chongqing Municipality,747,gennorm,1.9802588743914482,-0.11341340238578926,0.8608018238043252,1.9154127134049723,-0.03452722551085563,0.7952169650234064
Chongqing Municipality,748,gennorm,1.8779618603596122,-0.05449384397257779,0.8049567836243279,2.074343526660712,-0.02163209242780631,0.7948061656120178
Chongqing Municipality,749,gennorm,1.9393259799033697,-0.09463206177672749,0.8121668307434728,2.0021797859001733,-0.04348262691851723,0.8618954183396275
Chongqing Municipality,750,gennorm,2.103436907590992,-0.12788950236567176,0.8238211166767887,2.330248175227693,-0.014165479846098769,0.8709028559964369
Chongqing Municipality,751,gennorm,2.0624579786189425,-0.09784677805871307,0.8162011269507502,1.9225827523957404,-0.0002679635418117299,0.7836159231327253
Chongqing Municipality,752,gennorm,2.035228179657363,-0.1392598442553316,0.8091970069604917,1.9993346034034776,0.0203709427435756,0.8337219792831976
Chongqing Municipality,753,gennorm,1.9694363757591502,-0.07719325457730958,0.7996957091568899,1.9684544085254423,-0.03118512454754324,0.8267329002568998
Chongqing Municipality,754,gennorm,1.7516218648241055,-0.1020301430153468,0.8058003201845051,2.057263947903597,-0.04785864893116905,0.7613092355491615
Chongqing Municipality,755,gennorm,2.188230889087302,-0.10150417234959243,0.8672389967655609,2.048304421268824,-0.03745391650607569,0.8436967266878421
Chongqing Municipality,756,gennorm,1.9874958659995459,-0.07594516862951325,0.7890982534122444,2.1382962910220273,-0.012361768568158413,0.8332552437737981
Chongqing Municipality,757,gennorm,2.108129891724643,-0.1023653454289647,0.855679241051652,2.488015720321944,0.010276280217870356,0.9280170721930501
Chongqing Municipality,758,gennorm,1.6086435027475021,-0.14411537651272066,0.7389182996676561,2.281389799233211,-0.05890470234070403,0.8782852098244884
Chongqing Municipality,759,gennorm,1.6120721892539964,-0.09805497661474585,0.7166067578679816,2.2571160366784193,-0.00323173310485624,0.865500646487567
Chongqing Municipality,760,gennorm,1.8565174103666977,-0.10170136708528021,0.7517836013148844,1.944267573453679,-0.03615960699381522,0.7816291604394967
Chongqing Municipality,761,gennorm,1.8463488626959097,-0.10599900703710825,0.7573980734440644,1.8097575404830712,-0.024796260978789154,0.7491462806205135
Chongqing Municipality,762,gennorm,2.076725631413214,-0.07983657257810764,0.8457199742419621,2.410101019595561,-0.005006207380289767,0.908586786599004
Chongqing Municipality,763,gennorm,2.1753206369991824,-0.1173069608653799,0.8059556803299106,2.685734917106513,-0.0007103305677124388,0.8902731354431832
Chongqing Municipality,764,gennorm,1.8713280072590912,-0.09683243194954845,0.7633452780828829,1.6870201005452032,0.00602833366264301,0.7315461917037438
Chongqing Municipality,765,gennorm,1.6518501596417865,-0.0961769645874678,0.6875628910960476,2.2700635336746675,-0.02329133428368619,0.8932747501400943
Chongqing Municipality,766,gennorm,1.9241167377842088,-0.07299365054889827,0.8161666669825862,2.1016460075918,0.024158906422363517,0.8619308635772752
Chongqing Municipality,767,gennorm,1.878054193729307,-0.11321385628263622,0.772982997024805,2.113231185431733,-0.007073648398397076,0.8076874350073399
Chongqing Municipality,768,gennorm,1.5809490641028416,-0.11976800285060239,0.6840266241283209,1.9011629632666907,-0.009839038387792716,0.7630071999816632
Chongqing Municipality,769,gennorm,1.77343202281368,-0.12008749656057979,0.7640446277789174,1.9323607325544447,-0.0017947504421772069,0.7987932430808455
Chongqing Municipality,770,gennorm,1.9229157806480646,-0.10094538505582556,0.8013147516209942,1.683267266232097,0.00882951673612812,0.7511612046728575
Chongqing Municipality,771,gennorm,1.9576972055240738,-0.06689205152209883,0.780693502299235,1.912064932905691,-0.00020322079923429436,0.7970210462743554
Chongqing Municipality,772,gennorm,1.9566502728922575,-0.08028518433028915,0.8066943877710369,2.2056291030208888,-0.009368143684665238,0.8354331809501145
Chongqing Municipality,773,gennorm,1.7226877704821049,-0.0943864961111339,0.7382971792833515,2.1685607641462403,0.05188267555284309,0.7996672036087238
Chongqing Municipality,774,gennorm,1.7824153717671365,-0.08886269079228033,0.7201700511618558,2.688069126003449,0.011199291505347998,0.8992726755573273
Chongqing Municipality,775,gennorm,2.0658464925606337,-0.08885644419879926,0.8186786979177015,2.128878912305223,-0.02728761659801704,0.8572621854617555
Chongqing Municipality,776,gennorm,1.8194566953872533,-0.08686689025115982,0.812585663397287,2.818095575521491,-0.016166852237662052,0.9403838069099528
Chongqing Municipality,777,gennorm,2.025646695304954,-0.07113768014566424,0.8154626181364018,2.2407082391460627,0.010032392197089991,0.8968958308243369
Chongqing Municipality,778,gennorm,1.695010762457677,-0.14766913835761541,0.735591378586923,2.082622331727939,-0.010934725341934142,0.788846595135827
Chongqing Municipality,779,gennorm,1.6445514287327048,-0.11068070937204147,0.737303519425012,2.1477452054771478,0.0001256682090590465,0.8291476787966994
Chongqing Municipality,780,gennorm,2.0361794173717085,-0.09191967012269778,0.8348554121438952,1.9570597682666153,0.01602695583707117,0.7921576196430147
Chongqing Municipality,781,gennorm,2.092016238146321,-0.06903608833176689,0.7969811836594531,2.30432102280582,-0.026799364289359313,0.8619721969296623
Chongqing Municipality,782,gennorm,2.199435345251212,-0.10500161749994866,0.7952189889229596,2.136980041598789,0.017807679703013845,0.8309791781900724
Chongqing Municipality,783,gennorm,1.835022485420791,-0.09202494249128085,0.7643608559856294,2.131209532005995,0.024736705654652753,0.8330306065757394
Chongqing Municipality,784,gennorm,1.9138860422038653,-0.14096387971957827,0.8149613486720265,2.144089209684923,-0.0022375180128000154,0.8169355737283868
Chongqing Municipality,785,gennorm,1.7782097028470139,-0.11570133306666477,0.7767512805874155,1.9088775078469353,-0.009076246782510136,0.8128023322531794
Chongqing Municipality,786,gennorm,1.694568709122094,-0.0896958668101456,0.7621013119183044,2.011046316285385,0.04416781486798922,0.8131033618794061
Chongqing Municipality,787,gennorm,1.9598038950950882,-0.13406295291609915,0.8372522738419028,1.8849180620907529,-0.019588554870197734,0.7986920042052623
Chongqing Municipality,788,gennorm,2.143616737249397,-0.13979309067536855,0.8751173023708005,2.1450025656348917,-0.05684938131847517,0.8261896348005693
Chongqing Municipality,789,gennorm,1.4781863426944017,-0.10859049177006683,0.6582227845556052,2.087852993426991,-0.0448495964003087,0.8451367522590136
Chongqing Municipality,790,gennorm,1.894936256379951,-0.11947809924925828,0.7899351849938854,1.9661786491032367,-0.003081228679504027,0.7889692080956898
Chongqing Municipality,791,gennorm,2.0042703442293544,-0.08811119071779921,0.8186297609237893,2.332658807656473,0.011933650467425935,0.9114651526246438
Chongqing Municipality,792,gennorm,2.047064137960988,-0.045427778256060175,0.8906363497467864,1.6700677705723215,-0.004883163484810773,0.6974622033865383
Chongqing Municipality,793,gennorm,1.8476730251053581,-0.053714636709711994,0.8018319068577326,1.699452863407969,-0.03778507638207909,0.753884886700363
Chongqing Municipality,794,gennorm,1.723059483235974,-0.09515242874934482,0.7419405548044277,2.0717686601473995,0.02534777500786221,0.8366444932986674
Chongqing Municipality,795,gennorm,1.7896716861887274,-0.08687516906664583,0.7952743466007499,2.6351348549038134,-0.0074543489586442364,0.9349686554360013
Chongqing Municipality,796,gennorm,1.861649810109113,-0.08285249562516729,0.7478126718084955,2.0871083014694722,-0.06537173390928058,0.8280459232729551
Chongqing Municipality,797,gennorm,1.5790501173228075,-0.09428969911356579,0.7032080034397674,2.3698624363622818,0.026223586870505834,0.8995094833436823
Chongqing Municipality,798,gennorm,2.103209407282522,-0.08239143035147072,0.7842924110094331,2.10701019448131,-0.0307728232916967,0.8665069402146269
Chongqing Municipality,799,gennorm,1.9146893015304283,-0.09919208361527246,0.8089902128900801,2.109009316792486,-0.02586133297238479,0.8082736516675129
Chongqing Municipality,800,gennorm,1.6665457773983463,-0.05382708735366282,0.7208703915617398,2.352215595903469,0.017115632513224094,0.9183982227140284
Chongqing Municipality,801,gennorm,1.8006153159813691,-0.08238393056670777,0.769267399873625,2.26223965306618,-0.008217679970230514,0.8213424180294144
Chongqing Municipality,802,gennorm,2.1486638341949007,-0.06094097429652896,0.8436941584481661,2.10159152264805,-0.04236472353927483,0.840187079436306
Chongqing Municipality,803,gennorm,1.612659565403423,-0.11976433335684647,0.7020051342580939,2.1415649236270404,-0.004122358927769841,0.8755223162243158
Chongqing Municipality,804,gennorm,1.7846109869151565,-0.05240582808952275,0.8088208279172902,1.8624149217420047,-0.032210614533545325,0.7289292799004506
Chongqing Municipality,805,gennorm,1.7807943262335615,-0.05893840492327172,0.758260788374822,2.297349975894467,-0.01677373656012144,0.8551995766311868
Chongqing Municipality,806,gennorm,1.917236775169139,-0.126226588835126,0.8160503852087784,2.0752997176554984,0.011542464193727273,0.8447118771193431
Chongqing Municipality,807,gennorm,1.7813297207164331,-0.11124145806811384,0.7897057142904798,2.5771886469127097,-0.04680435504242864,0.9098304099584464
Chongqing Municipality,808,gennorm,1.9792208319267572,-0.02081165100450692,0.8100954346463481,2.167950084573252,-0.03188552421296395,0.8501259030406332
Chongqing Municipality,809,gennorm,1.9302275120728702,-0.1279843396276533,0.8191120686634432,2.659840874073476,-0.024619368569589965,0.9083943896097058
Chongqing Municipality,810,gennorm,1.697330122800698,-0.08325222773495561,0.7371860603994191,1.9261302687055961,-0.031766551584197326,0.8369815406521905
Chongqing Municipality,811,gennorm,1.7221795292573816,-0.08951158405138511,0.7457214722828795,1.9886612000621167,-0.023861440508756236,0.7926964252426633
Chongqing Municipality,812,gennorm,1.7387207014564083,-0.09338743443486634,0.7709558084601306,2.358727530326929,-0.026000993310795917,0.8972901819823087
Chongqing Municipality,813,gennorm,1.6436934066765816,-0.07099576488855103,0.7112567791987885,2.187966502684325,-0.021655254952731184,0.8343175938942156
Chongqing Municipality,814,gennorm,1.6915024182902894,-0.09977864049504889,0.7199523318850594,2.2210146547032705,-0.020177325207605214,0.8903214675557771
Chongqing Municipality,815,gennorm,1.9657058335873732,-0.12775613214535284,0.7860172990958743,2.367733965815988,0.02123467880584747,0.910760641537049
Chongqing Municipality,816,gennorm,2.045670011045809,-0.0720371076437698,0.7807031764580624,1.932952243083529,0.03782573483851166,0.7933867757151323
Chongqing Municipality,817,gennorm,1.8759353970373187,-0.07171948188211358,0.7530495073150592,1.879322060665309,0.0030034464127504327,0.7999764330114216
Chongqing Municipality,818,gennorm,1.8641554011715713,-0.08166033078766752,0.7738328481096396,2.1245925096447023,-0.03673847508214398,0.8391401666652024
Chongqing Municipality,819,gennorm,1.8362741602847619,-0.10262720686483544,0.8053781482408495,1.9059919471948432,0.013478463604863291,0.7728208512996648
Chongqing Municipality,820,gennorm,2.160695788791518,-0.1038142670869156,0.8149946854771094,2.141433729570431,-0.01224869047394406,0.8074430462041491
Chongqing Municipality,821,gennorm,1.8112393187886155,-0.11132995157301075,0.7443737523510374,1.9482708922087557,-0.010010938493434882,0.7757287913910258
Chongqing Municipality,822,gennorm,2.1595372955425267,-0.11331971690123238,0.8531312753239273,2.2117334384540444,0.03262734219236729,0.8628940322829062
Chongqing Municipality,823,gennorm,1.7030854565209275,-0.08284741016786282,0.7868935818979834,2.1461387532626124,0.009992302498628133,0.819679840849854
Chongqing Municipality,824,gennorm,2.206576119825202,-0.08719759505235325,0.8466018345940768,1.9428277188854235,-0.035829094809110784,0.7841742764895635
Chongqing Municipality,825,gennorm,2.0684965528964243,-0.0792916631363492,0.8091023446936241,2.3382639735351223,-0.0010559788936156593,0.8470921110663003
Chongqing Municipality,826,gennorm,1.815883088103145,-0.0966516146089767,0.7806536905532955,2.0636130557112997,0.010798491162106398,0.8606618919697002
Chongqing Municipality,827,gennorm,1.7770726586324348,-0.10551969637024408,0.7652816129079147,2.0451408290469257,0.0060884573313904535,0.8284757908673854
Chongqing Municipality,828,gennorm,1.8245440191393028,-0.05668196436369355,0.7980194632039631,2.30024367280374,-0.042095246484226786,0.8812967304366026
Chongqing Municipality,829,gennorm,1.7881825707920782,-0.08905439322980715,0.7428412514532312,1.7267368771963216,-0.01790718356003765,0.7289433531503278
Chongqing Municipality,830,gennorm,1.6578506924508356,-0.13273527135246954,0.67214817798172,1.7444210457994966,-0.025074111130889327,0.7711433363367084
Chongqing Municipality,831,gennorm,1.7992458402888092,-0.09516583546530831,0.7632655078784705,1.8054933379276312,-0.050490354850074845,0.7423695181634854
Chongqing Municipality,832,gennorm,2.0091128703768133,-0.11339857975414289,0.8006238957779737,2.019776377024791,0.02194671703566322,0.7768253691102927
Chongqing Municipality,833,gennorm,1.753677288885123,-0.06037800309087861,0.7526095965944454,1.701539119079441,-0.0390974705290316,0.7095011991751949
Chongqing Municipality,834,gennorm,1.8284518495822473,-0.05321778066010105,0.7185168831085347,1.9883577838877804,-0.005293566348202189,0.8157404627796918
Chongqing Municipality,835,gennorm,1.5771334240914867,-0.11811858074353626,0.7297107313157924,2.0472463912322447,0.016290852917630466,0.7836812054627673
Chongqing Municipality,836,gennorm,1.9519891384140038,-0.1462905030169121,0.837260380917201,2.1714628734647095,-0.00940483184667748,0.8128967916973979
Chongqing Municipality,837,gennorm,1.5629148717257242,-0.039453883479523694,0.7262798509285946,1.8990077692328535,0.011067176796974403,0.8031582775660298
Chongqing Municipality,838,gennorm,1.7515168408253068,-0.15573205510724636,0.7612722947397852,2.2842342768410493,-0.04102356154489332,0.8886046823546279
Chongqing Municipality,839,gennorm,1.9966522851908861,-0.06883498153150924,0.8228485821516226,1.8139292706360735,-0.027800399383152152,0.7338934188122854
Chongqing Municipality,840,gennorm,1.760938992823353,-0.09532595822270949,0.7800093129833998,2.265073146070638,-0.02166539898686619,0.8498077813344116
Chongqing Municipality,841,gennorm,1.8726191435302262,-0.08967790068170854,0.7790256678928522,2.2847394901755713,0.03807155660421825,0.8370674038572807
Chongqing Municipality,842,gennorm,1.9399088680407197,-0.142289399309075,0.8051024430986186,2.0371978773707102,0.003123860666360119,0.827645498160994
Chongqing Municipality,843,gennorm,1.959525496678056,-0.09898874024361881,0.8079066501352727,1.9218263467700796,0.009082270731215099,0.8182065497993549
Chongqing Municipality,844,gennorm,2.2233799761407504,-0.09932351734174111,0.8464016146073805,2.0993357343388346,0.01324533210951891,0.798732573317037
Chongqing Municipality,845,gennorm,1.754075025321225,-0.10639940963740616,0.7832144034683708,1.859286764838732,-0.029649637481743357,0.7470075763897515
Chongqing Municipality,846,gennorm,1.8829646148589128,-0.10186715371288382,0.7966863715660841,1.819075138431029,-0.07129545867766335,0.7700373197548509
Chongqing Municipality,847,gennorm,1.6059029238066138,-0.0720363937288869,0.7087566504557591,2.518245216784362,-0.05556674329900585,0.9295179354091158
Chongqing Municipality,848,gennorm,1.8472187681884447,-0.07639733693623343,0.7374377241706457,1.9291817260069783,0.001254591347805696,0.7814250130977162
Chongqing Municipality,849,gennorm,1.8900886071643257,-0.1273613620610175,0.8237644686540837,1.9595521117785701,-0.0019823344350909343,0.8030579751714029
Chongqing Municipality,850,gennorm,2.1086890639647167,-0.07900216669931799,0.8690780252709225,1.8370644109683933,-0.02907917348658778,0.8068215959725057
Chongqing Municipality,851,gennorm,1.9100033931841436,-0.10243835917434482,0.7950695515270675,1.9781295909778893,-0.027472213768584625,0.811655745918324
Chongqing Municipality,852,gennorm,2.0305976559998093,-0.12983751568879331,0.843338987278847,2.006798364745373,-0.024953864771560932,0.8456633659945543
Chongqing Municipality,853,gennorm,2.0290418418837746,-0.06465290357771707,0.8489235253940977,2.454832519397791,-0.013220553982055764,0.8799522362155814
Chongqing Municipality,854,gennorm,1.9865411000030277,-0.12883859694310668,0.8303363433397062,2.0639117950382415,0.00416188040628503,0.7726584870770531
Chongqing Municipality,855,gennorm,1.8955040636295968,-0.09297779235206105,0.7919328629445271,1.8570992888403444,0.005788048089618079,0.7716162730030407
Chongqing Municipality,856,gennorm,1.8537389735139662,-0.11048634136358812,0.7759531591018731,2.014458319767036,0.025545285778794974,0.8318351535745525
Chongqing Municipality,857,gennorm,1.9248010473963733,-0.06939825158453222,0.7719410592400362,1.8829362412386557,-0.008199017982259943,0.7512972524320616
Chongqing Municipality,858,gennorm,1.761750858939057,-0.09489008688268365,0.7516532122893886,2.174375519856212,-0.03643555386145042,0.8451901097076051
Chongqing Municipality,859,gennorm,2.136801208911434,-0.07321453966151312,0.8225466691661937,2.4159712253560794,0.0035642802842532247,0.8766247949547423
Chongqing Municipality,860,gennorm,1.8676275344872233,-0.09634952972147365,0.8058659415450228,2.06809249367929,-0.012003388757528363,0.8830372228177696
Chongqing Municipality,861,gennorm,1.8507574372609388,-0.0937657103716267,0.758847561974186,2.051045160033321,0.007827821001905398,0.824518143917733
Chongqing Municipality,862,gennorm,2.0352075201059323,-0.08857226205365049,0.7749276789230533,2.0306320850433988,0.01963149394033954,0.8366106721906303
Chongqing Municipality,863,gennorm,2.0252834869891263,-0.09739558906108914,0.8007613250065873,2.1710489957911037,-0.03503439645319703,0.8259881035333648
Chongqing Municipality,864,gennorm,2.068159251001775,-0.07634887867085541,0.7872508330167705,1.6175858832369046,-0.017398049469011127,0.7242235478136141
Chongqing Municipality,865,gennorm,2.134551955118309,-0.13795876387479353,0.9331988339747024,1.8882387977095185,-0.004084535669824802,0.7532361737540525
Chongqing Municipality,866,gennorm,1.7337705545330846,-0.09473004470707001,0.7153187776079719,2.48584363944565,-0.053872152690066503,0.83355928495861
Chongqing Municipality,867,gennorm,1.9865525886450237,-0.11052123561839794,0.7945787191352082,2.127566744171764,-0.04526844901631745,0.8486748073055801
Chongqing Municipality,868,gennorm,1.7755580445822419,-0.08451972793600548,0.7938341803091935,2.3228449603692285,-0.0413276790044243,0.8617925827446453
Chongqing Municipality,869,gennorm,1.8062842133733756,-0.06286147469677669,0.806329629725244,2.2860730865843943,-0.026934237817814014,0.8870814883012319
Chongqing Municipality,870,gennorm,1.7390305946630265,-0.08922270838023416,0.766639345731543,2.100508517204988,0.016534193792862494,0.787886687475963
Chongqing Municipality,871,gennorm,1.8951641978122586,-0.08161750339488935,0.7726952526019388,1.7502585327017575,-0.020741179977708704,0.7527214512317257
Chongqing Municipality,872,gennorm,1.7076479756252647,-0.0892258704026099,0.680149720862204,1.7985277946666667,-0.016895688541194293,0.7698025234070918
Chongqing Municipality,873,gennorm,1.929709722846983,-0.10217117993362412,0.7950777324726465,1.8739755292150395,0.040023531198578675,0.7714110017013533
Chongqing Municipality,874,gennorm,1.6558303710668776,-0.13080589043470542,0.7340182682910668,2.0545888969439305,-0.022211164519106368,0.822019985255692
Chongqing Municipality,875,gennorm,1.8751834195529402,-0.09081154228179224,0.7930180313015794,1.8861361657221367,-0.04898874695195849,0.774628385130655
Chongqing Municipality,876,gennorm,1.7656716898271063,-0.09180150076405227,0.7453567906956511,2.1484292462016303,-0.031087490712418335,0.8520797234964166
Chongqing Municipality,877,gennorm,1.856482691667189,-0.06151959204318863,0.7762590822434551,1.950685722685172,0.010076101722617952,0.7717074206782697
Chongqing Municipality,878,gennorm,1.568524854645792,-0.05982764034537417,0.6899493459045487,2.2461632544419836,-0.011670824565900698,0.879882232414871
Chongqing Municipality,879,gennorm,1.9788461846587326,-0.09924214900408687,0.8317286749893551,2.183968305199982,0.01695940887914483,0.8186520961765817
Chongqing Municipality,880,gennorm,2.0528232632240817,-0.11102304328362275,0.839495418848369,2.0619760102414633,-0.032876731855954265,0.7848783703785385
Chongqing Municipality,881,gennorm,2.047489607069708,-0.0869660667015886,0.8540969735298378,1.934604689313833,0.005200043061706487,0.8406782156467878
Chongqing Municipality,882,gennorm,2.180080553195565,-0.11725517240053535,0.8447161987571741,1.9007178131811862,-0.0073322499923255385,0.786329100317662
Chongqing Municipality,883,gennorm,1.762111844937868,-0.07195530349240768,0.7826442212787114,2.194128920392026,-0.017057365484836648,0.8467280604110783
Chongqing Municipality,884,gennorm,1.576953952206393,-0.047629078884777076,0.723584677712452,2.0875788944733698,-0.018977178635493253,0.8194958623391597
Chongqing Municipality,885,gennorm,1.6867545595261157,-0.05266290382544429,0.7694798497812114,1.79849501688203,-0.017616047030600733,0.7782362364276751
Chongqing Municipality,886,gennorm,1.9488429488172634,-0.11140848700300712,0.8436239680395701,2.1651760711737933,-0.016646477366486376,0.8477161090112022
Chongqing Municipality,887,gennorm,2.117418044147148,-0.09077782200731202,0.8790935901824293,1.8612428177092226,0.001399374467806882,0.7689849205263712
Chongqing Municipality,888,gennorm,1.740177108299367,-0.0951582602138479,0.7631355170894027,2.2860548671223313,-0.00816268160492445,0.9009380199142045
Chongqing Municipality,889,gennorm,2.1535641942909205,-0.060110444356943446,0.8597062610680383,2.128178827536501,-0.02139115811404768,0.8185530497897857
Chongqing Municipality,890,gennorm,1.8841762948462546,-0.09935924493628581,0.7726084913766736,2.0998794114523633,-0.028592352713496718,0.7896227311659356
Chongqing Municipality,891,gennorm,2.0038936905995985,-0.07130564548607285,0.8329169053061514,2.1154295576766176,0.010723483065121213,0.8083597373050533
Chongqing Municipality,892,gennorm,1.73599526165816,-0.10503216970388746,0.7521331434498605,2.2854103868067606,0.020537701556697447,0.8489066925744502
Chongqing Municipality,893,gennorm,1.9455989660785,-0.07804056678527987,0.8194018327458734,2.26554399471777,0.02597406063784973,0.8531910787695225
Chongqing Municipality,894,gennorm,2.2809468745286026,-0.0840774312674053,0.8961776000047803,1.9273471369819313,0.022116076995024197,0.8049699369988716
Chongqing Municipality,895,gennorm,2.446549745198765,-0.10111169594555595,0.9018975850864681,2.080543027333499,-0.024967890795549244,0.8590320721701578
Chongqing Municipality,896,gennorm,1.8325165580522542,-0.1024748525164334,0.7476310488437465,1.955190406311453,0.020717791093088148,0.8132662614328046
Chongqing Municipality,897,gennorm,1.917873555180317,-0.11833934195239268,0.8182758837884301,2.301575372861381,-0.03857957966656565,0.8378123884742092
Chongqing Municipality,898,gennorm,1.5646062959066984,-0.09131689191796401,0.67263062716389,2.287570168087015,-0.035137861953554145,0.8136780385442581
Chongqing Municipality,899,gennorm,1.9860110371411097,-0.07378226536241786,0.852874128619129,2.5726622249791165,0.014436816091467132,0.9169546596324993
Chongqing Municipality,900,gennorm,1.8738671635173958,-0.11330424658816007,0.7728130212988749,2.3099988937246057,0.004126450751320626,0.8630374095887468
Chongqing Municipality,901,gennorm,2.00945875120863,-0.053285126915717386,0.826221383813484,1.8306812039371176,0.0021784639660273426,0.7766555078674019
Chongqing Municipality,902,gennorm,1.9443875298905444,-0.07706709878780371,0.812528281490193,2.0635874263972642,0.002070490761818331,0.8160008182840017
Chongqing Municipality,903,gennorm,1.831671929454022,-0.1137935039895612,0.7877731222530309,2.3131535427467664,-0.005905251996616753,0.8952399826908995
Chongqing Municipality,904,gennorm,1.8802533056183712,-0.08391615752270601,0.8083220756546539,1.9611091680610686,0.008812080674533072,0.8117589795853964
Chongqing Municipality,905,gennorm,1.7743756519570746,-0.08479432026366555,0.7796710500664344,2.009322529673732,0.01624837473929023,0.8242350047333711
Chongqing Municipality,906,gennorm,1.5648731506832223,-0.10850055815749665,0.70592169340238,2.135923168511321,-0.04032862175316462,0.8790393571098084
Chongqing Municipality,907,gennorm,2.0056538492498444,-0.12056267319605196,0.8392823067983046,2.1011696436727005,-0.05853450751233734,0.8310815279177757
Chongqing Municipality,908,gennorm,1.7602771350706008,-0.10762301116649264,0.7356517541889402,2.372694163367061,-0.002693274321767765,0.8816166449257608
Chongqing Municipality,909,gennorm,1.8478591321241367,-0.07673573471369552,0.7752584375495221,2.40868199421583,-0.04653870420451893,0.882898841594622
Chongqing Municipality,910,gennorm,1.668511753175641,-0.10234232799456147,0.7415973300575152,1.9915864460884083,0.021053683743923742,0.7770731707966031
Chongqing Municipality,911,gennorm,1.9496252529173956,-0.13975941723188784,0.8015549090997267,1.7014586700267724,-0.044682509052145714,0.7190566444180597
Chongqing Municipality,912,gennorm,2.07082870164558,-0.11907832410776861,0.8135007100825117,1.8716616870051008,0.04588765843145434,0.7990436857865211
Chongqing Municipality,913,gennorm,1.8779938388107658,-0.10559871255892514,0.7702487637873092,2.2053896544961757,0.03032700635809628,0.8302836703422227
Chongqing Municipality,914,gennorm,1.6060557821095585,-0.06428011254254232,0.6704001780274307,2.07631082077431,-0.04538446846206526,0.8698899468095582
Chongqing Municipality,915,gennorm,1.8938555592080055,-0.13155593831800944,0.829090583279025,2.0692689737872216,-0.022024602680625872,0.7934014436648218
Chongqing Municipality,916,gennorm,1.910625787152795,-0.037025632747015785,0.8011986803526892,2.398400284751953,-0.016352218414801188,0.9316945054986641
Chongqing Municipality,917,gennorm,1.7188028173710816,-0.07578193673972099,0.76825557188368,2.269015323268536,-0.004572163776024021,0.8174472027467719
Chongqing Municipality,918,gennorm,1.4547350616339165,-0.07194094713415584,0.6841040087721482,2.147883970676075,0.024046433609587227,0.8377889944479731
Chongqing Municipality,919,gennorm,1.7248964604444346,-0.1317198682295862,0.7598785219842122,2.503545868918085,-0.03654817579325107,0.8912405307177361
Chongqing Municipality,920,gennorm,2.1306123847106853,-0.07345233756234885,0.8412462110515944,2.327074393367086,-0.004283918708242843,0.8667186352029517
Chongqing Municipality,921,gennorm,1.7585613048308808,-0.10173832092400278,0.7722491821924296,2.6159449822980188,-0.019722633926917824,0.9118330281649096
Chongqing Municipality,922,gennorm,2.0357939119691126,-0.10195623661807024,0.8724349992914396,1.8216043820185537,-0.015410555220110624,0.7923012335293345
Chongqing Municipality,923,gennorm,2.0430555065903224,-0.12623166851982515,0.7829752214625451,2.33974440012888,0.031578882839350786,0.8624973624340857
Chongqing Municipality,924,gennorm,1.7882648310344975,-0.10382577894138191,0.7404135714420019,2.06148491875133,-0.030697481763624676,0.8055112870876127
Chongqing Municipality,925,gennorm,1.919985819221104,-0.09300575380222781,0.8459032824700504,1.8650165679547197,-0.007543443847246659,0.7993657581247946
Chongqing Municipality,926,gennorm,1.7722427937718819,-0.042147351207033994,0.7594304980769212,2.5081520490733062,-0.02959412570945147,0.941542030602596
Chongqing Municipality,927,gennorm,1.741336152550041,-0.063754138989662,0.756054240200029,2.072629237033074,-0.0055565190625156,0.8551724976580837
Chongqing Municipality,928,gennorm,2.2023494122898013,-0.08796678892752402,0.8512953558108287,2.3922751822510566,0.017486899595687812,0.8795965452632473
Chongqing Municipality,929,gennorm,1.8595092981368366,-0.030536695462048992,0.806055207956178,2.14350382585157,0.010014141536047846,0.8163355723920536
Chongqing Municipality,930,gennorm,1.8841341921816683,-0.07878892390837962,0.8324243530252914,1.7328693807022488,-0.03283389456197355,0.7161037787775872
Chongqing Municipality,931,gennorm,2.133293336403364,-0.08570724579649892,0.892784149123091,2.1229514501255693,-0.03304827036073189,0.8084686192148796
Chongqing Municipality,932,gennorm,1.596367928446712,-0.09547206455991314,0.6957730068957884,2.014882262978017,-0.04265625246542376,0.7490829536223635
Chongqing Municipality,933,gennorm,1.9330593168367658,-0.0766567030775149,0.8461315647547802,1.9688279828611281,-0.01935935961642303,0.802847746050778
Chongqing Municipality,934,gennorm,1.9467401934893687,-0.07676560239735258,0.8151573255947595,2.2806387634185317,0.022931427792443775,0.8473107199670794
Chongqing Municipality,935,gennorm,1.3599217946687205,-0.12864720665095503,0.6357559825499215,2.4625346562248387,-0.007405602037899828,0.8706286233628184
Chongqing Municipality,936,gennorm,1.7062496729217738,-0.14110129158636758,0.7450001539534286,2.2484644053240714,-0.01581238055876394,0.8639226831793589
Chongqing Municipality,937,gennorm,1.967751903743446,-0.11535224444506592,0.8194875443304959,2.421216930125494,0.00046893176305346597,0.8649194118528309
Chongqing Municipality,938,gennorm,1.6756832029300517,-0.08999272129081304,0.7766907366215549,2.5164865396531777,0.01271910712014819,0.9518814541306126
Chongqing Municipality,939,gennorm,1.759358542858315,-0.08187870458807511,0.7485727408522782,2.248599304632414,0.006783105328242455,0.8590619631787089
Chongqing Municipality,940,gennorm,2.0959863413199242,-0.07472566712909987,0.8635473705649578,2.35337268487421,-0.07948920493578157,0.8516119063896136
Chongqing Municipality,941,gennorm,1.5805579625681472,-0.08905675144454833,0.6879544699286946,1.7219281613952815,0.026155687080849033,0.7773422029876955
Chongqing Municipality,942,gennorm,1.8875792074347937,-0.14771006144372475,0.7994322001801025,2.5775749068342333,-0.01730734066123827,0.8972322162269024
Chongqing Municipality,943,gennorm,1.539994230852979,-0.08404451547782824,0.6717499601501364,1.8342838468858542,-0.048110188470582876,0.7540058508813725
Chongqing Municipality,944,gennorm,1.8604975302200724,-0.11512567613609645,0.7679248973055195,2.166880020225192,0.006993576627628511,0.8662509165102907
Chongqing Municipality,945,gennorm,2.3545161805534045,-0.03201689143728234,0.8530352324403909,2.08595835384092,-0.00196963642915816,0.7838474446473882
Chongqing Municipality,946,gennorm,1.7695958997944619,-0.08953979508487646,0.7479224582371069,1.9189572412955547,0.02217856318844573,0.7821249959491983
Chongqing Municipality,947,gennorm,1.8885044958442947,-0.025255865537594797,0.8550354319855975,2.0648412314768456,-0.05420448836637527,0.8416502497580395
Chongqing Municipality,948,gennorm,1.6364643349321444,-0.1471150165981176,0.7311373524199947,1.8422369761807977,0.021396054615392034,0.7719873498569256
Chongqing Municipality,949,gennorm,1.7481511759944057,-0.1311199547109042,0.7353646841712431,1.8129020080199056,-0.02825202783803952,0.7635512644608466
Chongqing Municipality,950,gennorm,2.1061612389838755,-0.06692721670735652,0.8116702594277421,2.134203122622046,0.027921991327376664,0.8275785145982524
Chongqing Municipality,951,gennorm,1.8485798277896652,-0.1019925110860541,0.7813583095408242,2.0849306719742975,0.03831934583274446,0.8563504100599784
Chongqing Municipality,952,gennorm,2.155161878205897,-0.050917168369322016,0.8396114589084859,2.088192772141899,-0.005584414384116455,0.8528217765458936
Chongqing Municipality,953,gennorm,2.079536568451051,-0.040926577310732494,0.8320365079830132,2.1048167098601267,0.027850579473999805,0.7838023923211459
Chongqing Municipality,954,gennorm,1.9091288911754734,-0.15679606408247965,0.7644781787295283,2.193754670375645,0.019298102814752888,0.8192745025185775
Chongqing Municipality,955,gennorm,1.713274253756439,-0.11179409780883244,0.6935316561583766,1.9324194796635847,-0.004264854060436908,0.8174506247536166
Chongqing Municipality,956,gennorm,1.626653393615116,-0.0745655647388778,0.6871400240176553,2.0702759702729407,-0.006742764079032881,0.8556051258123645
Chongqing Municipality,957,gennorm,1.9731636238485686,-0.0999766749557569,0.8013424893312452,2.2486110366435312,-0.023359081491907165,0.8388469504759262
Chongqing Municipality,958,gennorm,1.7799349169704082,-0.10365917737752114,0.7832064425418999,2.0372807099203767,-0.006086672763876857,0.8092074228924129
Chongqing Municipality,959,gennorm,2.0422609337776105,-0.10505020256317775,0.8301371235566167,2.3841723478798924,-0.023587124104841865,0.880983675106609
Chongqing Municipality,960,gennorm,2.1091655964212226,-0.09303723751093365,0.7972910517909291,2.0911829293338897,-0.03265989034661218,0.7929876525353365
Chongqing Municipality,961,gennorm,1.8208217982288206,-0.06985797307115711,0.746075900628848,2.2387997803920965,-0.0044861074614930335,0.8664933342580459
Chongqing Municipality,962,gennorm,1.6878941241392442,-0.10687146630203684,0.7383830785105118,2.3556532038016273,-0.019495703669040194,0.8938609625265332
Chongqing Municipality,963,gennorm,1.900596213281967,-0.039424770675268464,0.7810902706702256,1.9662793557995055,0.043826991943121174,0.7896933787520819
Chongqing Municipality,964,gennorm,1.7530434099226082,-0.09445010653467342,0.7592714793549948,1.9712182857766418,-0.037741331581318135,0.8064915333971798
Chongqing Municipality,965,gennorm,1.6996293403997336,-0.073358174193946,0.7355285347807434,2.1530427854900553,-0.0047667619437362484,0.890636500045352
Chongqing Municipality,966,gennorm,1.6243962544995996,-0.0827349945890462,0.708478526527907,2.367401941550103,0.02319952617504005,0.8870104641376337
Chongqing Municipality,967,gennorm,2.254984614545111,-0.1203915395947414,0.8368558300211495,1.9436449829645492,0.01395791063485223,0.7966075056454647
Chongqing Municipality,968,gennorm,1.8198555038930357,-0.11030475209264515,0.7507923650472487,2.0768027693355293,8.144002310300378e-05,0.8708693419062978
Chongqing Municipality,969,gennorm,1.785310772110823,-0.07103794497640412,0.731843251176931,2.294324211558978,-0.04205830930620148,0.9003137066842815
Chongqing Municipality,970,gennorm,1.9974766485031874,-0.09485598599867856,0.8346032696729835,1.9553592714214916,0.023504226056731636,0.8357264639345231
Chongqing Municipality,971,gennorm,1.800532969401556,-0.053809403458931725,0.7980885222990693,2.4103644939132396,-0.046907710089079874,0.9004231940654353
Chongqing Municipality,972,gennorm,1.9589467388328354,-0.13386763871108703,0.7862864595100955,2.124228199885423,-0.013950890398125582,0.8761378108443584
Chongqing Municipality,973,gennorm,1.863524412267342,-0.08580900124438454,0.775086729278916,2.040109087591645,-0.046443767800272776,0.8521352095198222
Chongqing Municipality,974,gennorm,1.7533201506433689,-0.06447784987063819,0.7875848110096756,2.1782496946955483,0.0024677050767336617,0.8491711012404133
Chongqing Municipality,975,gennorm,1.939476507599748,-0.11428664696257637,0.8351123781172096,2.0111958961702174,-0.013160812317406644,0.8376129600747289
Chongqing Municipality,976,gennorm,1.887944576846555,-0.11420665005956387,0.8265091167046665,1.8566049463104075,-0.03559154326527493,0.7352578924851764
Chongqing Municipality,977,gennorm,2.1778555907424533,-0.06636543023791726,0.8384476982154803,2.2577080426073275,-0.05552013965520357,0.8496696817444057
Chongqing Municipality,978,gennorm,1.7440830352318604,-0.12721066269829504,0.7830664369040539,2.020806570897606,0.04985605841126087,0.8238808695054923
Chongqing Municipality,979,gennorm,1.924323537444299,-0.08805087591029706,0.7847981549518918,2.5729746642203297,0.0021154588416542695,0.8808252744570142
Chongqing Municipality,980,gennorm,1.6443673207954084,-0.04329194665903004,0.7155659063127247,2.2691050540907014,-0.05157410651284505,0.8392204824886085
Chongqing Municipality,981,gennorm,1.8552875671726143,-0.09469133354555229,0.7797905526291398,1.9148153410876203,0.030735968480582757,0.7671597617788646
Chongqing Municipality,982,gennorm,1.8307565184013375,-0.07867854382016587,0.7539441844383745,1.9100360363142617,-0.013324340929564681,0.7755042753382186
Chongqing Municipality,983,gennorm,1.618259756557727,-0.05194249209239722,0.7067411816165968,2.265105301740893,-0.009051331538495213,0.8432785164429117
Chongqing Municipality,984,gennorm,2.145052533697647,-0.07970527277630735,0.8600288068382892,2.055618521146031,-0.012500272001712928,0.8604149705865165
Chongqing Municipality,985,gennorm,1.7772502167680742,-0.09836908357779935,0.7754677626516773,2.0118485819954826,-0.0017163431803943563,0.8397822684579473
Chongqing Municipality,986,gennorm,1.6895189785724036,-0.09525101373504039,0.7119539567401674,2.0881581815500803,-0.01630669056574935,0.8753026044721646
Chongqing Municipality,987,gennorm,1.619420850323788,-0.10445238832900759,0.6850012988366743,2.026115898422978,-0.02242104495703716,0.8286785740106988
Chongqing Municipality,988,gennorm,1.9514691095283703,-0.0888631349220014,0.8085352426649175,2.094636266812118,-0.021672338454206453,0.8069577732112824
Chongqing Municipality,989,gennorm,2.070051246319663,-0.11350485096109289,0.8093322459334296,1.8712931406480622,-0.02259620586630067,0.7659709381654712
Chongqing Municipality,990,gennorm,1.885720502159156,-0.06192628952460069,0.7936615046503899,2.277463831002084,0.011009147238087276,0.8566082360171731
Chongqing Municipality,991,gennorm,1.5579206615921137,-0.09519944068288233,0.6537140085605484,2.263057637359239,0.0058969387862268085,0.8511293116604373
Chongqing Municipality,992,gennorm,2.011432961598639,-0.09388991561313248,0.7993150768958148,2.2835509764008792,-0.018898194945218414,0.8789000693353641
Chongqing Municipality,993,gennorm,2.1068311793286396,-0.08388104285007816,0.7973716600255342,2.1246567638652936,-0.055893753789801964,0.8206186092484389
Chongqing Municipality,994,gennorm,1.9465866134854668,-0.054861088733374114,0.783426172227002,1.9175248438344257,-0.04297860016038785,0.8023643130669953
Chongqing Municipality,995,gennorm,1.8902784220441955,-0.13366841552088235,0.7708055469205062,2.2468841447350703,0.025632222424840395,0.8393016588846443
Chongqing Municipality,996,gennorm,1.7957556191722674,-0.08393773588421646,0.7567719569027517,2.0082353894986564,0.010106227859508043,0.8436852306832091
Chongqing Municipality,997,gennorm,1.628270017819759,-0.05332979865417055,0.7200836964730479,1.891713376998835,-0.02709757222528188,0.7672323002617656
Chongqing Municipality,998,gennorm,2.180298264889386,-0.11356141594112826,0.8415143023740143,1.8629023226225105,0.0015163669438747742,0.783954526253992
Chongqing Municipality,999,gennorm,2.2952751671203018,-0.12505769382538023,0.9114517556372418,2.3275663958620987,-0.01900916782132574,0.8809480208450102
Sichuan Province,0,gennorm,2.826927406259974,-0.03583031165648633,0.8713222678269421,2.207702054496871,0.23733527955463032,0.831049131105259
Sichuan Province,1,gennorm,2.437815717784839,-0.03763273323740564,0.8534999474982159,2.52732458169889,0.23437180377490208,0.868110854727377
Sichuan Province,2,gennorm,2.3655310627577877,-0.020050451942283817,0.8483118176121334,2.570141320908355,0.2129637390025859,0.8726739891163016
Sichuan Province,3,gennorm,2.192519629563175,-0.03438082170056378,0.7998738310956919,2.337530015155121,0.2126234870203196,0.7902653659098215
Sichuan Province,4,gennorm,2.1416687685371656,-0.02064350329353054,0.8221747082251845,2.5508925508635105,0.2337261009172156,0.8265837038482362
Sichuan Province,5,gennorm,2.481825488529254,-0.04018358572218571,0.8857834256646954,2.197146950982445,0.21925288766670464,0.8106280812431284
Sichuan Province,6,gennorm,2.4509827912882876,-0.015299438287594332,0.8614595869396187,2.257443439575966,0.19065707223775008,0.8607964931774413
Sichuan Province,7,gennorm,2.2287689168644707,-0.03293180074993808,0.8605712886217306,2.3681184209471624,0.24677637113746287,0.7939096997647738
Sichuan Province,8,gennorm,1.9045982466483988,-0.007999429638856317,0.7814932326246827,2.6909604093751582,0.22293498705995027,0.8816317115855519
Sichuan Province,9,gennorm,2.2884284994784423,-0.016297476813455065,0.8096884361398033,2.1726888043544736,0.25291668330698097,0.805874547284169
Sichuan Province,10,gennorm,2.039228808289182,-0.018162379719727926,0.7640197504980588,2.4782638626625455,0.1898651729832276,0.8057589307557949
Sichuan Province,11,gennorm,2.4350652422149466,-0.01778619376481679,0.8828855923053182,2.103288303541626,0.22370928616098162,0.78038271596011
Sichuan Province,12,gennorm,2.2797437506316127,-0.010060144272494263,0.8191444644614667,2.282440377856373,0.2849527281180891,0.8260500191119039
Sichuan Province,13,gennorm,2.3414789552863224,-0.0032673545956782343,0.8471697106972282,2.878265019354743,0.2720568076723401,0.8391233042600126
Sichuan Province,14,gennorm,2.422872828622686,0.012949638321827526,0.867032806338041,1.9618332396992137,0.23352274506772458,0.7729401721911038
Sichuan Province,15,gennorm,2.0452564000040487,-0.047470719983544546,0.8074870366478419,2.390842715595818,0.2012621400486133,0.8171445205235162
Sichuan Province,16,gennorm,2.3297053205811604,-0.05197066091939054,0.8776989806542569,2.273040610202743,0.2179995105872624,0.7929644003587341
Sichuan Province,17,gennorm,2.5417566008750274,-0.01728141605941367,0.8385584332126059,2.3517626847524395,0.2359889859976712,0.8483966401302456
Sichuan Province,18,gennorm,2.220502454241279,-0.09621836879239754,0.8110616832058462,2.2584430733264957,0.19488091385777134,0.8384045952215164
Sichuan Province,19,gennorm,2.3615600884498096,-0.03565871531558363,0.8572771106630992,2.4721582508811935,0.25198644839177403,0.8736690731579364
Sichuan Province,20,gennorm,2.460369396142677,-0.0696129648449014,0.8619719644416405,2.3412233519670096,0.2135986145630625,0.8007066051616827
Sichuan Province,21,gennorm,2.705621883338453,-0.0031670629890057016,0.8776964721366438,2.316577743952262,0.2396724600360535,0.8264851756426556
Sichuan Province,22,gennorm,2.0264347903106428,-0.009503117937608177,0.7986658720009612,2.1735886426928994,0.2178475868514621,0.8315397270771898
Sichuan Province,23,gennorm,2.6037101261753164,-0.05381627734739306,0.8904526293250985,2.2340564253548028,0.27268725075044953,0.7611023523342437
Sichuan Province,24,gennorm,2.369213668118086,-0.009541106373609755,0.8108683675220283,2.178498376904959,0.2095384158157243,0.8315953646161196
Sichuan Province,25,gennorm,2.409753866665409,-0.028282704754701293,0.8312905623446156,2.3798084065890235,0.26196820840210877,0.8342608659031221
Sichuan Province,26,gennorm,2.398264373699761,0.021604537259877595,0.8732756245346769,2.1421409832620517,0.2233251542050002,0.7724428107208478
Sichuan Province,27,gennorm,2.532715429278369,-0.010738077228339617,0.8594166831845886,2.210143247899757,0.255084824901926,0.8077315576549335
Sichuan Province,28,gennorm,2.0724659405160732,0.006886456146308009,0.7922230623275572,2.0033905877947333,0.2955716859207363,0.757214227620742
Sichuan Province,29,gennorm,2.4954109645852203,-0.0165420493525159,0.865512681109836,2.085231798839142,0.24120859892944463,0.7885169520156694
Sichuan Province,30,gennorm,1.9213124052125792,-0.01538365784323652,0.7409449899936241,2.2597732580479857,0.1986522436809424,0.8443193403177387
Sichuan Province,31,gennorm,2.4484168437099383,-0.017635716917488532,0.8582971066185543,2.1156951037636653,0.2434228150653777,0.7873543337448793
Sichuan Province,32,gennorm,1.9494447163087831,-0.023441757222440934,0.7679917208857153,2.279586677064443,0.23427304855404069,0.844026720878032
Sichuan Province,33,gennorm,2.2134463914974294,-0.05746934886819442,0.8553305723627515,2.4481827495518127,0.20765971173034842,0.8203958446767072
Sichuan Province,34,gennorm,2.3495707481414705,-0.03076583460277296,0.8290139315346872,2.2761970008544505,0.2744235453075513,0.8221115417481701
Sichuan Province,35,gennorm,2.1082119822937724,-0.011970692121929374,0.8221804802184138,2.2295927407275853,0.20829962569294208,0.8418138980719347
Sichuan Province,36,gennorm,2.3571118348081153,0.013652889128427995,0.851018459252707,3.013432331873717,0.21362632792556,0.908521061444562
Sichuan Province,37,gennorm,2.577078823776154,-0.023563061298406778,0.8896334994804878,2.087614702159809,0.24625189153822122,0.7665427752380416
Sichuan Province,38,gennorm,2.185137239206682,-0.011132107886389683,0.7919225773190486,2.285254612168745,0.22913601082356483,0.8174972674618861
Sichuan Province,39,gennorm,2.199530914967646,-0.05842009006127173,0.8212935265900159,2.43366138198488,0.2097102591090581,0.8204437347115696
Sichuan Province,40,gennorm,2.329857641309779,-0.07482610617811228,0.8214086876847181,2.5330011141850646,0.2304589080114891,0.8569156091102861
Sichuan Province,41,gennorm,2.43558832722671,-0.04553779733130439,0.8616762129655802,2.337993453514075,0.21873839501219894,0.8186908581809254
Sichuan Province,42,gennorm,2.1993638985949184,-0.028441382470751474,0.7975390332157268,2.4278281118379796,0.21181326567876163,0.8248725198817618
Sichuan Province,43,gennorm,2.296528566164387,0.00032402644686196024,0.8603670568742299,2.310063392740733,0.26044493763398835,0.802936210039209
Sichuan Province,44,gennorm,2.349065110946279,-0.009827227728065664,0.8592661360349292,2.528464627367654,0.2618103163510008,0.8026967785561412
Sichuan Province,45,gennorm,1.984153165561883,-0.04042313329633297,0.8245729976347949,2.0317046412712028,0.24718513445880316,0.7783352484564388
Sichuan Province,46,gennorm,2.241323614181947,0.03063114023356836,0.8493395694129096,1.9747610790416052,0.2380780221524056,0.763890822126059
Sichuan Province,47,gennorm,2.2536723359889894,0.004227062533379295,0.8023213632157018,2.4245180982417347,0.21347017171887295,0.8303166055384108
Sichuan Province,48,gennorm,2.2660327722410325,-0.06732608164475348,0.8372748640877443,1.9157459671903374,0.2267331484986589,0.7247184344494686
Sichuan Province,49,gennorm,2.3353480298347886,-0.04328481081543172,0.8588369841791587,2.338119055066421,0.24679444376323834,0.8078063008814724
Sichuan Province,50,gennorm,2.558240141058712,-0.05446309537785142,0.8641610118105272,2.7627566787049407,0.18407484117484524,0.8533203276916852
Sichuan Province,51,gennorm,2.2685541295805325,0.013965411047174229,0.8406189651667,2.0811637516524404,0.194336816058301,0.7720032877103322
Sichuan Province,52,gennorm,2.1314628238742745,-0.04061093980495672,0.7935098775980569,2.1465849600379534,0.215828367565511,0.79924305846369
Sichuan Province,53,gennorm,2.9386787931415554,-0.04516115105902202,0.9077591082101585,2.4559874820869747,0.23418711235339515,0.826621810678043
Sichuan Province,54,gennorm,2.708686168537102,-0.042293636426013706,0.8982760919215994,2.319424636981368,0.24017867879100746,0.8420989541113704
Sichuan Province,55,gennorm,2.227680841089948,-0.02156561262892409,0.8094383625140048,2.090748638852229,0.1764409635439445,0.7518494936452405
Sichuan Province,56,gennorm,2.0968346450782303,-0.04151765390818414,0.7828468825034984,2.326774250001459,0.19541034162391419,0.8040276943863025
Sichuan Province,57,gennorm,2.0744755832914006,-0.038740756714387925,0.8228088589622204,2.411013618681385,0.2500875361328553,0.7969777921718768
Sichuan Province,58,gennorm,2.1622118746054104,-0.0005532882306165292,0.7822882209180466,2.248136421889283,0.23447827172032892,0.804706541590811
Sichuan Province,59,gennorm,2.2955016333797795,-0.030310574680771453,0.8378850581858978,2.239994360301501,0.26120850572574106,0.7914640687385226
Sichuan Province,60,gennorm,2.528958685634006,-0.004369597830492086,0.86324840611532,2.666620309688646,0.23234699958016788,0.8142159241882042
Sichuan Province,61,gennorm,2.231521522184706,-0.028516481907267646,0.8691341152387081,2.332617357441773,0.2436301515163109,0.8003725567751023
Sichuan Province,62,gennorm,2.590083959775968,-0.004264706664083286,0.8747674880597713,2.241473962419388,0.16188501660679971,0.7895520776858658
Sichuan Province,63,gennorm,2.3435425233450364,-0.0665753903385174,0.8444751844746143,2.645662695370056,0.2201094597209196,0.8871350441411916
Sichuan Province,64,gennorm,2.114984468392427,-0.005366624021937671,0.7703261794719959,1.7814714285635076,0.21877824369568638,0.7227045209485756
Sichuan Province,65,gennorm,2.1139883400738837,0.005193323503369991,0.79184407065786,2.1829126979073736,0.23589284165299185,0.8270767591063439
Sichuan Province,66,gennorm,2.651025664739738,-0.03719095915208868,0.8682747474442112,1.9675256904228493,0.21600013374193988,0.766618798385375
Sichuan Province,67,gennorm,2.1410957932590806,-0.04389056929235169,0.8005030642331012,2.4577935182199093,0.22928008241857972,0.8616129685339962
Sichuan Province,68,gennorm,3.0836142397010535,-0.006902107454634325,0.9527000063500342,2.072857476438645,0.27706495991757973,0.7760795312459998
Sichuan Province,69,gennorm,2.125411162303493,0.03957352470495987,0.835146075910988,1.9353297510091685,0.18650398265947388,0.7612987017151518
Sichuan Province,70,gennorm,2.0845774884216426,-0.05837546471148446,0.7680730732524415,2.484714892144425,0.21284532586705204,0.7704920632619514
Sichuan Province,71,gennorm,1.9416975205447815,-0.035354944953383836,0.7830042071659571,1.9975140839783418,0.20496533722007754,0.7877285803346499
Sichuan Province,72,gennorm,2.2547355218040734,-0.04966194063295233,0.8454464866049944,2.224232711297742,0.25605245607016563,0.8025042367155772
Sichuan Province,73,gennorm,2.424632756472713,-0.011097986023690453,0.8330732465941978,2.0411940536208064,0.22879441753413543,0.7611487503499716
Sichuan Province,74,gennorm,2.482212995148103,-0.054884066463567714,0.8867389522243323,2.5073835458628655,0.29173453383972825,0.8326584526118304
Sichuan Province,75,gennorm,2.308295551793627,-0.0371494053363731,0.8615859072270995,2.115263068564648,0.23696944268748596,0.7450554989235918
Sichuan Province,76,gennorm,2.3685292714136015,-0.003569975689402847,0.8533775638126313,2.8518460225829965,0.2419990466829919,0.8419219382785317
Sichuan Province,77,gennorm,2.4489870659862376,-0.04517474541507832,0.8836944729132201,2.491624072709863,0.1948775944893999,0.8268795855174401
Sichuan Province,78,gennorm,2.623852471226355,-0.0363680701291757,0.8867738314352727,2.583110884932541,0.24038751046390916,0.8268447928947349
Sichuan Province,79,gennorm,2.5849715528024504,0.006384033036997212,0.8670170161390138,2.6428147524751813,0.212904872169359,0.8884769716444848
Sichuan Province,80,gennorm,3.1770643608953604,-0.016426491077299328,0.9395909547165309,2.225452141998674,0.21292890398925302,0.8133160844164184
Sichuan Province,81,gennorm,3.0040710395391743,-0.04442925643371143,0.9827012757884304,2.3031656485992222,0.2655454806888801,0.8000676774347892
Sichuan Province,82,gennorm,2.0255969467381902,0.002458824893609951,0.7501952512184904,2.306862595944209,0.23217993724782243,0.8278023733424145
Sichuan Province,83,gennorm,2.3945632496421307,-0.050339948648230146,0.9031566264018744,2.3940087573771303,0.22921430523803563,0.7806182138160183
Sichuan Province,84,gennorm,2.098874245393454,-0.05850647712762286,0.8589416422393226,2.1175259490655156,0.20319030243796302,0.757663038212242
Sichuan Province,85,gennorm,2.6522309364370313,-0.02733396540652046,0.8715317061197346,2.359923740650409,0.19487442802818516,0.8681979272945639
Sichuan Province,86,gennorm,2.6550657638070723,-0.015635168994750124,0.8910843172214015,2.431400584976318,0.24734454128214778,0.8404105546408449
Sichuan Province,87,gennorm,1.9476394983351009,-0.014626854892767422,0.7593369208053571,2.4932188103162787,0.26098746444061716,0.8433801153849525
Sichuan Province,88,gennorm,1.9820136337914198,-0.06406081835481246,0.8201666070692486,2.5007280321135124,0.24499566961446084,0.8731484284787603
Sichuan Province,89,gennorm,2.189886869419924,-0.04418390458896951,0.815449839435029,2.192870375310606,0.253844611389764,0.8458206296265054
Sichuan Province,90,gennorm,1.9676524848943182,-0.007712525107232778,0.7674631703846828,2.3393792405582037,0.18859176163345062,0.7681285443306752
Sichuan Province,91,gennorm,2.3686958163651304,-0.054402335976036394,0.8613559353477707,2.7297063809107707,0.24909535236852143,0.8545813601730774
Sichuan Province,92,gennorm,2.5823105972917704,-0.015089420399650284,0.8995657007212147,2.4141029103521774,0.24980588442262652,0.8448778057680115
Sichuan Province,93,gennorm,2.628030269376615,-0.03165880472311722,0.8620673765658731,2.06933848635039,0.23124848594603742,0.8506390302498856
Sichuan Province,94,gennorm,2.4740964523900075,-0.03930394702403511,0.8826901639927767,2.3448575213191094,0.2436754693894706,0.8152918381735803
Sichuan Province,95,gennorm,2.420492839068304,-0.014064882060433192,0.8549211551506533,2.3517184562815787,0.25388011517700393,0.8388254932114835
Sichuan Province,96,gennorm,2.4421471135589083,-0.0032298312705854072,0.8293273642972158,2.496042810895964,0.19836070398154187,0.8538669819502018
Sichuan Province,97,gennorm,2.72827247846213,-0.011360478212389145,0.8807599548823886,2.3908364844249785,0.22518293893339814,0.8360801354533731
Sichuan Province,98,gennorm,2.5937687011306254,-0.06331275076321505,0.8755920500868162,2.1661466934031655,0.19552715528757783,0.8186884430945844
Sichuan Province,99,gennorm,2.0074673899794693,-0.05474895907274577,0.7702596952688341,2.244217582842388,0.21120732554168314,0.7673252309713533
Sichuan Province,100,gennorm,2.233209232473307,-0.02040787541589638,0.8508302708665629,2.315926750121327,0.2739691291014932,0.8225214488023833
Sichuan Province,101,gennorm,2.0931721577682554,-0.041828132564279995,0.7997040025283355,2.4885543400788217,0.22595431432120502,0.8801239774999091
Sichuan Province,102,gennorm,2.10152700971773,-0.006089924556818423,0.7893459938440294,2.3295903470656425,0.2112892612533313,0.791047854111127
Sichuan Province,103,gennorm,1.7993842823096509,-0.04320231040623079,0.7402057001752511,2.715927369545934,0.22749704761410017,0.8964644859978914
Sichuan Province,104,gennorm,2.265140102337639,-0.020295754586388937,0.8271203934704219,1.9557052789506226,0.22796887159807916,0.7494596353316759
Sichuan Province,105,gennorm,2.5157792970073,-0.04061373394727344,0.8688433139474755,1.9923408555873228,0.2357488929540832,0.7441230593190525
Sichuan Province,106,gennorm,2.711808132606491,-0.03811792408076166,0.8690144002596867,2.6520746220025124,0.22760577108248703,0.824914908549089
Sichuan Province,107,gennorm,1.9823582381976457,-0.0045038726894805585,0.77395092752071,2.080262435487126,0.21033893104773174,0.7812559624976907
Sichuan Province,108,gennorm,2.1064666423591207,0.0013349794734195896,0.7993128217127388,2.086723857547578,0.2661470184400784,0.783532621898894
Sichuan Province,109,gennorm,2.7085355390502333,-0.017964012869443133,0.9013653901683449,2.4404064895888062,0.2362185829139703,0.8733301680311247
Sichuan Province,110,gennorm,2.1910904942838862,-0.032135399713071056,0.8281917757853708,2.241408054968673,0.23671726404358642,0.8401509337409501
Sichuan Province,111,gennorm,2.037779447929307,-0.04216947945990378,0.8599481718941224,2.1953323783715115,0.23906713823745152,0.8127025977361552
Sichuan Province,112,gennorm,2.2979929299071022,-0.02263834343544334,0.8146759879651768,2.5780865941099034,0.20298258165919975,0.8764976816928571
Sichuan Province,113,gennorm,2.185757250121642,-0.06547901116592983,0.8196461350794473,2.3134221579162317,0.26894050786641693,0.7776322568417746
Sichuan Province,114,gennorm,2.420351994698798,0.04467722000786011,0.8631961610881718,1.963719929858418,0.21196635185684237,0.7974576337038113
Sichuan Province,115,gennorm,2.0154452118691824,0.00043241312491064474,0.7951635143492091,2.3125439041889684,0.18220428614409256,0.8420323697028187
Sichuan Province,116,gennorm,2.104902292746819,0.000593562859545933,0.8321657652336356,2.2688138528790978,0.21072809653276198,0.7907229541068335
Sichuan Province,117,gennorm,2.159109751996169,0.026973590918448122,0.8385685629010378,2.5509631480138544,0.27544371988938643,0.849302142048874
Sichuan Province,118,gennorm,2.35289552660503,-0.008092476146987014,0.8347218382414789,2.915163950039523,0.27258352053347107,0.8925343925181682
Sichuan Province,119,gennorm,2.1321349707218027,-0.019814506793363933,0.8315274621734272,2.304287195537439,0.22240522394123619,0.833751081821776
Sichuan Province,120,gennorm,2.3300225270206916,-0.07222433970873919,0.8336958505502035,1.957382179718988,0.25251740584481963,0.7241500920027185
Sichuan Province,121,gennorm,1.9288640128894803,-0.060470666694434495,0.7868650984847272,2.723426117696424,0.2577797402498956,0.8539109877861311
Sichuan Province,122,gennorm,2.0255674200087794,-0.028635409182204953,0.7745092667121396,2.3236544164468578,0.24948834018589067,0.8794915464440753
Sichuan Province,123,gennorm,2.853877361855696,-0.057719229634017905,0.9289843405535533,2.6992804498061496,0.23129540735163878,0.8936834482774968
Sichuan Province,124,gennorm,2.740509660047974,-0.04249831264741463,0.8531636926106352,2.115886714054029,0.2571495741437142,0.7630564008709833
Sichuan Province,125,gennorm,2.652963378765167,-0.019076429628597912,0.8849989968520978,2.7575690392994243,0.23078703574422196,0.8708645887485369
Sichuan Province,126,gennorm,2.488229052636218,-0.041980737749220315,0.8847353323512448,2.4467841991612174,0.21619570508482133,0.8373017274111871
Sichuan Province,127,gennorm,2.312798892482051,-0.0660877873216944,0.8481893681563946,2.164652422991746,0.2587437115445742,0.7618306945521419
Sichuan Province,128,gennorm,2.1397913882513864,-0.012134425766523793,0.8069968056410621,2.080582859396869,0.2427006914660868,0.7899880943795801
Sichuan Province,129,gennorm,2.744037272392723,-0.031263098098123325,0.8940139927337356,2.425864760966009,0.27095060003375127,0.8317740572086674
Sichuan Province,130,gennorm,2.4355002214933146,-0.038103087167915765,0.8625303193877576,2.2330999817777037,0.20899967012973647,0.814798712964114
Sichuan Province,131,gennorm,2.2592942432259155,-0.0006408624111222533,0.8457284517424806,2.3345314641292374,0.2590326689943655,0.7894718170178454
Sichuan Province,132,gennorm,2.1879204693728633,-0.05264874037917766,0.7984153190914633,2.0963837477603486,0.21349842106538378,0.7659900596076453
Sichuan Province,133,gennorm,2.479910069904916,-0.0026447130623773033,0.8644397837113997,2.184509150017375,0.26074398125576503,0.8341834284195666
Sichuan Province,134,gennorm,2.338637299306188,-0.039408162186686954,0.8353136329287241,2.1210805701691298,0.24322256312964252,0.7866050653067405
Sichuan Province,135,gennorm,2.062048677003233,-0.02294353154192078,0.8352195051056339,1.979062795519118,0.2519470187741709,0.7688542893191043
Sichuan Province,136,gennorm,2.1989637740913714,-0.04206390827774044,0.816055060189748,2.232333202011926,0.22274702283164208,0.807019911648021
Sichuan Province,137,gennorm,2.3536568966340052,-0.07028720419293338,0.8449429489376994,2.1107605045389186,0.22656939753364758,0.8104496269619099
Sichuan Province,138,gennorm,2.0224963300668333,-0.02016580258460136,0.7837662846316358,2.7445692574108076,0.2511629053010579,0.8955993341777775
Sichuan Province,139,gennorm,2.5712774410375694,-0.028749472290742324,0.9062844749277139,2.407090793229049,0.2271277692495886,0.8334569504820701
Sichuan Province,140,gennorm,2.485257768356136,-0.049373671056944735,0.8600409642240825,2.235237817563772,0.20998486518326706,0.800468312196738
Sichuan Province,141,gennorm,2.685413474197687,-0.008864939290364889,0.9244305485155115,2.146187840696255,0.24771566234028608,0.7816364228633668
Sichuan Province,142,gennorm,2.7508245612622346,-0.027768933639713302,0.8939000954670002,2.1295672759037547,0.19564489956421643,0.7929267552561872
Sichuan Province,143,gennorm,2.4560787664674395,-0.06280566924893474,0.852281535312408,2.1020139289768327,0.24871094106154557,0.7842024493654496
Sichuan Province,144,gennorm,2.392761759626541,0.013102634230235919,0.8422191321934343,2.1998694679608852,0.21254507953618001,0.7744545518360983
Sichuan Province,145,gennorm,2.356845869993818,-0.04599130658349089,0.8546509289260272,2.236780106859483,0.246858375721399,0.8116773965852216
Sichuan Province,146,gennorm,2.105585138789745,-0.06353891701765528,0.8517113215145697,2.3932058630846083,0.2265970472936129,0.8465937432960149
Sichuan Province,147,gennorm,2.1038195890138773,-0.005049341226105199,0.7841011196879799,2.155714331943088,0.23443510216024008,0.7913303113354951
Sichuan Province,148,gennorm,2.1025594809889583,-0.03458438199820013,0.810589797042927,2.2036068000856934,0.21081804832656,0.7876012991145165
Sichuan Province,149,gennorm,2.470982531755883,-0.035021229416018596,0.8892206083176237,2.174259637890391,0.20897059159658576,0.7835317536707276
Sichuan Province,150,gennorm,2.2374685988934147,-0.01136025286565177,0.8392546492316623,2.2559997220447476,0.227288551160303,0.8721406475557778
Sichuan Province,151,gennorm,2.0662478022747814,-0.02479072443840586,0.7971954055832493,2.2312970051471144,0.2283282884094756,0.829288758923661
Sichuan Province,152,gennorm,2.119964255352331,-0.06827631505704967,0.827626098779146,2.065029085447077,0.20388661855000578,0.7727707498258467
Sichuan Province,153,gennorm,2.0551590704453657,-0.021543698996244864,0.8141146058317856,2.4190264555214593,0.22787401638041055,0.8610364367997426
Sichuan Province,154,gennorm,2.101801991360168,0.012338068464939515,0.8195027947074005,2.1759755362225235,0.2589374167641009,0.8009024892530878
Sichuan Province,155,gennorm,2.8350749682866203,-0.04909333812915037,0.878843634017343,2.281347028535401,0.21770002369223412,0.8281066486234545
Sichuan Province,156,gennorm,2.7429247974270248,-0.03209045359659988,0.9058491260928683,2.3955423727371192,0.22925943635783774,0.8311741125784151
Sichuan Province,157,gennorm,2.2650272099250763,-0.04295082083818275,0.8287430977352073,2.4170454202783933,0.23925161802004286,0.8302403235806085
Sichuan Province,158,gennorm,2.5165677358496747,-0.06823078374415684,0.9051355078058643,2.3809194227439603,0.23967464453140747,0.8358951532279886
Sichuan Province,159,gennorm,2.339419116130898,-0.04166401589380897,0.859449308371117,2.060466332495251,0.2234156964133542,0.7814075723213005
Sichuan Province,160,gennorm,2.385586581713379,-0.045967960638363496,0.8755519053301635,2.102135386397446,0.2481769403419081,0.7886612625525052
Sichuan Province,161,gennorm,1.8706605844096098,-0.005760124050974,0.7877578588057422,2.639530309343691,0.2653159895940206,0.8466865633210876
Sichuan Province,162,gennorm,2.191933102457761,-0.008287245840579997,0.8733560634083385,2.343870788736622,0.21097495700925456,0.8461407416175557
Sichuan Province,163,gennorm,2.707740656509095,-0.03316435712948178,0.9147607273251099,2.5390788729337386,0.2100652777332914,0.8783766604674182
Sichuan Province,164,gennorm,2.590012428590816,-0.0707664941463493,0.8931347944394046,2.1575692606267762,0.2487615262018142,0.7627951758775909
Sichuan Province,165,gennorm,2.4516645566632644,-0.04418312263213013,0.8006083791875154,2.345423878233798,0.22200532483390523,0.8017181927890816
Sichuan Province,166,gennorm,2.0637549282788297,-0.019930461664539587,0.842830614459718,2.5139973044534334,0.2574510466761447,0.845646712243112
Sichuan Province,167,gennorm,2.2298873845014944,-0.034298438534473744,0.8365756209914379,2.0615959857130868,0.23925604810480117,0.7930734300653035
Sichuan Province,168,gennorm,1.9514296028375628,0.009972898920235795,0.779132793026413,2.1606867875032005,0.24386379429385316,0.8039713911909043
Sichuan Province,169,gennorm,2.0445796195807815,-0.0629832664478744,0.7874937438595984,2.0174540040158755,0.21863695863251265,0.7319408670065999
Sichuan Province,170,gennorm,1.9436233585702556,-0.04703303223075196,0.8207756787865454,2.2671044958028577,0.2169390221011601,0.8190831095487183
Sichuan Province,171,gennorm,2.081415100304633,-0.013907778298212653,0.8267879974128717,2.1627402695768225,0.27946660537131385,0.8014373031460332
Sichuan Province,172,gennorm,2.2832187958117176,-0.00857244799427084,0.7932770369772171,1.925638207584007,0.24070620360971018,0.7174698659751035
Sichuan Province,173,gennorm,2.2468889766385907,-0.03681340260116256,0.8093793937755591,2.7304625841852865,0.20542087896558778,0.8761286534016803
Sichuan Province,174,gennorm,2.368354795293791,-0.012866056154173681,0.855318561520285,2.9150694075639683,0.26669563252422845,0.8700025688733257
Sichuan Province,175,gennorm,2.3079282544349526,-0.050168628532896734,0.7944785976281561,2.5859678004991515,0.26276501376785755,0.849446412509604
Sichuan Province,176,gennorm,2.271059920413396,0.02972559390314638,0.8792732598404338,2.276950142679074,0.22714842786086337,0.8237612037827242
Sichuan Province,177,gennorm,1.9956667214343264,-0.013516070501569593,0.7966844854934827,2.4692388950555055,0.24295870231166078,0.8344461158066112
Sichuan Province,178,gennorm,2.1292427338937765,-0.0496061858222647,0.8056313889265496,2.2279411888924026,0.18981403026975693,0.8066492043559889
Sichuan Province,179,gennorm,1.9473475031849514,0.001684942868954772,0.8041288351848022,2.058921675420202,0.20728885545380998,0.7508122764104588
Sichuan Province,180,gennorm,2.133707373520872,-0.08432968372623288,0.8295607891169011,1.8016262345749845,0.24448540473664754,0.7328823434843055
Sichuan Province,181,gennorm,2.1194654076011883,0.0013935509316523632,0.8227363139588126,2.5388511954190536,0.24663812922020478,0.8303110761191486
Sichuan Province,182,gennorm,2.173511697805621,0.007282637132718271,0.8212636421545083,2.439452831400227,0.22750790629294687,0.8294816275935802
Sichuan Province,183,gennorm,2.2879055029574955,-0.014601429906457665,0.8070601741934904,2.5635814668601826,0.25820347214503614,0.831813099585297
Sichuan Province,184,gennorm,2.435683795635152,-0.02449487063788105,0.8623347680234152,2.1218553549779937,0.24302706320623524,0.7834805064886334
Sichuan Province,185,gennorm,2.26701990879676,-0.028378525141936284,0.8500991448439439,2.1586747708321408,0.2287516642401191,0.7994935003643929
Sichuan Province,186,gennorm,1.9731598881890413,-0.05154877547018873,0.7870003546061464,2.2891191384343204,0.20245571335514045,0.8174678674828659
Sichuan Province,187,gennorm,1.833353675946273,-0.05138825079053663,0.748898251394454,2.0928257513614135,0.259218098253033,0.7610474277765448
Sichuan Province,188,gennorm,2.8706242208509547,0.03100583209354133,0.9522290264388842,2.4426478265603055,0.20043710840715023,0.8506023347890685
Sichuan Province,189,gennorm,2.3467645820478875,-0.03803460962641493,0.8709141710907862,2.5905963983684615,0.2432406121735568,0.8684132960867623
Sichuan Province,190,gennorm,2.6294295521127857,-0.05746571436043506,0.8910677317426969,2.285191222716664,0.25589003917138997,0.8319187638305111
Sichuan Province,191,gennorm,2.022199648505083,-0.08011382579210836,0.825859320948103,2.21630062928919,0.25397052734824277,0.7860274968834935
Sichuan Province,192,gennorm,2.1455811977865604,-0.0553592561190535,0.8068619451166472,2.4156747619142793,0.2591767985232788,0.8374044724684424
Sichuan Province,193,gennorm,2.3703731170887474,-0.022496097551093212,0.8919737991606946,2.347795372729445,0.2593790859811534,0.8001985498783637
Sichuan Province,194,gennorm,3.07581418318957,-0.002125998116696568,0.9476251748142341,2.381259906180058,0.2386075939451005,0.8380646141693651
Sichuan Province,195,gennorm,2.4097227886029886,-0.01941987288138184,0.8327151987149769,2.8106625964294967,0.22924413400554827,0.8394075567364566
Sichuan Province,196,gennorm,2.2386575224785936,-0.04794692102674977,0.8571764495074425,2.2524344022626623,0.24255758367515973,0.8093356820133586
Sichuan Province,197,gennorm,2.652118546272055,-0.03990946272685013,0.9007637578989034,2.3916023076554733,0.2324936124137192,0.8198626231356305
Sichuan Province,198,gennorm,2.247906861300484,-0.05730098076325543,0.8398837075496016,2.130431034739146,0.22890642388812452,0.7927123567000371
Sichuan Province,199,gennorm,2.9405263630464495,-0.0026502232340719378,0.8722424537896596,2.1309518097316777,0.24057913832440414,0.7840333067432503
Sichuan Province,200,gennorm,2.3712101172967226,-0.00098896288796943,0.8641352835391634,1.9806563888530584,0.17943502609645168,0.772470970993198
Sichuan Province,201,gennorm,2.404476515435057,-0.031493317961913576,0.8523520501103683,2.266409895134476,0.23281689434901343,0.7759327858556664
Sichuan Province,202,gennorm,2.440011992891181,-0.006580817680783037,0.846267948131634,2.1353851992644564,0.2107966911675419,0.7918252347638188
Sichuan Province,203,gennorm,2.055813314742177,-0.04903215815393876,0.8465349835935725,2.149829576295729,0.24897635362669784,0.8147380987928627
Sichuan Province,204,gennorm,2.048834816444413,-0.005291542245323239,0.8156031258025651,2.4853412764429867,0.21785168817111358,0.8383724724118634
Sichuan Province,205,gennorm,2.279461735696531,-0.03982998323463963,0.8432492865672456,2.453009495914505,0.2710238026694735,0.8501358146015967
Sichuan Province,206,gennorm,2.5033881310425565,0.004010607498115983,0.8769008504431144,2.2889283014671484,0.2864108436660301,0.8368970653729542
Sichuan Province,207,gennorm,2.4909379400519063,-0.058543920857548545,0.8995321161054423,2.5551941985955917,0.21437039443487027,0.8420454448768594
Sichuan Province,208,gennorm,2.8681793473582458,-0.013579105352429854,0.955577425795972,2.4455440917494355,0.28151409916535947,0.8242481229526126
Sichuan Province,209,gennorm,2.0444805259335803,-0.026461928465380865,0.7675019734829309,2.07161604135863,0.24242798926211784,0.8259598607345122
Sichuan Province,210,gennorm,2.4919915748508834,-0.0019191693310912435,0.8648178437652253,1.9872974901819427,0.2343453574886185,0.7831650901238568
Sichuan Province,211,gennorm,2.6129636764961566,-0.04155011822591531,0.8338408278540045,2.1048374109969084,0.21602761173508522,0.772790496568287
Sichuan Province,212,gennorm,2.1059807727134396,-0.04978826138735152,0.7865849378560961,2.28482937873608,0.2400786876183556,0.8119028407855391
Sichuan Province,213,gennorm,2.565573030324204,-0.05750880539848231,0.8898413823735039,2.5003068409857256,0.26565663450960547,0.9035680231530929
Sichuan Province,214,gennorm,2.325030921038077,-0.053665688356702525,0.8571312425273572,2.419794224686166,0.260753330239174,0.8279808270286628
Sichuan Province,215,gennorm,2.427500981660998,-0.05223358849725879,0.8560310852165645,2.124480841898623,0.21576503964752092,0.8616103980487565
Sichuan Province,216,gennorm,2.4471328819564,-0.05088125397663068,0.8559129110252235,1.8952340895645916,0.2759730636123452,0.7239379300872965
Sichuan Province,217,gennorm,2.19231016424863,-0.06010359327369319,0.8075860759326122,2.2942738331788215,0.25605258487697385,0.7991693549488355
Sichuan Province,218,gennorm,2.0982830805204262,0.002887961000472722,0.7652536056699354,2.836884513037081,0.2576127135733677,0.8434500816412689
Sichuan Province,219,gennorm,2.4394796447160587,-0.07423536920716065,0.8650454659349691,2.0882694650237994,0.1643034957317784,0.8020090881973831
Sichuan Province,220,gennorm,2.524857228922393,-0.05332501503773146,0.9069636861728223,2.334801574994966,0.21881657719578018,0.8137114264553121
Sichuan Province,221,gennorm,2.5897227344670757,-0.021265160655081383,0.8911235501884025,2.045939608837269,0.2371728177078306,0.750139989969498
Sichuan Province,222,gennorm,2.4340229029583282,-0.041517166528968745,0.8922586803223272,2.3295932082660986,0.257696308578262,0.8590356809246534
Sichuan Province,223,gennorm,2.0675470694637212,-0.025628088474335675,0.7767297981461689,2.40924554687925,0.24544148641434124,0.8390631004464681
Sichuan Province,224,gennorm,2.419537974112172,-0.04969826523666373,0.8736619761661528,2.2260604939564983,0.18147586566460266,0.7871913291260149
Sichuan Province,225,gennorm,1.9355601949789336,-0.019531064622727995,0.760496393081874,2.607147522830419,0.23173249274451282,0.8772631697518507
Sichuan Province,226,gennorm,2.182188533157813,-0.0312259510083011,0.8145076570473029,2.0864393236368723,0.22794981741958728,0.7897368921849335
Sichuan Province,227,gennorm,2.1242487929416907,-0.04531915694436248,0.8036025974989223,1.9949370963994708,0.23965013673425772,0.7782523196207076
Sichuan Province,228,gennorm,2.2772791211552654,-0.031267847123491135,0.8123396777513303,2.152029613400564,0.22432774731104693,0.7789588889644417
Sichuan Province,229,gennorm,2.5567656230547415,-0.014168632984472306,0.8601445554473055,2.6613703799452733,0.23580428511116627,0.8572110979130009
Sichuan Province,230,gennorm,2.0792877590491203,-0.025906444262613626,0.8013825188656769,2.2647486097699403,0.2387882471185864,0.7680101560034582
Sichuan Province,231,gennorm,2.4422168164302906,-0.014193299435115688,0.8737178457562673,2.264191628908565,0.26346433210501774,0.8305720428469006
Sichuan Province,232,gennorm,2.0798223477302087,-0.017046117235554655,0.8111275889838535,2.1462597914990793,0.20105474043703708,0.7834993214204229
Sichuan Province,233,gennorm,2.0526846179128917,-0.08135361806488323,0.8320996552951305,2.287313425118888,0.25593139896472505,0.7833992116466191
Sichuan Province,234,gennorm,2.2718719329449586,-0.01695515252710545,0.8790606943449988,1.9791590457154333,0.25196077831898755,0.7470877846186937
Sichuan Province,235,gennorm,2.1735128150819727,-0.023508362296307497,0.808057496266889,2.2986012460867866,0.2609652681194091,0.7743692400279272
Sichuan Province,236,gennorm,2.703345715559314,-0.061280704175389375,0.9093759632370109,2.3981128402658305,0.1767544922741374,0.8314315603372283
Sichuan Province,237,gennorm,2.1128237033296617,-0.01757459395351655,0.8004503671605202,2.0582922672385076,0.22460506616209008,0.8125496190391397
Sichuan Province,238,gennorm,2.0851871706595375,-0.011201857807942915,0.8160924641389519,1.887300728142038,0.23290620040646207,0.7323400860673833
Sichuan Province,239,gennorm,2.396601283902929,-0.033297098059011404,0.8946512263273465,2.6570515581598766,0.23579849075199255,0.8821048913416003
Sichuan Province,240,gennorm,3.181178805249034,-0.04009778059474624,0.9366486618101044,2.4521186717681447,0.21110191280036703,0.8549414467300468
Sichuan Province,241,gennorm,2.349704766919622,-0.026383231305269587,0.8008024281499503,2.3246907286372327,0.2317540132108807,0.8350688086350315
Sichuan Province,242,gennorm,2.695299719333752,0.0011432137203773343,0.8913971483021974,1.9395927402502877,0.2079523075126633,0.7758155993704807
Sichuan Province,243,gennorm,2.390064444944559,-0.043973159375389606,0.8758126499922507,2.421753501734048,0.2818553468262933,0.8257510867714357
Sichuan Province,244,gennorm,2.1366023031251844,-0.051534585411226144,0.8630383500022449,2.051234989762936,0.23431768077753234,0.7657045917552149
Sichuan Province,245,gennorm,2.4988020351785796,-0.029194518212770387,0.868090438133331,2.3323917061319372,0.23034259402790686,0.8115911886076201
Sichuan Province,246,gennorm,2.928793957867115,-0.050429893234338746,0.8759314088603765,2.2381687465903903,0.20142947826830315,0.7897010866032754
Sichuan Province,247,gennorm,2.488034045523306,-0.020833744053861306,0.8158528738958309,1.9092606329121002,0.23861136438938735,0.7244571573203048
Sichuan Province,248,gennorm,2.5242839159028563,-0.0003911050443580977,0.9117400054482727,2.562692493721201,0.1972460176334063,0.8507919752808702
Sichuan Province,249,gennorm,2.264818318816012,0.01575709928258831,0.8050797891189583,2.123117954023357,0.24077055323225222,0.768361865299509
Sichuan Province,250,gennorm,2.3858089251554935,-0.05729267442522435,0.8736244174327342,2.4107870959798054,0.22420189115548356,0.82233529490598
Sichuan Province,251,gennorm,2.2638936889196173,0.008029728229392465,0.8550361301108589,2.1520354435716342,0.24165596915278464,0.8221533889627535
Sichuan Province,252,gennorm,2.9928349217382477,-0.06304434028400627,0.9384624054549818,2.272217829960894,0.22565215732067923,0.7697634665005944
Sichuan Province,253,gennorm,2.0972681002012683,-0.04457176060322216,0.8244423172675194,2.0394258340189806,0.26559468977314415,0.7664846633953064
Sichuan Province,254,gennorm,2.567308080386726,-0.06094910089754445,0.8850627912868365,2.0339156512630625,0.23827411521972977,0.769086087029615
Sichuan Province,255,gennorm,2.0924998784185203,-0.06854811904588429,0.7792760937719994,2.1550104962836922,0.20515171181058325,0.7464152881514428
Sichuan Province,256,gennorm,2.6074455482142254,-0.024072172485168606,0.9187013838830604,2.3603585753522687,0.20651898215975895,0.8266108576155053
Sichuan Province,257,gennorm,2.155015193757876,-0.000940802228855995,0.7894067769944721,2.076834675714694,0.2801057381282026,0.7843475410203546
Sichuan Province,258,gennorm,2.0368662676723726,-0.04561459760698448,0.7585330142323623,2.2658607330420253,0.24679857742360306,0.8140262168072299
Sichuan Province,259,gennorm,2.470678566313517,-0.011983018194610418,0.8586270633465731,2.7732488403396296,0.2136682124236557,0.8936394105560161
Sichuan Province,260,gennorm,2.2454009405691195,-0.023744698540160713,0.8264651414257855,2.4969863605029055,0.22686901588415426,0.835079560347292
Sichuan Province,261,gennorm,2.0122042644906077,0.009766953055716954,0.7800463266127902,2.146213488226091,0.24532290249908126,0.7876055023314716
Sichuan Province,262,gennorm,2.392821086255406,-0.009984301538682797,0.8397670716036235,2.485472992901668,0.23713161553737772,0.829453602816111
Sichuan Province,263,gennorm,2.001511922641379,-0.0463399733424934,0.7803398895279254,1.9000767706000583,0.21281309228643822,0.7202504809778956
Sichuan Province,264,gennorm,2.2520852876951327,-0.010568084795277486,0.8536942867864696,2.310429270409431,0.21499918907357657,0.806930915413774
Sichuan Province,265,gennorm,2.6564804240468165,-0.04032032763186974,0.8633183790826386,2.2668853323114,0.25233606402186864,0.7705158967352357
Sichuan Province,266,gennorm,2.174077614693669,-0.033028243521548484,0.8385795386228143,2.6074727009782257,0.23846671303795255,0.8555181591693464
Sichuan Province,267,gennorm,2.6735235792730996,-0.014634534119085725,0.9288615526394943,2.396726263546232,0.27159364596103347,0.8398188632849584
Sichuan Province,268,gennorm,2.360016836434662,-0.034939852125312594,0.8303126529658889,2.0753014446865654,0.3085616539890464,0.7207366143557354
Sichuan Province,269,gennorm,2.3981880193545253,-0.04017626804193691,0.8137156613466474,2.022326916053844,0.22000720683091685,0.7384054728325546
Sichuan Province,270,gennorm,1.8818252561995985,-0.02859889519100036,0.7858425068423316,1.9850182082215688,0.19087940285283087,0.7772398121426057
Sichuan Province,271,gennorm,2.756419325357882,-0.036129060226456663,0.9056100303116021,2.5127626315561487,0.2592957374033861,0.8468202033959557
Sichuan Province,272,gennorm,2.710276326402645,-0.030828734359296554,0.9273381913177211,1.9409393506079313,0.2073958487318961,0.7759341752027642
Sichuan Province,273,gennorm,2.6730128400132633,-0.0498207909115229,0.8687320895880571,1.863362066555613,0.26206578247722356,0.724653938939773
Sichuan Province,274,gennorm,2.3965815774858923,-0.04066950345985248,0.8430270969159838,1.9109494565959708,0.26404766787689404,0.7781663627967885
Sichuan Province,275,gennorm,2.1171474874076925,-0.04529589080355285,0.8365156825172049,2.2260806365192063,0.22260769574016856,0.8112559014609632
Sichuan Province,276,gennorm,2.0546814227868246,-0.037770900386675695,0.8117178894377195,2.084184257800019,0.2505259589619505,0.7800234142472771
Sichuan Province,277,gennorm,2.038171216160743,-0.027845619094416494,0.81660091470242,2.4317195475909834,0.27781859464891046,0.8448976782427324
Sichuan Province,278,gennorm,2.545921743931923,-0.06486286944134541,0.8974812568146479,2.093366618283603,0.19795243507063087,0.8180623519127772
Sichuan Province,279,gennorm,2.247426171964187,0.0064509131168785155,0.7958841563960528,2.832500745270825,0.23879157988008862,0.8723323008469555
Sichuan Province,280,gennorm,2.2868803051752415,-0.029995544205763294,0.7993496198422836,2.3829449578032174,0.22146430760601107,0.8043978941457299
Sichuan Province,281,gennorm,2.4130800285367298,-0.03225428986328921,0.8854946435839375,2.461574782388941,0.27383831944695003,0.815574213820806
Sichuan Province,282,gennorm,2.321786887567823,0.0023015007658379865,0.8938489169513862,2.3499899213651325,0.217870209949773,0.8526619472362389
Sichuan Province,283,gennorm,2.888296396888233,-0.04295158475714971,0.9602166395743292,2.4293871273498295,0.25391389876237613,0.855473217651751
Sichuan Province,284,gennorm,2.011130705881582,-0.03071386721159819,0.8060520401460227,2.415529902835801,0.21308279209556868,0.8529293955036921
Sichuan Province,285,gennorm,2.401073997067808,-0.03236752358408733,0.8404012811382062,2.449934456264269,0.23842998909206425,0.8369727651674672
Sichuan Province,286,gennorm,2.2949631780703603,-0.04745810885124718,0.821959535432283,2.7100398257472778,0.22284778666270072,0.8698314933115703
Sichuan Province,287,gennorm,2.2810280955892095,-0.04465440097490504,0.8665078887401239,2.625462515149681,0.22977961238612254,0.7948288642234552
Sichuan Province,288,gennorm,2.3144583049870393,-0.028860471016367253,0.8506392874688158,2.2902446424949807,0.24147498361682335,0.8196895245949887
Sichuan Province,289,gennorm,2.4211662307495834,-0.04134092921032957,0.8470941096496549,2.568340907297376,0.2496798811910544,0.8414267161279747
Sichuan Province,290,gennorm,2.415883713745367,-0.042219312801453635,0.856345311669609,2.494774765211224,0.2400240391880466,0.8186381857162517
Sichuan Province,291,gennorm,2.1665303157658036,-0.05577065844999901,0.7652386826620912,2.489325023027513,0.20998074961978974,0.8383855463797601
Sichuan Province,292,gennorm,2.5331451601719435,-0.02541460327974108,0.8684161135697757,1.845876674416647,0.2349203399569556,0.7553983931805262
Sichuan Province,293,gennorm,2.3345602553416516,0.030898329889376373,0.8820026142313314,2.0822964295984585,0.247643799491013,0.7812425454113157
Sichuan Province,294,gennorm,1.8664959369145784,-0.003485803560250089,0.7441471285900823,2.548476383327648,0.22388013876949367,0.8300241590510162
Sichuan Province,295,gennorm,2.2916370820739784,-0.03260841005638335,0.8369100012002344,2.3054050068254126,0.22274336783054705,0.8022441214425853
Sichuan Province,296,gennorm,2.299749993138488,-0.039004894194392105,0.8645570170100114,2.208225482232331,0.2445626145010455,0.8027170370301908
Sichuan Province,297,gennorm,2.2124294584398942,-0.09617892339538402,0.7702734171488266,2.5349442086302805,0.2320399176529575,0.8409040093214121
Sichuan Province,298,gennorm,2.57319089556806,0.04165102581020298,0.9172864390427746,2.142244458125405,0.24064776840360608,0.7840211281328237
Sichuan Province,299,gennorm,2.3945920783673205,-0.04153767678200537,0.8446867308026748,2.2424713631144626,0.2415185091736668,0.7997661458497659
Sichuan Province,300,gennorm,3.0628513124891343,-0.037848431223493705,0.9719392292886802,2.430353862098243,0.2399164020592377,0.8190341619772982
Sichuan Province,301,gennorm,2.2890486575157185,-0.02461392151534414,0.847263993544025,2.7746448225573106,0.23237883167440782,0.8390292585311211
Sichuan Province,302,gennorm,2.745171000568539,-0.04366007320656427,0.8942710426823482,2.0983822512257024,0.24510003644556683,0.7873381059939668
Sichuan Province,303,gennorm,1.9037982456800648,-0.05763583680639067,0.748369407390814,1.8429827138073311,0.19999303972150329,0.7302780339205366
Sichuan Province,304,gennorm,2.3603465130476646,-0.029417217681962336,0.842590666538951,2.0196621049328534,0.2342780110240229,0.7652656473255028
Sichuan Province,305,gennorm,2.36619794319692,-0.03613766339168412,0.8819314873960828,2.6231551572359297,0.18924112128698276,0.8434366967804496
Sichuan Province,306,gennorm,2.208024937334587,-0.015354618668862476,0.8517476934512906,2.137794163727576,0.2264480130805285,0.8179744354139794
Sichuan Province,307,gennorm,2.4201129765706355,-0.038421441398873865,0.8411900292522492,2.3103142548009474,0.26268471005363914,0.8784031685688707
Sichuan Province,308,gennorm,2.197789636290288,-0.016389984536780033,0.8341274978376464,2.247383090446057,0.23766372653242424,0.7726534611739209
Sichuan Province,309,gennorm,1.9143162436392056,-0.01745327188753785,0.7656617408602147,2.3913413454475396,0.25831322700330095,0.8339116292384737
Sichuan Province,310,gennorm,2.1710824988478685,-0.028082132070286422,0.8362315835662354,2.3106545455897836,0.15891494277181326,0.7724477016930482
Sichuan Province,311,gennorm,2.6285187451391128,-0.03911362273684209,0.8835971922701196,2.3841469993361155,0.22722516796147452,0.8283124647500584
Sichuan Province,312,gennorm,2.1068508870810065,-0.03433430309640602,0.8099238864553928,2.2903028628079163,0.2547102201492206,0.8268078935236893
Sichuan Province,313,gennorm,2.4192038221141656,-0.024301901230207354,0.8476890104242302,1.8551520478558345,0.21951601033864174,0.7213457533847389
Sichuan Province,314,gennorm,2.7669626469534916,-0.003101663193330052,0.8663511882874199,2.3168645133594845,0.2484406934167293,0.7987252897293349
Sichuan Province,315,gennorm,2.2264006503731233,-0.02364337582735833,0.8277626346545168,2.3605765076804572,0.21389896267938568,0.837832748413828
Sichuan Province,316,gennorm,2.518269843527462,-0.051018223752691313,0.884481303821665,2.4397824079995534,0.2435461781917045,0.7972870885015467
Sichuan Province,317,gennorm,2.1955860201730566,-0.06920551021257211,0.8569285740696138,2.071334507914764,0.206533193222043,0.7767314321906088
Sichuan Province,318,gennorm,2.3170383873342955,-0.009799335240408134,0.8049398608704034,2.880894776702714,0.22236987409368797,0.8353389225116286
Sichuan Province,319,gennorm,2.8993128933598444,-0.022513227435772512,0.8803397853034605,2.108427015174714,0.24159454526159158,0.775227985611405
Sichuan Province,320,gennorm,2.4910285316955116,-0.08639416691852919,0.9060947555915944,2.0528369128525834,0.2319154216969179,0.760627315792126
Sichuan Province,321,gennorm,2.3207764931983244,-0.01928751108539141,0.8262632788927597,2.0216251986479765,0.23529564068155617,0.7903869050657886
Sichuan Province,322,gennorm,2.408003396368525,-0.07320104848564343,0.8298860558838441,2.334991094402217,0.25912918079924113,0.8317666944254555
Sichuan Province,323,gennorm,1.6690927027789662,-0.005884906403791334,0.708520565047261,2.9986164006081397,0.24604260937995598,0.899865886508775
Sichuan Province,324,gennorm,2.3823511418245262,-0.04524979177476924,0.8224143624951493,2.69907584971943,0.2082020563888404,0.876214408218762
Sichuan Province,325,gennorm,2.792692734070262,-0.04020800810922012,0.9545696107644295,2.191833848447169,0.19573925586952434,0.814391557655499
Sichuan Province,326,gennorm,2.2797437338923006,-0.023500255590018258,0.8456938105771863,1.8181956587171557,0.23304820893849093,0.7507050084014004
Sichuan Province,327,gennorm,2.5457861197590432,-0.05650770381498023,0.8686462586547098,2.291268899738127,0.2133635636947207,0.8133183623034984
Sichuan Province,328,gennorm,1.9378753295337714,-0.0369551100226123,0.755030010841302,2.0365400381869057,0.24264983819627955,0.7493988228061397
Sichuan Province,329,gennorm,2.426432523511015,-0.05193731245666001,0.8655707970312545,2.4301277391700142,0.2313809748910363,0.8447640134291409
Sichuan Province,330,gennorm,2.7749606219346674,-0.027794296048573627,0.8774357693253348,2.2406451228819124,0.2503183421849182,0.8146069821094926
Sichuan Province,331,gennorm,2.2250808725545257,-0.07826784759129937,0.8373302219604293,2.6507627102279,0.24668027172869447,0.877168162267222
Sichuan Province,332,gennorm,2.087185146112935,-0.037304987833355854,0.7901167468005874,2.6177666704096887,0.2554808637550833,0.8628910185510084
Sichuan Province,333,gennorm,2.283144217185302,-0.01589852211791937,0.8508214022312108,2.1330284864371256,0.2397016894255386,0.7641344312424869
Sichuan Province,334,gennorm,2.22903988504759,0.004386256637848532,0.8176902212256084,2.295917747511479,0.2658265171798941,0.7939398345237456
Sichuan Province,335,gennorm,2.5491693827985396,-0.0103031183884965,0.8738486263780552,2.4805302039274535,0.24209536498978235,0.8756654577745329
Sichuan Province,336,gennorm,2.5522130932634317,-0.0067764342022316355,0.8585401625882686,2.5824924159538925,0.2593518728874433,0.8418775241019514
Sichuan Province,337,gennorm,2.621179750553347,-0.036535210835782594,0.9636231079232704,2.5639231606954995,0.2355830181648192,0.8207881775367449
Sichuan Province,338,gennorm,2.3499974161501234,-0.026310995767752546,0.8377697048854479,2.424066054198544,0.2470806355134092,0.8135969410253772
Sichuan Province,339,gennorm,2.2395497706393064,0.021109382498485513,0.8392040112897348,2.166846438872348,0.2779517415520587,0.7782619237676678
Sichuan Province,340,gennorm,2.7134465599811275,-0.033987077178308775,0.8944691369999431,2.417380074004427,0.21930537132158384,0.8335325352807241
Sichuan Province,341,gennorm,2.412678928017664,-0.03148171764564789,0.8691686905533544,2.4223709379989407,0.25386789017524203,0.8449031808550325
Sichuan Province,342,gennorm,2.0390818261096006,-0.050505563273073345,0.8586680952898138,2.1070379479379593,0.24220374656557203,0.7995715283973073
Sichuan Province,343,gennorm,2.323708249306506,-0.01802856558627757,0.8171680183763079,2.163058405754652,0.21578428138907307,0.7923695809619917
Sichuan Province,344,gennorm,2.18744352531397,-0.042025835217017624,0.8030342281141973,2.3328210343742963,0.23563909876511735,0.7851409256408759
Sichuan Province,345,gennorm,2.4216348314353766,-0.03798672545825991,0.853297489102047,2.7579602865572146,0.23172159796729594,0.861849724806852
Sichuan Province,346,gennorm,2.816251441363181,-0.03128644933534344,0.9073553410406949,2.3797075281911946,0.20590846132255997,0.8222519673659376
Sichuan Province,347,gennorm,2.081264305007979,-0.018396357439409823,0.7975543339081276,2.6968472112052364,0.2004217689544116,0.8411038302361238
Sichuan Province,348,gennorm,2.5047179322878357,-0.07396336950353632,0.8581592620618259,2.7356643834683285,0.2920629609824591,0.8756135181103504
Sichuan Province,349,gennorm,2.6704783844387068,0.021053537823318445,0.9068752602369993,2.3081713544708204,0.21407322206758844,0.8154289329384601
Sichuan Province,350,gennorm,2.3541491360633158,-0.026939653548125088,0.8601011054203485,2.4394909276926047,0.2266998146402729,0.8603846314585355
Sichuan Province,351,gennorm,1.7726138354087877,-0.0272384883655698,0.7366399903935279,1.980517547720711,0.2496963792157333,0.8123725059893367
Sichuan Province,352,gennorm,2.294582142502869,-0.006800084126551609,0.8197483722439864,2.0680280959374944,0.23344564110282928,0.7897139154189153
Sichuan Province,353,gennorm,2.7377584667094093,-0.020121546318984718,0.9000376726698713,2.6213535234887457,0.19863391818931353,0.8512913254853404
Sichuan Province,354,gennorm,1.8422328997777662,-0.01398020667890876,0.7557742600724067,2.348048778269091,0.2571997505230382,0.8095808060191566
Sichuan Province,355,gennorm,2.1157955814734004,-0.06330420535215912,0.8054136762841932,2.1300800309891605,0.2056060172490718,0.8124537258871625
Sichuan Province,356,gennorm,2.2172634161659275,-0.016966324311891427,0.784146249662317,2.3204017222264133,0.24810032516734615,0.7980828146694328
Sichuan Province,357,gennorm,2.2419551622618403,-0.035946555357732474,0.8884147274387011,1.9374993751939038,0.24805910445674054,0.7559781468548923
Sichuan Province,358,gennorm,2.390996424729801,-0.006454725858598196,0.8750801953901455,2.287276036347885,0.21699278063644428,0.7876212052408729
Sichuan Province,359,gennorm,2.175370729902566,-0.022223543848765858,0.8284334777734202,2.645243033199481,0.27898216677620524,0.8447908239175576
Sichuan Province,360,gennorm,2.0959665284282885,-0.012010513580901687,0.8043048906654201,2.2211095822373825,0.22684027487999428,0.8411890105370289
Sichuan Province,361,gennorm,2.469542744613204,-0.02744524137467827,0.8497523790736845,2.1918258727245004,0.19614580164392348,0.7632946187352002
Sichuan Province,362,gennorm,2.231706326697002,-0.04845413328695232,0.8469891729687371,2.7580221725105583,0.22302911148828208,0.9340568205993155
Sichuan Province,363,gennorm,1.8885038235527936,-0.03740875890286733,0.7847538191580836,2.589462533782094,0.2623546735971256,0.831723610165316
Sichuan Province,364,gennorm,2.131658005954169,-0.03466209085286325,0.8367757454029727,2.6079528782442205,0.2353925913193176,0.8614520912949657
Sichuan Province,365,gennorm,2.344548994042457,-0.06795781155170535,0.8400187238151096,2.405324449329176,0.22819828038475412,0.8354328393921845
Sichuan Province,366,gennorm,2.1971849761218953,-0.01949047510063317,0.8499500741938373,3.0593880077212603,0.24099611686185704,0.8443046463409953
Sichuan Province,367,gennorm,2.164137379078552,-0.006605074475595154,0.82098183976285,2.326588946272266,0.24012776105000716,0.7884787608989099
Sichuan Province,368,gennorm,1.8891400525810766,-0.020987112519895008,0.812327806944911,2.13501345988261,0.22939158774039037,0.7563046954818642
Sichuan Province,369,gennorm,2.2147189727276206,-0.034798325719322766,0.8307177467542894,2.152010417466869,0.2467093685257883,0.7678831003774866
Sichuan Province,370,gennorm,2.1260292116602466,-0.057313081971953166,0.8045288497388026,2.323898320592083,0.2173238190232931,0.8131398572836523
Sichuan Province,371,gennorm,2.432403173976666,-0.009254381433374193,0.8455206706977021,2.644597821813355,0.236692408393761,0.8351760614865823
Sichuan Province,372,gennorm,2.3228665365396655,-0.04819460160361039,0.8055739160640467,2.0227728276097476,0.23122434201259265,0.7757788117920554
Sichuan Province,373,gennorm,2.4977817605054504,-0.042668756166552996,0.8646573381610383,2.2609342869254325,0.24529409388215268,0.7924897747224179
Sichuan Province,374,gennorm,2.401615201389375,-0.07619330800298238,0.8336708100813269,2.7384527940450925,0.22782017726362153,0.8476618572740167
Sichuan Province,375,gennorm,2.115121523719302,-0.041634818470623156,0.8331959020135564,2.1488749224678525,0.26253067854177264,0.8011329445762183
Sichuan Province,376,gennorm,2.589957964098576,-0.05939590598332706,0.9229041571455476,2.1176165185814844,0.21721148680524965,0.7843135341287493
Sichuan Province,377,gennorm,2.269993173486051,-0.009637662052313464,0.8565572843846636,2.4553245953952736,0.2763883562243618,0.8765943186632617
Sichuan Province,378,gennorm,2.1232312834590163,-0.04095603484248126,0.8183193362152701,2.285913430078275,0.23418748313593873,0.814001438406706
Sichuan Province,379,gennorm,2.241592247459104,-0.021919361226201372,0.7942626971454209,2.5981550114496836,0.2059006889538705,0.8465459778447714
Sichuan Province,380,gennorm,1.974952925432519,-0.024843345827831445,0.7821226865451794,2.3793821825895023,0.24125870679377437,0.8364996927528437
Sichuan Province,381,gennorm,2.302541736673423,-0.05769592615953256,0.8481612987558473,2.437992907100037,0.24799953054400098,0.8226603936380961
Sichuan Province,382,gennorm,2.2212051190493716,-0.041493799587702884,0.8228970257872892,2.2651035384456377,0.2486524765186684,0.8083731779638599
Sichuan Province,383,gennorm,2.4392449235614837,0.022030116727760417,0.8753973954248171,1.9263871123825838,0.24414514849058255,0.7234463390769393
Sichuan Province,384,gennorm,2.0377257577080217,-0.03425393595496293,0.8140367315672566,1.9392180684913711,0.22237726568245225,0.8010166684876618
Sichuan Province,385,gennorm,3.1125366140545796,-0.010428646556127855,0.8855350954727259,1.8528784999629138,0.20634103883591276,0.7338985244506375
Sichuan Province,386,gennorm,2.259032661156792,-0.01844397775687495,0.8562005253548299,2.156362336961831,0.25523670677564947,0.7770818112840914
Sichuan Province,387,gennorm,2.343409182225031,-0.062093717562227285,0.8822000867832345,2.329755527522897,0.2092642960251211,0.8188215769864496
Sichuan Province,388,gennorm,2.7735357633413384,-0.0062454895224361255,0.8944849069314358,2.2696750178776712,0.26006171121166016,0.8301578633016343
Sichuan Province,389,gennorm,2.1196660749039937,0.024240494698939692,0.7963915438571462,2.4518408389947774,0.23473348015879666,0.8335527099624394
Sichuan Province,390,gennorm,2.095939912062329,-0.07850731825024437,0.7810849332934564,2.3622985733459343,0.2302888106671892,0.8497017641230256
Sichuan Province,391,gennorm,2.588131203043943,0.002738143742788696,0.854633223809532,2.559505182172108,0.18641831392521846,0.86680428777823
Sichuan Province,392,gennorm,2.1225689403483257,-0.017618161769082444,0.8096152366537752,2.3895239153184207,0.22154485422329195,0.8262655449069725
Sichuan Province,393,gennorm,1.984768742017036,-0.07652206977494262,0.7293811449628831,2.4478536552030885,0.2990977831105741,0.8146259470963222
Sichuan Province,394,gennorm,2.3336510646902937,-0.026859618391419843,0.8327623776561174,2.520592813980735,0.2923791224556082,0.8579379635185139
Sichuan Province,395,gennorm,2.268266262613153,-0.04630864679669287,0.8680187093048428,2.5867822359316563,0.20174282907455554,0.8842807073746675
Sichuan Province,396,gennorm,2.3751163315777597,-0.03088391854422646,0.8570058551045372,2.4482248880417363,0.2672608346681983,0.8630483848632319
Sichuan Province,397,gennorm,2.6871515301783235,-0.0414544133149115,0.902590261128265,2.481088317988049,0.21690020837512092,0.8586154273015492
Sichuan Province,398,gennorm,2.338606766539911,-0.024609159939312,0.8365574853858786,2.545607710015319,0.22691543518918128,0.8675272863238171
Sichuan Province,399,gennorm,2.884494012499504,-0.09169054992504554,0.9202285942451031,2.213041152447587,0.23753013487677105,0.7561402830261841
Sichuan Province,400,gennorm,2.2537667283425007,-0.017762510314462118,0.8024387558176573,2.0898289889650172,0.24477804342583237,0.778977664408022
Sichuan Province,401,gennorm,2.324246145325497,-0.020447257114054977,0.8301044327566259,2.350034544857625,0.22384400024405343,0.8401461879825268
Sichuan Province,402,gennorm,2.3247590824938493,-0.03438368896740347,0.8470895831778517,2.5051136596596786,0.25530416592086075,0.8229576905166786
Sichuan Province,403,gennorm,2.7843237632702675,-0.05715208176548739,0.8729137017384088,2.156569253446606,0.22091132513598744,0.7836333125470066
Sichuan Province,404,gennorm,2.3414944539425986,-0.04165374549742597,0.8651905308981722,2.2912877814930726,0.22624451302428666,0.842597251763761
Sichuan Province,405,gennorm,2.17690755712161,-0.01278070769568233,0.8304984779148494,2.0829876352902126,0.2178133708796742,0.7529168299723015
Sichuan Province,406,gennorm,1.979792261410946,-0.0205316973617959,0.7826192011673725,2.3235496087311986,0.22643476266398327,0.8185169553584024
Sichuan Province,407,gennorm,2.210125440324049,-0.027244276501507906,0.787705736600402,2.1004274680412878,0.2508647290973367,0.8025753750972517
Sichuan Province,408,gennorm,2.220181229260472,-0.047781297577302664,0.8105763505592152,2.1828284585222084,0.25031291615052975,0.8080357464787553
Sichuan Province,409,gennorm,2.2595490306519896,-0.0149748039316811,0.8595065055887822,2.099735052873946,0.22449071545456473,0.7765607998969679
Sichuan Province,410,gennorm,2.3774553188652154,-0.02153778052607188,0.8491604477193975,1.9856673814839743,0.1888679707506638,0.7505970054462867
Sichuan Province,411,gennorm,2.118971807555633,-0.055656115455568575,0.8152365667216493,2.0207885543006503,0.20364657180060536,0.7614437439520934
Sichuan Province,412,gennorm,2.4896941059247064,-0.015101523805823115,0.8649552619050251,2.4710713832902966,0.26478362768346575,0.8732773769963764
Sichuan Province,413,gennorm,1.9777231050725668,-0.04538333623479675,0.7706264039028128,2.147157219369173,0.23539593744808257,0.8133219413974606
Sichuan Province,414,gennorm,2.2863651005804613,0.00940772363399204,0.8555958124982936,2.036452938635182,0.23410709511750438,0.7500740575339122
Sichuan Province,415,gennorm,2.4680899060378634,-0.03482966952397081,0.8390958339163499,2.102160724753866,0.22523070150347302,0.7940470855933982
Sichuan Province,416,gennorm,2.3849689531612004,-0.03207936242600286,0.8519558939648786,2.074055830905867,0.279075726488704,0.7935341401185303
Sichuan Province,417,gennorm,2.20970826154153,-0.05232077572290343,0.7832953521012251,1.8192146287527655,0.21258464565767504,0.7466584613565793
Sichuan Province,418,gennorm,2.373488292735602,-0.04017459098023423,0.8736357622114026,2.396838040708756,0.25893335064564477,0.8496075770316014
Sichuan Province,419,gennorm,2.7115296184887656,-0.0007508419630026138,0.8952596062572082,2.2616500624436613,0.20718512648209583,0.8166832816429712
Sichuan Province,420,gennorm,2.5064914789436457,0.004350053751477765,0.8373928825709817,2.3316283332772896,0.21614244939522198,0.8186766869837364
Sichuan Province,421,gennorm,3.049456306330482,-0.013573569155060347,0.9204318782737937,2.424766708409981,0.2361440441928117,0.8182060209449428
Sichuan Province,422,gennorm,2.411810907059781,-0.05247505833969049,0.8874576567720522,2.2370812273877263,0.21828019155328446,0.795701865563248
Sichuan Province,423,gennorm,2.686464392334604,-0.026971180786725196,0.8896431965683358,1.9766218740288193,0.22645557810355552,0.7391033284900501
Sichuan Province,424,gennorm,2.1644773050006267,-0.016541233763176223,0.8298906700105455,2.139765180207335,0.2735233435130588,0.768956728764255
Sichuan Province,425,gennorm,2.2495180606867833,-0.06282484905945009,0.8238106374142591,2.4459340320818024,0.25988528128061983,0.8211630844694728
Sichuan Province,426,gennorm,2.443302603108399,-0.03829483623829699,0.8812134983165316,2.064687815779866,0.24726255410454273,0.7987078707542884
Sichuan Province,427,gennorm,2.205466257575118,-0.02303132148214245,0.8344437832181988,2.0707154998819997,0.201604060547236,0.7754481371126136
Sichuan Province,428,gennorm,2.1430175830126688,-0.006017069626568445,0.8175430338214695,2.1773441236969173,0.23365238585339365,0.7716861363209304
Sichuan Province,429,gennorm,1.9179049022956582,-0.01155447923568455,0.7553983741120409,2.386572034031159,0.21675087757761508,0.8713691141657589
Sichuan Province,430,gennorm,2.3295232122144967,-0.023769619474464643,0.8750410193587961,2.4266146240392246,0.22495208709123504,0.8367402082836966
Sichuan Province,431,gennorm,2.5439197152994124,0.016291760757666085,0.8974262772231789,1.8993626750512758,0.24044887538885787,0.7864003887748762
Sichuan Province,432,gennorm,2.5801403336814346,0.006362717982415825,0.955116171598166,2.215018497175354,0.23101129352198957,0.8176090976732264
Sichuan Province,433,gennorm,2.3564277168523953,-0.044946174727728286,0.8369994396846923,2.2747351163498664,0.2545702395811384,0.8382112494094807
Sichuan Province,434,gennorm,2.224494746558668,-0.021440221611699218,0.8305666090852999,2.067007350091706,0.22694911630004908,0.7633650324981281
Sichuan Province,435,gennorm,2.156913212250954,-0.046534157478769246,0.7964734758108838,2.0707204645338995,0.19815948486821378,0.7850705036855786
Sichuan Province,436,gennorm,2.4605289134842603,-0.031060513169870393,0.8391321086532514,2.8645168467148934,0.24863586914862917,0.8812665579508401
Sichuan Province,437,gennorm,2.882735292213975,-0.038525774146991015,0.9237682473249265,2.242494864171033,0.22706053174080296,0.8053240974943865
Sichuan Province,438,gennorm,2.272569807772257,0.0006915389181183797,0.8359220202371216,2.136882091795052,0.22518506578017794,0.7864515959774214
Sichuan Province,439,gennorm,2.7661216091824015,0.007572849928514916,0.9065612346434608,2.1989910692110985,0.2719760750292163,0.8046838962013024
Sichuan Province,440,gennorm,2.1580135980926043,-0.05083834863445752,0.7955683675629893,2.650584772046442,0.2614413093233987,0.872016765630941
Sichuan Province,441,gennorm,2.835779950130476,-0.0453752865192784,0.8965789437686773,2.1898302186612684,0.23481661652562652,0.7656227628593015
Sichuan Province,442,gennorm,2.370736945589224,-0.026619721465467393,0.8005999676025037,2.662508467537987,0.24325326552290233,0.871167642122586
Sichuan Province,443,gennorm,3.435079193171951,-0.08405432516378755,0.9287524941997032,1.8339130443694815,0.23510558474655052,0.7342856102033761
Sichuan Province,444,gennorm,2.258918738693257,-0.009745767615849206,0.8474525046440957,2.2347006727393977,0.2658186503679523,0.7825056157381519
Sichuan Province,445,gennorm,1.986434645697586,-0.005302213911413308,0.8182652005980939,2.217060054968103,0.24457939551397312,0.8206155208674129
Sichuan Province,446,gennorm,2.2751445547382527,-0.062603811245135,0.8470552861324461,2.6837607305449236,0.24906622310178583,0.8545666101470482
Sichuan Province,447,gennorm,2.6822735925825643,-0.04666177617280379,0.9069823547540115,2.1146045849173056,0.25456076395524435,0.7701320627684034
Sichuan Province,448,gennorm,2.4178295217557286,-0.028931482122323174,0.9065560163827238,2.4139693945808545,0.22021247496037366,0.82393300021474
Sichuan Province,449,gennorm,2.405425781341221,-0.04589850037823166,0.8404359880182746,2.1902014611439764,0.19654237866185037,0.7834921189982071
Sichuan Province,450,gennorm,2.2939377317433998,0.016433332893600446,0.8440084999933679,2.1497946253788913,0.21388121356152023,0.8283799086755066
Sichuan Province,451,gennorm,2.624553644347275,-0.03466032805187462,0.843606363604294,2.227162693134804,0.23921993523535243,0.7857307388947791
Sichuan Province,452,gennorm,1.9889753629690758,-0.03934511578363187,0.7868805035784932,2.634570404233407,0.225959168424041,0.834150345208619
Sichuan Province,453,gennorm,2.196721092965374,-0.03863351450322567,0.7994546490702814,1.8324272874571959,0.19269694865185763,0.7354325217910009
Sichuan Province,454,gennorm,2.4026317242283506,-0.06063361594827274,0.8376719238125614,2.3804851882135525,0.193654630756524,0.8112272874035815
Sichuan Province,455,gennorm,2.104754304040374,0.0031037975073684226,0.8101657752381128,2.372337888862785,0.25505308763679013,0.8179149923447456
Sichuan Province,456,gennorm,2.0988891533258305,-0.020254863662576332,0.8117687099976332,2.6904631397581156,0.24116043587396147,0.8253626105095382
Sichuan Province,457,gennorm,2.390443686910286,-0.02123477243521244,0.8683228279393521,2.7720756628455363,0.24967281910016947,0.8430167764446708
Sichuan Province,458,gennorm,2.4814358643897343,-0.07244015274886254,0.8798212988058138,2.301307254469248,0.22140655471652015,0.813609256631032
Sichuan Province,459,gennorm,2.6379496737206707,-0.014608738218408406,0.8910493476230883,2.37345834395771,0.22675959789070513,0.8308077540305088
Sichuan Province,460,gennorm,2.157941785662949,-0.03065220365210839,0.8128886435382915,2.1549416407729804,0.2088686073936789,0.7892697071947725
Sichuan Province,461,gennorm,2.445708695710853,-0.028476229085686505,0.8521244466662335,2.826240640198609,0.2849113089998261,0.8874339132772291
Sichuan Province,462,gennorm,2.0832150213315552,-0.016854141206666434,0.809309876698844,2.406350834263886,0.2601583502703805,0.8620823660326145
Sichuan Province,463,gennorm,2.046637816772189,-0.023913752402168233,0.7742069457549081,2.1368332331330313,0.2664557563925717,0.794607952639534
Sichuan Province,464,gennorm,2.090522223546806,-0.017642207753167514,0.7920862113628251,1.9792196074916348,0.24024882537595826,0.7343573494698696
Sichuan Province,465,gennorm,2.2014853224003303,-0.01265341194691957,0.8266214296286677,2.2507843627031234,0.22090999740770065,0.7727728948587518
Sichuan Province,466,gennorm,2.5281278738543973,-0.04126453270592388,0.8894743619963676,2.0270726259525063,0.216682858827487,0.7778926959305812
Sichuan Province,467,gennorm,2.1691261517446296,-0.04277087548770485,0.817734403980718,2.0624702286457532,0.2602682310921832,0.757977821992601
Sichuan Province,468,gennorm,2.4548747688249786,-0.024373139230909176,0.8549007006166445,2.059331701820126,0.21905352167940695,0.7574265854441307
Sichuan Province,469,gennorm,2.1184621428567594,-0.03892747287332238,0.8335887288957959,2.431719287661533,0.2385080348688303,0.8252001199666401
Sichuan Province,470,gennorm,2.472577783156061,-0.016809645687034934,0.8660462163779619,2.1401513880618293,0.22826015090618967,0.7621146100081678
Sichuan Province,471,gennorm,2.3053031921698355,-0.023179043081410892,0.8737920252418412,2.6826873513587306,0.2085390049407737,0.8842132039397836
Sichuan Province,472,gennorm,2.038147754855772,-0.03087349212866262,0.7917712138832929,2.023259188652278,0.26445244102939847,0.7512154279804624
Sichuan Province,473,gennorm,2.118855094847663,0.009409802399863894,0.809840925028722,2.332238326622964,0.18612529478384574,0.8446792008007866
Sichuan Province,474,gennorm,2.3368826965727756,-0.03239297536954153,0.8189912328996183,2.067463694428646,0.23883133296049244,0.7951637275443391
Sichuan Province,475,gennorm,2.250448391810722,-0.021640491668865485,0.8199660338039392,1.873361131851217,0.2473622939007385,0.739125174020822
Sichuan Province,476,gennorm,2.1376167908388255,-0.02889111733301475,0.8102905966935627,2.0527147496958422,0.2527810610778801,0.8114095253072842
Sichuan Province,477,gennorm,2.6933829286023414,-0.06452362909817821,0.8456626026747529,1.891336479442622,0.15405939418389752,0.7362488047011536
Sichuan Province,478,gennorm,2.370383757886808,-0.03408174549487655,0.8325210853198528,2.239292063269388,0.24982563481485998,0.8227097247117288
Sichuan Province,479,gennorm,2.079264525217903,-0.029011991801428973,0.8388539780999318,2.200114657745768,0.22874074616168993,0.7872975478946336
Sichuan Province,480,gennorm,2.011907355831191,-0.07008450793159943,0.814415442710579,1.7342016483965714,0.19940222969679428,0.6825668632542894
Sichuan Province,481,gennorm,2.3460167439690536,-0.05117791106275712,0.8671366471940283,2.448619610611914,0.2213643212877568,0.7675582078632179
Sichuan Province,482,gennorm,2.1542752947330763,-0.010646577662975727,0.8087292799223784,2.254845686921421,0.23950642234801095,0.8339599723653316
Sichuan Province,483,gennorm,2.4573867130417524,-0.027725507487106785,0.888028064390467,2.227216035471569,0.2639927132500757,0.8167504965382733
Sichuan Province,484,gennorm,2.032293803961509,-0.009928459829197853,0.8078613872719745,1.9502112709068222,0.25384361635213026,0.7404439130267808
Sichuan Province,485,gennorm,2.5681347946384925,-0.0263269448833545,0.9022493508731811,2.449125643737599,0.21911544298907723,0.8382443535063995
Sichuan Province,486,gennorm,2.1916188401469823,0.0023601523689700575,0.8069285008539091,2.1512297762051054,0.24814815151149527,0.813744788902765
Sichuan Province,487,gennorm,2.100809747879987,-0.05037825254357858,0.7777361985174366,2.363116574609633,0.2460358906957177,0.8431235699531248
Sichuan Province,488,gennorm,2.4024322257317703,-0.08288326507951424,0.8240310019836334,2.44256075550405,0.23110273004653298,0.8126905086737446
Sichuan Province,489,gennorm,2.2888308890235134,-0.06574035890867723,0.8013774048912867,2.2712977691288394,0.2377063487993645,0.8284203930344741
Sichuan Province,490,gennorm,2.635503381623403,0.015576908646920656,0.9307228725161113,2.591104685698555,0.21919728315145562,0.857156191054643
Sichuan Province,491,gennorm,2.3166946075528276,-0.005937474860153951,0.840707600947197,1.970206960139563,0.2004061632065836,0.754941441521735
Sichuan Province,492,gennorm,2.9758637729464112,-0.020864446233676344,0.968263506066593,2.6857182912638446,0.22622756309965714,0.8394011976631306
Sichuan Province,493,gennorm,2.3291414971590783,0.0017392936828139133,0.8276412909933524,1.6773926760553952,0.24958647930076053,0.6785110061142249
Sichuan Province,494,gennorm,2.032500254427103,-0.020780937498301455,0.8126526424842795,2.5363952781248678,0.22803530441303954,0.8341529099168723
Sichuan Province,495,gennorm,2.5034269484430043,-0.020429326940113547,0.8711527424354523,2.068499610361293,0.23481441504981931,0.8089947936168611
Sichuan Province,496,gennorm,1.963470729651059,0.01622113566490433,0.8119391566401158,2.0146854790101014,0.26554886441593295,0.7586509303596369
Sichuan Province,497,gennorm,2.347768339348,-0.02604153929934826,0.8356304832112893,2.794784787651007,0.192472016401278,0.885592945590332
Sichuan Province,498,gennorm,1.838655733440413,-0.03608122163844123,0.7183174685925708,2.346580934394118,0.23738135737928706,0.7858563918160117
Sichuan Province,499,gennorm,2.1348033807180355,-0.03368343803039298,0.806899774842654,2.5619372877633433,0.2540821090026633,0.8555835781475123
Sichuan Province,500,gennorm,2.107391976700364,-0.02600469975947209,0.8058859315818192,2.32872760180115,0.20304770339773637,0.8556659565263656
Sichuan Province,501,gennorm,2.627815969192736,-0.033278040443441986,0.8611481773926548,2.671319345910125,0.23228444846995647,0.8712994910390601
Sichuan Province,502,gennorm,2.613058826700205,0.02463242234943825,0.8890214133689898,2.4511061737776334,0.22242602921227064,0.8315038667385604
Sichuan Province,503,gennorm,2.3113436210454292,-0.06125895282995965,0.8537343980416299,2.099619976613744,0.20230155361832078,0.781711206595447
Sichuan Province,504,gennorm,2.331462559846876,-0.038706464338954936,0.8693232794856957,1.9563019695503536,0.20991076014999532,0.7489545723928868
Sichuan Province,505,gennorm,2.3214794309939997,-0.05338924014808734,0.8009682705861914,2.1491774485810264,0.2476726804446663,0.8164345889055326
Sichuan Province,506,gennorm,2.4962802754870017,-0.004625210779698427,0.8384337355271956,2.474984947511084,0.2346283031939767,0.7986243272109802
Sichuan Province,507,gennorm,2.055527583245628,-0.029897911856708193,0.8197005395361647,3.0019428619737214,0.26477120699531426,0.9162718143142716
Sichuan Province,508,gennorm,2.2219784963986235,-0.03992740989129778,0.8286412924331251,2.317100223200886,0.2521975570319593,0.8051492054293676
Sichuan Province,509,gennorm,1.8933112957227443,-0.030686812296499034,0.7736134956587435,2.3193611561266643,0.25073983809264433,0.8075064818500907
Sichuan Province,510,gennorm,2.9553730766360324,-0.06259214775551258,0.9215257708293525,2.433094240109986,0.2348589378547471,0.8184388947820174
Sichuan Province,511,gennorm,2.3512160517895744,-0.02895624991378,0.8828998370010643,2.000059681807839,0.21623898413728293,0.7581172956667794
Sichuan Province,512,gennorm,2.0510414615822032,-0.04126478644672895,0.7889047962395244,2.455012868084557,0.2781273547573718,0.7901583901837356
Sichuan Province,513,gennorm,2.5991551825056938,0.01222850407522133,0.8784904973771124,2.751150525758332,0.20629390438038536,0.9297115619269474
Sichuan Province,514,gennorm,1.9910475109341794,-0.0331146991135854,0.7814618001400817,2.121766884583878,0.25084058546262883,0.757899761028261
Sichuan Province,515,gennorm,2.686206769492826,-0.01771924181441944,0.8869233713059157,2.5273339491826228,0.23785510745544092,0.8654905626937248
Sichuan Province,516,gennorm,2.880974946435651,-0.046919756118397424,0.9490012272797551,2.1654464957520867,0.23120296699979975,0.8006598725016526
Sichuan Province,517,gennorm,2.029417752332872,-0.015728531559448887,0.7720998481333634,2.532330381414348,0.23938671849315435,0.886392578254075
Sichuan Province,518,gennorm,2.2368694811780676,-0.0047837352592847784,0.8392515460938101,2.3922793474699144,0.20594238193244427,0.8683858337941366
Sichuan Province,519,gennorm,2.2907190324145605,-0.04155587707759757,0.8238554411950654,2.056104010864683,0.23242606408468802,0.8195249129599731
Sichuan Province,520,gennorm,1.9981825953181103,-0.03918668464164784,0.7652223699092493,2.1832849905408738,0.23852916297714122,0.8554416410206358
Sichuan Province,521,gennorm,2.584419283089914,-0.04576777220030791,0.8536646291440346,2.205556616769775,0.23462736173126242,0.7923960937345792
Sichuan Province,522,gennorm,2.2037938376958772,-0.041931139971699165,0.7884889016291923,1.9225538771516013,0.23548037872118543,0.7758468323569647
Sichuan Province,523,gennorm,2.7314322882445445,-0.00489756574949374,0.9143404580611296,2.7524530219989085,0.23686297551330998,0.9027134335455469
Sichuan Province,524,gennorm,2.152271866515959,-0.018330869661850067,0.7996049151881601,2.6358478741405893,0.2544445274115391,0.8448215056374626
Sichuan Province,525,gennorm,2.6184294768354395,0.028063980341304536,0.878935132134461,2.3379667627762553,0.22903961099954423,0.7920838639397827
Sichuan Province,526,gennorm,1.9896436767067462,-0.025710958391886085,0.7874922218531155,2.0265084306201704,0.2550870374246599,0.7360089541018451
Sichuan Province,527,gennorm,2.019854944575964,-0.08235601418148125,0.8192194821181302,2.1656269297695747,0.23791614990230647,0.8103485985615397
Sichuan Province,528,gennorm,2.2686242195329225,-0.02227820225428894,0.8078246463621561,2.092397626719319,0.1958078681289025,0.81722387329409
Sichuan Province,529,gennorm,2.6319621544905756,-0.0022204551309870507,0.8993264595719637,2.1286323868095325,0.23829699521532285,0.7618954908113098
Sichuan Province,530,gennorm,2.686088344998998,0.02351238118753217,0.8800887161836441,2.443364232079155,0.20148461971373915,0.8441396359101498
Sichuan Province,531,gennorm,2.1335806811121127,-0.04649797054759423,0.7783393399632637,2.5342934729351834,0.21789617709223771,0.8513144023410808
Sichuan Province,532,gennorm,3.021726892953282,-0.017241871100611386,0.9058906435289378,2.5730286338643484,0.25963641342395083,0.8412393071650994
Sichuan Province,533,gennorm,2.1346276267672444,-0.006566839738932448,0.7972550690480616,2.251285075747517,0.22398174239169172,0.8184587446462475
Sichuan Province,534,gennorm,2.2521351441204214,0.0018113964889863074,0.8084357059037603,2.60530476433578,0.22597089337637266,0.8624921640964737
Sichuan Province,535,gennorm,2.094792792776582,-0.03789232795001975,0.8453469855517184,2.397561331690796,0.23169848466296877,0.8329104182934237
Sichuan Province,536,gennorm,2.256787232973282,-0.018182815363542375,0.8245024777569708,2.0115593757728165,0.190587347402393,0.7406202601597842
Sichuan Province,537,gennorm,2.235763901465605,0.0053068644600182836,0.7717316130442234,2.3160846661698233,0.21404663172789903,0.8575181984955131
Sichuan Province,538,gennorm,2.4202869396247433,-0.02664932255489376,0.8614322547796897,2.4175071499779017,0.24836804101972956,0.8279837445782523
Sichuan Province,539,gennorm,2.2879768568210093,-0.02368802140590267,0.8574475300715192,2.075079793576389,0.1959925297640569,0.7745986727328591
Sichuan Province,540,gennorm,2.4498361016744643,-0.006933312010994522,0.8455047318465023,2.300918910340636,0.2664468428152723,0.8082453718055782
Sichuan Province,541,gennorm,2.6363845026111004,-0.03929286183341917,0.8785464746224025,1.7432892468272212,0.22569401547232076,0.7223191598422305
Sichuan Province,542,gennorm,2.3432648192631778,-0.054133838870778925,0.898471504296061,2.255755223000012,0.2392797558680082,0.784202433628504
Sichuan Province,543,gennorm,2.326549534876661,0.024529368272659675,0.860756051282042,2.213956151331407,0.20181758422703866,0.8295671585379191
Sichuan Province,544,gennorm,2.577852122574121,-0.05340232191503346,0.9121131150798147,2.289361456718661,0.24348884770768686,0.8130011918348893
Sichuan Province,545,gennorm,2.150973674807387,0.022677122589412457,0.8162477895290675,2.537141264039337,0.2565217121300013,0.8340898084914128
Sichuan Province,546,gennorm,2.3203136746730637,0.014490022602045757,0.8499084252513416,2.7090581162510157,0.20180987543234724,0.8767794678372504
Sichuan Province,547,gennorm,2.4920332058062886,-0.023842697577715538,0.8797339411436889,2.1272838189971823,0.21714391046634507,0.7820619130921467
Sichuan Province,548,gennorm,2.4347737147800297,-0.05897470521655572,0.872292139480578,2.378540259176468,0.26723505687178417,0.7876160849299629
Sichuan Province,549,gennorm,2.289456431443945,-0.03739330156686564,0.7929383232247319,2.754435730235193,0.23373815549625732,0.8627730298969379
Sichuan Province,550,gennorm,2.383434524268215,-0.02510540733889597,0.845074762844489,2.2680593009658265,0.23257955889715123,0.7698876862683408
Sichuan Province,551,gennorm,2.5764148440122154,-0.020625921386144518,0.8951075732917566,2.2209274219456665,0.24417920925774783,0.8436223116799962
Sichuan Province,552,gennorm,2.748696772694118,-0.09456887568577906,0.8822153918874944,2.584092242074996,0.26226505130581695,0.8525270496597548
Sichuan Province,553,gennorm,2.3171213341711927,-0.10486598851593656,0.8605757007481509,2.2872890638086183,0.22560828642903713,0.8131145319414528
Sichuan Province,554,gennorm,2.5269009908746902,0.005654873715465561,0.8281741989260817,2.457157663355238,0.2308612672571331,0.833458420477426
Sichuan Province,555,gennorm,1.7920808131085004,0.001128994335416778,0.7536055705025577,2.0823537608188607,0.23572855043548413,0.782551949094062
Sichuan Province,556,gennorm,2.370193252301707,-0.015111561629391868,0.836703202013842,2.2397094613559934,0.23642140981041782,0.8045725918541686
Sichuan Province,557,gennorm,1.9338580533785716,-0.0228041592756587,0.798338683708828,2.257819001707565,0.20689239543809146,0.8366016071348275
Sichuan Province,558,gennorm,2.826403716572397,-0.0504319858662016,0.9501699280331546,2.181270542914004,0.27530421704688834,0.810819167730254
Sichuan Province,559,gennorm,2.660658295086048,-0.04968334831985525,0.8668007636839016,2.069038381797571,0.20703576207933122,0.7881317419239955
Sichuan Province,560,gennorm,2.0755665283352958,-0.05770373133572865,0.8252488277540675,2.3481183173105222,0.1790723791198575,0.8272804574246079
Sichuan Province,561,gennorm,2.1381094328857095,-0.033256092649005475,0.8138680458929364,2.2256734791257626,0.19091426064246897,0.8054809703851813
Sichuan Province,562,gennorm,2.4776814671546497,-0.006824387081872135,0.8744903839907026,2.29630627135107,0.231930924660402,0.8126159727635591
Sichuan Province,563,gennorm,2.539897458303071,-0.00032529193722389085,0.8543435293216484,1.9849749177598617,0.2464265689932074,0.7561730619925079
Sichuan Province,564,gennorm,2.485596246891896,-0.047724127422996226,0.8304651703994559,2.3671355834653287,0.23370548880648268,0.8277303307566608
Sichuan Province,565,gennorm,2.673282090114079,-0.01650444453924369,0.9216014431999691,2.4150496897943388,0.25073489042333497,0.790268014955291
Sichuan Province,566,gennorm,2.09030075990551,-0.02699252456692172,0.804078335635102,2.1669014279215943,0.18864091449843998,0.8092936062724339
Sichuan Province,567,gennorm,2.152416300158656,-0.020966506378907103,0.78542285015815,2.6020216465196073,0.23101062373479408,0.8840862840171557
Sichuan Province,568,gennorm,3.3160613325913997,-0.03758341274785712,0.961091620329022,2.7812151158467424,0.22901895107489134,0.8624124510349276
Sichuan Province,569,gennorm,2.2970926944044274,-0.004919391124871875,0.8353171688373766,2.5332254514617256,0.24338689386859075,0.8471973442810308
Sichuan Province,570,gennorm,2.3706522593728923,-0.015518267292965418,0.837817360717376,2.505878010644806,0.25387194124869583,0.8532595724088077
Sichuan Province,571,gennorm,1.9904348215919359,-0.03908124065645607,0.7892810777692459,1.9772889757689613,0.24195464906785558,0.7421634367449159
Sichuan Province,572,gennorm,2.582562658584738,-0.028684498138178617,0.8612876083665885,2.213620956589393,0.2351522952982607,0.7991508684565893
Sichuan Province,573,gennorm,2.1764270298343145,0.011140780755511163,0.84928842064558,2.2510076881756405,0.23914399987739865,0.8218750199122125
Sichuan Province,574,gennorm,2.2919573559519106,-0.015649203778256203,0.8365986105232114,2.1848385046224137,0.19667807646661284,0.7774074515751301
Sichuan Province,575,gennorm,1.8059675493075036,-0.07778074780058228,0.7577816020762277,2.2377343670488363,0.22202118079728816,0.7945563745930504
Sichuan Province,576,gennorm,2.273436188419434,-0.030458145800532573,0.8315064850696694,2.5209434914883047,0.21775524457602585,0.8101654313133035
Sichuan Province,577,gennorm,2.41295717087786,-0.04750642193801406,0.8752097375399959,2.136294405513339,0.20428503418527388,0.8025736149530966
Sichuan Province,578,gennorm,1.9484467064965185,-0.050318272896136745,0.7552720645660228,2.5880357399592446,0.18570610216180433,0.8981730907440757
Sichuan Province,579,gennorm,2.3924350340275162,-0.059118185671780815,0.8450713705274948,2.4691409606359223,0.23213546646743224,0.8191193262259089
Sichuan Province,580,gennorm,2.3969514258983136,-0.015245730154897113,0.7983408110245704,2.2935112562927094,0.20502065639649508,0.8194032503163853
Sichuan Province,581,gennorm,2.285256914311333,-0.0268015139861855,0.8975433068201962,2.4679919478829278,0.21290043096286257,0.836823148339425
Sichuan Province,582,gennorm,2.2134833850839652,-0.06688303378391666,0.7918417160401932,2.0865967157893044,0.26711453425853965,0.7654679918803486
Sichuan Province,583,gennorm,2.242416028548689,-0.04709436163327023,0.8586402720621022,2.333967622848949,0.23388668982014105,0.8106070976702684
Sichuan Province,584,gennorm,2.7362085429740004,-0.06815974167031896,0.8773789697932228,2.6277240473658887,0.22685274539841416,0.8499292427591323
Sichuan Province,585,gennorm,2.1089491673247878,0.002771401599982623,0.8692580893009771,2.10300518381082,0.24506968570842141,0.814095730142848
Sichuan Province,586,gennorm,2.077731993863464,-0.011910248853787088,0.8712622259769365,1.894959740336805,0.23903963435108183,0.7327219648069905
Sichuan Province,587,gennorm,2.450999642258652,-0.0960809160245616,0.8383219180714039,2.357101856608039,0.22234540501795286,0.8148378196645965
Sichuan Province,588,gennorm,2.5672688639579135,-0.011725289134297942,0.8926977858621848,2.142422633808578,0.23958003628481742,0.7861515286541374
Sichuan Province,589,gennorm,2.212840335561813,-0.05488788817691044,0.8363271212265819,2.0740691463922394,0.26249221095042163,0.8144876476137248
Sichuan Province,590,gennorm,2.3980488273607636,-0.0024888863279706147,0.8994179268364013,2.378485065268954,0.24460142757802952,0.8248578398884829
Sichuan Province,591,gennorm,2.5504304435570306,-0.023255035322034767,0.8487094786283256,2.249352032536987,0.26283320919211883,0.7816369775082139
Sichuan Province,592,gennorm,2.5788242549672775,-0.027883704796890205,0.8699778169120335,2.11550234129981,0.2327143678960148,0.784860909901022
Sichuan Province,593,gennorm,2.3202353828493587,-0.02336158862310693,0.8070018848136173,2.3918887630056846,0.22715416544120073,0.806912829942835
Sichuan Province,594,gennorm,2.570698917115914,-0.04228056470954408,0.879711565175347,2.428669666088251,0.22499602076523467,0.8176065776849974
Sichuan Province,595,gennorm,2.235560645072029,-0.0028217322858317267,0.8762975756710198,1.98318653159774,0.27801720454763723,0.7546102916281792
Sichuan Province,596,gennorm,2.647057247776039,-0.04097355097783173,0.8607819209583898,2.4344678157955073,0.2368133492546396,0.8193301148407544
Sichuan Province,597,gennorm,2.349414596443962,-0.038592170188392505,0.8436909709610757,1.97545917310751,0.24960083255934867,0.7406468008212432
Sichuan Province,598,gennorm,2.11466931973518,-0.029719997450561406,0.8160888247550896,1.8277713698541964,0.22865537584087442,0.7265305382008789
Sichuan Province,599,gennorm,2.8812825082064304,-0.01890744910679823,0.9200835974493917,1.7113766843661657,0.2218861271660068,0.713321158679487
Sichuan Province,600,gennorm,2.0967798773755186,-0.06760331397337765,0.8016778079157054,2.3238489527070803,0.2762546861834705,0.817046700890007
Sichuan Province,601,gennorm,2.20540727267274,-0.036168271132410335,0.8616112747288465,2.0875040410980397,0.23172540529536056,0.768217856565127
Sichuan Province,602,gennorm,2.0334424317100823,-0.012055195131621982,0.7826744085269385,2.193400544357843,0.2503718469571021,0.7926076937637491
Sichuan Province,603,gennorm,2.6096142320687115,-0.06299441116997276,0.8440723140994697,2.3214029260143083,0.2512151855540312,0.8242805299712446
Sichuan Province,604,gennorm,2.1493071396343453,-0.07956797297880358,0.8079024122483491,2.1960709132442378,0.25404211812287086,0.7862666011505024
Sichuan Province,605,gennorm,2.150304450611846,-0.03472726207980473,0.822753273611097,2.6867419740409284,0.22528082246564723,0.8486803270104425
Sichuan Province,606,gennorm,2.5297969515117815,-0.03699961016192088,0.8732781470747084,2.7464560723630105,0.21637909957622617,0.8626316706664139
Sichuan Province,607,gennorm,2.4421200160223506,-0.04346795941048807,0.8408664071425005,2.40008168877648,0.18968373721141224,0.8606348526466718
Sichuan Province,608,gennorm,2.1177717354118615,-0.032350793947434425,0.7589266049633536,2.3407328296756837,0.22705322650093895,0.834226438813761
Sichuan Province,609,gennorm,2.4616145514946903,-0.03775042826853825,0.8192856988809152,2.2557169104626795,0.2833703198044838,0.8592572071688048
Sichuan Province,610,gennorm,2.4875023316686082,-0.012390055809851669,0.8556770220080585,2.20304383991472,0.26898938913925896,0.7759749787740162
Sichuan Province,611,gennorm,2.209713970058961,-0.02446715551350688,0.8030235905785583,1.9873358326820059,0.23569497062888295,0.7886107396405498
Sichuan Province,612,gennorm,2.0970839707922977,-0.04012673654544588,0.8148987238749197,2.3699583460360536,0.18331997194299154,0.8504449673238071
Sichuan Province,613,gennorm,2.8242510620314674,0.0225181409753517,0.9442541535512794,1.8991639401931155,0.18921397972300544,0.7626080095815727
Sichuan Province,614,gennorm,2.376754292641425,-0.04393971513933411,0.8077992503840816,2.333965463815205,0.24868713945691262,0.8306888078864073
Sichuan Province,615,gennorm,2.062590968828572,-0.000777055436744472,0.8002521317086955,1.988547859646439,0.2575476446442704,0.7832556363426739
Sichuan Province,616,gennorm,2.2832073981478853,-0.058859607534512054,0.7790179509940653,2.134618197055211,0.20059099384969048,0.7683755189736517
Sichuan Province,617,gennorm,2.6243809170725045,0.0030495348253343586,0.8926765720004223,2.246039873929801,0.24886716674630338,0.8142244842453468
Sichuan Province,618,gennorm,2.644595955449648,-0.08797256565771708,0.8966627650892995,2.778698891339091,0.30533455810827237,0.8948424189101718
Sichuan Province,619,gennorm,2.4002303761216597,-0.020858208961411547,0.846731910728669,2.316614135833834,0.1969601212624885,0.7902206049266571
Sichuan Province,620,gennorm,2.2281307858781556,-0.07718949797663252,0.8278403446519389,2.024627015106562,0.2296444785931353,0.7630664641356795
Sichuan Province,621,gennorm,2.432991281819006,-0.007930012740467719,0.8494227856415425,2.2429911810611123,0.25005202996821807,0.8145554747288632
Sichuan Province,622,gennorm,2.572116776766076,-0.02060969226323384,0.8186309649266867,1.9424652762058967,0.24035729393024374,0.788191113147724
Sichuan Province,623,gennorm,2.46300674004555,0.006517983216528753,0.8678039731833471,2.4036320648700764,0.22451125536063016,0.8434570643980037
Sichuan Province,624,gennorm,2.126990968506766,-0.052980055987472796,0.8146875241834778,2.299150532790224,0.23086899515003978,0.8217178405844996
Sichuan Province,625,gennorm,2.686398960283351,-0.03263761214420995,0.8699252104899522,2.1559345093780955,0.22753511833701856,0.8169787524164067
Sichuan Province,626,gennorm,2.293186392949991,-0.02601104984626592,0.867624046853682,2.4704364085457904,0.2094289680856136,0.8310799502376599
Sichuan Province,627,gennorm,2.0957790956561686,0.007285035297911352,0.7767099102537586,2.0960557648624905,0.25062457356849377,0.7792992609929397
Sichuan Province,628,gennorm,2.605866640027054,-0.024225906346196684,0.9281168345377644,2.0865423639026557,0.22523189157883367,0.7743687575419635
Sichuan Province,629,gennorm,2.510215137125618,0.010059777484245667,0.8268089419213991,2.068198229530865,0.2285873927386842,0.758157330184468
Sichuan Province,630,gennorm,2.805302126198502,0.015550282576245678,0.9053291644448676,2.3486073731180617,0.21107542470493273,0.8151014504367529
Sichuan Province,631,gennorm,2.2417316232562405,-0.01812806112036211,0.7975095666424136,2.4092958059499914,0.26919429637069037,0.8641228995675002
Sichuan Province,632,gennorm,2.1412560035345085,-0.022063810623014123,0.889193560580736,2.3801894973490443,0.22786750438466014,0.8580483431076644
Sichuan Province,633,gennorm,2.3676816268831784,-0.025859599149570665,0.8406973453246442,2.824756614367553,0.23633889138116748,0.9013552490119032
Sichuan Province,634,gennorm,2.8611656951815414,-0.017537418790229683,0.8974099947319596,1.8690391469357892,0.2608119657708595,0.7093671199801246
Sichuan Province,635,gennorm,2.1984996231375122,0.010883704659180614,0.8520108480885193,2.126079229176998,0.26046805300757314,0.76318318124204
Sichuan Province,636,gennorm,1.909493968276946,-0.04477257452260541,0.7522959676719227,1.967827723630334,0.246497046304179,0.7218511244870626
Sichuan Province,637,gennorm,2.537604665478322,-0.05392501099380734,0.8879342954285656,2.4058321401942244,0.22624442098642017,0.8559579563434847
Sichuan Province,638,gennorm,2.0481600658226435,-0.021967816454638994,0.7981374375908266,2.5861823584607273,0.24627543366166102,0.8535198163200624
Sichuan Province,639,gennorm,2.3138815991688766,0.004088216574752224,0.8863522235957675,1.9805974802281558,0.26467833932031226,0.7677513179946017
Sichuan Province,640,gennorm,2.6984454220372287,0.0029259766020164725,0.9553565308671146,1.9320690911580454,0.2564092336915236,0.7089282800829665
Sichuan Province,641,gennorm,2.330927657953991,-0.04444137811165404,0.8099473270378371,1.901147771324164,0.24022749258115383,0.722929230444217
Sichuan Province,642,gennorm,2.3705325380132463,-0.054273585390626156,0.8569826346245792,2.2194058943334998,0.18739946515770728,0.7690360647921572
Sichuan Province,643,gennorm,2.0424196960097483,-0.028141750645604872,0.8066566050505315,2.2517431636228533,0.22824370328649285,0.8186467573442144
Sichuan Province,644,gennorm,2.4163253530415956,0.002558100645316203,0.8773027978914103,2.193593244195978,0.24671002705205802,0.8486339573375339
Sichuan Province,645,gennorm,2.2333359908222965,-0.05321786733308369,0.7868819440791688,2.470200683062093,0.2810795064737204,0.8417947804180627
Sichuan Province,646,gennorm,2.7412080180815352,-0.021805945571977712,0.8651412235241586,2.4802684346552795,0.2695753952460841,0.8199020315705048
Sichuan Province,647,gennorm,2.4905665824637113,0.02219997160225827,0.852133390985024,2.29051697574999,0.2469642080810266,0.7912598354066467
Sichuan Province,648,gennorm,2.1865260903182584,0.025633329505244808,0.8301170747480471,2.3972622499631684,0.19857450657852646,0.8482725268995709
Sichuan Province,649,gennorm,2.153945431871496,-0.025029132555013957,0.813512719850519,2.1171803175181205,0.22352792911384095,0.7695450827193206
Sichuan Province,650,gennorm,2.4326114182862715,-0.025465305099172525,0.8179502542237735,2.379019356234745,0.2536849102319131,0.8417531964298677
Sichuan Province,651,gennorm,2.263715267604142,-0.05617129812067661,0.8178496393016326,2.1349682530755283,0.2362800796991622,0.8008070953530005
Sichuan Province,652,gennorm,2.7402322259953324,0.005626979013248089,0.9176829942799749,2.5337438629388265,0.23732049929737156,0.8621985209288985
Sichuan Province,653,gennorm,2.218432773676449,-0.03888094413293529,0.7963143356781566,2.2466066194930656,0.2604328163415632,0.8472670952034032
Sichuan Province,654,gennorm,2.688049412370881,0.019493709737531322,0.8933681154445252,2.4860694323982653,0.21687410912424682,0.8130321857285855
Sichuan Province,655,gennorm,3.2239273482905126,-0.0004647843614707348,0.9402451212333873,2.0974673039785046,0.21156681218270895,0.8315152191433757
Sichuan Province,656,gennorm,1.9196220909191586,-0.06264760566624235,0.7867267312496804,2.1093739784408543,0.24342987124398474,0.8012933402095042
Sichuan Province,657,gennorm,2.8945178512089496,-0.014431324803994004,0.8808840056977498,2.2888112782866052,0.24907659762308013,0.8057536615001475
Sichuan Province,658,gennorm,2.4854898432721413,-0.05794559065763337,0.8620675682427719,2.914707311323709,0.21541782677098795,0.8573811419452293
Sichuan Province,659,gennorm,2.2533739382404345,-0.06873135418869836,0.7946031775598457,2.9975189052193354,0.18716102602989781,0.9234130400408684
Sichuan Province,660,gennorm,2.1967648017102857,-0.026924192321707216,0.8232200488247527,2.895105469564239,0.20873793126916992,0.8515063034697608
Sichuan Province,661,gennorm,2.6761637675815813,-0.049526385864127095,0.8928512445414949,2.529422824973764,0.24663534243194363,0.82872618865122
Sichuan Province,662,gennorm,2.1485956601070644,-0.03938180874637735,0.7743445630229936,2.2898934206780606,0.23656499946257553,0.8522095850984288
Sichuan Province,663,gennorm,2.4054690625842987,0.015297127692939413,0.8797235225982903,2.229425142323416,0.16649359190180102,0.7751632970629366
Sichuan Province,664,gennorm,2.2380180159379757,-0.025879688564951278,0.8641201564404057,2.2661955734701635,0.2566728768415135,0.8165688026433502
Sichuan Province,665,gennorm,2.089119376106239,-0.05505055564327836,0.8099098698941427,2.360760370841746,0.280906318205124,0.8311731638176869
Sichuan Province,666,gennorm,2.4553085936347046,0.00967366202247409,0.9033316982937236,2.4812230409967695,0.22917323539971013,0.8692575573829184
Sichuan Province,667,gennorm,2.016265466023502,-0.050598656830867006,0.7894435693547612,2.4006140676896957,0.23715989329466056,0.8257696711982592
Sichuan Province,668,gennorm,2.3075076601656144,-0.01688524810034858,0.8283268947591729,2.1296432770575913,0.2543321993957778,0.8009020585483577
Sichuan Province,669,gennorm,2.362549218294892,-0.09039997577691122,0.8535565587176825,2.166997529142691,0.23207966146834708,0.7763778898499611
Sichuan Province,670,gennorm,2.088827792058172,-0.02492652062407783,0.8130313094852836,2.309126626943847,0.22016184407419337,0.8326465211356715
Sichuan Province,671,gennorm,2.0818723789814193,-0.0807696317257126,0.7625805434728192,2.1202436454501594,0.21168197364127067,0.775260904289554
Sichuan Province,672,gennorm,1.9942645405723345,-0.046136589010056794,0.8420677204233,2.1687995830895517,0.23777326896420473,0.7983624656065496
Sichuan Province,673,gennorm,2.2850488689601316,-0.057943075991169,0.8281243572677053,2.254243302805211,0.23479583265900814,0.8070927880731753
Sichuan Province,674,gennorm,2.2109933258437873,-0.04096555264086987,0.8787819752350858,2.2387200636417735,0.2292540505862478,0.7847274607389336
Sichuan Province,675,gennorm,2.214255739658099,-0.02677152326218333,0.8266130328496823,2.7731709883940567,0.2504186096746749,0.8754555499631363
Sichuan Province,676,gennorm,2.753643185057974,-0.042735248468132744,0.8808038865359382,2.749239454223951,0.20094938348325114,0.8474465248429602
Sichuan Province,677,gennorm,2.270921257266661,-0.05358094081435087,0.8878251597310576,2.1175083141590494,0.25437686045083063,0.7773673165755507
Sichuan Province,678,gennorm,2.6264446997678785,-0.033386146899348754,0.8512289969535232,2.3497145263272357,0.2413744083777153,0.8307047570496482
Sichuan Province,679,gennorm,2.7705813795002907,-0.056148198948898984,0.8989359615456218,2.955183673686819,0.25010838977738775,0.9241584073641693
Sichuan Province,680,gennorm,2.3951450741664724,-0.01398854954645851,0.9024821714236375,2.325859395843847,0.2553901035662267,0.8045700594964911
Sichuan Province,681,gennorm,2.675713970965531,-0.0834566566728706,0.8932620954160876,2.267618231508246,0.22517576715384377,0.8088572535750922
Sichuan Province,682,gennorm,1.925192435512903,-0.05470377865442824,0.7813557294922219,2.202516023379693,0.2550037666461422,0.7846669323869226
Sichuan Province,683,gennorm,2.574011671979315,-0.06503493053993355,0.9141429320807828,2.4931709173293743,0.2893305638361162,0.8183307022668553
Sichuan Province,684,gennorm,2.2169484213203887,-0.0336630078739366,0.8236286480716444,2.0970224969961118,0.2299281917993116,0.7659032045207557
Sichuan Province,685,gennorm,2.1458805503297818,0.003277484855586774,0.8356181353765658,2.7025260511870237,0.24512673729852624,0.8190193723913453
Sichuan Province,686,gennorm,2.096131677302998,-0.05994983369894463,0.8029867402652997,2.452156998397618,0.21107349992731694,0.818871410271939
Sichuan Province,687,gennorm,2.213145244892682,-0.01312378848383811,0.8478305360536562,1.9597805876743224,0.22789951865322766,0.7313838787700208
Sichuan Province,688,gennorm,2.1547913845106876,-0.05641832537562893,0.8122925687988687,2.244974937309612,0.26735797337938727,0.7846222547247208
Sichuan Province,689,gennorm,2.347812159752819,-0.020254796713272873,0.8666991179417087,2.2506863837181275,0.24122672001603898,0.7662278803789002
Sichuan Province,690,gennorm,2.201028181174344,-0.0673223517849844,0.8159362682832321,2.083222130658774,0.26701088217356744,0.8340260162489177
Sichuan Province,691,gennorm,2.974504558744804,-0.02545360090292688,0.9313800716489553,2.3809352983394296,0.2082015373504748,0.8275120107264717
Sichuan Province,692,gennorm,3.0300217640404723,-0.036963252499836584,0.8722428204283388,1.9006066618713089,0.24377868234436656,0.7851662329815309
Sichuan Province,693,gennorm,2.1913437946744665,-0.03245672154633498,0.8128356785156414,2.1195568528953865,0.2519241146666509,0.767380184349882
Sichuan Province,694,gennorm,2.254081352355572,-0.023200599707946863,0.8273187876833565,2.4626380944510378,0.25649114627984376,0.7971539130469393
Sichuan Province,695,gennorm,2.2390580259586677,-0.028674568539760654,0.8572990498748712,2.8139504415510803,0.21852223817207905,0.8739163601463944
Sichuan Province,696,gennorm,2.585146490982302,-0.03284405609222011,0.8734307802475391,2.274739715224068,0.22012223331385752,0.7994404772352726
Sichuan Province,697,gennorm,1.8632956474174573,-0.029954886448517286,0.7473895344950243,2.5456776642420715,0.2623955304920745,0.851495653201418
Sichuan Province,698,gennorm,2.2638188291614973,-0.03987643706382458,0.8571070056974573,2.710583143813711,0.19331401353371824,0.8936240328647619
Sichuan Province,699,gennorm,3.1578152214969597,-0.004687216080213054,0.9500236643180023,2.0852718695698753,0.22246193311269552,0.7798852956075968
Sichuan Province,700,gennorm,2.424217356820077,-0.03867795552027256,0.8436335404991924,2.1225209263460316,0.22683365395758903,0.8074588201853283
Sichuan Province,701,gennorm,2.423524431664249,-0.04047031492539058,0.8410934446083123,2.265977432453018,0.19810742143753074,0.8038176451476557
Sichuan Province,702,gennorm,1.9925449777093258,-0.03178130313563386,0.7865023389676989,2.342014135434018,0.16868627657297253,0.8014743416475114
Sichuan Province,703,gennorm,2.4124858394952415,-0.013503458458193137,0.8923965617384986,2.251863221866124,0.2444778461345739,0.8101349673439656
Sichuan Province,704,gennorm,2.771181331039731,-0.04823950712501817,0.8778744608746496,2.2458797865587545,0.20198312698875015,0.8461467467617503
Sichuan Province,705,gennorm,3.0500999453001585,-0.07057679920819052,0.9005797596356475,2.3373767965153203,0.213053063367523,0.7891541095990753
Sichuan Province,706,gennorm,1.8873384058663154,-0.031225198660629512,0.7429467585138858,2.0324749280207057,0.27660915108151785,0.7446228439241104
Sichuan Province,707,gennorm,2.4001375332472348,0.010784319905451558,0.8548849573575484,2.3562632950912348,0.22074795231814112,0.8317647478928247
Sichuan Province,708,gennorm,2.531743939921906,-0.06877872796474106,0.9399829900305441,2.807365197770328,0.22195505951964056,0.87155908758185
Sichuan Province,709,gennorm,2.707152257829973,0.006147105279592843,0.9143594066359846,2.2032130069174283,0.21512951401173133,0.8280683608620263
Sichuan Province,710,gennorm,2.534007316499726,0.01790305885577275,0.848135493691534,2.419296766048316,0.2630993809009764,0.8655157221084252
Sichuan Province,711,gennorm,2.559130864031219,-0.07055214383916505,0.8972802031458283,2.0865054906493934,0.19537474782482978,0.8036567840633735
Sichuan Province,712,gennorm,2.2031007617019167,-0.040930724645898704,0.8458967637690579,2.434252612104162,0.260757228153098,0.8266620443103432
Sichuan Province,713,gennorm,2.2711463082468315,-0.035596275267896604,0.8577263323351074,2.3549618961148644,0.2554654956857627,0.839294502799151
Sichuan Province,714,gennorm,2.0952019214505873,-0.05503870866599443,0.7971248689201764,2.7798702548726233,0.2818311516847164,0.8738676178584437
Sichuan Province,715,gennorm,2.126445229360386,-0.02034430295116517,0.8443565970751177,2.1720693161698277,0.22957157906298303,0.810061968164915
Sichuan Province,716,gennorm,2.0620172006556254,-0.04998449626777588,0.7784129561479569,2.148512234871334,0.2664096873241809,0.8061293822352886
Sichuan Province,717,gennorm,2.1155434828599446,-0.015863365179627595,0.7908662322643325,2.290787843811346,0.2172788477704859,0.8141457654679285
Sichuan Province,718,gennorm,2.299741900618719,-0.02744105793435754,0.8543443668408547,2.070011269768128,0.22449628637037594,0.7712555166488846
Sichuan Province,719,gennorm,2.571405175512983,-0.012370970747987743,0.9179520556685534,2.205045017506981,0.2144027964805028,0.825229706548101
Sichuan Province,720,gennorm,2.3243585053875844,-0.058699837551678416,0.8611341637359009,2.213028462327057,0.258388959898763,0.8190510571744793
Sichuan Province,721,gennorm,2.2319864546128403,-0.013114783580461097,0.844965116091553,2.0949992852754074,0.23745541035415718,0.7902012764449831
Sichuan Province,722,gennorm,2.1425015120894453,-0.05134114358597433,0.8184899955408429,2.749544816705576,0.22497064337867761,0.8764014963262983
Sichuan Province,723,gennorm,2.303836374088205,-0.033733439285439856,0.8053468486792947,2.257074111383396,0.20640192498335175,0.8277061401262309
Sichuan Province,724,gennorm,1.933317087135907,-0.005279583046570004,0.7581805594271551,2.1867336466890928,0.23307762850065394,0.829308373027658
Sichuan Province,725,gennorm,2.0022110231290875,0.001726216961446427,0.7811978003410547,2.2036634301398683,0.22406394581802497,0.7820175494499844
Sichuan Province,726,gennorm,2.3592681918014557,-0.03971277527034554,0.8372123943235243,2.369390126848998,0.23393049089676288,0.826107227655069
Sichuan Province,727,gennorm,2.7478967472391904,-0.022864670247204587,0.8854735019320874,2.203483603853011,0.2374505438583711,0.7453893666251892
Sichuan Province,728,gennorm,2.612974159358682,0.021850797624928475,0.8732397228828421,2.273573441346418,0.20994270882283983,0.848745215249983
Sichuan Province,729,gennorm,2.234530762967788,-0.027638746141719052,0.8410719311117598,2.2846827297706964,0.2132109407493084,0.7984710790571441
Sichuan Province,730,gennorm,3.326778498908234,0.03928621062954372,1.0066450789257146,2.398172111243383,0.2627107715017916,0.8569915648643672
Sichuan Province,731,gennorm,2.1763751852331907,-0.021409144120180724,0.8146215133543424,2.1017419594102726,0.24447398372146822,0.7645373038461649
Sichuan Province,732,gennorm,2.3085189313406707,0.007096270767051513,0.8384444056353628,2.6313873556634633,0.23958596545936933,0.8289347313153717
Sichuan Province,733,gennorm,2.251453556907239,-0.008610506590382695,0.8249475142676818,2.0869037989433097,0.2405120195655785,0.7490721974625003
Sichuan Province,734,gennorm,2.5202360861416606,-0.04629999046517169,0.8667791336931476,2.26183523196996,0.22570794838529248,0.8277665904039035
Sichuan Province,735,gennorm,2.2323769777167635,-0.02049557971234075,0.8243835171830047,2.3663696812501875,0.24030583524786125,0.8183928461212066
Sichuan Province,736,gennorm,2.4522355572334797,-0.05634298747901345,0.8533145267855471,2.5994544688330814,0.30224336097497817,0.8307114244063194
Sichuan Province,737,gennorm,2.252784867301173,-0.041359969540295166,0.8305305566041288,2.3586128965386264,0.23300455349191013,0.8479111808292914
Sichuan Province,738,gennorm,2.351355608328558,-0.006901808509874246,0.8706369579828273,2.2951113575836937,0.2457376031991952,0.8144137690264072
Sichuan Province,739,gennorm,2.1033735608855535,-0.055649191730685416,0.8206065740269006,2.1766102760110586,0.24238032866352383,0.753965592456965
Sichuan Province,740,gennorm,2.3051437322723967,-0.05447456321747611,0.8518517509068848,2.2165028932930424,0.25873087487320334,0.8137090062999901
Sichuan Province,741,gennorm,2.1492428584075456,-0.05687342071835218,0.840026640502985,2.505034056536888,0.21309434028845284,0.8273944419473513
Sichuan Province,742,gennorm,2.5692051502042252,-0.015448363456679931,0.8984621853271548,2.195877546779582,0.22936182117549248,0.751397572491042
Sichuan Province,743,gennorm,2.2305938271063592,-0.05258226208180533,0.7997030384490558,2.028520258103617,0.2200703090489121,0.768577728648024
Sichuan Province,744,gennorm,2.1473666746128464,-0.04555631337716404,0.7877575860856123,2.235977438329617,0.21652539587859487,0.8087428988278238
Sichuan Province,745,gennorm,2.3636664102943428,-0.042723356946961735,0.8094702479563121,2.132116203727552,0.23025524091671362,0.8071879547466212
Sichuan Province,746,gennorm,3.1823965207149145,0.004979886515025978,0.9519500063986581,2.326240488095106,0.245972523843264,0.8620636386492877
Sichuan Province,747,gennorm,2.531511634566263,-0.011486895285441313,0.875333951735113,2.141154028686146,0.22540572501242775,0.7663029571869118
Sichuan Province,748,gennorm,2.1830849658614584,-0.052887616936653406,0.7976214455978277,2.579421283184754,0.27432420637447585,0.8738396076144905
Sichuan Province,749,gennorm,2.263750899252671,-0.04171807693796427,0.8181189133403596,2.052683259230691,0.25605325807540197,0.7770906916170983
Sichuan Province,750,gennorm,2.4803438608320043,0.0025812055647663028,0.8402105855663562,2.202553071516115,0.2048047440438872,0.8416498496505846
Sichuan Province,751,gennorm,2.127577602520941,-0.02044402353777345,0.8510162290687998,2.034562438838165,0.23101952650072607,0.7559035075244787
Sichuan Province,752,gennorm,2.2540474984457735,-0.02973822161880777,0.8223591185474804,2.570590335914213,0.21072857043054993,0.8588042356205015
Sichuan Province,753,gennorm,2.3494759033302035,-0.03792509832194331,0.874473742479464,2.2116196206620446,0.22546070956928307,0.7898971506458919
Sichuan Province,754,gennorm,2.4478745950471876,-0.047397302309129835,0.8463077284159994,2.2668538633715745,0.29323236444592354,0.8061789625829638
Sichuan Province,755,gennorm,2.3028846501522113,-0.05195665446524389,0.8464100865853112,2.1103815851956016,0.20461439321677496,0.7411371670133606
Sichuan Province,756,gennorm,2.4034497450905796,-0.011688620085066218,0.8762841302731372,3.2314085548871248,0.2043508516628897,0.8828895714741811
Sichuan Province,757,gennorm,2.4300579517789442,-0.019583723710571658,0.8864111007810475,2.270948061988024,0.2753530461945449,0.8677275927251135
Sichuan Province,758,gennorm,2.5245693706495613,0.008746734347693002,0.8682834346875277,2.146796030117504,0.21605872403092877,0.7898970186185823
Sichuan Province,759,gennorm,2.383442056798226,-0.04934088821139497,0.8862822430844506,2.733615027283898,0.2571630687300018,0.8724165213301711
Sichuan Province,760,gennorm,2.1193735806768714,0.0020724106068819763,0.7964366635869704,2.5481021123169745,0.21855623734341095,0.8431474388067741
Sichuan Province,761,gennorm,2.3311587471061634,-0.015297401028853831,0.8509566950585594,2.657622382466871,0.23398610834011047,0.8717020625513965
Sichuan Province,762,gennorm,2.3319520044579414,-0.03568551965921386,0.8614249589023826,2.235373617516455,0.2103508640959205,0.7825967462960998
Sichuan Province,763,gennorm,2.3628427389727964,-0.0405540605117158,0.878849685312406,2.7177363883502155,0.24126331619182192,0.8388695741054273
Sichuan Province,764,gennorm,2.137753316989838,-0.006417372443400129,0.8098018133713188,2.266510262182871,0.24685982945503526,0.8109331780212841
Sichuan Province,765,gennorm,2.471761094368948,-0.06923592970740805,0.8616850114839176,1.8703785734158616,0.19454125355385676,0.7476704976916679
Sichuan Province,766,gennorm,2.4335729649985103,0.002035175348963324,0.8674673073251158,2.214992263307775,0.20771420030913806,0.7828775601611155
Sichuan Province,767,gennorm,2.372035210254541,0.01198001479767027,0.8262962839568095,2.116959580436165,0.24577770898004075,0.7835509010420146
Sichuan Province,768,gennorm,2.505743538180657,-0.035003308733119104,0.8866101186275048,2.35879730120553,0.23099871028593416,0.809355685521846
Sichuan Province,769,gennorm,2.5232039890965203,-0.04824583799133473,0.8695335082677818,2.673417819121264,0.2547978086718573,0.887770868067183
Sichuan Province,770,gennorm,2.132481603312587,-0.04136960914632398,0.8260977413651212,2.33579373730435,0.25788878766668644,0.8711034026175785
Sichuan Province,771,gennorm,2.623877400438035,-0.051770070726262475,0.8953052746115245,2.349777020452029,0.2292555180675882,0.8298949569954278
Sichuan Province,772,gennorm,2.305219839895173,0.02158672331393447,0.8471195380400383,2.038089417714529,0.2408120558406453,0.7884461400662098
Sichuan Province,773,gennorm,2.1804982436612983,-0.036880007894099856,0.839188640063782,2.0931730140819713,0.21340715079990247,0.7873802349217495
Sichuan Province,774,gennorm,2.245183537340203,-0.04328345299606054,0.8435169402493391,2.3540410955995767,0.23343776721302395,0.8160046914428714
Sichuan Province,775,gennorm,2.0494397518118994,-0.012932424298888547,0.806272231620527,2.2118185322409962,0.23825280632710996,0.7932278767161498
Sichuan Province,776,gennorm,2.2003144924680136,-0.06157176916786547,0.8278204643049902,2.4751367804125857,0.24801000445928567,0.8274853347786344
Sichuan Province,777,gennorm,2.114778545867127,-0.01848435976328828,0.8469294928399751,2.153027822593609,0.28460819652562525,0.8096878370763443
Sichuan Province,778,gennorm,2.056437060353244,-0.04615687841156428,0.7907178337530845,2.509121210934352,0.22825493904090205,0.8848538727310051
Sichuan Province,779,gennorm,2.023592722733291,-0.03249808373334376,0.8174771561478685,2.0714520335421502,0.19822113705061545,0.7869415630766595
Sichuan Province,780,gennorm,2.199115605697485,-0.016802056661026625,0.8509747020406402,2.213058360123456,0.24357226117077357,0.8200679920632983
Sichuan Province,781,gennorm,2.5572256542316127,-0.026615957612202534,0.9203851146224379,2.0091906431989717,0.21348792814944267,0.7742978751583756
Sichuan Province,782,gennorm,2.55450036642019,-0.023487175522637058,0.8971277943302086,2.1049563662268147,0.2770207275625458,0.8009983849163271
Sichuan Province,783,gennorm,2.225487973325282,-0.03777855814887403,0.8010865104315725,2.6070900471082346,0.24740345783509962,0.8109172526092506
Sichuan Province,784,gennorm,2.2636243082156917,-0.059099745451942645,0.8260222564340947,2.0884596008671448,0.25561461099925076,0.7516626818520997
Sichuan Province,785,gennorm,2.180870323211492,-0.015149874890652417,0.8677063064663317,2.399937037070563,0.24666013659728975,0.8446577774498526
Sichuan Province,786,gennorm,2.45497576505392,-0.05662311069933966,0.9011136176666794,2.1085260602904174,0.25267484883194513,0.749645070525154
Sichuan Province,787,gennorm,2.326530748625673,-0.05097490619827933,0.8346695275668801,2.499515211761531,0.23106620560144747,0.8600152482028345
Sichuan Province,788,gennorm,2.5392187971330547,-0.03988093761065057,0.8791778156140033,2.3500762912235977,0.21860235091426822,0.8027533020305301
Sichuan Province,789,gennorm,2.2327909001578887,0.004554909478180543,0.8571127360272652,2.553945385712003,0.2619590538707028,0.8568622556479613
Sichuan Province,790,gennorm,1.9042903624914889,-0.0036811786891873953,0.7763207840551899,2.1710002126346373,0.24987015599231127,0.7919788451937471
Sichuan Province,791,gennorm,2.238838676615339,-0.028769895531977282,0.8652133548531166,1.990350324948679,0.23974709018218193,0.7915575334212932
Sichuan Province,792,gennorm,1.9212232092562578,-0.027011812701888054,0.7543612899665444,2.3116025745633024,0.2782772869274824,0.7424699999660701
Sichuan Province,793,gennorm,2.102745629517109,-0.06195058352986747,0.8107221953596655,2.395815890063644,0.237010903979834,0.8642890588388923
Sichuan Province,794,gennorm,2.2179274531908075,-0.1026914032910956,0.8712539934289876,2.4115164706681917,0.24112491109523282,0.8499417226829207
Sichuan Province,795,gennorm,1.936766179244426,-0.05199279652360232,0.77729399963636,2.375541168869617,0.20679175483683998,0.8189861312272391
Sichuan Province,796,gennorm,2.39433114888151,-0.028705465988208948,0.8461006834949267,2.200787668503997,0.2039263337574637,0.8348138859359177
Sichuan Province,797,gennorm,2.4372303655871974,-0.05221734626523249,0.8620518827540875,1.9282559706166746,0.21255728691207929,0.7622656262924703
Sichuan Province,798,gennorm,2.491560306488639,-0.0014785976966673617,0.8523930123462484,2.3725464404875924,0.21403696987379844,0.8063079782648347
Sichuan Province,799,gennorm,1.9831766719145167,-0.016342132723059476,0.7928446966896021,2.5306619035679967,0.22799416460194052,0.8176451244443617
Sichuan Province,800,gennorm,2.2629688026767534,-0.03809693477652232,0.8592200030315055,2.420630973358694,0.20065424613706623,0.8409680170625919
Sichuan Province,801,gennorm,2.3531340502936793,-0.00475244731237541,0.8723606966223381,2.1533274101499726,0.1982874123060775,0.7688886975383997
Sichuan Province,802,gennorm,2.464263034935634,-0.00698252984574843,0.8805183183034884,2.185164220230307,0.23900611440497163,0.7889476044137056
Sichuan Province,803,gennorm,2.7604664020781033,-0.019620173845576044,0.9296144238074944,1.854091205448435,0.260576962410512,0.7583035848699263
Sichuan Province,804,gennorm,2.135310064142721,-0.06981910353962836,0.8153789371839244,2.2964285556076476,0.2375909361860056,0.7893600540258923
Sichuan Province,805,gennorm,2.30231413963394,-0.02983429396788053,0.8783665509496286,2.111155390120757,0.2524227736173815,0.784794399307171
Sichuan Province,806,gennorm,2.602622871550115,0.0017488710793777383,0.9341084103092453,2.609239628531393,0.2559537249263551,0.8588480806050414
Sichuan Province,807,gennorm,2.135911619522189,-0.06095151996260678,0.8319297329321242,1.9809037260599685,0.2516740872835056,0.771291718228835
Sichuan Province,808,gennorm,2.2498663879632366,-0.034455037459166934,0.8519103832240824,2.3390380216325655,0.19967536194753377,0.7908588797238614
Sichuan Province,809,gennorm,1.9671779796016966,-0.007065297994164492,0.769380652184376,2.4412916482562714,0.1927629526292574,0.8625843042124584
Sichuan Province,810,gennorm,2.3282694421430237,-0.049740707954147215,0.8275205539181014,2.0409827640960088,0.2627218286864606,0.7641806721803026
Sichuan Province,811,gennorm,2.0895613587774937,-0.047539754715416896,0.8046215987491532,2.0654135519491184,0.2327598380790589,0.8156554404423751
Sichuan Province,812,gennorm,2.5733149106695743,0.0034129189691220574,0.9041738762950748,2.2644441469930436,0.2580369588339075,0.7518627600304165
Sichuan Province,813,gennorm,2.413505820635803,-0.040908606584888305,0.846459125053687,2.1179684109501906,0.21627011954950615,0.7466465890100302
Sichuan Province,814,gennorm,2.135783350049705,-0.0231857751134176,0.7996705097915962,2.3037874936565332,0.21326178333068657,0.8216634163804067
Sichuan Province,815,gennorm,2.4892699804343543,-0.051092950172868995,0.875727941647245,2.0332716290265145,0.2004386010728449,0.7421811037564958
Sichuan Province,816,gennorm,2.191524528527907,-0.020383408232105424,0.8209380510841701,2.507228334695027,0.23668082073830055,0.859708768391709
Sichuan Province,817,gennorm,2.3843111628665996,-0.07538956211677778,0.8719233553037851,2.0982088123375533,0.2379579263847882,0.7977844043733892
Sichuan Province,818,gennorm,2.0344694709543987,-0.012221727475349303,0.8027113941626823,1.9755254074101254,0.20982754157890776,0.7292172511245758
Sichuan Province,819,gennorm,2.2219766655307085,-0.06605602782424734,0.8115243664937242,2.5581218200432403,0.2546768724209766,0.8676630382436287
Sichuan Province,820,gennorm,2.106520383391252,-0.06214107081769464,0.8032157260472819,2.2034017624163043,0.2031496724386205,0.8007638806100302
Sichuan Province,821,gennorm,2.4266276317829067,-0.021182028784210823,0.8472003097176952,2.106179932021951,0.24695385135728176,0.7779915585117871
Sichuan Province,822,gennorm,2.5857753449017533,-0.02034495086219861,0.8522404559922285,2.780036973074216,0.2680364056918586,0.8886120633014494
Sichuan Province,823,gennorm,2.3402720905105645,-0.011477982045056321,0.8819265799572129,2.1053339522841084,0.25693934708627114,0.8055324381304477
Sichuan Province,824,gennorm,2.1560002066281734,-0.017213233909689034,0.8377411104960777,2.7204258781663673,0.26679006005196926,0.8291560861743308
Sichuan Province,825,gennorm,2.5952349859546375,-0.035728538342163496,0.9032445349612259,2.26723494674739,0.2338464297684803,0.8172099674104849
Sichuan Province,826,gennorm,2.7664942512681465,-0.010878460360267742,0.9276438821567803,2.2325492760205083,0.23081707336163165,0.7693146971931046
Sichuan Province,827,gennorm,2.767689097628551,-0.00740665518088674,0.9016858664178398,2.3296186911419285,0.23340230467521933,0.8242779010905011
Sichuan Province,828,gennorm,2.5742445937258465,-0.07033700488221681,0.8519321797292885,2.063026474624208,0.27525167471873346,0.7682781512380117
Sichuan Province,829,gennorm,1.9637975366922946,0.006734674036109639,0.7851259220468553,2.2407049848129583,0.20739187646495186,0.8374251114303117
Sichuan Province,830,gennorm,2.1980551764639507,-0.0578901183362624,0.8338605403868873,2.300303110283216,0.17549766126350064,0.8272906064608025
Sichuan Province,831,gennorm,2.0330895510485574,-0.03186159749012683,0.8155324065330449,2.052898445952406,0.2360261897047863,0.7939694030511805
Sichuan Province,832,gennorm,2.328085529458541,-0.0027633000042979502,0.8878185263770464,2.14415686043233,0.21857815304094916,0.8046897457177464
Sichuan Province,833,gennorm,2.299564284196034,-0.02978847647816181,0.8581129074567072,2.501841279020822,0.248776111330072,0.86466442599018
Sichuan Province,834,gennorm,2.002624058145283,-0.04303651769727805,0.7552607584704553,1.8683884356090474,0.23325174168664925,0.738167520328856
Sichuan Province,835,gennorm,2.6693694572090516,0.0061913971739882,0.9073272031070467,1.9706868230564898,0.28939430566164687,0.7455513018391648
Sichuan Province,836,gennorm,2.448045095589837,-0.015191995064099056,0.868259119246661,2.3840417959257163,0.22196184310488692,0.8746912507189614
Sichuan Province,837,gennorm,2.1542397962687643,-0.030469051453571122,0.7910587441876435,2.1841595397924323,0.23669067422599027,0.754665273879227
Sichuan Province,838,gennorm,2.1325822650091277,-0.05592757447466626,0.8371338616551558,2.5537224391528195,0.25256966967086103,0.8848535588725213
Sichuan Province,839,gennorm,2.3518946540137353,-0.061114594370844134,0.8704035763695879,2.0636529797216117,0.2606984766194552,0.7779748939266932
Sichuan Province,840,gennorm,2.4419073438178422,-0.05481881151561241,0.8650274937009967,2.336366256359013,0.22765493952004717,0.8236163054420562
Sichuan Province,841,gennorm,1.947916576040467,-0.03186200420381596,0.7675901040281721,2.4039204537404952,0.21986553214776278,0.8653437170863988
Sichuan Province,842,gennorm,2.115903365833298,-0.025432667354868682,0.8332683827213996,2.348251947865246,0.20580204309561606,0.850380502575528
Sichuan Province,843,gennorm,2.313517496956684,0.0074223269362945765,0.8432679725704881,2.3349983651236,0.2292469190070126,0.810241755704825
Sichuan Province,844,gennorm,2.378340684947455,-0.002948897328886618,0.8510398409359475,2.556069837491364,0.2404603148977954,0.8131606647973701
Sichuan Province,845,gennorm,2.302571739618509,0.0014678277702125063,0.8437045951293742,2.231474899372264,0.19421133629181775,0.7995150270292313
Sichuan Province,846,gennorm,2.4715893134853353,-0.006633620344503197,0.8745833289341481,2.479321542684991,0.21830441892862645,0.8358458156356292
Sichuan Province,847,gennorm,1.819741246027517,-0.04307670380620515,0.7208934052096458,2.264288561115643,0.2719263758437255,0.7711227808783282
Sichuan Province,848,gennorm,2.18805071285939,-0.012698310737943499,0.8492378858889111,1.8832757730809073,0.21234646949291824,0.7251092413531766
Sichuan Province,849,gennorm,2.6598323916441915,-0.0206132391638044,0.8562072877269897,2.0735390890009584,0.19834669058447688,0.8074317469002011
Sichuan Province,850,gennorm,2.5392681679133355,-0.02939007513207733,0.8701493534440028,2.1249046361845867,0.18653143721488324,0.7758220193347585
Sichuan Province,851,gennorm,2.3386935096259114,-0.009667128907336531,0.8375003871656849,2.3245664622981277,0.24196688824225304,0.8016141906287584
Sichuan Province,852,gennorm,2.583898838894035,-0.0024893044397658604,0.8844298168232034,2.285666457221422,0.23979869296649464,0.8220370291955718
Sichuan Province,853,gennorm,2.1907903446200327,-0.04250230474827277,0.8277109008839936,2.324811169274013,0.23908974326043758,0.8103800999761634
Sichuan Province,854,gennorm,2.726575941417888,-0.06760377968222048,0.9038818382913179,2.254360591402751,0.2163360757696198,0.830468717601875
Sichuan Province,855,gennorm,2.6724723231259624,-0.026269173452608065,0.919808753871322,2.327000603326673,0.20925545086686229,0.7960045596954558
Sichuan Province,856,gennorm,2.471779542521002,-0.03832241732866874,0.8430765570427086,2.819938884781443,0.2463213332043532,0.9076842822964577
Sichuan Province,857,gennorm,2.6950640850136196,-0.011024640963674028,0.9186115348437889,2.151173832708723,0.21202713497029954,0.7656925116013589
Sichuan Province,858,gennorm,2.2238407995688525,0.033601491902345196,0.8519852317511227,2.1559784588303175,0.2770984785363241,0.7943536437203433
Sichuan Province,859,gennorm,2.2710730826406733,-0.049468015575394875,0.8343661735921253,2.268434677973172,0.24657578480420606,0.7740323549392034
Sichuan Province,860,gennorm,2.2019205279890652,-0.03442617806014765,0.8345206006075305,2.2917034819716253,0.21637615744282185,0.8418848983738227
Sichuan Province,861,gennorm,2.1639529502179133,-0.01591654808345854,0.7874628144810398,1.9971619976764146,0.18718675208837998,0.7273626355470005
Sichuan Province,862,gennorm,2.411628728191439,-0.051248611394681565,0.8126634530534314,2.095409331444518,0.24087161626403764,0.7558928799170475
Sichuan Province,863,gennorm,2.1357747444858655,-0.005688511416140471,0.8219700334790235,2.532683255919861,0.21417876106723766,0.8347080601813353
Sichuan Province,864,gennorm,2.2962801948357785,0.006375515807492449,0.8368156364936635,2.579106898413894,0.24243064633717976,0.8373997433226158
Sichuan Province,865,gennorm,2.063080699795357,-0.0462730285314499,0.7926240737636769,2.2956140848413633,0.23519598365443006,0.8059856904450107
Sichuan Province,866,gennorm,2.79305446989129,-0.05038870184393,0.8638965082260905,1.9580871986846708,0.21181072914927818,0.7869174340864733
Sichuan Province,867,gennorm,2.1944665337595044,-0.01297511307030361,0.8219892978661189,2.166138947489017,0.20729865475536516,0.7377923329127423
Sichuan Province,868,gennorm,2.2143059140125048,-0.014048616571532929,0.8215020548209788,2.303078847595641,0.24931992126047842,0.8174616349718231
Sichuan Province,869,gennorm,1.8967651927897666,-0.020502455012824616,0.7652521408925157,1.9659374987220954,0.22381570238163612,0.7613169726705051
Sichuan Province,870,gennorm,2.595953254559907,0.00045371694924157185,0.8614371736004245,2.5544785411137494,0.22104225414156642,0.8306122849847668
Sichuan Province,871,gennorm,2.182564381976486,-0.008524742368842838,0.8225395282050088,2.213067475622645,0.24054189025362455,0.7920553911361436
Sichuan Province,872,gennorm,2.576795357013136,-0.06415384314170122,0.8875409307060516,2.447012553664302,0.25104822655555603,0.805109271218175
Sichuan Province,873,gennorm,1.9969812037935974,-0.06364344135236218,0.7994313235947923,2.5246418823915855,0.24319067141893275,0.8494146904964752
Sichuan Province,874,gennorm,2.3091860348093123,-0.01593727214113818,0.8851909451037621,2.4577168379231895,0.2564744277579124,0.815175227116373
Sichuan Province,875,gennorm,2.043935471333146,-0.04099808356189684,0.8273339203341536,2.1166052858408904,0.2777123398461729,0.755798524646228
Sichuan Province,876,gennorm,2.4111144447568282,-0.055212760806125194,0.8355975145076174,2.5818640830678454,0.21080477789252988,0.8660454642528135
Sichuan Province,877,gennorm,2.617433170060247,-0.026904112530606483,0.8596597809336395,2.073084690667841,0.24000254196408194,0.8077361814297385
Sichuan Province,878,gennorm,2.32420316648387,-0.03346371435434172,0.8183106430488765,2.3095424384101166,0.22457417968174334,0.7573126033193351
Sichuan Province,879,gennorm,2.1232842595037766,0.009342907313261123,0.7710668721315648,2.1627685207805087,0.19538173706175993,0.8154853030968434
Sichuan Province,880,gennorm,2.4450893271755376,-0.04032589064652572,0.873228066154394,2.2552774616538738,0.2295266482998261,0.8122747231788345
Sichuan Province,881,gennorm,1.996462541726804,-0.042700642564717575,0.7959071888549898,2.487636044903822,0.22823659834680662,0.8351433342199659
Sichuan Province,882,gennorm,2.009803528335742,-0.003983192556738276,0.7842758183562579,2.167566493492177,0.2097238459764968,0.7564022899899276
Sichuan Province,883,gennorm,2.5641013263653125,-0.019320755211861974,0.8580525551150384,2.056654942778888,0.23282082384593822,0.803593182008996
Sichuan Province,884,gennorm,2.031755379457908,-0.01784176158334031,0.8030412905896491,2.096050783463185,0.22173248264911372,0.788707538301436
Sichuan Province,885,gennorm,2.507892555590198,-0.025794856470492615,0.8605611488796397,2.272443553871497,0.20869253781689093,0.809573889305184
Sichuan Province,886,gennorm,2.1348847627505068,-0.0039646763120126365,0.8155988855772378,2.080924833271468,0.21823850007316353,0.781682416561196
Sichuan Province,887,gennorm,2.3066904290000987,0.0029875725031990276,0.864531259098741,2.066944912797138,0.2710971714237091,0.7520967528737377
Sichuan Province,888,gennorm,2.3858601036711704,-0.008127721774545469,0.8515155632553291,2.2304722306704923,0.2307540049039042,0.789450287956823
Sichuan Province,889,gennorm,2.250050402625141,-0.014472187066961486,0.8622999098155346,2.5925543123149057,0.21519866060645482,0.8538540215293384
Sichuan Province,890,gennorm,2.260159386897873,-0.060003023491686465,0.8422027465318741,3.033771217876941,0.25944410517311334,0.8732804860518513
Sichuan Province,891,gennorm,2.1481923371272442,-0.046530888107487706,0.7727999521893343,2.084297408018979,0.2800872672219082,0.7807131986618131
Sichuan Province,892,gennorm,2.230742583243287,-0.03252622536909748,0.8064074569073199,2.0723113255833745,0.2460916174317841,0.796721827021841
Sichuan Province,893,gennorm,2.5529021162217527,-0.020848326976620042,0.8671605690851205,2.0474015206296086,0.26624048381526944,0.7451062807643944
Sichuan Province,894,gennorm,2.2725863772962254,-0.013414419888671564,0.8370990717837207,2.200506531155704,0.22123942119103868,0.8106312057552456
Sichuan Province,895,gennorm,2.3579542282809056,-0.02149240969249385,0.8392799305120267,2.4270819022097436,0.21872223584587352,0.8393272848250761
Sichuan Province,896,gennorm,2.540789229063207,-0.01119543818401587,0.8885361178480504,2.3406494219249074,0.25760230321237443,0.8517199871733303
Sichuan Province,897,gennorm,2.146351909806185,0.0039486343186126045,0.8376936766209768,1.9581931120034222,0.18601498720400617,0.7330766751195723
Sichuan Province,898,gennorm,1.9786381514105016,-0.014068049528231336,0.8012852754546462,2.5480326083298026,0.22293579441931993,0.8641300350818282
Sichuan Province,899,gennorm,2.1610498717000266,-0.07045995950470763,0.8065019630642406,1.7730709449258923,0.20616700670188193,0.709203262293258
Sichuan Province,900,gennorm,2.320939132733111,-0.0076050576308928555,0.872611333380416,2.092296840521228,0.2610671505295178,0.7680997297203941
Sichuan Province,901,gennorm,2.620289181455952,-0.06665936096276355,0.893137993107284,1.8787724729270607,0.2134649038204881,0.7237285899503194
Sichuan Province,902,gennorm,2.6161136529790907,-0.015481626829256145,0.8815633306792456,2.5177810506743805,0.22523669892934256,0.8627272604154141
Sichuan Province,903,gennorm,2.5074114366448255,-0.03391223677839815,0.8942741967750362,2.227313242271494,0.2161329796785232,0.8091557276498436
Sichuan Province,904,gennorm,2.5205613369485587,0.0030602256786639425,0.8775983682438673,2.0481448874371866,0.22391025564350933,0.7615020244296236
Sichuan Province,905,gennorm,2.4481969746450103,-0.04419797297898444,0.8260307436788759,2.404792279846574,0.24971228389346184,0.8372572589361414
Sichuan Province,906,gennorm,2.0379058782079356,-0.05088133044006604,0.7651885512225984,2.2364328629752155,0.23654511992354843,0.8242266757599646
Sichuan Province,907,gennorm,2.24296718340539,-0.03556731919770549,0.8231042454907708,2.28707889865834,0.24818633558223097,0.7912318856946934
Sichuan Province,908,gennorm,2.51794158409704,-0.04526195877838626,0.8842641835650249,2.227346788136642,0.23641543881119698,0.7933039491991043
Sichuan Province,909,gennorm,2.3841045414351685,-0.008258521685682186,0.7979445706760264,2.247853050183508,0.21453101059529175,0.7944180476845633
Sichuan Province,910,gennorm,2.33780149426092,-0.04597732459722738,0.8673384939236737,2.5281522957116973,0.2687531792997626,0.8619303118267748
Sichuan Province,911,gennorm,2.2607109808285495,-0.056949582422734374,0.8103870313935686,1.7598398048023145,0.21134057376184184,0.7124279791998991
Sichuan Province,912,gennorm,2.4065501879412627,-0.03125341461880777,0.8861658864093198,2.313497784871918,0.2642710004468407,0.8143612735350769
Sichuan Province,913,gennorm,2.0863051289707526,0.005239078880174931,0.8164784246475587,2.6059954072604627,0.2451050989876049,0.8591896731948427
Sichuan Province,914,gennorm,2.5080300179761617,-0.03521587607669102,0.8679481317050439,2.045760163356854,0.20816278956337508,0.7273796595508917
Sichuan Province,915,gennorm,2.265334955373655,-0.05036620798568369,0.8246121163373974,2.658300894098765,0.2655230758758592,0.8779395340616012
Sichuan Province,916,gennorm,2.318373585660063,-0.02969534776250843,0.8097047028834101,2.1741456655987204,0.2549419046855881,0.7675975967039685
Sichuan Province,917,gennorm,2.8278014725045972,-0.042086682709432735,0.8850524492783205,1.9455378719689858,0.24653645384745432,0.8015418124127291
Sichuan Province,918,gennorm,2.563497670394747,-0.03460815398324031,0.8730381643525892,2.0966394762324354,0.27505945630820205,0.7700266197723733
Sichuan Province,919,gennorm,2.621488168936067,0.016695880037972278,0.8755141535911254,2.2854975803482427,0.2530566606102288,0.8383836854704791
Sichuan Province,920,gennorm,2.1343528371910967,-0.031985663798739045,0.8303208384042066,2.3995109328298163,0.23284090464058482,0.8318738179074823
Sichuan Province,921,gennorm,2.2257528111797598,-0.021813053280515284,0.8774450704095789,2.6841526931576727,0.24430398721701635,0.8562511459766016
Sichuan Province,922,gennorm,2.2953155898831294,-0.015724206749392254,0.8101907773459667,2.377312468131791,0.24274538935042633,0.8198642600234298
Sichuan Province,923,gennorm,2.377726632288302,-0.03671408664476512,0.8907056901907628,2.3325508330620197,0.25641914380734854,0.8477874392739726
Sichuan Province,924,gennorm,2.1762775858140726,0.017537027344069915,0.7913916666984773,2.103995691876397,0.23383738001406987,0.8400074333558144
Sichuan Province,925,gennorm,2.156307124538424,-0.013278217812986406,0.8383491387065269,1.8952431650391732,0.2018950300397691,0.757196912188032
Sichuan Province,926,gennorm,2.3032563137473527,-0.04621944436677329,0.8215485635822146,2.1235242621479964,0.2638935423987351,0.799965537414324
Sichuan Province,927,gennorm,2.360478592876065,-0.02428816368759716,0.8954813109653216,2.225397524452843,0.2373729334669637,0.77531189608257
Sichuan Province,928,gennorm,2.4546412311924213,-0.04354941474032961,0.8719183610063344,2.657904446646488,0.2279985854687826,0.8330893334360521
Sichuan Province,929,gennorm,2.394975826362421,-0.039995853635357514,0.8530283220834869,2.0745270985074873,0.2006520521290579,0.7983085157313604
Sichuan Province,930,gennorm,2.1504326211222113,-0.07134219321671392,0.8073743214256265,2.232835412385875,0.24628257028373396,0.7882405650352199
Sichuan Province,931,gennorm,2.3048579859747713,-0.007803025406330974,0.8680738156694714,2.443479849637935,0.2204839903425798,0.8512401850845509
Sichuan Province,932,gennorm,2.4931466751705065,-0.051770089472062304,0.8745774724269451,2.586691193120755,0.25883902901606737,0.8438475232551573
Sichuan Province,933,gennorm,2.4721625606770257,-0.03288199284366168,0.8550911858368899,2.213751433250743,0.26224844739182185,0.7621601871188021
Sichuan Province,934,gennorm,2.631794437744679,-0.01105630360723442,0.8471553765314572,2.2020295546485773,0.26616400711919064,0.7955542776197961
Sichuan Province,935,gennorm,2.057198311746653,-0.04602564607887995,0.7616786040153625,2.7343379956549967,0.21315924554186377,0.8744981634258253
Sichuan Province,936,gennorm,2.8881909445125213,0.0042496114809927165,0.9204757689642352,2.368483664222352,0.19645581371421694,0.8517374275808574
Sichuan Province,937,gennorm,2.105659125665569,-0.04563816196292393,0.819097014287703,2.065427652062696,0.22804537034602734,0.7594586859726089
Sichuan Province,938,gennorm,2.2842406970638716,-0.015019893577749134,0.8394826266111814,2.0002423099891162,0.28737858540418515,0.737144763566334
Sichuan Province,939,gennorm,2.2493078329781007,-0.003785381811989146,0.8239835135339304,2.514804202409935,0.28811668850690264,0.8613317777277889
Sichuan Province,940,gennorm,2.151061993123907,-0.009974633045733226,0.8433759015652272,2.340863784134871,0.20982906652336758,0.8328662162579064
Sichuan Province,941,gennorm,2.6483465653884117,-0.030388385535583498,0.8909792338897664,2.686704616191497,0.20356677452210092,0.8804139464449598
Sichuan Province,942,gennorm,1.9833723614983985,-0.0487761502893677,0.7631945342749598,2.2273953921142082,0.24710302867322748,0.8293269131155754
Sichuan Province,943,gennorm,2.136727701696203,0.0017422136046564745,0.8397103508138235,2.2883369869712,0.2781856310486699,0.8215069763856635
Sichuan Province,944,gennorm,2.700249734517673,0.013340293312664401,0.8622260141593653,2.6301781660036934,0.239516373718756,0.8848699732856267
Sichuan Province,945,gennorm,2.118756708197461,-0.0031806973980900324,0.8345033598985663,2.484362989446974,0.19818993739221635,0.8455012921938516
Sichuan Province,946,gennorm,2.430547417757246,-0.0033018586666567493,0.8481520557728066,2.519730678117565,0.2519995346316637,0.8417560571216229
Sichuan Province,947,gennorm,2.3749464983201314,-0.012780819757123588,0.8410830284401468,1.9976251636553373,0.2334128737747888,0.7721668282674186
Sichuan Province,948,gennorm,2.5891600312582725,-0.02781641077006901,0.8636671532691846,2.180853749021291,0.23489176020932578,0.7806415965689993
Sichuan Province,949,gennorm,2.14394279141636,-0.03645992501162132,0.8312329833320402,2.2320915270015615,0.2513441963966437,0.7964608394171389
Sichuan Province,950,gennorm,2.3143083860436784,-0.0365411219852501,0.8215642507770398,2.6829677646798396,0.2304464799513497,0.8632705165165926
Sichuan Province,951,gennorm,2.740437484368547,-0.02309042859688999,0.9017538099561091,2.766497777598416,0.22874491078788986,0.8972700498386749
Sichuan Province,952,gennorm,2.554135624586654,-0.04309263750997368,0.8625991310944634,2.086510196739802,0.24880563115476734,0.7652047114306516
Sichuan Province,953,gennorm,2.3830908039717604,-0.02387710171698744,0.8333588147686073,1.9888876313343617,0.2248416078927548,0.7134329487667681
Sichuan Province,954,gennorm,2.2379455637289603,-0.055060147374770635,0.846612419349007,2.079868683744016,0.20830779336446859,0.7505981745073023
Sichuan Province,955,gennorm,1.8469052846692542,-0.05775680508267003,0.7321415769874341,2.348009595520332,0.25292500074758906,0.8441239379041696
Sichuan Province,956,gennorm,2.078758433334383,-0.011702761947776415,0.8624890243084091,2.289756283841994,0.22046103819407978,0.7786366697298237
Sichuan Province,957,gennorm,2.4544161673647715,0.002047974072853108,0.8540313359045897,2.3785093617442716,0.21476852037070482,0.8069523103158507
Sichuan Province,958,gennorm,1.9363732901127189,0.00679830499165282,0.7471073290306716,2.2941380862089087,0.26057914733960186,0.830611059835662
Sichuan Province,959,gennorm,2.459594150474464,-0.03988727293519918,0.8449785278228474,2.560293748970442,0.2453479581792355,0.8663122685270146
Sichuan Province,960,gennorm,2.1403502229804108,-0.08281068919004506,0.8300856535794954,2.128257693199383,0.20863615932959167,0.8249729079417616
Sichuan Province,961,gennorm,2.8913647947700056,-0.02477281613988567,0.9204712066985437,2.24696649607949,0.2040068726278199,0.8156256597404647
Sichuan Province,962,gennorm,2.0695584115800165,0.00012765363751888033,0.8065701031642586,2.386651611876734,0.2743031385248976,0.8386693995133913
Sichuan Province,963,gennorm,2.0570047079839715,0.033532020854794065,0.7733641159286161,2.099286635766667,0.23125164937606196,0.800773626991163
Sichuan Province,964,gennorm,1.9935505463562242,-0.0001333918305857864,0.8055671188771213,1.8741947519429716,0.23562967575542193,0.7343592444861227
Sichuan Province,965,gennorm,2.6710996445903827,0.002830134833549159,0.8196835781952078,2.3500754960701173,0.28617293325557197,0.8841284161398403
Sichuan Province,966,gennorm,2.1720592077777274,-0.040066572482345617,0.7884837055959808,2.069346887492102,0.23262769177744425,0.7618136332493682
Sichuan Province,967,gennorm,2.7273731633338927,-0.058607644777296075,0.8566464082114025,1.896492813223826,0.2422370400900013,0.7546256703298935
Sichuan Province,968,gennorm,2.263793891972233,0.008611923949178209,0.8129106652941032,2.6310133254142274,0.2347693829969585,0.8846725794272525
Sichuan Province,969,gennorm,2.3263123998751656,-0.036268454520349394,0.8138610744665,2.0865420496672447,0.2543226825982142,0.7757796345585721
Sichuan Province,970,gennorm,2.4695875641594753,-0.03869921235462141,0.8662167459786272,2.401760848690002,0.26712971529625473,0.8279223157191908
Sichuan Province,971,gennorm,2.3475754225233287,-0.040651698226973586,0.8644198064695512,2.3922231915301975,0.28691953255040975,0.8173677310628522
Sichuan Province,972,gennorm,2.1810521014482562,-0.011388516450597574,0.8210490136388002,2.4215552495988035,0.23253935295781425,0.7825566703065792
Sichuan Province,973,gennorm,2.3332223328149277,-0.007552704988292407,0.8026369909884521,2.6323210126912837,0.22344905136723692,0.8512366388321164
Sichuan Province,974,gennorm,2.1101649686253277,-0.03315750227203383,0.824290668067213,2.0019243449241904,0.2490002146047598,0.7510574517483015
Sichuan Province,975,gennorm,2.278127491717097,-0.008546924820322394,0.8364490053026534,2.3711473686612043,0.20163773783512573,0.8597928571872637
Sichuan Province,976,gennorm,2.339647744664558,-0.03943021045425006,0.822973307468577,2.0048419036938974,0.23202854085878533,0.7570184349241212
Sichuan Province,977,gennorm,2.5545774506932797,-0.04300743443224467,0.8536977109488718,2.516220297346332,0.25411241798824313,0.8540980800444664
Sichuan Province,978,gennorm,2.4623232508851194,0.002075159697761191,0.832455408967134,2.601510106785509,0.22090253633308476,0.8778036613679515
Sichuan Province,979,gennorm,2.401012623745996,-0.05547351219780977,0.88282062450814,2.3426834211218552,0.2484597374333996,0.8602118502605224
Sichuan Province,980,gennorm,2.9789107877023087,-0.01157029650375145,0.9004909606288641,2.1526761408414115,0.2770675586431667,0.817980983416732
Sichuan Province,981,gennorm,1.999720974337782,-0.014365158627661887,0.7948535844294757,2.050989746395876,0.20233992576487228,0.7478643356354322
Sichuan Province,982,gennorm,2.2159525980231365,-0.03636064584827267,0.8253175394097065,2.30273653948006,0.2292937712506914,0.8672195667030358
Sichuan Province,983,gennorm,2.289583433489499,-0.030230707335615788,0.8317099301024982,2.023329645978839,0.23932928765098568,0.7886036014963731
Sichuan Province,984,gennorm,2.4898553899582785,-0.08129255153893686,0.8326475216063407,2.097260427351789,0.255969957125566,0.7882985784715872
Sichuan Province,985,gennorm,2.3560397892461493,-0.026231685335563096,0.8313779262504291,1.9844884001421854,0.22307461655110078,0.8062986441330564
Sichuan Province,986,gennorm,2.38250840718423,-0.0231035604629913,0.8498656681356461,2.515692525962278,0.19231537728087694,0.8529848994878657
Sichuan Province,987,gennorm,2.9140286312431023,0.016898816207640513,0.9352660603056753,2.1533090003725226,0.17258760432412157,0.7607476253927982
Sichuan Province,988,gennorm,2.249793578171202,-0.048825102957820304,0.8549519078851235,2.135052698785495,0.26645488192822553,0.796903619063618
Sichuan Province,989,gennorm,1.9898737712239698,-0.013351537846034904,0.7597520853010352,2.579311588055288,0.2475004805997636,0.8602906943254675
Sichuan Province,990,gennorm,2.3198199626708274,-0.04355601627140132,0.8354522038897413,2.3073009307521035,0.24639862804195073,0.8067421925049381
Sichuan Province,991,gennorm,2.1561865573338252,-0.06520514530384315,0.8554083091399882,2.0464832749650435,0.20796431815598895,0.769318046110097
Sichuan Province,992,gennorm,2.122413161341284,-0.006066178539585711,0.7821588135781969,2.157664465346553,0.24500784466708425,0.7933854932468085
Sichuan Province,993,gennorm,1.8556053585588002,0.018706377341029264,0.7417333154015069,2.142661279989171,0.22247059735557823,0.7788549909352884
Sichuan Province,994,gennorm,2.166870744241453,-0.012529655747775082,0.8541479240483547,2.476653002482931,0.24763111512496877,0.8548770708038225
Sichuan Province,995,gennorm,2.102003348634771,-0.03129146839165271,0.793826087906887,2.178784712957885,0.19592685637765045,0.7990163913761288
Sichuan Province,996,gennorm,2.584622188289614,-0.04551839227410871,0.8818865945609677,2.4122534048848334,0.23773964815151455,0.8410623506934074
Sichuan Province,997,gennorm,2.3538217191364,-0.057876659538776166,0.8375259196269369,2.3337776471904665,0.23262022122111867,0.8019970893183397
Sichuan Province,998,gennorm,2.5113810707341013,-0.0056971128859751065,0.8501136601842171,2.6764616119105806,0.2164431860571402,0.8905479806894685
Sichuan Province,999,gennorm,2.6154273203485667,-0.04617031968736723,0.885264629709797,2.4333807546609947,0.22673441563558838,0.8496574458996375
Hubei Province,0,gennorm,2.4814866402241043,0.014149172298543613,0.8334740482782299,3.253642315554295,0.10308612345393828,0.9395945571938142
Hubei Province,1,gennorm,2.511169789462873,0.026175777271519995,0.8415688422051378,2.5485640086702523,0.1250422729929468,0.8565699592734844
Hubei Province,2,gennorm,2.6384504719678055,0.036279863523201686,0.837091534147381,2.647531065232413,0.1793188061043896,0.8551318307586129
Hubei Province,3,gennorm,2.469293620391328,0.05873582557541475,0.8774277265008761,2.7854104939491053,0.15525517739117745,0.8686171739201385
Hubei Province,4,gennorm,2.320826984181217,0.018960855618769895,0.8497470531248414,3.075248226181888,0.11138223678264739,0.9216337010687907
Hubei Province,5,gennorm,2.609712879297212,0.06262045853226035,0.868808690437004,3.796822329139511,0.15307333766640374,0.9450113381892731
Hubei Province,6,gennorm,2.169835575354118,0.04520665581707187,0.8504037878974958,3.3132478931286116,0.20134346435707007,0.9266675100311074
Hubei Province,7,gennorm,2.923022643151547,0.0036930611764708263,0.8733580212179883,2.467746438905106,0.1111914072360892,0.8927459250748554
Hubei Province,8,gennorm,2.4452976784652183,0.05434776592135464,0.855164054709148,2.7814460883229826,0.13831724020531883,0.8192803483819092
Hubei Province,9,gennorm,2.935615410451867,0.03520671292253311,0.8968247846920132,2.750304642993529,0.10952014643412464,0.894204114175909
Hubei Province,10,gennorm,2.265122358703845,0.04985565143232322,0.812094529142759,2.65900684813092,0.16626903515010075,0.8487306254662239
Hubei Province,11,gennorm,2.2385970884231425,0.08862665186694618,0.8307506254383294,2.4775893988047777,0.13840169778113062,0.8301546417568723
Hubei Province,12,gennorm,3.303589099234224,0.04806663761728486,0.9146872586778647,2.4896044178048133,0.0684481298099574,0.8667324394629283
Hubei Province,13,gennorm,2.47082899772129,0.05609324415011312,0.8219185654125496,3.008426906336503,0.1172125630129027,0.884892950999473
Hubei Province,14,gennorm,2.672976436772645,0.06228094758531588,0.8906024707534501,2.700794257139062,0.13274561611795255,0.8478971387917782
Hubei Province,15,gennorm,2.8108924472458856,0.03353188804190123,0.8827122686139854,2.4711577976894032,0.09137724287427218,0.8444227739992025
Hubei Province,16,gennorm,2.090637278352749,0.03259564806741719,0.7847259202081136,3.1754674630043356,0.13641856460268326,0.897714180646787
Hubei Province,17,gennorm,2.4274264497104006,0.029471138037701707,0.8256524984348409,3.0459098921630323,0.152399129394384,0.8854809733945139
Hubei Province,18,gennorm,2.6098093141791914,0.024709412502965454,0.8838317667206601,2.632521864877485,0.1835860985855127,0.893621683317266
Hubei Province,19,gennorm,2.8884144256050974,0.0011449459807838219,0.8824457158669441,2.987114312947962,0.12293648960033876,0.8578058218296734
Hubei Province,20,gennorm,2.4922208279219453,0.04124055059227667,0.8631116658123751,2.764325222946297,0.1406743063665737,0.8450117098463861
Hubei Province,21,gennorm,2.192946887482197,0.019198416303020827,0.8166279580023605,3.2011362764461,0.14644248009017247,0.8980516446907516
Hubei Province,22,gennorm,2.3122890978107433,0.04078863086997455,0.845103891254027,2.4733629439484486,0.15664158181570098,0.8425401925185696
Hubei Province,23,gennorm,3.006778698494044,0.041399043401455685,0.9139659604062434,2.329111083423858,0.1284739163824241,0.8525266131128806
Hubei Province,24,gennorm,2.1422786354571786,0.040747518142781325,0.7871022949019797,2.8347356192721014,0.11185382187826412,0.8573643423434372
Hubei Province,25,gennorm,2.328050652037869,0.05882608281511166,0.8563546730441243,2.580528107198313,0.16053869272255747,0.8716053115217826
Hubei Province,26,gennorm,2.9880606227536544,0.07359416838250973,0.9299395988629451,2.917114177473782,0.129484032888025,0.8679145391735539
Hubei Province,27,gennorm,2.3097615564809013,0.021233189070272964,0.8238409489611189,2.3684423944540534,0.1409674968296068,0.8471164626078531
Hubei Province,28,gennorm,2.102011991910431,0.024494526265762977,0.8041855530890718,2.9775677805489122,0.12984836494140461,0.9208712977152169
Hubei Province,29,gennorm,2.537943626152377,0.017663396352147386,0.8661086878834758,3.0385233971301178,0.13802828914775217,0.9245731623435695
Hubei Province,30,gennorm,2.619228759744362,0.002273301932514016,0.8683992440909931,2.7514451482024382,0.14127286367418174,0.8110793455651006
Hubei Province,31,gennorm,2.4248121282217645,0.07498424252639449,0.8346797683393905,2.5467576822011377,0.12244270621629011,0.8292558849311108
Hubei Province,32,gennorm,2.546798626248477,0.035583693370511954,0.8388411834562334,2.6108127675669963,0.1180313704694843,0.837741511350724
Hubei Province,33,gennorm,2.9209344442809213,0.07212489466272166,0.8832066723044439,2.72174238624536,0.14343785417146937,0.8709959324498466
Hubei Province,34,gennorm,1.9306516900264605,0.03804396767851077,0.7605121255557655,3.10281282888202,0.13639812893209374,0.8966845998865992
Hubei Province,35,gennorm,2.2708225528229153,0.012174905834384846,0.7913128009526029,3.457908464301223,0.1570236348108633,0.91232817159191
Hubei Province,36,gennorm,2.7831441429618677,-0.009551808632168646,0.8807760032274081,2.6148697565072636,0.12334543972240117,0.8621340871687595
Hubei Province,37,gennorm,2.460771952693144,-0.004214666509278885,0.8293898282771088,2.8191616894649183,0.12959094116121367,0.8870474426123454
Hubei Province,38,gennorm,2.2915829486944403,0.0442585573126248,0.8514519595822125,3.1616774725624563,0.12385461845592058,0.9073292572822962
Hubei Province,39,gennorm,2.8101222951212224,0.0646481072457385,0.8993381688320705,2.8972530800914233,0.11081605015981395,0.8494457858951113
Hubei Province,40,gennorm,2.7964946544693303,0.040450410802083184,0.8833643268911529,2.641133598563846,0.13323384375318303,0.8586364642773687
Hubei Province,41,gennorm,2.7498103758526593,0.039193729384375334,0.8912798386821548,2.5071661819174786,0.1351561057755885,0.8564506610651446
Hubei Province,42,gennorm,2.530317353983107,0.010929534877655047,0.8558190084404483,2.6131759024658816,0.1213995797743716,0.862874024184742
Hubei Province,43,gennorm,2.298359709652951,0.0377871814465045,0.8207137549153565,2.3745203305959723,0.10478362709861316,0.8336830701390399
Hubei Province,44,gennorm,2.630508510845231,0.06459918866178127,0.8624784465990504,2.4812354870877,0.12591697559584522,0.8339134529924352
Hubei Province,45,gennorm,2.2978447820674424,-0.0020937968169910228,0.8369835268911396,2.375420106685022,0.12818512790856693,0.8576322757608001
Hubei Province,46,gennorm,2.8342149280163813,0.030508536191419282,0.9069300268843551,2.5310496278659307,0.1398731770609934,0.8676725826618877
Hubei Province,47,gennorm,2.2755765717561873,0.00044008258868492845,0.8085106433176394,2.9599253738965587,0.13687510263769706,0.8927801160127188
Hubei Province,48,gennorm,2.3298122829799564,0.03582592754216253,0.7989796677248826,3.2680888398095673,0.14877242813543445,0.9397466691155372
Hubei Province,49,gennorm,2.2309247067050686,0.013995570176218705,0.8253537775165124,2.7476436197687413,0.1280642368796599,0.8485889962837363
Hubei Province,50,gennorm,2.8342368528893642,0.06695731899258124,0.937666318884997,2.7329518113960605,0.11814254961022824,0.88105770980282
Hubei Province,51,gennorm,2.217635021093158,0.05056726721640608,0.7731233166770147,3.3791567608365236,0.10132274887044301,0.9105043038292913
Hubei Province,52,gennorm,2.209303635120205,0.07601580254066223,0.7928058021367985,2.536269632160616,0.17146757877987956,0.8526256217882033
Hubei Province,53,gennorm,3.044745694158305,0.05181962941194294,0.9211661357938518,2.5854872895771353,0.12512492415218285,0.9067297971874266
Hubei Province,54,gennorm,2.4383539652165256,0.08487074781879948,0.8773675582088394,2.474566086503074,0.16524448104434195,0.8627157110711474
Hubei Province,55,gennorm,2.3254213769950103,0.029529208058217342,0.8212282990225652,2.5861012172277604,0.16689883714307335,0.8403682270832455
Hubei Province,56,gennorm,2.4033343435745813,0.025728039317119693,0.8726352936245418,2.852903788546704,0.1510228449705977,0.8740771656629742
Hubei Province,57,gennorm,2.3626675687332295,0.058362710275499136,0.8603002761811216,3.083214169044229,0.14826636880821156,0.9015469112977226
Hubei Province,58,gennorm,2.1061989941474804,0.006946978376189747,0.7999997143961504,2.356027651849999,0.11022558513486563,0.836008905403958
Hubei Province,59,gennorm,2.5389131475797027,0.006570547263098648,0.8654058890770822,3.0148329858546434,0.13971674356976616,0.931742007983505
Hubei Province,60,gennorm,2.225303457267244,0.0008912334563566444,0.8154652324576055,3.1311550167600046,0.12953663356824252,0.901266982804728
Hubei Province,61,gennorm,2.350608609161856,0.03446517912202343,0.8511531124312732,2.7956988913424348,0.13585280504448444,0.8837951781683223
Hubei Province,62,gennorm,2.5823961156320827,0.048188479930226576,0.8376173056022105,2.4270763223669203,0.11564979843129866,0.8443874130108546
Hubei Province,63,gennorm,2.228453730555769,0.04333020086034246,0.7817526495949623,2.4262052086616737,0.12471288884778592,0.8602334495294248
Hubei Province,64,gennorm,2.5438003210458557,0.04504292204488604,0.8968281901969151,2.789849077686938,0.1127944615315544,0.8722121793394846
Hubei Province,65,gennorm,2.3644384801406977,0.04250085796492733,0.8546401034649762,2.5760505989291667,0.15252442747890643,0.8774599477008306
Hubei Province,66,gennorm,2.328596119276644,0.05561506680392365,0.8256408492738657,2.734780905638851,0.15333502886279216,0.8762707179983507
Hubei Province,67,gennorm,1.7842695347903303,0.0724081437468734,0.7109874211390195,2.739589612847119,0.15896174542934677,0.8940387207279523
Hubei Province,68,gennorm,2.632684509983765,0.06369347218637178,0.8832028212882226,2.8826286382410737,0.15615726584682404,0.8661437572315294
Hubei Province,69,gennorm,2.216021408280886,0.03582033048298672,0.8352884516220793,2.7796377307718765,0.1123717969555675,0.8756098500178983
Hubei Province,70,gennorm,2.5659902808829784,0.06095284580481667,0.8802492678109896,2.2126893490368738,0.07724175542847128,0.8046630736988776
Hubei Province,71,gennorm,2.690051226804841,0.056948803855050995,0.8954597630742405,2.9822217524875803,0.14368925868240265,0.9239656808201114
Hubei Province,72,gennorm,2.1764051127175152,0.02669342213315109,0.8042288646486204,3.0549974900653423,0.12607135822489157,0.8972039699832012
Hubei Province,73,gennorm,2.5271632129391683,0.032558599615125985,0.8497261087599112,2.6747891702782103,0.1559426626490402,0.8694112606048954
Hubei Province,74,gennorm,2.1260259243013135,0.01337390113616849,0.8306550339906718,2.4483298791245227,0.12499630077538319,0.8157117518737915
Hubei Province,75,gennorm,2.692198793711235,0.057528265532714375,0.8144125101504156,2.458461922960253,0.15942658946185675,0.7956135791175027
Hubei Province,76,gennorm,2.087384328441031,-0.024558149063715243,0.7826549125352431,2.2511516509502187,0.13664739113118993,0.7864111416572382
Hubei Province,77,gennorm,2.4844852205687658,0.02576365037041455,0.8682839776016101,3.9052282724214415,0.16362566637673942,0.9701077135693519
Hubei Province,78,gennorm,2.703890739715833,0.051551875164091,0.8962279967620026,3.1404226404077367,0.15303793258001916,0.8815486228153493
Hubei Province,79,gennorm,2.864785727042893,0.021253835522678698,0.87312772002509,2.9806767585662195,0.07639414341169604,0.9170065131682199
Hubei Province,80,gennorm,2.365780461083608,0.0595936052805951,0.8426024173543126,2.2789087556533456,0.11740513146437037,0.8650761316396967
Hubei Province,81,gennorm,2.1635845475155797,0.036492475821839496,0.811400745648684,2.800880131815738,0.15832418625616565,0.933352439230072
Hubei Province,82,gennorm,2.2961096805477004,0.012753693250075523,0.8259646493336883,2.744861591528259,0.16555369500125028,0.8903288259285489
Hubei Province,83,gennorm,2.5327856713796937,0.0209339488449434,0.8409731111136489,2.800825249516891,0.11261629138632803,0.8789777543092304
Hubei Province,84,gennorm,2.750044004173575,0.0405430379185239,0.8669890933039428,2.5976832971681123,0.1144498046373716,0.8591517646604376
Hubei Province,85,gennorm,2.4750509822082023,0.07166389630016033,0.8136948119096521,2.9794858009823724,0.12680449424181167,0.8924153279180478
Hubei Province,86,gennorm,2.272414697734158,0.07028740612767893,0.7880178299617606,2.803459156432363,0.12318313038798061,0.8707714270606532
Hubei Province,87,gennorm,2.261561254709874,0.020391022256019298,0.7725747524753401,2.4359204791527542,0.12433585770993735,0.878395717136898
Hubei Province,88,gennorm,2.6361572883306947,0.05417896245571435,0.8653786097852971,2.7228743134608875,0.11058700429012405,0.8744719053963395
Hubei Province,89,gennorm,2.649489847476384,0.05989758526778473,0.8275607616581647,3.179141550584486,0.13377862030431753,0.8832034456851621
Hubei Province,90,gennorm,2.5209961081983456,0.005129257438301971,0.8812295604968435,3.252076338826148,0.11997754667629565,0.8546674360492987
Hubei Province,91,gennorm,2.554723078579523,0.031973349190319036,0.8836273918714175,3.2069326791695354,0.14936434385260597,0.9471816074863572
Hubei Province,92,gennorm,2.33916303784434,0.1033862991778956,0.8224163295109528,3.2553493730384826,0.15360129366528813,0.9398728989097012
Hubei Province,93,gennorm,2.6290784979707897,0.05908909851920838,0.8666682888132389,2.1830300863484906,0.10564632506947336,0.757403948758185
Hubei Province,94,gennorm,2.597894937267347,0.07382951284741639,0.852962847555402,3.5987340528890748,0.1366300859993698,0.9387933245725786
Hubei Province,95,gennorm,2.3333140914036354,0.04604858233042003,0.8104608758999547,2.994211439856283,0.14461463019628557,0.883355844041255
Hubei Province,96,gennorm,2.4662417436989053,0.03309875739646541,0.8201550357290905,2.6473238212974946,0.1121426390581905,0.8611544007644882
Hubei Province,97,gennorm,2.8220162977419005,0.037852891224925675,0.9139396421988796,3.1105755792685392,0.11523828374724568,0.9195418297116895
Hubei Province,98,gennorm,2.6418653699600885,0.05272623445632281,0.8568858698140018,3.0158829639651503,0.11836486048726166,0.8940942060776866
Hubei Province,99,gennorm,2.7481495941923644,-0.007217791127600147,0.8605086232140476,2.553193697801314,0.11390535753264677,0.8445722726052507
Hubei Province,100,gennorm,2.1831720883519936,0.053621695226515095,0.7952742640881544,2.447633355089595,0.15606011125395236,0.8519085679589944
Hubei Province,101,gennorm,2.1886492458112317,0.014010559436609706,0.8149727949297194,2.644881339076196,0.11102923646541371,0.9058846433930023
Hubei Province,102,gennorm,2.340706217046362,0.026729588764389495,0.7901155303168852,3.08424440758115,0.10435044137115004,0.8961339428836663
Hubei Province,103,gennorm,2.610084261638579,0.038408839556865,0.9320862587679595,3.002467839625412,0.14066976575012768,0.9421310729641643
Hubei Province,104,gennorm,2.8480314148650816,0.0495497614928475,0.8948067623091354,2.633977515665319,0.15451185530168096,0.8374142971309365
Hubei Province,105,gennorm,2.451331443758615,0.06696774914600996,0.8821740103014858,2.4480668572484854,0.16368391126723245,0.8217418339982583
Hubei Province,106,gennorm,2.928097165410379,0.09404092602158387,0.9256825408876379,2.7283533507398685,0.15128839404123506,0.9011423450148986
Hubei Province,107,gennorm,2.523074916262517,0.030075812170786476,0.8513229692362085,3.1709341567964326,0.14510533218885618,0.9541391956759011
Hubei Province,108,gennorm,2.251328293435959,0.051495172183340765,0.8372680921935498,2.4229187402715677,0.15029868876357852,0.8444213451611862
Hubei Province,109,gennorm,2.654463454367981,0.0018567051709798537,0.8791183851166514,3.0041263516595538,0.14514915048289037,0.9112093588033032
Hubei Province,110,gennorm,2.1050419153649003,0.03272387034981261,0.8053407488579991,2.577981311381067,0.12284124246155752,0.9000125899158022
Hubei Province,111,gennorm,2.6747443386618928,0.0626771082787752,0.8653758075617025,2.8921647776678725,0.17355648512032695,0.8813534544063986
Hubei Province,112,gennorm,2.596862913960018,0.010603240563560089,0.9119435038810549,2.6879069380251313,0.1300452045961423,0.9085412110076266
Hubei Province,113,gennorm,2.6014238031116603,0.07154587496131976,0.8420510134260062,2.396341722035822,0.16750022200162706,0.8223791485139442
Hubei Province,114,gennorm,2.2600360536607944,0.016900729786544652,0.8296228075063157,2.6737884411938126,0.15730242945848527,0.8615362671126613
Hubei Province,115,gennorm,2.347871274252224,0.02798302166688206,0.8389059332306159,2.2830980602559636,0.11256935171727347,0.7971901709162574
Hubei Province,116,gennorm,2.150470571861696,0.03731163639565206,0.8020860931839608,2.617880472088272,0.1417757623954608,0.8533159979630054
Hubei Province,117,gennorm,2.2271272333644303,0.029310433674997034,0.8132677040256273,2.489638935278194,0.13074449647793002,0.8826063001619682
Hubei Province,118,gennorm,2.2747879332146628,0.08588667314591375,0.8047971807802076,3.445746398817531,0.1376841950610913,0.8917895003732277
Hubei Province,119,gennorm,2.1940681204861505,0.05608920424476104,0.8003792464338411,2.3898969304650217,0.1390174572910413,0.8627659006841132
Hubei Province,120,gennorm,2.4750370765516685,0.021013494526675107,0.8325275690597678,2.4683721600324366,0.1649348121552854,0.8408873211892174
Hubei Province,121,gennorm,2.618474127047751,0.019160073270983093,0.8395767426002507,3.0223475815001035,0.15988352027576846,0.8529341547394268
Hubei Province,122,gennorm,2.086068668403546,-0.00418227925055338,0.8113936145098166,3.1685551089671344,0.1252707210476358,0.9293214507751291
Hubei Province,123,gennorm,2.493043344138551,0.06280421100394612,0.8329644006517491,2.677222433329897,0.16467659889224673,0.8340779842521682
Hubei Province,124,gennorm,2.0683700973227737,0.03748385845182875,0.7754523198818326,2.37251951269403,0.1467250331172379,0.8257044711936254
Hubei Province,125,gennorm,2.1525002255298973,0.031843159776878856,0.7625148303116887,2.796746872607341,0.1257642680249016,0.856637264635104
Hubei Province,126,gennorm,2.3937593724448005,-0.03344239155925634,0.8354256269295102,2.464434838553922,0.1342081080836642,0.8266258909220818
Hubei Province,127,gennorm,2.4540019060533513,0.029617043695675,0.7743700641591935,3.0195916805260543,0.15493260031326545,0.8814133963731436
Hubei Province,128,gennorm,1.8765809315653668,0.03536053891163385,0.7673328559647291,2.5885210070502307,0.12135765533472684,0.8220822485565009
Hubei Province,129,gennorm,2.961572855448383,0.04494745191342367,0.9073757898116416,3.0031343516229443,0.14897708587451725,0.8944109698522797
Hubei Province,130,gennorm,2.689304635019255,0.05599334805644589,0.8396621083098139,2.9572885663646793,0.14982805964925092,0.9047495850334826
Hubei Province,131,gennorm,2.0938832985152436,0.08117125785340246,0.7773673531995001,2.9169664783767946,0.11363049278684613,0.901960416701019
Hubei Province,132,gennorm,2.5343248996174936,0.036947987845314265,0.9017164027320685,3.0937584711098496,0.11582648360990355,0.8836006800970331
Hubei Province,133,gennorm,2.3306862712532097,0.07555977793952055,0.8559011151726221,2.622246940789192,0.12604717686251354,0.8358454253381682
Hubei Province,134,gennorm,2.564089362381675,0.03297458429955226,0.8575133912714505,2.757265273758464,0.13214985149152728,0.8717358539101283
Hubei Province,135,gennorm,2.2954530011627794,0.05428991056487271,0.8192310040183638,2.9505647638587904,0.15110089071251423,0.8845934364458438
Hubei Province,136,gennorm,2.5329302273350613,0.03595554777135241,0.859271893757757,3.047829128618673,0.12265238966229672,0.855262582193379
Hubei Province,137,gennorm,2.333216940192904,0.04105966174412484,0.8286602908810565,2.7664006120709033,0.12700006262723235,0.889073543495984
Hubei Province,138,gennorm,2.327088393011258,0.04576170610517989,0.8371586690449896,2.8097890883813887,0.1579116100142103,0.8604564524205622
Hubei Province,139,gennorm,2.688286768889742,0.03333893620848577,0.8827264400863779,2.4620919735090427,0.1251306961583738,0.8489706394396712
Hubei Province,140,gennorm,2.3734467103218426,0.056148473622933015,0.85632703405886,2.9723565090631228,0.133869685527213,0.8844845325683386
Hubei Province,141,gennorm,2.581457821118069,0.026510625628206698,0.8720730486565833,2.8454039021886617,0.15396952228955796,0.865474068838616
Hubei Province,142,gennorm,2.788637697706541,0.07105166009434749,0.9148983369919298,2.996805274168829,0.14719620805452094,0.8546335325653349
Hubei Province,143,gennorm,2.685317731189906,0.07502971444036474,0.878679856794559,2.3927371079241304,0.14063620527034495,0.8076048210509037
Hubei Province,144,gennorm,2.3224340940214194,0.046776806494676755,0.8312361566572324,3.7780999656506786,0.07113073120842447,0.9162956046246307
Hubei Province,145,gennorm,2.248952259523046,0.00334515310163007,0.7850883726369481,2.6706453542231907,0.13489881488576205,0.8902495903123784
Hubei Province,146,gennorm,2.2989257979579527,0.039632716008502544,0.820921112635602,2.224233884289913,0.10703203687026105,0.7958529312667995
Hubei Province,147,gennorm,2.831243825580925,0.02455463692967442,0.8445201921304184,2.838714311162775,0.1420400095053698,0.8957808554592384
Hubei Province,148,gennorm,3.098270747789082,0.02866925825424113,0.9035234463441143,2.8702074769480355,0.13310636815755184,0.8900277295910126
Hubei Province,149,gennorm,2.15400133974613,0.029641734715963895,0.7765862107176402,2.8195599344938853,0.12406133563375447,0.9161447435803018
Hubei Province,150,gennorm,2.901846949172481,0.03511553912569115,0.9020395255773186,2.6144376568830303,0.11287011274523137,0.9313205116579193
Hubei Province,151,gennorm,2.5624908139194136,0.006814471429828977,0.853871656005615,2.6546426379339936,0.16149289135968778,0.8360289467685904
Hubei Province,152,gennorm,2.263125469091799,0.040338638333873376,0.8424558935911144,2.7879753051418383,0.118278131926145,0.8824643029173023
Hubei Province,153,gennorm,2.1703987529928885,0.07384517787575401,0.8259443203713688,2.5302561221455537,0.14170256986182111,0.8470099247907761
Hubei Province,154,gennorm,2.2183602850709336,0.009072589372926206,0.8055812492699099,2.6504112967667015,0.11466515340620015,0.8922400611455856
Hubei Province,155,gennorm,2.575636266767794,0.04322882841484048,0.8480321264766968,3.322629353004712,0.17960660408829449,0.9319851801727612
Hubei Province,156,gennorm,2.5744170731462104,0.04350638067965609,0.8663864486701933,3.1367513457130345,0.11830030554296236,0.8785528238669651
Hubei Province,157,gennorm,2.363325705792714,0.05197276899723505,0.8196005763730168,4.135357259511323,0.12934710258037763,0.9958577540348053
Hubei Province,158,gennorm,1.9607798091316333,0.093644150578615,0.7337142209577479,2.5492574691801515,0.11112088624116785,0.8470070113829334
Hubei Province,159,gennorm,2.688491805478745,0.03734601619074564,0.8470861688584306,3.367556652896053,0.16888009028564074,0.9356474948785833
Hubei Province,160,gennorm,2.813567997608167,0.051326688466018094,0.8550751701947071,2.4322988047910687,0.1243012542964464,0.8086219861353892
Hubei Province,161,gennorm,2.2450556477852164,0.07032408589906178,0.8348742656407644,2.894245603997044,0.1251489629655756,0.8710968375123417
Hubei Province,162,gennorm,2.497404519968116,0.06837958386121996,0.8754380930323624,3.079662225275964,0.11053762920217403,0.8791565549970262
Hubei Province,163,gennorm,2.2308380266046988,0.03664813940598341,0.83693045805899,2.908523004068784,0.11095958049003851,0.914078685051951
Hubei Province,164,gennorm,2.3692311405500823,0.043136219946226025,0.8628604757160268,2.8362256770133625,0.12034157714142943,0.8734857526497459
Hubei Province,165,gennorm,2.8102131624656286,0.07567812707485698,0.8696249081666916,2.9661973184688426,0.1164637792768787,0.9287528541069866
Hubei Province,166,gennorm,2.357845818041114,0.018651881196341178,0.8406318977294205,2.7586412569558862,0.16219047661143227,0.8728615567434632
Hubei Province,167,gennorm,2.948292973741487,-0.005656375564545525,0.9007710946150191,2.4683935574767526,0.1593302339943305,0.8401350257527526
Hubei Province,168,gennorm,2.388602462831397,0.009006397976481798,0.8509789304627149,2.4827149135423596,0.17401692227253163,0.8375369380333365
Hubei Province,169,gennorm,2.6826430475119984,0.060208466805628,0.8431878785836362,2.693471587576159,0.12975327443886797,0.8854035160428817
Hubei Province,170,gennorm,2.6605213762836124,0.02548362531599395,0.8624108798057433,2.79054362509849,0.14839762987805252,0.8471917767134611
Hubei Province,171,gennorm,2.19653855206121,0.019847578793598393,0.7750317538221718,2.900954406652927,0.13487624071254917,0.8502355246062672
Hubei Province,172,gennorm,2.5968019056396234,0.021700961985741896,0.8500605805732735,2.7683361664343815,0.1455133132624436,0.8770067779633729
Hubei Province,173,gennorm,2.5777301603080103,0.04907639736020737,0.8645528612139366,3.286899488994074,0.13900053057965794,0.887533926963842
Hubei Province,174,gennorm,2.3238517822181786,0.047221376673334065,0.8620635416558466,2.2992789423788786,0.14211169977841212,0.8248256863826958
Hubei Province,175,gennorm,2.686202611669512,-0.007092244166368287,0.8895655224681196,3.0776760987064353,0.14574287530005675,0.9475366615831133
Hubei Province,176,gennorm,2.2658496564810218,0.00899444823434412,0.822136556040391,2.6557900342914524,0.1371727975300497,0.8603302260742469
Hubei Province,177,gennorm,2.313811907337801,0.022085983170422034,0.7934900425368012,2.9994118850668086,0.17333878875392336,0.8954703802312216
Hubei Province,178,gennorm,2.11501642979216,0.03159777120127129,0.7996032940955824,2.6956702698597192,0.18708684186601676,0.8917007783213384
Hubei Province,179,gennorm,1.850563369973047,0.046101754899244146,0.7396921296805115,2.2642341837351196,0.11572949282787229,0.8050257216687139
Hubei Province,180,gennorm,2.4534080039547144,0.04447489087142416,0.8576641970509236,2.7168994849059076,0.13766492315912626,0.8359771063945339
Hubei Province,181,gennorm,2.5179280451203647,0.03153242041947277,0.8633635439672307,2.6115224024726302,0.12283256728457559,0.8729648006135055
Hubei Province,182,gennorm,2.381449486503635,0.02903835746185701,0.8896897890230884,2.921474251134451,0.18985772237004112,0.8798858667080229
Hubei Province,183,gennorm,2.5398811614613335,0.03141882839518309,0.870655256277803,2.805961705775296,0.12882679379188797,0.8431958098807861
Hubei Province,184,gennorm,2.6269535294118365,0.028346242882702134,0.8267381598056465,2.599048007913753,0.16399000632618393,0.8592951968420124
Hubei Province,185,gennorm,2.233465032389449,0.022151908884715205,0.8266159069516844,2.447424954783582,0.12468846315421991,0.8547055285537166
Hubei Province,186,gennorm,2.250385941547136,0.043698991009188295,0.8015561057134601,2.4445056637101374,0.14631775058928076,0.844536055439703
Hubei Province,187,gennorm,2.424678643909136,0.0781569854170659,0.8504628998947288,3.7108771730191226,0.1346226154284299,0.9217191595502818
Hubei Province,188,gennorm,2.3687025865155253,0.05308879980192431,0.8247773469948955,2.683860215583877,0.10672873516295764,0.8831547216355027
Hubei Province,189,gennorm,2.9905094288042933,0.055670898547466215,0.8821323482525867,2.720934235363118,0.14947154389344883,0.8811363026061387
Hubei Province,190,gennorm,2.50353864985248,0.02977405268833303,0.8391240742140238,2.1684751897789556,0.13788864525647498,0.8512245359162873
Hubei Province,191,gennorm,2.3393238184610086,0.0349669442380237,0.8873424784673538,2.7837003989230764,0.1073114440658664,0.8553754069968857
Hubei Province,192,gennorm,2.608713263301099,0.026759926002477362,0.8680084175389255,2.609513869004254,0.1385761684082103,0.8415335322408944
Hubei Province,193,gennorm,2.4011326947832465,0.05721027254295455,0.8493813604022373,2.484761228177174,0.14527833390607633,0.8606617473889577
Hubei Province,194,gennorm,2.1687617807398523,0.012493528578467101,0.8225308031760301,3.0885555105136655,0.16910085547158688,0.9056775892731024
Hubei Province,195,gennorm,3.0714429798853073,0.05875715574159371,0.9074923032756408,3.2645703207594474,0.1448661081823126,0.9199042381869198
Hubei Province,196,gennorm,2.6112518088919723,0.05898397308411682,0.8613324911307282,2.968821930948354,0.11466969379183435,0.8670535484012201
Hubei Province,197,gennorm,2.226142097852058,0.04760586495377215,0.8340692237977452,2.725216084185109,0.14104426774372403,0.8559780863668951
Hubei Province,198,gennorm,2.836874314807524,0.02232854267285586,0.904581110674441,2.432727961032692,0.14308363632272786,0.8079711579511699
Hubei Province,199,gennorm,2.580518231975459,0.03026749903676268,0.8915313725573908,3.0373357558158913,0.12827378202897266,0.8367077964849992
Hubei Province,200,gennorm,2.5796657368635256,0.06870754446309793,0.8659090232153173,2.550228264916149,0.16493405231010932,0.8548607639950936
Hubei Province,201,gennorm,3.0543147959795096,0.02760872299475081,0.9070418822161154,2.4546182149423075,0.13649712060687716,0.816953777780101
Hubei Province,202,gennorm,1.9664493326728616,-0.01484919025841806,0.734303186171567,2.4528321003858213,0.11160175070678763,0.8688405952202476
Hubei Province,203,gennorm,2.464233888651407,0.040282795975365326,0.8612972149436892,2.704082971496015,0.09986901782642235,0.9202520829575616
Hubei Province,204,gennorm,2.3893591544223165,0.05652366920900373,0.8180146230410428,2.6863768242372945,0.1503728884584244,0.9139402650667026
Hubei Province,205,gennorm,2.827057883279057,0.02420143088205414,0.9160971873913013,2.8639609778873414,0.08219748508627991,0.9287355441144867
Hubei Province,206,gennorm,2.2823324149694373,0.002675975672468363,0.8221724245365494,2.7238100580736893,0.1366352568798484,0.8542921475587671
Hubei Province,207,gennorm,2.244564860122403,0.046263847698954946,0.831040635366361,2.450814206158749,0.15145847847366434,0.8612136902363806
Hubei Province,208,gennorm,2.2053066490322344,0.061597514263666484,0.8219579018668803,3.586112290726064,0.13926562269378617,0.9321339827686324
Hubei Province,209,gennorm,2.429659399008834,0.039874058228362735,0.8245074100307954,2.341042433966363,0.14229635631155746,0.8037396136566948
Hubei Province,210,gennorm,2.8030606537430725,0.012208079885880935,0.8715994712680075,3.2533411164206774,0.1571294990457396,0.8801154107180733
Hubei Province,211,gennorm,2.191396894841604,-0.015283152610763719,0.8193170132141756,3.4773738826114706,0.15657811872652797,0.944929889243203
Hubei Province,212,gennorm,2.571689020385329,0.026285808155338854,0.8855830079292195,2.7859387989007693,0.12245569377808985,0.8350700778756486
Hubei Province,213,gennorm,2.1574809196155424,0.037615343403617774,0.8103192543860389,3.426623506554684,0.10667426625816448,0.944560333511552
Hubei Province,214,gennorm,2.1413105419395726,0.06755511835330658,0.8001007741103927,3.1734139069847016,0.11048407028165416,0.928461866666206
Hubei Province,215,gennorm,2.279936500588878,0.06167564649126124,0.8121344117323941,2.749785800783073,0.12900962826901063,0.88855677041433
Hubei Province,216,gennorm,2.4246121688455218,-0.012293081362603115,0.884818291572852,2.67890945554292,0.1504741723145665,0.8520910055305453
Hubei Province,217,gennorm,2.360233876820197,0.03893928163317667,0.8294960356279779,2.8215033299596093,0.1319248100160721,0.8563358976238763
Hubei Province,218,gennorm,2.412388029056265,0.053039468939693135,0.841515834818316,2.4267191985803183,0.12380375591811643,0.7928206090985493
Hubei Province,219,gennorm,2.3722910239993222,-0.0002750394938983992,0.8560917270739188,2.6417645807690215,0.15305481584159106,0.8705009557496183
Hubei Province,220,gennorm,2.2362995970874264,0.023315076471205516,0.8432986123226252,2.7439332467560162,0.11134621664688413,0.8839980320868617
Hubei Province,221,gennorm,2.297534295044364,0.029486248348562616,0.8059548057941444,2.5185533484304896,0.11687788574445125,0.8441402797988473
Hubei Province,222,gennorm,2.4861778655566917,0.07029187388329144,0.836266805605496,2.8312665907742294,0.09351547614848557,0.8958590247599211
Hubei Province,223,gennorm,2.661231669411811,0.05660997585171593,0.8389803440748191,2.9981291275904502,0.13218811247034723,0.8714212627866469
Hubei Province,224,gennorm,1.9649023234037069,0.024629000054645224,0.7947383148754568,2.7626901422832404,0.1407702447545538,0.841461788776624
Hubei Province,225,gennorm,2.744316994162726,0.029869726937402405,0.8616222902345627,2.669979227923011,0.18202913300908763,0.8828193113835177
Hubei Province,226,gennorm,2.6760931448997516,0.03429547624603972,0.8683347297457389,2.2656602225066056,0.15113958546116768,0.8468899540805787
Hubei Province,227,gennorm,2.3941153116987595,0.049077226240965284,0.8714926498222926,2.5388886461774676,0.13840270107358865,0.8192405334611353
Hubei Province,228,gennorm,2.6985023288686536,0.055913709620221616,0.8933296544298148,2.5981521239265244,0.1567551864100695,0.8366559036325005
Hubei Province,229,gennorm,2.4811384019208975,0.04089820468142433,0.8246476267774001,2.6425206778485415,0.11649552121168645,0.8710546366621474
Hubei Province,230,gennorm,3.199610563904242,0.07537036672316429,0.9186339215054811,2.5720734322439434,0.1364743629610063,0.8130019907077707
Hubei Province,231,gennorm,2.5322764952286083,0.04182797944608043,0.8373636785668632,3.296586816135612,0.16622615480216518,0.9339415452054993
Hubei Province,232,gennorm,2.777674693934853,0.09449504402643771,0.9122893322172492,2.8115196657788077,0.13468808822136727,0.9392645296834011
Hubei Province,233,gennorm,2.9392951274528882,0.03913720752567174,0.889488945420192,3.4118203791807478,0.16637533304447116,0.9425926810042835
Hubei Province,234,gennorm,1.8968922404478352,0.05701462137636884,0.7899875616156542,2.7279081099548788,0.13730451312139708,0.9072821325233082
Hubei Province,235,gennorm,2.66243674063778,0.027944920826753355,0.9238764015614692,3.429403617030245,0.17502336914305533,0.9267630200471269
Hubei Province,236,gennorm,2.4310836026266305,0.03696748790678722,0.880850603074247,2.796659071407684,0.12636911325998978,0.8831509833078306
Hubei Province,237,gennorm,2.2798036912951574,0.0013918046527369248,0.8177291659556689,3.111496759291417,0.14769892717825134,0.9285379123785347
Hubei Province,238,gennorm,2.291131758614206,0.07908654625043374,0.8097421868939573,3.045243131853675,0.13161439003839648,0.9262223640113156
Hubei Province,239,gennorm,2.7700165159670815,0.06383747695446114,0.8486432695586241,3.181348930960066,0.09953287340287184,0.9043392332089945
Hubei Province,240,gennorm,2.24090115533658,0.04780710123570671,0.8350217106030055,2.708603795021275,0.11501963183445409,0.869909489267063
Hubei Province,241,gennorm,2.443702450948556,0.01694544114126628,0.8140965874089172,2.3257097240999394,0.16488808363246493,0.8235199447811883
Hubei Province,242,gennorm,2.2557790032056286,0.021154136741681095,0.8481178429558824,2.4161180239357996,0.10716954165217522,0.8106462162718149
Hubei Province,243,gennorm,2.3536182490836683,0.0457987456178339,0.802239008160494,2.493600943151179,0.12344007040032215,0.8274733638778445
Hubei Province,244,gennorm,2.0501742357966646,0.04184227641970813,0.7935609512882251,2.7656191331272333,0.152079054644022,0.8828051760314173
Hubei Province,245,gennorm,2.2591347995011053,0.01216919650155822,0.7952029597195228,3.0884673361464703,0.15560286862785516,0.9267412725524841
Hubei Province,246,gennorm,2.5847693496469204,0.022026050199422983,0.8323180786632645,2.701907009184983,0.13600060169097547,0.9094866582295493
Hubei Province,247,gennorm,2.48184693975242,0.05540011797502464,0.8753191752165455,3.1428360359963383,0.13938393205398103,0.9542125231381986
Hubei Province,248,gennorm,2.112516981912288,0.035855825333188804,0.7956339456213196,2.665072449678356,0.06911877074363293,0.8429224123538186
Hubei Province,249,gennorm,2.0780738257412112,0.03693498688185885,0.7812309421424639,3.371272304239296,0.13968153486794926,0.918116486888433
Hubei Province,250,gennorm,2.316847271442325,0.029941302981587824,0.8388894278485792,3.019539319162992,0.12233011477333844,0.9137101455627409
Hubei Province,251,gennorm,2.5505847574127816,0.022858198295172955,0.8451808782036325,2.882570536307392,0.16438453702496816,0.8719722321988412
Hubei Province,252,gennorm,2.4640162279651543,0.02071497814113677,0.8306122264396576,2.4894703107870204,0.1269178330053073,0.8401209591021865
Hubei Province,253,gennorm,2.9890108250839633,0.0029816144669173273,0.9437861388130075,2.696877276018305,0.13282292872148616,0.8444521295275462
Hubei Province,254,gennorm,2.655686221438145,0.03917079520279729,0.836351163642562,2.9121313835064546,0.136366791609163,0.9083683001550185
Hubei Province,255,gennorm,2.713115823041308,0.05184385884352496,0.8737824543848067,2.565215828386223,0.16654816805540051,0.8736302082690186
Hubei Province,256,gennorm,2.376111677970494,0.050140474626872863,0.8178691224176712,2.695578551003788,0.13993354459436244,0.8777748955453735
Hubei Province,257,gennorm,2.697324776468802,0.03534990491403284,0.8776600286429541,3.0313708409321314,0.14793738383812138,0.9223388499086793
Hubei Province,258,gennorm,3.105175796181557,0.008056540645220444,0.9016035283223345,2.9556495280888555,0.1639903319709809,0.8736912097291838
Hubei Province,259,gennorm,2.431916560554753,0.06932893202383347,0.805168367821159,2.712829802917671,0.11961258564886768,0.8570810537692404
Hubei Province,260,gennorm,2.626504600511688,0.06594307397715762,0.8874829807901046,2.6919721884130676,0.15457587572924225,0.8846006178774455
Hubei Province,261,gennorm,2.5527077426313918,0.02862323709925957,0.8298788570965865,3.252108501515888,0.0891914805814181,0.9141089371508024
Hubei Province,262,gennorm,2.453305735119976,0.05249519648703577,0.8691960554345866,3.453538489957845,0.17855477837708073,0.9184340128315883
Hubei Province,263,gennorm,2.7373654380183483,0.035271465612440996,0.9079533715999273,2.979483047361357,0.13617163941192933,0.7940792158974647
Hubei Province,264,gennorm,2.5318394852236112,0.04016448356416581,0.8058958226514172,3.547016693511571,0.1541598517698638,0.920648744636658
Hubei Province,265,gennorm,2.540213732275529,0.03842248334092109,0.8575824683074218,3.0549949608312614,0.15306116191849295,0.9108427828593552
Hubei Province,266,gennorm,2.371909548963961,0.03083328758068693,0.887840084300362,2.7756491913662344,0.11384101839629784,0.8560633961645012
Hubei Province,267,gennorm,2.4800371991167562,0.057215778577815235,0.8469932934069522,3.0326805460374127,0.15938980969932098,0.8658227009715351
Hubei Province,268,gennorm,2.1618328068845267,0.06867710700046536,0.7853961894000445,2.574741476474257,0.12981156014707412,0.8369634702762856
Hubei Province,269,gennorm,2.3345396620145653,0.03532051977065652,0.8261959073795055,2.4052131656825395,0.16723930189794173,0.8431500944552018
Hubei Province,270,gennorm,2.2892703318050813,0.016441041181036356,0.8290154937768133,3.330079366259101,0.14691869956637676,0.9388914928701315
Hubei Province,271,gennorm,2.573994648205395,0.031008212034111297,0.8816611272878168,2.3551933239031113,0.1044230854545351,0.8592799422904847
Hubei Province,272,gennorm,2.3531361767027166,0.05443842054406084,0.8304847156719568,2.863990922793736,0.12952716037506729,0.9346226607022197
Hubei Province,273,gennorm,2.26886279194485,0.00792317122977253,0.7850458869753203,2.5881058707816393,0.1577088491064127,0.8692567056083427
Hubei Province,274,gennorm,2.9042294794152035,0.020514832479774814,0.9044751038075483,3.9460423390338026,0.13418953382268567,0.9659337266577452
Hubei Province,275,gennorm,2.3644325677348226,0.07339144004215137,0.8744726188652323,2.742730493314669,0.16276704704145623,0.8734126998221039
Hubei Province,276,gennorm,2.76098583911536,0.04847887792726974,0.8669957655068963,2.996180913255719,0.17410375558726554,0.8776809961060346
Hubei Province,277,gennorm,2.7719861931414167,0.05677545015498298,0.8477786577436457,2.937010967398513,0.11731938399927822,0.9247136845749444
Hubei Province,278,gennorm,2.373474392885124,0.007837253809449711,0.8328076046092967,2.50625460081699,0.14553498140456234,0.8543523549284384
Hubei Province,279,gennorm,2.2120937008964825,0.0511767688678947,0.763539464844469,2.3519669246499504,0.05842668716279772,0.8057943668571169
Hubei Province,280,gennorm,3.205424820639772,-0.0027125318351413023,0.9418429797940734,2.9335922930120075,0.15332279550332623,0.8784969301000387
Hubei Province,281,gennorm,2.1260636774994364,0.049147916649833354,0.7709640799112623,3.193849412181983,0.13481337891601652,0.9057663380537897
Hubei Province,282,gennorm,2.6845557708031365,0.09758053574514715,0.8572096377963878,3.0149625179653325,0.11430347616679191,0.893922213865868
Hubei Province,283,gennorm,2.7314791603187047,0.014767194486063066,0.9291218861988262,2.6158782973027597,0.17143841296241222,0.8486505096861473
Hubei Province,284,gennorm,2.4902274422170656,0.0009824796473933387,0.8631663526221971,3.0094761527018816,0.14913614925471247,0.9120085871488406
Hubei Province,285,gennorm,2.333621414792633,0.0377154243032376,0.8765818729242363,2.279230023188785,0.15991127992101822,0.8366888072956393
Hubei Province,286,gennorm,2.242419585067295,0.023008109178414983,0.8212934381641837,2.3534106791478164,0.17012748076167664,0.8332026074501266
Hubei Province,287,gennorm,2.4415460500799675,0.05635971081775408,0.8371010304177571,3.0623719016593776,0.16476614637241432,0.8991777618561265
Hubei Province,288,gennorm,2.5563196150766023,0.0644627477775114,0.8476395583667536,2.816070671667819,0.11265755701698162,0.8867904687159862
Hubei Province,289,gennorm,2.144468818591098,0.04259426100824248,0.7706573433298891,2.4104524793592983,0.17597446386166685,0.8427433792667809
Hubei Province,290,gennorm,2.563437881387781,0.053923702883200225,0.8842896097505845,3.0248830877679653,0.1460314742889982,0.9057007223538645
Hubei Province,291,gennorm,2.2424336768231585,-0.011218696593041033,0.8132348337064944,2.9810668131018563,0.12696041454182794,0.8599486433846437
Hubei Province,292,gennorm,3.2156091703392384,0.05561383478280871,0.9266108440335912,3.215445392939986,0.16476680802371482,0.9109370589705131
Hubei Province,293,gennorm,2.6143030294838976,0.03231226214736572,0.8142306318771015,2.749646751597953,0.09747590325521366,0.9007387501845308
Hubei Province,294,gennorm,2.315651853419207,0.05646957933206401,0.8223316708346293,2.472567454550896,0.11114251642453987,0.8502499586710098
Hubei Province,295,gennorm,2.4983916116787785,0.029873788868732286,0.9147377991439227,2.760748454273195,0.12771326674575018,0.8722960237302904
Hubei Province,296,gennorm,2.609948825989852,0.06166497978434217,0.841299640289969,2.6892533142605686,0.10377408882227564,0.8851240638751597
Hubei Province,297,gennorm,2.631916385902069,0.03514992464173286,0.8809193564083282,2.373516398305495,0.16620865064610735,0.8110874984952368
Hubei Province,298,gennorm,2.601408999105748,0.024110909519768076,0.861560619294748,3.2929045692015064,0.13897329356747373,0.9669731502983003
Hubei Province,299,gennorm,2.8248081840967805,0.07365037072385298,0.901941489481928,3.17000622940224,0.09749207938657446,0.9216894767413126
Hubei Province,300,gennorm,2.409761716497654,0.07661200284367449,0.832618145882062,2.7314947552616915,0.11277275639217746,0.8833867765562899
Hubei Province,301,gennorm,2.356131012378767,0.0835370556069274,0.8511323422222404,2.764186726659629,0.14183800453156664,0.8733286997476934
Hubei Province,302,gennorm,2.732231324997599,0.03991186041210938,0.8875798137714971,3.0002806242445006,0.1491363094315883,0.9073344828003103
Hubei Province,303,gennorm,2.1642866871271123,0.06215640511066553,0.8204848484300122,2.832858037893483,0.14326439349948838,0.912374476944966
Hubei Province,304,gennorm,2.4720020163970577,0.04796686915791383,0.8913902510328839,2.4295926362955567,0.16279661529315287,0.8037598346550544
Hubei Province,305,gennorm,2.2577258284021937,0.030962858534278152,0.8600011655461299,2.7276880206034977,0.13034792816066784,0.8797225980950452
Hubei Province,306,gennorm,2.5301461343917264,0.054286694179488656,0.8485286297749135,2.4365091580900153,0.1731974036911909,0.8280156496720079
Hubei Province,307,gennorm,2.54388009251996,0.03634472649238896,0.8257037650228978,2.5794688648774144,0.16304825202632778,0.8279691776180859
Hubei Province,308,gennorm,2.3236290717360966,0.013516274879672963,0.7770812439119881,2.423087692313657,0.14009273610003986,0.8375252729789935
Hubei Province,309,gennorm,2.312542744011055,0.03743350257948033,0.8445231270167581,2.6316855860274275,0.11006891324659276,0.8778387507487755
Hubei Province,310,gennorm,3.143432577687717,0.031623587695505745,0.8784373162206811,2.9301219248664667,0.12448109104275909,0.8992779993628927
Hubei Province,311,gennorm,2.59363221970555,0.017907761527891655,0.8847961289551096,2.5250616502305023,0.11186651586298471,0.8453532606962415
Hubei Province,312,gennorm,2.4793912884166103,0.025576479816122107,0.8610675862122017,2.654574897368062,0.14040124543574756,0.8570292442501126
Hubei Province,313,gennorm,2.187590590934934,0.07029606918401929,0.8091756548564399,3.084979110030094,0.15080311990471884,0.9261061892336706
Hubei Province,314,gennorm,2.6713209555769097,0.028187220982059495,0.8565498382341592,2.7832889069588056,0.1215413868996971,0.8990066252823345
Hubei Province,315,gennorm,2.1263001763481704,-0.0037168121561258734,0.7636124407749818,2.318506944987638,0.1307654174975066,0.8240424015206347
Hubei Province,316,gennorm,2.5033045369660196,0.05573198057727406,0.8453575853368875,2.032853877540107,0.13314107022721772,0.8017631819143353
Hubei Province,317,gennorm,2.7196793922335463,0.042235463701560116,0.8843042133972152,3.372173220451388,0.12624144539855314,0.9253822935713345
Hubei Province,318,gennorm,2.4555957073040133,0.06178445667365545,0.8573944097626021,2.5017393443615346,0.1244505913939103,0.8394892227837882
Hubei Province,319,gennorm,2.577100323158688,0.029599865848739082,0.8156519535104849,2.27597990169573,0.15188536275327386,0.8004775877063528
Hubei Province,320,gennorm,3.1206266401267477,0.011118863642776883,0.9389237171217533,2.7890684107632326,0.14633598569517448,0.8836511165228566
Hubei Province,321,gennorm,2.823172389910262,0.03348247981444773,0.9171704688830942,2.963863210913159,0.11291272154211299,0.909928378693454
Hubei Province,322,gennorm,2.359152089947051,0.019052469334500787,0.8594028736421462,2.827725073159538,0.15058809674439783,0.9079764447335219
Hubei Province,323,gennorm,2.1319338558515883,0.04021729561608156,0.8040818740450054,3.2561411319351663,0.14228125217550594,0.8708791687292547
Hubei Province,324,gennorm,3.108354100231981,0.014890929370628685,0.9247355809008313,3.05404492551423,0.14987904578308792,0.9003473748314501
Hubei Province,325,gennorm,2.346629855238982,0.06157696139259715,0.8372461579487882,2.75135332222985,0.1749144051264846,0.9073320021985598
Hubei Province,326,gennorm,2.833385316454499,0.024403178889616524,0.9252353838114956,3.1492094384436546,0.17229441904812,0.9046485042447499
Hubei Province,327,gennorm,2.083399747176373,0.033969200513299956,0.7993964152869284,2.8132107328498552,0.12814053470260395,0.9131930777604049
Hubei Province,328,gennorm,3.0105192620880095,0.05713895834198171,0.9023712106409929,2.557166789961143,0.1211392586283931,0.8168691997680698
Hubei Province,329,gennorm,2.5463361897022487,-0.023093227179300152,0.87174121916673,3.1283048759884107,0.13469766321387025,0.8766179705340553
Hubei Province,330,gennorm,2.949491591907017,0.04233960245892662,0.888118140228411,3.7711818705375797,0.11638683621443571,0.9249863806342582
Hubei Province,331,gennorm,2.8964465520314073,0.03503025116193291,0.867419433014984,3.1051158480262915,0.16150302110545056,0.877693194533373
Hubei Province,332,gennorm,3.05590185574192,0.022062177919751878,0.9318642622281219,3.566420325366359,0.16206410325283963,0.9401062473892703
Hubei Province,333,gennorm,2.692666567715655,0.06373214355666335,0.9362347346030329,2.606462127376642,0.15700186669218757,0.8518565453827662
Hubei Province,334,gennorm,2.1098602518167615,0.03011069017095535,0.7622341389672722,2.6247393703068687,0.14032238042805584,0.8708049684146622
Hubei Province,335,gennorm,2.4599467515498614,0.027101423220089026,0.8723963521465634,2.7233201375386615,0.1479622759231053,0.8921780506524075
Hubei Province,336,gennorm,1.751289086185784,0.022757569204748952,0.7198833459872476,2.9696647922025,0.1677999842516889,0.8882618968804827
Hubei Province,337,gennorm,2.015823349058597,0.03492005287825268,0.7381277786490106,3.2112119081042776,0.1156301506218552,0.9105169494483063
Hubei Province,338,gennorm,2.185853697042528,0.027914508016406513,0.8360565360008665,2.6627456044265347,0.12930132501240027,0.8560673511384685
Hubei Province,339,gennorm,2.4369973625812094,0.043594946493023576,0.8641195457343557,3.5606228885781137,0.13397863664222298,0.9613824341904711
Hubei Province,340,gennorm,2.320537342784492,0.0077906611197798474,0.8289758223367509,2.8296492966447238,0.1738540006824495,0.8979652044850609
Hubei Province,341,gennorm,2.5704423780215313,0.014897077095063839,0.8822932893179006,3.3135614917430134,0.11537150199802768,0.9241058304404282
Hubei Province,342,gennorm,2.613832229307712,0.060586829286677774,0.8463381232875435,2.6916453030859016,0.07328897694337647,0.82959437304193
Hubei Province,343,gennorm,2.5151175923560087,-0.0320111101009952,0.8614191020138724,2.807832679582358,0.15911123396916665,0.8707550434525835
Hubei Province,344,gennorm,2.675591446802043,0.0631885986455478,0.8794034871098165,2.9262639501720478,0.12297803353828488,0.8958608618272319
Hubei Province,345,gennorm,2.552284180406078,0.08375079449072667,0.8746383146530253,3.163189622578728,0.15488798251038288,0.8806137245491614
Hubei Province,346,gennorm,2.664287099987418,0.05124143184838492,0.8985944542836074,3.0921200682520418,0.15581737161139997,0.894368640287335
Hubei Province,347,gennorm,2.9031712853960143,0.060345763809509054,0.8686451287520343,3.1071373958460162,0.13477198004489083,0.8837997761480128
Hubei Province,348,gennorm,3.0402454299538424,0.012970404643283175,0.8975462022787395,2.714707369919286,0.13357006628792395,0.8735984451213452
Hubei Province,349,gennorm,2.669337588063373,-0.0004358962057785709,0.908328386174922,3.0513141350502107,0.15718745669919332,0.8806037601485073
Hubei Province,350,gennorm,2.49109340324135,0.06772791649445006,0.8612679871788531,3.145674199644679,0.13787761185887032,0.9093934688908001
Hubei Province,351,gennorm,2.306965113439859,0.06889243094997205,0.8377171858161114,2.3745888134635775,0.15957324551334695,0.7892888256696577
Hubei Province,352,gennorm,2.7518057218565057,0.043745155151788936,0.8376501145518811,2.8354444784990234,0.14244566438151626,0.855842810798725
Hubei Province,353,gennorm,2.1720310398028575,0.05186521277205153,0.8462166383509244,3.128136901238528,0.17817969566759978,0.9592829829796335
Hubei Province,354,gennorm,2.0767111554924593,0.019728821426214377,0.7834847781217592,3.0647650845904346,0.14542818667889412,0.9055207197328574
Hubei Province,355,gennorm,2.4020212398706047,-0.00214576152195338,0.8503280019022041,2.411521938220784,0.1213650152936327,0.8250416095661539
Hubei Province,356,gennorm,2.3835660367674745,0.04396512290955343,0.8695093207050799,2.5392021301202297,0.14200949081777642,0.8792216367893733
Hubei Province,357,gennorm,2.421703249297784,0.031125899362588177,0.8302629621506232,2.641232223163963,0.1409543020619719,0.8385055400778784
Hubei Province,358,gennorm,2.201670931638861,0.05141023112317678,0.8278812826530837,2.4488936131446266,0.14511009857765567,0.831989597110711
Hubei Province,359,gennorm,2.308670876112103,0.03032528741740452,0.8689434534691698,2.5919704968602524,0.15197574469102398,0.869909779556698
Hubei Province,360,gennorm,2.3818861646770593,-0.016895818660264406,0.806298028234582,2.6744806833411303,0.15870062283838407,0.8885024022736827
Hubei Province,361,gennorm,2.689362661927749,0.04955527160385545,0.9003291157103425,2.595819237272967,0.10071579670458508,0.8312059146010722
Hubei Province,362,gennorm,2.1564400448563408,0.01514346839260327,0.7996077205222847,2.7128239623859667,0.13339614560900465,0.8657968755701178
Hubei Province,363,gennorm,1.9114819562181276,0.08514551914448473,0.7549336859608593,3.055740226502585,0.1429672545990271,0.8670894387733957
Hubei Province,364,gennorm,2.714801024052475,-0.02087646707888704,0.8661167478212607,2.680356549228903,0.12114977582349634,0.8874152391344166
Hubei Province,365,gennorm,2.5740699534582983,0.018483624585204788,0.8390332732166059,3.004257400621352,0.09805140250254053,0.9336340950632307
Hubei Province,366,gennorm,2.4511451932245496,-0.005710965152990675,0.8423526752059789,2.5699542159529294,0.12958673528415612,0.852356265257342
Hubei Province,367,gennorm,2.3214427940149314,0.051926358919537854,0.7979312765799681,2.197657745787705,0.16128334715370052,0.7950971639590645
Hubei Province,368,gennorm,2.702160060649488,0.020194136129406112,0.9154421177627711,2.5566478966630743,0.16880027844679482,0.862188280760114
Hubei Province,369,gennorm,2.3404306888546844,0.03045934042007302,0.8152218502697461,3.092040239021206,0.15666654865758914,0.8742239861018966
Hubei Province,370,gennorm,2.122115197961213,0.009039862699906906,0.781372461103285,3.1008541895215807,0.12636244463987018,0.9255986331848394
Hubei Province,371,gennorm,2.535160311462986,0.047231024561484196,0.8257873155772146,2.515995119714602,0.1295507393951506,0.8759167947483325
Hubei Province,372,gennorm,2.3908841084519783,0.08090957759200426,0.8288252772488749,2.5710752688878076,0.11630384072334302,0.8231030057509761
Hubei Province,373,gennorm,2.4507721341402293,0.048318218481076716,0.8497405383111053,3.1922180902369357,0.11716920125924322,0.9152202877621276
Hubei Province,374,gennorm,2.405897613167534,0.02752791687587091,0.8354034000422619,2.84652269557398,0.11034901371372391,0.9017860677028511
Hubei Province,375,gennorm,2.7321066249443318,-0.008113801662864076,0.9000330266522654,2.856604707656424,0.12412902616722613,0.8517929452028488
Hubei Province,376,gennorm,2.6771609344000464,-0.005399292737502302,0.8706964887658064,3.2380781672749865,0.09859688559803692,0.958058553282356
Hubei Province,377,gennorm,1.9582029672797283,-0.005886578331265996,0.7964004005491532,2.6006186694461197,0.14878641104885273,0.8437918277937828
Hubei Province,378,gennorm,2.158961941719362,0.03666667840940373,0.8398250561228726,2.640269549781036,0.14828302291806117,0.8855050744641814
Hubei Province,379,gennorm,2.753511579783008,0.01822930688154363,0.8800805750182948,2.4930869737233663,0.1436363604118216,0.849770627432858
Hubei Province,380,gennorm,2.337472426147147,0.09400912399780617,0.8314132774929426,2.878659978366291,0.16436631713419483,0.890111191104141
Hubei Province,381,gennorm,2.342988069556789,0.01829845010904768,0.8331251532836528,2.6597132659798586,0.11720993738036688,0.832375986265101
Hubei Province,382,gennorm,2.082309687772372,0.07976539223097139,0.7721090358943179,2.2999193971786407,0.12322380676798957,0.8122138818458592
Hubei Province,383,gennorm,2.432954888864608,0.013572409054488432,0.8581581966050797,2.826491633261466,0.10854825362785803,0.8658678217783757
Hubei Province,384,gennorm,1.8709066650614066,0.04146382186106811,0.7486893968433398,3.11114131071349,0.13603843305408814,0.9046341289477295
Hubei Province,385,gennorm,2.7454637463435203,0.015529176417579307,0.8773227514877208,2.5874613626284555,0.1635403048377111,0.8646969679372598
Hubei Province,386,gennorm,2.366033609805173,0.030188755379081396,0.7979927885478861,2.558425373783361,0.1492137609428532,0.8148034108189464
Hubei Province,387,gennorm,2.772071221283449,-0.0034095882737292995,0.9024357251613376,2.6352371983353304,0.12785883996022923,0.9014509795793573
Hubei Province,388,gennorm,2.465044599825834,-0.001176379705706879,0.8647281771014491,3.5312467136719565,0.16042346460497037,0.9141699159364187
Hubei Province,389,gennorm,2.7266740479669034,0.06568270199736162,0.8912551046528754,2.7353035829345225,0.1264407547226074,0.8751910304966865
Hubei Province,390,gennorm,2.305940027938558,-0.024130021322962467,0.828124857659917,3.1235498225640566,0.14679106428635047,0.9150154878165375
Hubei Province,391,gennorm,2.7050695067978383,0.02291295775050913,0.8906896820898553,2.817154486676846,0.11901756593498511,0.8477540218684627
Hubei Province,392,gennorm,2.683920567540203,0.03341893062210522,0.8938813915214223,3.343966159226156,0.1645284941097515,0.948162420735171
Hubei Province,393,gennorm,2.6932072316168574,0.04124892512488591,0.9094755844359728,3.1591618199398095,0.1223082328165968,0.9192031716075229
Hubei Province,394,gennorm,2.7683928026713747,0.04993416545362982,0.8715268581730587,2.5761248778863006,0.16839562678240377,0.8753734692898096
Hubei Province,395,gennorm,2.0964738801091976,0.0478812593086825,0.7873927165036645,2.5144811495786015,0.1449940723979461,0.8177325251056042
Hubei Province,396,gennorm,2.650453834814501,-0.01121442756936708,0.8511549956264458,2.4761807910382196,0.10771199575791193,0.8491532296880899
Hubei Province,397,gennorm,2.3978990068693036,0.05136259801340985,0.8423806164126182,2.6103792156629257,0.14520354318505688,0.8178308827982081
Hubei Province,398,gennorm,2.332549025072722,0.020091072107853547,0.8569565909288661,2.908884338828592,0.1540540763225211,0.9091484054011505
Hubei Province,399,gennorm,2.5418202820525115,0.0204762216287309,0.8594902407330824,3.0218643292347553,0.15248964759846284,0.8980613250165893
Hubei Province,400,gennorm,3.093164245355191,0.09395282993224616,0.9343900542370248,2.667867724643865,0.15519986098814642,0.8785959602543806
Hubei Province,401,gennorm,2.392454833445136,0.014282258274087,0.8455688685286786,3.00454928325298,0.13760232813778833,0.8768211655615717
Hubei Province,402,gennorm,2.2787320262842297,0.030184815991615987,0.8420577809277567,2.786263541759041,0.09747038927637361,0.8871545096150422
Hubei Province,403,gennorm,2.42320071387961,0.037450211126416555,0.8736930085595214,3.3667723976027295,0.09302065761665981,0.91526276470496
Hubei Province,404,gennorm,2.516256457184244,0.012228726667868055,0.8216390734977672,2.8124787258601356,0.1272177406930055,0.8805283481240465
Hubei Province,405,gennorm,2.2569462664469886,0.07061433258461686,0.8198185058285834,3.0740521441871245,0.12665723399299672,0.9184496883790534
Hubei Province,406,gennorm,2.334133462770448,0.006393920361533812,0.8548978430280041,2.2057456687818453,0.15309802378036153,0.8292555152027894
Hubei Province,407,gennorm,2.305586272999527,0.009866618244040164,0.8338241748525987,3.107774879693179,0.10022193279156355,0.8943622128751991
Hubei Province,408,gennorm,2.788199607388153,0.027512541651386307,0.8974271436394936,2.5312873138229897,0.13372145822418446,0.8669499381717609
Hubei Province,409,gennorm,2.5852509714896805,0.04525437979605302,0.9107305841862259,2.7291261726311444,0.1397674017788995,0.8581798012411305
Hubei Province,410,gennorm,2.5970676161118265,0.017772944262864902,0.8896572122793203,2.455215175330194,0.18542063567803008,0.8390882130931364
Hubei Province,411,gennorm,2.3554294121605013,0.01864854392250511,0.7969652941083276,2.149363928506064,0.10879200731907418,0.7550997457508968
Hubei Province,412,gennorm,2.492529262415273,0.03295759365056716,0.84805210251784,2.634317894973961,0.09035986805707216,0.8711284562442877
Hubei Province,413,gennorm,2.2339555505160096,0.07755647611722491,0.8001431353736896,3.3072614524914092,0.14375643390786702,0.9613936775136016
Hubei Province,414,gennorm,2.5666648822038853,0.034748514090456775,0.861594756511809,2.6244367544992935,0.15221709672779854,0.8411732268814474
Hubei Province,415,gennorm,2.4654522910902665,0.022301819875996352,0.849538370647495,2.4313839209445454,0.15606048848196039,0.7961275815308692
Hubei Province,416,gennorm,1.9439668871169604,0.0354357254318967,0.7922775438149813,3.3701550907122315,0.14376778375716526,0.9071059078792729
Hubei Province,417,gennorm,2.7611238872471593,0.05768228368187871,0.8544150557492967,2.8654745296241297,0.13104925837728076,0.8839949728866803
Hubei Province,418,gennorm,2.6402573531218243,0.05016624361476252,0.9338956662777989,2.681362211357273,0.10412583116575222,0.8735116566868955
Hubei Province,419,gennorm,2.3680116187312676,0.024919460028673023,0.8299257849501828,2.6977296757556406,0.14219461638618058,0.8383170011220457
Hubei Province,420,gennorm,3.10652199808373,0.02970247094204556,0.9490852246278831,2.64148011861786,0.18023105015034194,0.8744066993746322
Hubei Province,421,gennorm,2.9176523511349215,0.06579172411623926,0.9236240128156459,2.7058159061997653,0.07659124679689508,0.8906701599052664
Hubei Province,422,gennorm,2.412306220565762,0.05051648525513797,0.8449703161812967,2.9426806418186993,0.1340816731067702,0.8956380429258886
Hubei Province,423,gennorm,2.2171180107609105,0.050544014677776264,0.7985105304587481,3.2121584511323054,0.1509478583308213,0.9174155751930833
Hubei Province,424,gennorm,2.752158556110574,-0.003738902520118252,0.8934044017221592,2.4244081098653636,0.17145132451233924,0.8059774578752545
Hubei Province,425,gennorm,2.486959846079559,0.0631214660312919,0.8514059994870504,2.931419159566092,0.11952020729036528,0.9215380804601659
Hubei Province,426,gennorm,2.2711507121471453,0.03134505950857229,0.8396126978495518,2.8216673656800926,0.15857680076431874,0.8595420977194416
Hubei Province,427,gennorm,2.8114659028026514,0.03287202058500416,0.8688764705129584,2.378354273189623,0.17766883638414713,0.8727869177313967
Hubei Province,428,gennorm,2.6088746906344085,0.03418359841092382,0.8455748412745445,2.626155863242632,0.10652644260832966,0.9005070059273013
Hubei Province,429,gennorm,2.7236093200403664,0.06606738259836523,0.8456803208129156,2.7073657203000576,0.0829980674929342,0.9006327182859998
Hubei Province,430,gennorm,2.247697719012194,0.026646783730890286,0.8747932702499197,2.6170794010260154,0.14404635514066289,0.8406393904032965
Hubei Province,431,gennorm,2.5878069883098664,0.03752411825855654,0.8793777993066281,2.62794556786551,0.19225068267263556,0.8637628120218988
Hubei Province,432,gennorm,2.269353390239763,0.06703765037334122,0.8501820638871173,2.56053594919548,0.16489997002567663,0.88826763646257
Hubei Province,433,gennorm,2.575163893750285,0.038168676311421824,0.8560621826714531,2.811284203117588,0.09950267132869657,0.9043187799874166
Hubei Province,434,gennorm,2.2995487429545904,0.03124647923907025,0.7942106809784162,3.29405673363355,0.117225326007767,0.9501174656666693
Hubei Province,435,gennorm,2.377326577780133,0.030593398735064573,0.8453430193103479,2.740235940499173,0.1624782553172976,0.8650005750819423
Hubei Province,436,gennorm,2.675590819433931,0.054164382414981574,0.8999258523629992,2.7860324417910283,0.1936799318377999,0.887093487288109
Hubei Province,437,gennorm,2.628055457411765,0.09537537910123275,0.8461437583751079,2.7582971010963098,0.13433181124735238,0.8839878202571397
Hubei Province,438,gennorm,2.5786585972072626,0.002322252526746289,0.8749135192210848,2.691715919585622,0.13861054011135565,0.8352149900944221
Hubei Province,439,gennorm,3.885275049160583,0.03961500232304074,0.9952133731210504,2.5613939515276316,0.12451858584032183,0.8680445891825678
Hubei Province,440,gennorm,2.7375653141629,-0.00016995224902583393,0.880245161060106,3.067797038130404,0.16529917770321947,0.8573339365419719
Hubei Province,441,gennorm,3.029685471351894,0.04318838718571928,0.9276356295190942,2.6599117915241357,0.17350283909162767,0.8521508144151622
Hubei Province,442,gennorm,2.6248142952095037,0.041008688191165044,0.8671189017717029,2.777792332245399,0.09474134574150295,0.8967649145956949
Hubei Province,443,gennorm,2.532205607428098,0.05042953467613312,0.8693072831379195,3.326950191802458,0.144148288082453,0.9403874757362605
Hubei Province,444,gennorm,2.604353149807016,-0.014690282383856144,0.8805630667456492,3.1379591476058817,0.12001628325231069,0.883619556659561
Hubei Province,445,gennorm,1.9740035541593726,0.04222646191098588,0.7729515376789213,2.992542336945471,0.13461988202568148,0.8923760384844095
Hubei Province,446,gennorm,2.655480631333043,0.1083454015766667,0.8450060215209864,2.7089594042235285,0.1282355202934768,0.9039524328371698
Hubei Province,447,gennorm,2.6466922277514797,0.0075635875333,0.8909821504683964,3.0733592964383343,0.1519609055557471,0.9217539460036974
Hubei Province,448,gennorm,2.2853150351946376,0.01855131839364925,0.8365204686374164,2.3658643102933237,0.13200506483825541,0.8172216381389177
Hubei Province,449,gennorm,2.374461922426589,0.043666930497393466,0.8583651741002642,2.7011230743900603,0.18845071670502006,0.8573768977799264
Hubei Province,450,gennorm,2.164912583304334,0.0404838976327527,0.7994610850206256,3.182161995757651,0.1355300328442108,0.912326177498119
Hubei Province,451,gennorm,2.374080570208434,0.004128513815253861,0.8577592435965583,2.6176413891060832,0.13947522635921022,0.8672698968974268
Hubei Province,452,gennorm,2.330124236172557,0.010005840237769433,0.8528792501693325,3.1490713553964147,0.13834615787275018,0.8787176238305233
Hubei Province,453,gennorm,2.5161433121509478,0.044533959292758545,0.9233428810792706,2.874762399522388,0.12292329495877224,0.8772739794402462
Hubei Province,454,gennorm,2.6485472021917107,-0.0019167432355385314,0.913289877314352,2.5519604958259605,0.14098393710784574,0.8714807001935422
Hubei Province,455,gennorm,2.487666338400325,0.0466452984311357,0.8436397621455427,3.1061928142156785,0.12329524081925852,0.9042579265486821
Hubei Province,456,gennorm,2.0238012822692397,0.05525324066439823,0.8197896837097921,2.7884431358430284,0.1209003932476024,0.881651809822287
Hubei Province,457,gennorm,2.24009429987935,-0.005615394039717668,0.8066748116030824,2.7798496830426,0.11962829037845275,0.8486857156062393
Hubei Province,458,gennorm,2.577531013050021,0.00752968874654464,0.8652977867391238,3.0101687242574737,0.119140220324754,0.8845165727773785
Hubei Province,459,gennorm,2.471610993908942,0.03824271866211701,0.8779444310776966,3.0464710825029835,0.15515515812050498,0.9084566291585139
Hubei Province,460,gennorm,2.364428021629598,0.04554944475207104,0.8079285325291543,2.6910396709466387,0.12284829016825444,0.8955383906026921
Hubei Province,461,gennorm,2.4423276800401426,0.05493465919098427,0.8274548292067743,2.7420207258437417,0.13400021449260086,0.8570121067275471
Hubei Province,462,gennorm,2.554507186991115,0.02314120958951734,0.8687182699279663,2.787457032998955,0.1266109670456152,0.8585662429239449
Hubei Province,463,gennorm,2.635915039504215,0.08803706023331793,0.8459619296883137,2.872919285564204,0.12879723783941022,0.9105467583445157
Hubei Province,464,gennorm,2.312756856903761,0.030431716274963633,0.8682210669115678,3.046904807587233,0.11339718335199435,0.9288874618630804
Hubei Province,465,gennorm,2.232348517861111,0.011224844894767137,0.8402361838125039,2.5724054701543535,0.1341620943185099,0.83652606512277
Hubei Province,466,gennorm,2.449298916972161,0.025893442435590594,0.8638438366037826,2.649588408875788,0.1676155706952236,0.8843169499697889
Hubei Province,467,gennorm,2.1243465789349276,0.047523749262397275,0.7718815764717425,2.430568722509795,0.11740617614739836,0.8665787868368207
Hubei Province,468,gennorm,2.5431943372439205,0.02928710391321615,0.8270063159290093,2.6243477122572747,0.16816073945283116,0.8523252906789994
Hubei Province,469,gennorm,2.312626779224508,0.0169605455291838,0.8617947310039273,2.6857382347480634,0.11637959350150981,0.8544388288851041
Hubei Province,470,gennorm,2.0689251149786205,0.036153796376049534,0.8016131518794221,2.52527901183581,0.11390969577344226,0.8478934670072924
Hubei Province,471,gennorm,2.4013755938362067,0.027026257238041078,0.8360783263027172,2.317225614571895,0.16721284838869582,0.814690863077147
Hubei Province,472,gennorm,2.447040994251221,0.02513271269387294,0.8676714444965927,2.157843124188818,0.162771148191521,0.7869851447774423
Hubei Province,473,gennorm,2.0755018485329826,0.02248131548367466,0.8250353923154785,2.407789529211061,0.15533726134344267,0.8380646598532915
Hubei Province,474,gennorm,2.4868014982400126,-0.004140243697686863,0.8702847850350295,2.554155647411566,0.16740719938889623,0.8442914192026838
Hubei Province,475,gennorm,2.209324066570644,0.02088448623060206,0.7897925317995085,2.4440162561734153,0.16028963772094307,0.8134592626744824
Hubei Province,476,gennorm,2.1544583690147125,0.045006762702080066,0.8252510217965041,2.681891992934313,0.11275590441486535,0.8283811021256215
Hubei Province,477,gennorm,2.291457992895136,0.026322206213606664,0.8060998108217201,2.3237106155977267,0.14645775031215535,0.854876689197735
Hubei Province,478,gennorm,2.5507231438325615,0.022341549539635755,0.8521008366521208,3.109055935627028,0.12710801395710675,0.9202623598849944
Hubei Province,479,gennorm,2.241064176831542,-0.01304466500445798,0.8824107378022925,2.678471869335907,0.13417348568850662,0.8256237066411867
Hubei Province,480,gennorm,2.5107297292229744,0.05115709184879941,0.8639890315180565,2.9500270825784396,0.12840929907225018,0.8685248587830521
Hubei Province,481,gennorm,2.074252570821664,0.03800379381581907,0.7551392797534022,2.5791775847666916,0.12143423872577405,0.8881107393462964
Hubei Province,482,gennorm,2.6499892551152415,0.06477933153208834,0.8921964153034685,2.799160925631209,0.1360728435466611,0.8528798637677958
Hubei Province,483,gennorm,2.464385408195649,0.022300472093691757,0.8430758233431677,2.8846011286531374,0.12289187580058128,0.8531484281872175
Hubei Province,484,gennorm,2.3666161377365107,0.0875574886048893,0.8490398086679392,2.8644207653776537,0.15596745316828947,0.8858527873029125
Hubei Province,485,gennorm,2.351208631704952,0.041520604102112724,0.8392000400457765,2.951843276568801,0.095984913960001,0.8909789729837052
Hubei Province,486,gennorm,2.518175648514734,0.02923461077355572,0.8629157063551927,2.7690958026004093,0.12219548175524954,0.8710458175696729
Hubei Province,487,gennorm,2.0773184950773187,0.007803408153520645,0.7719796284711182,2.4381394965660403,0.1539159346170116,0.8633218837412799
Hubei Province,488,gennorm,2.2825490835324542,0.06857197464244008,0.8612497286693375,2.895128528050736,0.11717243068264421,0.8821473743010633
Hubei Province,489,gennorm,2.5059153514355175,0.018741518201034812,0.9107781428348256,2.902194016497219,0.13415117564164517,0.8660724620788445
Hubei Province,490,gennorm,3.074637672259732,0.06273305550526623,0.9273304142039809,2.8841590754777764,0.10371710575684807,0.863954676702534
Hubei Province,491,gennorm,2.3479264947007477,-0.005139081765476151,0.8667417393303918,2.509310406281071,0.15464710571783635,0.8598672118676702
Hubei Province,492,gennorm,2.4994142262942427,0.051092480291277775,0.8906448420792794,2.948801125320297,0.17417169266595936,0.9191273523480081
Hubei Province,493,gennorm,2.4225385883103163,0.03235102207744363,0.8372159452997465,2.7674316977883127,0.1669512953820254,0.8875259835249254
Hubei Province,494,gennorm,2.2490034232223723,0.02902662840501877,0.8178967367571803,2.4842238353214787,0.11496356297708413,0.8213979817959374
Hubei Province,495,gennorm,2.8143921080789345,0.04314039414167534,0.910031183453107,2.930870966364849,0.13525566334814276,0.9181557636721684
Hubei Province,496,gennorm,2.318830069527511,0.016274739956984086,0.8259114661885854,2.5892275119757597,0.08848503049994212,0.9082236110877937
Hubei Province,497,gennorm,2.4722577674363064,0.0320405859712317,0.8185941646561012,2.4802846872455255,0.08130085555160504,0.8198415870016673
Hubei Province,498,gennorm,2.1083176825154566,0.037974208488593966,0.7943747055089388,2.910738907193587,0.18525795410206924,0.8839882459916684
Hubei Province,499,gennorm,2.4884868290120963,0.06907346063223394,0.854003423211606,3.1844816634515496,0.12468981636923746,0.9275712644337075
Hubei Province,500,gennorm,2.5483935007034084,0.03767584733294553,0.8695578385999507,2.7470120944512684,0.10512355737706111,0.8502053777342614
Hubei Province,501,gennorm,2.6873784693530407,0.05547020859552791,0.8933572148405755,2.9043876795066987,0.1345709229706627,0.8656847529405585
Hubei Province,502,gennorm,2.2641673044435358,0.04697470525313824,0.8237585784232007,2.7809054764185785,0.18930298951461727,0.8869180643685106
Hubei Province,503,gennorm,2.6274529668920614,-0.010411462856414797,0.8165654359308042,2.7761108866131847,0.1204614366766209,0.872155755111639
Hubei Province,504,gennorm,2.802096659034013,0.06683155962028428,0.8931792263769684,2.1622211912483404,0.10415865070868027,0.7891273000320089
Hubei Province,505,gennorm,2.5097185610066663,0.033591785792206875,0.8433452276749247,2.4162886932920595,0.1289490500279833,0.8298053973517231
Hubei Province,506,gennorm,2.111131184807507,0.0425355808398622,0.8124062126552212,3.106967960723442,0.1537308847814457,0.9170419454768972
Hubei Province,507,gennorm,2.3688051482490677,0.03163563552368996,0.8140081917262876,3.0103963972271224,0.14159960471813038,0.8685037093385848
Hubei Province,508,gennorm,2.1866408702297555,0.03758298212699627,0.8172304127814367,2.6209981238794153,0.16123713652038713,0.8741879516101356
Hubei Province,509,gennorm,2.335416359253294,0.06080388070618775,0.8353836081782884,3.3153683789003914,0.14224885643886248,0.9313874321774194
Hubei Province,510,gennorm,2.146267854459593,0.036676569663661465,0.8207611918630735,3.209030543014108,0.16693916329813724,0.88658321535068
Hubei Province,511,gennorm,2.023782256081633,0.03613549384415596,0.7859322532149262,2.9255118360078463,0.12417240762212219,0.8896573762114024
Hubei Province,512,gennorm,2.4401470036752535,0.05505809966423683,0.814774145023951,2.7604617620074388,0.14584480232683578,0.8803425654027643
Hubei Province,513,gennorm,2.353563084288608,0.016452554852998763,0.8403915416837051,2.612036501125532,0.17006703913449403,0.8505526009847231
Hubei Province,514,gennorm,2.2554047979997778,0.057211589360795886,0.8468402790384548,2.3517563684621514,0.18300869014809573,0.8234166051369376
Hubei Province,515,gennorm,2.2725016665148803,0.0487885835875702,0.8281931539649905,2.6820818126720054,0.14771127116337218,0.8217426838171016
Hubei Province,516,gennorm,2.4566726924763094,0.04101814629014298,0.8309950816063053,3.1478758355688425,0.13185068211546858,0.8928074517732093
Hubei Province,517,gennorm,2.354091419162042,0.0665895529119861,0.8109953633550282,3.3117153897039824,0.13716423267485683,0.9055494444320008
Hubei Province,518,gennorm,2.615472145912931,0.022652395005979594,0.8261747350737234,2.614510473214823,0.10900801088872855,0.9019918992464915
Hubei Province,519,gennorm,2.951147739130114,0.052166139914535906,0.9027313030753636,2.9640742897378036,0.13457805504004056,0.8806621839220605
Hubei Province,520,gennorm,2.3995842530712093,0.030316297404301997,0.8140627865984973,2.781332955055634,0.13993884979538251,0.8543436353076468
Hubei Province,521,gennorm,2.50192957863111,0.037292249179224995,0.8708165820992009,3.508706519293851,0.16157784466646816,0.900532142813278
Hubei Province,522,gennorm,2.5962289496941438,0.03672786543480028,0.8578360952830588,2.2497883929638576,0.16308536461946857,0.7814361707239087
Hubei Province,523,gennorm,2.120129773442083,0.029765004503642598,0.800920110454799,2.483139763645535,0.14040978780613622,0.8774259164489167
Hubei Province,524,gennorm,2.644987430063269,0.046588181670159046,0.8770596141062132,3.225677465961099,0.1334097567741912,0.8911135851860232
Hubei Province,525,gennorm,2.314898068862309,0.02167618399199532,0.8436454802350921,2.9302619142187205,0.13367838354514322,0.8695263364996044
Hubei Province,526,gennorm,3.6616043698114202,0.03473579997126121,0.9918756830907225,2.850762310437622,0.1483186625205467,0.8848207374252495
Hubei Province,527,gennorm,2.315094768000621,0.005081249420273392,0.8058144554794512,3.1031303897919265,0.12066716757339083,0.9250711969788652
Hubei Province,528,gennorm,2.2278014740915766,0.05381561498456197,0.8305530096946425,2.6453056949148213,0.14686307326568948,0.8357755372689761
Hubei Province,529,gennorm,2.778727820799608,-0.018351759697888232,0.8663601855302536,2.5373375556478726,0.16314948103486845,0.8697203229271374
Hubei Province,530,gennorm,2.107320677773886,-0.02005083410698543,0.740350417928609,3.3614357519611024,0.1219167955257181,0.9249538095889569
Hubei Province,531,gennorm,2.939041178260732,0.02161707220429367,0.907380298837452,3.3292017142244985,0.08883291760099606,0.9129272596562544
Hubei Province,532,gennorm,2.201687933550627,0.06464935320753898,0.8309032877593334,2.594286068357783,0.137767351500047,0.8468136854114909
Hubei Province,533,gennorm,2.32102616940206,0.07222136629319947,0.8185958900004386,3.462857743785498,0.15303454997680638,0.9602711632954348
Hubei Province,534,gennorm,2.5943440780279627,-0.001618159271958108,0.8520999698217898,2.8046192241454353,0.1375612489617099,0.8983559522212254
Hubei Province,535,gennorm,2.865908772686271,0.06981317303338215,0.9174534091162402,3.100676917463781,0.1321660634520032,0.9031880231604588
Hubei Province,536,gennorm,2.448680821854626,0.020781297585894094,0.8967726311033426,2.741216883001705,0.13582194715080154,0.8684477184228381
Hubei Province,537,gennorm,2.8382564212413888,0.02798057961268153,0.9087142906644994,3.2392605214645602,0.1549223451133373,0.9363505249349944
Hubei Province,538,gennorm,2.674043782096154,0.08143043765713769,0.9188862696820825,2.8319832921401273,0.17636658795156118,0.8686054045665086
Hubei Province,539,gennorm,2.7034439264624144,0.02738963573568031,0.8873189354694027,2.826921571383788,0.11453692668624615,0.8237173724302422
Hubei Province,540,gennorm,2.6313953878212417,0.03659299290832553,0.8511012417005037,2.83316935218586,0.10775975741350002,0.8711833545165614
Hubei Province,541,gennorm,2.302554331571936,0.04788436206487816,0.8177806683242231,2.844068275307924,0.1603038588068512,0.8738273240107481
Hubei Province,542,gennorm,2.046591746711507,0.008614144649678664,0.7642398225155578,2.493987069901101,0.14364808624338116,0.8549945661951786
Hubei Province,543,gennorm,2.1933798604577217,0.031292569203326286,0.8359903372984788,2.702621767675579,0.12738711955292492,0.8541241448643385
Hubei Province,544,gennorm,2.4307025990760196,0.06420967377085954,0.8345829110915951,2.8645506506659064,0.13407325200118647,0.8582671255070005
Hubei Province,545,gennorm,2.190720671878714,0.03821364247569525,0.7793400440900005,3.0895763892454187,0.14650744425141035,0.8555099795924515
Hubei Province,546,gennorm,2.6552054204415922,0.03029880114797087,0.8786721169032109,2.8055579947726046,0.15741722106446276,0.8948246708920478
Hubei Province,547,gennorm,2.592901548302562,0.06315470399562409,0.8568874181197073,2.611376083540433,0.12221322367815647,0.8427919168858711
Hubei Province,548,gennorm,2.6539087522904685,-0.003120094288621893,0.933226339670001,3.162007450643967,0.1456620854430346,0.9092684746352391
Hubei Province,549,gennorm,2.8225319607355157,0.03954778432647427,0.8843164828312007,2.2220795726213955,0.1608833723442024,0.8209587829496183
Hubei Province,550,gennorm,2.687099811292935,0.011598845785680646,0.8681196353569485,2.6695767402204096,0.16077767064108128,0.811509480228354
Hubei Province,551,gennorm,2.65159049404459,0.023901486888068528,0.8681422682641358,2.9049364632919277,0.12373980498785986,0.8626621296889784
Hubei Province,552,gennorm,2.591043661069872,0.045680476012992896,0.8867258156001769,2.9509048949961567,0.15543037566765688,0.9286660888798521
Hubei Province,553,gennorm,2.8538482214913428,-9.831319106079695e-05,0.8987142323190639,2.5516516036477475,0.12275127402804781,0.8582987164481224
Hubei Province,554,gennorm,3.0938858626160735,0.04211649870607917,0.8842739469760572,3.024081056971053,0.13820956799321207,0.8831368405217122
Hubei Province,555,gennorm,2.22680419836449,0.014700654852824258,0.8067130428838314,2.8152313149915926,0.11588735015471886,0.9006297085036237
Hubei Province,556,gennorm,2.2383170202752947,0.04739559761703924,0.8650388812556273,2.5498062206238936,0.14969603300833267,0.8615509625714827
Hubei Province,557,gennorm,2.6442292208110905,0.03022381236603286,0.8868613682823827,2.4430965858730813,0.14561005165644608,0.8420576560162396
Hubei Province,558,gennorm,2.38262655641152,0.02887725673491476,0.837157253327224,2.3480907136365223,0.1572011192026137,0.8326140892399198
Hubei Province,559,gennorm,2.857266958505228,0.05916877611920404,0.8735315488634907,2.7607763089153456,0.13060459292843238,0.8693470233524307
Hubei Province,560,gennorm,2.2922432815132288,0.05372601130107682,0.8026795693116531,2.448867832284038,0.09496767812252851,0.8470397604960551
Hubei Province,561,gennorm,2.930764111854956,0.01221424111493714,0.9312717832800284,2.7639796716891736,0.1262975478958024,0.8707700730374159
Hubei Province,562,gennorm,2.2949276464373503,0.0451397780682547,0.8556830503236709,3.0199603814610665,0.1508194275974732,0.9365179561786224
Hubei Province,563,gennorm,2.214543422307214,0.06727729838215782,0.7966574137031679,2.724065495433096,0.13394380768937464,0.8352650313397244
Hubei Province,564,gennorm,2.2120964485071193,0.03317237450089311,0.8270755065457661,2.78533481041081,0.090270466724785,0.9237672425380347
Hubei Province,565,gennorm,2.418247891347505,0.06705666593984419,0.8763116371754106,2.617750894305442,0.15404199684213177,0.8654768555934491
Hubei Province,566,gennorm,1.9768051984818789,-0.007583421551120632,0.804993413232105,2.6077473150371677,0.15242772049845446,0.8326283077947725
Hubei Province,567,gennorm,2.687302537898834,0.035222170616577404,0.8445959399482635,2.3512850186025966,0.12237801334369236,0.8173308455897002
Hubei Province,568,gennorm,2.7735302315236847,0.04622057743221715,0.9100754505853836,2.5018429528876363,0.17251768445399707,0.8357709154721856
Hubei Province,569,gennorm,2.5214122530052396,0.08727999710632077,0.8577721436086079,2.5206133824929955,0.16079119590822044,0.822680406094136
Hubei Province,570,gennorm,2.5750318744176903,0.05372974945505392,0.8381688251466519,3.339635263709729,0.11693511730014876,0.9246969026084235
Hubei Province,571,gennorm,2.2436980174073273,0.042244502572314546,0.78028903473839,2.807147057111914,0.1281838658512287,0.8785838711309069
Hubei Province,572,gennorm,2.414036291509931,0.036546696175608746,0.8474499451950308,2.593651911701733,0.1291563501386045,0.8528357534559938
Hubei Province,573,gennorm,2.3642513346720877,0.05818724844527665,0.8667085198621951,3.1002819752667294,0.128394180225531,0.9327552053809255
Hubei Province,574,gennorm,2.7335273886095406,0.04599495235598268,0.9160295212641414,2.6216945350889898,0.10373403784666238,0.8656825278763639
Hubei Province,575,gennorm,2.5220472467821455,0.007910328809056275,0.8186729970600857,2.815174508322719,0.06040996471750087,0.9160390854921264
Hubei Province,576,gennorm,2.5063330024763175,0.06575959795197173,0.8997959054256545,3.5802609389717057,0.07077930123923866,0.9492597676663169
Hubei Province,577,gennorm,3.021751529414251,0.044766174266895276,0.9047557672074436,3.195007745457533,0.08627585157707258,0.8861788782829259
Hubei Province,578,gennorm,2.6470676377588047,0.09449809307295218,0.8493472135003775,2.9896496252341027,0.17918869628729572,0.8925012930390774
Hubei Province,579,gennorm,2.3877037868046775,0.04658321986214821,0.8609737997343603,2.4541354163443048,0.18546325764025007,0.856494674168995
Hubei Province,580,gennorm,2.420502399579868,0.0702593905482185,0.8282652601532261,2.603967981316022,0.12385396356985182,0.8820296224955786
Hubei Province,581,gennorm,2.3546873605584864,0.024265757129208095,0.8454969121163718,2.8261393589285424,0.1312078952853997,0.8675936207064763
Hubei Province,582,gennorm,2.32545814322031,0.03161153296732733,0.7578137550311438,2.8777400216538753,0.13251075888947839,0.8880706382361925
Hubei Province,583,gennorm,2.170031900024976,0.044912845428109346,0.817740551237253,3.3644117595788465,0.14081591917337738,0.8957466928362372
Hubei Province,584,gennorm,2.564056900728623,0.051026894668095665,0.8623994634179445,2.510280677708488,0.1614854613682669,0.8353953388338539
Hubei Province,585,gennorm,2.7402162656691287,0.03585271685256604,0.9302629908485192,2.68196030849868,0.12408028405112337,0.8887769323249473
Hubei Province,586,gennorm,2.0206000908911173,0.053612746490156946,0.7619460659344252,2.5158309179184233,0.12514196237298936,0.8691455123224223
Hubei Province,587,gennorm,2.3106047881620686,0.00440727064556015,0.8189506693481545,2.715025762114755,0.12772156759294928,0.8927057029427696
Hubei Province,588,gennorm,2.414189599597461,0.04163582566066136,0.896180084971093,2.772271495637733,0.15186003920158678,0.90250778667416
Hubei Province,589,gennorm,2.9211712271672834,0.018478517492637073,0.9435199713620812,2.6194270188107427,0.11764644705433785,0.872609498951765
Hubei Province,590,gennorm,2.6036365506093815,0.001316103292439775,0.8801264045251784,2.1241100059685483,0.15046894750747897,0.7907094605433628
Hubei Province,591,gennorm,2.965832007957971,0.031556824666575375,0.9110609617553482,2.2944468056127754,0.1118099436298648,0.8404747318297234
Hubei Province,592,gennorm,2.448950336636633,0.005195557166692408,0.8282406838607558,2.797843355319854,0.1221030355414625,0.9088630263768687
Hubei Province,593,gennorm,2.5216281134646636,0.04030058169928703,0.8326608703952375,2.8453145055825093,0.15578562350581304,0.8821043497618181
Hubei Province,594,gennorm,2.6047306470343683,-0.008053419431044859,0.8941231905484994,2.3800821959589005,0.11133433459131725,0.7932336745816344
Hubei Province,595,gennorm,2.510879369875406,0.018773073127035772,0.8259136236981457,2.823703506029844,0.139589464241879,0.8700107904883638
Hubei Province,596,gennorm,2.761751797431196,0.012045242603346565,0.9366266903011671,2.6242117341849918,0.14814774469223507,0.8756189319425429
Hubei Province,597,gennorm,3.1060164934921666,0.037301355336267425,0.9160957188402266,2.8523176193308,0.14161726343041947,0.8988609338600284
Hubei Province,598,gennorm,2.517784473168761,0.01020401223609322,0.852197996765768,2.844492311848727,0.1179413240642493,0.8844975206968866
Hubei Province,599,gennorm,2.387523984242522,0.021751599040576435,0.8148987345345515,2.758516909158014,0.11627071365410246,0.8323093868073295
Hubei Province,600,gennorm,2.467580863213617,0.013095346500513149,0.876386187547447,2.839499736822603,0.13009133446448198,0.8623149793312803
Hubei Province,601,gennorm,3.139136380436346,0.02828251561215238,0.856451859759553,3.2420658360117454,0.1105288601961632,0.8891731439597845
Hubei Province,602,gennorm,3.051619793119766,0.01339580661623254,0.8720867036771016,2.5071752968242214,0.1390651729058898,0.8738223881345613
Hubei Province,603,gennorm,2.967042126409824,0.04150272354451383,0.8699499567144187,2.8053556737781635,0.14124955561381874,0.8799369813128726
Hubei Province,604,gennorm,2.211753220554887,-0.0019419961399843254,0.8010271084419716,2.440240175633088,0.17886394423430252,0.8245407258380344
Hubei Province,605,gennorm,2.333008006098064,0.04887606624796627,0.8433438077026705,2.5747353563645192,0.10201937146386425,0.8448505160577573
Hubei Province,606,gennorm,2.582441184172038,0.01670957730863202,0.8736054766276113,2.8415804075841327,0.1421475565633799,0.894876291992257
Hubei Province,607,gennorm,1.9914662140738368,0.020961704374000474,0.7931608211357866,2.8352200443048616,0.15805470563206309,0.8937530132092233
Hubei Province,608,gennorm,2.248857954249713,-0.004763476383041674,0.8082870424581972,2.62395344324251,0.14182260530783242,0.8584800134050752
Hubei Province,609,gennorm,2.2302356622010207,0.022173427289359674,0.8104306100494303,3.261349707974813,0.14868004532040136,0.9438431320567311
Hubei Province,610,gennorm,2.0673132538395276,0.048496694610991674,0.8191904064373954,2.660009584844098,0.1796031656155545,0.8555829572797224
Hubei Province,611,gennorm,2.4132844851685054,0.0338754810629819,0.8536390767507551,2.247895444164702,0.14907582278759085,0.8588640935410398
Hubei Province,612,gennorm,2.6191279671563352,0.011138390319271267,0.896747352512486,2.1892317051629613,0.14258414190399493,0.7801041657492902
Hubei Province,613,gennorm,2.680504860904243,0.01776375933017272,0.8960584588618847,2.366257127140758,0.1289627696630592,0.87967632153131
Hubei Province,614,gennorm,2.475489971589143,0.03955805483491241,0.8444251626598116,2.460722200269535,0.1483557566834213,0.8211678014758017
Hubei Province,615,gennorm,2.5934965643007852,0.01577690916660933,0.8708021908936489,2.4531367883758493,0.14404248839537354,0.8478558362386592
Hubei Province,616,gennorm,2.088911049392448,-0.03556672321411169,0.7608226722034859,2.431747681687634,0.11251746590673509,0.8229076888346396
Hubei Province,617,gennorm,2.505439993990905,0.022480749974879696,0.8525178445912978,2.5602581394389885,0.13935635217199072,0.8551257143492128
Hubei Province,618,gennorm,2.5941673866462267,0.029210944435765815,0.8390909407492413,2.644739720596704,0.1010752227241066,0.8521579586150938
Hubei Province,619,gennorm,2.7114995184943957,0.09054140202198513,0.8579688526063998,2.8804959900254534,0.09954748664740087,0.8989683057728685
Hubei Province,620,gennorm,2.59914133705085,0.02844035965332156,0.8312718143883666,2.269941867594654,0.15868264300455526,0.8228448737369677
Hubei Province,621,gennorm,3.7363675345338434,-0.0241774088170415,0.9836861535353151,3.0257308783963293,0.1368814358784053,0.9216600233409632
Hubei Province,622,gennorm,2.6097289904045304,0.07377722069237799,0.8258813046774525,3.2162681079022155,0.14579940099814565,0.9130949747288741
Hubei Province,623,gennorm,2.550697513439103,0.0073179629830490665,0.885251907169843,3.144171668785307,0.14736761955170302,0.9121026147789444
Hubei Province,624,gennorm,3.0408290080797045,0.027882475604101627,0.8943667404484844,3.2981872146720335,0.09246497637371898,0.9357918517937016
Hubei Province,625,gennorm,2.4363308546300457,0.060376730375169815,0.857497586000963,2.8065789888941475,0.12702454951174985,0.952792126242539
Hubei Province,626,gennorm,2.383150047945743,0.013502610327329578,0.8371467026607117,3.619709412484559,0.09441795663536393,0.9176709659627749
Hubei Province,627,gennorm,2.578755564258177,0.01962213686580645,0.8729020181015674,3.1939942661215053,0.1809529063617934,0.9079565579077644
Hubei Province,628,gennorm,2.4151781969081343,0.028799830860008924,0.8443799811566084,3.334072519661965,0.13914023196628136,0.8817613075353727
Hubei Province,629,gennorm,2.315882764512917,0.04435906494836566,0.8396347303014139,2.3985726295388297,0.1300546618712216,0.8365938198693439
Hubei Province,630,gennorm,2.915187760013626,-0.03807181735628613,0.8670120203851689,2.727976854437287,0.16172223059234053,0.8621913078596446
Hubei Province,631,gennorm,2.5709077381999266,0.03125650030366256,0.9206767434918085,2.264109338967289,0.13823534379988994,0.8224849318494031
Hubei Province,632,gennorm,2.7093466135002657,0.05010771713834204,0.9026932660460643,2.4430454718070544,0.1223770406053816,0.8129975906922584
Hubei Province,633,gennorm,2.025353957572329,0.01844489107227338,0.7646109476832686,2.92998256362917,0.12686214330546558,0.8651505672105082
Hubei Province,634,gennorm,2.043370851465713,0.04503847051804738,0.8043589732905704,2.9739689862423013,0.11679369817854002,0.8488895515121384
Hubei Province,635,gennorm,2.532693024924023,0.019740393680743325,0.8539162037981239,2.5017159057562575,0.14283915837409597,0.8444923679118508
Hubei Province,636,gennorm,2.7754302641591932,0.07763300147575294,0.8584275756983812,2.6700404383470517,0.14844996485680167,0.8622710275658672
Hubei Province,637,gennorm,2.918757205000695,0.05754297420322885,0.9550742121005362,2.5903573827503688,0.13246754124328833,0.8561158130314854
Hubei Province,638,gennorm,2.695102815901601,0.055461282217829665,0.8863955896320954,2.777730837066986,0.13888103692546241,0.8707269430557258
Hubei Province,639,gennorm,2.860589321657941,0.06568968051626287,0.894470975212778,3.3573446769374,0.14638797104605974,0.9154888740897185
Hubei Province,640,gennorm,2.5794134437498326,0.02374009258603888,0.8520968278659347,4.373813269816413,0.15925341963383893,0.9247658200755711
Hubei Province,641,gennorm,2.3746147103281414,0.028491231454076858,0.7956605186025785,2.8408161297042804,0.1681938863245704,0.9165236145120215
Hubei Province,642,gennorm,2.3196584261152724,0.03388961772149856,0.8284071654597936,3.0329185008029107,0.15553105839013226,0.9079650039972496
Hubei Province,643,gennorm,2.4236650520759206,0.03232253682504689,0.8281084886651331,3.098414986696805,0.13394703709912725,0.9446760740070845
Hubei Province,644,gennorm,2.690697966099326,0.016262966528567728,0.8798852533305894,2.9553520466333385,0.1005144458203654,0.9386685462828803
Hubei Province,645,gennorm,2.4195876234166533,0.04749379749207736,0.8589407759733959,2.7148519466875327,0.10509012003563098,0.8759014595568276
Hubei Province,646,gennorm,2.053259758458039,0.02338129538754414,0.7911060320926822,3.0155842489286906,0.11605074814054632,0.916799931501152
Hubei Province,647,gennorm,2.649716389600248,0.04119191714609004,0.8520085641216457,2.6888829037762774,0.14514751521790414,0.8528460943533817
Hubei Province,648,gennorm,2.408212687908983,0.013294978360013868,0.8220224883799896,2.98560491080966,0.10655692781636547,0.895070917375923
Hubei Province,649,gennorm,2.01775810335727,0.04389357125764111,0.7283413113394671,2.917037740577445,0.16407196465445806,0.9067003467057249
Hubei Province,650,gennorm,2.5604823263681107,0.024640041957694803,0.8841208504374007,2.676376333008447,0.12516305356374252,0.8633462853345671
Hubei Province,651,gennorm,2.2599925821833136,0.018650049462146923,0.8640730771335241,2.824362816800381,0.12580588915210986,0.8973379855270185
Hubei Province,652,gennorm,2.253238596106092,0.04494865063424108,0.8584596918473857,3.3856754342709587,0.1619216412747511,0.9478332200362374
Hubei Province,653,gennorm,2.620342944183415,0.02263188443825989,0.8788605109403056,2.7995154162677824,0.14484265655465248,0.9009873723580127
Hubei Province,654,gennorm,2.935258753809758,0.02713522483697619,0.9078260469658717,3.15717395861133,0.12795955663051883,0.9172908879018519
Hubei Province,655,gennorm,2.1574266143066323,0.031768082226345355,0.7846865305390112,2.730245750592348,0.12650153079283846,0.8695327784132607
Hubei Province,656,gennorm,2.5427357269735618,0.035328070529192526,0.8317949405699361,2.5087622843624744,0.1364120261992988,0.7977007189067867
Hubei Province,657,gennorm,2.5648807351179874,0.03497409426772579,0.8861578758206504,2.5829586186775355,0.1342636658552352,0.8775197934134813
Hubei Province,658,gennorm,2.3804636711893696,0.02797058034122339,0.8200763933060242,2.7200357231486545,0.09932778407935165,0.8874428359256397
Hubei Province,659,gennorm,2.797274898004591,0.02416194396710445,0.8867457102896981,2.8595807695173887,0.14920294277588042,0.9064172582186893
Hubei Province,660,gennorm,3.1942897484882313,0.021223449352354797,0.9735168083993728,2.628887933208399,0.11365486837239502,0.8591589290840128
Hubei Province,661,gennorm,2.5045012621832026,-0.006322919187853808,0.8991500557682826,2.6911795324504793,0.13961266258594118,0.8619547303448771
Hubei Province,662,gennorm,3.1737641512867416,0.04782833618426169,0.9265033560477602,2.75120798767914,0.11521133804535408,0.8946234715098704
Hubei Province,663,gennorm,2.3413048737098463,0.021015805960450724,0.8379937964250772,2.5407836145994835,0.11402792135502737,0.8567228700965194
Hubei Province,664,gennorm,2.815827740177469,0.11370960868880715,0.9128080437467834,2.401156802005813,0.14642595954643806,0.8529579465781838
Hubei Province,665,gennorm,2.5687518028069456,0.019439176712826314,0.884523983694516,2.8857875989701913,0.1065489599465888,0.8669173420551921
Hubei Province,666,gennorm,2.9577931755021396,-0.0034333905282900173,0.9145607097846373,3.2014346311164474,0.1219490297748003,0.9172205934701715
Hubei Province,667,gennorm,2.947381918128338,0.05547026498215918,0.9015986660233906,3.195393224793393,0.17089663883656014,0.9429402933530835
Hubei Province,668,gennorm,2.6015196065680186,0.017671218269443838,0.8912031956802269,2.3715552786268166,0.11271782958026869,0.8005481441956988
Hubei Province,669,gennorm,3.0328817844466682,0.03406313958040334,0.8861702721071365,2.731493836918915,0.11901362240433336,0.9223775895570674
Hubei Province,670,gennorm,2.278260595458275,0.017183436206101334,0.8475754696339624,3.4109336194861966,0.13774266189249196,0.9342308235708674
Hubei Province,671,gennorm,2.993220172912149,0.013519873915777527,0.9201844639442025,3.5262642074726602,0.1573732694364398,0.9045334548350126
Hubei Province,672,gennorm,1.9708908090262915,0.015861875102043985,0.7676685902744815,3.1250981611648023,0.16749732225943292,0.9074774762142792
Hubei Province,673,gennorm,2.888371664824364,0.03948255608822872,0.8521144951762409,2.4617092225879214,0.12399300185584419,0.8802806916477621
Hubei Province,674,gennorm,2.4724211869378756,0.07340320894517886,0.8385484844777399,2.3374898387401464,0.14324286186569565,0.8175702791433318
Hubei Province,675,gennorm,2.952856317733768,0.04646011331245573,0.8722118130584469,2.453893709264269,0.14162656452975847,0.8240730795668212
Hubei Province,676,gennorm,2.1031829421538486,0.05427410945156673,0.7948332662080397,2.7776491327583397,0.12175879909708734,0.8385981478259439
Hubei Province,677,gennorm,2.1661984942370003,0.025199079394693825,0.8041287350346535,3.454981082377381,0.10001136689961973,0.8992891429154772
Hubei Province,678,gennorm,2.5399828494301406,0.015516449152875188,0.7981761841701299,2.5350428806432816,0.14359142875363887,0.8624343232168135
Hubei Province,679,gennorm,2.757914902918457,0.033706914313628454,0.8791927566862133,3.595992657311159,0.15901381336796683,0.9352369169417916
Hubei Province,680,gennorm,2.578293430268311,0.04111566513917223,0.8459054182825879,2.5376644156588393,0.1388079837513501,0.8308818339386177
Hubei Province,681,gennorm,2.5045550094855606,0.029695523002202434,0.8414971387528675,2.7998696929858493,0.11841564541461605,0.8699756419448781
Hubei Province,682,gennorm,2.4836719889369796,0.01379661558079518,0.8909245192197892,3.155669530497195,0.16474523067851937,0.9236722389994436
Hubei Province,683,gennorm,2.2521388813014664,0.018748497671806526,0.810622157172772,2.988796029126435,0.12578092545831104,0.8979340757766436
Hubei Province,684,gennorm,2.514342306302166,0.05801173591121126,0.9010561198754529,3.2210912288181,0.14109539344811634,0.9335650607313027
Hubei Province,685,gennorm,2.261383565548771,0.009726359282503528,0.8331034439753603,2.7653932204728884,0.1403873100228451,0.8900473962015002
Hubei Province,686,gennorm,2.42602326600269,0.033980170350896566,0.847011904195039,3.0709457632547394,0.12377393693919987,0.8755495925824377
Hubei Province,687,gennorm,2.3834372038619644,-0.007548882871044294,0.7901428889380822,3.197712768315528,0.16173276192742528,0.972192592949116
Hubei Province,688,gennorm,2.6088549424520533,0.04100807103422059,0.8151545696970451,2.4303748733897272,0.15151098098208837,0.8515160836079538
Hubei Province,689,gennorm,2.6889977639334455,0.008235262847467516,0.9030200134340851,2.8284846240191253,0.09885090434807939,0.8902967609025132
Hubei Province,690,gennorm,2.388945423577068,0.02028725774617156,0.8073683775573288,2.411846096678495,0.1672704711970005,0.810429420689257
Hubei Province,691,gennorm,2.559432183083713,0.035766547317214285,0.8081292644846414,2.3692844154917836,0.1313696331997793,0.8811611283157352
Hubei Province,692,gennorm,2.0268474537903414,-0.0018950452446843931,0.7610572692279309,2.7845397547804103,0.14843292714556378,0.8907964915243829
Hubei Province,693,gennorm,2.346601469151217,-0.0027125027367410582,0.8642390584299094,2.6181121770615565,0.1481232357723224,0.7944540280362182
Hubei Province,694,gennorm,2.710740422759778,0.028305676850242656,0.8662085664431951,2.805748679752049,0.11656980274390227,0.8994437701743756
Hubei Province,695,gennorm,2.738991639820256,0.02233056669803303,0.8817944566586972,2.5966848893401098,0.09783867941039151,0.912238296216382
Hubei Province,696,gennorm,2.396647648980485,0.0009884643484600049,0.8733374173898677,3.233725047701016,0.10871334172988559,0.8955973237082331
Hubei Province,697,gennorm,2.3565560129599645,0.08337466602295077,0.8416249440996793,2.638700063307234,0.10615291773636118,0.8738840242758535
Hubei Province,698,gennorm,2.180720137324691,0.01697593872906772,0.8327387329196456,2.406973902942134,0.11947739191397799,0.8093226822698765
Hubei Province,699,gennorm,2.4316607705092084,0.03504150972859277,0.8504950640893809,2.5867141078540024,0.11169394123008342,0.8739092799309167
Hubei Province,700,gennorm,2.1864945473204673,0.0003788091510347173,0.762029050765043,2.7855570366986666,0.10933721419500034,0.8794134991494451
Hubei Province,701,gennorm,2.7847136997490374,0.040367218201373734,0.8852152262663793,2.8896857615023857,0.13642343059392226,0.8903540378992998
Hubei Province,702,gennorm,2.291916815850462,0.044245977376781,0.8029550711979409,3.1852252540999544,0.12456150249760836,0.8914222430208418
Hubei Province,703,gennorm,2.389794325442101,0.026503215931891554,0.8190903965132423,3.413340121824171,0.11399541855230688,0.9699788778229612
Hubei Province,704,gennorm,2.4547349549284965,0.024912825313700607,0.8738877170683617,2.438102031685208,0.11087152522377951,0.8483102975887163
Hubei Province,705,gennorm,2.7010398557445416,0.04017800340442155,0.8786290877733465,2.974618756827853,0.13963817762156194,0.9382676900419585
Hubei Province,706,gennorm,2.2682348020034193,0.04088764772343743,0.7965024065089,2.678269035305356,0.11801962749844752,0.8430537580178279
Hubei Province,707,gennorm,2.443261272553193,0.04383915314360534,0.8337284888617678,3.4570133913123167,0.16167117559428046,0.9522226532564267
Hubei Province,708,gennorm,2.5678395244389423,0.025084183480159672,0.8488498695625408,2.3520567363253875,0.13045249382004054,0.7861857726066638
Hubei Province,709,gennorm,2.3360645302646006,0.022205303456902768,0.823345467197685,2.718066487476653,0.1426375946067953,0.8949133598067114
Hubei Province,710,gennorm,2.992780438850188,0.0688344881606868,0.9333157566374461,2.871035319186701,0.10261410779257554,0.896120899251235
Hubei Province,711,gennorm,2.5562651640403433,0.044628341421828845,0.8785093700392771,2.4864403959378,0.17177638756808192,0.8482958041037822
Hubei Province,712,gennorm,2.683475836389528,0.0339678690397844,0.9193859797345187,3.254548843074221,0.1370083462229189,0.9152875393470223
Hubei Province,713,gennorm,2.363922865904632,0.10050154844673756,0.8371604956783998,2.343167695262715,0.19529141866990846,0.8341422514312935
Hubei Province,714,gennorm,2.8510937784512933,0.022594006753996494,0.9053544978137285,2.7602513683856604,0.11850232008427836,0.8526294035056527
Hubei Province,715,gennorm,2.26222625005759,0.0397401092934684,0.8361361029341372,2.6838185427490915,0.09378300578345752,0.8441358674522075
Hubei Province,716,gennorm,2.3530930573072357,0.011890644356451138,0.8040438103530845,2.969422843780176,0.11803372503850701,0.9079973763684832
Hubei Province,717,gennorm,2.544883593518599,0.022330530300493756,0.8680871767314506,2.7006684893768513,0.11781526367008077,0.8944392307790432
Hubei Province,718,gennorm,2.4765278013350853,0.045115157665473735,0.84391680218572,2.974001131039032,0.14730730283660903,0.8884466601726367
Hubei Province,719,gennorm,2.3336974454369424,0.021838501740690214,0.8342797528919541,2.7560264991983416,0.1589295682221147,0.8625969972982901
Hubei Province,720,gennorm,2.401510506178133,0.02815687678410482,0.8531230847778148,2.5604712769840816,0.13879373477252793,0.8254639658627343
Hubei Province,721,gennorm,2.163857009335926,0.028546490567516243,0.828640980250686,3.0249364661191045,0.15438178225938007,0.9229742838029859
Hubei Province,722,gennorm,2.5651192372867344,0.03575551663375058,0.8696576287591846,2.6833582567551444,0.13407910773890452,0.8636019584833099
Hubei Province,723,gennorm,2.0428966924880347,0.008068508518793746,0.7891829806671575,2.571483055064496,0.15703511401723716,0.8121106953706608
Hubei Province,724,gennorm,3.0962045293855294,0.04396248123559048,0.9318935187405005,3.0358494003487095,0.21044553859590265,0.9099682249095276
Hubei Province,725,gennorm,2.4011000967014198,0.024360668662834706,0.827749618741605,2.556946281576728,0.12295378767041838,0.8493989365313529
Hubei Province,726,gennorm,2.184413867137727,0.04584480742132265,0.7590365986673662,2.62034409922225,0.15377043198447557,0.8890327152308795
Hubei Province,727,gennorm,2.480064058572074,-0.003632049776866637,0.8511780213426592,3.0379737666094817,0.14250113365997003,0.9094788239551101
Hubei Province,728,gennorm,2.4642556691481596,0.06260664767068111,0.8441048504324261,2.6785183327609094,0.1107380210412985,0.8747803409890216
Hubei Province,729,gennorm,2.245130929873034,0.018066100636504275,0.7589495696172731,2.6555832591424062,0.14272094845812783,0.8714937979883495
Hubei Province,730,gennorm,2.1466585259277133,0.03421514296542372,0.8002406315600948,2.603320692201911,0.17793550647517264,0.8379120435628606
Hubei Province,731,gennorm,2.2386590816924734,0.05088143157576115,0.8432072668068818,2.8889810364783384,0.13778541947871575,0.9188248518384745
Hubei Province,732,gennorm,2.4998137479796254,0.026622397952773023,0.8964313682114506,2.458199424359784,0.14415600775427476,0.8538521261454115
Hubei Province,733,gennorm,2.4454244729709025,0.054310004462396866,0.8261568924498877,2.7780405497230922,0.12495653888988473,0.9177031840696657
Hubei Province,734,gennorm,2.193814774973461,0.06559741844919159,0.8080218562406467,3.0473489220400465,0.11849272647640438,0.906166633849558
Hubei Province,735,gennorm,2.3376402907031806,0.0613739311393833,0.8558019098662373,2.6101381375109503,0.15677637858350896,0.8451647382473109
Hubei Province,736,gennorm,2.2814723383336433,0.041410885611314854,0.8237277737937168,2.6177755245319636,0.1422223950808913,0.8364897481943284
Hubei Province,737,gennorm,2.1112188096426077,0.00676717325670422,0.802669969801195,2.6385789317570127,0.11298237613795435,0.8379809845772695
Hubei Province,738,gennorm,2.163345685421075,0.012924002136836027,0.7875640213916364,2.7001486937800188,0.16349758546633308,0.8776669219910548
Hubei Province,739,gennorm,2.330285062935232,0.05795842560777,0.8078446346650693,2.89773015059025,0.14576386570784444,0.9063865042572421
Hubei Province,740,gennorm,2.5109784722842563,0.03723383677877423,0.8061476408264685,2.4683152408540288,0.12531565471047212,0.8292774906526211
Hubei Province,741,gennorm,2.5855569516910277,0.036710065459902144,0.8450059234219034,2.8708491139343946,0.14653012227100878,0.8820407386730542
Hubei Province,742,gennorm,2.4587913780364223,0.03897309406693797,0.875920188334472,2.7452875973318043,0.1782367862577438,0.8634009199178232
Hubei Province,743,gennorm,2.72515251992878,-0.002524269722086336,0.8911021500256002,2.612714937425922,0.12138645080694255,0.912264089738668
Hubei Province,744,gennorm,2.6905639733125266,0.02768451442087735,0.9176453618021001,3.15120197153976,0.15084767047652176,0.8984199823260717
Hubei Province,745,gennorm,2.346386300371334,0.06978251457129665,0.8330292387555879,2.8667492774106904,0.159594303246177,0.858689165521467
Hubei Province,746,gennorm,2.4923827754394035,0.05945747040351719,0.8871847563366511,2.6054703903192005,0.15875155821974507,0.8604880439599205
Hubei Province,747,gennorm,2.445654931086529,0.054377197086503695,0.8284504032658402,2.885852470854086,0.13374160235597585,0.9130206798895346
Hubei Province,748,gennorm,2.4169184172282288,0.015926907974918494,0.8781399920516,3.261560424712661,0.16816882553326762,0.9224639795829908
Hubei Province,749,gennorm,2.249073190393579,0.032559313572395554,0.833584137117357,2.942328963961521,0.10473933055810594,0.8668158783379591
Hubei Province,750,gennorm,2.468546418207272,-0.0037278936470782377,0.8952547218140448,2.4444964407954917,0.12485448876319011,0.815272248413482
Hubei Province,751,gennorm,2.425012466030313,0.04689033172848735,0.8552541081777032,2.6784396302324316,0.14664954022375842,0.9152343046939735
Hubei Province,752,gennorm,2.122806832785133,0.04224308156294836,0.7720718836372136,3.1205478169247627,0.12417219287902109,0.9164234908661065
Hubei Province,753,gennorm,2.355641335624487,0.032343184925136687,0.8052932227041221,2.9792051571371605,0.156375517362872,0.8794649228720915
Hubei Province,754,gennorm,2.3537062205577337,0.03370909628260475,0.8543370358886205,2.7320817495795584,0.13069990113323945,0.8455803441332551
Hubei Province,755,gennorm,2.231373133543049,0.043089120342544855,0.8021060895543257,3.3812641991519277,0.1730401685668796,0.9282791450151242
Hubei Province,756,gennorm,2.446695147787191,0.015904967263913695,0.8274913479073275,2.2092986907923757,0.11252352886853145,0.7788830859011744
Hubei Province,757,gennorm,2.501963495564204,0.04842281861011245,0.8505248197306281,3.306686238492939,0.14152868519144685,0.8979076088901952
Hubei Province,758,gennorm,2.248100402496444,-0.0035359959494072326,0.8209572116012438,3.0279984537770916,0.11880847504794277,0.9024387518577428
Hubei Province,759,gennorm,2.4930906672323285,0.04734500232661075,0.8488105495193392,3.056465097195633,0.15989115936220022,0.9456485696338948
Hubei Province,760,gennorm,1.8080698136868083,0.0566335264954124,0.7512732992621999,2.4726540837874103,0.1188140172778048,0.8565946568156344
Hubei Province,761,gennorm,2.5347393372735096,0.04726979058436025,0.8369271641248879,2.6810706277363403,0.1215949920825166,0.8508935492149229
Hubei Province,762,gennorm,2.1515589102343506,0.06813687888679049,0.7804527155374518,2.6858140001261814,0.13376331519537477,0.8770064835881652
Hubei Province,763,gennorm,2.551665970849422,0.015622243760992225,0.8510744949782458,2.545104328001514,0.1287293129706458,0.8177604251938767
Hubei Province,764,gennorm,2.898193304646129,0.02287457981519614,0.8680159110984542,3.0691557148187556,0.13873203280991042,0.8884272575539254
Hubei Province,765,gennorm,2.5202386480277505,0.009313630526745468,0.8258885564224547,2.7518095258280457,0.16014646889896067,0.8952479392859847
Hubei Province,766,gennorm,2.1077425923776616,-0.00480078486839025,0.8285438980344618,3.3502448172268746,0.15148059194162483,0.8907492940470831
Hubei Province,767,gennorm,2.378872728566091,0.017002700596470847,0.8627522176915841,2.96803357383145,0.1379880913809654,0.8691233988967371
Hubei Province,768,gennorm,2.6700434616767357,0.0517278895377502,0.8505305189470791,2.553131451962079,0.08316767474583256,0.8608997177842657
Hubei Province,769,gennorm,2.3822351539128404,0.010622655737702753,0.8401521483297056,2.7419632614454645,0.10463624867247032,0.8598839134730547
Hubei Province,770,gennorm,3.0338115425316463,0.059598239000463266,0.9024224582632188,2.842057489895975,0.13349748465283362,0.9015715951842835
Hubei Province,771,gennorm,2.1435140956510317,0.003204800858033968,0.8307432510731686,2.7200478694140067,0.14404945401907415,0.8767594001826939
Hubei Province,772,gennorm,3.167533405918929,0.04571253790973093,0.9345315577810889,2.658311473871592,0.10043883320728764,0.8469794416409362
Hubei Province,773,gennorm,2.813149476076222,0.04483188615750716,0.9301776441597723,3.1302013003954072,0.14931162004307003,0.90813528833052
Hubei Province,774,gennorm,2.4408281212356906,0.034069445844817525,0.8385770225255976,2.679776273941708,0.1505594968046609,0.8435564209593424
Hubei Province,775,gennorm,3.0154762028226587,0.030973556294490612,0.8871163876242703,2.5405736220238087,0.13299314436283854,0.89135242223015
Hubei Province,776,gennorm,2.5639940319722747,0.04001860994470042,0.8364744406784643,2.620119333780564,0.16784813835053397,0.8751849214339069
Hubei Province,777,gennorm,2.8898218388916503,0.03327684322856278,0.8987279470808405,2.351830547183344,0.130674921105505,0.8103247471495901
Hubei Province,778,gennorm,2.4351508783980327,0.04562209418581499,0.8298763332386442,2.7689976192135717,0.12765689665301788,0.8577250147538883
Hubei Province,779,gennorm,2.5262060863983855,0.04737348737218883,0.8685968051539875,2.4420618892694406,0.15719459670103741,0.8482665359841706
Hubei Province,780,gennorm,2.99274500475489,0.02238572658190109,0.8815517803964202,2.6437074248610273,0.11303946833008324,0.8552675198163721
Hubei Province,781,gennorm,2.429893459556486,0.008769217091721567,0.8592332260203245,2.930169356305451,0.14848133559776017,0.9054524941129075
Hubei Province,782,gennorm,2.977886007727111,0.01074863544184261,0.837088298527156,2.8639743803957005,0.14241567696637775,0.8927122491155511
Hubei Province,783,gennorm,2.0269608003154147,0.05693785758758858,0.7849264407468174,2.4223346110882646,0.16405675089744087,0.8100547846995734
Hubei Province,784,gennorm,2.1651045137454235,-5.812373859018157e-05,0.8253956260325592,2.766039905776819,0.1365735318979242,0.9053034875487461
Hubei Province,785,gennorm,2.1737509807593254,0.04862566852592826,0.7860503758548445,2.7846411978896737,0.14895995507036272,0.8836244947468942
Hubei Province,786,gennorm,2.7471113693718996,0.027153755621905508,0.8548149149077885,2.899580256622346,0.12852396525927653,0.906938398059397
Hubei Province,787,gennorm,2.5639184768795373,0.019176121876723098,0.8730034193722389,3.014711890235119,0.15261147626480223,0.9136164189896738
Hubei Province,788,gennorm,2.7677452410884467,0.04341250038165492,0.8910354158072429,2.803936597195965,0.12232967872874692,0.8980834381205238
Hubei Province,789,gennorm,2.31246597745407,0.00870831048748643,0.8265229916212657,3.3645853677000392,0.13353952402756292,0.9019030542745903
Hubei Province,790,gennorm,2.8393315704998563,0.025772131746838144,0.8516989976320486,2.998738679449289,0.08695119544660572,0.8963026677897841
Hubei Province,791,gennorm,1.9673580937053727,0.027078652660363963,0.7793472526855871,2.0493138657100607,0.1484870020664622,0.7414577880595303
Hubei Province,792,gennorm,2.8296947861712938,-0.0010145463371298957,0.8643879146248288,2.9104687711781185,0.12295692207417971,0.9054786355737574
Hubei Province,793,gennorm,2.5836469794896995,0.039607347388371836,0.881529800668146,2.850394947565394,0.0949171849974913,0.8370115906864153
Hubei Province,794,gennorm,2.246637758721328,0.015912470240471634,0.8523733876904607,2.3577526384563963,0.15648918189479677,0.820454833320091
Hubei Province,795,gennorm,2.6186015959501754,0.07843741795365791,0.9267653751034041,2.6193695945060584,0.15237268504175622,0.8287926162374967
Hubei Province,796,gennorm,1.9504182650538848,0.03366769836912974,0.7530334358239203,2.783355089289457,0.13271013386457736,0.8712673938069178
Hubei Province,797,gennorm,2.3455189068146947,0.005779689874453119,0.8161941757896176,2.7148296186971344,0.12403567883268375,0.8853849291724569
Hubei Province,798,gennorm,2.5485630064827793,0.05552446966763068,0.8607790917759,3.3134214633099295,0.14672443586783546,0.8809156804426301
Hubei Province,799,gennorm,2.5338063809142772,0.04252006890955389,0.9051797034043418,2.545844834533786,0.1343653014976654,0.8702378143140048
Hubei Province,800,gennorm,2.4400074482452867,0.06115105837221023,0.8792548359753833,3.180256893779233,0.14403977453404376,0.8806084858305525
Hubei Province,801,gennorm,2.6618276989382204,0.02445943509323894,0.8645106959249383,2.9302340399694384,0.09787749756920722,0.8556620005688895
Hubei Province,802,gennorm,2.1480130119449843,0.09064013174884733,0.8055032049608315,2.7080933069788995,0.1316299323780695,0.8554133949800458
Hubei Province,803,gennorm,2.289620971687172,0.0480160425262338,0.8503616435327261,2.5856946198741815,0.12278485003312642,0.8610416569334578
Hubei Province,804,gennorm,2.103899653579984,-0.007792653733480381,0.7796201988469404,2.815159505552809,0.16277755990359444,0.8841659326238278
Hubei Province,805,gennorm,2.0435083929068627,0.048447393314842505,0.7669544597777487,3.027193077657648,0.1127634483451319,0.8936651132646376
Hubei Province,806,gennorm,2.68974485700422,0.02928620900443876,0.8718857857287705,3.165150247377679,0.11707614117332504,0.914382528604311
Hubei Province,807,gennorm,2.4499086748293286,0.09275639266466197,0.870485217117142,2.7054981264614844,0.15423683346607336,0.8390198923242045
Hubei Province,808,gennorm,2.1112646410044014,0.03907741399270263,0.7982839776403997,2.894477712679324,0.1437474374667851,0.844349191121105
Hubei Province,809,gennorm,2.886578359112523,0.11366793197531191,0.9434442495645627,2.669820177917111,0.14012478294413572,0.9059159618096951
Hubei Province,810,gennorm,2.309955657515692,0.002826941462002362,0.8012618487146268,3.3456793703690026,0.12875505876297733,0.9053863065688599
Hubei Province,811,gennorm,2.4193773008827653,0.04622511777695108,0.8738136682658272,2.7065457732127065,0.15543124203086658,0.9179754766656624
Hubei Province,812,gennorm,2.3226902821166373,0.0830323334153889,0.8586216338684431,2.52070571302628,0.15311696105496536,0.8367589760793459
Hubei Province,813,gennorm,2.7488487271561817,0.03569264508318368,0.8758146048051031,2.3446385265627274,0.15721908394159295,0.8254289244639446
Hubei Province,814,gennorm,2.1132372519741143,0.0671701383710365,0.8032719029024229,2.8376850839566883,0.11401258419030993,0.8929909178699392
Hubei Province,815,gennorm,2.1758099105339475,0.0345065970108943,0.7707968026110141,2.448105454762369,0.18937508914719087,0.9155965064457108
Hubei Province,816,gennorm,2.417605115024384,0.039313655261411014,0.8135516774365337,3.4382819960119315,0.1581680333991973,0.9278588122692489
Hubei Province,817,gennorm,2.567510101923104,0.05757444202479599,0.8803311870947648,2.4872030272948065,0.13875845361558492,0.8500917475853149
Hubei Province,818,gennorm,2.4921829651498646,0.06815314470904663,0.8410162838369887,2.5034030837802623,0.1347199759449053,0.8693838886868422
Hubei Province,819,gennorm,2.645311132812788,0.030414984198996763,0.8375508732867504,2.8049846468292152,0.11767525076679589,0.8589300173992659
Hubei Province,820,gennorm,2.4515600194292215,0.035224196383800005,0.8705100468852275,2.5334492551424876,0.11561529475532584,0.8350050909480498
Hubei Province,821,gennorm,2.3808763805990365,0.0914621331749608,0.7998625528177511,2.602444454105875,0.16078854077940027,0.8364738304179571
Hubei Province,822,gennorm,2.8180706268704654,0.03209655372446325,0.8662589968047637,3.056106757335326,0.11191098177560885,0.9120540956614354
Hubei Province,823,gennorm,2.5362012781788392,0.027405025351467105,0.9112079393171919,2.7241269421279433,0.1121006096414774,0.8808535745732191
Hubei Province,824,gennorm,2.2830055296328067,0.04436826904542202,0.820139336272717,3.053895901804987,0.14735999696396257,0.8784970772903307
Hubei Province,825,gennorm,2.707290642325514,0.04644340020978038,0.8848947848730173,2.4225154052310787,0.0970039584239729,0.8542000140956025
Hubei Province,826,gennorm,2.0534657731620922,0.05842845354083906,0.7781420262166492,2.872291864961107,0.12904460862030193,0.8966173766771823
Hubei Province,827,gennorm,2.3179503316097305,0.05959239644410935,0.7998139641096322,3.1892160897430193,0.1683049542933721,0.8868405127830804
Hubei Province,828,gennorm,2.2743139735474127,-0.01281677723867998,0.8292336133181673,2.582173636481907,0.1550308343665171,0.8489179892510028
Hubei Province,829,gennorm,2.3629269436712566,0.05589927713171493,0.8122889244891582,3.1709688328489616,0.1429636678548148,0.9185314799832965
Hubei Province,830,gennorm,2.399641459458383,0.015960609410822214,0.868676787901792,2.7191848876669837,0.14835691556646993,0.910948194462469
Hubei Province,831,gennorm,2.633163091652367,0.04770716537618521,0.8700992413434652,2.556443839538849,0.16734512230366505,0.8555754940535747
Hubei Province,832,gennorm,2.697253546095115,0.03952605724627284,0.8902714555561204,2.8926741524540365,0.12973572342746031,0.88123919279749
Hubei Province,833,gennorm,2.538148340455818,0.05751718279365832,0.8160631834109021,3.4318178591410042,0.14936560012655345,0.8773652936723428
Hubei Province,834,gennorm,2.6111743706126154,0.016055189814297495,0.8693832386558076,2.6007205656972356,0.1736830266729027,0.8371373842651052
Hubei Province,835,gennorm,2.5304998258539957,0.03199520534189755,0.8477699761187325,3.3446118215194467,0.13197843606208184,0.8981916836030981
Hubei Province,836,gennorm,2.302440905716744,0.030693402597151965,0.8140222416089812,2.4474912153641326,0.15355244140144833,0.8449144294472164
Hubei Province,837,gennorm,2.904018260017904,0.018494276490088946,0.8826656176163711,2.8865674788543245,0.1391109049205133,0.9020183942342159
Hubei Province,838,gennorm,2.0996784543545735,0.04136362923666036,0.8013037921841226,2.3917503992022104,0.15095696602769143,0.8699743687580093
Hubei Province,839,gennorm,2.622222798930803,0.035159178162696036,0.8715377634453079,3.2246138912598434,0.13682397903173074,0.9114084427402154
Hubei Province,840,gennorm,3.004058386946943,0.0656110026991891,0.8838620016988593,3.0858023425756453,0.1437439826524614,0.9310606831887476
Hubei Province,841,gennorm,2.6801108261876196,0.005711578546281322,0.867348979475175,2.9142810063500777,0.1230321902807546,0.9093769485770742
Hubei Province,842,gennorm,2.6347391774331648,-0.011868040721828597,0.859782027506784,2.5861881831733697,0.15449431649935658,0.8715747488212664
Hubei Province,843,gennorm,2.2082360998603168,0.045522046111824484,0.8216779763444277,2.9279900901536458,0.17170144798463885,0.8606721506838138
Hubei Province,844,gennorm,2.6950786313736805,0.011136962202929826,0.8593955185548652,3.3285659610433562,0.09209486116764729,0.8999442941949107
Hubei Province,845,gennorm,2.5331563396101338,0.042204321356050206,0.853459055846278,2.7175481266866472,0.11807400953576719,0.8650157287862598
Hubei Province,846,gennorm,2.192607427362844,0.00806301235575554,0.8019198460356505,3.5501210922858224,0.13558901616975494,0.9157656228367683
Hubei Province,847,gennorm,2.345602813741335,0.018331914821016045,0.8117860058647405,3.1239144560538925,0.11482913252400757,0.9100219025348467
Hubei Province,848,gennorm,1.9329341431996563,0.02191337279446131,0.7294971024682053,3.256303761401411,0.1067545222464635,0.9265648269896092
Hubei Province,849,gennorm,2.185762921461386,0.041659704024480285,0.7872605013245385,2.4557965460653226,0.11541321498125295,0.828758974800613
Hubei Province,850,gennorm,2.200426804367498,0.02851373438448681,0.820041615145851,2.6204533728933015,0.17230585262208048,0.8386069648742134
Hubei Province,851,gennorm,2.50788133125879,0.08829424334002355,0.8453595583663142,2.521706405039652,0.10793311955049761,0.8535066818146277
Hubei Province,852,gennorm,2.123647672831699,0.06059780166843136,0.7489267018193371,2.960982082464449,0.09201999313223644,0.9081769037065931
Hubei Province,853,gennorm,2.385414883905926,-0.00804131224061412,0.8029955347968982,2.6028189620377415,0.13632462888470354,0.8718154623480525
Hubei Province,854,gennorm,2.2240153343730604,0.041872961232346254,0.7932162995523653,3.04558503307541,0.1326053113934057,0.9102174794554863
Hubei Province,855,gennorm,2.384843962873985,0.06878387035604874,0.8212387717524032,2.8445978263424734,0.12937619420806662,0.886129060190335
Hubei Province,856,gennorm,2.5962968912909403,0.01885748500565205,0.8671104826263135,2.5207302192963517,0.12058916568651445,0.8388333518616262
Hubei Province,857,gennorm,2.5370695003311994,0.046519619844414675,0.8452712642653986,2.645969211276369,0.1135926676569673,0.8906500134851882
Hubei Province,858,gennorm,2.232972024637726,0.02427256063256017,0.8119153703093869,2.4307549492840677,0.18596587785092597,0.84396599900951
Hubei Province,859,gennorm,2.1606253013294463,0.03660735235525306,0.8175127452935251,3.1330787388701182,0.15253307495650767,0.9006777003668458
Hubei Province,860,gennorm,2.3531031896759638,0.058704482984604,0.8199601897721086,2.601049427429272,0.15250689487229968,0.8409230523901197
Hubei Province,861,gennorm,2.7453653531461146,0.04148736229402035,0.8735582727129019,2.8586458811992435,0.16578843918061392,0.8964467671750938
Hubei Province,862,gennorm,2.211155654780728,0.01700862532101976,0.8399962790716833,2.412957473761825,0.15272207678130978,0.7822399276073586
Hubei Province,863,gennorm,2.464063992141496,0.046129419798895524,0.887417984268424,3.1452283911264,0.13487708075833602,0.9104538937841363
Hubei Province,864,gennorm,2.522124482095261,0.06238867423243406,0.8533722274345945,2.80463501241712,0.13393640829622,0.888270803744184
Hubei Province,865,gennorm,2.124636259481992,0.019488704024515822,0.8128400676360652,2.6408019760575385,0.15247273286628332,0.8618971834607203
Hubei Province,866,gennorm,2.430138159186903,0.03737965897552796,0.8586657382405137,2.797205886911362,0.1482573045984803,0.8639284295619081
Hubei Province,867,gennorm,2.0896290429025726,0.0716484895481431,0.756412698153235,2.3960631108396315,0.1256426806392806,0.8307795107550299
Hubei Province,868,gennorm,2.8439782760370353,0.04262250962108182,0.8582828134080097,2.564045632455412,0.1434520998048739,0.8419453871690423
Hubei Province,869,gennorm,2.2910950212142485,0.0488353637850212,0.7929721947031174,2.3531876210781886,0.165920863125614,0.8317999158571984
Hubei Province,870,gennorm,2.7587907377519705,0.031217475654893353,0.8286126953288333,2.4734949417623477,0.11463273616136103,0.8497429636368918
Hubei Province,871,gennorm,2.5025046328687717,0.015657085532770378,0.833302759895072,2.5959881534658074,0.17391703694970895,0.8415684267541677
Hubei Province,872,gennorm,2.465304234908426,0.020357590922491148,0.8570656336131581,2.5265651381626464,0.13247247830471748,0.8326457131664124
Hubei Province,873,gennorm,2.179751732433964,0.037425060833130866,0.8387150273017498,2.79661152236862,0.15680071428930648,0.8735002969122516
Hubei Province,874,gennorm,2.288957812214906,0.08558026341924228,0.8536267902161696,3.040276671160724,0.14280771120059732,0.9239827291496379
Hubei Province,875,gennorm,2.7165237358432206,0.02910339757708988,0.8762340132885933,3.1312759839257858,0.1381425694072358,0.9371754426186443
Hubei Province,876,gennorm,2.1403803756426556,0.010639805084002432,0.7788737795128755,2.415219258312538,0.11114075971753719,0.8629516849130656
Hubei Province,877,gennorm,2.1417600736953917,0.06986264180328672,0.7695671215509382,2.454464331310581,0.14873895309548982,0.8499390511543385
Hubei Province,878,gennorm,2.1957285940393607,0.07193585984813936,0.786643704615892,3.0550254088853115,0.12896352143930878,0.8928594032716607
Hubei Province,879,gennorm,2.5436011337614044,0.052029033289231696,0.8394968856057681,2.50831525638485,0.10327223062112667,0.8468168898956339
Hubei Province,880,gennorm,2.531405658007409,0.04331529728867384,0.8203366534512777,2.723968242392373,0.1342917783493894,0.8806963996697212
Hubei Province,881,gennorm,2.8422145679090542,0.014550023808142538,0.8697590008054144,2.4014230468598488,0.1482067262630874,0.820221187305461
Hubei Province,882,gennorm,2.468035386631219,0.018552258498181262,0.897905832532961,2.502095406691825,0.11162426973738632,0.8420977815398893
Hubei Province,883,gennorm,2.4747879493050435,-0.003086657278162296,0.8751476309942289,2.9614516033496705,0.16080669459604469,0.8858177315945998
Hubei Province,884,gennorm,2.699732540496174,0.030148141047034886,0.8919955242968487,3.115650145191339,0.2129833909933822,0.906723320692728
Hubei Province,885,gennorm,2.601000592458095,0.035423991996240856,0.8450117548117694,2.840575048509751,0.13265232291292395,0.8609143526092339
Hubei Province,886,gennorm,2.6244343083176425,0.03913288156750337,0.8759466909486986,3.2680517690392294,0.1455791820781445,0.8965731074244618
Hubei Province,887,gennorm,2.731287267962854,0.07108270585087008,0.853096851290709,2.6212873913279786,0.1281795578584074,0.8347337957808791
Hubei Province,888,gennorm,2.6906131621142477,0.043786386112664125,0.8357580071696462,2.599744131754033,0.19330243428333638,0.8822366762927768
Hubei Province,889,gennorm,2.3939638547525233,-0.012969347609121006,0.8785274592231895,3.3325323084556624,0.1259421400690015,0.906440282023381
Hubei Province,890,gennorm,2.3930518653737334,0.027240467609656503,0.8387968376797296,2.6590961497076666,0.12565969756338152,0.8346150857372621
Hubei Province,891,gennorm,2.895386379081351,0.037877032888830785,0.9172255926854067,2.687429092665826,0.1198729025536964,0.8913262276912218
Hubei Province,892,gennorm,2.64388693589616,0.04632268398348552,0.8718040470235637,2.4600450484750205,0.1613151541986286,0.8600772440594947
Hubei Province,893,gennorm,2.43510115886554,0.060328674462241036,0.8466782990259645,2.8115124518513808,0.13577736197694318,0.8798757131631809
Hubei Province,894,gennorm,2.3137320479546064,0.016024932873786257,0.8587522836067112,2.752072506733076,0.1493324774939463,0.8619090508933076
Hubei Province,895,gennorm,2.342411827945599,0.033278897343584066,0.8004030868898434,2.5811474893250783,0.182868051321654,0.8283467779133142
Hubei Province,896,gennorm,2.5211694799386546,0.024135787336667665,0.8620043627684781,2.8184983605028937,0.1406776583872386,0.8681829037416795
Hubei Province,897,gennorm,3.377323913643247,0.07342986991719233,0.9335961064812663,2.8557779028730295,0.14745586377627562,0.8684462694506
Hubei Province,898,gennorm,2.184875254643743,-0.006848450893442853,0.8081206330452366,2.7510924146855897,0.14366558310060606,0.8821841532411514
Hubei Province,899,gennorm,2.628991474860624,0.05479193588179286,0.8652305867556324,2.6945771317662093,0.1259806135400235,0.8973752950030554
Hubei Province,900,gennorm,2.0785499486345156,0.026664398357750016,0.7832212892949331,2.3400009504313783,0.17353935226436518,0.8350207950924463
Hubei Province,901,gennorm,2.264475649100078,0.028555136085331858,0.8394168732988196,2.6326880176062497,0.1650481470832412,0.8501834002722416
Hubei Province,902,gennorm,2.2033956749107233,0.040131283304423615,0.8366210224801272,2.373127775299188,0.1931262378362459,0.8704078508622236
Hubei Province,903,gennorm,2.5747099586278424,0.033626086968358726,0.8691094941015354,2.908574635096584,0.1218731593956493,0.8828306966112155
Hubei Province,904,gennorm,2.2974526475261587,0.03515071184915539,0.8218993116154364,2.914804840578217,0.1419682254135753,0.8916770708431863
Hubei Province,905,gennorm,2.5874778736704687,0.05753467747527488,0.881144055969539,2.8661630574199295,0.16355566985384629,0.8813918756114119
Hubei Province,906,gennorm,2.592663233426313,0.05161589584149959,0.8846828794506931,2.547140705783359,0.1480700933728441,0.8481658793232261
Hubei Province,907,gennorm,2.3826173545514457,0.049420733699017075,0.8645200874152164,3.1836947109485756,0.15177559914950406,0.9222354671756671
Hubei Province,908,gennorm,2.57395152599465,0.06020134830121591,0.8464557356425011,2.3625644664867282,0.16699971426977622,0.8325704079719882
Hubei Province,909,gennorm,2.5560560049164938,0.05641844649875327,0.8970707448538147,2.721501909883754,0.09499220244447942,0.8543860503995324
Hubei Province,910,gennorm,2.7496895217955437,0.06594931430788317,0.8646039383288465,2.9043581583289537,0.13949180316236767,0.9178706493905904
Hubei Province,911,gennorm,2.5921702638703383,0.05539061080504783,0.8480278932394638,2.6371176945962986,0.11433861707157929,0.871338629288984
Hubei Province,912,gennorm,2.202221589494197,0.01938917285950921,0.811619077859633,2.401270082469085,0.1548041185471123,0.8293131416640849
Hubei Province,913,gennorm,2.520987482429719,0.07102124095580445,0.8803171186287186,2.728085907780165,0.12363964005989347,0.8892071725567015
Hubei Province,914,gennorm,2.6881179737053618,0.0505402209758641,0.9083379349303442,2.7286884967691645,0.12972230742671687,0.899175891017874
Hubei Province,915,gennorm,2.20384606994258,0.05908983120471813,0.8078123411532094,3.111449362282075,0.11197816011626784,0.9003759460025369
Hubei Province,916,gennorm,2.51160987255214,0.044985417952639176,0.869484140004001,2.9212643135100222,0.16258971076511308,0.8261275823056724
Hubei Province,917,gennorm,2.6844656770474677,0.033036910548024274,0.8697237560261781,2.758080888712785,0.14304954974944734,0.8541242103949875
Hubei Province,918,gennorm,2.22795569304125,0.08681353223061214,0.8330935789443155,2.5813333666691705,0.11844595748259656,0.8717885943977663
Hubei Province,919,gennorm,2.2732484055735562,0.011608059039251531,0.8220455797991779,2.694944246201839,0.1364171740669933,0.8500234916288749
Hubei Province,920,gennorm,2.320152641221742,0.0536944750920443,0.8127233770994011,3.1788046204285907,0.11422412896803502,0.9579033526596572
Hubei Province,921,gennorm,2.808133999886613,-0.011736329446015424,0.915614680995005,2.9623645040294324,0.15629568825401452,0.8857972032495214
Hubei Province,922,gennorm,2.5523717361486216,-0.005574426850189772,0.8887643278104971,2.7558738778036673,0.1277230166029464,0.8621428766222243
Hubei Province,923,gennorm,2.6797506818016537,-0.004769613781161445,0.9235655747029455,2.825804796381747,0.13648720247516172,0.8912211081020405
Hubei Province,924,gennorm,2.4869361480515315,0.04698654536944678,0.8809596483149631,3.133697687772581,0.11856108590991696,0.8869433833406078
Hubei Province,925,gennorm,2.289771253451065,0.05554201953257909,0.844924135336288,2.2881199053219636,0.1458441365216287,0.8129013312544109
Hubei Province,926,gennorm,2.1873454875259757,0.03482089122421875,0.7943949151635463,2.4872192548632555,0.1557616533704852,0.8500124883028335
Hubei Province,927,gennorm,2.1976788220313974,0.021553838175905053,0.8228595021209857,2.578522582167248,0.11565162876239621,0.8532850363516811
Hubei Province,928,gennorm,2.1102883771129015,0.038999275131468614,0.7511007732329666,2.6217033582778595,0.07989807385647185,0.8469694871170451
Hubei Province,929,gennorm,2.790675859750187,0.037679222159463316,0.9317093488496097,2.57862362309226,0.11988780856203027,0.8527666291291134
Hubei Province,930,gennorm,2.683217120810486,0.022446403969569432,0.8748063731016676,2.8436237980659023,0.1336767922254653,0.8910663115997557
Hubei Province,931,gennorm,2.26280435471047,0.00424256954628339,0.7527560436623797,2.593551801439297,0.11641040089369836,0.859549571996794
Hubei Province,932,gennorm,3.0170636693404194,0.02218437461346537,0.9085835132457349,2.634209389468407,0.12411044246726369,0.8136067004564591
Hubei Province,933,gennorm,1.9233908650327947,0.008811166402090974,0.68729594058207,3.3872123344689022,0.13285550148392156,0.914687043299274
Hubei Province,934,gennorm,2.284514411370331,0.022309110978498276,0.804195168628491,2.5630584830101473,0.1531446010854814,0.8916589500368302
Hubei Province,935,gennorm,3.1655566506888313,0.010641445684440419,0.9397404445749602,2.661327517945712,0.09657680650167588,0.9107006313599021
Hubei Province,936,gennorm,2.6639785699687817,0.05663750639367453,0.8208735290895619,2.4204565679050356,0.12100781858338874,0.813321411316225
Hubei Province,937,gennorm,2.5325584304542694,0.01892160399318055,0.8691126987078941,2.614324275156319,0.15665512560529843,0.862970337159608
Hubei Province,938,gennorm,2.733239925358556,0.039247058280007525,0.8832914901136906,2.9691729411147927,0.13992761489424194,0.8926222821806231
Hubei Province,939,gennorm,2.430196940598514,0.03457698400019531,0.8243135587483904,2.7011675334602803,0.1420095796572871,0.8978687880882505
Hubei Province,940,gennorm,2.443832708709165,0.04296100200227843,0.8631932403243429,2.9699035306441877,0.15170029685629555,0.9109723397461524
Hubei Province,941,gennorm,2.338477755531049,0.01816217965347052,0.8148073399887091,3.171443707436005,0.13399898172074182,0.934357960726412
Hubei Province,942,gennorm,2.3614544416924854,0.048100065802675465,0.8305220061577188,2.4937647910022234,0.12092408881967678,0.8518328476322188
Hubei Province,943,gennorm,2.150046786705075,-0.022542604479291524,0.7889514862922176,2.990428580641863,0.13967859320846165,0.8456836650629311
Hubei Province,944,gennorm,2.775524839547141,0.029255064612673555,0.8685942738301006,2.760839311450409,0.16259208428760702,0.9199594733454202
Hubei Province,945,gennorm,2.028723523998662,0.0747785877795035,0.7769941990303264,2.2255412528268357,0.13019240937949567,0.7898482203028112
Hubei Province,946,gennorm,2.123838065745008,0.03219224176944788,0.808630085578345,2.88578978077847,0.15496745928469313,0.8863534366991953
Hubei Province,947,gennorm,2.3504589348184655,0.025494611992850247,0.8601101654019434,2.1765499654192237,0.17346392549148942,0.7984104682510085
Hubei Province,948,gennorm,2.2529532290785115,-0.0412654889872503,0.833032741507199,3.6491684703484673,0.14213747994229745,0.9593593806670853
Hubei Province,949,gennorm,2.5982118642099445,0.09954858332484222,0.8813472254431052,2.7118309153143842,0.1300505286720534,0.9017782654802773
Hubei Province,950,gennorm,2.37356366114833,0.027575699974453343,0.8413405897262188,2.8993119296564065,0.11460012314151571,0.8783932260596502
Hubei Province,951,gennorm,2.2586510012015366,0.04177369427811419,0.833862256107789,2.719363748799662,0.18349519824095623,0.8957345495374566
Hubei Province,952,gennorm,2.612071295414724,0.058894734781034706,0.8727334149534172,2.445489261473199,0.11786932849390092,0.8056445558706076
Hubei Province,953,gennorm,2.625592711548773,-0.000684329065233192,0.8765582089189545,2.434538031837617,0.13463464336085232,0.8059355321076578
Hubei Province,954,gennorm,2.459241431393605,0.056960904322380754,0.8480439256393109,2.600562301840699,0.1378674303001085,0.8541926627217866
Hubei Province,955,gennorm,3.011644812128721,0.04990719224800631,0.8831319727060896,2.7118567002430822,0.13885898008931052,0.8706939437927282
Hubei Province,956,gennorm,2.311379374103125,0.03981938373318568,0.8188726717656339,2.9228372577641544,0.12701438409985752,0.8883605090864103
Hubei Province,957,gennorm,2.5832747630828092,0.028398945675317387,0.8705528271683146,2.643467494515788,0.14368922854292843,0.8564272361141383
Hubei Province,958,gennorm,2.6145183773793352,0.02079565447883071,0.8915945439418949,2.4777174321890074,0.11950259994318779,0.8709672889766347
Hubei Province,959,gennorm,2.751351410629952,0.02017009271615706,0.8586798149005943,2.802605844865857,0.16440971083005926,0.8818393343851242
Hubei Province,960,gennorm,2.374440391826597,0.0745064787803373,0.8875628325892185,2.70302468566924,0.1484412935619872,0.8670042743808442
Hubei Province,961,gennorm,2.3784166492232233,-0.0016365784145377076,0.8754307081252559,2.8335534782348626,0.1546251444283458,0.8939459837783426
Hubei Province,962,gennorm,2.6005934394846433,0.009829125795632155,0.879493264856557,2.510115517614735,0.13307642191939634,0.8624089691677028
Hubei Province,963,gennorm,2.725988297571713,0.006017274178390028,0.9078408626076646,3.1291174050338983,0.14821177193291843,0.8939101070599031
Hubei Province,964,gennorm,2.124664773314225,0.01208277365364088,0.8041533359386894,2.898204574751909,0.14586189443393457,0.9195896407480497
Hubei Province,965,gennorm,2.56400308376951,0.029620329179979695,0.8697144508728069,2.4763952037172725,0.1679340756090432,0.8359455087899823
Hubei Province,966,gennorm,2.540632096719164,0.019538790896713756,0.8613123160994824,2.732779452951,0.11468176476433325,0.8470644119570272
Hubei Province,967,gennorm,2.816658136422754,0.04724746826423472,0.8675451580586644,2.726216783164853,0.12303113750547554,0.8601768876429763
Hubei Province,968,gennorm,2.624953365602285,0.040101085667215736,0.8472474849375168,2.6454620251188254,0.16796131685189564,0.8372092386106524
Hubei Province,969,gennorm,2.5977219573398997,0.025702528944628433,0.8698241313396933,3.070436903545394,0.12176314302363303,0.8956432414660809
Hubei Province,970,gennorm,2.4280666624305867,0.04641433846283788,0.8743926297983209,3.2113146499677767,0.1568116227617125,0.934529985547109
Hubei Province,971,gennorm,2.505794768088286,0.04210713603421091,0.848538747742118,2.5544572274484185,0.12429134751299034,0.8374580616567648
Hubei Province,972,gennorm,1.929011196731065,0.001982867970962453,0.7337639757386278,2.834313328850568,0.1429568940617879,0.8955844872258403
Hubei Province,973,gennorm,2.722368786496256,0.026346198664992642,0.8771943272613593,2.8943564363588044,0.17316133235960957,0.9173000605448234
Hubei Province,974,gennorm,2.3770889832690525,0.025904072418297328,0.8725018259176124,2.766067092562632,0.12377814764266663,0.867998458155768
Hubei Province,975,gennorm,2.92840481478812,0.05067886542839915,0.9123781611891213,2.657249098661718,0.12313696026987833,0.8752805952372943
Hubei Province,976,gennorm,2.47329504394299,0.005646655389421516,0.8641789257702195,3.051534204021417,0.1085980040846735,0.8959846142395762
Hubei Province,977,gennorm,2.3827245947152114,0.049577929142739466,0.8490588718337619,2.4544960989368505,0.15620059635654543,0.8830410177128241
Hubei Province,978,gennorm,2.3811187457451313,-0.01095801616724794,0.8539641564528189,2.6245841310666096,0.17804080826583402,0.8650969757563083
Hubei Province,979,gennorm,2.4301513442509224,0.02212194189196777,0.8000901959123541,2.579007801309947,0.1474134250913317,0.8653649648371928
Hubei Province,980,gennorm,2.226851707791101,0.03197682536654636,0.7765771784526705,2.8585081074418133,0.16046993286108296,0.8366174824796113
Hubei Province,981,gennorm,2.2831875173838867,0.0362072265237173,0.8109603686613382,2.4145893002143275,0.16026705407806188,0.8022786300069344
Hubei Province,982,gennorm,2.556182856827372,0.04124532274754927,0.8456730242602553,2.7198028292794083,0.14993825722617488,0.8782572668650983
Hubei Province,983,gennorm,2.847639874578447,0.03835553900711257,0.898815552972107,2.5051765025920423,0.16140322577774505,0.8342843638237077
Hubei Province,984,gennorm,2.4679856236895676,0.00021125696365727436,0.8127063201212272,2.590960826796291,0.14890097402857505,0.7970638320568442
Hubei Province,985,gennorm,2.1521355581922252,0.037340901105027566,0.7880795543445339,2.8991377400057567,0.12285413560695355,0.9129105882531956
Hubei Province,986,gennorm,2.6923646769789027,0.00015010536826339725,0.9030583009330694,2.8009699611568584,0.14824155431979386,0.8749666884671727
Hubei Province,987,gennorm,2.191033505320795,0.026048197993687752,0.8220841856701597,2.8227484690733635,0.1316162063102793,0.9098693477418978
Hubei Province,988,gennorm,2.6724175634563494,-0.007724108104282248,0.8902046121709162,2.566671952353249,0.1287463156563243,0.8421325926180896
Hubei Province,989,gennorm,2.791326136266038,0.05044979557372954,0.9009994332974982,2.5580114284608557,0.14398274807598266,0.8631280385562858
Hubei Province,990,gennorm,2.6141863344844167,0.011659290266596567,0.9250546135800778,2.6472511299267474,0.13280213064757973,0.8600737187424594
Hubei Province,991,gennorm,2.1705059084227596,0.03393756391749421,0.8154186293093835,2.8570693536047047,0.11533195834219961,0.8998400020211341
Hubei Province,992,gennorm,2.5472226271651532,0.019393477622820465,0.8678776283218907,2.885436846576207,0.15417606923292415,0.857315889884125
Hubei Province,993,gennorm,2.4175345564591497,0.06429691649512778,0.8596833048459831,2.7419061776527105,0.14367504752098817,0.8909038416582744
Hubei Province,994,gennorm,2.751701282029737,0.007891200108875014,0.9241052086075372,2.6087988647188247,0.12466140166015574,0.8629864816638719
Hubei Province,995,gennorm,2.6619606577845514,0.028004762791958293,0.899206115012392,2.4459773414040438,0.13349213702219961,0.8395661554759484
Hubei Province,996,gennorm,2.230393105986924,0.052305513542944486,0.7934040656593929,2.6312016155782088,0.16054373160939814,0.8659629643557876
Hubei Province,997,gennorm,2.137735027928456,0.01779947510409771,0.8003175573643424,2.740858336394136,0.13734053427712312,0.8690330463095002
Hubei Province,998,gennorm,2.255644407367921,0.01871224082495777,0.865384149356315,2.48403924653583,0.12968391751002123,0.8207961641925938
Hubei Province,999,gennorm,2.2765762124621176,-0.017572154199736102,0.7604766670666082,3.3358370990955963,0.12682248030225524,0.9263538526529029
Hunan Province,0,gennorm,2.440370693381281,-0.04570502063269902,0.8997968103068594,2.1103225945602326,0.21769387525937622,0.8566288856440902
Hunan Province,1,gennorm,2.424949925409825,0.01748543009558217,0.9490480878779297,2.350291073509302,0.21051787555209445,0.8824524242689413
Hunan Province,2,gennorm,2.5733919016437374,-0.017016783914009126,0.9857101997194373,2.464189005101286,0.14656096846048022,0.8658426266653796
Hunan Province,3,gennorm,2.897278798337287,0.04731525040403285,0.9664424597306143,2.2838854972670846,0.15795960111348478,0.8614326438108939
Hunan Province,4,gennorm,2.423336310746142,3.3042216164339913e-05,0.9814557342947812,2.321951801790547,0.22208250335461105,0.8686188719935
Hunan Province,5,gennorm,2.5601946011458745,-0.017181357646114368,0.9561482483388077,2.436083334403757,0.18084040935751855,0.8790199654606901
Hunan Province,6,gennorm,2.569000161941026,0.00647814160221143,0.947132586964101,2.4213546134233646,0.21796328488298683,0.8604589269650105
Hunan Province,7,gennorm,3.0100338881780493,0.03335085685625806,0.9470946423087319,2.244235430481595,0.2123821374493975,0.8204338426767299
Hunan Province,8,gennorm,2.7203386048857183,-0.02404146208058714,0.9448870445187679,2.323364917161112,0.23770178735531555,0.8674009450887734
Hunan Province,9,gennorm,2.8707026682535037,-0.014614524418958413,0.9726052450001923,2.424845738298471,0.17669897642652885,0.8521241052546787
Hunan Province,10,gennorm,2.689932289694223,0.04257754169175955,0.9946347363845296,1.8851813297208702,0.18113261771183725,0.7773647096551762
Hunan Province,11,gennorm,2.4639622668319743,-0.01937794230508361,0.9212500726514532,2.8712399256069427,0.201265145189149,0.998788159158803
Hunan Province,12,gennorm,2.790362445697076,0.004143085572106395,0.9991013864733456,2.7956796725479123,0.199043089605133,0.9781889956332965
Hunan Province,13,gennorm,2.3124148938342355,0.03428687895278519,0.8720880915041967,2.2378865189973745,0.21951067590733547,0.855759210593322
Hunan Province,14,gennorm,3.1764917533434716,0.026719341545446168,1.0124082085923969,2.3431518767428026,0.19370900918723757,0.8918277322788595
Hunan Province,15,gennorm,2.278805847514107,0.04697452538947909,0.9387716034422355,2.780080939801823,0.21005162316402198,0.9400444643455055
Hunan Province,16,gennorm,2.816955839198452,0.010026803881810847,1.050957526386095,2.3524969442747947,0.2171987086636667,0.8531437755851896
Hunan Province,17,gennorm,2.906175011918913,0.032724243168550805,1.0018599156432746,2.811581912836761,0.2226504911970964,0.9351808049954975
Hunan Province,18,gennorm,2.5368457612859903,-0.0077067474181566654,0.970636172998214,2.3128356023648893,0.21009066443894797,0.8386960085587074
Hunan Province,19,gennorm,2.3505733766982675,-0.056742080486247314,0.8863788716565228,2.3633839421168066,0.17771976954003899,0.8963468123517602
Hunan Province,20,gennorm,2.6966876286664334,0.018288347171076465,0.9366254332512389,2.7784899998862356,0.2133229880479675,0.9319686012656334
Hunan Province,21,gennorm,3.0138216082899234,0.04086421901216948,1.0043382552267204,2.86633605394504,0.21540914410710515,0.9540145971317862
Hunan Province,22,gennorm,2.6235713267617355,0.002688185372318564,0.9969587102029054,2.3127034198818945,0.17572624649643476,0.883439063468805
Hunan Province,23,gennorm,2.6791751580186878,-0.000344772920228504,0.9717777257921806,2.4108455365455947,0.20007610612720061,0.9079010909284353
Hunan Province,24,gennorm,2.2882884919609223,-0.012321634281965008,0.8487025986282057,2.9871060832509007,0.15223178186634062,0.926256003137103
Hunan Province,25,gennorm,2.953815553189145,0.07695702977062471,0.9895956077174543,2.2294974725779966,0.2194032672556167,0.8347572298659982
Hunan Province,26,gennorm,2.810204442775155,0.013833874174824526,0.9769878841664097,2.1937089956187252,0.2337803220838492,0.8448319155318451
Hunan Province,27,gennorm,2.6002085522576612,-0.008158730247277975,0.9463433953817133,2.2575167130775764,0.2281875841770277,0.8637927660944522
Hunan Province,28,gennorm,3.208900119736664,-0.02341160807611169,0.9968832020385208,2.3096001549687264,0.22798516720929363,0.8625514868595486
Hunan Province,29,gennorm,2.7155379860305464,0.0371701221018496,1.0005163726787665,2.218505789550939,0.22705199029839807,0.8749210900821567
Hunan Province,30,gennorm,3.0209935106405794,0.03331436679487833,0.979104840589127,2.483607680062331,0.22213537251862603,0.9341763808312802
Hunan Province,31,gennorm,2.3581465350671698,-0.012257802054312868,0.8752400563998994,2.1785186945347412,0.17083740539596334,0.8931748114333948
Hunan Province,32,gennorm,2.2351481943386933,0.03316795742129998,0.9229249248375615,2.894308130648393,0.17581018933766518,0.9529367614385185
Hunan Province,33,gennorm,3.0125916835209536,0.015016546617046309,0.9853167373975985,2.3686232954277746,0.18409546537247162,0.9348301976355702
Hunan Province,34,gennorm,2.2988114111025224,0.009513833859034591,0.8780634644032301,2.4967781611853974,0.2073359418483054,0.939835734606018
Hunan Province,35,gennorm,2.5995450264163376,0.016645992967732816,0.9484372531754868,1.9213131036801956,0.14525381786060912,0.8250662025165838
Hunan Province,36,gennorm,2.887090491317257,0.0031392153805248,0.9741656632727822,2.3490775100141805,0.19915230247355203,0.9122165954361519
Hunan Province,37,gennorm,2.351822249133482,0.022973559117005278,0.9027850987958935,2.1129849296884675,0.21934564963045017,0.8512767160225327
Hunan Province,38,gennorm,2.6378514854708373,0.015160297551208833,0.9684327513783262,2.445827856413116,0.1762635578622375,0.8871821543481997
Hunan Province,39,gennorm,2.961965591953385,0.01046522504233852,1.0003467615322355,2.492509017594957,0.17478086165509316,0.8899551982257122
Hunan Province,40,gennorm,2.615515301531471,0.03207935507980954,0.9891659890045119,2.5357150825648826,0.22310121438499148,0.8797976293356851
Hunan Province,41,gennorm,2.6288414184267115,0.01983832166837838,0.9441252399205169,1.8936996218416693,0.1612611295766666,0.8099840308594176
Hunan Province,42,gennorm,2.922933513248047,0.00325390942988587,1.0023467325847362,3.185142752484797,0.19971946037328236,0.9804643415042795
Hunan Province,43,gennorm,2.239991903868674,-0.0032954373008284845,0.9106608294601104,2.5636238578211827,0.19724698368427565,0.953173263897252
Hunan Province,44,gennorm,2.9229885355102243,0.0075625696532261415,0.9200615296548769,2.3385639735828843,0.25966396104288525,0.8771816593147629
Hunan Province,45,gennorm,3.043997191039766,0.02648284863437266,1.0202156764572148,2.294889689547212,0.2072838156642674,0.8542022634793315
Hunan Province,46,gennorm,2.5042738994366025,0.05318168020126393,0.9495223696506871,2.3308730282078525,0.16596581100491947,0.8699198361019468
Hunan Province,47,gennorm,2.5874080138409266,0.018143622096246606,0.9676834542033883,2.7105871793194227,0.2243506077353446,1.0071945654354342
Hunan Province,48,gennorm,2.5589709198078014,0.06099358971665638,0.9754424403398747,2.307619686791613,0.19963653543135362,0.833958534719716
Hunan Province,49,gennorm,2.781706407253383,0.003741771590795533,0.9827797081374161,3.0445019403523808,0.22116104853385343,0.9252846625378546
Hunan Province,50,gennorm,3.145582814405224,0.07930688507915531,1.0106395330591305,2.595568182155347,0.19584664470284424,0.8474060115064688
Hunan Province,51,gennorm,2.792654115895321,0.010907085120973948,0.9849892125794311,2.364676904154704,0.20012398874403248,0.9156875048603272
Hunan Province,52,gennorm,2.5969322488109707,0.011708296939695884,0.9678763505381724,2.2785536175246257,0.19096123198767528,0.8511216409077925
Hunan Province,53,gennorm,2.5590121307710127,-0.03970056572119608,0.9886740381503782,1.9165636396012573,0.21388798890664562,0.7983379833502176
Hunan Province,54,gennorm,2.4640371573816293,0.03201504415767718,0.9374190875913755,2.243311640782969,0.17664925314944846,0.866230341786755
Hunan Province,55,gennorm,2.8184963411355355,0.029443555650549458,0.9833226062551101,2.2179461916488794,0.21534934903395875,0.8835629361762319
Hunan Province,56,gennorm,2.5631997154113684,0.03493152104523829,0.9458915947617657,2.4596485966752373,0.19932079860831192,0.8894843631860279
Hunan Province,57,gennorm,2.820916563539528,0.05372242858226178,1.0131662748401629,2.8803228696263505,0.1748805278048042,0.9614237715406277
Hunan Province,58,gennorm,2.717269123075803,0.057687909089738025,0.9563723188408317,2.3790799511064717,0.19656888013445956,0.8603546139031446
Hunan Province,59,gennorm,2.5437127622916016,0.024405471265713394,0.972744620660797,2.011996588000372,0.2173852201328373,0.7719181963665653
Hunan Province,60,gennorm,3.1442620991446986,-0.008424597676355075,0.9923763996359556,2.481356817925444,0.2252409823111734,0.8716525776368784
Hunan Province,61,gennorm,2.7319277659520265,0.03654094849993732,0.9518393913891648,2.536107740839204,0.24902914381706212,0.9150874432361844
Hunan Province,62,gennorm,2.72443475922689,0.016709290353795175,0.9968946138665673,2.6315833139186826,0.19380562803612372,0.8858436282516761
Hunan Province,63,gennorm,2.6606759713324806,0.03655188469075778,0.9973966942922838,2.336032260221372,0.19134639283396027,0.8612279265036789
Hunan Province,64,gennorm,2.7997528358128667,-0.0013572367208187085,1.0135205867207033,2.7835203787627343,0.2024926715760726,0.9215140678692353
Hunan Province,65,gennorm,2.4960094373012005,0.03140577773205287,0.9321136477315055,2.1489456890693046,0.2067443818775901,0.8139935434031784
Hunan Province,66,gennorm,3.1753210438681094,-0.02811224585632293,1.0174753923287985,2.4574927876007973,0.1507917348475572,0.8598414121917337
Hunan Province,67,gennorm,2.741863464299952,0.014141709837946048,1.0019429971585354,2.2318653713417778,0.21143023110469056,0.8824148999031338
Hunan Province,68,gennorm,3.060693605668442,0.0413856413123529,0.9954510545520191,2.184788772657708,0.1795661215095995,0.8513093837703438
Hunan Province,69,gennorm,3.101834086172941,-0.012638493993111944,0.9757869940370367,2.626798889829686,0.21196297954988486,0.9228318380238455
Hunan Province,70,gennorm,2.700169781051507,0.02364170339226758,0.9984481754070673,2.4012614418732516,0.21190062101374754,0.8817917890479539
Hunan Province,71,gennorm,2.831594353702812,-0.011295929340776568,0.9983272817687261,2.097027402917785,0.22324135281945967,0.8383468998880008
Hunan Province,72,gennorm,2.6849905681794164,0.03381982355070348,0.9372050653365924,2.7204667089721157,0.2725526254052951,0.9344794287769563
Hunan Province,73,gennorm,2.6133902547922347,0.007637452261782293,0.9718455376405725,2.531492598544904,0.21407035789167386,0.9485675697413369
Hunan Province,74,gennorm,2.654585049489864,0.03555668548201599,0.9816966875937749,2.6489708838541164,0.21390475348501561,0.9052659485070693
Hunan Province,75,gennorm,2.55789573707163,0.060711092633668244,0.9217694036562181,2.4808903646406435,0.14696706122967762,0.8915377569812095
Hunan Province,76,gennorm,2.4861078014446534,-0.004894810247432605,0.9256963773300677,2.3538424649244334,0.24415956410329553,0.8622001631574551
Hunan Province,77,gennorm,2.536615503523665,-0.012188024027243893,0.9777546709307203,2.6112071050931798,0.1771006532030161,0.8867107413490831
Hunan Province,78,gennorm,3.145530724057847,-0.02489056325590406,1.0035996873527298,2.3763889270269947,0.18376387256567733,0.8943934578830037
Hunan Province,79,gennorm,2.4358182292512613,-0.0041270952773482745,0.9324542406924656,2.556938580264258,0.23306512711845206,0.8968903791437248
Hunan Province,80,gennorm,2.8999120472235047,0.04635239123406158,0.9619541223811126,2.5348493329847877,0.2034671812473787,0.8838605403730899
Hunan Province,81,gennorm,2.593547820602879,-0.03273277644303953,0.9169800656864183,2.405054523811488,0.16149153450005788,0.8804124036014636
Hunan Province,82,gennorm,3.017204940504803,-0.019705425539149897,0.9773502092267035,2.2522577211007917,0.21488135426083413,0.8725216972047893
Hunan Province,83,gennorm,2.677976145180469,0.006373663356040381,0.9501481655206212,2.4855976825202246,0.158759342502457,0.8626843826265284
Hunan Province,84,gennorm,2.8114701054155313,0.018667117717910586,1.0061016200843687,2.2404496732435724,0.2221890254527682,0.8495306753888012
Hunan Province,85,gennorm,2.6973032283731397,0.027817020045125727,0.945689816717269,2.692469424386032,0.19423646150701276,0.9236566418826486
Hunan Province,86,gennorm,2.6195572721820186,-0.01520169211770794,1.0090968203870463,2.607973239915208,0.2299451723244672,0.8964722880749958
Hunan Province,87,gennorm,3.1134754616912064,0.024643432636608474,0.9855315740878856,2.2366427494285244,0.19485286705443117,0.8809615100882604
Hunan Province,88,gennorm,2.8409044057304973,0.04882499419833952,0.9612112792693484,2.0401169429446133,0.22229582989790436,0.7875313017356591
Hunan Province,89,gennorm,2.938959594703067,0.013778099514024679,0.9361917043664414,2.576111290476962,0.17986231026397975,0.9352271242153543
Hunan Province,90,gennorm,2.7202189074425647,0.020859019747425198,0.947523492856609,2.1935496069494915,0.22190334611824528,0.9087393957245616
Hunan Province,91,gennorm,2.6301508304741326,0.009735611454178252,0.938966729425601,2.1487291135236686,0.18933943769783063,0.812825106342152
Hunan Province,92,gennorm,2.4582876320975426,0.010107100449242252,0.9503917057997355,2.4299820689060203,0.23425532216296463,0.8955323760217093
Hunan Province,93,gennorm,2.779409044747278,0.01788632580771344,0.9887230476432955,2.5972009201372845,0.1645910926811972,0.9159349631005967
Hunan Province,94,gennorm,3.2918392245212678,-0.02616515234137196,0.9703778147834534,2.6818063209039877,0.20893392889658927,0.8916553483951142
Hunan Province,95,gennorm,2.952753202002035,0.002037649370275593,1.0019223776415498,2.1185873311295653,0.1722178608966632,0.8533121278240705
Hunan Province,96,gennorm,2.150311646482077,0.018212654682568025,0.8992127588669532,2.288068730025539,0.19754090161130616,0.8593823634744644
Hunan Province,97,gennorm,3.0225201883597412,0.03696289554833211,1.020864917619938,2.6960080891772416,0.21940835068380632,0.9550408417930946
Hunan Province,98,gennorm,2.2983110301555945,0.008063234173470855,0.8932331701262965,2.4455554290097012,0.20890557229544154,0.8878817273455573
Hunan Province,99,gennorm,2.583403378890294,0.0028441685230976566,0.9851964104316075,2.5887664823561702,0.19888487075749445,0.9429664013170553
Hunan Province,100,gennorm,2.6158588449684586,-0.00958297581441269,0.9402483007368005,2.0694862707955908,0.17301418449955963,0.8483088739848679
Hunan Province,101,gennorm,2.580478642257969,0.01955520060117335,0.9242277477862738,2.392035950229432,0.18426895206833366,0.8826946617210711
Hunan Province,102,gennorm,2.6461496203823174,-0.01618382051131666,0.9117029323343879,2.6406390078342072,0.19934587808810683,0.9132908625203269
Hunan Province,103,gennorm,2.773754210189635,0.012626731653347172,0.9864686069595179,2.2921613984034983,0.1973827230521737,0.8736954299304649
Hunan Province,104,gennorm,2.6335473102811093,0.03417289577525233,0.9586932048695018,2.7595779532551954,0.1729179035692741,0.9339873214740124
Hunan Province,105,gennorm,2.4945320438602243,0.018159810188323862,0.9294286722973489,2.1566212416606567,0.21522551763752557,0.8494374955486781
Hunan Province,106,gennorm,2.6044960175463174,0.01347105236117355,0.991804610145144,2.277108427363536,0.1745785369625084,0.8405439333315192
Hunan Province,107,gennorm,3.1166679301448434,0.013118540808777666,0.9949854369396433,2.6164898325462516,0.2024512373279756,0.9349817054260097
Hunan Province,108,gennorm,2.848334323630504,-0.034836898182784196,0.9760063623592874,2.0267145300613314,0.23096736462699108,0.7677346243170958
Hunan Province,109,gennorm,2.955568806452533,0.0025212378666783658,0.9681078598945753,2.1950880996325193,0.20915317023121904,0.8967499000356374
Hunan Province,110,gennorm,2.8962808515292964,0.01987847334276991,0.9811100545090756,2.333497765879438,0.194203328902317,0.8459314057926397
Hunan Province,111,gennorm,2.9573382467483036,-0.007433698361964655,1.0142589549355625,2.5485571574792454,0.20916648987303993,0.8451808508296674
Hunan Province,112,gennorm,2.8332207134686413,-0.009794550372991729,0.9584037419220288,2.634054328297689,0.15859740892359808,0.895240111752901
Hunan Province,113,gennorm,2.7581286092200434,0.016570820516762716,0.9547987114733067,2.0305793179307985,0.1843588039317285,0.7859279543530464
Hunan Province,114,gennorm,3.3218874420133817,0.013118306937796476,1.0287543547985458,2.595575916233292,0.15618954056982015,0.9313782805288375
Hunan Province,115,gennorm,2.7779108994543513,-0.018475790611865765,0.9622139993850545,2.6790206030178254,0.24146863059666768,0.9404768451260419
Hunan Province,116,gennorm,2.411969391192731,0.034069464168714265,0.8906014291911042,2.202412078394312,0.207151140399222,0.8708462374702917
Hunan Province,117,gennorm,2.701223230690344,0.004924989049210482,0.9735381106565095,2.2983115222970243,0.18824994873597983,0.8495726088435877
Hunan Province,118,gennorm,3.3101377801445553,0.017445460788657594,1.070251379091674,2.548544683101448,0.21508031024586338,0.9133273312579768
Hunan Province,119,gennorm,2.5502097361769804,0.06463274180606374,0.9051326571813609,2.280121639674252,0.24817730620946696,0.877848481837069
Hunan Province,120,gennorm,2.5493121180848504,0.010011996379080887,0.9609858422940363,2.277592056812647,0.24717427120236724,0.8785946224457033
Hunan Province,121,gennorm,2.8058978365579543,-0.03171242218927582,0.9617686130276285,2.1759162365066134,0.27214863850530807,0.891790922753085
Hunan Province,122,gennorm,2.7215230267797272,0.008483669076457818,0.9570975569478759,2.0912426984593964,0.21545736771527887,0.811889272009736
Hunan Province,123,gennorm,2.7987751958193225,-0.016675111136804067,0.9355383222893751,2.4605779696600703,0.1766961926616549,0.8461621210447463
Hunan Province,124,gennorm,2.579345946490664,0.01655576967251232,0.994712020017304,2.6385236125763134,0.2353142644961092,0.8867510198870352
Hunan Province,125,gennorm,2.8934106046657484,0.024167200565155388,1.0213199301565712,2.4978013728268693,0.21822438377089065,0.8732151061181035
Hunan Province,126,gennorm,2.6324937892875835,0.029758923185974555,0.9626904814625155,2.4441256636073923,0.197012561646708,0.9376311580774653
Hunan Province,127,gennorm,2.7432098523768187,-8.724830222000738e-05,0.9579677298291032,2.329308135010754,0.16097856252488524,0.857783842571531
Hunan Province,128,gennorm,2.677047769581849,0.009580965374921022,0.9992952082407892,2.5363832412225973,0.19009303840990438,0.9269668011434444
Hunan Province,129,gennorm,3.034097295333816,0.022957621778756175,1.0187858844178082,2.502477159641632,0.14664683703673556,0.9316898589291923
Hunan Province,130,gennorm,2.877064556614761,-0.010881147495840337,0.9986126370887578,2.392072638348237,0.19561675693214453,0.9006293693058978
Hunan Province,131,gennorm,2.778363234861746,0.035426474438124834,1.0355577324737488,2.6103723974445963,0.22117030522776882,0.926114835976892
Hunan Province,132,gennorm,2.8155711168211806,-0.0030265200986327595,1.0061212430610271,2.7260199534830294,0.1948235560037238,0.9362116487291585
Hunan Province,133,gennorm,2.715322443386296,0.021921080093143332,0.9752077058756832,2.52676684904528,0.1946315794826359,0.8858188302195814
Hunan Province,134,gennorm,2.7368470025724285,0.021318075047886353,0.9401926773406344,2.0212340840826033,0.2147377988631527,0.8396390262149886
Hunan Province,135,gennorm,2.286069121506316,0.06889999311151496,0.892459738625337,2.3885577776857505,0.20369191109485904,0.9081788689216812
Hunan Province,136,gennorm,3.073712063596583,0.00244263025865303,1.0175250865468026,2.32085924248616,0.20924966485441326,0.9118405003529644
Hunan Province,137,gennorm,2.9006029640105746,-0.02161358532031339,0.9816672632591501,2.330600559707162,0.17021951654588885,0.8636363632078117
Hunan Province,138,gennorm,3.1509336635923324,0.029376701391021973,1.013316000230653,2.4067769557498018,0.20158368950603225,0.8522093778802129
Hunan Province,139,gennorm,2.743991081895079,0.042529263549738676,0.9791460834145664,2.232188074974353,0.2155182516101925,0.8404326389876503
Hunan Province,140,gennorm,2.9920869272194706,0.018307115095761523,1.0372354747762549,2.579129776987015,0.19116108706854396,0.9386037809315381
Hunan Province,141,gennorm,2.8993776645714524,0.009089283135346222,0.9862279788937767,2.5939373500760183,0.16518632061142816,0.9029174377394766
Hunan Province,142,gennorm,3.0982404357380897,0.03659976690307862,0.9835274809969585,2.2687546003351167,0.20152158876894533,0.8386327298490409
Hunan Province,143,gennorm,2.5625025125503487,0.0020617236860699445,0.880898074992177,2.320258088116663,0.2053885414778034,0.8769161318190006
Hunan Province,144,gennorm,2.4776383290605777,0.007758146992841651,0.9395745405851803,1.9353539412413032,0.21335925826045857,0.8156433467812993
Hunan Province,145,gennorm,2.7796076401666694,0.02277788880928922,0.9294568729900894,2.223699552035505,0.18244604256532,0.8756720780031365
Hunan Province,146,gennorm,2.9124458799091846,0.0011026614537822774,0.9518883567707167,2.395818243099261,0.16805405224829695,0.8504036918675901
Hunan Province,147,gennorm,3.0444325875051375,-0.01603103665920548,0.9804373612267461,2.530378235918703,0.19105461687335673,0.9134461373439895
Hunan Province,148,gennorm,2.526055818693826,0.021797809093520002,0.9366122976907569,2.407337214181202,0.2028242677059553,0.865303114325346
Hunan Province,149,gennorm,2.362485278371593,0.01567528659940417,0.8956911935582286,1.8608021052487675,0.16067025033798593,0.7864011582408162
Hunan Province,150,gennorm,3.360274866752447,0.021034175001790625,1.0219783761197134,2.625544910289923,0.17282259059268024,0.9572516459627813
Hunan Province,151,gennorm,2.89038091964305,0.005003850535272504,1.0104816562000258,2.112295398968843,0.15177813704893495,0.8087386052559915
Hunan Province,152,gennorm,2.4304594198859446,0.00029191004872730414,0.8926647243881858,2.2694111071836023,0.2098193610369548,0.8351836358414133
Hunan Province,153,gennorm,2.9518909935176367,0.006799652935017631,0.987066584757821,2.1556526039319133,0.17777801263189863,0.8253848031390552
Hunan Province,154,gennorm,3.011972109530001,-0.0063529076446509295,0.9522446440875661,2.634165074469888,0.1930979039630813,0.8859160801290065
Hunan Province,155,gennorm,2.827421140790621,0.006810602108363631,0.9501980764020743,2.139190669353796,0.18673862271766162,0.8533566516202196
Hunan Province,156,gennorm,2.5140731755188006,0.05504771981647423,1.0058810564610257,2.360835295185975,0.22734489359848198,0.8776309036757823
Hunan Province,157,gennorm,2.7371408981795904,-0.007135828716754999,0.9457212065336323,1.8259863568032308,0.17493542246425614,0.7873087226616207
Hunan Province,158,gennorm,2.424718487365763,0.04945731271295148,0.9278897599804696,2.3713601676687643,0.21375582408337215,0.8488206830507596
Hunan Province,159,gennorm,2.9621051958301043,0.00575383402720862,1.0374922900111927,2.5945734742216686,0.1922109907658734,0.8628844806703525
Hunan Province,160,gennorm,2.584957005707438,-0.01005571187706443,1.0183468957834112,2.361421030634526,0.21949080010613858,0.924032789694653
Hunan Province,161,gennorm,3.01101143900585,0.004499786052581542,1.0400765580017763,2.3185252948692545,0.1981268846968882,0.8602090847021471
Hunan Province,162,gennorm,2.7553602235062393,0.009617700569203596,1.0067783616012411,2.581368490621461,0.2553645135069451,0.912503356131413
Hunan Province,163,gennorm,2.1627935669707714,0.0002662993936746351,0.9123176710213841,1.8523419596470316,0.2176092423514313,0.8088708771357479
Hunan Province,164,gennorm,3.0387649403477974,0.08816357202586617,0.9886662132208961,2.5644664730384026,0.1975099302853211,0.9107445915120738
Hunan Province,165,gennorm,2.4931364690934688,-0.03084805750931211,0.9179974912065245,2.5205296025281902,0.1535586909925959,0.9177475395722465
Hunan Province,166,gennorm,3.117688965481838,-0.006688206007874304,0.9852734313795473,2.358291539952506,0.21231259226299093,0.904996004467034
Hunan Province,167,gennorm,2.4509201838074937,-0.04228240969778051,0.9273869400329036,2.2308296474420954,0.1786519631509524,0.8829731694797187
Hunan Province,168,gennorm,3.113229362732505,0.011002398645954693,0.9690745490160653,2.5563026525478616,0.16253680159726386,0.9122924947981923
Hunan Province,169,gennorm,2.35665612912368,0.008075316422330416,0.9262972038940442,2.7747638469017457,0.23077915104851643,0.9100959409789834
Hunan Province,170,gennorm,2.9043735256579875,-0.007302678668760087,0.9873286597837232,2.112363709960708,0.2023904309235834,0.8155632841542831
Hunan Province,171,gennorm,2.6426726748763176,0.007777015881211772,0.9355153373421822,2.3283856418313476,0.19320426495902598,0.8449356347358932
Hunan Province,172,gennorm,2.6442130758086613,-0.019614838248380576,0.9249043059199793,2.7083551605179133,0.21987443827911135,0.9544770814886321
Hunan Province,173,gennorm,2.538618986923476,-0.0012177913628212403,0.9143175114089009,2.4958641983006418,0.22320367621109838,0.9329348710259163
Hunan Province,174,gennorm,2.926676074785776,0.006835505974331448,1.038044867807754,2.218528113514321,0.19391334308901687,0.8449739978700477
Hunan Province,175,gennorm,2.732820491170428,-0.03052545847505242,0.996661710707982,2.587452627731303,0.2043757641110217,0.9546762460126889
Hunan Province,176,gennorm,3.1882457065224576,-0.011812651619683118,1.0355502184555971,2.7948784316424478,0.19920692287589262,0.8719463337925932
Hunan Province,177,gennorm,2.330297003710176,0.053272707354971346,0.8867089977119269,2.200693111037239,0.1768167613565788,0.8528145161603202
Hunan Province,178,gennorm,3.1798775486114206,0.003540959261736837,0.975007784411996,2.3927818297631975,0.17384795925632163,0.8964635102070185
Hunan Province,179,gennorm,2.3779610510079134,0.0381440123677612,0.9077316370824146,2.4096035595319782,0.20286846989748952,0.844373209947132
Hunan Province,180,gennorm,2.2468466455770404,-0.01925550454974581,0.8950017333088285,1.9813190859988545,0.2204388089130828,0.8000446261396343
Hunan Province,181,gennorm,2.958216405999437,0.018777409089919796,1.0131269630479105,2.407148542200302,0.20780673927637305,0.8982706794676444
Hunan Province,182,gennorm,2.870281466698243,0.0063118272938041155,0.9702911518817134,2.1345821275926906,0.16516371200494018,0.8369459915312956
Hunan Province,183,gennorm,2.933491039053507,-0.02356874690462195,1.0346112584213139,2.4554089522462483,0.19776156011672122,0.9076477605236254
Hunan Province,184,gennorm,2.8400158716450905,-0.013386734874273984,0.9945459080532981,2.3450572515841888,0.2110602662285473,0.8832444308893987
Hunan Province,185,gennorm,3.427511004690606,0.015326020642754675,0.9669076005239217,2.7570517092204794,0.2231861352111695,0.8514499523712874
Hunan Province,186,gennorm,3.329805968038473,0.027900432987742557,0.9996373763647319,2.1923433752042625,0.20489184965057505,0.8283796846196996
Hunan Province,187,gennorm,3.236885054063641,0.00013680216104281992,1.0288844659846317,2.9262519875503745,0.23682341556008246,0.9502563960758207
Hunan Province,188,gennorm,2.2969878589505326,-0.012943498953327397,0.903274046291555,2.285166691757848,0.22102578059224764,0.8874402783786733
Hunan Province,189,gennorm,2.7266188691344557,0.06953537878009676,0.934425117424664,2.620370422615112,0.21033199351197557,0.8760003064532222
Hunan Province,190,gennorm,3.071818105061761,0.006273112326601608,0.9955677265451122,2.183044042365145,0.19745899569168407,0.8202326638628754
Hunan Province,191,gennorm,2.68080705276137,0.01134868975035448,1.008565939444848,2.4474547056146316,0.18544339487451508,0.8774113104282986
Hunan Province,192,gennorm,2.7771702761402,-0.0008978314655156883,0.9906415105925714,2.7671266265584578,0.2065578697011639,0.9300966021417598
Hunan Province,193,gennorm,2.7145145398743926,0.02995404313759411,0.9340874414146296,2.994882630121513,0.22638881605399125,1.0209949705371635
Hunan Province,194,gennorm,2.6488389510848354,0.03107135485308043,0.9969572837968679,2.5058097022767067,0.20910566290078966,0.8668480502408213
Hunan Province,195,gennorm,2.4143567397321557,0.021241405088548326,0.9502618183609025,2.1436143746738354,0.18241618382036254,0.828844821969038
Hunan Province,196,gennorm,3.209944658534762,-0.043895430849998335,1.013216240863799,2.2445743379581105,0.2211109081012278,0.8505247274018006
Hunan Province,197,gennorm,2.4975371287097086,0.0289420154383737,0.9395024396352409,2.905221811732889,0.2056340706865854,0.9389860477544942
Hunan Province,198,gennorm,2.4956070617973953,0.05282034753419127,0.91417515802654,2.2953845485223194,0.1732227965076428,0.8487819252455875
Hunan Province,199,gennorm,3.245030365293074,0.005785951608898345,1.0285967209819948,2.321382088199173,0.24662852576916716,0.8862680191786128
Hunan Province,200,gennorm,2.43136727359368,0.00016292357529896416,0.9488069995963728,2.386751495092848,0.18673459346415572,0.8843125407284965
Hunan Province,201,gennorm,2.7473714940814933,0.049696109324749584,0.9981906237921186,2.1940474327877295,0.2177367053421379,0.8521625831161599
Hunan Province,202,gennorm,2.3139522156838472,0.02789704673665617,0.9002905151355447,2.8593999897178293,0.18567972759589726,0.9344728281954661
Hunan Province,203,gennorm,2.1897912897877028,-0.0030099930598715178,0.8462451599889298,2.601725797830632,0.22130308339013954,0.8955856922942125
Hunan Province,204,gennorm,2.5173587964495,0.04506896332900434,0.9005871886014882,2.1782710607662574,0.22449392239962546,0.816637451207878
Hunan Province,205,gennorm,3.051431564517726,0.0025500314454450744,1.0251276862667673,2.701705369122167,0.220114733429152,0.9420751909442396
Hunan Province,206,gennorm,2.695408034699324,0.0454331955922055,0.9242364087749013,2.4093412991546224,0.20270128109283503,0.8484090017253408
Hunan Province,207,gennorm,3.1171687962715966,-0.032408487884910034,1.0459452548650616,2.7653330215644356,0.16371859235025454,0.9129536040776736
Hunan Province,208,gennorm,2.5651382072099924,-0.029864165238423314,0.9443496859544882,2.122934190480086,0.2417556960475294,0.8502232543822582
Hunan Province,209,gennorm,2.460901597194901,0.05925405912231293,0.9321847094199804,2.562311756543936,0.1549777805761539,0.9247366032194457
Hunan Province,210,gennorm,3.268235232626504,0.004442803099977645,1.0516984292590903,2.2577101244280544,0.19939749618107233,0.825579422420117
Hunan Province,211,gennorm,2.8634512982510545,0.03024912896902835,0.9640067218078074,2.0801269880103,0.15749114716494886,0.8184468824109592
Hunan Province,212,gennorm,2.5754067455843894,-0.013150309298289007,0.9363072374200699,2.3517318131213596,0.2206720231894878,0.8817682640750775
Hunan Province,213,gennorm,3.153288495171918,0.05285852168900808,0.9957798583637341,2.265454287060161,0.21661219473751359,0.8536757301906077
Hunan Province,214,gennorm,3.1380946649022325,0.011678345303628553,1.019121199252997,2.185742545184576,0.19649668685661498,0.8224942622863836
Hunan Province,215,gennorm,2.7879017459122366,-0.010945916212181824,0.9783316029177006,2.3553791677711273,0.1821414696181053,0.8402252468178162
Hunan Province,216,gennorm,2.5204637918655566,-0.020721148277934316,0.9613476895056385,2.322145121970993,0.19274716299377903,0.8559237410417455
Hunan Province,217,gennorm,2.7660027298135823,0.0300734151818818,0.9771447071811002,2.532898809649261,0.2133134637179403,0.8852265586517616
Hunan Province,218,gennorm,2.3416997479006634,0.03113788340173819,0.8671755818799924,2.475625324823169,0.23639414087697924,0.8848051023981698
Hunan Province,219,gennorm,2.659880521896169,-0.0059314344666699485,0.9505709235955039,2.2915492132199344,0.2066689250069882,0.8586839301281577
Hunan Province,220,gennorm,2.842037802875579,-0.006822847014919501,1.011321958143323,2.762815986135717,0.21914849563904204,0.9393288450391142
Hunan Province,221,gennorm,2.7930962579499727,0.041618185112867745,1.0184346289408062,2.2034706649986897,0.1654312928173555,0.8891572528635714
Hunan Province,222,gennorm,3.3895366544744405,0.0040888717647993705,1.0427970838050147,2.0638850722314355,0.19275314082571432,0.8254165465368277
Hunan Province,223,gennorm,2.70527102973294,0.06111179915148461,0.9954674194111071,2.337855359770195,0.1853598926243899,0.8454262691008796
Hunan Province,224,gennorm,2.5953110919866784,0.010965355939556887,0.9652763917345888,2.3537485832195824,0.19625910470243169,0.8815483953347902
Hunan Province,225,gennorm,2.6579325486795775,0.012981660427891046,0.9173135234458237,2.7247523106696105,0.18462387282767412,0.8927082117256344
Hunan Province,226,gennorm,2.4799289260676662,-0.0073826182992320615,0.9578540057513212,2.71031315848475,0.2370247617082838,0.9194719106289069
Hunan Province,227,gennorm,2.888272365462597,0.029360866199212632,0.9901626784266444,2.386350588644196,0.20222314368854102,0.8937971029519778
Hunan Province,228,gennorm,2.8703345616163722,0.019919006927815848,0.9496699152060284,2.3272224570074265,0.13644450840526268,0.9024249482483472
Hunan Province,229,gennorm,2.6394302169429604,0.051172475360128256,0.9773819384366682,2.49506340993562,0.202327199901424,0.8752790426139653
Hunan Province,230,gennorm,2.436376749997084,0.039727477135837824,0.895153264699547,2.1542084173186167,0.19996487109694744,0.7987213892881238
Hunan Province,231,gennorm,2.659094476693126,0.04923981674725128,0.9667483006683393,2.1776282670391343,0.18476402838276407,0.8198688436325093
Hunan Province,232,gennorm,2.389361015887461,-0.017641895928470385,0.9555297581791207,2.425230547606539,0.20113539064450645,0.8804660051010016
Hunan Province,233,gennorm,3.057050742465202,0.01942222653589947,1.0381826040044113,2.338529944509358,0.20484379523482904,0.8713928438611185
Hunan Province,234,gennorm,3.1114814365496475,0.01739338235513515,0.9947216052061107,2.528910665810727,0.16684091862612327,0.8667850082340703
Hunan Province,235,gennorm,2.583782124823204,-0.0020252706105100583,0.919469661508242,2.2796469207597534,0.20025389705988822,0.8555530928977451
Hunan Province,236,gennorm,2.68683123377435,0.007990717407728458,0.9417070046919933,2.0296680562259324,0.22454818693440076,0.795780631602858
Hunan Province,237,gennorm,3.181022943399489,-0.005778520333000499,0.9660670637391289,2.064560945962303,0.23397576480837,0.8397055409783918
Hunan Province,238,gennorm,2.812529866232631,0.012030399340122072,0.9631434371500733,2.0399298146204714,0.20196402233258726,0.8114162092040658
Hunan Province,239,gennorm,2.7479214887536068,0.006043395814477236,0.9866504189701213,2.784142027961738,0.20811710370015762,0.9135524240420323
Hunan Province,240,gennorm,2.881859851829848,0.00013259879058473095,0.9886796700752134,2.6058826777366244,0.2172499588346135,0.8748695604186281
Hunan Province,241,gennorm,3.2458368119870475,-0.04655610499043013,1.024096685985036,2.4066135905971775,0.21758077662865616,0.9041905147125242
Hunan Province,242,gennorm,2.720695928948314,-0.04314317612820793,0.974969911874263,2.600997177098825,0.16815711842178244,0.9263148806734824
Hunan Province,243,gennorm,2.714610631649946,0.008872787411816983,0.9847763041476938,2.435711152239633,0.17911278093246819,0.9063242494376771
Hunan Province,244,gennorm,3.1040481964276765,-0.016485904268236755,1.013002175326017,2.29560557035748,0.16123774967367105,0.8655276400287351
Hunan Province,245,gennorm,2.4537838995033137,0.010135246272835342,0.9521340830345011,2.758962315579927,0.21168115043577745,0.8980962140884323
Hunan Province,246,gennorm,2.9674398412750147,-0.002360761157868425,0.9802430131341711,2.2818654612697555,0.17972580392902404,0.8455917643872779
Hunan Province,247,gennorm,2.8564305552154523,0.0400804091637912,1.0263609901907846,2.50576979495869,0.2212159729515653,0.8849837806103109
Hunan Province,248,gennorm,2.850198454625271,-0.02642908655559798,0.9732617133934607,2.420539314750362,0.19516259186643292,0.9214542284693363
Hunan Province,249,gennorm,2.80363745353422,0.025110100500278003,0.9809680615865279,2.510610297345593,0.20560549240778717,0.889272784249673
Hunan Province,250,gennorm,2.2084310098225335,0.03660876432247542,0.8868564542268511,2.507641342837151,0.17484527401100985,0.9050200951397867
Hunan Province,251,gennorm,2.4786069951670657,0.034167483497828804,0.9635108291121954,2.269137994576701,0.2242250733764211,0.8811943764261032
Hunan Province,252,gennorm,2.2208351159003903,0.015316647973726415,0.8946369691635843,2.211804202901555,0.23552784658905318,0.8445095858633762
Hunan Province,253,gennorm,2.6779844638362427,-0.030190497529037727,1.0026440700956618,2.4645841322476274,0.20262818854988449,0.9196205775044477
Hunan Province,254,gennorm,2.8311057844961374,0.021384981296159615,0.9715882604582229,2.1652403606126365,0.166079982611263,0.8378771849001235
Hunan Province,255,gennorm,2.512816845463515,0.030387346427987585,0.9514136391599527,2.5881825631739366,0.19485503440397217,0.9301155858976424
Hunan Province,256,gennorm,2.795048575601508,0.02437436395770705,1.009441778991957,2.2365535422778233,0.20502730432965321,0.8559474622160126
Hunan Province,257,gennorm,2.582517575915585,0.048609074431304716,0.967082818052419,2.377611611807887,0.15148168157677694,0.8703093755065883
Hunan Province,258,gennorm,2.352907279085481,-0.008369446929857855,0.9165618771771004,2.518771477038869,0.17679837267217371,0.8927821445720453
Hunan Province,259,gennorm,3.0162007589128375,-0.0013599309968808423,0.9961833643736876,2.3195403912473997,0.17429433558355484,0.883460690092287
Hunan Province,260,gennorm,2.4837017703613737,0.024809740486454443,0.929962287406416,2.34888980504563,0.18068675104735332,0.8969642367060495
Hunan Province,261,gennorm,2.6937956277356747,0.044749938550165666,0.9290976673495372,2.06179655276531,0.24542465073557718,0.8047550377880347
Hunan Province,262,gennorm,2.395733366857944,-0.019258574495909227,0.9183981450854453,2.699659684105762,0.16848604028241504,0.9075078564050909
Hunan Province,263,gennorm,2.758138373677883,0.0024212742758641585,0.9654596387865031,2.12523046238037,0.19614242692944128,0.8138379723732141
Hunan Province,264,gennorm,2.452209036182376,0.02851865274696786,0.9010825038416874,2.261454401823637,0.2140206179566933,0.8613999293633023
Hunan Province,265,gennorm,2.6367442695397543,0.027000703150630898,0.952213350229477,2.2885015788719176,0.22731961881120105,0.8316390232985216
Hunan Province,266,gennorm,2.544857651065822,0.011971699988139666,0.8736320547666089,2.2466891346611813,0.21502845020592457,0.8512842121426758
Hunan Province,267,gennorm,2.7094461678569894,-0.02951435445413872,0.9841096011385578,2.1460107824740815,0.1722563127034713,0.8432568372932758
Hunan Province,268,gennorm,3.401672366982999,0.023726401408416045,1.0904833992059726,2.596499856423848,0.192702580448526,0.8738073889090632
Hunan Province,269,gennorm,2.54222551934886,0.013115820330101313,0.9487879314349978,2.2949291641555094,0.1990992878558796,0.8524522749383083
Hunan Province,270,gennorm,2.432431606506114,0.0033465579787407057,0.9598913077575482,2.615022177413268,0.22011713588403964,0.8851563866280521
Hunan Province,271,gennorm,2.913312635845334,0.03786396614541336,0.992863335773722,1.9480505371694923,0.18051418982204032,0.8143631810079536
Hunan Province,272,gennorm,2.673709773247997,0.0065199629456797175,0.9928381824513681,2.886080000889888,0.18005045636859335,0.9415972494899467
Hunan Province,273,gennorm,2.326877358901765,0.0425320304715182,0.8892687140407276,2.3746073972814363,0.19483416460978623,0.9111233754145902
Hunan Province,274,gennorm,2.6039280458919594,-0.012096182755126146,0.9568580698970744,2.4053474552294842,0.19937433324902112,0.8698995904678262
Hunan Province,275,gennorm,3.216870347550297,0.010930444083451115,0.9922779479095221,2.495571346236706,0.20102021474203086,0.8933773642751737
Hunan Province,276,gennorm,2.640696264749368,0.017230198469580963,0.9450421850212487,2.162865027960222,0.21503087672742632,0.8763646309293667
Hunan Province,277,gennorm,2.8155232794247267,-0.019853611084080826,0.9603252249406667,2.326201848102105,0.21486636011236243,0.8762591384295457
Hunan Province,278,gennorm,3.2015955562357155,0.006682224242602026,1.016012985160696,2.4135443662362484,0.1882892372013225,0.859014559175443
Hunan Province,279,gennorm,2.427045148448281,0.024353305084186788,0.9238532694396107,2.7996424888167155,0.1931776445889306,0.8954693273966619
Hunan Province,280,gennorm,2.4512947310056865,0.03665909457111584,0.9526143131444873,2.460178833489996,0.17227293781037967,0.9149816484518493
Hunan Province,281,gennorm,2.9859153303425026,-0.044047434687014886,0.9879466709781961,2.2769839741550673,0.2568266260134109,0.8895706093366773
Hunan Province,282,gennorm,2.903696852165366,0.03087776880353762,0.9806435564670211,2.2359907042472202,0.23995289037755763,0.864219029741773
Hunan Province,283,gennorm,2.742363751821741,0.027093424711671553,0.9559685415424939,2.6984287214488845,0.13932524218848452,0.9391424067505146
Hunan Province,284,gennorm,2.981982831910412,0.015549886877775183,0.9988628045266005,2.195849992596143,0.19554172379899853,0.8288455907908922
Hunan Province,285,gennorm,2.202424574929198,0.023972443649936274,0.8841252785241636,2.8340703839748356,0.2577526220685164,0.9620045989299713
Hunan Province,286,gennorm,2.47168185491513,-0.02929903449027217,0.9124051587503179,2.2097407181966595,0.24338272410155537,0.8441062889720241
Hunan Province,287,gennorm,2.314640939073242,0.052851356013692743,0.9059821046043497,2.279803922120821,0.13602895883808047,0.8551694546727475
Hunan Province,288,gennorm,2.7024067077135765,0.009010374166928415,0.9791605587818162,2.1558851648764437,0.20842068756900312,0.8131724017862311
Hunan Province,289,gennorm,2.58076311531837,0.017316910672313203,0.9169272185077073,1.7653470035128493,0.19272652782550248,0.7296316260779316
Hunan Province,290,gennorm,2.7441981759373695,-0.03993347959053803,0.954943920882624,2.4210774569483418,0.19756307197542095,0.8809051131248713
Hunan Province,291,gennorm,2.864421232237607,-0.014319906538964665,0.9723605545920853,2.1506310186796336,0.18788462572543213,0.8543763932465129
Hunan Province,292,gennorm,2.602714042368951,-0.003791038779014215,0.9679470963109916,2.3296170376106327,0.21054923143773588,0.897654681101305
Hunan Province,293,gennorm,3.073912181105845,0.002469291413078583,0.9893261260884756,2.3790204041690552,0.22696405014652263,0.8919645583963961
Hunan Province,294,gennorm,2.28857667675745,0.014591225675112195,0.9105788587675014,2.1663392988190724,0.20390331540739898,0.8592666582411905
Hunan Province,295,gennorm,2.354586273038241,0.014553643391289093,0.9323103120877486,2.503487141361061,0.19189915670772392,0.9169532200127414
Hunan Province,296,gennorm,2.6298204173402526,0.012529834939096922,0.9525484360951615,1.8508047884195065,0.16402404865073367,0.762324468586707
Hunan Province,297,gennorm,3.1171451559705634,0.039788274034919774,1.005572656714858,2.4725224323594155,0.20293289056146502,0.8691675391890602
Hunan Province,298,gennorm,2.7260860376156923,0.02103199345406713,0.9797483454969493,2.5378518047972083,0.17653599804693731,0.8907019298991066
Hunan Province,299,gennorm,3.1138075729244967,0.014691996045594801,1.025285451141986,2.2015890509248943,0.15842870571629664,0.8544877804868841
Hunan Province,300,gennorm,2.743944777168011,-0.005964528866223879,1.0030568348597333,2.214926238500614,0.18399991622457723,0.9179575996350628
Hunan Province,301,gennorm,2.9284104843630976,-0.05333337945909453,0.9904772582093301,2.3789029131989783,0.19044047010035284,0.9004583884724682
Hunan Province,302,gennorm,2.7971842880690687,0.006835020555354645,0.95342754573101,2.4132882861419027,0.20054742276761417,0.8713383057572996
Hunan Province,303,gennorm,2.8304863421017847,-0.006353092347465854,0.9567649286679876,2.4673594678043,0.20704048299057276,0.8879641081158447
Hunan Province,304,gennorm,2.6603246359979487,0.004698588571910539,0.9247635945173293,2.3268333913942705,0.19960766408462616,0.8948870112965318
Hunan Province,305,gennorm,2.968522823097577,0.01598900073036994,0.9478324435303525,2.4996627291207782,0.21680882219809275,0.9120418485873976
Hunan Province,306,gennorm,2.5951049383946705,0.0482539175863265,0.9616252885422769,2.4234221903970026,0.1861699226448643,0.9328371016874842
Hunan Province,307,gennorm,2.654856518366694,-0.019689430538084314,0.9585989925668811,2.5058788116544837,0.22859692405175047,0.8789328688527411
Hunan Province,308,gennorm,3.074329752765688,0.03953438141816169,0.9502604814696285,2.507407621520307,0.1423290091768471,0.9220544811814341
Hunan Province,309,gennorm,2.630994252086257,0.0034647079570003115,0.9645256766708947,2.5034005236214387,0.15358158085236426,0.9018348585066545
Hunan Province,310,gennorm,3.203811301969866,0.009024044546310214,1.0367424493869772,2.3651018319200414,0.2271185880470693,0.8375254913217262
Hunan Province,311,gennorm,2.776491803481035,0.011170686953616893,0.9838869052567192,2.4416281463375102,0.2199010527521328,0.8985940337063067
Hunan Province,312,gennorm,2.6137479421478984,0.019957190950729384,0.9043065562640633,2.550958231876444,0.18186597404066662,0.8664793673164363
Hunan Province,313,gennorm,2.9663284289873406,-0.015352408676586497,0.969211818174402,2.5529522258461004,0.1965891483379228,0.9157111719723569
Hunan Province,314,gennorm,2.5293085989541897,0.020498563074381013,0.915646082973673,2.646407942499045,0.21013582085326682,0.9670793808852917
Hunan Province,315,gennorm,3.2178045972309257,0.019745953319840203,0.9814104107141461,2.4014116726476087,0.1984393337124133,0.8334950368291782
Hunan Province,316,gennorm,3.199466076436207,0.016344045823813547,0.9996400800696271,2.557120838129344,0.27132889047234443,0.9013712286521078
Hunan Province,317,gennorm,3.466642383667823,0.002003023534289954,1.042082895167821,2.563289262083746,0.21701087741942596,0.9186116100179558
Hunan Province,318,gennorm,2.5693822192119766,0.004522705787932618,0.9352839748779611,2.379080256095669,0.17448155732100828,0.8761361403887796
Hunan Province,319,gennorm,3.1717494193204585,0.02534910221661022,0.9881693572872117,2.4107511921229956,0.1961474387904295,0.907636630686314
Hunan Province,320,gennorm,2.0865281412701364,0.003060414369556601,0.8843961264493618,2.5107442608603225,0.18752496498119753,0.8946231893389791
Hunan Province,321,gennorm,3.3920094460783474,0.03357111216536418,1.008730022850339,2.461643912766926,0.2491240233677473,0.953724362297663
Hunan Province,322,gennorm,3.133089358970107,-0.01935659338501123,1.0030415258574843,2.468728639514607,0.22520165305417755,0.8592308086849905
Hunan Province,323,gennorm,3.1134767811807036,0.03022993448917102,1.029448846879104,2.293843582353163,0.18564297239824046,0.8840222019352459
Hunan Province,324,gennorm,2.6223879610335956,0.028947946280754408,0.9445768951098829,2.1406025927752985,0.18114671316134345,0.8428802486566849
Hunan Province,325,gennorm,3.0393396816355724,-0.010381198261387444,1.0399158341943482,2.23975037024899,0.20057650713916786,0.8692465244768794
Hunan Province,326,gennorm,3.334794499997435,0.02817363443810889,1.0205323513877869,2.5702909273093244,0.21350243807874508,0.9244018465036652
Hunan Province,327,gennorm,3.2384676262533523,0.05099853253620226,1.0237210022283194,2.978863184126284,0.20370790644039677,0.9107738968448678
Hunan Province,328,gennorm,2.7272312825708793,0.0035230801726478136,0.9771627181392104,2.019513202918091,0.21942639946942494,0.792893642358193
Hunan Province,329,gennorm,2.7651110169264133,-0.048509929174910496,1.0000770201411198,2.4027939871020765,0.2569527693579801,0.8599627104414631
Hunan Province,330,gennorm,2.545689383597886,-0.02243942937597843,0.9530913206466718,2.5149529315798227,0.20004438715469414,0.9202014232982173
Hunan Province,331,gennorm,2.5409248782843505,0.06149375512888943,0.923329072898633,2.1725228407367796,0.225281584136864,0.8692450254696225
Hunan Province,332,gennorm,2.607499726167676,-0.04248908563383054,0.938490567499422,2.5232123969938733,0.21459592359209567,0.8574933147773117
Hunan Province,333,gennorm,2.8018109232924227,0.03621436835297381,0.9415585681809633,2.713397546600459,0.18515329983426826,0.9222401093485194
Hunan Province,334,gennorm,2.345765405196927,0.03127780726722676,0.8772407359580952,2.97732809782819,0.17303834565435772,0.9548838579092294
Hunan Province,335,gennorm,3.0182600717907833,-0.0025729700231311528,1.0429432977991802,2.5383519147959754,0.1902545472038417,0.8672609636259982
Hunan Province,336,gennorm,2.4381292303625006,0.04056949951136758,0.9374947337473564,2.614572911449095,0.21937241668455648,0.9366046655476548
Hunan Province,337,gennorm,2.337735458845269,0.04717027659875382,0.9294078411433572,2.463864144080084,0.2368434368611877,0.9121420929062465
Hunan Province,338,gennorm,3.1088547287024064,-0.004632565905846835,0.9867488338887405,2.7278146464656405,0.22854228701444837,0.8849858018272825
Hunan Province,339,gennorm,2.9286403562218437,-0.0513131845174159,1.0036261908290092,2.1034982722527484,0.19290849132227061,0.8394428676215516
Hunan Province,340,gennorm,2.703868255903573,0.07378651523639762,0.9691416386946119,2.0908153305340154,0.23540432715472065,0.813617374485474
Hunan Province,341,gennorm,2.906431392851796,-0.022790589023754183,0.9717523103793559,2.2031712318361985,0.17774249159110336,0.8586490010736749
Hunan Province,342,gennorm,2.770101918229856,0.05555244719876852,0.9827267985878678,2.4885537130945217,0.18325641220024486,0.9094751471431917
Hunan Province,343,gennorm,2.6836395515542186,0.02343193997164974,0.9778377491027199,2.5014552969690254,0.21616508755267658,0.879889992135367
Hunan Province,344,gennorm,3.112480387578887,0.037249696453864924,0.9466163459266586,2.28742694071725,0.19170746412914974,0.9097204343370024
Hunan Province,345,gennorm,3.15391473619694,0.00025409654920839826,1.0091725346470646,2.2400880690805183,0.21383912462275734,0.8650308881488857
Hunan Province,346,gennorm,3.075439428483717,0.02843500078517339,1.0275778790413956,2.022469545396417,0.18580049080473507,0.8260426472714495
Hunan Province,347,gennorm,2.4184191768013683,0.06377582885594595,0.9332106873802164,2.30476036033188,0.2396948861922083,0.9212479416914561
Hunan Province,348,gennorm,2.6915089538626793,-0.013319779019961946,0.9358000633678009,2.3544597587395257,0.19308994912492072,0.8845976252780683
Hunan Province,349,gennorm,2.577731323245873,0.03283084321376925,0.9556387362928025,2.3590949583081495,0.17637302140197406,0.8168816888978387
Hunan Province,350,gennorm,2.5111806253425524,0.05359271180012712,0.9118615036917322,2.1757121513557074,0.18208530022364158,0.8341956485184692
Hunan Province,351,gennorm,2.3015931433591996,0.02954260911678197,0.8998686170924788,2.148239085847875,0.17319889028898638,0.8139780150033521
Hunan Province,352,gennorm,2.4208491734274324,0.0024689472139781364,0.9544977628379385,2.3303110153595803,0.20888176397834546,0.8468257161670394
Hunan Province,353,gennorm,3.141724435006868,-0.0077352996004008134,0.9872040919921821,2.2521676802723416,0.2089558096487032,0.8573656341844849
Hunan Province,354,gennorm,2.398004353233814,0.015464076336605721,0.9011242125829033,2.0955109903874645,0.18439341101715206,0.8238411331151263
Hunan Province,355,gennorm,3.1391767662693475,0.008481893563349763,0.9746380595574554,3.1739877973795467,0.2001473455433318,0.9778303716792247
Hunan Province,356,gennorm,2.12459154634023,-0.009338194627378907,0.8506770740271831,2.311180460164544,0.20506406005888855,0.8545287706762356
Hunan Province,357,gennorm,2.8664419991884627,0.018834924892150162,0.9690759532316204,2.5489117568092707,0.20978081282120986,0.8474807858731668
Hunan Province,358,gennorm,2.587220146375077,-0.01676314725776385,0.9602282454879556,2.500805936043128,0.16918130130888226,0.905483043442823
Hunan Province,359,gennorm,2.5084579054708733,-0.028858842321989348,0.9453512482155693,1.8764164384015733,0.20179470770654823,0.7928560038156451
Hunan Province,360,gennorm,2.9062179142440554,0.00474937935061384,1.016929595345219,2.919426941007544,0.21870334354279639,0.9577730706748946
Hunan Province,361,gennorm,3.1072453753820186,-0.008919999640458101,1.0300559886679332,2.579193797809986,0.15929882324537145,0.8535838287726192
Hunan Province,362,gennorm,2.921625141378902,0.0020921866828987707,1.014662198709182,2.3796966767835217,0.18885647025366054,0.8975443650915071
Hunan Province,363,gennorm,2.5594971634115655,0.039486058587252515,0.9665279573918472,2.316479831675055,0.20124930779684408,0.9131266341740645
Hunan Province,364,gennorm,3.216522078312306,-0.02225403143800059,1.0205407458327844,2.4490415224674154,0.15962395934649082,0.8742967894625853
Hunan Province,365,gennorm,2.405806740271424,0.003580995524206311,0.8888190572431902,2.3672825720801183,0.2222324646862169,0.9155023988236999
Hunan Province,366,gennorm,2.5415319335484643,0.005616664889714183,0.9428175821955065,2.597564174733988,0.20254353591301652,0.8914180848947193
Hunan Province,367,gennorm,3.429046419468384,0.025030311764088077,1.0361440633976797,2.290038969127325,0.16840837647257353,0.8617922485142469
Hunan Province,368,gennorm,2.622557973676111,0.011577450251545187,0.9344768922584883,2.4550484906024668,0.23607441862144862,0.8912735812015021
Hunan Province,369,gennorm,3.463430992153791,-0.009516155694062101,1.0651047461698016,2.487570094736914,0.17916575415452268,0.8838637037424315
Hunan Province,370,gennorm,2.6702027039513565,-0.036280106589766235,0.9701021121150525,2.460382290073002,0.2445205422687745,0.895266040772273
Hunan Province,371,gennorm,2.1847686084216393,0.05422081798568189,0.8981318896066286,2.120283064479261,0.20638222184397997,0.8462833795329543
Hunan Province,372,gennorm,2.4769020432432063,-0.041446515433904985,0.9431128004429548,2.0613682821396946,0.23546181635239538,0.8212904949056117
Hunan Province,373,gennorm,3.334645837757227,-0.030112950346944882,1.0374382842664547,2.1174537572181267,0.1812132833587114,0.8154707180682392
Hunan Province,374,gennorm,2.920914410422945,0.01362302419662913,0.9537257338638159,2.5422379275557603,0.18658044166684268,0.9248165495253822
Hunan Province,375,gennorm,3.3000536609406037,0.04391668043816599,1.0182012685667752,2.3195212359937543,0.2035646845081538,0.8549952704440051
Hunan Province,376,gennorm,3.388956928722561,-0.027697625412363598,1.0028314258973503,2.3007600251369587,0.17290180539886152,0.8616187507299267
Hunan Province,377,gennorm,2.5253144007052493,0.02602143440230643,0.9660440499617524,2.079039681789687,0.22687305260951623,0.8202810492506251
Hunan Province,378,gennorm,2.247763522394221,-0.045011546084005295,0.8869314567134412,2.3199235030550795,0.20294983575770695,0.8672614351228507
Hunan Province,379,gennorm,2.5296072557687834,0.006965194854233998,0.9135549412986432,2.482833729348803,0.18947618360792978,0.8913435793306641
Hunan Province,380,gennorm,2.930984401595244,0.02216285969071878,0.9836967275500874,2.5225723567969673,0.17663567573111272,0.881009620436547
Hunan Province,381,gennorm,2.799493766675022,-0.030091591394016785,1.0235657366199327,1.8992025544439077,0.25912227426142964,0.8093903226984236
Hunan Province,382,gennorm,2.601486240639478,0.03484892489369927,0.9155517415310079,2.367236182550357,0.20246162224529268,0.8842146270052507
Hunan Province,383,gennorm,3.0151980690850273,0.015397564324218523,1.0506476965216769,3.141413823648934,0.21133477095737452,0.9510351871229747
Hunan Province,384,gennorm,2.5628989542366076,0.007084954732297133,0.9210842512351991,2.62920537789459,0.22286743430212164,0.8815530709314323
Hunan Province,385,gennorm,3.1004071754803935,0.017527290397915483,1.0020038153897515,2.277977323102939,0.23727931050294157,0.8275516038549315
Hunan Province,386,gennorm,2.808305652105666,0.02963345120801323,0.9989500790221502,2.52524847999036,0.25203505418672834,0.8941005901007263
Hunan Province,387,gennorm,2.71249369144654,0.002953248396503413,0.9647461989916782,2.393183654706287,0.18625402888192338,0.9122039992671773
Hunan Province,388,gennorm,2.983047873221137,-0.001243617166608609,0.9513626340802256,2.3348033665938877,0.11144038327055017,0.8596741710788438
Hunan Province,389,gennorm,2.6185863646501524,0.08181223495656373,0.9410815614520059,2.179881631971093,0.16368854672123134,0.8248194233035759
Hunan Province,390,gennorm,2.588063949576905,-0.04858467143939381,0.9661758692873976,2.107204623862113,0.2075058267477815,0.8807171771150879
Hunan Province,391,gennorm,2.7414941463713873,0.049690993285397736,0.9876050680198248,2.664342408143351,0.23270529304382176,0.9268289089451744
Hunan Province,392,gennorm,2.48756612948273,0.021347104648454254,0.9206265828289778,2.562861659503529,0.1605188322216009,0.8706092595449724
Hunan Province,393,gennorm,3.4337120425113357,-0.0018141351784253354,1.0358815861715307,2.3962368982405557,0.23875308921273092,0.9309903223458501
Hunan Province,394,gennorm,2.744697192484875,0.013296406457502602,0.9913823749437516,2.3657805765484836,0.23189047631721313,0.8793058988250142
Hunan Province,395,gennorm,3.1654704007474788,-0.00658691317414546,1.0056095621011956,2.7479419592642524,0.18341060534789916,0.9393209380520395
Hunan Province,396,gennorm,2.603682495263384,0.05828790408955428,0.9593425885556249,2.2911414812971094,0.2577451135323561,0.8803059501853564
Hunan Province,397,gennorm,2.7287891837504086,0.01252911931923644,1.0128259502210675,2.2833945654607115,0.20618304402982734,0.8185610335341671
Hunan Province,398,gennorm,2.5766122987706277,0.017654785636430442,0.8968974241419674,2.316638895705614,0.22485477305025783,0.8855179379966741
Hunan Province,399,gennorm,2.505980105091804,0.06370822316906535,0.9373708096090159,2.699833345161788,0.20368312526089577,0.9322276988058614
Hunan Province,400,gennorm,2.662975041983195,0.02348616520374805,0.9634744438391172,2.4237749011026404,0.19446286948974778,0.8668614712376723
Hunan Province,401,gennorm,2.907513530070829,0.008383401741425876,0.9512287347494046,2.275135974801487,0.2198943171725965,0.8753121812121281
Hunan Province,402,gennorm,2.7735808262794075,0.004316218346036542,0.9505590636383112,3.037978752786214,0.22365369282846137,0.9357740632688507
Hunan Province,403,gennorm,2.9932147950766455,0.025094439949450063,1.0257696243956747,2.440719214813873,0.19326508016971275,0.8771243716568138
Hunan Province,404,gennorm,2.8444716086313173,0.014529302065714775,1.0279871498130655,2.3132539858195655,0.24845747376360722,0.8627280333455892
Hunan Province,405,gennorm,2.546331186369674,0.027761199439344873,0.9501829126435826,2.4683380518981815,0.20939543346450715,0.854853958842198
Hunan Province,406,gennorm,2.2898029706105976,0.02651630725125917,0.9498924589618524,2.947049315497657,0.18717135362886705,0.9824386492677943
Hunan Province,407,gennorm,2.4963990518061823,0.027871636754295975,0.9449296802929439,2.490851813052223,0.2102728373566141,0.889743240541765
Hunan Province,408,gennorm,2.4232242050990034,0.007012828954935472,0.9403516365306177,2.2825790800534786,0.1820977979952202,0.871935550299233
Hunan Province,409,gennorm,2.7143068915434743,0.017935920840027042,0.9189820646478353,2.6667796531120382,0.21419634863555626,0.9413906819345808
Hunan Province,410,gennorm,2.791510363995517,-0.0035151098971309865,0.9546570485805596,2.3181006276406597,0.20739340325729724,0.8576242559370113
Hunan Province,411,gennorm,4.0345631532299215,0.04965149983850388,1.0765555295463667,2.3451866020716663,0.15147555472573027,0.8725914711234392
Hunan Province,412,gennorm,3.20017076842736,0.0008865856384677682,1.018326106022046,2.223711514270273,0.21444323870155124,0.8400978277476336
Hunan Province,413,gennorm,2.3172643733636358,0.02381719342206831,0.9701829441774356,2.300736032842633,0.19679976234100977,0.8595030622023225
Hunan Province,414,gennorm,2.796558200037074,-0.01944622486340343,1.015722311054855,2.221280438128738,0.2072282851816079,0.8807951080942125
Hunan Province,415,gennorm,2.8964163305144313,0.026290073596386562,0.915348112750067,2.3858137411895877,0.2188009799599034,0.9017415268524434
Hunan Province,416,gennorm,2.6285191618845207,0.006940231372709915,0.9127144412804832,2.7676370374177295,0.13953925084946295,0.9460589099610688
Hunan Province,417,gennorm,2.3783242885338254,0.013960500151985529,0.929636475727447,2.7856378927281513,0.21192538885115558,0.9297328869413789
Hunan Province,418,gennorm,2.945295449210584,-0.0062507596223093775,0.968692033307775,2.6232511153473377,0.19228176293932814,0.9049083637946151
Hunan Province,419,gennorm,2.455033493677189,0.008134188148003929,0.9358929666927149,2.1631689605346818,0.22462651912756396,0.8664003566113656
Hunan Province,420,gennorm,2.655871672621079,-0.02891154222489517,0.9329671112200301,2.558469246030969,0.21122285545637215,0.8665685588376779
Hunan Province,421,gennorm,2.3990070970335298,0.008888262761548037,0.9405437264627741,2.446536228967365,0.20588650208344872,0.9071765656156194
Hunan Province,422,gennorm,2.610136177019485,-0.012693431592133594,0.9378856611481784,2.5749746163172373,0.1749651443555248,0.8571893958696843
Hunan Province,423,gennorm,2.7538320105911955,0.046637808882727935,0.9802321100787152,2.276971789582822,0.12946125378649678,0.9151419815037264
Hunan Province,424,gennorm,2.40158464223453,0.015983983326609483,0.9460116995273311,2.459298572160346,0.17631530820690605,0.9154539263007592
Hunan Province,425,gennorm,2.879860540280358,0.0004889151773736436,0.9553072279501983,2.956999427939472,0.21201396423640806,0.9673823584187867
Hunan Province,426,gennorm,3.4445534866698355,-0.0136008723543257,1.0589883299312723,2.454568857239127,0.26607961983101147,0.8769199660113774
Hunan Province,427,gennorm,2.632894903566521,-0.020311176366835354,0.9553804142434412,2.5043203191904264,0.23786384916453485,0.8961238422844097
Hunan Province,428,gennorm,2.621635497246726,0.02500214571188611,0.9081095166146679,2.012160955115661,0.23205888714869205,0.8114312130123171
Hunan Province,429,gennorm,2.7068949427702975,0.009727771661365191,0.9444113007597672,2.625976356227482,0.17813503890459875,0.9132530187333674
Hunan Province,430,gennorm,2.767058891436286,-0.01924630402776223,0.9955442336643936,2.3105899670648316,0.19365671303748638,0.8666385481682654
Hunan Province,431,gennorm,2.8098806412859614,0.0034195993948002677,1.005830778276401,1.8322222700656674,0.22634612765315942,0.7571281458884938
Hunan Province,432,gennorm,2.7818859714021613,0.017821859483014325,0.9758141127213724,2.5376217888401316,0.11743402648494934,0.9099727812116002
Hunan Province,433,gennorm,2.424042484942966,-0.003083092185986543,0.9701148219969814,2.540341850217437,0.14717339971889662,0.900840270175036
Hunan Province,434,gennorm,2.2496861368633487,0.006395495874824284,0.9141792977533683,2.6573989645793015,0.18112381598327015,0.871110712902126
Hunan Province,435,gennorm,2.800374745462645,-0.011739055932191166,0.9751423620953386,2.5056820859371127,0.22019309775322288,0.9161948233473706
Hunan Province,436,gennorm,3.409953045506437,0.04597134659321471,1.0365836193624278,2.44759985519962,0.19750920425554203,0.8702582120012818
Hunan Province,437,gennorm,3.527721787997419,0.004532565435363255,1.0403202132170364,2.7601470736392177,0.1912603561951165,0.9593194259535379
Hunan Province,438,gennorm,3.315300459291889,0.032830546029831466,1.0299993719865421,2.6482175230646123,0.18686866637103844,0.945207773419583
Hunan Province,439,gennorm,2.672854801253921,-0.007954709705323242,0.9851156030528814,2.1482658938221872,0.12188319165838243,0.8817470362294604
Hunan Province,440,gennorm,2.6901171686983814,0.004988984705948782,0.9842864017280416,2.4603367937238874,0.15096086263884023,0.8804864235530594
Hunan Province,441,gennorm,2.8012472554414654,1.7692537405381005e-05,0.9944451269190969,2.105835184198746,0.21121671144515436,0.8207114891160383
Hunan Province,442,gennorm,3.13724365799699,0.04574727106249676,1.0107232859952235,2.383748326577507,0.17473949664920574,0.871624136256919
Hunan Province,443,gennorm,2.537760517396074,0.022167864141487317,0.9659735493001282,2.4526920030458723,0.19878840277423415,0.9215602318763084
Hunan Province,444,gennorm,2.9181427198173338,-0.0003484436454443537,0.994634323290745,2.3003789347020422,0.20691081613321333,0.9115906312759654
Hunan Province,445,gennorm,2.53804853732123,0.007250806137364906,0.936277286752781,2.3103033764713707,0.20037881972328536,0.8374431860506746
Hunan Province,446,gennorm,2.687222627823891,0.04517219561093538,1.0065836339026037,1.9766316304240976,0.1755184015148184,0.8165435578449614
Hunan Province,447,gennorm,2.7125993455945334,-0.0011263375650210172,1.026719232498635,2.280622024867861,0.1827034047512636,0.8641674572041038
Hunan Province,448,gennorm,3.2356919676241134,0.005077037193661656,0.991050258439004,2.7372092416335563,0.1411834222372091,0.8987549716406923
Hunan Province,449,gennorm,2.760706853479661,0.025370396916876203,1.0098213604593844,2.6494646294008986,0.14617496344802272,0.9144521582126343
Hunan Province,450,gennorm,3.0097557365866745,0.00040026557904758984,1.0220494706294656,2.347770106688924,0.1770387315454291,0.8818459188658039
Hunan Province,451,gennorm,2.5996899759438676,0.05570323076267714,0.958434679435576,2.48880907417432,0.18173467033164498,0.9041804107167941
Hunan Province,452,gennorm,3.065916421795691,-0.010091841329095713,0.9873676017719373,2.7494323186636285,0.21479761839210765,0.8843682378991884
Hunan Province,453,gennorm,2.836300258473148,0.0002663618261850386,0.9469407319093058,2.1405309023784067,0.2225475610775905,0.8685150605231318
Hunan Province,454,gennorm,2.6032768545207023,0.03403364244054087,0.9329515132987547,2.0612386294419265,0.20957171299923694,0.8467299991604613
Hunan Province,455,gennorm,3.10720136725306,0.01952499102270444,0.9714358339834098,2.2002968136734258,0.18542314094363377,0.8535718248472111
Hunan Province,456,gennorm,2.6485892755219176,-0.012015439578217376,0.944344759678221,2.359086807118995,0.19040082341785952,0.8575880689818105
Hunan Province,457,gennorm,2.1251040038811606,-0.015626678974254574,0.91026514268378,2.5897339767430996,0.1955401923375928,0.9300790985273819
Hunan Province,458,gennorm,3.075808553561008,0.03430297139661715,1.0414233728296334,2.036098771211679,0.1784132111571448,0.8183085392945527
Hunan Province,459,gennorm,2.9877115553212508,0.05069460836831614,1.0072354538340567,2.46304898220089,0.18642479680299504,0.8849845934353604
Hunan Province,460,gennorm,3.1829328188463935,0.00779673707441228,1.0363397462979567,2.360211091437863,0.1954325524487785,0.9289710548459293
Hunan Province,461,gennorm,2.5552720452185316,0.06608110313199622,0.9158471911465225,2.6525698542704896,0.19664153306025334,0.9328552696319646
Hunan Province,462,gennorm,3.9573089796026526,0.038169707577008175,1.0865872496584483,2.6662384036406293,0.1989924190651255,0.9326203484630066
Hunan Province,463,gennorm,3.110215185042179,0.01704398528780432,0.9719391541734603,2.8379834765518064,0.1633314121945259,0.9792259295665063
Hunan Province,464,gennorm,3.0502816094595167,0.012609777531942402,1.0334821240987653,2.7178555448232045,0.20680364979503546,0.9202140676996492
Hunan Province,465,gennorm,2.3415358793441357,0.012374779848963723,0.9000564860505383,2.026347492155578,0.20051224575484977,0.7819778494239478
Hunan Province,466,gennorm,3.375181027167411,0.008895795955894792,1.0056392623451864,2.4355738486988097,0.20046145037034618,0.9118363898310144
Hunan Province,467,gennorm,2.866388839003601,0.0017801343609816027,1.0131295059386334,2.3826914801254295,0.19396988567621248,0.8973962819560941
Hunan Province,468,gennorm,3.010063023853796,0.02020735905872116,1.0164341491334254,2.1193647141510894,0.16090734065131768,0.8050943374631785
Hunan Province,469,gennorm,2.543821631526785,0.008033617296133486,0.9585764174774691,2.470978203301107,0.15953179603332804,0.9537857836504449
Hunan Province,470,gennorm,2.4180584091609445,0.016782952601622603,0.9022859379325237,2.7861377444831765,0.22547114181466726,0.8965677152614286
Hunan Province,471,gennorm,2.582584001128881,0.02699470898683396,0.9694453345634146,2.215629730705216,0.21831583002558957,0.8201124132613435
Hunan Province,472,gennorm,2.5621594000127264,0.03115867162660073,0.9739794373840104,2.5786044382218503,0.19173211293517237,0.9285458060224792
Hunan Province,473,gennorm,2.6557722405596813,0.038106999694308266,0.90139582303951,2.2318985787909025,0.2603190404036815,0.8317737577798479
Hunan Province,474,gennorm,2.5163139085694874,0.01669554470357422,0.9530299954919571,1.9759355724833303,0.19105131835359307,0.8028272358532049
Hunan Province,475,gennorm,2.808860356680141,0.016782928585203062,1.0158644159933947,2.9167997339236305,0.2092223557827454,0.886944803081757
Hunan Province,476,gennorm,2.76922796187321,0.006350321538862595,0.9437635860843179,2.230353258594155,0.1625552638926192,0.8259364678689896
Hunan Province,477,gennorm,2.4294597286359,0.03212832002243443,0.9337101733933253,2.296681734140633,0.2018627176726579,0.8562641961086426
Hunan Province,478,gennorm,3.080817398987125,0.013185219290413684,1.0127301235624442,2.79320113441569,0.18992676733092678,0.9163764464417321
Hunan Province,479,gennorm,2.882867174186952,0.0259530118413105,0.9753957613891537,2.4565832910503573,0.2050448969461653,0.9125517086143576
Hunan Province,480,gennorm,2.855367176151544,0.01997878057506741,1.0132474270305374,2.4917141830745586,0.2046079670982299,0.9224092443148335
Hunan Province,481,gennorm,2.679234001684139,0.029090124850630644,0.9776525531650626,2.1996196343038275,0.22349609980657653,0.8526167598243719
Hunan Province,482,gennorm,2.8622374906198247,0.01678276641600828,0.9451373506495682,2.970580397429706,0.1587426608121069,0.9483963341357765
Hunan Province,483,gennorm,2.4988336281440087,-0.0426233332888593,0.9450094675157776,2.4670866512097502,0.19718959023932062,0.8610907558385656
Hunan Province,484,gennorm,2.7327322233989215,-0.03445074800875075,0.9591279368124919,2.335776393343158,0.1715036163393014,0.8784212598222577
Hunan Province,485,gennorm,2.858104829848471,0.021788428676122157,0.9589578771706897,2.335791813118666,0.20336239765947414,0.9040227982610611
Hunan Province,486,gennorm,2.366911781000029,0.04138326018286698,0.9260410545607334,2.3131674932650026,0.13062210084067483,0.8653604793721157
Hunan Province,487,gennorm,2.8863955245850437,-0.0032867020379431537,0.9891388776419534,2.8141702945039526,0.23469787763205424,0.9011618820064821
Hunan Province,488,gennorm,3.109759955959838,-0.024568483540916557,1.027443188926004,2.465993085687397,0.2663960021193229,0.8912287849460718
Hunan Province,489,gennorm,3.089212343201652,0.038559888995924135,0.9215538907217748,2.9288390048882755,0.2108548107690625,0.9016812433421038
Hunan Province,490,gennorm,2.8971664279704017,-0.0018730565082360762,1.0285671383400508,2.3795614846809676,0.25315135662884886,0.8878310592006404
Hunan Province,491,gennorm,2.5877107606342857,-0.0058860743530168656,0.9105036016981534,2.3024967967364485,0.16747872574943,0.8703091930566582
Hunan Province,492,gennorm,2.494471887078719,-0.0009745271725759805,0.9422144650083536,2.5313216270632113,0.1874591175077972,0.8963748133749184
Hunan Province,493,gennorm,2.4397659610680966,0.008287385896762842,0.8827975224760112,2.4389099982245916,0.16079314213220258,0.853386578739012
Hunan Province,494,gennorm,2.8694563025146795,0.03735226767885923,1.0284981635516073,2.3525737411421215,0.20963214374283815,0.8892945529335362
Hunan Province,495,gennorm,2.7701854474509817,0.01402324030219879,0.9697527662036808,2.5249919440522683,0.19381024792689383,0.9019052385159225
Hunan Province,496,gennorm,2.852332713201021,0.013572033193585359,0.99460894967559,2.62334162426077,0.2077392107505939,0.9310217409026906
Hunan Province,497,gennorm,2.7172242627697356,0.005025642365774368,0.9914751498374443,1.790379638241534,0.18937555007011336,0.797039441465411
Hunan Province,498,gennorm,2.5561799514311585,0.014008872965631324,0.922238195003223,2.131043365792946,0.2453336977746645,0.8261498246178185
Hunan Province,499,gennorm,2.5977924065059073,0.026470043266868228,0.9012121068991958,2.602154610974333,0.18656972927916105,0.9462813950913773
Hunan Province,500,gennorm,2.841633114744613,0.030507608996393744,1.0163369386791428,2.3334750513172406,0.25683015004407206,0.8818117944154493
Hunan Province,501,gennorm,2.739877723828669,0.016921955567166164,0.9549351186060571,2.4670435030161637,0.1683843406571836,0.8774239462077535
Hunan Province,502,gennorm,2.9229606014103457,0.010608416363900128,0.9812419426323993,2.5170627929359277,0.2212345525628477,0.9188096264991434
Hunan Province,503,gennorm,2.531179205196337,-0.016553644151829684,0.9620761988925622,2.4022295041014146,0.18782365380795135,0.8599780959678855
Hunan Province,504,gennorm,2.4388368949975097,-0.017229735441121913,0.938944206648948,3.0839488288514074,0.1984171530711747,0.957172011180935
Hunan Province,505,gennorm,2.3110649671950516,0.026707269432206252,0.9084923897575049,2.723220687982394,0.2227587111675151,0.9364554625499344
Hunan Province,506,gennorm,3.03860702119432,0.03199134795704202,0.9879772532588307,2.222281563722494,0.1775138442086677,0.8336166226554842
Hunan Province,507,gennorm,2.2880793569160334,0.014324474304572038,0.8765623879058586,2.7045552320869923,0.23763995669910842,0.9172604038873929
Hunan Province,508,gennorm,2.779703527647226,-0.01306176592385919,0.941557164566544,2.664632684689021,0.1812064137405307,0.9156747313356327
Hunan Province,509,gennorm,2.856219989484876,-0.010944994791674947,0.9784577092344654,2.43222777398155,0.18837719419639892,0.8484929334001565
Hunan Province,510,gennorm,2.2443617032294387,0.026829737962604516,0.894751904141784,2.1094129670560653,0.1894002293891143,0.8575465323331406
Hunan Province,511,gennorm,3.024028044365691,-0.01562072000705213,0.9921519198764417,2.2787392049941486,0.20442590678748152,0.8271117651820759
Hunan Province,512,gennorm,3.388570296428803,-4.186441565292357e-05,1.0338450060371773,2.1346236231886824,0.18711243026034602,0.8348516396659098
Hunan Province,513,gennorm,2.641556092884084,0.010887760721417476,0.8893728322910522,2.3298143610685687,0.20313540745146585,0.8451133075871227
Hunan Province,514,gennorm,3.2078893530716965,0.05978579172914575,0.9748905801832004,2.31321393589587,0.21059840515053574,0.8491467216144357
Hunan Province,515,gennorm,2.474846253285815,0.006887098962884983,0.9235495514564774,2.1192071602886378,0.20927735065078587,0.8373065655792801
Hunan Province,516,gennorm,2.958333263366489,0.020189708940636077,0.9594843447436462,2.569383068627123,0.2187951888825937,0.9404496465686576
Hunan Province,517,gennorm,2.739263855889318,-0.025231945827205934,1.011516975719203,2.1929805441043575,0.22422939346126114,0.8324163916009086
Hunan Province,518,gennorm,3.057960762954794,0.03419037993411764,1.030718026653662,2.6297366243794262,0.24218158340753548,0.8677934985756911
Hunan Province,519,gennorm,2.437177103979395,0.021060815571164716,0.9368067551696024,2.5084601375319053,0.22477853389334984,0.8451717472113012
Hunan Province,520,gennorm,3.266460998984458,0.008942119286882171,0.9853949762076825,2.2496324044636182,0.16322926964756423,0.8360971269880375
Hunan Province,521,gennorm,2.7118390646555097,0.012939835242458717,0.9776463418000292,2.688398293043663,0.23119062981463917,0.9117987792215445
Hunan Province,522,gennorm,2.544722298345071,-0.00206899500133979,0.9270849957206642,2.475572758348923,0.14415082841204008,0.8588223585715082
Hunan Province,523,gennorm,2.8283109082361944,0.005025613208313254,1.0091753565300712,2.3084940593542678,0.25388340439356094,0.8905994441055494
Hunan Province,524,gennorm,3.047030032167691,0.014394314300906748,0.9663545739264809,2.044215562531818,0.2400819209609097,0.7990798430624281
Hunan Province,525,gennorm,2.5608448662086105,0.004451173055582756,0.9988060696112591,2.27351489524756,0.2238346807455267,0.8874958249354928
Hunan Province,526,gennorm,2.878836871077702,-0.014753377243720951,1.0100247215918532,2.758510238014959,0.18862616418647582,0.9618279317444742
Hunan Province,527,gennorm,2.7853778775635902,0.019151391592988565,0.9904105303909286,2.465897509065962,0.16243190326321783,0.859335478875658
Hunan Province,528,gennorm,3.4023921990601487,0.04908547165321246,1.0394369969061588,2.3891253592286086,0.14748650129386204,0.9026414706278267
Hunan Province,529,gennorm,2.580012656068594,-0.01581347481209877,0.9880983386472125,2.4821972631413844,0.18598030541122018,0.9187279614505268
Hunan Province,530,gennorm,3.111431485267729,-0.026319954918304432,0.9884571768794523,2.4349139055232736,0.20264036290389126,0.8522063337306349
Hunan Province,531,gennorm,2.7043102492809394,-0.012630415679085669,0.965390592787265,2.3873554103987753,0.22205316409921227,0.8756856999727447
Hunan Province,532,gennorm,2.820858601404937,0.010001881578683064,0.9501100942736982,2.156435156497821,0.19984228572438378,0.8466243164043932
Hunan Province,533,gennorm,3.642772204178921,0.016976111910511724,1.0992685139355416,2.2769926257486777,0.22646734158569515,0.8947118566255343
Hunan Province,534,gennorm,2.4328429248283707,0.013605305664922136,0.9538574858567337,2.425523372226054,0.223784927942062,0.9113688728438936
Hunan Province,535,gennorm,2.5572767897128807,0.029283339549859518,0.9312956938610604,2.346173848909558,0.12115105835830292,0.9090530603008936
Hunan Province,536,gennorm,2.5964921950254602,0.008720590926878906,0.9493908009737433,2.1422762498624524,0.251830734807832,0.8250847565808945
Hunan Province,537,gennorm,2.5967494115824294,0.022573498642669935,0.9396952263950894,2.7513009649491393,0.17623565412177916,0.96241849187866
Hunan Province,538,gennorm,2.5631704014259373,-0.001035931272147191,0.9333464765548583,2.3521218007716254,0.2014211418463926,0.8814703155348815
Hunan Province,539,gennorm,3.168008882091726,0.01571133504377531,1.018389617238489,2.367375269470971,0.17939235802774184,0.9123588399536353
Hunan Province,540,gennorm,2.998476884309442,-0.002569694916171085,1.0011293558542145,2.636349163144075,0.2201753450680234,0.9121123660721493
Hunan Province,541,gennorm,2.5735970774640027,0.034164569932502824,0.9565883684381369,1.9438826475605084,0.19005711298793637,0.7592135053347823
Hunan Province,542,gennorm,3.401141142555761,0.023793856497310306,1.061250483070343,2.4209666546701003,0.2126540909662341,0.9222703081348855
Hunan Province,543,gennorm,2.3514351561707425,0.018541461714085865,0.8715095143344584,2.9084095773105707,0.17574761392462457,0.9476890054810592
Hunan Province,544,gennorm,3.0109083379795756,0.028746730357367925,0.9860796407384447,2.086416419091135,0.20335404653235684,0.7795913037400594
Hunan Province,545,gennorm,2.596211530644145,-0.003792485736726933,0.9635592525535024,2.1347316437807993,0.17683943023118223,0.8176293619685209
Hunan Province,546,gennorm,2.1990813593189467,0.028678325628024484,0.8771492162733099,2.609361501978457,0.19191806314666965,0.9300136992109997
Hunan Province,547,gennorm,3.06303609334492,0.038646763290363075,0.9964898693596,2.228111644139629,0.17656533507452532,0.8288201919136242
Hunan Province,548,gennorm,2.9789983006161656,0.005613304747484567,1.0294357883999594,2.4754915303992036,0.2296109466134022,0.9102541264780455
Hunan Province,549,gennorm,2.9457148292020108,-0.004268997119449357,1.0270582533665786,2.405940023693585,0.22381213739919759,0.8984875914920569
Hunan Province,550,gennorm,2.7319141324591865,0.01435598612870666,1.0045517705304157,2.1052311351674096,0.1998732200428892,0.8124137580863076
Hunan Province,551,gennorm,2.8972894484456337,0.005066954091518303,0.9993922053297584,3.032543639069563,0.1953650643763581,0.9749412961907609
Hunan Province,552,gennorm,2.5651384479132364,-0.0003848317123840611,0.9163466089902419,2.466167190399314,0.2129304132227507,0.8935699782917572
Hunan Province,553,gennorm,2.652926263565427,0.006899805613016536,0.9731306693400331,2.505302457092692,0.22443559416889863,0.9003866940249988
Hunan Province,554,gennorm,2.2889466931171993,0.01205443400514891,0.9174348896268518,2.3386376288527284,0.22317471489090718,0.9009096651915285
Hunan Province,555,gennorm,2.4924896713835256,0.005251702511418262,0.9365487265954897,2.1285746072627445,0.2008216182178259,0.849780381019472
Hunan Province,556,gennorm,2.7172200200331185,0.018628642306688578,0.9286065582131489,2.031365426771104,0.22944651079659684,0.8259297089875699
Hunan Province,557,gennorm,2.721991689593878,-0.013313585388417568,0.9645038856423112,2.4328272411691234,0.24310248852251912,0.8716533170866818
Hunan Province,558,gennorm,2.838197386905235,0.044424150145401325,0.9874359621514821,2.662361906069104,0.2155739163418806,0.8903742870606792
Hunan Province,559,gennorm,3.0005955676942007,-0.005090080329730554,0.956085065157025,2.231091956815881,0.20232125256071404,0.8132427123697251
Hunan Province,560,gennorm,3.6598327728974005,0.055318108925443844,1.0292239779623458,2.4823737518594964,0.2341101197012897,0.8996829580415349
Hunan Province,561,gennorm,2.4139001073328132,0.06930842436283721,0.8866419644318361,2.4420410060996183,0.22743994804891848,0.8911891978123849
Hunan Province,562,gennorm,2.9811124034400414,0.007944085174357456,1.0235173086700442,2.6984625840537717,0.16949074445458984,0.9072639731349379
Hunan Province,563,gennorm,2.6692682346654513,0.017966927597558646,0.9908107970554154,2.515761663686338,0.23448182568693082,0.9539172571201485
Hunan Province,564,gennorm,2.652083163608781,0.03568228818575833,0.971390048366052,2.334869238188257,0.20608907679985677,0.8619335883926348
Hunan Province,565,gennorm,2.8345240752889866,-0.05025510053135544,0.9911844953479954,2.8987858612534594,0.20709674310584747,0.8869862542865617
Hunan Province,566,gennorm,2.67276408681323,0.006709874853166769,0.9884726083523929,2.684390194326747,0.19714887199158249,0.941112028179774
Hunan Province,567,gennorm,2.7353900437589447,-0.008222780958458544,0.957725729908157,2.5207021222856225,0.1992642503756426,0.8910890567857579
Hunan Province,568,gennorm,3.152351210176522,0.07640142076720233,0.9889453462098992,2.7662611620471056,0.17665859038233978,0.9513770696026929
Hunan Province,569,gennorm,3.524062018398981,-0.029357261019917317,1.0713617659440646,2.387171067686567,0.13246088160353128,0.9187080379693693
Hunan Province,570,gennorm,3.2068059578678145,-0.005093700041686585,1.0543723660291815,2.361851053037703,0.2488078241305629,0.8543344221076504
Hunan Province,571,gennorm,3.2336001167197406,0.026116438112991705,1.0460794236983342,2.2087997581694316,0.14237079975534378,0.8587445737305153
Hunan Province,572,gennorm,2.575537921403428,0.05897709178906156,0.9355141623032304,2.154312874839481,0.20562277591927683,0.8876713186908738
Hunan Province,573,gennorm,2.4251229103427425,-0.024776946974056212,0.9806385132391513,1.9762780979900882,0.18449318105930168,0.7911316365862948
Hunan Province,574,gennorm,2.410251793733636,0.008207840837184593,0.9159219838471537,2.9839545995620886,0.2129016033176696,0.928497263893272
Hunan Province,575,gennorm,2.961748775795799,0.016699991162998973,0.9890106967472345,2.535727914414837,0.17539892971434673,0.9284100537017833
Hunan Province,576,gennorm,2.292422628490111,0.04243635639055453,0.8917809779274517,2.3661905446602445,0.13842530733419367,0.8632888361459197
Hunan Province,577,gennorm,2.4407336871670964,0.04220377213593228,0.9604628234716732,2.57413215498189,0.2115196393153132,0.9189756134315141
Hunan Province,578,gennorm,2.662726613378025,0.005343260787420208,0.9808605635285541,1.9698786126103593,0.22624127222838325,0.8010095416536729
Hunan Province,579,gennorm,2.626664642020731,0.03483652052650396,0.9135284716252826,2.564318474163329,0.14097529450571844,0.9173132096617963
Hunan Province,580,gennorm,2.9486362159694206,0.036145758089088854,1.0229932375502053,2.195098137624344,0.1824058231118149,0.8522444313962885
Hunan Province,581,gennorm,2.6115049801065275,-0.04260764480369837,0.9126499700230717,2.4787975829769158,0.22493824835756993,0.9125084720350864
Hunan Province,582,gennorm,3.027617090977827,0.06416528622889894,0.9617983153928719,2.409877440750659,0.15645617275823204,0.8827152024482148
Hunan Province,583,gennorm,3.1966666494018456,-0.008102403925791805,1.0178159604711419,2.616539683409357,0.20758893732560874,0.8993432540526559
Hunan Province,584,gennorm,2.6887327381013004,0.0005577788144433397,0.9968203341026094,2.2551680187690666,0.157646368162845,0.8837676609630352
Hunan Province,585,gennorm,2.5726419138505032,0.007779776262519963,0.9023024549974892,2.490185988155523,0.18883734471669303,0.8966890511949885
Hunan Province,586,gennorm,2.362810076323235,0.04688705143231202,0.8876653150358478,2.170115847681983,0.22767133024707153,0.8265844432207672
Hunan Province,587,gennorm,3.002178768182242,0.03793074386488683,1.01358812383018,2.875634928555911,0.23769125262691826,0.911809807974874
Hunan Province,588,gennorm,2.834860546069778,0.010743042826416152,0.9653264438875726,2.593124242011292,0.18442760818856008,0.9304368817297368
Hunan Province,589,gennorm,2.124531627647943,-0.021011217182325893,0.8613530614887206,2.2157132502506203,0.191134899313611,0.9093736151062373
Hunan Province,590,gennorm,3.0530516245976744,0.06316416099809677,0.9800624926201957,2.2702334690221195,0.23118539205661212,0.8647898801448217
Hunan Province,591,gennorm,2.4692187042030884,-0.0343555936063657,0.9105432518801237,2.2827737599248845,0.16364651230503469,0.899811132445892
Hunan Province,592,gennorm,3.2318528820653842,0.007383049655446998,1.0214258070851001,2.327270657942611,0.22508509878094796,0.8769165181313199
Hunan Province,593,gennorm,2.5824965214130824,0.041001884313490666,0.9291156909903924,2.0653573222778285,0.1878054121520693,0.8350453211665371
Hunan Province,594,gennorm,2.949508600428803,0.030117996161286995,1.00624573143724,2.1894746072193936,0.22012092993291774,0.8889499658318769
Hunan Province,595,gennorm,2.782417001860092,0.057134324181447455,0.9876168186048122,2.383370161330266,0.19505702343457942,0.8479809937495841
Hunan Province,596,gennorm,2.485297199668146,-0.04620498925853492,0.9389208455193939,2.6360349657542868,0.23963931188968735,0.8828820078208497
Hunan Province,597,gennorm,2.615948747137078,0.028679435421349098,0.9816201216875806,2.61054914804721,0.18750532207532616,0.913265980291508
Hunan Province,598,gennorm,2.405821049443035,0.007464527532778018,0.9338192402885984,1.9081931896394506,0.20796232678804408,0.7565059409067636
Hunan Province,599,gennorm,3.038206937578457,0.023877006983113964,1.0247043888040217,2.041807037239499,0.15243668510799102,0.8158917613095258
Hunan Province,600,gennorm,2.7466163937033645,-0.007475806737451254,0.9363509877918851,2.5062841106442635,0.19637518994142505,0.8919570496158413
Hunan Province,601,gennorm,2.720060943634297,-0.0035703794201082965,0.9339986221285251,2.5940866472130653,0.22137556875485487,0.9433902362267084
Hunan Province,602,gennorm,2.5565850750846155,-0.015551885556203994,0.9469892508285338,2.3269517300851743,0.19510055303530938,0.8488150126380427
Hunan Province,603,gennorm,2.7824777120892787,0.03821107327157311,0.9574508904650665,2.7175044273286373,0.19715429758676578,0.9394924845923722
Hunan Province,604,gennorm,2.557930667345894,0.028457738736096895,0.9958809677108468,1.9422405062579362,0.2116877995974713,0.823731516929777
Hunan Province,605,gennorm,3.0189008175396084,-0.002193352480164016,1.0066568541204879,2.652900627025544,0.20081114703377728,0.9368785876599242
Hunan Province,606,gennorm,2.750284118938454,0.008701498499856136,0.9507057734975886,2.5992382195741115,0.24390062388422043,0.9058396849148066
Hunan Province,607,gennorm,2.4130352644294235,0.07717700964729333,0.9517477413207809,2.126747890755771,0.21556353942978213,0.8571072332364427
Hunan Province,608,gennorm,2.6751533287890696,0.006729047715606649,0.9853844064119378,2.5749434290034476,0.23926730401952895,0.8920011860048769
Hunan Province,609,gennorm,3.3853729244092294,0.09191924529909927,1.0562248649649386,2.242109105984019,0.1884700092866134,0.8846139995791759
Hunan Province,610,gennorm,2.962870892996137,0.038778383564532476,1.0225331020887047,2.1196326511029375,0.2375648024980859,0.825330324663226
Hunan Province,611,gennorm,2.77996865382964,-0.027797034216257545,0.9770083585622037,2.6732854141368003,0.15326160269016664,0.9659246211347695
Hunan Province,612,gennorm,2.9096752454757073,0.029906814395183577,1.0061334572708338,2.0599515845763317,0.21163523838026377,0.7706274754521394
Hunan Province,613,gennorm,2.9312729781197717,0.0218312556166883,0.9628016855975942,2.6290559906948285,0.1933777056292319,0.8829205676285956
Hunan Province,614,gennorm,2.2718637744598915,0.0004769907244674609,0.9365805238597829,2.434163905377515,0.19891542355141623,0.8800625713372661
Hunan Province,615,gennorm,3.476803619439365,1.7065594744485597e-05,1.0220168349276093,2.3903768435180854,0.2090682363147782,0.8961518564415689
Hunan Province,616,gennorm,3.322365591740753,-0.028602991585503952,1.01460985080978,1.9738238615383714,0.19395173260278817,0.7675006627962173
Hunan Province,617,gennorm,2.769547607498725,0.02822543105474854,1.020826604583727,2.5091987262116,0.19953717255209058,0.8867913232357127
Hunan Province,618,gennorm,2.590566184022786,0.004252942475176845,0.9337954231936149,2.0916527722439286,0.20160537866477968,0.8453309521937251
Hunan Province,619,gennorm,2.407965131905633,0.027220380355731762,0.9410605447457694,2.499100917450545,0.18340719923131887,0.8844363412244507
Hunan Province,620,gennorm,2.877869692214012,0.02013753044181245,0.9912962574807389,2.6161480553409433,0.198906540763171,0.8719574217501357
Hunan Province,621,gennorm,2.430230647469202,-0.02671835749412866,0.9245830359312495,2.6909211703532816,0.20515045969556017,0.9415323969813236
Hunan Province,622,gennorm,3.0267099830103428,0.04857247083589887,0.9846335338668637,2.1695038077559996,0.18735516038633832,0.8612873199426316
Hunan Province,623,gennorm,2.529917764967013,-0.002048578628904886,0.9089897734872061,2.3393404056548492,0.20665651060157697,0.8719941144989485
Hunan Province,624,gennorm,3.1557551155073567,0.03241823018598998,1.069165255356857,2.73962015422775,0.20650018535457634,0.9263462541744094
Hunan Province,625,gennorm,3.3079099508391137,0.06147949103366428,0.9887402891807358,2.7695172365694045,0.20210189217080599,0.9048041463093279
Hunan Province,626,gennorm,3.199483571728475,0.005161783658421376,1.0140185255734058,2.931512964254642,0.17365448605550254,0.9926589779768203
Hunan Province,627,gennorm,2.781302401726392,0.022859318946427787,0.9702426122425709,2.707852181547335,0.162023782390972,0.9298559920659706
Hunan Province,628,gennorm,2.5606394499935083,0.03232836256987355,0.973209810197868,2.3319933513350355,0.17532880133934645,0.8806474473511336
Hunan Province,629,gennorm,2.6125173491389515,0.03763462898561933,0.9548055229339595,2.254817425684112,0.19932639493580986,0.848547540554392
Hunan Province,630,gennorm,2.580069593657315,0.041094125947539556,0.9187887570238277,2.4913294558037262,0.16901727225363794,0.9226715583280343
Hunan Province,631,gennorm,3.077248906029297,0.03038729349570562,1.0177931197849797,2.510122259911081,0.2235769280161773,0.9072325913418378
Hunan Province,632,gennorm,2.2288574523744207,0.024395777851625798,0.9108882464074688,2.481241443504936,0.19424262854709176,0.8714465522514572
Hunan Province,633,gennorm,2.752081202221637,0.030984957846326995,0.92510414138587,2.210520520126374,0.2702707057069056,0.8637858537883365
Hunan Province,634,gennorm,2.7033108947838,-0.021724164129094274,0.9716448070437578,2.716294067700926,0.19455458411082277,0.9249234774127262
Hunan Province,635,gennorm,2.4306407581321183,0.04010445587696243,0.9086887172836875,2.6950606258384324,0.18726098755125767,0.9104223398499989
Hunan Province,636,gennorm,2.555106461815421,2.4944678793061326e-06,0.9441970833943053,2.4923612265682697,0.202123441614596,0.8506806442051957
Hunan Province,637,gennorm,2.920029745619621,0.06257716525260659,1.0234715752951098,2.5161056644410387,0.1677671890946425,0.9151943196362011
Hunan Province,638,gennorm,2.7682596984678347,-0.0236399627976266,0.9590918060330194,2.571250960943112,0.20538279168304557,0.8961755665112854
Hunan Province,639,gennorm,3.0548967249947285,0.04363398980262152,0.9983324313737438,2.684634300804696,0.2033004622984581,0.9354549631786112
Hunan Province,640,gennorm,2.7320643261380364,0.0004020462814524852,0.9733590546485986,2.035592977298524,0.14883002097851378,0.8540867755989445
Hunan Province,641,gennorm,2.724325385877182,0.0765282860208994,0.9709438536566924,2.1171873392531557,0.21431898947218672,0.8482926944541039
Hunan Province,642,gennorm,2.635261935413819,0.04187792135055518,1.006719593274564,2.4809527628616657,0.22459899052605883,0.9083895949431435
Hunan Province,643,gennorm,2.4013460237198174,0.02357948683061918,0.9190666106405716,2.260050432498061,0.20796878357766874,0.862382293615755
Hunan Province,644,gennorm,3.2324929948964414,0.023414648222364217,1.020699259114303,2.0575338500190226,0.18767920887517664,0.844771614149064
Hunan Province,645,gennorm,2.928349843544143,-0.018958518095018154,1.0237853487975384,2.334226840428202,0.17014676501433063,0.8799179924840038
Hunan Province,646,gennorm,2.425280795591708,-0.03342230503403832,0.8622209947125177,2.427555489512957,0.20255867369956757,0.8586145929271629
Hunan Province,647,gennorm,2.754789154371378,0.01812367084859591,0.9829896822952364,2.3327874275451403,0.2477563073419099,0.8681866957775026
Hunan Province,648,gennorm,3.5114175374755066,-0.0166972942662226,0.9998885684836938,2.9451138451103516,0.19219534402090827,0.9594311076111299
Hunan Province,649,gennorm,2.8186707006312908,-0.00094050620337366,0.9721485275282338,2.3223742345609475,0.1983276515843773,0.8666514965149117
Hunan Province,650,gennorm,2.378993660478995,-0.008741559294337925,0.9005276524259773,2.218883604790797,0.24077520812399789,0.8194791140960938
Hunan Province,651,gennorm,2.883295263568826,-0.004952740316062849,0.9773522979021565,2.6778308892009663,0.16081729091563002,0.9256478893706745
Hunan Province,652,gennorm,2.897379364275086,0.058318805549680386,0.9493640566946125,2.7434711015570445,0.21391268958995763,0.9209068567503305
Hunan Province,653,gennorm,2.790197680518318,-0.04312047903545424,0.9816419127280633,2.264489273480666,0.2128757156284565,0.8219862023160512
Hunan Province,654,gennorm,3.0077120383887106,0.02759379277630601,0.9936684756876779,2.9027331576293127,0.18709843472212895,0.9314904970561542
Hunan Province,655,gennorm,2.4253375376271107,0.006647699809309104,0.9267531391628228,2.4057579743421473,0.1891062172495449,0.87801160581247
Hunan Province,656,gennorm,2.6758560817031842,-0.001814312160256106,0.9414219827822188,2.347849466510244,0.2208107496246029,0.8617348990749396
Hunan Province,657,gennorm,2.9009536954243718,0.031506608038430306,1.003558288841146,2.8150497956322473,0.20632878040929456,0.9256382944468076
Hunan Province,658,gennorm,2.9722118809222593,0.034945208524970406,1.00463308223526,2.255706302702107,0.2175717702479723,0.8571465155732219
Hunan Province,659,gennorm,2.523135098374378,0.01346327131697147,0.9180621946680374,2.3434124038006807,0.20290553406168643,0.9245927167654442
Hunan Province,660,gennorm,3.0226561768168674,0.025052306773295854,0.9759145935888685,2.3718199268615647,0.19070625625935522,0.886533098811587
Hunan Province,661,gennorm,2.803915232546754,0.013016276695314029,0.9645493840632724,2.6469285365302904,0.1961989502253726,0.9311890279992902
Hunan Province,662,gennorm,3.232675398419955,0.04772395616297488,1.0135347735253744,2.509881522223917,0.19747881482268564,0.9079824635304979
Hunan Province,663,gennorm,2.6974236871409416,0.0003772570716590539,0.9507377839186097,3.1188646627157763,0.18852267675482473,0.9878647291367255
Hunan Province,664,gennorm,3.0132371622272194,0.011689629174196935,0.9831992361681186,2.0777585074501914,0.2302068067113544,0.8347562642481832
Hunan Province,665,gennorm,2.7605435126317426,0.0018398844809961528,0.9876259813112306,2.3389670250623045,0.245670533243814,0.8385264273349113
Hunan Province,666,gennorm,2.3098332645868194,-0.0165550712160564,0.9037953765341041,2.331391518103474,0.21434010672454712,0.8980549339163398
Hunan Province,667,gennorm,3.5191095626374214,0.03874577326972267,1.0131607903387636,2.3646547468611425,0.20334919191483314,0.8821291179955586
Hunan Province,668,gennorm,2.8997121372196055,0.022249308884539666,0.9509009330401905,1.7619239847801151,0.2310794686911832,0.7166116385541202
Hunan Province,669,gennorm,2.3037241697544424,0.00516185963977294,0.9081451964240842,2.202228712545286,0.21254522188740121,0.8102330439308589
Hunan Province,670,gennorm,2.7971982299531337,0.04104319323914972,0.9369431592138587,2.2457075689293546,0.19819618648045728,0.8094425008925727
Hunan Province,671,gennorm,2.673820214080025,0.024645985586350123,0.9295158798504524,2.320679170461378,0.20052165779306694,0.8424116442799209
Hunan Province,672,gennorm,2.6502517989311496,-0.006330059832234194,0.9618583552231761,2.6022954014090747,0.1956568198443211,0.8860063125810225
Hunan Province,673,gennorm,3.0119661017162533,0.0074319137142656025,1.0096990909710901,2.2527623251264584,0.2339853771367232,0.8782550008101652
Hunan Province,674,gennorm,2.803895518421162,0.03080975882450701,0.9502473338142069,2.1753881908419546,0.22478437788707273,0.8834395383573673
Hunan Province,675,gennorm,2.5165673802378983,0.025956321926233178,0.901621004308033,2.5706665476023973,0.2175032625485502,0.9322926181045174
Hunan Province,676,gennorm,2.4584670818117744,0.019927498130152092,0.9308596678634338,1.7967163156350363,0.19088699878282445,0.7891486024782328
Hunan Province,677,gennorm,2.4804255599450165,-0.03555020852766516,0.9823682186024605,2.713574289372342,0.16621323692689388,0.9336730090703901
Hunan Province,678,gennorm,3.691882036221345,-0.03809177386855836,1.0062991379740236,2.196961098340891,0.17027649546129578,0.9137910331780783
Hunan Province,679,gennorm,2.693312861816831,-0.011350049473675287,0.9896589517239704,3.0905272068404988,0.1937407459575096,0.975929798188685
Hunan Province,680,gennorm,3.144298169508253,0.045117617318938395,1.0550179469232894,2.3610830564275567,0.22071897969415605,0.8926596590109499
Hunan Province,681,gennorm,2.571203895123356,0.04095659802089564,0.9691278394887941,2.603991927552518,0.20306720991974647,0.8829861664257164
Hunan Province,682,gennorm,2.3907664860899356,-0.008690173212673225,0.9457781827929785,2.2048780796424285,0.1755900219573711,0.8019543718118545
Hunan Province,683,gennorm,3.061275770186892,0.0033261559406502425,0.9919475594438871,1.7479879921513257,0.19990584318679017,0.7315631840861586
Hunan Province,684,gennorm,2.7420300337466736,-0.021526275734527776,0.9446851871840258,2.4202483237928334,0.19134480620454114,0.9151790974176293
Hunan Province,685,gennorm,2.426708857628955,0.04152622230081306,0.9502321704053949,2.025120450141794,0.21943107898915223,0.8207815966585097
Hunan Province,686,gennorm,2.4867110711023552,0.017612878125383015,0.9236604898211713,2.380784983461463,0.18237099462931017,0.9032393518117343
Hunan Province,687,gennorm,2.910733150018208,-0.021441741473001014,0.9878215126311269,2.2532252628900613,0.2214515330113751,0.8351941214142069
Hunan Province,688,gennorm,2.3863519697972757,0.004805155892679611,0.9451318934494685,1.9302600916069224,0.21521800658985313,0.8443936182171243
Hunan Province,689,gennorm,2.1494853502613096,0.0529585987180599,0.8541975338908394,2.4313342849002595,0.17423885286085372,0.9357382479150052
Hunan Province,690,gennorm,2.633754431855351,-0.014185189637969078,0.9803463120066911,2.036097605821684,0.21883469887980442,0.8513979282307698
Hunan Province,691,gennorm,2.574545645167558,-0.037562955613082746,0.9504432473317466,2.3290428505480705,0.17817612273792602,0.8754548484899372
Hunan Province,692,gennorm,3.0306920533167587,0.013809715222119212,1.0134403629410533,1.9715924497588921,0.19139880199798148,0.8029226009339088
Hunan Province,693,gennorm,2.6642770216604372,0.011231812611500434,0.9205105684937085,2.597944452635332,0.20106675977287353,0.8812805935352819
Hunan Province,694,gennorm,3.031605014513551,0.03779633910145211,0.9922271122076141,2.871123391691615,0.24589114700150094,0.9145909585662979
Hunan Province,695,gennorm,2.619127957992866,0.016675043130727946,0.9756851151172212,2.6059085255431818,0.1734400507601376,0.929086745148819
Hunan Province,696,gennorm,2.5005056722856462,0.006525186263404129,0.911052241242468,2.828522286695827,0.19654781727284296,0.88004328377627
Hunan Province,697,gennorm,2.695640687955788,0.036107233748368196,0.9694879596811292,2.5433243200114575,0.1970076213086454,0.8992374928166349
Hunan Province,698,gennorm,2.7116761168400165,0.06752162266132421,0.9930283605293787,2.0097196583034425,0.18202782082582408,0.7808392923550125
Hunan Province,699,gennorm,2.755076985264875,0.02232303791570179,0.9612649555423003,2.782592030781675,0.17984483556155334,0.9228761521880471
Hunan Province,700,gennorm,2.740809399550428,0.03600579045284562,0.9197669255257417,2.303629679643137,0.2152353641650414,0.8406681733753902
Hunan Province,701,gennorm,2.510282644632202,-0.0425866353425567,0.9316360982305767,2.8934059935196554,0.2291173700698374,0.9142075271265163
Hunan Province,702,gennorm,3.3410616357354765,0.022023479491517874,1.019959845404545,2.4737316060976773,0.18260727531424711,0.8735012438293535
Hunan Province,703,gennorm,2.4579319657234375,-0.026930088473294013,0.8971618592020334,1.9956649268691442,0.18637079119577393,0.8315004445287155
Hunan Province,704,gennorm,2.550245381906095,0.03409780962823887,0.9556443856498367,2.30918641196756,0.22622921333512588,0.8246246828114707
Hunan Province,705,gennorm,2.9848083366184506,0.06114457249030795,1.0012486349037117,2.4269057479760465,0.18963927719528187,0.919295380928243
Hunan Province,706,gennorm,3.0452996872712235,0.023573153249404347,1.003798986826705,1.9249060132969986,0.19870619898724562,0.8355940177280562
Hunan Province,707,gennorm,2.229517123718813,0.04395903568863384,0.9324138871583706,2.4569548923335667,0.20977016327101894,0.8892296477725115
Hunan Province,708,gennorm,2.295360865571353,-0.0085483981251488,0.8798601811181492,2.892876300043689,0.10170000134084428,0.9584402635727641
Hunan Province,709,gennorm,2.4778020898414432,0.041864995231271906,0.9434653962998178,3.1263280289208115,0.2036285985524256,0.9450584215821073
Hunan Province,710,gennorm,2.5149483971936735,0.006005570773525875,0.9626175835567683,2.406187701298015,0.22765714754837346,0.876661586479005
Hunan Province,711,gennorm,2.54257995640903,0.03460052570178046,0.9498638858965627,2.4738360745438803,0.1708249370515316,0.873672800165673
Hunan Province,712,gennorm,3.172870465142331,-0.0014787098714760696,1.0325886819789907,2.563598693023279,0.1842905189499226,0.9053083181816599
Hunan Province,713,gennorm,2.7202891833331364,-0.018525873485800388,0.9605871401083254,2.265785328052016,0.22515488098699057,0.8637329331134551
Hunan Province,714,gennorm,2.7570689234799257,-0.0016950849550172017,1.0020036953758051,2.0524814280471775,0.1764601526958412,0.8074292114055122
Hunan Province,715,gennorm,2.494652302351787,-0.0066888308121073915,0.9181482033936375,2.7295453839677917,0.22798481624745132,0.97009738165198
Hunan Province,716,gennorm,3.0596808403324434,0.022818118567034935,1.0248402329516435,1.801332119580768,0.17832539728831992,0.7567515884920855
Hunan Province,717,gennorm,2.545470975380849,-0.019002902881848086,0.958243338768466,2.7423297913814,0.24614656409313085,0.9785289458149575
Hunan Province,718,gennorm,2.556022193598837,0.01348683105858655,0.9764308522281024,2.5466344427100314,0.19770692498568346,0.8947260769859355
Hunan Province,719,gennorm,2.606975633187197,0.01621011501282223,0.9358244268672293,2.555331035417404,0.2229211153102167,0.8815609274541134
Hunan Province,720,gennorm,2.759919626120972,-0.003294801266073135,0.9642864156063293,2.324428510872848,0.21235767250775456,0.8877165957468014
Hunan Province,721,gennorm,2.709425191072746,0.03376092025502693,0.9427287679393522,2.833823002042432,0.19303502075873563,0.9447373950880904
Hunan Province,722,gennorm,2.6295088738741077,0.054615194464470426,0.9997767255330013,2.559960630878817,0.1923372395440923,0.9544110128249823
Hunan Province,723,gennorm,3.198013231235941,0.04137905577430936,1.0323998543214385,2.1107488933135548,0.1896848552945179,0.8500287343864854
Hunan Province,724,gennorm,2.547070694493649,-0.020971399398545615,0.9463408542263485,2.3318447953481245,0.19342708871356246,0.8455022958493963
Hunan Province,725,gennorm,2.7438186396623374,0.030268694330157456,0.9577636840221282,2.439780045256653,0.18097069083371659,0.8847924593077645
Hunan Province,726,gennorm,2.8650038559778714,0.024766699202820375,0.9962533079440044,2.161860910150422,0.24648758433498763,0.8487626923955822
Hunan Province,727,gennorm,2.4706756102054745,-5.320370987143072e-05,0.9469656294563484,2.3732949618870496,0.17954845941697517,0.882361471112401
Hunan Province,728,gennorm,3.009487316033796,0.011157844776686928,1.0299793304197542,2.266189805620006,0.1764673499045588,0.8653935177151502
Hunan Province,729,gennorm,2.852175136410616,0.019600645287134236,0.9716577576922794,2.488910564537183,0.16950250999390765,0.8816861254481475
Hunan Province,730,gennorm,2.2117179143843844,0.01448230597093723,0.9104059996603853,2.459824936578723,0.2111633280846064,0.8668496856860948
Hunan Province,731,gennorm,2.7569081063580185,-0.014175633674784055,0.9784439219886356,2.704983462710672,0.18876028116826943,0.9199811361393321
Hunan Province,732,gennorm,2.721217705282162,0.042661721479316864,0.9296639845851354,2.6893144442967145,0.17645695316558596,0.9577238629364702
Hunan Province,733,gennorm,2.157107157976184,0.0336993681781365,0.9022616543094114,2.477446989388166,0.21790766695417596,0.8733181019553955
Hunan Province,734,gennorm,2.3898347327596223,-0.006502505861860993,0.8947158783257212,2.6169923684670793,0.18461251199911533,0.9159743567199596
Hunan Province,735,gennorm,2.9979160041212785,-0.0018417525683588052,1.0081057164010114,2.1716614898371494,0.18904028902908443,0.8069143899620097
Hunan Province,736,gennorm,2.618350938438958,0.06892062233617936,0.9578134463777792,2.1621478579332765,0.2140941932316157,0.8374550089735948
Hunan Province,737,gennorm,2.919420229492868,0.019866751289228365,0.9915462091810394,2.3792129202475025,0.15043143717198112,0.8723329125904369
Hunan Province,738,gennorm,3.4107127462713844,0.03619964770466379,1.0083094273228181,2.297250920999619,0.1471685947526818,0.8844566074027467
Hunan Province,739,gennorm,2.9005200922931325,-0.0013759655875314625,0.9863884566560462,2.7078254300750206,0.2521003198612528,0.916523792918665
Hunan Province,740,gennorm,2.866065467866406,-0.007842771727070222,1.0163672140395859,2.1402461534710433,0.16816850494791907,0.8721742128775842
Hunan Province,741,gennorm,2.504546286204814,0.05966493184070591,0.9147581500249666,2.474366381720798,0.2385821413597008,0.876720509827663
Hunan Province,742,gennorm,2.7430366160356865,0.055511373170426995,1.0307604723592776,2.306847265691218,0.22457275327098364,0.9096010636549682
Hunan Province,743,gennorm,2.5111025246859837,-0.005165151532515273,0.958772882740899,2.4948101532018407,0.18673433654603147,0.8823092610310969
Hunan Province,744,gennorm,2.4533264924611977,-0.021593778410566977,0.9166793990213105,2.4176031873227215,0.2026075197630927,0.8598539113317716
Hunan Province,745,gennorm,2.9980140537753663,0.03729626876879514,0.9785954506010572,2.245195623758951,0.22645647036679134,0.8792377636719348
Hunan Province,746,gennorm,2.7598534880183694,0.0028532562721500622,1.0183232725145066,2.7790776312930934,0.2212884053248971,0.8851507060061699
Hunan Province,747,gennorm,3.1233511811756003,-0.0031921355483706146,1.0153740804662885,2.279591392966524,0.18057810627249074,0.9083058349698987
Hunan Province,748,gennorm,2.5119358188445524,-0.0047966715276934035,0.9388264860317266,2.273703014597954,0.19795190652755323,0.8751740057183129
Hunan Province,749,gennorm,2.883739921956889,0.013415334819168998,1.0032044354438718,2.5139654257429047,0.23487880462491328,0.9120340552768276
Hunan Province,750,gennorm,2.931061102712623,-0.011980723249236665,0.980090774220454,2.367295988309416,0.16790639702662669,0.8599931773862635
Hunan Province,751,gennorm,2.1224950764836734,-0.011190692109002445,0.8711236314681758,2.0969395850159653,0.21730712098962224,0.8734331594931165
Hunan Province,752,gennorm,3.4107924523701536,-0.0016499359737881872,1.000998949432912,2.374164972520571,0.2668368912206215,0.8583683690128837
Hunan Province,753,gennorm,2.770262262263233,0.023452252430540763,1.004670638971148,2.494175878163902,0.149316022338018,0.9129759151694062
Hunan Province,754,gennorm,2.6113980463213977,0.007772913834025872,0.9594775485986227,2.7180486684663743,0.17989545064404444,0.9294052292731189
Hunan Province,755,gennorm,2.14859071687559,-0.034318040252329374,0.8655366837889131,2.6717904431529202,0.18751365152272303,0.9110867059808303
Hunan Province,756,gennorm,3.1603606977903587,0.02141780863383015,1.0150319632749598,2.331922951366005,0.2188780677820889,0.8881041199315647
Hunan Province,757,gennorm,2.4498100763980784,0.005709452580595983,0.9831009624001079,2.4264781286503005,0.21990607298506076,0.9125768319028369
Hunan Province,758,gennorm,2.621660965745348,0.0034399405124337515,0.9605361149274549,2.222520082179547,0.1730536221539215,0.8284005817753719
Hunan Province,759,gennorm,3.1904069861184037,0.009839148027448646,0.991849573036316,2.5602488324455512,0.1917231762706013,0.8592636656801087
Hunan Province,760,gennorm,2.949442848749162,0.009962989782896692,1.0005701871888288,2.1455999298994994,0.2054123336502382,0.8464637267304846
Hunan Province,761,gennorm,2.7122337699132295,0.023601989666127553,0.9719632824793342,2.3044829772937234,0.24542321090894442,0.8800345613157144
Hunan Province,762,gennorm,2.6001775389162134,0.03921928086844301,0.954116275245287,2.036715386026282,0.21640846041567102,0.8184182830885304
Hunan Province,763,gennorm,3.1340261855619875,0.017795175533378185,1.050186900275393,2.3048047932049567,0.23104395267932143,0.9048218219076716
Hunan Province,764,gennorm,2.814634467696106,0.022137748783586122,0.9267408310033635,2.7454339795403655,0.2065484711834613,0.9153513547506618
Hunan Province,765,gennorm,2.4194346430246867,0.03153998119911057,0.9427079497404172,2.5035481314591888,0.2003585866248288,0.8916410556554809
Hunan Province,766,gennorm,3.2718169318526407,0.03746132058444455,1.0147458726521021,2.390072151440883,0.2016735523125623,0.89141904213393
Hunan Province,767,gennorm,2.3574367703367898,-0.003111452703636934,0.9256392192341756,2.3217439234753843,0.15126967531093555,0.8196242856928992
Hunan Province,768,gennorm,2.63740098723573,-0.05470748550182336,0.9692071580621378,2.2375947468297115,0.19456723431173778,0.8882105897104827
Hunan Province,769,gennorm,2.5826092307639783,-0.025271466264091817,0.9496374285529633,2.7358925975200243,0.24583944717143796,0.9299822609385259
Hunan Province,770,gennorm,2.7933755102042035,0.018807177096691004,0.9562530861351715,2.3051284773014338,0.20478886557920492,0.8543283959166521
Hunan Province,771,gennorm,2.5454968548326296,0.04607704367965229,0.9112393096842375,2.2526720865746372,0.18674175431945728,0.8097517751342906
Hunan Province,772,gennorm,2.810403501371294,-0.011687763564338077,0.9849653964125653,1.9608542829347437,0.2082441111549765,0.7736036407298597
Hunan Province,773,gennorm,2.7664822328361933,-0.01922204239155598,1.0061656318638568,2.7144318993425096,0.23074273328703504,0.8314394480461222
Hunan Province,774,gennorm,2.7491961013961803,0.0014874393481072857,1.0009080812303732,2.349552801295021,0.2386207234203671,0.9175298879615302
Hunan Province,775,gennorm,2.4658573879501477,0.048426509179743046,0.9097125551638439,2.570730082281895,0.17340009711206716,0.8739450238058141
Hunan Province,776,gennorm,2.580867972778388,0.006964756090579759,0.9562912576619604,2.503137091960584,0.2202962663094673,0.8979605576295422
Hunan Province,777,gennorm,2.814776653623556,0.05895023300009018,1.0046434964854556,3.3867034305811727,0.23757168776857507,1.0433562091425235
Hunan Province,778,gennorm,2.619709266526677,0.03138344394702377,0.9561207857381961,2.849990337116397,0.24327244831617162,1.0022955761434593
Hunan Province,779,gennorm,2.7873897229773084,0.01731892044016834,0.9535478382880229,2.0194195527045453,0.1751177629266164,0.8390030709350901
Hunan Province,780,gennorm,2.4930873333157226,-0.012324485395272332,0.9119100514993895,2.3270785128807754,0.2109559232707528,0.8673617544113794
Hunan Province,781,gennorm,3.143800034062976,0.02129456041452822,1.0409771888237491,2.568876128869855,0.20502426143301555,0.8674003300836004
Hunan Province,782,gennorm,2.9329048503113713,0.02923710212206824,0.9943511261297703,1.9779617582792843,0.21940860907791887,0.8273184000600853
Hunan Province,783,gennorm,2.6383195953043623,-0.023575486793385,0.9298206233932336,2.488665740997373,0.207022235270038,0.8888025137622473
Hunan Province,784,gennorm,2.76087655186958,0.001836563333201177,0.9827175914372772,2.5993368739080145,0.19641380871459174,0.8906298955746517
Hunan Province,785,gennorm,2.4770656294255446,0.028052227581994722,0.9467451638424851,2.108677571035257,0.16763609123188145,0.8108900092664474
Hunan Province,786,gennorm,3.061352802713674,0.026945452699705563,0.9647585810076537,2.301420209861302,0.20195373786969928,0.82898732622826
Hunan Province,787,gennorm,3.1042639607612834,0.03553329237429343,0.96379575680124,2.665053934211141,0.23485154864294247,0.9273253574282144
Hunan Province,788,gennorm,2.5444910178866627,0.009977376734365499,0.9587166266130672,2.378936969500854,0.21937446005487868,0.8729886816430241
Hunan Province,789,gennorm,2.53613021365941,0.028266780537694915,0.9477772329086968,2.116148099183727,0.1810872074356633,0.8408606615563647
Hunan Province,790,gennorm,2.8211353236131576,0.0032638211373495866,1.0227087456419561,2.16324266503026,0.20299831801146262,0.8041756343412094
Hunan Province,791,gennorm,2.8007409729850066,0.03262003517970517,0.9348465176164438,2.016509535639406,0.14929005401888637,0.8020338091543107
Hunan Province,792,gennorm,2.515723541680318,0.06529596735170698,0.9453783196093655,2.300768004000201,0.22807510058983688,0.8986249057512408
Hunan Province,793,gennorm,2.577973148720157,0.002503116876282208,0.907082155625226,2.5791119564531915,0.17055899402412422,0.889060842814364
Hunan Province,794,gennorm,2.0519979016591696,0.0016872487750351005,0.8766017370486995,2.488489405690454,0.2176259898878768,0.9532549109161816
Hunan Province,795,gennorm,2.4561153125386763,0.00948286733264047,0.9267197149361215,2.625140228204538,0.18990838046029151,0.9098852273509157
Hunan Province,796,gennorm,3.209366283237345,0.036716881935459314,1.0197794896878638,2.563568624299587,0.1705908078543794,0.9076411071061454
Hunan Province,797,gennorm,2.9017713339473463,-0.024814245568994427,0.9674575605777884,2.4672722223901147,0.2106558640110297,0.8590462316388712
Hunan Province,798,gennorm,2.5097617577560634,0.0067441434046233584,0.9062769896122325,3.2214203551596223,0.19270277536094604,0.9817457014431791
Hunan Province,799,gennorm,2.5520770647903697,0.03595702456286888,0.9131904940454961,2.104910197307656,0.170486068057587,0.8408470969898194
Hunan Province,800,gennorm,2.4283964476898316,0.04445069081292995,0.9342453645357875,2.6229490174582875,0.20773008239021512,0.9105579037174572
Hunan Province,801,gennorm,2.9444160841659794,-0.0024361905092524475,0.9946434390179593,2.490600792736344,0.23403742072076422,0.8937894366624339
Hunan Province,802,gennorm,2.327050627810575,-0.0347850637740687,0.9107811569761288,2.2416304285510993,0.18649004519997547,0.9160176142306096
Hunan Province,803,gennorm,2.598567000462768,-0.01773465444315535,0.9794261960982742,2.4511383297265867,0.1880317943599676,0.918641300968718
Hunan Province,804,gennorm,3.129719307709099,0.0020839662592271394,1.0352827443328998,2.4729481808745386,0.2358939800335217,0.9222288192838843
Hunan Province,805,gennorm,3.0693304883572488,0.01400758123947022,0.9454042351208636,2.596657142965842,0.19678626565721147,0.8684219414967655
Hunan Province,806,gennorm,3.0876670971638975,0.029735857500513246,1.0205210839222985,2.251935865366658,0.20184671995294434,0.9073821237181734
Hunan Province,807,gennorm,3.0760216410258137,0.008693691947557966,0.9843629020356321,2.2779745837543532,0.18249583584874407,0.8874628144846575
Hunan Province,808,gennorm,2.4960964441002114,-0.0042770915316537855,0.9158581630005735,2.4933863327798553,0.2171458799517889,0.8681079692624147
Hunan Province,809,gennorm,2.715534653256191,0.007363294379037445,0.948416760644116,2.2646684920060993,0.18176380911977055,0.8727518339415079
Hunan Province,810,gennorm,2.634381774373219,-0.02205449010209,0.9765335723078314,2.2361644562541683,0.2128018152211061,0.8944392950838336
Hunan Province,811,gennorm,2.867144219547421,0.0020286070486678414,0.9710829309727622,2.464227583769162,0.22338400698403804,0.9210838905499492
Hunan Province,812,gennorm,2.6162556954496914,0.012456900195556987,0.9870884945580133,2.203568163929656,0.1660696981878368,0.8119919457964275
Hunan Province,813,gennorm,2.597461936505659,0.031303703844135375,0.9300140440009894,2.4550824804608578,0.20924804909576872,0.9325381607698027
Hunan Province,814,gennorm,2.4965017576932453,0.02157326174504023,0.9752780192674163,2.555047482111463,0.22211193263898188,0.906052769354061
Hunan Province,815,gennorm,2.6542251131723873,0.011208431923276283,0.942608043389463,2.4575640885136663,0.2366761714995929,0.8741062937798403
Hunan Province,816,gennorm,2.681022444987868,0.03772109656675429,0.9163543934132965,2.2842739765614635,0.15861639915523235,0.892472244709988
Hunan Province,817,gennorm,2.9166000626427806,0.05102468510329497,1.0335147537181206,2.1074247515206475,0.17996702097197909,0.8711279345553722
Hunan Province,818,gennorm,2.189542374257993,0.0814951786811289,0.8953209014808086,2.2634008970771253,0.20768178632862555,0.8208072845094974
Hunan Province,819,gennorm,3.3527431907707292,-0.004063314271201855,0.9847497762578065,2.3067088694309117,0.1771812242921747,0.8722311566797898
Hunan Province,820,gennorm,2.4798891928825255,-0.00376841622816493,0.9512741369882707,2.164942264042365,0.23522242057646853,0.8647897091098339
Hunan Province,821,gennorm,2.427757774329965,0.028212864482037706,0.9364018731291924,2.5281394458993987,0.2536282336691291,0.899739599998411
Hunan Province,822,gennorm,2.815205894127035,0.013791567910846913,0.9919043631741175,2.46786395191425,0.19465782447415897,0.8770094732712397
Hunan Province,823,gennorm,3.512890307594753,0.0490720831099094,1.07320857657115,2.38790108637653,0.19770408803615896,0.884292433657262
Hunan Province,824,gennorm,2.7233815229411746,-0.015476634212788914,0.9521272285668239,2.5122264639749687,0.1944898671278522,0.924520157618892
Hunan Province,825,gennorm,2.6792019273483927,0.024585386700690458,0.9698707757793441,2.9536694594400883,0.16338947479565968,0.9680896271835062
Hunan Province,826,gennorm,2.5967059993719155,-0.028860043528196697,0.9327490636101581,2.35980670471419,0.1620020110687448,0.8589172959032308
Hunan Province,827,gennorm,2.486414831838953,-0.02738344052107808,0.9109169641659414,2.4691525387838187,0.19931303411820805,0.9158280116344242
Hunan Province,828,gennorm,2.826813968970412,0.008705005462328717,0.9530171162198646,2.3518982761562244,0.20646330069691415,0.8909506816770372
Hunan Province,829,gennorm,3.554210459642957,-0.028398088376592127,1.0159415946463242,2.6045148290889637,0.24369992784819838,0.8995693245727959
Hunan Province,830,gennorm,2.881845309782534,0.0334213924372056,1.0062788427972087,2.2318781137048775,0.20147733162428105,0.8773891632937854
Hunan Province,831,gennorm,2.7741570618684914,0.019648595757407898,0.9239695204575713,2.6828366109000097,0.20261341381899103,0.9577584331291031
Hunan Province,832,gennorm,3.46799470202639,0.03351591503619143,1.0291751825318598,2.8790640425692358,0.19801354574150237,0.9514344268319084
Hunan Province,833,gennorm,3.0581680351598273,-0.005122693566074555,1.0231779020149148,2.4018317217238554,0.21515255276643552,0.8902312958664439
Hunan Province,834,gennorm,2.33893232956699,0.018231848055857237,0.9252814717323481,2.4776313370275567,0.18786007633475915,0.9272706510372628
Hunan Province,835,gennorm,2.839968633550826,0.02554195735018884,0.9764806139567729,2.725764229020454,0.20395251256146718,0.931456616658072
Hunan Province,836,gennorm,3.0091457910664072,0.02597890502087101,1.0151742308157234,2.4837659966986294,0.15785515649482104,0.9128148003540837
Hunan Province,837,gennorm,3.2046404788313563,0.030542636888209445,1.0175854987395796,1.8965104982237535,0.22409964747808356,0.7912300033305286
Hunan Province,838,gennorm,3.1615760233059613,0.03125659118732533,1.034604906723081,2.5836432355973398,0.23429313989668293,0.9360402481757764
Hunan Province,839,gennorm,2.7861133488910506,0.009607090764129217,0.9706539933449556,2.2085494835922783,0.19441721299413703,0.8934477677870096
Hunan Province,840,gennorm,2.4921666924031083,-0.004725797417970242,0.9216823236448407,2.162897916746253,0.22450770248306334,0.8287277453612547
Hunan Province,841,gennorm,2.5692653143650146,0.035040279560722705,0.9692754871548848,2.295825328419158,0.19855343015935362,0.8815586250130153
Hunan Province,842,gennorm,2.9214742066673702,0.0073694962138734915,0.9656987019881009,2.258915109109381,0.19653943791422482,0.8729571930700342
Hunan Province,843,gennorm,2.4924604267677894,-0.05537904103518031,0.9403553029667071,2.3584423432512454,0.1734212314568412,0.8748821322037563
Hunan Province,844,gennorm,2.7179348045691927,-0.013089632833077198,0.9324173353113092,2.0436597575136575,0.19396125631364156,0.8321326144233321
Hunan Province,845,gennorm,3.2247316261678876,0.020089431621007105,1.0027897439111624,2.5320315839379597,0.18236241839992495,0.9200276871830086
Hunan Province,846,gennorm,2.7984879090966635,0.04188388875966409,1.0147508456252678,2.259428295993283,0.21395949899547306,0.8200627954880505
Hunan Province,847,gennorm,3.0217235249331145,0.01971179517436697,1.0015823176519323,2.2793150671993736,0.15002328746261018,0.8605478781340578
Hunan Province,848,gennorm,2.583879470356983,0.01729670872954889,0.9570686801901578,2.366219832655778,0.2107900416983292,0.9320760586121082
Hunan Province,849,gennorm,2.5554568090099146,0.021065054989614803,0.935469794123549,2.485293129992548,0.2008334419229259,0.8895279661057647
Hunan Province,850,gennorm,2.5324920472504724,0.04659990825576722,0.9520176956108225,2.2305143457506915,0.19305456857306164,0.8840980704975803
Hunan Province,851,gennorm,2.5565297751869247,0.035729862258266076,0.9520767012604203,2.388110583014428,0.20145417821372152,0.8864823810693325
Hunan Province,852,gennorm,2.591902314071639,0.0017780593551014494,0.9478017682513303,2.453429078067332,0.22273094209885308,0.9097476342024176
Hunan Province,853,gennorm,2.7765635801532813,-0.024819952293264412,0.9764809898639033,2.9063289569960555,0.19557610238169182,0.9280152732954066
Hunan Province,854,gennorm,2.004469227687997,0.0383271842938122,0.8369399886775445,2.0154481813233316,0.1908826824568193,0.8139955736962763
Hunan Province,855,gennorm,3.670340472174665,0.047157272663030686,1.035865244582424,2.151674158891039,0.19455013475344335,0.824297921479025
Hunan Province,856,gennorm,2.667816799357012,0.00881804932948798,0.9375616951403388,2.2231452564586665,0.19700870147535537,0.8838334132401305
Hunan Province,857,gennorm,2.7957668823315185,0.032058254728135824,0.9789034627784343,2.7048115834912063,0.1584270956422112,0.954718140717874
Hunan Province,858,gennorm,2.315585587782814,0.023751969256898812,0.9370219468926955,2.005540388108975,0.17724446788994047,0.8052293507466699
Hunan Province,859,gennorm,3.101404379815389,0.0031797059185141256,0.9649584789267853,2.361565351947574,0.21609701799742997,0.8612411570906285
Hunan Province,860,gennorm,2.578845567374655,-0.0069063732755606354,0.9128155984813022,2.4949099006390587,0.1733537308590915,0.9266569505643458
Hunan Province,861,gennorm,2.7065984792116256,0.02668121993618191,0.9885443455406566,2.7119846723402286,0.21843695994121703,1.0102345386464076
Hunan Province,862,gennorm,2.5746758250630624,0.004123537579444248,0.9327242274136692,2.254535410458563,0.21819345017949798,0.8765523420267507
Hunan Province,863,gennorm,2.3682443357025913,0.028559890282861447,0.9008892812291944,2.4194498613405537,0.1735912017696427,0.9093153761987134
Hunan Province,864,gennorm,2.5048236903985543,0.03104487125040927,0.9445036309645102,2.2274085174008933,0.2196417566180467,0.8439367637526491
Hunan Province,865,gennorm,2.669062407105182,-0.0278116816955261,0.934353713339751,2.5589413482268752,0.2226247700876387,0.9059053676381887
Hunan Province,866,gennorm,2.7544057892999136,-0.029179497190319967,1.0038203100806862,2.1413499658296615,0.23614089480044428,0.8511704745227975
Hunan Province,867,gennorm,2.4687065593829685,0.042565389385231425,0.8904381475537593,2.3172032195380865,0.22966369108814888,0.8781591986985599
Hunan Province,868,gennorm,3.0441399708617913,-0.03784578772564962,0.9751434831945367,2.3472163181400587,0.2428458591958115,0.8626153859459602
Hunan Province,869,gennorm,2.6139111925461744,0.02010458216526696,0.9568465018982596,2.433982453746305,0.20003114076218842,0.9230206760435196
Hunan Province,870,gennorm,3.1482711016396245,0.025831524042391654,0.9986988828805159,2.4112206816286594,0.2065707007571483,0.8508128120344961
Hunan Province,871,gennorm,3.2065260976992107,0.0282513379434004,1.013098644747882,2.3553353952407936,0.21010996133850102,0.9236852870156766
Hunan Province,872,gennorm,2.296904956492793,0.002095930690136331,0.8966560863958974,2.2808335448678774,0.19098903221715313,0.883431166953575
Hunan Province,873,gennorm,2.796679003868469,-0.0005097307338017851,1.0042509594818072,2.5614644824673594,0.21086335730373687,0.861053749238311
Hunan Province,874,gennorm,2.604164588661705,-0.0005592970807958285,0.9643629697500963,2.7006860179597934,0.21857451484510398,0.971363297480963
Hunan Province,875,gennorm,2.74495382727937,0.026126436735630573,0.939503670507216,2.1187730249334638,0.14823514628124135,0.8225767164661284
Hunan Province,876,gennorm,3.276715155455804,0.030291849902045254,1.0011683253466024,2.7115486896964542,0.1754601128900291,0.9295599856359504
Hunan Province,877,gennorm,2.6097473282131114,0.014948410535722073,0.9837677573228013,2.527900475924486,0.21541356090010724,0.948534607406559
Hunan Province,878,gennorm,3.129060902124473,-0.0325407784014686,1.0213187317046493,2.447482385872524,0.1884081895003014,0.9022706795159985
Hunan Province,879,gennorm,2.4858760686494876,0.048482348085866794,0.9240473375711629,2.3915830578288833,0.16920965658124054,0.9143608838797667
Hunan Province,880,gennorm,2.7381589129071875,0.030397685880071107,0.9572810602512756,2.6732580991174064,0.22758630363195884,0.9101142771647892
Hunan Province,881,gennorm,2.659389085267181,0.026527163321688287,0.9604069672820319,2.259376287467551,0.22670013040932008,0.8577703856380337
Hunan Province,882,gennorm,2.7147608758531514,0.021690333957559135,0.9591437419685405,2.351602366581387,0.21069024855063676,0.8600684784313821
Hunan Province,883,gennorm,2.9307402553433364,0.017607521628343156,0.9643099236414479,2.1843374979203967,0.19034298000232597,0.8760596062705763
Hunan Province,884,gennorm,2.7494713625080074,0.04601418501034381,0.9542848361123809,2.2104922724659617,0.22765877290048964,0.8391207366166051
Hunan Province,885,gennorm,2.519100355070856,0.010041415507696966,0.9358508613014482,2.2981813139389713,0.1722274504999587,0.8649676210498541
Hunan Province,886,gennorm,2.7942212762417187,0.020256115909705916,0.9597736751236279,2.4536786783653417,0.17172023790955532,0.8502677227881791
Hunan Province,887,gennorm,2.3433804042464876,0.03115604662456803,0.8954010430430637,1.936084716796953,0.16748738479354952,0.7501451523090101
Hunan Province,888,gennorm,3.13937809444115,0.0395866488225603,1.0210572285940778,2.2272881551076082,0.16343046742622921,0.8509947514874894
Hunan Province,889,gennorm,2.226927090112373,0.007985654717136706,0.8937647405570208,2.116716682565356,0.17057148797789165,0.7926618477427279
Hunan Province,890,gennorm,3.0258478646404376,-0.018766207285663555,1.0074471479671312,2.0054784479433567,0.1991220493861966,0.829479726477907
Hunan Province,891,gennorm,3.081481910714419,-0.024226706961683726,1.0016167406837257,2.2335599361809813,0.16794301168910092,0.8568876281561831
Hunan Province,892,gennorm,2.525778263572639,0.009986538552959067,0.9658366331409427,2.788262382122956,0.19755969225932196,0.9277297561178318
Hunan Province,893,gennorm,2.8589656433765884,0.006674445578723433,1.0285747610544145,2.324957812203669,0.1746907169932241,0.8789213439555464
Hunan Province,894,gennorm,2.6344262192591668,0.0080397425400709,0.9474471105580586,2.488142603760802,0.22224055537588666,0.8779318937415237
Hunan Province,895,gennorm,3.318132089342171,0.040609513574743204,1.0016553900537095,2.4630373996387593,0.20976045487637107,0.8484898452454716
Hunan Province,896,gennorm,2.595487911972201,-0.006049033193339732,0.9865796717023227,2.453822164142115,0.15901243653649155,0.8716436196808994
Hunan Province,897,gennorm,2.819281674761627,0.013855108980716829,0.9578309012826534,2.226520647996821,0.15577973546947466,0.8410360855053096
Hunan Province,898,gennorm,2.637052350652243,0.02623550056014228,0.9809554789253614,2.2528912148736606,0.23375500687371692,0.8099082046416897
Hunan Province,899,gennorm,2.5023474300497988,-0.012057195786700326,0.94695173237063,2.5235864738314757,0.21679642135502103,0.929903146787836
Hunan Province,900,gennorm,2.8624912514427816,0.030902953322539492,0.9486196609641675,2.2596000459435626,0.18267025914678964,0.849549829055369
Hunan Province,901,gennorm,2.710646847078602,0.02630061673296914,0.9741449474248443,3.033862590011475,0.17055417432264403,0.9749018320521088
Hunan Province,902,gennorm,2.76430229665322,0.012140127419881856,0.9705450737179304,2.242504484726682,0.19290922305065017,0.878910580879484
Hunan Province,903,gennorm,2.1569183894351256,0.05161698432382592,0.8817189106725986,2.6246064817017163,0.20333278589355674,0.9102296753131824
Hunan Province,904,gennorm,3.0306308390188486,-0.022848045404981854,1.004866295566538,2.714213803551085,0.1923894917548865,0.9054214891434103
Hunan Province,905,gennorm,2.7428067656448825,0.03633952469828389,0.9750926289593977,2.791220363002175,0.1972655482342925,0.9019286252443747
Hunan Province,906,gennorm,2.8034253675945475,0.015447288297718464,0.9657569005818556,2.417905050045074,0.2179071750944947,0.8593650433656672
Hunan Province,907,gennorm,2.8589285076804893,0.01939513074475864,0.9998863432017733,2.264455790387802,0.1907365142622478,0.8875034502437915
Hunan Province,908,gennorm,2.971323046158761,0.017749394699725807,1.0104741372051629,2.5242304941331537,0.2096985021786124,0.8870103324363594
Hunan Province,909,gennorm,2.555529331943388,-0.00977968761177359,0.9692519863492204,2.505468495875923,0.1981112223301058,0.9070519886235007
Hunan Province,910,gennorm,2.836142696343755,0.0026124424124950437,0.9545389400321723,3.12853665086165,0.13445045915857246,0.9240560373632053
Hunan Province,911,gennorm,2.7410642113128647,0.015837639702317358,0.98838538078928,2.341675255856729,0.20951952662925946,0.867790494839205
Hunan Province,912,gennorm,2.3953932682771883,-0.025364488282821188,0.8867062199047782,3.1931527129039208,0.18673358697196457,0.9292957455072921
Hunan Province,913,gennorm,3.0078557308437714,0.009074312646665325,1.0009247672040145,2.670012291762154,0.15360777158478703,0.923568571802105
Hunan Province,914,gennorm,2.4296672700868744,0.011474711345993753,0.9413264915404538,1.9853393576954192,0.19519915621272974,0.8353435053762552
Hunan Province,915,gennorm,2.9712691613673123,0.007559339259115805,1.050567825708078,2.227748176618825,0.14013538950978197,0.8727675496907894
Hunan Province,916,gennorm,3.214037187493694,0.015037202374480096,1.0415507431970399,2.7613979738803693,0.25277323233291804,0.9295256393870681
Hunan Province,917,gennorm,2.9381007877560306,-0.009228406712652501,0.9967236766327172,2.333537652295797,0.18825509814966362,0.8673652873587625
Hunan Province,918,gennorm,2.569874993470119,-0.007113103878465279,0.9581520347177548,2.5914656128727103,0.19047758829121197,0.9384686615161633
Hunan Province,919,gennorm,3.04776569630223,0.0203769681731139,1.0109166565408563,2.604001524687869,0.1596553643472172,0.8886798141323589
Hunan Province,920,gennorm,3.1070494972790654,0.04285157479682894,1.0270133164970225,2.1618320849699546,0.20777097181679627,0.8340985311488635
Hunan Province,921,gennorm,2.4101899440199075,0.026391860307052324,0.9282670501517936,2.4935818739811206,0.21136808630998127,0.9500084618673679
Hunan Province,922,gennorm,3.049513728608163,0.05776541194488176,1.0051730142195279,1.777224372476815,0.16553742295590707,0.7427086810583872
Hunan Province,923,gennorm,2.7606378893235446,-0.03753953590451588,0.9690273827156177,2.0880518498225165,0.23584804912496998,0.8408715783207181
Hunan Province,924,gennorm,3.5998371419239508,-0.011446202604810048,1.0376129500094637,2.476609544217609,0.2325896882556968,0.9225445910340252
Hunan Province,925,gennorm,3.689806269657366,0.019330409817415177,1.0096043072406338,2.1801141522035516,0.20377242610818672,0.835179885973469
Hunan Province,926,gennorm,3.004449143948018,0.012248318776334276,1.0343176302406825,2.555415996743576,0.24118099155401537,0.8321959647614426
Hunan Province,927,gennorm,3.226249969445874,-0.014662074248888584,1.0273451593030871,2.130000227389127,0.18542772530217472,0.8274742243472362
Hunan Province,928,gennorm,2.9378035203397665,0.019408225574643882,1.0121411747406315,2.183236702185936,0.19895329565578207,0.8547239649277673
Hunan Province,929,gennorm,2.6431428157785968,0.07988512778254973,0.9628058122125542,2.522180459145045,0.21902836937017428,0.8744670761177327
Hunan Province,930,gennorm,2.694376888691055,-0.016520834422635723,0.9645539544017431,2.6357849160852727,0.22925430699367177,0.881706378638176
Hunan Province,931,gennorm,2.788898056642057,-0.008680368772433111,0.9570672195098817,2.8834837749707356,0.15102279259101747,0.9359846970020176
Hunan Province,932,gennorm,2.5993168943037865,0.008219926631346932,0.9518102508026738,2.456334967757267,0.22118680457218926,0.8932236831577741
Hunan Province,933,gennorm,2.428302306473218,0.013478380354693523,0.9526252709159568,2.2170442906457444,0.16738276893099446,0.8485485050248245
Hunan Province,934,gennorm,2.6999260607818405,0.019046898712558998,1.0060007726392355,2.4727886965064907,0.23999869436372784,0.9438133548750829
Hunan Province,935,gennorm,2.6281397809998137,-0.033737389571678524,0.9010266812562464,2.6556058142749412,0.21115453624907027,0.9283603395526729
Hunan Province,936,gennorm,2.4422738221062223,-0.03327156035842627,0.9375847444976306,2.451964589609573,0.19324763476429685,0.8913312233343563
Hunan Province,937,gennorm,2.4656392551750788,0.008278449044389853,0.9118048453818501,2.5348358685726273,0.19839250083114898,0.9083435761860936
Hunan Province,938,gennorm,2.4335321456719443,-0.005664917552513476,0.9688718898350634,2.4624165295941793,0.19107562071790837,0.8630660679270008
Hunan Province,939,gennorm,2.989341688073673,0.06976894778033926,0.9749213820689822,2.378512395786944,0.19695542026667695,0.8718520033090167
Hunan Province,940,gennorm,2.6800503262408277,0.02148795248996116,0.9886817011909598,2.343644175240497,0.17675917772914473,0.884184323822821
Hunan Province,941,gennorm,2.5062431746191276,-0.02089304739752421,0.9738346328374012,2.5342932408017544,0.20598736700769957,0.9041973927778546
Hunan Province,942,gennorm,2.2902067035705187,0.013330228811117673,0.8205184004088251,2.5846031813344874,0.19215612882686084,0.9175079511361472
Hunan Province,943,gennorm,2.8564987547330176,0.01821781231850983,0.9965677022025843,2.384128010848257,0.17081375583121539,0.8971151762321583
Hunan Province,944,gennorm,3.0559501822224853,0.015520987595017716,1.00592523067386,2.395896454054606,0.18473225966172244,0.8717102542033066
Hunan Province,945,gennorm,2.5815566986403438,-0.017861606585899626,0.9752928110320522,2.3362676625078693,0.17409996277317996,0.8665280637400623
Hunan Province,946,gennorm,2.535475210464064,-0.008533458252134155,0.9859168734836149,1.9477521609819486,0.22818994971382972,0.8010801271815979
Hunan Province,947,gennorm,2.5713796086269625,0.017887956635668133,0.9507324243923077,2.3066776572176657,0.15342225067488302,0.9006047736611287
Hunan Province,948,gennorm,2.8916202124360733,0.020207475316314193,0.9813970152790914,2.2983132368853862,0.1672130424158496,0.8553886424876471
Hunan Province,949,gennorm,2.7586368726403525,-0.009180488591217301,0.9271755554768248,2.301153702126846,0.24000054709108992,0.8486580277309408
Hunan Province,950,gennorm,2.6702522431508946,0.04773147923152613,0.9473241282956597,2.2758590229081954,0.16533481063121092,0.8815999643261307
Hunan Province,951,gennorm,3.1800878298929014,-0.002686741364631327,1.0293184539558649,2.49799498072242,0.23263996568831424,0.8897941401639917
Hunan Province,952,gennorm,2.8379205182383536,-0.0020577345297522363,0.9819430692540916,2.277287761361724,0.1869035455849231,0.8820378127544066
Hunan Province,953,gennorm,2.6302549428791018,-0.013651754054960148,0.9675209037774801,2.6346273660068436,0.21613266783446475,0.9379655285788748
Hunan Province,954,gennorm,3.026697359411609,-0.017171441253803627,0.9785740110539483,2.328149218418379,0.1666851807817521,0.9354272400460459
Hunan Province,955,gennorm,2.303971296640453,0.008343678379411093,0.9344683565079699,2.1689860595381374,0.2427146768260882,0.8231038283622525
Hunan Province,956,gennorm,3.079294872558382,0.014554413894780445,0.9927172088753986,2.0441229994103605,0.2232227710170016,0.774497812803095
Hunan Province,957,gennorm,3.338777750168558,0.06029630730575905,1.0445923083514241,2.6784908820678295,0.24367135496446996,0.9481429163027458
Hunan Province,958,gennorm,2.6546375372803355,-0.013203823954987749,0.9407548051524836,2.7926820987310235,0.19492912750874997,0.9441606379030177
Hunan Province,959,gennorm,2.642422899794905,0.0158592769058572,0.968581466104992,2.3478944471410195,0.21097606087669632,0.8588794352628288
Hunan Province,960,gennorm,2.9343450547725047,0.030802655714580632,1.0141609936472589,2.357617587845362,0.21783924194606769,0.8838671785642718
Hunan Province,961,gennorm,2.8641416504494606,0.020359487425634967,1.002173093179088,2.60719442193459,0.19355636904545698,0.924942167919601
Hunan Province,962,gennorm,2.757175012971194,0.010047160611004937,0.9992872474486136,2.2677150658178062,0.19484430309776501,0.8932911421728922
Hunan Province,963,gennorm,2.9782402788312208,0.02440801829131988,1.0323359844765778,2.4595062892297945,0.22064717751178775,0.910548453821863
Hunan Province,964,gennorm,2.121063279985944,-0.011011278788611516,0.8810613947144382,2.2029703798848255,0.20239726356988802,0.8796433942701405
Hunan Province,965,gennorm,2.7492461914471207,0.061941523029181045,0.9365326119800444,3.081453246644295,0.18013519094027997,0.8731509962546297
Hunan Province,966,gennorm,3.1021719490160145,0.036863290914303994,1.0078405186794739,2.432672983459131,0.18139520607864107,0.9327172370395385
Hunan Province,967,gennorm,2.5940506626195488,0.03999837815185738,0.998700588683402,2.650421695303474,0.23232494023903166,0.9482078706739144
Hunan Province,968,gennorm,2.4476389465752213,0.0007443236848254858,0.8997111537026072,3.0767263392390856,0.24024811861595552,0.94070570706284
Hunan Province,969,gennorm,2.129331588380924,0.009547956711312897,0.8775781007423283,2.2016200017123997,0.21065822978297793,0.8560740772483197
Hunan Province,970,gennorm,3.2446921425178177,-0.003182906004445132,1.0314690332291998,2.1857180241235272,0.19955232814598906,0.8234296242892949
Hunan Province,971,gennorm,2.5595269627437234,0.04978545055818116,0.9955461455641723,2.104328644170769,0.22569861798870655,0.8308196654575608
Hunan Province,972,gennorm,2.552347597464941,0.0014626336393068176,0.917594024048537,2.06251933948911,0.16413905914502824,0.826964656762075
Hunan Province,973,gennorm,2.927320858984226,0.027517346856183393,0.9719688243307497,2.380460924648199,0.1889652700858087,0.9099979761633542
Hunan Province,974,gennorm,2.950066297574586,0.03622209613691307,1.0124352416246793,2.2672763443826254,0.21893636128689264,0.8641051642731651
Hunan Province,975,gennorm,2.693980873058374,-0.010304382810908768,0.9506797149938337,2.313793504599105,0.23657591835025676,0.8429520213887902
Hunan Province,976,gennorm,2.3809459109611923,-0.004668410589001743,0.9011392157456954,2.2078854507219257,0.1559116521562111,0.8505984493312959
Hunan Province,977,gennorm,2.5841327126971043,0.03393821271196203,0.9656904337039984,2.4320075610648404,0.19055870419515508,0.9049741143412051
Hunan Province,978,gennorm,2.81896239095859,0.05404686832940031,1.0036587208511305,2.2997101904158628,0.2059627255830678,0.8799238587550795
Hunan Province,979,gennorm,2.528985477670049,0.03400162801919506,0.902141504401541,2.5878047182203723,0.18489273671391,0.9409250356891421
Hunan Province,980,gennorm,3.0989769131089417,0.006453125853813111,0.9794321712245162,2.1836368837051507,0.1841963755817674,0.8606382072280963
Hunan Province,981,gennorm,2.7949298821889146,0.004542120654320702,1.0161349649087505,2.5540657822072848,0.19849134965222312,0.8838582282835433
Hunan Province,982,gennorm,2.7333107683577262,0.01730525896109445,0.9650043609609271,2.463192006602802,0.19504905728813338,0.8981320089784345
Hunan Province,983,gennorm,3.1560845602519922,-0.005126166597959591,1.0325366293900942,2.6229852522338373,0.22210248963367854,0.9253907695401005
Hunan Province,984,gennorm,2.601652641438513,0.011949323135369108,0.9858732725654114,2.3113559744910126,0.18980660615205194,0.8575277256345921
Hunan Province,985,gennorm,3.307518098753072,0.08453415468504213,1.019008097351596,2.5288729295063987,0.22904104894492203,0.912410320268773
Hunan Province,986,gennorm,3.022305234737149,4.877784268977884e-06,1.0055297831700036,2.1463123837655633,0.1893502951128921,0.895876866422593
Hunan Province,987,gennorm,3.2555784190731742,0.0012759069432500734,1.0462515071862897,2.73545197260243,0.15356504182183456,0.9160455808403569
Hunan Province,988,gennorm,2.353317894514379,-0.042735850003375334,0.935979729242431,2.4892560246622586,0.16031820081758646,0.8678672610806628
Hunan Province,989,gennorm,2.177515622462937,-0.004296662828810785,0.899510728291282,2.1266750068861953,0.18695046409431515,0.8732634584833463
Hunan Province,990,gennorm,3.002905658292235,0.008452308211712601,1.00288343422595,2.124414422758962,0.2157227715631001,0.84036325722825
Hunan Province,991,gennorm,2.3223730860618765,0.031200311570447833,0.9445868618499608,1.9657440102597645,0.2136064109891782,0.8279181729519567
Hunan Province,992,gennorm,2.934282078846076,0.014611574458965082,1.0357221779400696,2.3475250042869886,0.2150857753973077,0.8948243539904386
Hunan Province,993,gennorm,2.646877359798371,-0.025268876241876806,0.9628246062519938,2.410420410928774,0.18002188917241668,0.8837499937003725
Hunan Province,994,gennorm,2.460061287026753,0.032500057427961346,0.9499726477921635,2.521347234975014,0.2019339158862701,0.9248862925933039
Hunan Province,995,gennorm,2.9769117578049507,0.021742967570723085,0.9601077778257736,2.4939896295210873,0.185373517796586,0.9176209543006604
Hunan Province,996,gennorm,2.441796502575631,0.03342902398689181,0.944499502515205,2.1215338125251906,0.21993800482861836,0.821700409513771
Hunan Province,997,gennorm,2.5277054476309297,-0.03680921621584659,0.9427819618502435,2.361298582187625,0.21307676287728686,0.8875794208920529
Hunan Province,998,gennorm,2.608456280510054,0.05650781335887352,0.9478814161192535,2.207193352692327,0.2151641547958874,0.8736395391010321
Hunan Province,999,gennorm,2.4966000699952886,-0.009328362876639334,0.9562564070085543,2.400297000407825,0.19949163964928718,0.8972073244339522
