scenario_factual,ensemble,r,p,province,hydro_std_anom_sep_factual,population_total_factual,population_used_factual,population_coverage_fraction_factual,scenario_counterfactual,hydro_std_anom_sep_counterfactual,population_total_counterfactual,population_used_counterfactual,population_coverage_fraction_counterfactual,factual_minus_counterfactual
factual,1,1,1,Sichuan Province,0.7049215022895317,88156760.0,88156760.0,1.0,counterfactual,-0.24463745956608102,88156760.0,88156760.0,1.0,0.9495589618556126
factual,2,1,2,Sichuan Province,0.27780114928526356,88156760.0,88156760.0,1.0,counterfactual,-0.08548990910536776,88156760.0,88156760.0,1.0,0.3632910583906313
factual,3,1,3,Sichuan Province,0.7833756856591209,88156760.0,88156760.0,1.0,counterfactual,-0.1629893299968074,88156760.0,88156760.0,1.0,0.9463650156559282
factual,4,1,4,Sichuan Province,0.25519372181446354,88156760.0,88156760.0,1.0,counterfactual,1.1301805980784485,88156760.0,88156760.0,1.0,-0.874986876263985
factual,5,1,5,Sichuan Province,0.05044990396194077,88156760.0,88156760.0,1.0,counterfactual,0.20855676312508414,88156760.0,88156760.0,1.0,-0.15810685916314338
factual,6,2,1,Sichuan Province,0.3566657679922557,88156760.0,88156760.0,1.0,counterfactual,0.33540257353111674,88156760.0,88156760.0,1.0,0.021263194461138946
factual,7,2,2,Sichuan Province,0.6187878466741007,88156760.0,88156760.0,1.0,counterfactual,0.09630514273556849,88156760.0,88156760.0,1.0,0.5224827039385322
factual,8,2,3,Sichuan Province,0.10374497326192138,88156760.0,88156760.0,1.0,counterfactual,0.1065756736478535,88156760.0,88156760.0,1.0,-0.002830700385932125
factual,9,2,4,Sichuan Province,-0.4847844765721105,88156760.0,88156760.0,1.0,counterfactual,0.2241152720658709,88156760.0,88156760.0,1.0,-0.7088997486379813
factual,10,2,5,Sichuan Province,-0.0610668476187819,88156760.0,88156760.0,1.0,counterfactual,-0.1352817229023531,88156760.0,88156760.0,1.0,0.07421487528357121
factual,11,3,1,Sichuan Province,-0.28102384073938835,88156760.0,88156760.0,1.0,counterfactual,0.12274711628297234,88156760.0,88156760.0,1.0,-0.4037709570223607
factual,12,3,2,Sichuan Province,-0.039524026469102004,88156760.0,88156760.0,1.0,counterfactual,0.3364568673050025,88156760.0,88156760.0,1.0,-0.37598089377410454
factual,13,3,3,Sichuan Province,0.5824135598725867,88156760.0,88156760.0,1.0,counterfactual,0.8313922178167679,88156760.0,88156760.0,1.0,-0.24897865794418117
factual,14,3,4,Sichuan Province,-0.7003884527814844,88156760.0,88156760.0,1.0,counterfactual,0.03548710286109986,88156760.0,88156760.0,1.0,-0.7358755556425843
factual,15,3,5,Sichuan Province,-0.9341069621695303,88156760.0,88156760.0,1.0,counterfactual,-0.16336951752465337,88156760.0,88156760.0,1.0,-0.7707374446448769
factual,16,4,1,Sichuan Province,-0.06947031894365413,88156760.0,88156760.0,1.0,counterfactual,-0.42440313452614625,88156760.0,88156760.0,1.0,0.3549328155824921
factual,17,4,2,Sichuan Province,0.2835785476968797,88156760.0,88156760.0,1.0,counterfactual,-0.6440347953096824,88156760.0,88156760.0,1.0,0.9276133430065621
factual,18,4,3,Sichuan Province,0.5272556276297253,88156760.0,88156760.0,1.0,counterfactual,0.8743825233036285,88156760.0,88156760.0,1.0,-0.3471268956739032
factual,19,4,4,Sichuan Province,0.10403023300107336,88156760.0,88156760.0,1.0,counterfactual,-0.25734726471778085,88156760.0,88156760.0,1.0,0.3613774977188542
factual,20,4,5,Sichuan Province,-1.010297598516661,88156760.0,88156760.0,1.0,counterfactual,0.7315524857714457,88156760.0,88156760.0,1.0,-1.7418500842881066
factual,21,5,1,Sichuan Province,-0.5363856276774773,88156760.0,88156760.0,1.0,counterfactual,-0.08074744142354283,88156760.0,88156760.0,1.0,-0.4556381862539345
factual,22,5,2,Sichuan Province,1.3220171387614403,88156760.0,88156760.0,1.0,counterfactual,0.545280938647075,88156760.0,88156760.0,1.0,0.7767362001143653
factual,23,5,3,Sichuan Province,0.125350247182093,88156760.0,88156760.0,1.0,counterfactual,0.48417515364775554,88156760.0,88156760.0,1.0,-0.35882490646566256
factual,24,5,4,Sichuan Province,0.24321623353907573,88156760.0,88156760.0,1.0,counterfactual,-0.4164543999719522,88156760.0,88156760.0,1.0,0.659670633511028
factual,25,5,5,Sichuan Province,-0.6349468962989765,88156760.0,88156760.0,1.0,counterfactual,0.6522053018654348,88156760.0,88156760.0,1.0,-1.2871521981644114
factual,26,6,1,Sichuan Province,-0.3057062910805128,88156760.0,88156760.0,1.0,counterfactual,0.6662711955396655,88156760.0,88156760.0,1.0,-0.9719774866201782
factual,27,6,2,Sichuan Province,-0.16393329740892743,88156760.0,88156760.0,1.0,counterfactual,0.5033845902099564,88156760.0,88156760.0,1.0,-0.6673178876188839
factual,28,6,3,Sichuan Province,-0.08404646770308118,88156760.0,88156760.0,1.0,counterfactual,0.4483030663724031,88156760.0,88156760.0,1.0,-0.5323495340754842
factual,29,6,4,Sichuan Province,-0.5230994815968566,88156760.0,88156760.0,1.0,counterfactual,-0.41472386988100984,88156760.0,88156760.0,1.0,-0.10837561171584675
factual,30,6,5,Sichuan Province,-0.22364660018443872,88156760.0,88156760.0,1.0,counterfactual,-0.2475351158984779,88156760.0,88156760.0,1.0,0.023888515714039188
factual,31,7,1,Sichuan Province,-1.2757749668214,88156760.0,88156760.0,1.0,counterfactual,0.5011435363322592,88156760.0,88156760.0,1.0,-1.7769185031536592
factual,32,7,2,Sichuan Province,0.4495186813361189,88156760.0,88156760.0,1.0,counterfactual,0.8092322841978926,88156760.0,88156760.0,1.0,-0.35971360286177373
factual,33,7,3,Sichuan Province,0.2898237584503471,88156760.0,88156760.0,1.0,counterfactual,0.28024069930042883,88156760.0,88156760.0,1.0,0.00958305914991825
factual,34,7,4,Sichuan Province,0.022262703012826596,88156760.0,88156760.0,1.0,counterfactual,-0.5282929231464727,88156760.0,88156760.0,1.0,0.5505556261592993
factual,35,7,5,Sichuan Province,-0.2452187371579912,88156760.0,88156760.0,1.0,counterfactual,0.11795554750608057,88156760.0,88156760.0,1.0,-0.36317428466407176
factual,36,8,1,Sichuan Province,1.446658994790975,88156760.0,88156760.0,1.0,counterfactual,-0.017314802302165137,88156760.0,88156760.0,1.0,1.4639737970931401
factual,37,8,2,Sichuan Province,-0.38361536526957,88156760.0,88156760.0,1.0,counterfactual,-0.09881830842155104,88156760.0,88156760.0,1.0,-0.284797056848019
factual,38,8,3,Sichuan Province,-1.244995050347976,88156760.0,88156760.0,1.0,counterfactual,0.35708672068163927,88156760.0,88156760.0,1.0,-1.6020817710296154
factual,39,8,4,Sichuan Province,-0.26138650582131906,88156760.0,88156760.0,1.0,counterfactual,0.5439362747705363,88156760.0,88156760.0,1.0,-0.8053227805918554
factual,40,8,5,Sichuan Province,1.0945526194609654,88156760.0,88156760.0,1.0,counterfactual,1.0237628274683177,88156760.0,88156760.0,1.0,0.07078979199264768
factual,41,9,1,Sichuan Province,0.035531540729468236,88156760.0,88156760.0,1.0,counterfactual,-0.02347608191315263,88156760.0,88156760.0,1.0,0.05900762264262087
factual,42,9,2,Sichuan Province,-0.7272643690021899,88156760.0,88156760.0,1.0,counterfactual,-0.1865090602905965,88156760.0,88156760.0,1.0,-0.5407553087115935
factual,43,9,3,Sichuan Province,-0.4328940449253391,88156760.0,88156760.0,1.0,counterfactual,-0.3573062014554021,88156760.0,88156760.0,1.0,-0.07558784346993702
factual,44,9,4,Sichuan Province,-0.6050829415452132,88156760.0,88156760.0,1.0,counterfactual,0.1700968034538878,88156760.0,88156760.0,1.0,-0.775179744999101
factual,45,9,5,Sichuan Province,0.36202679450691494,88156760.0,88156760.0,1.0,counterfactual,0.729429619413023,88156760.0,88156760.0,1.0,-0.36740282490610804
factual,46,10,1,Sichuan Province,0.4470878912297623,88156760.0,88156760.0,1.0,counterfactual,0.293409418077608,88156760.0,88156760.0,1.0,0.15367847315215427
factual,47,10,2,Sichuan Province,0.6190499423281453,88156760.0,88156760.0,1.0,counterfactual,-0.03872117481273609,88156760.0,88156760.0,1.0,0.6577711171408813
factual,48,10,3,Sichuan Province,0.020367638911390266,88156760.0,88156760.0,1.0,counterfactual,0.7960557325208192,88156760.0,88156760.0,1.0,-0.7756880936094289
factual,49,10,4,Sichuan Province,0.3834343878160439,88156760.0,88156760.0,1.0,counterfactual,-0.7274773182182682,88156760.0,88156760.0,1.0,1.110911706034312
factual,50,10,5,Sichuan Province,-0.0867147138005922,88156760.0,88156760.0,1.0,counterfactual,0.04301678888300276,88156760.0,88156760.0,1.0,-0.12973150268359496
factual,51,11,1,Sichuan Province,0.6607636914301627,88156760.0,88156760.0,1.0,counterfactual,-0.005985876899507421,88156760.0,88156760.0,1.0,0.6667495683296701
factual,52,11,2,Sichuan Province,-1.3004821355566294,88156760.0,88156760.0,1.0,counterfactual,-0.37226583738997454,88156760.0,88156760.0,1.0,-0.9282162981666549
factual,53,11,3,Sichuan Province,0.0743497167535005,88156760.0,88156760.0,1.0,counterfactual,0.19755230733470108,88156760.0,88156760.0,1.0,-0.12320259058120059
factual,54,11,4,Sichuan Province,0.17451946765463566,88156760.0,88156760.0,1.0,counterfactual,-1.048825059580304,88156760.0,88156760.0,1.0,1.2233445272349397
factual,55,11,5,Sichuan Province,0.08918607253415078,88156760.0,88156760.0,1.0,counterfactual,1.4197191880424331,88156760.0,88156760.0,1.0,-1.3305331155082825
factual,56,12,1,Sichuan Province,-0.35652804586272996,88156760.0,88156760.0,1.0,counterfactual,-0.19876846187059344,88156760.0,88156760.0,1.0,-0.15775958399213652
factual,57,12,2,Sichuan Province,0.8677896567800362,88156760.0,88156760.0,1.0,counterfactual,0.0901021338680039,88156760.0,88156760.0,1.0,0.7776875229120322
factual,58,12,3,Sichuan Province,-0.927021669971789,88156760.0,88156760.0,1.0,counterfactual,-0.8505943972851085,88156760.0,88156760.0,1.0,-0.07642727268668048
factual,59,12,4,Sichuan Province,-0.23729405831753178,88156760.0,88156760.0,1.0,counterfactual,-0.09515603632128672,88156760.0,88156760.0,1.0,-0.14213802199624506
factual,60,12,5,Sichuan Province,0.26610217614205034,88156760.0,88156760.0,1.0,counterfactual,0.7029145926829672,88156760.0,88156760.0,1.0,-0.43681241654091685
factual,61,13,1,Sichuan Province,0.22656883950978282,88156760.0,88156760.0,1.0,counterfactual,0.3887810412850468,88156760.0,88156760.0,1.0,-0.162212201775264
factual,62,13,2,Sichuan Province,-0.5025746603476936,88156760.0,88156760.0,1.0,counterfactual,-0.8368196244018659,88156760.0,88156760.0,1.0,0.33424496405417226
factual,63,13,3,Sichuan Province,-0.25971688834287737,88156760.0,88156760.0,1.0,counterfactual,0.48351713095916926,88156760.0,88156760.0,1.0,-0.7432340193020466
factual,64,13,4,Sichuan Province,-0.3788669689624076,88156760.0,88156760.0,1.0,counterfactual,-0.11177777474243786,88156760.0,88156760.0,1.0,-0.2670891942199698
factual,65,13,5,Sichuan Province,0.13344555881693243,88156760.0,88156760.0,1.0,counterfactual,-0.1943148641488926,88156760.0,88156760.0,1.0,0.327760422965825
factual,66,14,1,Sichuan Province,-0.2471353600240369,88156760.0,88156760.0,1.0,counterfactual,0.9459475316062811,88156760.0,88156760.0,1.0,-1.193082891630318
factual,67,14,2,Sichuan Province,-0.6752874733460762,88156760.0,88156760.0,1.0,counterfactual,-0.2532891240823976,88156760.0,88156760.0,1.0,-0.4219983492636786
factual,68,14,3,Sichuan Province,-0.19289619575062075,88156760.0,88156760.0,1.0,counterfactual,0.8190364300871855,88156760.0,88156760.0,1.0,-1.0119326258378063
factual,69,14,4,Sichuan Province,-0.20528923598628404,88156760.0,88156760.0,1.0,counterfactual,-0.13353772127476726,88156760.0,88156760.0,1.0,-0.07175151471151678
factual,70,14,5,Sichuan Province,-0.1923576846229459,88156760.0,88156760.0,1.0,counterfactual,0.5418291691126682,88156760.0,88156760.0,1.0,-0.7341868537356141
factual,71,15,1,Sichuan Province,0.5191728972169573,88156760.0,88156760.0,1.0,counterfactual,0.0417056556865945,88156760.0,88156760.0,1.0,0.47746724153036274
factual,72,15,2,Sichuan Province,-0.07558366778957751,88156760.0,88156760.0,1.0,counterfactual,0.6362673764024311,88156760.0,88156760.0,1.0,-0.7118510441920086
factual,73,15,3,Sichuan Province,0.40705407720971426,88156760.0,88156760.0,1.0,counterfactual,0.5596209208945285,88156760.0,88156760.0,1.0,-0.15256684368481427
factual,74,15,4,Sichuan Province,0.26431305006623224,88156760.0,88156760.0,1.0,counterfactual,-0.251978040375176,88156760.0,88156760.0,1.0,0.5162910904414082
factual,75,15,5,Sichuan Province,-0.4241572383857903,88156760.0,88156760.0,1.0,counterfactual,-0.1905444347151262,88156760.0,88156760.0,1.0,-0.2336128036706641
factual,76,16,1,Sichuan Province,-0.27515746076540504,88156760.0,88156760.0,1.0,counterfactual,0.48881070197371457,88156760.0,88156760.0,1.0,-0.7639681627391196
factual,77,16,2,Sichuan Province,0.5856549866396928,88156760.0,88156760.0,1.0,counterfactual,0.37491507110277855,88156760.0,88156760.0,1.0,0.2107399155369143
factual,78,16,3,Sichuan Province,0.4879811622623931,88156760.0,88156760.0,1.0,counterfactual,0.03173139166935452,88156760.0,88156760.0,1.0,0.45624977059303856
factual,79,16,4,Sichuan Province,0.5477341990535264,88156760.0,88156760.0,1.0,counterfactual,-0.2959437914607328,88156760.0,88156760.0,1.0,0.8436779905142592
factual,80,16,5,Sichuan Province,0.42306482045850435,88156760.0,88156760.0,1.0,counterfactual,0.25695075708012116,88156760.0,88156760.0,1.0,0.1661140633783832
factual,81,17,1,Sichuan Province,-0.323317960198762,88156760.0,88156760.0,1.0,counterfactual,0.8478619548118399,88156760.0,88156760.0,1.0,-1.171179915010602
factual,82,17,2,Sichuan Province,0.26734985207886336,88156760.0,88156760.0,1.0,counterfactual,-0.5654999509757762,88156760.0,88156760.0,1.0,0.8328498030546396
factual,83,17,3,Sichuan Province,-0.1262184726256002,88156760.0,88156760.0,1.0,counterfactual,0.0888805625696475,88156760.0,88156760.0,1.0,-0.2150990351952477
factual,84,17,4,Sichuan Province,0.4329573951607468,88156760.0,88156760.0,1.0,counterfactual,0.15256011873332098,88156760.0,88156760.0,1.0,0.28039727642742585
factual,85,17,5,Sichuan Province,0.5225301379368312,88156760.0,88156760.0,1.0,counterfactual,-0.3120797840348829,88156760.0,88156760.0,1.0,0.8346099219717141
factual,86,18,1,Sichuan Province,0.5583218716029634,88156760.0,88156760.0,1.0,counterfactual,0.5954128616169714,88156760.0,88156760.0,1.0,-0.03709099001400795
factual,87,18,2,Sichuan Province,0.8510526709240422,88156760.0,88156760.0,1.0,counterfactual,0.3002828607883085,88156760.0,88156760.0,1.0,0.5507698101357337
factual,88,18,3,Sichuan Province,0.1986097214868233,88156760.0,88156760.0,1.0,counterfactual,0.29724679432221185,88156760.0,88156760.0,1.0,-0.09863707283538856
factual,89,18,4,Sichuan Province,-1.1469914639118803,88156760.0,88156760.0,1.0,counterfactual,-0.6782154436030443,88156760.0,88156760.0,1.0,-0.46877602030883603
factual,90,18,5,Sichuan Province,-0.590269048837065,88156760.0,88156760.0,1.0,counterfactual,0.21321415399746996,88156760.0,88156760.0,1.0,-0.8034832028345349
factual,91,19,1,Sichuan Province,0.752632733340226,88156760.0,88156760.0,1.0,counterfactual,-0.18179498842482153,88156760.0,88156760.0,1.0,0.9344277217650475
factual,92,19,2,Sichuan Province,-0.41172948529466236,88156760.0,88156760.0,1.0,counterfactual,0.4833612557284751,88156760.0,88156760.0,1.0,-0.8950907410231375
factual,93,19,3,Sichuan Province,0.510020661301565,88156760.0,88156760.0,1.0,counterfactual,0.6185469344598713,88156760.0,88156760.0,1.0,-0.10852627315830632
factual,94,19,4,Sichuan Province,0.15420466511300868,88156760.0,88156760.0,1.0,counterfactual,0.4893809875786233,88156760.0,88156760.0,1.0,-0.33517632246561463
factual,95,19,5,Sichuan Province,-0.0690356287650651,88156760.0,88156760.0,1.0,counterfactual,-0.26482753610256815,88156760.0,88156760.0,1.0,0.19579190733750307
factual,96,20,1,Sichuan Province,0.28376575266528326,88156760.0,88156760.0,1.0,counterfactual,0.5413093038180237,88156760.0,88156760.0,1.0,-0.2575435511527404
factual,97,20,2,Sichuan Province,-0.130392808114362,88156760.0,88156760.0,1.0,counterfactual,-0.45210622063902656,88156760.0,88156760.0,1.0,0.32171341252466457
factual,98,20,3,Sichuan Province,-0.18438850187950862,88156760.0,88156760.0,1.0,counterfactual,1.0148782131862821,88156760.0,88156760.0,1.0,-1.1992667150657907
factual,99,20,4,Sichuan Province,0.18230358544353986,88156760.0,88156760.0,1.0,counterfactual,-0.27576249251780866,88156760.0,88156760.0,1.0,0.4580660779613485
factual,100,20,5,Sichuan Province,-0.05568706407766455,88156760.0,88156760.0,1.0,counterfactual,0.8824186486559854,88156760.0,88156760.0,1.0,-0.93810571273365
factual,101,21,1,Sichuan Province,0.06080278182829248,88156760.0,88156760.0,1.0,counterfactual,-0.34236186639571947,88156760.0,88156760.0,1.0,0.40316464822401193
factual,102,21,2,Sichuan Province,-0.046250113124401526,88156760.0,88156760.0,1.0,counterfactual,0.6362659732316979,88156760.0,88156760.0,1.0,-0.6825160863560994
factual,103,21,3,Sichuan Province,-0.06197928586093247,88156760.0,88156760.0,1.0,counterfactual,0.7955916250936178,88156760.0,88156760.0,1.0,-0.8575709109545503
factual,104,21,4,Sichuan Province,-0.3288795929234981,88156760.0,88156760.0,1.0,counterfactual,0.8480886933751476,88156760.0,88156760.0,1.0,-1.1769682862986457
factual,105,21,5,Sichuan Province,0.32035842255479063,88156760.0,88156760.0,1.0,counterfactual,0.9810341915248214,88156760.0,88156760.0,1.0,-0.6606757689700308
factual,106,22,1,Sichuan Province,0.44386979566330353,88156760.0,88156760.0,1.0,counterfactual,-0.07355763350648602,88156760.0,88156760.0,1.0,0.5174274291697896
factual,107,22,2,Sichuan Province,0.10619886313363769,88156760.0,88156760.0,1.0,counterfactual,0.6283893903844391,88156760.0,88156760.0,1.0,-0.5221905272508014
factual,108,22,3,Sichuan Province,0.2605845304131675,88156760.0,88156760.0,1.0,counterfactual,0.1186619358674699,88156760.0,88156760.0,1.0,0.14192259454569758
factual,109,22,4,Sichuan Province,-0.873786304999729,88156760.0,88156760.0,1.0,counterfactual,-0.01039356348558665,88156760.0,88156760.0,1.0,-0.8633927415141424
factual,110,22,5,Sichuan Province,0.9429004750949288,88156760.0,88156760.0,1.0,counterfactual,0.2968016976787894,88156760.0,88156760.0,1.0,0.6460987774161394
factual,111,23,1,Sichuan Province,-0.5581949537172026,88156760.0,88156760.0,1.0,counterfactual,-0.2716052841468125,88156760.0,88156760.0,1.0,-0.2865896695703901
factual,112,23,2,Sichuan Province,-0.485807422667577,88156760.0,88156760.0,1.0,counterfactual,0.6894488649531252,88156760.0,88156760.0,1.0,-1.1752562876207022
factual,113,23,3,Sichuan Province,-0.6310838605502896,88156760.0,88156760.0,1.0,counterfactual,0.2171635851654835,88156760.0,88156760.0,1.0,-0.8482474457157732
factual,114,23,4,Sichuan Province,0.1742699983270822,88156760.0,88156760.0,1.0,counterfactual,-0.12184935022470006,88156760.0,88156760.0,1.0,0.29611934855178224
factual,115,23,5,Sichuan Province,0.28229167375599284,88156760.0,88156760.0,1.0,counterfactual,0.18549859843836516,88156760.0,88156760.0,1.0,0.09679307531762768
factual,116,24,1,Sichuan Province,-0.8289774612417586,88156760.0,88156760.0,1.0,counterfactual,-0.18924724502393922,88156760.0,88156760.0,1.0,-0.6397302162178194
factual,117,24,2,Sichuan Province,-1.0462114956485606,88156760.0,88156760.0,1.0,counterfactual,-0.396647254940329,88156760.0,88156760.0,1.0,-0.6495642407082316
factual,118,24,3,Sichuan Province,0.15005086385584374,88156760.0,88156760.0,1.0,counterfactual,0.9539008024676809,88156760.0,88156760.0,1.0,-0.8038499386118372
factual,119,24,4,Sichuan Province,-0.7416749880527105,88156760.0,88156760.0,1.0,counterfactual,1.0970209190464049,88156760.0,88156760.0,1.0,-1.8386959070991153
factual,120,24,5,Sichuan Province,0.3560290028819122,88156760.0,88156760.0,1.0,counterfactual,-0.9582827364912865,88156760.0,88156760.0,1.0,1.3143117393731987
factual,121,25,1,Sichuan Province,0.25756436331548543,88156760.0,88156760.0,1.0,counterfactual,0.4610047405722441,88156760.0,88156760.0,1.0,-0.20344037725675868
factual,122,25,2,Sichuan Province,-0.34335211110795877,88156760.0,88156760.0,1.0,counterfactual,0.8056393265069589,88156760.0,88156760.0,1.0,-1.1489914376149177
factual,123,25,3,Sichuan Province,-0.6423464506860096,88156760.0,88156760.0,1.0,counterfactual,-0.05290997279265408,88156760.0,88156760.0,1.0,-0.5894364778933555
factual,124,25,4,Sichuan Province,0.21384044819952966,88156760.0,88156760.0,1.0,counterfactual,-0.6055312751257778,88156760.0,88156760.0,1.0,0.8193717233253074
factual,125,25,5,Sichuan Province,-0.1751461999165994,88156760.0,88156760.0,1.0,counterfactual,-0.5714782131821879,88156760.0,88156760.0,1.0,0.39633201326558853
factual,126,26,1,Sichuan Province,0.037094938774407164,88156760.0,88156760.0,1.0,counterfactual,0.3481254911993202,88156760.0,88156760.0,1.0,-0.311030552424913
factual,127,26,2,Sichuan Province,-0.6389522069036406,88156760.0,88156760.0,1.0,counterfactual,0.06692188785095152,88156760.0,88156760.0,1.0,-0.7058740947545922
factual,128,26,3,Sichuan Province,0.179581455819592,88156760.0,88156760.0,1.0,counterfactual,-0.7338578581286536,88156760.0,88156760.0,1.0,0.9134393139482455
factual,129,26,4,Sichuan Province,-0.007370994764274526,88156760.0,88156760.0,1.0,counterfactual,0.3070679425947119,88156760.0,88156760.0,1.0,-0.3144389373589864
factual,130,26,5,Sichuan Province,-0.18487696201801024,88156760.0,88156760.0,1.0,counterfactual,-0.05752904628399093,88156760.0,88156760.0,1.0,-0.12734791573401932
factual,131,27,1,Sichuan Province,0.21305333172904883,88156760.0,88156760.0,1.0,counterfactual,1.193233641520189,88156760.0,88156760.0,1.0,-0.9801803097911401
factual,132,27,2,Sichuan Province,1.109434544582065,88156760.0,88156760.0,1.0,counterfactual,1.2526833669079904,88156760.0,88156760.0,1.0,-0.1432488223259254
factual,133,27,3,Sichuan Province,0.9392676682896267,88156760.0,88156760.0,1.0,counterfactual,-0.07603446400358904,88156760.0,88156760.0,1.0,1.0153021322932156
factual,134,27,4,Sichuan Province,0.5353216968362773,88156760.0,88156760.0,1.0,counterfactual,-0.24891976918062766,88156760.0,88156760.0,1.0,0.7842414660169049
factual,135,27,5,Sichuan Province,-1.5079990114700659,88156760.0,88156760.0,1.0,counterfactual,0.4930089413783215,88156760.0,88156760.0,1.0,-2.0010079528483873
factual,136,28,1,Sichuan Province,0.8977479038979972,88156760.0,88156760.0,1.0,counterfactual,-0.6873033087292504,88156760.0,88156760.0,1.0,1.5850512126272476
factual,137,28,2,Sichuan Province,0.28397873099823406,88156760.0,88156760.0,1.0,counterfactual,-0.11676781646857978,88156760.0,88156760.0,1.0,0.4007465474668138
factual,138,28,3,Sichuan Province,0.12877005632165425,88156760.0,88156760.0,1.0,counterfactual,0.5029903623157489,88156760.0,88156760.0,1.0,-0.3742203059940946
factual,139,28,4,Sichuan Province,0.28446958410836526,88156760.0,88156760.0,1.0,counterfactual,-0.324484170576005,88156760.0,88156760.0,1.0,0.6089537546843702
factual,140,28,5,Sichuan Province,0.794505142229895,88156760.0,88156760.0,1.0,counterfactual,0.39430360961873184,88156760.0,88156760.0,1.0,0.40020153261116315
factual,141,29,1,Sichuan Province,0.35959411896216503,88156760.0,88156760.0,1.0,counterfactual,0.04832466428680781,88156760.0,88156760.0,1.0,0.3112694546753572
factual,142,29,2,Sichuan Province,-0.38294823000818207,88156760.0,88156760.0,1.0,counterfactual,1.125783030602735,88156760.0,88156760.0,1.0,-1.5087312606109171
factual,143,29,3,Sichuan Province,0.38871581105241326,88156760.0,88156760.0,1.0,counterfactual,0.5374414356730453,88156760.0,88156760.0,1.0,-0.148725624620632
factual,144,29,4,Sichuan Province,-0.8210945182362889,88156760.0,88156760.0,1.0,counterfactual,-0.039686314511007306,88156760.0,88156760.0,1.0,-0.7814082037252815
factual,145,29,5,Sichuan Province,0.6019604600095965,88156760.0,88156760.0,1.0,counterfactual,-0.8725818840171222,88156760.0,88156760.0,1.0,1.4745423440267187
factual,146,30,1,Sichuan Province,0.5711173857388443,88156760.0,88156760.0,1.0,counterfactual,-0.06985303376901905,88156760.0,88156760.0,1.0,0.6409704195078634
factual,147,30,2,Sichuan Province,0.336291327774707,88156760.0,88156760.0,1.0,counterfactual,0.01144877597312246,88156760.0,88156760.0,1.0,0.32484255180158456
factual,148,30,3,Sichuan Province,-0.4116436971243227,88156760.0,88156760.0,1.0,counterfactual,0.25522085594674704,88156760.0,88156760.0,1.0,-0.6668645530710697
factual,149,30,4,Sichuan Province,0.32077579944871104,88156760.0,88156760.0,1.0,counterfactual,0.14026227247100162,88156760.0,88156760.0,1.0,0.18051352697770942
factual,150,30,5,Sichuan Province,0.8218196127469455,88156760.0,88156760.0,1.0,counterfactual,1.3790611841176459,88156760.0,88156760.0,1.0,-0.5572415713707004
factual,151,31,1,Sichuan Province,0.8644722224983054,88156760.0,88156760.0,1.0,counterfactual,0.5495326365705012,88156760.0,88156760.0,1.0,0.31493958592780413
factual,152,31,2,Sichuan Province,-0.5685797074861366,88156760.0,88156760.0,1.0,counterfactual,0.4852200739319193,88156760.0,88156760.0,1.0,-1.053799781418056
factual,153,31,3,Sichuan Province,-0.6800142246740101,88156760.0,88156760.0,1.0,counterfactual,0.3296400696118326,88156760.0,88156760.0,1.0,-1.0096542942858426
factual,154,31,4,Sichuan Province,-0.4226596559638647,88156760.0,88156760.0,1.0,counterfactual,-0.4557832196352102,88156760.0,88156760.0,1.0,0.0331235636713455
factual,155,31,5,Sichuan Province,1.4039314768347222,88156760.0,88156760.0,1.0,counterfactual,0.29432180315139556,88156760.0,88156760.0,1.0,1.1096096736833267
factual,156,32,1,Sichuan Province,0.10819694112471864,88156760.0,88156760.0,1.0,counterfactual,-0.20579430629621195,88156760.0,88156760.0,1.0,0.3139912474209306
factual,157,32,2,Sichuan Province,0.31691567932217973,88156760.0,88156760.0,1.0,counterfactual,-0.04752289383766903,88156760.0,88156760.0,1.0,0.36443857315984873
factual,158,32,3,Sichuan Province,0.1821151483677129,88156760.0,88156760.0,1.0,counterfactual,-0.5335549508507801,88156760.0,88156760.0,1.0,0.715670099218493
factual,159,32,4,Sichuan Province,0.03206597644905929,88156760.0,88156760.0,1.0,counterfactual,-0.01403050791200093,88156760.0,88156760.0,1.0,0.04609648436106022
factual,160,32,5,Sichuan Province,-0.1720910702244142,88156760.0,88156760.0,1.0,counterfactual,-1.4120603941605412,88156760.0,88156760.0,1.0,1.239969323936127
factual,161,33,1,Sichuan Province,0.21172139630725192,88156760.0,88156760.0,1.0,counterfactual,-0.1130481394805843,88156760.0,88156760.0,1.0,0.32476953578783624
factual,162,33,2,Sichuan Province,-0.19039266498676516,88156760.0,88156760.0,1.0,counterfactual,0.8359754317117721,88156760.0,88156760.0,1.0,-1.0263680966985373
factual,163,33,3,Sichuan Province,0.0019322811861945015,88156760.0,88156760.0,1.0,counterfactual,-0.17718741082371076,88156760.0,88156760.0,1.0,0.17911969200990527
factual,164,33,4,Sichuan Province,0.7430324625114154,88156760.0,88156760.0,1.0,counterfactual,0.2917758907719396,88156760.0,88156760.0,1.0,0.4512565717394758
factual,165,33,5,Sichuan Province,0.5519361717644254,88156760.0,88156760.0,1.0,counterfactual,-0.9195560525137044,88156760.0,88156760.0,1.0,1.4714922242781299
factual,166,34,1,Sichuan Province,-0.5066718814125478,88156760.0,88156760.0,1.0,counterfactual,0.39043474098851566,88156760.0,88156760.0,1.0,-0.8971066224010635
factual,167,34,2,Sichuan Province,-0.40114637601596004,88156760.0,88156760.0,1.0,counterfactual,0.5011275391959217,88156760.0,88156760.0,1.0,-0.9022739152118817
factual,168,34,3,Sichuan Province,0.21936652515114535,88156760.0,88156760.0,1.0,counterfactual,0.6442103679976963,88156760.0,88156760.0,1.0,-0.4248438428465509
factual,169,34,4,Sichuan Province,0.1415896263689529,88156760.0,88156760.0,1.0,counterfactual,-1.242251391067614,88156760.0,88156760.0,1.0,1.383841017436567
factual,170,34,5,Sichuan Province,0.33928896462508656,88156760.0,88156760.0,1.0,counterfactual,-0.019134446123933488,88156760.0,88156760.0,1.0,0.35842341074902007
factual,171,35,1,Sichuan Province,0.646972278033049,88156760.0,88156760.0,1.0,counterfactual,-0.18303296737837194,88156760.0,88156760.0,1.0,0.830005245411421
factual,172,35,2,Sichuan Province,-0.5638249332840283,88156760.0,88156760.0,1.0,counterfactual,0.5591284878983818,88156760.0,88156760.0,1.0,-1.1229534211824101
factual,173,35,3,Sichuan Province,0.2769269837848322,88156760.0,88156760.0,1.0,counterfactual,0.5372711393367925,88156760.0,88156760.0,1.0,-0.2603441555519603
factual,174,35,4,Sichuan Province,-0.26725799213162615,88156760.0,88156760.0,1.0,counterfactual,0.563391536427385,88156760.0,88156760.0,1.0,-0.8306495285590112
factual,175,35,5,Sichuan Province,0.035835873190112305,88156760.0,88156760.0,1.0,counterfactual,0.4077381538388996,88156760.0,88156760.0,1.0,-0.3719022806487873
factual,176,36,1,Sichuan Province,-0.2543635990204067,88156760.0,88156760.0,1.0,counterfactual,1.1328445685921142,88156760.0,88156760.0,1.0,-1.387208167612521
factual,177,36,2,Sichuan Province,0.9275459102182052,88156760.0,88156760.0,1.0,counterfactual,0.3640368589272618,88156760.0,88156760.0,1.0,0.5635090512909434
factual,178,36,3,Sichuan Province,0.6305378592559728,88156760.0,88156760.0,1.0,counterfactual,0.12716455030149384,88156760.0,88156760.0,1.0,0.503373308954479
factual,179,36,4,Sichuan Province,-0.14520723290648807,88156760.0,88156760.0,1.0,counterfactual,0.3868785566119699,88156760.0,88156760.0,1.0,-0.532085789518458
factual,180,36,5,Sichuan Province,0.06027738298398951,88156760.0,88156760.0,1.0,counterfactual,-0.3159456355456129,88156760.0,88156760.0,1.0,0.3762230185296024
factual,181,37,1,Sichuan Province,0.324723070604763,88156760.0,88156760.0,1.0,counterfactual,-0.2091093990921296,88156760.0,88156760.0,1.0,0.5338324696968926
factual,182,37,2,Sichuan Province,0.5440144048734386,88156760.0,88156760.0,1.0,counterfactual,0.46396887023008154,88156760.0,88156760.0,1.0,0.08004553464335701
factual,183,37,3,Sichuan Province,-0.2668959793045968,88156760.0,88156760.0,1.0,counterfactual,-0.24886158073046266,88156760.0,88156760.0,1.0,-0.018034398574134136
factual,184,37,4,Sichuan Province,0.9416308917539948,88156760.0,88156760.0,1.0,counterfactual,0.3836723897667537,88156760.0,88156760.0,1.0,0.5579585019872411
factual,185,37,5,Sichuan Province,-0.8763836950725523,88156760.0,88156760.0,1.0,counterfactual,0.13664975651717656,88156760.0,88156760.0,1.0,-1.0130334515897288
factual,186,38,1,Sichuan Province,0.014408778896614087,88156760.0,88156760.0,1.0,counterfactual,1.2541473063457196,88156760.0,88156760.0,1.0,-1.2397385274491055
factual,187,38,2,Sichuan Province,-0.5176388565794379,88156760.0,88156760.0,1.0,counterfactual,-0.9898898861003552,88156760.0,88156760.0,1.0,0.47225102952091735
factual,188,38,3,Sichuan Province,0.03856618460178038,88156760.0,88156760.0,1.0,counterfactual,-0.10914461650456785,88156760.0,88156760.0,1.0,0.1477108011063482
factual,189,38,4,Sichuan Province,-0.6296144322409936,88156760.0,88156760.0,1.0,counterfactual,-0.05724223339710989,88156760.0,88156760.0,1.0,-0.5723721988438837
factual,190,38,5,Sichuan Province,-0.15488756316371916,88156760.0,88156760.0,1.0,counterfactual,-0.22442696631782058,88156760.0,88156760.0,1.0,0.06953940315410143
factual,191,39,1,Sichuan Province,0.37108242485570325,88156760.0,88156760.0,1.0,counterfactual,-0.4897282826665346,88156760.0,88156760.0,1.0,0.8608107075222379
factual,192,39,2,Sichuan Province,-0.4408240167393845,88156760.0,88156760.0,1.0,counterfactual,-0.017070328913150933,88156760.0,88156760.0,1.0,-0.42375368782623357
factual,193,39,3,Sichuan Province,0.3667105636366852,88156760.0,88156760.0,1.0,counterfactual,0.6240390433840036,88156760.0,88156760.0,1.0,-0.25732847974731843
factual,194,39,4,Sichuan Province,-0.010705693583381005,88156760.0,88156760.0,1.0,counterfactual,0.08975366984617597,88156760.0,88156760.0,1.0,-0.10045936342955697
factual,195,39,5,Sichuan Province,-0.6164211791215356,88156760.0,88156760.0,1.0,counterfactual,0.3874657366781501,88156760.0,88156760.0,1.0,-1.0038869157996857
factual,196,40,1,Sichuan Province,0.029214635493912178,88156760.0,88156760.0,1.0,counterfactual,0.6543091761075911,88156760.0,88156760.0,1.0,-0.625094540613679
factual,197,40,2,Sichuan Province,-0.1289516918997191,88156760.0,88156760.0,1.0,counterfactual,-0.49761515198355,88156760.0,88156760.0,1.0,0.3686634600838309
factual,198,40,3,Sichuan Province,0.12920930715050657,88156760.0,88156760.0,1.0,counterfactual,0.4150302495672368,88156760.0,88156760.0,1.0,-0.2858209424167302
factual,199,40,4,Sichuan Province,-0.1770641519286659,88156760.0,88156760.0,1.0,counterfactual,-0.8759895854671401,88156760.0,88156760.0,1.0,0.6989254335384743
factual,200,40,5,Sichuan Province,-0.5387075581492952,88156760.0,88156760.0,1.0,counterfactual,0.2708094816242711,88156760.0,88156760.0,1.0,-0.8095170397735663
factual,201,41,1,Sichuan Province,0.10485096766484449,88156760.0,88156760.0,1.0,counterfactual,0.05258340912726766,88156760.0,88156760.0,1.0,0.05226755853757683
factual,202,41,2,Sichuan Province,-0.4994588874520727,88156760.0,88156760.0,1.0,counterfactual,-0.19502752954914165,88156760.0,88156760.0,1.0,-0.304431357902931
factual,203,41,3,Sichuan Province,-0.5440591479576291,88156760.0,88156760.0,1.0,counterfactual,0.03276062536779594,88156760.0,88156760.0,1.0,-0.576819773325425
factual,204,41,4,Sichuan Province,-1.1188728551006084,88156760.0,88156760.0,1.0,counterfactual,-0.21866051985705764,88156760.0,88156760.0,1.0,-0.9002123352435507
factual,205,41,5,Sichuan Province,0.4819563098820062,88156760.0,88156760.0,1.0,counterfactual,0.8285446854756532,88156760.0,88156760.0,1.0,-0.34658837559364697
factual,206,42,1,Sichuan Province,-0.2797521486217117,88156760.0,88156760.0,1.0,counterfactual,-0.48831932474694983,88156760.0,88156760.0,1.0,0.20856717612523812
factual,207,42,2,Sichuan Province,-0.14679537850057484,88156760.0,88156760.0,1.0,counterfactual,-0.17141625909079028,88156760.0,88156760.0,1.0,0.024620880590215444
factual,208,42,3,Sichuan Province,-0.6071070339929698,88156760.0,88156760.0,1.0,counterfactual,0.008540023632705552,88156760.0,88156760.0,1.0,-0.6156470576256754
factual,209,42,4,Sichuan Province,0.38213412997553664,88156760.0,88156760.0,1.0,counterfactual,1.215375650989972,88156760.0,88156760.0,1.0,-0.8332415210144354
factual,210,42,5,Sichuan Province,0.18345011879820833,88156760.0,88156760.0,1.0,counterfactual,-0.5509791902838881,88156760.0,88156760.0,1.0,0.7344293090820964
factual,211,43,1,Sichuan Province,-0.1710026183951152,88156760.0,88156760.0,1.0,counterfactual,0.18340723491978428,88156760.0,88156760.0,1.0,-0.3544098533148995
factual,212,43,2,Sichuan Province,-0.17731217926533838,88156760.0,88156760.0,1.0,counterfactual,1.385732962450321,88156760.0,88156760.0,1.0,-1.5630451417156594
factual,213,43,3,Sichuan Province,-0.1937088084872857,88156760.0,88156760.0,1.0,counterfactual,0.23546022337376743,88156760.0,88156760.0,1.0,-0.42916903186105315
factual,214,43,4,Sichuan Province,0.041688588458308036,88156760.0,88156760.0,1.0,counterfactual,0.22593723016017378,88156760.0,88156760.0,1.0,-0.18424864170186575
factual,215,43,5,Sichuan Province,0.5794237677069606,88156760.0,88156760.0,1.0,counterfactual,0.4264433597201164,88156760.0,88156760.0,1.0,0.1529804079868442
factual,216,44,1,Sichuan Province,-0.3949445593887884,88156760.0,88156760.0,1.0,counterfactual,0.3202555036318299,88156760.0,88156760.0,1.0,-0.7152000630206183
factual,217,44,2,Sichuan Province,-0.005584274591279823,88156760.0,88156760.0,1.0,counterfactual,0.7783013446939604,88156760.0,88156760.0,1.0,-0.7838856192852403
factual,218,44,3,Sichuan Province,-0.3398483414096635,88156760.0,88156760.0,1.0,counterfactual,-0.9826212009734078,88156760.0,88156760.0,1.0,0.6427728595637443
factual,219,44,4,Sichuan Province,-0.2542339592120646,88156760.0,88156760.0,1.0,counterfactual,-0.5215655911045911,88156760.0,88156760.0,1.0,0.2673316318925265
factual,220,44,5,Sichuan Province,0.3715560134823035,88156760.0,88156760.0,1.0,counterfactual,0.787704169420608,88156760.0,88156760.0,1.0,-0.41614815593830445
factual,221,45,1,Sichuan Province,-0.5630941613755974,88156760.0,88156760.0,1.0,counterfactual,-0.49156489232814254,88156760.0,88156760.0,1.0,-0.07152926904745488
factual,222,45,2,Sichuan Province,-0.5981445871238001,88156760.0,88156760.0,1.0,counterfactual,-0.12731742325822823,88156760.0,88156760.0,1.0,-0.4708271638655719
factual,223,45,3,Sichuan Province,1.0579083327277,88156760.0,88156760.0,1.0,counterfactual,0.408703531103563,88156760.0,88156760.0,1.0,0.649204801624137
factual,224,45,4,Sichuan Province,0.16654793566371823,88156760.0,88156760.0,1.0,counterfactual,0.12316604379333199,88156760.0,88156760.0,1.0,0.04338189187038624
factual,225,45,5,Sichuan Province,-0.08052551223458089,88156760.0,88156760.0,1.0,counterfactual,0.7820968650717852,88156760.0,88156760.0,1.0,-0.8626223773063662
factual,226,46,1,Sichuan Province,0.41612420125809496,88156760.0,88156760.0,1.0,counterfactual,0.06651183746225801,88156760.0,88156760.0,1.0,0.34961236379583693
factual,227,46,2,Sichuan Province,0.15184065278407782,88156760.0,88156760.0,1.0,counterfactual,0.5196071495797744,88156760.0,88156760.0,1.0,-0.36776649679569656
factual,228,46,3,Sichuan Province,0.6880940125079152,88156760.0,88156760.0,1.0,counterfactual,0.3626799436773388,88156760.0,88156760.0,1.0,0.32541406883057644
factual,229,46,4,Sichuan Province,0.5360859426232351,88156760.0,88156760.0,1.0,counterfactual,-0.10630891140754607,88156760.0,88156760.0,1.0,0.6423948540307811
factual,230,46,5,Sichuan Province,0.06101068122579327,88156760.0,88156760.0,1.0,counterfactual,0.8177246909953058,88156760.0,88156760.0,1.0,-0.7567140097695125
factual,231,47,1,Sichuan Province,0.19588463214348947,88156760.0,88156760.0,1.0,counterfactual,-0.004166293856755526,88156760.0,88156760.0,1.0,0.200050926000245
factual,232,47,2,Sichuan Province,-1.4007559695770084,88156760.0,88156760.0,1.0,counterfactual,0.7092474911112602,88156760.0,88156760.0,1.0,-2.1100034606882687
factual,233,47,3,Sichuan Province,-0.2222878395728912,88156760.0,88156760.0,1.0,counterfactual,0.2210624698180516,88156760.0,88156760.0,1.0,-0.4433503093909428
factual,234,47,4,Sichuan Province,0.0765511782301691,88156760.0,88156760.0,1.0,counterfactual,0.8165826218275232,88156760.0,88156760.0,1.0,-0.7400314435973541
factual,235,47,5,Sichuan Province,-1.2268842303992142,88156760.0,88156760.0,1.0,counterfactual,0.26170297635800777,88156760.0,88156760.0,1.0,-1.488587206757222
factual,236,48,1,Sichuan Province,0.7815609340753591,88156760.0,88156760.0,1.0,counterfactual,0.02378860768968255,88156760.0,88156760.0,1.0,0.7577723263856766
factual,237,48,2,Sichuan Province,-0.5349855511312759,88156760.0,88156760.0,1.0,counterfactual,0.5416982922885383,88156760.0,88156760.0,1.0,-1.076683843419814
factual,238,48,3,Sichuan Province,0.20221684632678322,88156760.0,88156760.0,1.0,counterfactual,0.4633264545447729,88156760.0,88156760.0,1.0,-0.2611096082179897
factual,239,48,4,Sichuan Province,0.017963444357059235,88156760.0,88156760.0,1.0,counterfactual,-0.8393677959482841,88156760.0,88156760.0,1.0,0.8573312403053434
factual,240,48,5,Sichuan Province,0.6698709445670293,88156760.0,88156760.0,1.0,counterfactual,0.5653216738637422,88156760.0,88156760.0,1.0,0.10454927070328712
factual,241,49,1,Sichuan Province,0.2840398734597439,88156760.0,88156760.0,1.0,counterfactual,-0.7917980579220435,88156760.0,88156760.0,1.0,1.0758379313817874
factual,242,49,2,Sichuan Province,0.013342155471919068,88156760.0,88156760.0,1.0,counterfactual,-0.48535611132967044,88156760.0,88156760.0,1.0,0.4986982668015895
factual,243,49,3,Sichuan Province,-0.2983696061311141,88156760.0,88156760.0,1.0,counterfactual,-0.002448066035836151,88156760.0,88156760.0,1.0,-0.29592154009527794
factual,244,49,4,Sichuan Province,-0.463027858197065,88156760.0,88156760.0,1.0,counterfactual,0.8558456102646609,88156760.0,88156760.0,1.0,-1.3188734684617258
factual,245,49,5,Sichuan Province,0.20250845439849052,88156760.0,88156760.0,1.0,counterfactual,0.21024472297605426,88156760.0,88156760.0,1.0,-0.007736268577563737
factual,246,50,1,Sichuan Province,-0.41750501377733745,88156760.0,88156760.0,1.0,counterfactual,0.09928067914876584,88156760.0,88156760.0,1.0,-0.5167856929261033
factual,247,50,2,Sichuan Province,0.6127182899955889,88156760.0,88156760.0,1.0,counterfactual,0.7152185811725278,88156760.0,88156760.0,1.0,-0.10250029117693893
factual,248,50,3,Sichuan Province,-0.2866891994903582,88156760.0,88156760.0,1.0,counterfactual,0.9554521197583872,88156760.0,88156760.0,1.0,-1.2421413192487454
factual,249,50,4,Sichuan Province,0.19172469876715634,88156760.0,88156760.0,1.0,counterfactual,0.6461521121658514,88156760.0,88156760.0,1.0,-0.4544274133986951
factual,250,50,5,Sichuan Province,-0.37943788461548533,88156760.0,88156760.0,1.0,counterfactual,0.4702649653632844,88156760.0,88156760.0,1.0,-0.8497028499787698
factual,251,51,1,Sichuan Province,0.8440890698638933,88156760.0,88156760.0,1.0,counterfactual,-0.048937588575063924,88156760.0,88156760.0,1.0,0.8930266584389572
factual,252,51,2,Sichuan Province,0.4372137453579822,88156760.0,88156760.0,1.0,counterfactual,-0.3262419338938419,88156760.0,88156760.0,1.0,0.7634556792518241
factual,253,51,3,Sichuan Province,0.5534472982531355,88156760.0,88156760.0,1.0,counterfactual,0.10452608183104611,88156760.0,88156760.0,1.0,0.44892121642208943
factual,254,51,4,Sichuan Province,0.9764948832915422,88156760.0,88156760.0,1.0,counterfactual,-0.2495735445343955,88156760.0,88156760.0,1.0,1.2260684278259377
factual,255,51,5,Sichuan Province,-0.07555850535503013,88156760.0,88156760.0,1.0,counterfactual,-0.015782512640703582,88156760.0,88156760.0,1.0,-0.05977599271432654
factual,256,52,1,Sichuan Province,-0.26855804149734186,88156760.0,88156760.0,1.0,counterfactual,0.13433108737235033,88156760.0,88156760.0,1.0,-0.4028891288696922
factual,257,52,2,Sichuan Province,0.3639321254465155,88156760.0,88156760.0,1.0,counterfactual,0.8571077739212197,88156760.0,88156760.0,1.0,-0.49317564847470424
factual,258,52,3,Sichuan Province,0.07431472059563225,88156760.0,88156760.0,1.0,counterfactual,0.11907848979540904,88156760.0,88156760.0,1.0,-0.04476376919977679
factual,259,52,4,Sichuan Province,0.4357274010806184,88156760.0,88156760.0,1.0,counterfactual,-0.2615575251448389,88156760.0,88156760.0,1.0,0.6972849262254572
factual,260,52,5,Sichuan Province,0.6270977398140443,88156760.0,88156760.0,1.0,counterfactual,0.5611072469880504,88156760.0,88156760.0,1.0,0.0659904928259939
factual,261,53,1,Sichuan Province,0.06327024580708501,88156760.0,88156760.0,1.0,counterfactual,1.3309569668798111,88156760.0,88156760.0,1.0,-1.267686721072726
factual,262,53,2,Sichuan Province,0.31109905951959466,88156760.0,88156760.0,1.0,counterfactual,0.47190362534131614,88156760.0,88156760.0,1.0,-0.16080456582172148
factual,263,53,3,Sichuan Province,0.6088574508460421,88156760.0,88156760.0,1.0,counterfactual,0.7703647332538501,88156760.0,88156760.0,1.0,-0.16150728240780798
factual,264,53,4,Sichuan Province,0.06474279415569112,88156760.0,88156760.0,1.0,counterfactual,0.5668368545664646,88156760.0,88156760.0,1.0,-0.5020940604107735
factual,265,53,5,Sichuan Province,-0.28153179239754106,88156760.0,88156760.0,1.0,counterfactual,0.18253962793554568,88156760.0,88156760.0,1.0,-0.46407142033308674
factual,266,54,1,Sichuan Province,-0.4069596509984531,88156760.0,88156760.0,1.0,counterfactual,0.822639915960699,88156760.0,88156760.0,1.0,-1.229599566959152
factual,267,54,2,Sichuan Province,-0.6330096003218981,88156760.0,88156760.0,1.0,counterfactual,0.09779130280437237,88156760.0,88156760.0,1.0,-0.7308009031262706
factual,268,54,3,Sichuan Province,-0.4369198244052314,88156760.0,88156760.0,1.0,counterfactual,0.13249242073396658,88156760.0,88156760.0,1.0,-0.569412245139198
factual,269,54,4,Sichuan Province,-0.5012465269927532,88156760.0,88156760.0,1.0,counterfactual,0.6973613048928623,88156760.0,88156760.0,1.0,-1.1986078318856155
factual,270,54,5,Sichuan Province,-0.781168943939572,88156760.0,88156760.0,1.0,counterfactual,0.7613804030480337,88156760.0,88156760.0,1.0,-1.5425493469876057
factual,271,55,1,Sichuan Province,-0.4903431346357774,88156760.0,88156760.0,1.0,counterfactual,0.9518054999442733,88156760.0,88156760.0,1.0,-1.4421486345800507
factual,272,55,2,Sichuan Province,0.1961015491497389,88156760.0,88156760.0,1.0,counterfactual,0.25224247091335633,88156760.0,88156760.0,1.0,-0.05614092176361743
factual,273,55,3,Sichuan Province,-0.03834626390232571,88156760.0,88156760.0,1.0,counterfactual,0.11541684745839528,88156760.0,88156760.0,1.0,-0.153763111360721
factual,274,55,4,Sichuan Province,0.657558999608094,88156760.0,88156760.0,1.0,counterfactual,0.3917093171391088,88156760.0,88156760.0,1.0,0.26584968246898527
factual,275,55,5,Sichuan Province,0.7052545174532647,88156760.0,88156760.0,1.0,counterfactual,-1.0045281973832982,88156760.0,88156760.0,1.0,1.709782714836563
factual,276,56,1,Sichuan Province,0.831944973211611,88156760.0,88156760.0,1.0,counterfactual,-0.42039974954382925,88156760.0,88156760.0,1.0,1.2523447227554403
factual,277,56,2,Sichuan Province,0.40390024249025175,88156760.0,88156760.0,1.0,counterfactual,-0.5479911067950353,88156760.0,88156760.0,1.0,0.951891349285287
factual,278,56,3,Sichuan Province,-0.3070004323292356,88156760.0,88156760.0,1.0,counterfactual,0.6888937877204732,88156760.0,88156760.0,1.0,-0.9958942200497087
factual,279,56,4,Sichuan Province,0.05495309982849731,88156760.0,88156760.0,1.0,counterfactual,0.2112260101533622,88156760.0,88156760.0,1.0,-0.1562729103248649
factual,280,56,5,Sichuan Province,-0.5876049322721376,88156760.0,88156760.0,1.0,counterfactual,-0.07701832719257445,88156760.0,88156760.0,1.0,-0.5105866050795631
factual,281,57,1,Sichuan Province,-0.8001664814645909,88156760.0,88156760.0,1.0,counterfactual,0.12839241638442558,88156760.0,88156760.0,1.0,-0.9285588978490165
factual,282,57,2,Sichuan Province,0.10526297274291822,88156760.0,88156760.0,1.0,counterfactual,0.34040110855895855,88156760.0,88156760.0,1.0,-0.23513813581604032
factual,283,57,3,Sichuan Province,0.06006721039180434,88156760.0,88156760.0,1.0,counterfactual,0.8927350978052595,88156760.0,88156760.0,1.0,-0.8326678874134552
factual,284,57,4,Sichuan Province,0.4085994329079712,88156760.0,88156760.0,1.0,counterfactual,-0.3708310152996344,88156760.0,88156760.0,1.0,0.7794304482076055
factual,285,57,5,Sichuan Province,-0.4973794218111586,88156760.0,88156760.0,1.0,counterfactual,-0.3986722351565537,88156760.0,88156760.0,1.0,-0.09870718665460487
factual,286,58,1,Sichuan Province,0.7370836757052577,88156760.0,88156760.0,1.0,counterfactual,0.45778195109107794,88156760.0,88156760.0,1.0,0.27930172461417974
factual,287,58,2,Sichuan Province,0.9929016268099876,88156760.0,88156760.0,1.0,counterfactual,1.0286872004742378,88156760.0,88156760.0,1.0,-0.03578557366425017
factual,288,58,3,Sichuan Province,-0.0802035889215273,88156760.0,88156760.0,1.0,counterfactual,0.2619765875802205,88156760.0,88156760.0,1.0,-0.3421801765017478
factual,289,58,4,Sichuan Province,-0.8213255920377053,88156760.0,88156760.0,1.0,counterfactual,-0.040818213126057865,88156760.0,88156760.0,1.0,-0.7805073789116475
factual,290,58,5,Sichuan Province,0.7639805907120785,88156760.0,88156760.0,1.0,counterfactual,0.5753440917394117,88156760.0,88156760.0,1.0,0.18863649897266677
factual,291,59,1,Sichuan Province,-0.018336193373869616,88156760.0,88156760.0,1.0,counterfactual,0.07179677510357542,88156760.0,88156760.0,1.0,-0.09013296847744504
factual,292,59,2,Sichuan Province,0.3396705512216574,88156760.0,88156760.0,1.0,counterfactual,0.37147427159746416,88156760.0,88156760.0,1.0,-0.031803720375806754
factual,293,59,3,Sichuan Province,0.5899808934037284,88156760.0,88156760.0,1.0,counterfactual,-0.7513705767184783,88156760.0,88156760.0,1.0,1.3413514701222067
factual,294,59,4,Sichuan Province,-0.9992030200548707,88156760.0,88156760.0,1.0,counterfactual,-0.2784763099865286,88156760.0,88156760.0,1.0,-0.7207267100683421
factual,295,59,5,Sichuan Province,-0.2901514329625935,88156760.0,88156760.0,1.0,counterfactual,0.2463600447209985,88156760.0,88156760.0,1.0,-0.536511477683592
factual,296,60,1,Sichuan Province,0.601406020981428,88156760.0,88156760.0,1.0,counterfactual,0.3914277626676704,88156760.0,88156760.0,1.0,0.20997825831375766
factual,297,60,2,Sichuan Province,-0.47616279077022466,88156760.0,88156760.0,1.0,counterfactual,0.15072682106869056,88156760.0,88156760.0,1.0,-0.6268896118389152
factual,298,60,3,Sichuan Province,0.5615067780120838,88156760.0,88156760.0,1.0,counterfactual,0.5331129721785289,88156760.0,88156760.0,1.0,0.028393805833554886
factual,299,60,4,Sichuan Province,1.0067075671690764,88156760.0,88156760.0,1.0,counterfactual,0.24155511918718012,88156760.0,88156760.0,1.0,0.7651524479818963
factual,300,60,5,Sichuan Province,-0.06387294301248204,88156760.0,88156760.0,1.0,counterfactual,0.388134423380591,88156760.0,88156760.0,1.0,-0.45200736639307304
factual,301,61,1,Sichuan Province,0.9153317171366507,88156760.0,88156760.0,1.0,counterfactual,0.9958540206278542,88156760.0,88156760.0,1.0,-0.08052230349120348
factual,302,61,2,Sichuan Province,-1.1895508575422524,88156760.0,88156760.0,1.0,counterfactual,0.03863431082167623,88156760.0,88156760.0,1.0,-1.2281851683639287
factual,303,61,3,Sichuan Province,0.5149725277490855,88156760.0,88156760.0,1.0,counterfactual,0.8940349734214836,88156760.0,88156760.0,1.0,-0.3790624456723981
factual,304,61,4,Sichuan Province,0.27845716700011225,88156760.0,88156760.0,1.0,counterfactual,0.021132532595731925,88156760.0,88156760.0,1.0,0.2573246344043803
factual,305,61,5,Sichuan Province,0.13725412216588612,88156760.0,88156760.0,1.0,counterfactual,-0.6442753492616183,88156760.0,88156760.0,1.0,0.7815294714275045
factual,306,62,1,Sichuan Province,-0.9265666129437163,88156760.0,88156760.0,1.0,counterfactual,0.22252930735114143,88156760.0,88156760.0,1.0,-1.1490959202948579
factual,307,62,2,Sichuan Province,-0.3293213848049723,88156760.0,88156760.0,1.0,counterfactual,0.39219727145876665,88156760.0,88156760.0,1.0,-0.721518656263739
factual,308,62,3,Sichuan Province,0.8815113000961349,88156760.0,88156760.0,1.0,counterfactual,-0.3900692273873459,88156760.0,88156760.0,1.0,1.2715805274834808
factual,309,62,4,Sichuan Province,0.47348416576253943,88156760.0,88156760.0,1.0,counterfactual,-0.545077584929315,88156760.0,88156760.0,1.0,1.0185617506918545
factual,310,62,5,Sichuan Province,0.8064266906727466,88156760.0,88156760.0,1.0,counterfactual,-0.3566254113603077,88156760.0,88156760.0,1.0,1.1630521020330544
factual,311,63,1,Sichuan Province,0.19225998215375248,88156760.0,88156760.0,1.0,counterfactual,0.3691395451157322,88156760.0,88156760.0,1.0,-0.17687956296197974
factual,312,63,2,Sichuan Province,0.2607241807808356,88156760.0,88156760.0,1.0,counterfactual,0.4541056810471814,88156760.0,88156760.0,1.0,-0.19338150026634582
factual,313,63,3,Sichuan Province,0.2823796154549156,88156760.0,88156760.0,1.0,counterfactual,0.49802312465881543,88156760.0,88156760.0,1.0,-0.21564350920389985
factual,314,63,4,Sichuan Province,0.03305186705420474,88156760.0,88156760.0,1.0,counterfactual,0.43694091019779774,88156760.0,88156760.0,1.0,-0.403889043143593
factual,315,63,5,Sichuan Province,-0.0934018304895933,88156760.0,88156760.0,1.0,counterfactual,-0.3552870485937645,88156760.0,88156760.0,1.0,0.2618852181041712
factual,316,64,1,Sichuan Province,-0.8423638284355681,88156760.0,88156760.0,1.0,counterfactual,1.0861641001338382,88156760.0,88156760.0,1.0,-1.9285279285694064
factual,317,64,2,Sichuan Province,0.5066341667980934,88156760.0,88156760.0,1.0,counterfactual,-0.6295410777878337,88156760.0,88156760.0,1.0,1.1361752445859272
factual,318,64,3,Sichuan Province,0.7072404296256757,88156760.0,88156760.0,1.0,counterfactual,0.36832556225176305,88156760.0,88156760.0,1.0,0.33891486737391263
factual,319,64,4,Sichuan Province,-0.46687275573896514,88156760.0,88156760.0,1.0,counterfactual,0.29624007520355417,88156760.0,88156760.0,1.0,-0.7631128309425192
factual,320,64,5,Sichuan Province,-0.5847430541758772,88156760.0,88156760.0,1.0,counterfactual,0.1627177043445323,88156760.0,88156760.0,1.0,-0.7474607585204096
factual,321,65,1,Sichuan Province,-0.009506551736141199,88156760.0,88156760.0,1.0,counterfactual,-0.13424715243716043,88156760.0,88156760.0,1.0,0.12474060070101922
factual,322,65,2,Sichuan Province,0.6926312934553468,88156760.0,88156760.0,1.0,counterfactual,-0.7581996069191299,88156760.0,88156760.0,1.0,1.4508309003744766
factual,323,65,3,Sichuan Province,-0.23154123720650913,88156760.0,88156760.0,1.0,counterfactual,0.5142688963637181,88156760.0,88156760.0,1.0,-0.7458101335702272
factual,324,65,4,Sichuan Province,0.7394636371678468,88156760.0,88156760.0,1.0,counterfactual,-0.5098121618894446,88156760.0,88156760.0,1.0,1.2492757990572914
factual,325,65,5,Sichuan Province,0.22708200341139026,88156760.0,88156760.0,1.0,counterfactual,-0.5689833568440739,88156760.0,88156760.0,1.0,0.7960653602554641
factual,326,66,1,Sichuan Province,0.24299473699978985,88156760.0,88156760.0,1.0,counterfactual,-0.2453432016518537,88156760.0,88156760.0,1.0,0.48833793865164354
factual,327,66,2,Sichuan Province,0.9625982791117484,88156760.0,88156760.0,1.0,counterfactual,0.7324502561068035,88156760.0,88156760.0,1.0,0.23014802300494497
factual,328,66,3,Sichuan Province,-0.36831458330676237,88156760.0,88156760.0,1.0,counterfactual,0.2999624025709073,88156760.0,88156760.0,1.0,-0.6682769858776696
factual,329,66,4,Sichuan Province,-0.9501977648733017,88156760.0,88156760.0,1.0,counterfactual,-0.9915934524562465,88156760.0,88156760.0,1.0,0.04139568758294487
factual,330,66,5,Sichuan Province,0.4897546427845,88156760.0,88156760.0,1.0,counterfactual,-0.5128913845205852,88156760.0,88156760.0,1.0,1.0026460273050852
factual,331,67,1,Sichuan Province,-0.4835591546850202,88156760.0,88156760.0,1.0,counterfactual,0.19947563976295873,88156760.0,88156760.0,1.0,-0.6830347944479789
factual,332,67,2,Sichuan Province,0.08390342529390148,88156760.0,88156760.0,1.0,counterfactual,-0.33208967915719023,88156760.0,88156760.0,1.0,0.4159931044510917
factual,333,67,3,Sichuan Province,0.9746165885502631,88156760.0,88156760.0,1.0,counterfactual,-0.21376349847794804,88156760.0,88156760.0,1.0,1.188380087028211
factual,334,67,4,Sichuan Province,0.10000121206751936,88156760.0,88156760.0,1.0,counterfactual,-0.15015707724103153,88156760.0,88156760.0,1.0,0.2501582893085509
factual,335,67,5,Sichuan Province,0.09083560961635663,88156760.0,88156760.0,1.0,counterfactual,-0.6310481282940157,88156760.0,88156760.0,1.0,0.7218837379103723
factual,336,68,1,Sichuan Province,-0.02107193193964994,88156760.0,88156760.0,1.0,counterfactual,0.47837459959449347,88156760.0,88156760.0,1.0,-0.4994465315341434
factual,337,68,2,Sichuan Province,-0.2475999754680281,88156760.0,88156760.0,1.0,counterfactual,-0.5759702131864797,88156760.0,88156760.0,1.0,0.3283702377184516
factual,338,68,3,Sichuan Province,-0.12639925071389932,88156760.0,88156760.0,1.0,counterfactual,0.4721815995406728,88156760.0,88156760.0,1.0,-0.5985808502545721
factual,339,68,4,Sichuan Province,0.2721478307371273,88156760.0,88156760.0,1.0,counterfactual,-0.2731769492019888,88156760.0,88156760.0,1.0,0.5453247799391161
factual,340,68,5,Sichuan Province,-0.3839589820357394,88156760.0,88156760.0,1.0,counterfactual,-0.5320308929355559,88156760.0,88156760.0,1.0,0.14807191089981653
factual,341,69,1,Sichuan Province,-0.06234789580463847,88156760.0,88156760.0,1.0,counterfactual,1.1860785715193631,88156760.0,88156760.0,1.0,-1.2484264673240015
factual,342,69,2,Sichuan Province,-0.1885455397176233,88156760.0,88156760.0,1.0,counterfactual,-0.6385142908780833,88156760.0,88156760.0,1.0,0.44996875116046
factual,343,69,3,Sichuan Province,0.6632086865155137,88156760.0,88156760.0,1.0,counterfactual,-0.1423723296574767,88156760.0,88156760.0,1.0,0.8055810161729904
factual,344,69,4,Sichuan Province,0.13414190502708442,88156760.0,88156760.0,1.0,counterfactual,-0.2164514028275012,88156760.0,88156760.0,1.0,0.35059330785458565
factual,345,69,5,Sichuan Province,0.055986025423130845,88156760.0,88156760.0,1.0,counterfactual,0.9867358430641626,88156760.0,88156760.0,1.0,-0.9307498176410318
factual,346,70,1,Sichuan Province,0.29276528160424603,88156760.0,88156760.0,1.0,counterfactual,1.1004809221078178,88156760.0,88156760.0,1.0,-0.8077156405035717
factual,347,70,2,Sichuan Province,-0.5697512816084562,88156760.0,88156760.0,1.0,counterfactual,0.8611237795168892,88156760.0,88156760.0,1.0,-1.4308750611253456
factual,348,70,3,Sichuan Province,-0.285238729099236,88156760.0,88156760.0,1.0,counterfactual,0.6705862187224981,88156760.0,88156760.0,1.0,-0.9558249478217341
factual,349,70,4,Sichuan Province,-0.9639821015912268,88156760.0,88156760.0,1.0,counterfactual,-0.0950419210437294,88156760.0,88156760.0,1.0,-0.8689401805474973
factual,350,70,5,Sichuan Province,0.5996892636302561,88156760.0,88156760.0,1.0,counterfactual,-0.011905907499662173,88156760.0,88156760.0,1.0,0.6115951711299182
factual,351,71,1,Sichuan Province,0.06847585376806699,88156760.0,88156760.0,1.0,counterfactual,0.4576076314526906,88156760.0,88156760.0,1.0,-0.38913177768462365
factual,352,71,2,Sichuan Province,-0.03216681421373735,88156760.0,88156760.0,1.0,counterfactual,1.7525985481823338,88156760.0,88156760.0,1.0,-1.784765362396071
factual,353,71,3,Sichuan Province,0.1959682488154464,88156760.0,88156760.0,1.0,counterfactual,0.2682003726403969,88156760.0,88156760.0,1.0,-0.07223212382495053
factual,354,71,4,Sichuan Province,0.19887476968232484,88156760.0,88156760.0,1.0,counterfactual,-0.013633840135571156,88156760.0,88156760.0,1.0,0.212508609817896
factual,355,71,5,Sichuan Province,0.8767811533934821,88156760.0,88156760.0,1.0,counterfactual,1.0016296449460484,88156760.0,88156760.0,1.0,-0.12484849155256639
factual,356,72,1,Sichuan Province,0.5399329321418729,88156760.0,88156760.0,1.0,counterfactual,-0.42666726506933333,88156760.0,88156760.0,1.0,0.9666001972112062
factual,357,72,2,Sichuan Province,-0.2110364304621034,88156760.0,88156760.0,1.0,counterfactual,0.533286530487725,88156760.0,88156760.0,1.0,-0.7443229609498284
factual,358,72,3,Sichuan Province,0.017600048384226154,88156760.0,88156760.0,1.0,counterfactual,-0.05764998372487471,88156760.0,88156760.0,1.0,0.07525003210910086
factual,359,72,4,Sichuan Province,-0.7663425685171474,88156760.0,88156760.0,1.0,counterfactual,0.35065206301205326,88156760.0,88156760.0,1.0,-1.1169946315292008
factual,360,72,5,Sichuan Province,-0.09777719811469464,88156760.0,88156760.0,1.0,counterfactual,0.5201017875825649,88156760.0,88156760.0,1.0,-0.6178789856972595
factual,361,73,1,Sichuan Province,0.3151744233286179,88156760.0,88156760.0,1.0,counterfactual,0.6413774421521331,88156760.0,88156760.0,1.0,-0.3262030188235152
factual,362,73,2,Sichuan Province,-0.5394990360667622,88156760.0,88156760.0,1.0,counterfactual,-0.6100965342509053,88156760.0,88156760.0,1.0,0.07059749818414307
factual,363,73,3,Sichuan Province,-0.41189992409267023,88156760.0,88156760.0,1.0,counterfactual,0.46201336926466086,88156760.0,88156760.0,1.0,-0.873913293357331
factual,364,73,4,Sichuan Province,0.34478145564847035,88156760.0,88156760.0,1.0,counterfactual,0.6991417227705689,88156760.0,88156760.0,1.0,-0.3543602671220985
factual,365,73,5,Sichuan Province,-0.40041649384710015,88156760.0,88156760.0,1.0,counterfactual,-0.16426220220267115,88156760.0,88156760.0,1.0,-0.236154291644429
factual,366,74,1,Sichuan Province,-0.26329625148406166,88156760.0,88156760.0,1.0,counterfactual,0.7640819800081142,88156760.0,88156760.0,1.0,-1.0273782314921758
factual,367,74,2,Sichuan Province,0.31938656753288397,88156760.0,88156760.0,1.0,counterfactual,1.0656726955286886,88156760.0,88156760.0,1.0,-0.7462861279958046
factual,368,74,3,Sichuan Province,-0.2379302656622805,88156760.0,88156760.0,1.0,counterfactual,0.8896287062327575,88156760.0,88156760.0,1.0,-1.127558971895038
factual,369,74,4,Sichuan Province,-1.1182629930303876,88156760.0,88156760.0,1.0,counterfactual,0.4982480064351174,88156760.0,88156760.0,1.0,-1.616510999465505
factual,370,74,5,Sichuan Province,-0.7640928960837255,88156760.0,88156760.0,1.0,counterfactual,-0.16860710606765308,88156760.0,88156760.0,1.0,-0.5954857900160725
factual,371,75,1,Sichuan Province,-0.12985239380568228,88156760.0,88156760.0,1.0,counterfactual,1.062576447043881,88156760.0,88156760.0,1.0,-1.1924288408495634
factual,372,75,2,Sichuan Province,-0.11478930867539851,88156760.0,88156760.0,1.0,counterfactual,0.7636905854904031,88156760.0,88156760.0,1.0,-0.8784798941658016
factual,373,75,3,Sichuan Province,-0.36134306680765527,88156760.0,88156760.0,1.0,counterfactual,0.43906564345900695,88156760.0,88156760.0,1.0,-0.8004087102666622
factual,374,75,4,Sichuan Province,-0.5879405651811431,88156760.0,88156760.0,1.0,counterfactual,-0.6548992644059033,88156760.0,88156760.0,1.0,0.06695869922476017
factual,375,75,5,Sichuan Province,0.04556766645279067,88156760.0,88156760.0,1.0,counterfactual,0.33875400426591845,88156760.0,88156760.0,1.0,-0.29318633781312775
factual,376,76,1,Sichuan Province,-0.08010365027693007,88156760.0,88156760.0,1.0,counterfactual,-0.8326917378182118,88156760.0,88156760.0,1.0,0.7525880875412817
factual,377,76,2,Sichuan Province,-0.23452092267576846,88156760.0,88156760.0,1.0,counterfactual,0.8471059838382957,88156760.0,88156760.0,1.0,-1.0816269065140642
factual,378,76,3,Sichuan Province,-0.559086904927973,88156760.0,88156760.0,1.0,counterfactual,-0.2318075437729554,88156760.0,88156760.0,1.0,-0.32727936115501755
factual,379,76,4,Sichuan Province,0.3422159965928486,88156760.0,88156760.0,1.0,counterfactual,0.799781013914505,88156760.0,88156760.0,1.0,-0.45756501732165633
factual,380,76,5,Sichuan Province,-0.6773805002434726,88156760.0,88156760.0,1.0,counterfactual,0.08645237738022414,88156760.0,88156760.0,1.0,-0.7638328776236968
factual,381,77,1,Sichuan Province,0.40985892787113976,88156760.0,88156760.0,1.0,counterfactual,0.7275866432690555,88156760.0,88156760.0,1.0,-0.3177277153979158
factual,382,77,2,Sichuan Province,-0.9619772298781656,88156760.0,88156760.0,1.0,counterfactual,0.38998906924967264,88156760.0,88156760.0,1.0,-1.3519662991278383
factual,383,77,3,Sichuan Province,0.7129850129571567,88156760.0,88156760.0,1.0,counterfactual,1.0218059140988431,88156760.0,88156760.0,1.0,-0.3088209011416865
factual,384,77,4,Sichuan Province,-0.6823919868228591,88156760.0,88156760.0,1.0,counterfactual,0.33908043956725753,88156760.0,88156760.0,1.0,-1.0214724263901167
factual,385,77,5,Sichuan Province,-0.020027746654184,88156760.0,88156760.0,1.0,counterfactual,0.6276947603228558,88156760.0,88156760.0,1.0,-0.6477225069770398
factual,386,78,1,Sichuan Province,-0.615415633941092,88156760.0,88156760.0,1.0,counterfactual,0.09218522450776215,88156760.0,88156760.0,1.0,-0.7076008584488541
factual,387,78,2,Sichuan Province,0.05237481755833579,88156760.0,88156760.0,1.0,counterfactual,-0.01202142672543771,88156760.0,88156760.0,1.0,0.0643962442837735
factual,388,78,3,Sichuan Province,-0.20133700922990933,88156760.0,88156760.0,1.0,counterfactual,0.5068742766541621,88156760.0,88156760.0,1.0,-0.7082112858840715
factual,389,78,4,Sichuan Province,0.06374355029177986,88156760.0,88156760.0,1.0,counterfactual,0.664488473444854,88156760.0,88156760.0,1.0,-0.6007449231530742
factual,390,78,5,Sichuan Province,-0.18563770551658978,88156760.0,88156760.0,1.0,counterfactual,-0.5935989355465905,88156760.0,88156760.0,1.0,0.40796123003000073
factual,391,79,1,Sichuan Province,0.2809900536551537,88156760.0,88156760.0,1.0,counterfactual,1.4707106952818825,88156760.0,88156760.0,1.0,-1.1897206416267287
factual,392,79,2,Sichuan Province,-1.6850793745167978,88156760.0,88156760.0,1.0,counterfactual,-0.1448466727023804,88156760.0,88156760.0,1.0,-1.5402327018144173
factual,393,79,3,Sichuan Province,0.05310130424276632,88156760.0,88156760.0,1.0,counterfactual,0.17420755180520278,88156760.0,88156760.0,1.0,-0.12110624756243646
factual,394,79,4,Sichuan Province,-0.45847004057721447,88156760.0,88156760.0,1.0,counterfactual,-0.24563387054987554,88156760.0,88156760.0,1.0,-0.21283617002733893
factual,395,79,5,Sichuan Province,-0.6911958329953376,88156760.0,88156760.0,1.0,counterfactual,0.916926386570183,88156760.0,88156760.0,1.0,-1.6081222195655207
factual,396,80,1,Sichuan Province,0.7333340273352269,88156760.0,88156760.0,1.0,counterfactual,0.3559996514031651,88156760.0,88156760.0,1.0,0.3773343759320618
factual,397,80,2,Sichuan Province,-0.27490793162973737,88156760.0,88156760.0,1.0,counterfactual,-0.2786439369080169,88156760.0,88156760.0,1.0,0.0037360052782795528
factual,398,80,3,Sichuan Province,-0.1498056399094269,88156760.0,88156760.0,1.0,counterfactual,0.35039764521733374,88156760.0,88156760.0,1.0,-0.5002032851267606
factual,399,80,4,Sichuan Province,-1.1269398056552857,88156760.0,88156760.0,1.0,counterfactual,-0.3680711528338691,88156760.0,88156760.0,1.0,-0.7588686528214166
factual,400,80,5,Sichuan Province,-0.648206763330271,88156760.0,88156760.0,1.0,counterfactual,-0.40139126887142407,88156760.0,88156760.0,1.0,-0.24681549445884698
factual,401,81,1,Sichuan Province,-0.8824232033537921,88156760.0,88156760.0,1.0,counterfactual,0.6111180101520776,88156760.0,88156760.0,1.0,-1.4935412135058697
factual,402,81,2,Sichuan Province,0.8055511735070494,88156760.0,88156760.0,1.0,counterfactual,0.4363366286813225,88156760.0,88156760.0,1.0,0.3692145448257269
factual,403,81,3,Sichuan Province,0.2944329425678816,88156760.0,88156760.0,1.0,counterfactual,-0.401307666251498,88156760.0,88156760.0,1.0,0.6957406088193796
factual,404,81,4,Sichuan Province,-0.7028105636133475,88156760.0,88156760.0,1.0,counterfactual,0.46967875919547625,88156760.0,88156760.0,1.0,-1.1724893228088238
factual,405,81,5,Sichuan Province,0.6576903569842261,88156760.0,88156760.0,1.0,counterfactual,0.5940764939700574,88156760.0,88156760.0,1.0,0.06361386301416871
factual,406,82,1,Sichuan Province,-0.11589757933614551,88156760.0,88156760.0,1.0,counterfactual,-0.5350737471313398,88156760.0,88156760.0,1.0,0.4191761677951943
factual,407,82,2,Sichuan Province,-1.4171507791520628,88156760.0,88156760.0,1.0,counterfactual,-0.16471287163749573,88156760.0,88156760.0,1.0,-1.252437907514567
factual,408,82,3,Sichuan Province,-0.9147029859568722,88156760.0,88156760.0,1.0,counterfactual,0.16438146154756256,88156760.0,88156760.0,1.0,-1.0790844475044348
factual,409,82,4,Sichuan Province,-0.8656752646421241,88156760.0,88156760.0,1.0,counterfactual,-0.05421389346724112,88156760.0,88156760.0,1.0,-0.8114613711748829
factual,410,82,5,Sichuan Province,-0.5400689258936888,88156760.0,88156760.0,1.0,counterfactual,-0.02061622477162588,88156760.0,88156760.0,1.0,-0.519452701122063
factual,411,83,1,Sichuan Province,0.16333115453822283,88156760.0,88156760.0,1.0,counterfactual,-0.37134641110319727,88156760.0,88156760.0,1.0,0.5346775656414201
factual,412,83,2,Sichuan Province,-0.4736448157561956,88156760.0,88156760.0,1.0,counterfactual,0.664806894119305,88156760.0,88156760.0,1.0,-1.1384517098755007
factual,413,83,3,Sichuan Province,-1.6302611065092043,88156760.0,88156760.0,1.0,counterfactual,0.45095176575742235,88156760.0,88156760.0,1.0,-2.0812128722666268
factual,414,83,4,Sichuan Province,0.2882240980874637,88156760.0,88156760.0,1.0,counterfactual,0.15614385135475042,88156760.0,88156760.0,1.0,0.13208024673271326
factual,415,83,5,Sichuan Province,-1.0434892448815902,88156760.0,88156760.0,1.0,counterfactual,-0.06874313162707917,88156760.0,88156760.0,1.0,-0.9747461132545111
factual,416,84,1,Sichuan Province,0.05268744440229894,88156760.0,88156760.0,1.0,counterfactual,1.670468275802639,88156760.0,88156760.0,1.0,-1.6177808314003401
factual,417,84,2,Sichuan Province,0.5582729847050671,88156760.0,88156760.0,1.0,counterfactual,-0.5498794178338675,88156760.0,88156760.0,1.0,1.1081524025389347
factual,418,84,3,Sichuan Province,-0.12260024175150816,88156760.0,88156760.0,1.0,counterfactual,0.2517068341986446,88156760.0,88156760.0,1.0,-0.3743070759501528
factual,419,84,4,Sichuan Province,-0.11111495172803641,88156760.0,88156760.0,1.0,counterfactual,0.6657442029287708,88156760.0,88156760.0,1.0,-0.7768591546568072
factual,420,84,5,Sichuan Province,-0.010595812418087883,88156760.0,88156760.0,1.0,counterfactual,-0.03746659213217385,88156760.0,88156760.0,1.0,0.026870779714085965
factual,421,85,1,Sichuan Province,0.5369314249047473,88156760.0,88156760.0,1.0,counterfactual,0.9439341584126085,88156760.0,88156760.0,1.0,-0.4070027335078612
factual,422,85,2,Sichuan Province,0.37167959504322945,88156760.0,88156760.0,1.0,counterfactual,-0.2783811781556125,88156760.0,88156760.0,1.0,0.6500607731988419
factual,423,85,3,Sichuan Province,-0.5287090033135073,88156760.0,88156760.0,1.0,counterfactual,0.5827936465890228,88156760.0,88156760.0,1.0,-1.1115026499025302
factual,424,85,4,Sichuan Province,0.9911819302212241,88156760.0,88156760.0,1.0,counterfactual,-0.17990565121464094,88156760.0,88156760.0,1.0,1.171087581435865
factual,425,85,5,Sichuan Province,-0.6440753048726778,88156760.0,88156760.0,1.0,counterfactual,0.32179391234064786,88156760.0,88156760.0,1.0,-0.9658692172133256
factual,426,86,1,Sichuan Province,0.5584236880363752,88156760.0,88156760.0,1.0,counterfactual,1.0490142240809508,88156760.0,88156760.0,1.0,-0.4905905360445756
factual,427,86,2,Sichuan Province,0.3220098755759195,88156760.0,88156760.0,1.0,counterfactual,0.46930962913764607,88156760.0,88156760.0,1.0,-0.1472997535617266
factual,428,86,3,Sichuan Province,-0.2415755054373185,88156760.0,88156760.0,1.0,counterfactual,0.5064110638836402,88156760.0,88156760.0,1.0,-0.7479865693209587
factual,429,86,4,Sichuan Province,-1.2713656701743066,88156760.0,88156760.0,1.0,counterfactual,0.43648810852366965,88156760.0,88156760.0,1.0,-1.7078537786979762
factual,430,86,5,Sichuan Province,0.7579553538135828,88156760.0,88156760.0,1.0,counterfactual,0.05069957535194108,88156760.0,88156760.0,1.0,0.7072557784616418
factual,431,87,1,Sichuan Province,-0.2097555640252379,88156760.0,88156760.0,1.0,counterfactual,-0.24760266397568012,88156760.0,88156760.0,1.0,0.03784709995044222
factual,432,87,2,Sichuan Province,1.050353844001146,88156760.0,88156760.0,1.0,counterfactual,-1.4065423851061178,88156760.0,88156760.0,1.0,2.456896229107264
factual,433,87,3,Sichuan Province,-1.4128890161458714,88156760.0,88156760.0,1.0,counterfactual,0.545708585672337,88156760.0,88156760.0,1.0,-1.9585976018182083
factual,434,87,4,Sichuan Province,-0.22065867162383088,88156760.0,88156760.0,1.0,counterfactual,-0.005360025028372185,88156760.0,88156760.0,1.0,-0.2152986465954587
factual,435,87,5,Sichuan Province,0.20748131000475847,88156760.0,88156760.0,1.0,counterfactual,1.0664033059200602,88156760.0,88156760.0,1.0,-0.8589219959153017
factual,436,88,1,Sichuan Province,-0.9853648091935955,88156760.0,88156760.0,1.0,counterfactual,0.04072928982042587,88156760.0,88156760.0,1.0,-1.0260940990140213
factual,437,88,2,Sichuan Province,-0.0056347640348126116,88156760.0,88156760.0,1.0,counterfactual,0.37743179334509774,88156760.0,88156760.0,1.0,-0.38306655737991036
factual,438,88,3,Sichuan Province,-0.07529467605939061,88156760.0,88156760.0,1.0,counterfactual,0.2523848336617996,88156760.0,88156760.0,1.0,-0.3276795097211902
factual,439,88,4,Sichuan Province,-1.217334690809357,88156760.0,88156760.0,1.0,counterfactual,-0.4082734191667463,88156760.0,88156760.0,1.0,-0.8090612716426107
factual,440,88,5,Sichuan Province,0.21461128651438585,88156760.0,88156760.0,1.0,counterfactual,-0.506409331642632,88156760.0,88156760.0,1.0,0.7210206181570179
factual,441,89,1,Sichuan Province,-0.046145858550514444,88156760.0,88156760.0,1.0,counterfactual,0.6387739230020893,88156760.0,88156760.0,1.0,-0.6849197815526038
factual,442,89,2,Sichuan Province,-0.42470159398816665,88156760.0,88156760.0,1.0,counterfactual,-0.20369866048187768,88156760.0,88156760.0,1.0,-0.22100293350628897
factual,443,89,3,Sichuan Province,-0.23465481957129644,88156760.0,88156760.0,1.0,counterfactual,0.4683919496965846,88156760.0,88156760.0,1.0,-0.703046769267881
factual,444,89,4,Sichuan Province,0.7883998296778698,88156760.0,88156760.0,1.0,counterfactual,-0.8407671245544411,88156760.0,88156760.0,1.0,1.629166954232311
factual,445,89,5,Sichuan Province,0.6319144080509564,88156760.0,88156760.0,1.0,counterfactual,0.7134517607056684,88156760.0,88156760.0,1.0,-0.08153735265471196
factual,446,90,1,Sichuan Province,0.4757867385961397,88156760.0,88156760.0,1.0,counterfactual,0.18756973408201746,88156760.0,88156760.0,1.0,0.28821700451412224
factual,447,90,2,Sichuan Province,0.5201317188407805,88156760.0,88156760.0,1.0,counterfactual,0.167589296556201,88156760.0,88156760.0,1.0,0.35254242228457944
factual,448,90,3,Sichuan Province,-0.7842192684607915,88156760.0,88156760.0,1.0,counterfactual,-0.14695804136431545,88156760.0,88156760.0,1.0,-0.637261227096476
factual,449,90,4,Sichuan Province,-0.04774944076153941,88156760.0,88156760.0,1.0,counterfactual,0.4977568647750091,88156760.0,88156760.0,1.0,-0.5455063055365484
factual,450,90,5,Sichuan Province,-1.063455331283987,88156760.0,88156760.0,1.0,counterfactual,0.12465265847143961,88156760.0,88156760.0,1.0,-1.1881079897554265
factual,451,91,1,Sichuan Province,-0.796461401323426,88156760.0,88156760.0,1.0,counterfactual,0.3085917234018556,88156760.0,88156760.0,1.0,-1.1050531247252815
factual,452,91,2,Sichuan Province,-0.26542793124254177,88156760.0,88156760.0,1.0,counterfactual,0.1148271395837443,88156760.0,88156760.0,1.0,-0.38025507082628607
factual,453,91,3,Sichuan Province,0.30269868873598405,88156760.0,88156760.0,1.0,counterfactual,1.1268057247219043,88156760.0,88156760.0,1.0,-0.8241070359859203
factual,454,91,4,Sichuan Province,-0.6420847679001841,88156760.0,88156760.0,1.0,counterfactual,-0.5877135037046548,88156760.0,88156760.0,1.0,-0.05437126419552929
factual,455,91,5,Sichuan Province,0.6461659948970366,88156760.0,88156760.0,1.0,counterfactual,0.8296953761097196,88156760.0,88156760.0,1.0,-0.18352938121268292
factual,456,92,1,Sichuan Province,0.2232048137821884,88156760.0,88156760.0,1.0,counterfactual,1.2486111041103003,88156760.0,88156760.0,1.0,-1.0254062903281118
factual,457,92,2,Sichuan Province,-1.0885750598965303,88156760.0,88156760.0,1.0,counterfactual,0.8534968408030049,88156760.0,88156760.0,1.0,-1.9420719006995353
factual,458,92,3,Sichuan Province,0.23679455729531343,88156760.0,88156760.0,1.0,counterfactual,0.2527365703376555,88156760.0,88156760.0,1.0,-0.01594201304234208
factual,459,92,4,Sichuan Province,-0.7808435297201193,88156760.0,88156760.0,1.0,counterfactual,0.9019952328950951,88156760.0,88156760.0,1.0,-1.6828387626152144
factual,460,92,5,Sichuan Province,-0.5094582588729113,88156760.0,88156760.0,1.0,counterfactual,-0.892194480757519,88156760.0,88156760.0,1.0,0.38273622188460765
factual,461,93,1,Sichuan Province,-1.0445108294505783,88156760.0,88156760.0,1.0,counterfactual,0.011762068111201823,88156760.0,88156760.0,1.0,-1.05627289756178
factual,462,93,2,Sichuan Province,-0.11373456466449636,88156760.0,88156760.0,1.0,counterfactual,-0.21663797616611197,88156760.0,88156760.0,1.0,0.10290341150161561
factual,463,93,3,Sichuan Province,0.020432235609004246,88156760.0,88156760.0,1.0,counterfactual,0.6197627260910227,88156760.0,88156760.0,1.0,-0.5993304904820185
factual,464,93,4,Sichuan Province,-0.19361792756934026,88156760.0,88156760.0,1.0,counterfactual,0.310051775767931,88156760.0,88156760.0,1.0,-0.5036697033372712
factual,465,93,5,Sichuan Province,0.26528404061219557,88156760.0,88156760.0,1.0,counterfactual,0.46681950491457574,88156760.0,88156760.0,1.0,-0.20153546430238017
factual,466,94,1,Sichuan Province,0.43311840909075544,88156760.0,88156760.0,1.0,counterfactual,0.4548719337436694,88156760.0,88156760.0,1.0,-0.02175352465291397
factual,467,94,2,Sichuan Province,0.4599233711189337,88156760.0,88156760.0,1.0,counterfactual,-0.2373812604729433,88156760.0,88156760.0,1.0,0.697304631591877
factual,468,94,3,Sichuan Province,0.6733719628905668,88156760.0,88156760.0,1.0,counterfactual,0.08338868606518988,88156760.0,88156760.0,1.0,0.5899832768253769
factual,469,94,4,Sichuan Province,0.1432996284668452,88156760.0,88156760.0,1.0,counterfactual,-0.3114358099555986,88156760.0,88156760.0,1.0,0.4547354384224438
factual,470,94,5,Sichuan Province,0.14539316336114447,88156760.0,88156760.0,1.0,counterfactual,0.6144349501124878,88156760.0,88156760.0,1.0,-0.46904178675134334
factual,471,95,1,Sichuan Province,-0.36153025787702187,88156760.0,88156760.0,1.0,counterfactual,-0.10303738362691121,88156760.0,88156760.0,1.0,-0.25849287425011064
factual,472,95,2,Sichuan Province,-0.7781240686686516,88156760.0,88156760.0,1.0,counterfactual,1.0757922992459779,88156760.0,88156760.0,1.0,-1.8539163679146293
factual,473,95,3,Sichuan Province,-0.15301744833027076,88156760.0,88156760.0,1.0,counterfactual,-0.5365304185075914,88156760.0,88156760.0,1.0,0.38351297017732067
factual,474,95,4,Sichuan Province,-0.6092733130371706,88156760.0,88156760.0,1.0,counterfactual,0.4284683631469098,88156760.0,88156760.0,1.0,-1.0377416761840803
factual,475,95,5,Sichuan Province,-0.5503072973727714,88156760.0,88156760.0,1.0,counterfactual,1.0059130079823198,88156760.0,88156760.0,1.0,-1.5562203053550911
factual,476,96,1,Sichuan Province,0.18250130785517463,88156760.0,88156760.0,1.0,counterfactual,0.17638295365404616,88156760.0,88156760.0,1.0,0.0061183542011284675
factual,477,96,2,Sichuan Province,0.47689919126761965,88156760.0,88156760.0,1.0,counterfactual,-0.5923468277138374,88156760.0,88156760.0,1.0,1.069246018981457
factual,478,96,3,Sichuan Province,-1.1174097180582374,88156760.0,88156760.0,1.0,counterfactual,1.1176910701642184,88156760.0,88156760.0,1.0,-2.235100788222456
factual,479,96,4,Sichuan Province,-0.1255284600812494,88156760.0,88156760.0,1.0,counterfactual,-0.38487776148781794,88156760.0,88156760.0,1.0,0.25934930140656853
factual,480,96,5,Sichuan Province,0.9471847313121378,88156760.0,88156760.0,1.0,counterfactual,-0.48080879692528494,88156760.0,88156760.0,1.0,1.4279935282374228
factual,481,97,1,Sichuan Province,-0.14775700422476565,88156760.0,88156760.0,1.0,counterfactual,-0.08758301741304508,88156760.0,88156760.0,1.0,-0.060173986811720565
factual,482,97,2,Sichuan Province,0.040196849132462256,88156760.0,88156760.0,1.0,counterfactual,0.4315349917005756,88156760.0,88156760.0,1.0,-0.39133814256811333
factual,483,97,3,Sichuan Province,-0.6380362379200033,88156760.0,88156760.0,1.0,counterfactual,0.28856275484126437,88156760.0,88156760.0,1.0,-0.9265989927612677
factual,484,97,4,Sichuan Province,-0.23405684170412794,88156760.0,88156760.0,1.0,counterfactual,0.4150362242822112,88156760.0,88156760.0,1.0,-0.6490930659863392
factual,485,97,5,Sichuan Province,0.5762942812095883,88156760.0,88156760.0,1.0,counterfactual,-1.0693679787358936,88156760.0,88156760.0,1.0,1.6456622599454818
factual,486,98,1,Sichuan Province,-0.808469106378095,88156760.0,88156760.0,1.0,counterfactual,0.5989275386759257,88156760.0,88156760.0,1.0,-1.4073966450540207
factual,487,98,2,Sichuan Province,0.9712701245314501,88156760.0,88156760.0,1.0,counterfactual,-0.7360068776225401,88156760.0,88156760.0,1.0,1.7072770021539903
factual,488,98,3,Sichuan Province,0.6718944696565474,88156760.0,88156760.0,1.0,counterfactual,-0.0330420925664894,88156760.0,88156760.0,1.0,0.7049365622230368
factual,489,98,4,Sichuan Province,-0.16917858373113562,88156760.0,88156760.0,1.0,counterfactual,0.1496258014696822,88156760.0,88156760.0,1.0,-0.31880438520081783
factual,490,98,5,Sichuan Province,0.35798662662071806,88156760.0,88156760.0,1.0,counterfactual,0.008284895131230681,88156760.0,88156760.0,1.0,0.34970173148948736
factual,491,99,1,Sichuan Province,-1.055603545946129,88156760.0,88156760.0,1.0,counterfactual,0.4791575680690659,88156760.0,88156760.0,1.0,-1.5347611140151949
factual,492,99,2,Sichuan Province,-0.1520163833720203,88156760.0,88156760.0,1.0,counterfactual,0.36313016265990133,88156760.0,88156760.0,1.0,-0.5151465460319217
factual,493,99,3,Sichuan Province,-0.21879050128617508,88156760.0,88156760.0,1.0,counterfactual,0.5340776605162425,88156760.0,88156760.0,1.0,-0.7528681618024176
factual,494,99,4,Sichuan Province,0.056662073135127444,88156760.0,88156760.0,1.0,counterfactual,-0.36485907298259207,88156760.0,88156760.0,1.0,0.4215211461177195
factual,495,99,5,Sichuan Province,-0.36425537410056347,88156760.0,88156760.0,1.0,counterfactual,0.6255968022948176,88156760.0,88156760.0,1.0,-0.9898521763953811
factual,496,100,1,Sichuan Province,0.006146619588514838,88156760.0,88156760.0,1.0,counterfactual,1.2587816535655065,88156760.0,88156760.0,1.0,-1.2526350339769916
factual,497,100,2,Sichuan Province,-0.14445711514681303,88156760.0,88156760.0,1.0,counterfactual,0.5394180337517925,88156760.0,88156760.0,1.0,-0.6838751488986056
factual,498,100,3,Sichuan Province,0.43142850622924217,88156760.0,88156760.0,1.0,counterfactual,0.1321676013141284,88156760.0,88156760.0,1.0,0.29926090491511376
factual,499,100,4,Sichuan Province,-0.5924683825216104,88156760.0,88156760.0,1.0,counterfactual,-0.24845111025115574,88156760.0,88156760.0,1.0,-0.34401727227045464
factual,500,100,5,Sichuan Province,1.303105047079599,88156760.0,88156760.0,1.0,counterfactual,-0.05301738192247812,88156760.0,88156760.0,1.0,1.3561224290020772
factual,501,101,1,Sichuan Province,0.3769792537847007,88156760.0,88156760.0,1.0,counterfactual,0.6400798536269147,88156760.0,88156760.0,1.0,-0.26310059984221396
factual,502,101,2,Sichuan Province,-0.40339668310266025,88156760.0,88156760.0,1.0,counterfactual,0.2574218520976902,88156760.0,88156760.0,1.0,-0.6608185352003504
factual,503,101,3,Sichuan Province,0.23503839923484032,88156760.0,88156760.0,1.0,counterfactual,0.5543939053435955,88156760.0,88156760.0,1.0,-0.3193555061087551
factual,504,101,4,Sichuan Province,0.38424436732901146,88156760.0,88156760.0,1.0,counterfactual,1.2134532614698845,88156760.0,88156760.0,1.0,-0.8292088941408731
factual,505,101,5,Sichuan Province,0.46691939688842055,88156760.0,88156760.0,1.0,counterfactual,0.10804020943686089,88156760.0,88156760.0,1.0,0.35887918745155967
factual,506,102,1,Sichuan Province,0.18573307971460457,88156760.0,88156760.0,1.0,counterfactual,0.14671378687128858,88156760.0,88156760.0,1.0,0.039019292843315984
factual,507,102,2,Sichuan Province,0.25975099157940257,88156760.0,88156760.0,1.0,counterfactual,-0.0990132609833839,88156760.0,88156760.0,1.0,0.35876425256278643
factual,508,102,3,Sichuan Province,0.36104489634058506,88156760.0,88156760.0,1.0,counterfactual,0.47386395399187975,88156760.0,88156760.0,1.0,-0.11281905765129469
factual,509,102,4,Sichuan Province,-0.4487362830850564,88156760.0,88156760.0,1.0,counterfactual,-0.5914677425187989,88156760.0,88156760.0,1.0,0.14273145943374244
factual,510,102,5,Sichuan Province,0.14615375026806943,88156760.0,88156760.0,1.0,counterfactual,0.785241554723571,88156760.0,88156760.0,1.0,-0.6390878044555016
factual,511,103,1,Sichuan Province,-0.6684197353821204,88156760.0,88156760.0,1.0,counterfactual,0.6579976358743931,88156760.0,88156760.0,1.0,-1.3264173712565135
factual,512,103,2,Sichuan Province,-0.7479188140556101,88156760.0,88156760.0,1.0,counterfactual,-0.508704297294243,88156760.0,88156760.0,1.0,-0.23921451676136707
factual,513,103,3,Sichuan Province,0.697071810865373,88156760.0,88156760.0,1.0,counterfactual,0.1527166580285649,88156760.0,88156760.0,1.0,0.544355152836808
factual,514,103,4,Sichuan Province,0.376831089132232,88156760.0,88156760.0,1.0,counterfactual,0.11854028678335554,88156760.0,88156760.0,1.0,0.25829080234887647
factual,515,103,5,Sichuan Province,-0.7211488708535763,88156760.0,88156760.0,1.0,counterfactual,0.0016803382535364553,88156760.0,88156760.0,1.0,-0.7228292091071127
factual,516,104,1,Sichuan Province,0.1436154604419444,88156760.0,88156760.0,1.0,counterfactual,0.998609982094539,88156760.0,88156760.0,1.0,-0.8549945216525946
factual,517,104,2,Sichuan Province,-0.9397149632951586,88156760.0,88156760.0,1.0,counterfactual,1.0464141655220212,88156760.0,88156760.0,1.0,-1.9861291288171796
factual,518,104,3,Sichuan Province,-0.15510092425618088,88156760.0,88156760.0,1.0,counterfactual,1.1246466067244685,88156760.0,88156760.0,1.0,-1.2797475309806494
factual,519,104,4,Sichuan Province,-0.6985249034292882,88156760.0,88156760.0,1.0,counterfactual,0.3298807632818905,88156760.0,88156760.0,1.0,-1.0284056667111787
factual,520,104,5,Sichuan Province,0.3998400371427811,88156760.0,88156760.0,1.0,counterfactual,0.1751450786228619,88156760.0,88156760.0,1.0,0.2246949585199192
factual,521,105,1,Sichuan Province,-0.10643261166275401,88156760.0,88156760.0,1.0,counterfactual,-0.16898295976711855,88156760.0,88156760.0,1.0,0.06255034810436454
factual,522,105,2,Sichuan Province,-0.010150552461117646,88156760.0,88156760.0,1.0,counterfactual,0.4334992300889282,88156760.0,88156760.0,1.0,-0.44364978255004583
factual,523,105,3,Sichuan Province,-0.9281273744940614,88156760.0,88156760.0,1.0,counterfactual,0.5882709807216736,88156760.0,88156760.0,1.0,-1.516398355215735
factual,524,105,4,Sichuan Province,-0.4371046893717868,88156760.0,88156760.0,1.0,counterfactual,0.5433076252199243,88156760.0,88156760.0,1.0,-0.9804123145917111
factual,525,105,5,Sichuan Province,0.08779912529307471,88156760.0,88156760.0,1.0,counterfactual,0.5667634482600435,88156760.0,88156760.0,1.0,-0.47896432296696884
factual,1,1,1,Chongqing Municipality,0.1095501770914318,29344289.0,29344289.0,1.0,counterfactual,-0.23389030138138467,29344289.0,29344289.0,1.0,0.34344047847281645
factual,2,1,2,Chongqing Municipality,-0.24091230855775017,29344289.0,29344289.0,1.0,counterfactual,-1.1179187872490797,29344289.0,29344289.0,1.0,0.8770064786913295
factual,3,1,3,Chongqing Municipality,-0.17687484073360651,29344289.0,29344289.0,1.0,counterfactual,-0.2109713683535721,29344289.0,29344289.0,1.0,0.034096527619965594
factual,4,1,4,Chongqing Municipality,0.07144714990819515,29344289.0,29344289.0,1.0,counterfactual,0.17527341554398002,29344289.0,29344289.0,1.0,-0.10382626563578487
factual,5,1,5,Chongqing Municipality,-0.21414919153176434,29344289.0,29344289.0,1.0,counterfactual,-0.0646406781349097,29344289.0,29344289.0,1.0,-0.14950851339685464
factual,6,2,1,Chongqing Municipality,1.4142675397632698,29344289.0,29344289.0,1.0,counterfactual,-0.0048865878160288595,29344289.0,29344289.0,1.0,1.4191541275792987
factual,7,2,2,Chongqing Municipality,-0.14375117831092227,29344289.0,29344289.0,1.0,counterfactual,0.028118777758383968,29344289.0,29344289.0,1.0,-0.17186995606930625
factual,8,2,3,Chongqing Municipality,-0.3080911761979556,29344289.0,29344289.0,1.0,counterfactual,-0.1861762369537431,29344289.0,29344289.0,1.0,-0.12191493924421251
factual,9,2,4,Chongqing Municipality,-1.0719195542201587,29344289.0,29344289.0,1.0,counterfactual,-0.20069690885774724,29344289.0,29344289.0,1.0,-0.8712226453624115
factual,10,2,5,Chongqing Municipality,-0.32371838970320727,29344289.0,29344289.0,1.0,counterfactual,-0.17115655928365658,29344289.0,29344289.0,1.0,-0.15256183041955068
factual,11,3,1,Chongqing Municipality,-0.5359734965487123,29344289.0,29344289.0,1.0,counterfactual,-0.3563465657002018,29344289.0,29344289.0,1.0,-0.1796269308485105
factual,12,3,2,Chongqing Municipality,-0.8443261854375961,29344289.0,29344289.0,1.0,counterfactual,-0.04800986482219694,29344289.0,29344289.0,1.0,-0.7963163206153991
factual,13,3,3,Chongqing Municipality,1.0215833583730158,29344289.0,29344289.0,1.0,counterfactual,0.5136695163364541,29344289.0,29344289.0,1.0,0.5079138420365618
factual,14,3,4,Chongqing Municipality,-0.7279757911788999,29344289.0,29344289.0,1.0,counterfactual,-0.6988422450004971,29344289.0,29344289.0,1.0,-0.029133546178402803
factual,15,3,5,Chongqing Municipality,0.09373498833693682,29344289.0,29344289.0,1.0,counterfactual,-1.0429480310317565,29344289.0,29344289.0,1.0,1.1366830193686932
factual,16,4,1,Chongqing Municipality,-0.3455826200140305,29344289.0,29344289.0,1.0,counterfactual,-0.5606203215705472,29344289.0,29344289.0,1.0,0.2150377015565167
factual,17,4,2,Chongqing Municipality,0.6960795680938255,29344289.0,29344289.0,1.0,counterfactual,-0.6875147451629028,29344289.0,29344289.0,1.0,1.3835943132567283
factual,18,4,3,Chongqing Municipality,0.10734652967949297,29344289.0,29344289.0,1.0,counterfactual,-0.19175698084239579,29344289.0,29344289.0,1.0,0.29910351052188877
factual,19,4,4,Chongqing Municipality,-0.129549278962385,29344289.0,29344289.0,1.0,counterfactual,-0.46642748801815714,29344289.0,29344289.0,1.0,0.33687820905577215
factual,20,4,5,Chongqing Municipality,-0.7215598235471768,29344289.0,29344289.0,1.0,counterfactual,0.024369550919254107,29344289.0,29344289.0,1.0,-0.7459293744664309
factual,21,5,1,Chongqing Municipality,-0.581352457222506,29344289.0,29344289.0,1.0,counterfactual,-0.2574817510315997,29344289.0,29344289.0,1.0,-0.32387070619090624
factual,22,5,2,Chongqing Municipality,0.3688413191049172,29344289.0,29344289.0,1.0,counterfactual,0.682930347975842,29344289.0,29344289.0,1.0,-0.31408902887092477
factual,23,5,3,Chongqing Municipality,-0.13700157855003675,29344289.0,29344289.0,1.0,counterfactual,1.1260916205268325,29344289.0,29344289.0,1.0,-1.2630931990768692
factual,24,5,4,Chongqing Municipality,0.4817212533616925,29344289.0,29344289.0,1.0,counterfactual,-0.4302084653207409,29344289.0,29344289.0,1.0,0.9119297186824334
factual,25,5,5,Chongqing Municipality,0.17609133716086267,29344289.0,29344289.0,1.0,counterfactual,0.9050842752591092,29344289.0,29344289.0,1.0,-0.7289929380982465
factual,26,6,1,Chongqing Municipality,-0.5764043481516016,29344289.0,29344289.0,1.0,counterfactual,-0.1771137992171681,29344289.0,29344289.0,1.0,-0.3992905489344335
factual,27,6,2,Chongqing Municipality,-0.2857276498258436,29344289.0,29344289.0,1.0,counterfactual,0.1335349973014257,29344289.0,29344289.0,1.0,-0.4192626471272693
factual,28,6,3,Chongqing Municipality,-0.11241721126577758,29344289.0,29344289.0,1.0,counterfactual,0.03525211381432488,29344289.0,29344289.0,1.0,-0.14766932508010247
factual,29,6,4,Chongqing Municipality,-0.11140968274857967,29344289.0,29344289.0,1.0,counterfactual,-0.525762641025057,29344289.0,29344289.0,1.0,0.41435295827647733
factual,30,6,5,Chongqing Municipality,-0.17559128789776585,29344289.0,29344289.0,1.0,counterfactual,-0.353806072851515,29344289.0,29344289.0,1.0,0.17821478495374915
factual,31,7,1,Chongqing Municipality,-0.9935106069790932,29344289.0,29344289.0,1.0,counterfactual,0.11109092289084806,29344289.0,29344289.0,1.0,-1.1046015298699412
factual,32,7,2,Chongqing Municipality,0.7465133961056553,29344289.0,29344289.0,1.0,counterfactual,-0.04951507765283262,29344289.0,29344289.0,1.0,0.7960284737584878
factual,33,7,3,Chongqing Municipality,0.09772813528254573,29344289.0,29344289.0,1.0,counterfactual,0.2831146526887169,29344289.0,29344289.0,1.0,-0.18538651740617115
factual,34,7,4,Chongqing Municipality,0.5058100067706045,29344289.0,29344289.0,1.0,counterfactual,-0.4456348677763224,29344289.0,29344289.0,1.0,0.9514448745469268
factual,35,7,5,Chongqing Municipality,-0.28192619582770573,29344289.0,29344289.0,1.0,counterfactual,-0.2986732660524392,29344289.0,29344289.0,1.0,0.016747070224733485
factual,36,8,1,Chongqing Municipality,1.2136445934338183,29344289.0,29344289.0,1.0,counterfactual,-0.1272398016795981,29344289.0,29344289.0,1.0,1.3408843951134164
factual,37,8,2,Chongqing Municipality,-0.14041037189538702,29344289.0,29344289.0,1.0,counterfactual,0.0032081486852737896,29344289.0,29344289.0,1.0,-0.1436185205806608
factual,38,8,3,Chongqing Municipality,-1.3141346802488436,29344289.0,29344289.0,1.0,counterfactual,0.11975682629188408,29344289.0,29344289.0,1.0,-1.4338915065407276
factual,39,8,4,Chongqing Municipality,-0.8342717431397997,29344289.0,29344289.0,1.0,counterfactual,0.11603224151449905,29344289.0,29344289.0,1.0,-0.9503039846542988
factual,40,8,5,Chongqing Municipality,0.02027911329585101,29344289.0,29344289.0,1.0,counterfactual,-0.3125771512210558,29344289.0,29344289.0,1.0,0.3328562645169068
factual,41,9,1,Chongqing Municipality,-0.7887461867799512,29344289.0,29344289.0,1.0,counterfactual,-0.8489572462377128,29344289.0,29344289.0,1.0,0.06021105945776162
factual,42,9,2,Chongqing Municipality,-0.4516191417006162,29344289.0,29344289.0,1.0,counterfactual,-0.32326683206929635,29344289.0,29344289.0,1.0,-0.12835230963131983
factual,43,9,3,Chongqing Municipality,-0.3256234496318028,29344289.0,29344289.0,1.0,counterfactual,-0.1967549503493514,29344289.0,29344289.0,1.0,-0.1288684992824514
factual,44,9,4,Chongqing Municipality,-0.4738333262334759,29344289.0,29344289.0,1.0,counterfactual,0.33293352050813513,29344289.0,29344289.0,1.0,-0.806766846741611
factual,45,9,5,Chongqing Municipality,0.643857582750193,29344289.0,29344289.0,1.0,counterfactual,0.41623834386189645,29344289.0,29344289.0,1.0,0.22761923888829655
factual,46,10,1,Chongqing Municipality,-0.22876370091894402,29344289.0,29344289.0,1.0,counterfactual,0.020231884971932602,29344289.0,29344289.0,1.0,-0.24899558589087661
factual,47,10,2,Chongqing Municipality,0.2509970041818759,29344289.0,29344289.0,1.0,counterfactual,0.038565234487324816,29344289.0,29344289.0,1.0,0.2124317696945511
factual,48,10,3,Chongqing Municipality,-0.11546708719038994,29344289.0,29344289.0,1.0,counterfactual,0.6349606012824495,29344289.0,29344289.0,1.0,-0.7504276884728394
factual,49,10,4,Chongqing Municipality,0.14211540284092605,29344289.0,29344289.0,1.0,counterfactual,-1.330164941349638,29344289.0,29344289.0,1.0,1.472280344190564
factual,50,10,5,Chongqing Municipality,-0.0307773511083535,29344289.0,29344289.0,1.0,counterfactual,0.0807088857865229,29344289.0,29344289.0,1.0,-0.1114862368948764
factual,51,11,1,Chongqing Municipality,-0.03210355390572431,29344289.0,29344289.0,1.0,counterfactual,-0.008633516918575475,29344289.0,29344289.0,1.0,-0.023470036987148835
factual,52,11,2,Chongqing Municipality,-1.0696307685981916,29344289.0,29344289.0,1.0,counterfactual,0.07661473232696178,29344289.0,29344289.0,1.0,-1.1462455009251533
factual,53,11,3,Chongqing Municipality,0.010346671662331474,29344289.0,29344289.0,1.0,counterfactual,-0.04447097655846672,29344289.0,29344289.0,1.0,0.054817648220798196
factual,54,11,4,Chongqing Municipality,0.06263649333157316,29344289.0,29344289.0,1.0,counterfactual,-0.9304125438529058,29344289.0,29344289.0,1.0,0.993049037184479
factual,55,11,5,Chongqing Municipality,-0.348598638711337,29344289.0,29344289.0,1.0,counterfactual,0.7931380570667435,29344289.0,29344289.0,1.0,-1.1417366957780803
factual,56,12,1,Chongqing Municipality,-0.9055919967421567,29344289.0,29344289.0,1.0,counterfactual,-0.5333713937165255,29344289.0,29344289.0,1.0,-0.3722206030256312
factual,57,12,2,Chongqing Municipality,1.3885694887258304,29344289.0,29344289.0,1.0,counterfactual,-0.550372999431883,29344289.0,29344289.0,1.0,1.9389424881577133
factual,58,12,3,Chongqing Municipality,-1.2952829654783007,29344289.0,29344289.0,1.0,counterfactual,-0.5414106259519785,29344289.0,29344289.0,1.0,-0.7538723395263222
factual,59,12,4,Chongqing Municipality,-0.8389463714953175,29344289.0,29344289.0,1.0,counterfactual,-0.3962198410901117,29344289.0,29344289.0,1.0,-0.44272653040520576
factual,60,12,5,Chongqing Municipality,-0.017190711139889094,29344289.0,29344289.0,1.0,counterfactual,0.2054420200297268,29344289.0,29344289.0,1.0,-0.2226327311696159
factual,61,13,1,Chongqing Municipality,0.48418575197342917,29344289.0,29344289.0,1.0,counterfactual,0.5787918332524132,29344289.0,29344289.0,1.0,-0.09460608127898407
factual,62,13,2,Chongqing Municipality,-0.6135374831538614,29344289.0,29344289.0,1.0,counterfactual,-0.8889972004214802,29344289.0,29344289.0,1.0,0.27545971726761886
factual,63,13,3,Chongqing Municipality,-0.17673721722072433,29344289.0,29344289.0,1.0,counterfactual,0.16362666449051172,29344289.0,29344289.0,1.0,-0.34036388171123605
factual,64,13,4,Chongqing Municipality,-0.9361216399744801,29344289.0,29344289.0,1.0,counterfactual,-0.5700940280342519,29344289.0,29344289.0,1.0,-0.36602761194022815
factual,65,13,5,Chongqing Municipality,-0.15117586037190306,29344289.0,29344289.0,1.0,counterfactual,-0.5044911598657102,29344289.0,29344289.0,1.0,0.3533152994938072
factual,66,14,1,Chongqing Municipality,-0.5399123131220223,29344289.0,29344289.0,1.0,counterfactual,0.36669769242254635,29344289.0,29344289.0,1.0,-0.9066100055445686
factual,67,14,2,Chongqing Municipality,-1.093503261561442,29344289.0,29344289.0,1.0,counterfactual,-0.5082685538857755,29344289.0,29344289.0,1.0,-0.5852347076756664
factual,68,14,3,Chongqing Municipality,-0.7534529177221884,29344289.0,29344289.0,1.0,counterfactual,0.3181747077443878,29344289.0,29344289.0,1.0,-1.0716276254665762
factual,69,14,4,Chongqing Municipality,-0.5772964270996062,29344289.0,29344289.0,1.0,counterfactual,-0.3060729449893629,29344289.0,29344289.0,1.0,-0.2712234821102433
factual,70,14,5,Chongqing Municipality,-0.4481191849643557,29344289.0,29344289.0,1.0,counterfactual,0.29537306772344574,29344289.0,29344289.0,1.0,-0.7434922526878014
factual,71,15,1,Chongqing Municipality,0.317773366427337,29344289.0,29344289.0,1.0,counterfactual,-0.20116963015612224,29344289.0,29344289.0,1.0,0.5189429965834592
factual,72,15,2,Chongqing Municipality,-0.42632771724075263,29344289.0,29344289.0,1.0,counterfactual,0.8572587609200333,29344289.0,29344289.0,1.0,-1.283586478160786
factual,73,15,3,Chongqing Municipality,-0.5644178018649416,29344289.0,29344289.0,1.0,counterfactual,-0.05007839405425247,29344289.0,29344289.0,1.0,-0.5143394078106891
factual,74,15,4,Chongqing Municipality,0.2598078639308195,29344289.0,29344289.0,1.0,counterfactual,-0.5824637990289906,29344289.0,29344289.0,1.0,0.8422716629598102
factual,75,15,5,Chongqing Municipality,-0.3484641226416377,29344289.0,29344289.0,1.0,counterfactual,-0.3065428372878587,29344289.0,29344289.0,1.0,-0.04192128535377898
factual,76,16,1,Chongqing Municipality,0.1011293827118101,29344289.0,29344289.0,1.0,counterfactual,0.40449704342984866,29344289.0,29344289.0,1.0,-0.30336766071803856
factual,77,16,2,Chongqing Municipality,-0.10098519184742923,29344289.0,29344289.0,1.0,counterfactual,0.22015368338696387,29344289.0,29344289.0,1.0,-0.3211388752343931
factual,78,16,3,Chongqing Municipality,-0.0531928743695615,29344289.0,29344289.0,1.0,counterfactual,-0.33215137909297565,29344289.0,29344289.0,1.0,0.27895850472341416
factual,79,16,4,Chongqing Municipality,0.4193754643957538,29344289.0,29344289.0,1.0,counterfactual,-0.08620149672897322,29344289.0,29344289.0,1.0,0.505576961124727
factual,80,16,5,Chongqing Municipality,0.4589096374132056,29344289.0,29344289.0,1.0,counterfactual,0.8540910578299075,29344289.0,29344289.0,1.0,-0.39518142041670185
factual,81,17,1,Chongqing Municipality,-0.15669677831035245,29344289.0,29344289.0,1.0,counterfactual,-0.34490261144994433,29344289.0,29344289.0,1.0,0.18820583313959188
factual,82,17,2,Chongqing Municipality,-0.3850391440785803,29344289.0,29344289.0,1.0,counterfactual,-0.601291798577331,29344289.0,29344289.0,1.0,0.21625265449875064
factual,83,17,3,Chongqing Municipality,-0.5048262003323685,29344289.0,29344289.0,1.0,counterfactual,0.4518956633970408,29344289.0,29344289.0,1.0,-0.9567218637294093
factual,84,17,4,Chongqing Municipality,0.21342553358973518,29344289.0,29344289.0,1.0,counterfactual,-0.5414608450296619,29344289.0,29344289.0,1.0,0.754886378619397
factual,85,17,5,Chongqing Municipality,0.09135390669631083,29344289.0,29344289.0,1.0,counterfactual,-0.7327091650421407,29344289.0,29344289.0,1.0,0.8240630717384515
factual,86,18,1,Chongqing Municipality,0.3375291054425436,29344289.0,29344289.0,1.0,counterfactual,0.6430715704777191,29344289.0,29344289.0,1.0,-0.3055424650351755
factual,87,18,2,Chongqing Municipality,0.0393118774488163,29344289.0,29344289.0,1.0,counterfactual,-0.6439610374654188,29344289.0,29344289.0,1.0,0.683272914914235
factual,88,18,3,Chongqing Municipality,0.7204715560539082,29344289.0,29344289.0,1.0,counterfactual,0.4290686380857417,29344289.0,29344289.0,1.0,0.29140291796816653
factual,89,18,4,Chongqing Municipality,-1.417953075552861,29344289.0,29344289.0,1.0,counterfactual,-0.7540792478271934,29344289.0,29344289.0,1.0,-0.6638738277256677
factual,90,18,5,Chongqing Municipality,-0.4413750630699244,29344289.0,29344289.0,1.0,counterfactual,0.1304442268429049,29344289.0,29344289.0,1.0,-0.5718192899128294
factual,91,19,1,Chongqing Municipality,0.27079920195778945,29344289.0,29344289.0,1.0,counterfactual,-0.38807759076170684,29344289.0,29344289.0,1.0,0.6588767927194963
factual,92,19,2,Chongqing Municipality,0.06310200838485151,29344289.0,29344289.0,1.0,counterfactual,0.43757368486550124,29344289.0,29344289.0,1.0,-0.3744716764806497
factual,93,19,3,Chongqing Municipality,0.7008720108100633,29344289.0,29344289.0,1.0,counterfactual,0.32969216260767603,29344289.0,29344289.0,1.0,0.3711798482023873
factual,94,19,4,Chongqing Municipality,-0.43055211259510895,29344289.0,29344289.0,1.0,counterfactual,-0.27180534135578327,29344289.0,29344289.0,1.0,-0.15874677123932568
factual,95,19,5,Chongqing Municipality,-0.21080869738834712,29344289.0,29344289.0,1.0,counterfactual,-0.7243102786062829,29344289.0,29344289.0,1.0,0.5135015812179358
factual,96,20,1,Chongqing Municipality,-0.40548454488723595,29344289.0,29344289.0,1.0,counterfactual,0.25249343659465345,29344289.0,29344289.0,1.0,-0.6579779814818894
factual,97,20,2,Chongqing Municipality,-0.3567088616057127,29344289.0,29344289.0,1.0,counterfactual,-0.8366677076752607,29344289.0,29344289.0,1.0,0.479958846069548
factual,98,20,3,Chongqing Municipality,0.13829807574248326,29344289.0,29344289.0,1.0,counterfactual,0.6722597296433087,29344289.0,29344289.0,1.0,-0.5339616539008254
factual,99,20,4,Chongqing Municipality,0.16961777156190314,29344289.0,29344289.0,1.0,counterfactual,-1.1077510386438914,29344289.0,29344289.0,1.0,1.2773688102057945
factual,100,20,5,Chongqing Municipality,-0.01716547190673686,29344289.0,29344289.0,1.0,counterfactual,-0.20905290769298993,29344289.0,29344289.0,1.0,0.19188743578625306
factual,101,21,1,Chongqing Municipality,0.29487377753116967,29344289.0,29344289.0,1.0,counterfactual,-0.3910317328904293,29344289.0,29344289.0,1.0,0.685905510421599
factual,102,21,2,Chongqing Municipality,0.25441110148914,29344289.0,29344289.0,1.0,counterfactual,0.06280341074271607,29344289.0,29344289.0,1.0,0.19160769074642392
factual,103,21,3,Chongqing Municipality,0.13580218309398795,29344289.0,29344289.0,1.0,counterfactual,0.4391014274096668,29344289.0,29344289.0,1.0,-0.30329924431567884
factual,104,21,4,Chongqing Municipality,-0.5180607368043704,29344289.0,29344289.0,1.0,counterfactual,0.6137505365570259,29344289.0,29344289.0,1.0,-1.1318112733613963
factual,105,21,5,Chongqing Municipality,0.6173015779729782,29344289.0,29344289.0,1.0,counterfactual,0.09731284488732324,29344289.0,29344289.0,1.0,0.519988733085655
factual,106,22,1,Chongqing Municipality,0.48848861450930037,29344289.0,29344289.0,1.0,counterfactual,0.1291240933013477,29344289.0,29344289.0,1.0,0.3593645212079527
factual,107,22,2,Chongqing Municipality,0.2614892132453319,29344289.0,29344289.0,1.0,counterfactual,0.35443715449322144,29344289.0,29344289.0,1.0,-0.09294794124788952
factual,108,22,3,Chongqing Municipality,0.7417707808446373,29344289.0,29344289.0,1.0,counterfactual,-0.3141330141422597,29344289.0,29344289.0,1.0,1.055903794986897
factual,109,22,4,Chongqing Municipality,-0.7362037024066114,29344289.0,29344289.0,1.0,counterfactual,-0.4710024870105882,29344289.0,29344289.0,1.0,-0.26520121539602315
factual,110,22,5,Chongqing Municipality,1.2433837262649183,29344289.0,29344289.0,1.0,counterfactual,-0.22577966377218625,29344289.0,29344289.0,1.0,1.4691633900371046
factual,111,23,1,Chongqing Municipality,-0.6215517562926683,29344289.0,29344289.0,1.0,counterfactual,-0.5795307541016548,29344289.0,29344289.0,1.0,-0.04202100219101357
factual,112,23,2,Chongqing Municipality,0.7070257452215791,29344289.0,29344289.0,1.0,counterfactual,0.19877320677472443,29344289.0,29344289.0,1.0,0.5082525384468547
factual,113,23,3,Chongqing Municipality,-0.5058173924029095,29344289.0,29344289.0,1.0,counterfactual,-0.16532360396251983,29344289.0,29344289.0,1.0,-0.34049378844038963
factual,114,23,4,Chongqing Municipality,-0.6704926558715666,29344289.0,29344289.0,1.0,counterfactual,-0.4777955726335837,29344289.0,29344289.0,1.0,-0.1926970832379829
factual,115,23,5,Chongqing Municipality,-0.10853328545285902,29344289.0,29344289.0,1.0,counterfactual,-0.26947226783728695,29344289.0,29344289.0,1.0,0.16093898238442794
factual,116,24,1,Chongqing Municipality,-1.0812675449144413,29344289.0,29344289.0,1.0,counterfactual,0.14407746161446572,29344289.0,29344289.0,1.0,-1.225345006528907
factual,117,24,2,Chongqing Municipality,-0.85130909859759,29344289.0,29344289.0,1.0,counterfactual,0.1156951481960298,29344289.0,29344289.0,1.0,-0.9670042467936197
factual,118,24,3,Chongqing Municipality,-0.501743873828947,29344289.0,29344289.0,1.0,counterfactual,0.7289406781409291,29344289.0,29344289.0,1.0,-1.2306845519698761
factual,119,24,4,Chongqing Municipality,-0.5735529145390902,29344289.0,29344289.0,1.0,counterfactual,0.6743491628273276,29344289.0,29344289.0,1.0,-1.2479020773664178
factual,120,24,5,Chongqing Municipality,0.22297883898689477,29344289.0,29344289.0,1.0,counterfactual,-1.3097580080438918,29344289.0,29344289.0,1.0,1.5327368470307865
factual,121,25,1,Chongqing Municipality,0.2808946096158873,29344289.0,29344289.0,1.0,counterfactual,1.4891634843109647,29344289.0,29344289.0,1.0,-1.2082688746950774
factual,122,25,2,Chongqing Municipality,-0.8252120726548308,29344289.0,29344289.0,1.0,counterfactual,0.0670237357778743,29344289.0,29344289.0,1.0,-0.8922358084327051
factual,123,25,3,Chongqing Municipality,-1.167818011790179,29344289.0,29344289.0,1.0,counterfactual,-0.4046218924558673,29344289.0,29344289.0,1.0,-0.7631961193343118
factual,124,25,4,Chongqing Municipality,-0.706170533313056,29344289.0,29344289.0,1.0,counterfactual,-0.6998410254579036,29344289.0,29344289.0,1.0,-0.006329507855152405
factual,125,25,5,Chongqing Municipality,-0.3253280033208713,29344289.0,29344289.0,1.0,counterfactual,0.04853701160169731,29344289.0,29344289.0,1.0,-0.37386501492256863
factual,126,26,1,Chongqing Municipality,0.08560874726229668,29344289.0,29344289.0,1.0,counterfactual,-0.17071005609880216,29344289.0,29344289.0,1.0,0.25631880336109886
factual,127,26,2,Chongqing Municipality,-0.6530369661383277,29344289.0,29344289.0,1.0,counterfactual,-0.5021827554907038,29344289.0,29344289.0,1.0,-0.15085421064762394
factual,128,26,3,Chongqing Municipality,-0.2514165800798087,29344289.0,29344289.0,1.0,counterfactual,-0.7374561974442491,29344289.0,29344289.0,1.0,0.48603961736444035
factual,129,26,4,Chongqing Municipality,-0.5176562775945946,29344289.0,29344289.0,1.0,counterfactual,-0.329513415377091,29344289.0,29344289.0,1.0,-0.18814286221750365
factual,130,26,5,Chongqing Municipality,-0.36115720335643037,29344289.0,29344289.0,1.0,counterfactual,0.06826517560852803,29344289.0,29344289.0,1.0,-0.4294223789649584
factual,131,27,1,Chongqing Municipality,-0.05367666432247011,29344289.0,29344289.0,1.0,counterfactual,0.11719606438667399,29344289.0,29344289.0,1.0,-0.1708727287091441
factual,132,27,2,Chongqing Municipality,0.5970284233383346,29344289.0,29344289.0,1.0,counterfactual,0.618799502752432,29344289.0,29344289.0,1.0,-0.021771079414097394
factual,133,27,3,Chongqing Municipality,-0.2198364444566596,29344289.0,29344289.0,1.0,counterfactual,-0.2741193351500467,29344289.0,29344289.0,1.0,0.054282890693387126
factual,134,27,4,Chongqing Municipality,-0.06993366743238687,29344289.0,29344289.0,1.0,counterfactual,-0.5025738598277971,29344289.0,29344289.0,1.0,0.43264019239541024
factual,135,27,5,Chongqing Municipality,-1.229059975932726,29344289.0,29344289.0,1.0,counterfactual,0.13239611626973483,29344289.0,29344289.0,1.0,-1.361456092202461
factual,136,28,1,Chongqing Municipality,0.4982588810859568,29344289.0,29344289.0,1.0,counterfactual,-1.335693370280268,29344289.0,29344289.0,1.0,1.8339522513662248
factual,137,28,2,Chongqing Municipality,-0.21718467260017563,29344289.0,29344289.0,1.0,counterfactual,0.3627874695316261,29344289.0,29344289.0,1.0,-0.5799721421318017
factual,138,28,3,Chongqing Municipality,-0.3156735350585527,29344289.0,29344289.0,1.0,counterfactual,0.1949296187339632,29344289.0,29344289.0,1.0,-0.510603153792516
factual,139,28,4,Chongqing Municipality,0.8343426278995691,29344289.0,29344289.0,1.0,counterfactual,0.18823609309957984,29344289.0,29344289.0,1.0,0.6461065347999893
factual,140,28,5,Chongqing Municipality,0.22898810565862174,29344289.0,29344289.0,1.0,counterfactual,-0.43798294088226675,29344289.0,29344289.0,1.0,0.6669710465408885
factual,141,29,1,Chongqing Municipality,0.11460671791406432,29344289.0,29344289.0,1.0,counterfactual,-0.10695214416284454,29344289.0,29344289.0,1.0,0.22155886207690886
factual,142,29,2,Chongqing Municipality,-0.8903238320582081,29344289.0,29344289.0,1.0,counterfactual,0.5950104448278526,29344289.0,29344289.0,1.0,-1.4853342768860607
factual,143,29,3,Chongqing Municipality,-0.2328351904410404,29344289.0,29344289.0,1.0,counterfactual,-0.0008671285839941689,29344289.0,29344289.0,1.0,-0.23196806185704621
factual,144,29,4,Chongqing Municipality,0.10532209856089436,29344289.0,29344289.0,1.0,counterfactual,-0.5908933305028259,29344289.0,29344289.0,1.0,0.6962154290637202
factual,145,29,5,Chongqing Municipality,0.283683932883461,29344289.0,29344289.0,1.0,counterfactual,-0.5783543421978139,29344289.0,29344289.0,1.0,0.862038275081275
factual,146,30,1,Chongqing Municipality,1.480139548373982,29344289.0,29344289.0,1.0,counterfactual,-0.32621823481207046,29344289.0,29344289.0,1.0,1.8063577831860527
factual,147,30,2,Chongqing Municipality,0.28953148274995794,29344289.0,29344289.0,1.0,counterfactual,0.12978921089948406,29344289.0,29344289.0,1.0,0.15974227185047388
factual,148,30,3,Chongqing Municipality,-0.962536065217645,29344289.0,29344289.0,1.0,counterfactual,0.08130276156002209,29344289.0,29344289.0,1.0,-1.043838826777667
factual,149,30,4,Chongqing Municipality,0.4553170070535633,29344289.0,29344289.0,1.0,counterfactual,-0.6437169474776382,29344289.0,29344289.0,1.0,1.0990339545312016
factual,150,30,5,Chongqing Municipality,0.5816513584572071,29344289.0,29344289.0,1.0,counterfactual,1.327971171623341,29344289.0,29344289.0,1.0,-0.746319813166134
factual,151,31,1,Chongqing Municipality,-0.42019904557939,29344289.0,29344289.0,1.0,counterfactual,-0.5025245205708044,29344289.0,29344289.0,1.0,0.08232547499141446
factual,152,31,2,Chongqing Municipality,-0.34918059014818315,29344289.0,29344289.0,1.0,counterfactual,0.5240803985612752,29344289.0,29344289.0,1.0,-0.8732609887094583
factual,153,31,3,Chongqing Municipality,-0.1346279864111562,29344289.0,29344289.0,1.0,counterfactual,0.15195180338021091,29344289.0,29344289.0,1.0,-0.2865797897913671
factual,154,31,4,Chongqing Municipality,-0.8486766167486774,29344289.0,29344289.0,1.0,counterfactual,-0.8248707771136837,29344289.0,29344289.0,1.0,-0.02380583963499372
factual,155,31,5,Chongqing Municipality,1.919631814745893,29344289.0,29344289.0,1.0,counterfactual,0.45665997237954253,29344289.0,29344289.0,1.0,1.4629718423663505
factual,156,32,1,Chongqing Municipality,-0.29276635713768795,29344289.0,29344289.0,1.0,counterfactual,0.018185467680754033,29344289.0,29344289.0,1.0,-0.31095182481844197
factual,157,32,2,Chongqing Municipality,0.13006222518500793,29344289.0,29344289.0,1.0,counterfactual,-0.2347889428623922,29344289.0,29344289.0,1.0,0.36485116804740014
factual,158,32,3,Chongqing Municipality,0.3630204363159655,29344289.0,29344289.0,1.0,counterfactual,-0.618992110933297,29344289.0,29344289.0,1.0,0.9820125472492625
factual,159,32,4,Chongqing Municipality,0.22691783988287964,29344289.0,29344289.0,1.0,counterfactual,-0.046088619579057445,29344289.0,29344289.0,1.0,0.2730064594619371
factual,160,32,5,Chongqing Municipality,-0.27038136342644553,29344289.0,29344289.0,1.0,counterfactual,-1.1218938400052025,29344289.0,29344289.0,1.0,0.851512476578757
factual,161,33,1,Chongqing Municipality,-0.08415925174039773,29344289.0,29344289.0,1.0,counterfactual,-0.5575326007598163,29344289.0,29344289.0,1.0,0.4733733490194185
factual,162,33,2,Chongqing Municipality,0.2849663206239258,29344289.0,29344289.0,1.0,counterfactual,0.4444783086129108,29344289.0,29344289.0,1.0,-0.15951198798898503
factual,163,33,3,Chongqing Municipality,-0.7322882933644339,29344289.0,29344289.0,1.0,counterfactual,-0.753713356163513,29344289.0,29344289.0,1.0,0.021425062799079075
factual,164,33,4,Chongqing Municipality,0.06574098881868225,29344289.0,29344289.0,1.0,counterfactual,0.40199970357719667,29344289.0,29344289.0,1.0,-0.33625871475851443
factual,165,33,5,Chongqing Municipality,-0.4186559640572233,29344289.0,29344289.0,1.0,counterfactual,-0.4730022465385291,29344289.0,29344289.0,1.0,0.05434628248130585
factual,166,34,1,Chongqing Municipality,-0.5787601246807607,29344289.0,29344289.0,1.0,counterfactual,0.526899894371449,29344289.0,29344289.0,1.0,-1.1056600190522097
factual,167,34,2,Chongqing Municipality,-0.14429755299949706,29344289.0,29344289.0,1.0,counterfactual,0.6571308929294049,29344289.0,29344289.0,1.0,-0.801428445928902
factual,168,34,3,Chongqing Municipality,0.21649134468744013,29344289.0,29344289.0,1.0,counterfactual,0.8837433525320304,29344289.0,29344289.0,1.0,-0.6672520078445903
factual,169,34,4,Chongqing Municipality,-0.03659867668851456,29344289.0,29344289.0,1.0,counterfactual,-0.9421609304612429,29344289.0,29344289.0,1.0,0.9055622537727284
factual,170,34,5,Chongqing Municipality,0.8682747955466902,29344289.0,29344289.0,1.0,counterfactual,-1.153624004054691,29344289.0,29344289.0,1.0,2.0218987996013813
factual,171,35,1,Chongqing Municipality,0.543026360139383,29344289.0,29344289.0,1.0,counterfactual,-0.1114860910406548,29344289.0,29344289.0,1.0,0.6545124511800378
factual,172,35,2,Chongqing Municipality,-0.8000528657951339,29344289.0,29344289.0,1.0,counterfactual,0.7542129697021197,29344289.0,29344289.0,1.0,-1.5542658354972536
factual,173,35,3,Chongqing Municipality,0.2236231638182277,29344289.0,29344289.0,1.0,counterfactual,-0.2649296686389839,29344289.0,29344289.0,1.0,0.4885528324572116
factual,174,35,4,Chongqing Municipality,-0.851022955156644,29344289.0,29344289.0,1.0,counterfactual,0.1297259326231081,29344289.0,29344289.0,1.0,-0.9807488877797521
factual,175,35,5,Chongqing Municipality,-0.24311652398298916,29344289.0,29344289.0,1.0,counterfactual,-0.5017958575340379,29344289.0,29344289.0,1.0,0.2586793335510487
factual,176,36,1,Chongqing Municipality,-0.6689144975934538,29344289.0,29344289.0,1.0,counterfactual,1.821966190185124,29344289.0,29344289.0,1.0,-2.490880687778578
factual,177,36,2,Chongqing Municipality,1.103098961635067,29344289.0,29344289.0,1.0,counterfactual,0.1747158009932501,29344289.0,29344289.0,1.0,0.9283831606418169
factual,178,36,3,Chongqing Municipality,0.3430550975093461,29344289.0,29344289.0,1.0,counterfactual,-0.460495313593492,29344289.0,29344289.0,1.0,0.8035504111028381
factual,179,36,4,Chongqing Municipality,-0.2831506126289067,29344289.0,29344289.0,1.0,counterfactual,-0.3254578889383583,29344289.0,29344289.0,1.0,0.042307276309451636
factual,180,36,5,Chongqing Municipality,0.357401918352562,29344289.0,29344289.0,1.0,counterfactual,-0.8954609708377591,29344289.0,29344289.0,1.0,1.252862889190321
factual,181,37,1,Chongqing Municipality,-0.29014360234699227,29344289.0,29344289.0,1.0,counterfactual,-0.434254276769989,29344289.0,29344289.0,1.0,0.14411067442299674
factual,182,37,2,Chongqing Municipality,0.8863592607305918,29344289.0,29344289.0,1.0,counterfactual,0.07673335727862697,29344289.0,29344289.0,1.0,0.8096259034519648
factual,183,37,3,Chongqing Municipality,-0.008316926550896787,29344289.0,29344289.0,1.0,counterfactual,-0.4387284144499048,29344289.0,29344289.0,1.0,0.430411487899008
factual,184,37,4,Chongqing Municipality,0.6749317484590279,29344289.0,29344289.0,1.0,counterfactual,-1.0054737801572406,29344289.0,29344289.0,1.0,1.6804055286162685
factual,185,37,5,Chongqing Municipality,-1.0329643353769364,29344289.0,29344289.0,1.0,counterfactual,-0.049183020288240425,29344289.0,29344289.0,1.0,-0.983781315088696
factual,186,38,1,Chongqing Municipality,0.1719884620367396,29344289.0,29344289.0,1.0,counterfactual,0.645815343350211,29344289.0,29344289.0,1.0,-0.4738268813134714
factual,187,38,2,Chongqing Municipality,-0.2550227390872614,29344289.0,29344289.0,1.0,counterfactual,-0.8985904570155813,29344289.0,29344289.0,1.0,0.6435677179283199
factual,188,38,3,Chongqing Municipality,-0.090372225885351,29344289.0,29344289.0,1.0,counterfactual,0.04791016463084212,29344289.0,29344289.0,1.0,-0.13828239051619312
factual,189,38,4,Chongqing Municipality,-0.7744771228398991,29344289.0,29344289.0,1.0,counterfactual,-0.4059532185314402,29344289.0,29344289.0,1.0,-0.36852390430845894
factual,190,38,5,Chongqing Municipality,-0.5029104406342908,29344289.0,29344289.0,1.0,counterfactual,-0.4734402527822752,29344289.0,29344289.0,1.0,-0.029470187852015606
factual,191,39,1,Chongqing Municipality,0.15115086314747986,29344289.0,29344289.0,1.0,counterfactual,-0.6511333158671181,29344289.0,29344289.0,1.0,0.8022841790145979
factual,192,39,2,Chongqing Municipality,-0.11393023546851834,29344289.0,29344289.0,1.0,counterfactual,-0.29205129942007396,29344289.0,29344289.0,1.0,0.17812106395155564
factual,193,39,3,Chongqing Municipality,-0.1722501015736444,29344289.0,29344289.0,1.0,counterfactual,1.1120309166538591,29344289.0,29344289.0,1.0,-1.2842810182275035
factual,194,39,4,Chongqing Municipality,0.1585165802726782,29344289.0,29344289.0,1.0,counterfactual,-0.5377130919951214,29344289.0,29344289.0,1.0,0.6962296722677996
factual,195,39,5,Chongqing Municipality,-0.7759450495414786,29344289.0,29344289.0,1.0,counterfactual,0.3797247465861765,29344289.0,29344289.0,1.0,-1.155669796127655
factual,196,40,1,Chongqing Municipality,0.4441925602696583,29344289.0,29344289.0,1.0,counterfactual,0.5978890340682227,29344289.0,29344289.0,1.0,-0.15369647379856438
factual,197,40,2,Chongqing Municipality,0.38874043743947595,29344289.0,29344289.0,1.0,counterfactual,-1.2715882871683908,29344289.0,29344289.0,1.0,1.6603287246078668
factual,198,40,3,Chongqing Municipality,-0.3754254129309965,29344289.0,29344289.0,1.0,counterfactual,0.45690930877339414,29344289.0,29344289.0,1.0,-0.8323347217043906
factual,199,40,4,Chongqing Municipality,-0.32437407864136764,29344289.0,29344289.0,1.0,counterfactual,-0.7778157199021649,29344289.0,29344289.0,1.0,0.4534416412607973
factual,200,40,5,Chongqing Municipality,-0.8699213710563095,29344289.0,29344289.0,1.0,counterfactual,0.34677666762787035,29344289.0,29344289.0,1.0,-1.21669803868418
factual,201,41,1,Chongqing Municipality,-0.37475976094480085,29344289.0,29344289.0,1.0,counterfactual,-0.04941128547644699,29344289.0,29344289.0,1.0,-0.3253484754683539
factual,202,41,2,Chongqing Municipality,-0.829890103897139,29344289.0,29344289.0,1.0,counterfactual,-0.5138581998466515,29344289.0,29344289.0,1.0,-0.31603190405048753
factual,203,41,3,Chongqing Municipality,-1.153815207483196,29344289.0,29344289.0,1.0,counterfactual,0.8531791373297417,29344289.0,29344289.0,1.0,-2.006994344812938
factual,204,41,4,Chongqing Municipality,-1.130340234029934,29344289.0,29344289.0,1.0,counterfactual,-0.6845518166638548,29344289.0,29344289.0,1.0,-0.4457884173660792
factual,205,41,5,Chongqing Municipality,0.4327222504845397,29344289.0,29344289.0,1.0,counterfactual,0.9314392647896588,29344289.0,29344289.0,1.0,-0.49871701430511906
factual,206,42,1,Chongqing Municipality,-0.3862589104161379,29344289.0,29344289.0,1.0,counterfactual,-0.628719435535646,29344289.0,29344289.0,1.0,0.2424605251195081
factual,207,42,2,Chongqing Municipality,-0.24638541929539798,29344289.0,29344289.0,1.0,counterfactual,-0.5119748718731453,29344289.0,29344289.0,1.0,0.2655894525777473
factual,208,42,3,Chongqing Municipality,-0.8407392450880138,29344289.0,29344289.0,1.0,counterfactual,-0.08208409566819783,29344289.0,29344289.0,1.0,-0.7586551494198159
factual,209,42,4,Chongqing Municipality,0.1551756707673697,29344289.0,29344289.0,1.0,counterfactual,0.6718876068861319,29344289.0,29344289.0,1.0,-0.5167119361187622
factual,210,42,5,Chongqing Municipality,0.6318632237245047,29344289.0,29344289.0,1.0,counterfactual,-0.4398291604209334,29344289.0,29344289.0,1.0,1.071692384145438
factual,211,43,1,Chongqing Municipality,0.07060168760415297,29344289.0,29344289.0,1.0,counterfactual,0.6786064367524733,29344289.0,29344289.0,1.0,-0.6080047491483204
factual,212,43,2,Chongqing Municipality,-0.1997126074220059,29344289.0,29344289.0,1.0,counterfactual,1.5036306841907228,29344289.0,29344289.0,1.0,-1.7033432916127287
factual,213,43,3,Chongqing Municipality,0.6157953179015164,29344289.0,29344289.0,1.0,counterfactual,-0.3373911581150047,29344289.0,29344289.0,1.0,0.9531864760165212
factual,214,43,4,Chongqing Municipality,0.14202549568825246,29344289.0,29344289.0,1.0,counterfactual,0.26994390784499794,29344289.0,29344289.0,1.0,-0.1279184121567455
factual,215,43,5,Chongqing Municipality,0.04089058940407857,29344289.0,29344289.0,1.0,counterfactual,-0.7738534660900048,29344289.0,29344289.0,1.0,0.8147440554940834
factual,216,44,1,Chongqing Municipality,0.3903950079965807,29344289.0,29344289.0,1.0,counterfactual,0.36855146128672484,29344289.0,29344289.0,1.0,0.021843546709855888
factual,217,44,2,Chongqing Municipality,-0.0024375049765280516,29344289.0,29344289.0,1.0,counterfactual,1.0323193586882682,29344289.0,29344289.0,1.0,-1.0347568636647961
factual,218,44,3,Chongqing Municipality,0.1520519806473222,29344289.0,29344289.0,1.0,counterfactual,-1.0918048058517769,29344289.0,29344289.0,1.0,1.243856786499099
factual,219,44,4,Chongqing Municipality,-0.28819953447461366,29344289.0,29344289.0,1.0,counterfactual,-0.8284870546958415,29344289.0,29344289.0,1.0,0.5402875202212278
factual,220,44,5,Chongqing Municipality,0.32863867887449505,29344289.0,29344289.0,1.0,counterfactual,0.13011397627493468,29344289.0,29344289.0,1.0,0.19852470259956037
factual,221,45,1,Chongqing Municipality,0.5019642114363625,29344289.0,29344289.0,1.0,counterfactual,-0.7081687039593696,29344289.0,29344289.0,1.0,1.210132915395732
factual,222,45,2,Chongqing Municipality,-0.6173978220413338,29344289.0,29344289.0,1.0,counterfactual,-0.14098193548337778,29344289.0,29344289.0,1.0,-0.47641588655795597
factual,223,45,3,Chongqing Municipality,0.23082546996123857,29344289.0,29344289.0,1.0,counterfactual,0.35671895515382795,29344289.0,29344289.0,1.0,-0.1258934851925894
factual,224,45,4,Chongqing Municipality,0.14394335773881373,29344289.0,29344289.0,1.0,counterfactual,-0.35643212305263855,29344289.0,29344289.0,1.0,0.5003754807914522
factual,225,45,5,Chongqing Municipality,0.017846721806590395,29344289.0,29344289.0,1.0,counterfactual,0.13968758078482932,29344289.0,29344289.0,1.0,-0.12184085897823893
factual,226,46,1,Chongqing Municipality,-0.3370500399313349,29344289.0,29344289.0,1.0,counterfactual,-0.2011833976097604,29344289.0,29344289.0,1.0,-0.13586664232157453
factual,227,46,2,Chongqing Municipality,0.2754780656557577,29344289.0,29344289.0,1.0,counterfactual,0.48161761650304324,29344289.0,29344289.0,1.0,-0.20613955084728552
factual,228,46,3,Chongqing Municipality,0.20580045060040475,29344289.0,29344289.0,1.0,counterfactual,-0.06633533441219443,29344289.0,29344289.0,1.0,0.27213578501259916
factual,229,46,4,Chongqing Municipality,0.4022135346075061,29344289.0,29344289.0,1.0,counterfactual,0.21850571238902594,29344289.0,29344289.0,1.0,0.18370782221848014
factual,230,46,5,Chongqing Municipality,-0.5685723129127127,29344289.0,29344289.0,1.0,counterfactual,0.13480042808593015,29344289.0,29344289.0,1.0,-0.7033727409986429
factual,231,47,1,Chongqing Municipality,-0.02652434601242604,29344289.0,29344289.0,1.0,counterfactual,-0.5178535539688888,29344289.0,29344289.0,1.0,0.49132920795646273
factual,232,47,2,Chongqing Municipality,-1.4524797599175272,29344289.0,29344289.0,1.0,counterfactual,1.1145996078752174,29344289.0,29344289.0,1.0,-2.5670793677927444
factual,233,47,3,Chongqing Municipality,-0.7254183112650203,29344289.0,29344289.0,1.0,counterfactual,-0.19416335772471485,29344289.0,29344289.0,1.0,-0.5312549535403055
factual,234,47,4,Chongqing Municipality,0.08216915046972079,29344289.0,29344289.0,1.0,counterfactual,-0.47396278347609305,29344289.0,29344289.0,1.0,0.5561319339458138
factual,235,47,5,Chongqing Municipality,-0.9432368508764167,29344289.0,29344289.0,1.0,counterfactual,-0.25645014905463254,29344289.0,29344289.0,1.0,-0.6867867018217841
factual,236,48,1,Chongqing Municipality,0.22714612227925052,29344289.0,29344289.0,1.0,counterfactual,-0.11096141016149405,29344289.0,29344289.0,1.0,0.33810753244074454
factual,237,48,2,Chongqing Municipality,-0.9968881149096974,29344289.0,29344289.0,1.0,counterfactual,0.8460375557849795,29344289.0,29344289.0,1.0,-1.8429256706946768
factual,238,48,3,Chongqing Municipality,-0.1959126892407798,29344289.0,29344289.0,1.0,counterfactual,0.2711984439173762,29344289.0,29344289.0,1.0,-0.467111133158156
factual,239,48,4,Chongqing Municipality,0.36270614582758093,29344289.0,29344289.0,1.0,counterfactual,-0.9273096013376405,29344289.0,29344289.0,1.0,1.2900157471652214
factual,240,48,5,Chongqing Municipality,-0.05006710594477056,29344289.0,29344289.0,1.0,counterfactual,-0.7466064256922711,29344289.0,29344289.0,1.0,0.6965393197475005
factual,241,49,1,Chongqing Municipality,0.28889006386633537,29344289.0,29344289.0,1.0,counterfactual,-0.02227084508910974,29344289.0,29344289.0,1.0,0.3111609089554451
factual,242,49,2,Chongqing Municipality,-0.2738548545128884,29344289.0,29344289.0,1.0,counterfactual,-0.6514765551218898,29344289.0,29344289.0,1.0,0.37762170060900146
factual,243,49,3,Chongqing Municipality,-0.06225568833116361,29344289.0,29344289.0,1.0,counterfactual,0.030511064819733695,29344289.0,29344289.0,1.0,-0.0927667531508973
factual,244,49,4,Chongqing Municipality,-0.8394609779744208,29344289.0,29344289.0,1.0,counterfactual,0.1767453069801048,29344289.0,29344289.0,1.0,-1.0162062849545255
factual,245,49,5,Chongqing Municipality,0.08837037303335904,29344289.0,29344289.0,1.0,counterfactual,-0.5357293077262122,29344289.0,29344289.0,1.0,0.6240996807595712
factual,246,50,1,Chongqing Municipality,-0.47338716416197707,29344289.0,29344289.0,1.0,counterfactual,-0.4007500886840108,29344289.0,29344289.0,1.0,-0.07263707547796627
factual,247,50,2,Chongqing Municipality,0.8465917667569494,29344289.0,29344289.0,1.0,counterfactual,0.34726290323548953,29344289.0,29344289.0,1.0,0.49932886352145983
factual,248,50,3,Chongqing Municipality,0.06278730826126015,29344289.0,29344289.0,1.0,counterfactual,0.5058949978940853,29344289.0,29344289.0,1.0,-0.44310768963282515
factual,249,50,4,Chongqing Municipality,-0.24072745003537585,29344289.0,29344289.0,1.0,counterfactual,-0.054510903448733765,29344289.0,29344289.0,1.0,-0.18621654658664208
factual,250,50,5,Chongqing Municipality,0.11043700479152908,29344289.0,29344289.0,1.0,counterfactual,-0.4447006430823441,29344289.0,29344289.0,1.0,0.5551376478738732
factual,251,51,1,Chongqing Municipality,0.38175077627332943,29344289.0,29344289.0,1.0,counterfactual,0.02163184819005136,29344289.0,29344289.0,1.0,0.36011892808327806
factual,252,51,2,Chongqing Municipality,0.472440811767069,29344289.0,29344289.0,1.0,counterfactual,0.3925366415792485,29344289.0,29344289.0,1.0,0.07990417018782048
factual,253,51,3,Chongqing Municipality,0.3802885673308196,29344289.0,29344289.0,1.0,counterfactual,-0.7057319193593385,29344289.0,29344289.0,1.0,1.0860204866901582
factual,254,51,4,Chongqing Municipality,0.15651016016159144,29344289.0,29344289.0,1.0,counterfactual,-0.7120219738565343,29344289.0,29344289.0,1.0,0.8685321340181258
factual,255,51,5,Chongqing Municipality,0.4744459963874198,29344289.0,29344289.0,1.0,counterfactual,-0.19063406366624458,29344289.0,29344289.0,1.0,0.6650800600536644
factual,256,52,1,Chongqing Municipality,-0.38532769231364444,29344289.0,29344289.0,1.0,counterfactual,-0.012769032549476185,29344289.0,29344289.0,1.0,-0.37255865976416824
factual,257,52,2,Chongqing Municipality,0.004146397804102609,29344289.0,29344289.0,1.0,counterfactual,0.20333071511548842,29344289.0,29344289.0,1.0,-0.1991843173113858
factual,258,52,3,Chongqing Municipality,0.5823962807322305,29344289.0,29344289.0,1.0,counterfactual,0.3150101204002352,29344289.0,29344289.0,1.0,0.2673861603319953
factual,259,52,4,Chongqing Municipality,-0.4290929968967614,29344289.0,29344289.0,1.0,counterfactual,-0.6177392774790356,29344289.0,29344289.0,1.0,0.18864628058227417
factual,260,52,5,Chongqing Municipality,0.2815562001903049,29344289.0,29344289.0,1.0,counterfactual,0.5165042921093508,29344289.0,29344289.0,1.0,-0.23494809191904586
factual,261,53,1,Chongqing Municipality,0.056414596492116914,29344289.0,29344289.0,1.0,counterfactual,0.7035723281862568,29344289.0,29344289.0,1.0,-0.6471577316941399
factual,262,53,2,Chongqing Municipality,-0.14300368283100087,29344289.0,29344289.0,1.0,counterfactual,0.1986126932132186,29344289.0,29344289.0,1.0,-0.34161637604421946
factual,263,53,3,Chongqing Municipality,0.17230182993229592,29344289.0,29344289.0,1.0,counterfactual,0.7260088351427614,29344289.0,29344289.0,1.0,-0.5537070052104655
factual,264,53,4,Chongqing Municipality,-0.25231301993971583,29344289.0,29344289.0,1.0,counterfactual,1.1318701905204747,29344289.0,29344289.0,1.0,-1.3841832104601905
factual,265,53,5,Chongqing Municipality,-0.2081234632673714,29344289.0,29344289.0,1.0,counterfactual,0.2120469901619043,29344289.0,29344289.0,1.0,-0.4201704534292757
factual,266,54,1,Chongqing Municipality,-1.3803430165248842,29344289.0,29344289.0,1.0,counterfactual,0.2945479958799261,29344289.0,29344289.0,1.0,-1.6748910124048102
factual,267,54,2,Chongqing Municipality,-0.6911449048176567,29344289.0,29344289.0,1.0,counterfactual,-0.6482661758496437,29344289.0,29344289.0,1.0,-0.042878728968012925
factual,268,54,3,Chongqing Municipality,-0.6123722894420909,29344289.0,29344289.0,1.0,counterfactual,0.7781694003130706,29344289.0,29344289.0,1.0,-1.3905416897551615
factual,269,54,4,Chongqing Municipality,-0.6401294906210128,29344289.0,29344289.0,1.0,counterfactual,-0.3412450745987547,29344289.0,29344289.0,1.0,-0.29888441602225807
factual,270,54,5,Chongqing Municipality,-0.44504625103318746,29344289.0,29344289.0,1.0,counterfactual,0.3087889525188651,29344289.0,29344289.0,1.0,-0.7538352035520526
factual,271,55,1,Chongqing Municipality,-0.20461455758639993,29344289.0,29344289.0,1.0,counterfactual,0.49950771971900343,29344289.0,29344289.0,1.0,-0.7041222773054033
factual,272,55,2,Chongqing Municipality,-0.1483268695780218,29344289.0,29344289.0,1.0,counterfactual,0.4891954893690227,29344289.0,29344289.0,1.0,-0.6375223589470445
factual,273,55,3,Chongqing Municipality,0.20423399444435603,29344289.0,29344289.0,1.0,counterfactual,-0.6847698748347135,29344289.0,29344289.0,1.0,0.8890038692790696
factual,274,55,4,Chongqing Municipality,0.6541768045561908,29344289.0,29344289.0,1.0,counterfactual,1.0256226114790707,29344289.0,29344289.0,1.0,-0.37144580692288
factual,275,55,5,Chongqing Municipality,-0.25050258170778555,29344289.0,29344289.0,1.0,counterfactual,-0.7197745048107932,29344289.0,29344289.0,1.0,0.46927192310300764
factual,276,56,1,Chongqing Municipality,0.8037192931656257,29344289.0,29344289.0,1.0,counterfactual,-0.5714381254494496,29344289.0,29344289.0,1.0,1.3751574186150752
factual,277,56,2,Chongqing Municipality,0.27473760509957973,29344289.0,29344289.0,1.0,counterfactual,-0.9782797710637741,29344289.0,29344289.0,1.0,1.2530173761633538
factual,278,56,3,Chongqing Municipality,0.01718139776433876,29344289.0,29344289.0,1.0,counterfactual,0.8285090600118427,29344289.0,29344289.0,1.0,-0.8113276622475039
factual,279,56,4,Chongqing Municipality,-0.6313398360662776,29344289.0,29344289.0,1.0,counterfactual,-0.520005603130152,29344289.0,29344289.0,1.0,-0.11133423293612565
factual,280,56,5,Chongqing Municipality,-1.0751202229968555,29344289.0,29344289.0,1.0,counterfactual,0.039401813601534455,29344289.0,29344289.0,1.0,-1.1145220365983899
factual,281,57,1,Chongqing Municipality,-0.7229840637662268,29344289.0,29344289.0,1.0,counterfactual,-0.3582062626628738,29344289.0,29344289.0,1.0,-0.364777801103353
factual,282,57,2,Chongqing Municipality,0.7328851751142,29344289.0,29344289.0,1.0,counterfactual,0.07688105207235943,29344289.0,29344289.0,1.0,0.6560041230418406
factual,283,57,3,Chongqing Municipality,-0.16497489968356382,29344289.0,29344289.0,1.0,counterfactual,-0.4119871004897877,29344289.0,29344289.0,1.0,0.24701220080622388
factual,284,57,4,Chongqing Municipality,0.8010808575397845,29344289.0,29344289.0,1.0,counterfactual,-0.8077991979218164,29344289.0,29344289.0,1.0,1.608880055461601
factual,285,57,5,Chongqing Municipality,-0.1273894532951932,29344289.0,29344289.0,1.0,counterfactual,-0.1251470821271854,29344289.0,29344289.0,1.0,-0.002242371168007795
factual,286,58,1,Chongqing Municipality,0.9617570059977084,29344289.0,29344289.0,1.0,counterfactual,-0.1969583145687902,29344289.0,29344289.0,1.0,1.1587153205664986
factual,287,58,2,Chongqing Municipality,0.659166269214856,29344289.0,29344289.0,1.0,counterfactual,0.2352458731084728,29344289.0,29344289.0,1.0,0.4239203961063832
factual,288,58,3,Chongqing Municipality,-0.2333657061466501,29344289.0,29344289.0,1.0,counterfactual,-0.46545883723728876,29344289.0,29344289.0,1.0,0.23209313109063867
factual,289,58,4,Chongqing Municipality,-1.362380429451025,29344289.0,29344289.0,1.0,counterfactual,-0.04794030824964241,29344289.0,29344289.0,1.0,-1.3144401212013828
factual,290,58,5,Chongqing Municipality,0.6608742706548179,29344289.0,29344289.0,1.0,counterfactual,0.5097601318376109,29344289.0,29344289.0,1.0,0.15111413881720692
factual,291,59,1,Chongqing Municipality,0.4243657193795455,29344289.0,29344289.0,1.0,counterfactual,0.47417920425617427,29344289.0,29344289.0,1.0,-0.04981348487662879
factual,292,59,2,Chongqing Municipality,1.136696141164347,29344289.0,29344289.0,1.0,counterfactual,0.4245942543409017,29344289.0,29344289.0,1.0,0.7121018868234453
factual,293,59,3,Chongqing Municipality,0.34051597365572567,29344289.0,29344289.0,1.0,counterfactual,-0.8186629459123844,29344289.0,29344289.0,1.0,1.1591789195681101
factual,294,59,4,Chongqing Municipality,-0.46864350265405136,29344289.0,29344289.0,1.0,counterfactual,-0.14805903899203296,29344289.0,29344289.0,1.0,-0.3205844636620184
factual,295,59,5,Chongqing Municipality,0.14758165868306897,29344289.0,29344289.0,1.0,counterfactual,0.8718374232718469,29344289.0,29344289.0,1.0,-0.7242557645887779
factual,296,60,1,Chongqing Municipality,-0.1415082908508835,29344289.0,29344289.0,1.0,counterfactual,-0.2779899746345771,29344289.0,29344289.0,1.0,0.13648168378369357
factual,297,60,2,Chongqing Municipality,-0.0114031647500903,29344289.0,29344289.0,1.0,counterfactual,-0.12370224481475033,29344289.0,29344289.0,1.0,0.11229908006466002
factual,298,60,3,Chongqing Municipality,0.4159846233607729,29344289.0,29344289.0,1.0,counterfactual,0.5172017004287429,29344289.0,29344289.0,1.0,-0.10121707706797001
factual,299,60,4,Chongqing Municipality,0.8029356640798305,29344289.0,29344289.0,1.0,counterfactual,0.24655786311911987,29344289.0,29344289.0,1.0,0.5563778009607107
factual,300,60,5,Chongqing Municipality,-0.011329125735058756,29344289.0,29344289.0,1.0,counterfactual,0.5281739477829884,29344289.0,29344289.0,1.0,-0.5395030735180472
factual,301,61,1,Chongqing Municipality,0.4397845719668039,29344289.0,29344289.0,1.0,counterfactual,0.5767067730180566,29344289.0,29344289.0,1.0,-0.1369222010512527
factual,302,61,2,Chongqing Municipality,-0.7578395438565504,29344289.0,29344289.0,1.0,counterfactual,-0.19891617155899546,29344289.0,29344289.0,1.0,-0.558923372297555
factual,303,61,3,Chongqing Municipality,-0.017261381322520877,29344289.0,29344289.0,1.0,counterfactual,0.0778425721571604,29344289.0,29344289.0,1.0,-0.09510395347968127
factual,304,61,4,Chongqing Municipality,0.7597599508532208,29344289.0,29344289.0,1.0,counterfactual,0.06695562839346732,29344289.0,29344289.0,1.0,0.6928043224597534
factual,305,61,5,Chongqing Municipality,0.6468800109880938,29344289.0,29344289.0,1.0,counterfactual,-0.8549879285519113,29344289.0,29344289.0,1.0,1.5018679395400052
factual,306,62,1,Chongqing Municipality,-0.8711830774898509,29344289.0,29344289.0,1.0,counterfactual,-0.6573443509634594,29344289.0,29344289.0,1.0,-0.21383872652639146
factual,307,62,2,Chongqing Municipality,-0.24929256261163238,29344289.0,29344289.0,1.0,counterfactual,0.6318850072648271,29344289.0,29344289.0,1.0,-0.8811775698764595
factual,308,62,3,Chongqing Municipality,0.3958641782740368,29344289.0,29344289.0,1.0,counterfactual,-0.7015551153271644,29344289.0,29344289.0,1.0,1.0974192936012013
factual,309,62,4,Chongqing Municipality,0.8132536393221992,29344289.0,29344289.0,1.0,counterfactual,-0.28184850791793875,29344289.0,29344289.0,1.0,1.0951021472401379
factual,310,62,5,Chongqing Municipality,0.7853770613868588,29344289.0,29344289.0,1.0,counterfactual,-1.0797866960772309,29344289.0,29344289.0,1.0,1.8651637574640896
factual,311,63,1,Chongqing Municipality,-0.4215935298567678,29344289.0,29344289.0,1.0,counterfactual,-0.2524470227396285,29344289.0,29344289.0,1.0,-0.1691465071171393
factual,312,63,2,Chongqing Municipality,-0.12952693781293373,29344289.0,29344289.0,1.0,counterfactual,0.025996811175186055,29344289.0,29344289.0,1.0,-0.15552374898811977
factual,313,63,3,Chongqing Municipality,0.32362052529424334,29344289.0,29344289.0,1.0,counterfactual,-0.40813408794592,29344289.0,29344289.0,1.0,0.7317546132401633
factual,314,63,4,Chongqing Municipality,-0.06240557436546658,29344289.0,29344289.0,1.0,counterfactual,0.3088849787223243,29344289.0,29344289.0,1.0,-0.37129055308779085
factual,315,63,5,Chongqing Municipality,0.2152216487001279,29344289.0,29344289.0,1.0,counterfactual,-0.3069003487175766,29344289.0,29344289.0,1.0,0.5221219974177045
factual,316,64,1,Chongqing Municipality,-0.7711259936648066,29344289.0,29344289.0,1.0,counterfactual,0.5446129990670805,29344289.0,29344289.0,1.0,-1.315738992731887
factual,317,64,2,Chongqing Municipality,0.046869410083527845,29344289.0,29344289.0,1.0,counterfactual,-0.7768275628791925,29344289.0,29344289.0,1.0,0.8236969729627204
factual,318,64,3,Chongqing Municipality,0.793250913873286,29344289.0,29344289.0,1.0,counterfactual,-0.13626383410719148,29344289.0,29344289.0,1.0,0.9295147479804774
factual,319,64,4,Chongqing Municipality,-0.3454286515976232,29344289.0,29344289.0,1.0,counterfactual,-0.39270204078439236,29344289.0,29344289.0,1.0,0.047273389186769155
factual,320,64,5,Chongqing Municipality,-0.36727087814450704,29344289.0,29344289.0,1.0,counterfactual,-0.48477000724065694,29344289.0,29344289.0,1.0,0.1174991290961499
factual,321,65,1,Chongqing Municipality,-0.6665005223993372,29344289.0,29344289.0,1.0,counterfactual,-0.41274174397973135,29344289.0,29344289.0,1.0,-0.25375877841960587
factual,322,65,2,Chongqing Municipality,-0.26764094475109995,29344289.0,29344289.0,1.0,counterfactual,-0.5395250702746262,29344289.0,29344289.0,1.0,0.2718841255235262
factual,323,65,3,Chongqing Municipality,-0.5664015885751552,29344289.0,29344289.0,1.0,counterfactual,-0.08286314494861063,29344289.0,29344289.0,1.0,-0.4835384436265446
factual,324,65,4,Chongqing Municipality,-0.06719285922822563,29344289.0,29344289.0,1.0,counterfactual,-0.10262051435485008,29344289.0,29344289.0,1.0,0.03542765512662445
factual,325,65,5,Chongqing Municipality,0.2874084342243862,29344289.0,29344289.0,1.0,counterfactual,-0.5477907353511471,29344289.0,29344289.0,1.0,0.8351991695755333
factual,326,66,1,Chongqing Municipality,-0.3341759865218377,29344289.0,29344289.0,1.0,counterfactual,-0.39196017781526005,29344289.0,29344289.0,1.0,0.05778419129342233
factual,327,66,2,Chongqing Municipality,0.2031065456904801,29344289.0,29344289.0,1.0,counterfactual,0.8757639560475616,29344289.0,29344289.0,1.0,-0.6726574103570815
factual,328,66,3,Chongqing Municipality,-0.8125179313594437,29344289.0,29344289.0,1.0,counterfactual,-0.3060562041514278,29344289.0,29344289.0,1.0,-0.5064617272080159
factual,329,66,4,Chongqing Municipality,-0.3470132579003206,29344289.0,29344289.0,1.0,counterfactual,-0.8865078234580772,29344289.0,29344289.0,1.0,0.5394945655577565
factual,330,66,5,Chongqing Municipality,-0.0027533944229313034,29344289.0,29344289.0,1.0,counterfactual,-0.5793391080019011,29344289.0,29344289.0,1.0,0.5765857135789698
factual,331,67,1,Chongqing Municipality,0.2631562210254004,29344289.0,29344289.0,1.0,counterfactual,-0.2899267929612782,29344289.0,29344289.0,1.0,0.5530830139866787
factual,332,67,2,Chongqing Municipality,-0.7441131404780406,29344289.0,29344289.0,1.0,counterfactual,0.19727096772476524,29344289.0,29344289.0,1.0,-0.9413841082028058
factual,333,67,3,Chongqing Municipality,0.24450204110184492,29344289.0,29344289.0,1.0,counterfactual,-0.4101753136817116,29344289.0,29344289.0,1.0,0.6546773547835565
factual,334,67,4,Chongqing Municipality,-0.18332857192759253,29344289.0,29344289.0,1.0,counterfactual,-0.9880248308808846,29344289.0,29344289.0,1.0,0.804696258953292
factual,335,67,5,Chongqing Municipality,0.7694430690446977,29344289.0,29344289.0,1.0,counterfactual,-0.6171625447566131,29344289.0,29344289.0,1.0,1.386605613801311
factual,336,68,1,Chongqing Municipality,0.38887256348457916,29344289.0,29344289.0,1.0,counterfactual,-0.22181724181241155,29344289.0,29344289.0,1.0,0.6106898052969907
factual,337,68,2,Chongqing Municipality,-0.38302417708823444,29344289.0,29344289.0,1.0,counterfactual,-0.8544166453654158,29344289.0,29344289.0,1.0,0.4713924682771814
factual,338,68,3,Chongqing Municipality,0.5716052283206114,29344289.0,29344289.0,1.0,counterfactual,0.4024295039582663,29344289.0,29344289.0,1.0,0.16917572436234513
factual,339,68,4,Chongqing Municipality,0.46696176621402735,29344289.0,29344289.0,1.0,counterfactual,-0.5436887956064167,29344289.0,29344289.0,1.0,1.010650561820444
factual,340,68,5,Chongqing Municipality,-0.7635557190230932,29344289.0,29344289.0,1.0,counterfactual,-1.0314336484550417,29344289.0,29344289.0,1.0,0.26787792943194855
factual,341,69,1,Chongqing Municipality,0.6314054165105252,29344289.0,29344289.0,1.0,counterfactual,0.423391666012051,29344289.0,29344289.0,1.0,0.20801375049847415
factual,342,69,2,Chongqing Municipality,-0.19156706984790578,29344289.0,29344289.0,1.0,counterfactual,-0.5568688311123043,29344289.0,29344289.0,1.0,0.36530176126439856
factual,343,69,3,Chongqing Municipality,0.15329006248302304,29344289.0,29344289.0,1.0,counterfactual,-0.22352981465614793,29344289.0,29344289.0,1.0,0.376819877139171
factual,344,69,4,Chongqing Municipality,0.4331019746389557,29344289.0,29344289.0,1.0,counterfactual,-0.6877432135432013,29344289.0,29344289.0,1.0,1.120845188182157
factual,345,69,5,Chongqing Municipality,-0.13463250972390545,29344289.0,29344289.0,1.0,counterfactual,1.0406854488794353,29344289.0,29344289.0,1.0,-1.1753179586033407
factual,346,70,1,Chongqing Municipality,1.4675849874057458,29344289.0,29344289.0,1.0,counterfactual,1.431640624056729,29344289.0,29344289.0,1.0,0.03594436334901685
factual,347,70,2,Chongqing Municipality,-0.8136991377017414,29344289.0,29344289.0,1.0,counterfactual,0.9335882050255387,29344289.0,29344289.0,1.0,-1.7472873427272801
factual,348,70,3,Chongqing Municipality,-0.023225022412306204,29344289.0,29344289.0,1.0,counterfactual,0.09735986218163944,29344289.0,29344289.0,1.0,-0.12058488459394565
factual,349,70,4,Chongqing Municipality,-0.9974612107289174,29344289.0,29344289.0,1.0,counterfactual,-0.21142249637671381,29344289.0,29344289.0,1.0,-0.7860387143522035
factual,350,70,5,Chongqing Municipality,1.008009134813045,29344289.0,29344289.0,1.0,counterfactual,-0.20352947283451284,29344289.0,29344289.0,1.0,1.211538607647558
factual,351,71,1,Chongqing Municipality,-0.04712822732906511,29344289.0,29344289.0,1.0,counterfactual,0.5023095010536929,29344289.0,29344289.0,1.0,-0.549437728382758
factual,352,71,2,Chongqing Municipality,-0.27538634900402564,29344289.0,29344289.0,1.0,counterfactual,1.2408330994503851,29344289.0,29344289.0,1.0,-1.5162194484544107
factual,353,71,3,Chongqing Municipality,-0.5057055648828997,29344289.0,29344289.0,1.0,counterfactual,-0.1682666129890975,29344289.0,29344289.0,1.0,-0.33743895189380224
factual,354,71,4,Chongqing Municipality,-0.12864345416419828,29344289.0,29344289.0,1.0,counterfactual,0.25774774216264773,29344289.0,29344289.0,1.0,-0.38639119632684604
factual,355,71,5,Chongqing Municipality,0.5687261888478721,29344289.0,29344289.0,1.0,counterfactual,0.002169922239533867,29344289.0,29344289.0,1.0,0.5665562666083382
factual,356,72,1,Chongqing Municipality,-0.29773516693357477,29344289.0,29344289.0,1.0,counterfactual,-0.3321457593894365,29344289.0,29344289.0,1.0,0.034410592455861755
factual,357,72,2,Chongqing Municipality,-0.2482398102559252,29344289.0,29344289.0,1.0,counterfactual,-0.02805195416067642,29344289.0,29344289.0,1.0,-0.22018785609524877
factual,358,72,3,Chongqing Municipality,0.21525048811547687,29344289.0,29344289.0,1.0,counterfactual,-0.44298172792421736,29344289.0,29344289.0,1.0,0.6582322160396943
factual,359,72,4,Chongqing Municipality,-0.7978609523769689,29344289.0,29344289.0,1.0,counterfactual,-0.6035083194464576,29344289.0,29344289.0,1.0,-0.1943526329305113
factual,360,72,5,Chongqing Municipality,-0.6276454014015047,29344289.0,29344289.0,1.0,counterfactual,0.8136356224025936,29344289.0,29344289.0,1.0,-1.4412810238040983
factual,361,73,1,Chongqing Municipality,-0.5314562882294895,29344289.0,29344289.0,1.0,counterfactual,0.5357212027617069,29344289.0,29344289.0,1.0,-1.0671774909911964
factual,362,73,2,Chongqing Municipality,-0.6549300494667548,29344289.0,29344289.0,1.0,counterfactual,-0.62932240104773,29344289.0,29344289.0,1.0,-0.025607648419024853
factual,363,73,3,Chongqing Municipality,-0.09352609445619978,29344289.0,29344289.0,1.0,counterfactual,0.6489587595886656,29344289.0,29344289.0,1.0,-0.7424848540448653
factual,364,73,4,Chongqing Municipality,-0.13144256280842642,29344289.0,29344289.0,1.0,counterfactual,0.7353855285013869,29344289.0,29344289.0,1.0,-0.8668280913098134
factual,365,73,5,Chongqing Municipality,-0.3775527990109122,29344289.0,29344289.0,1.0,counterfactual,-0.17474388789609896,29344289.0,29344289.0,1.0,-0.20280891111481325
factual,366,74,1,Chongqing Municipality,-0.08021301718516761,29344289.0,29344289.0,1.0,counterfactual,0.5270535052712748,29344289.0,29344289.0,1.0,-0.6072665224564424
factual,367,74,2,Chongqing Municipality,-0.30766986339576896,29344289.0,29344289.0,1.0,counterfactual,1.0952310051311955,29344289.0,29344289.0,1.0,-1.4029008685269644
factual,368,74,3,Chongqing Municipality,-0.06727628533877543,29344289.0,29344289.0,1.0,counterfactual,0.032708087417716226,29344289.0,29344289.0,1.0,-0.09998437275649166
factual,369,74,4,Chongqing Municipality,-1.2535431071398904,29344289.0,29344289.0,1.0,counterfactual,0.9517225891663876,29344289.0,29344289.0,1.0,-2.2052656963062782
factual,370,74,5,Chongqing Municipality,-0.8798761540021485,29344289.0,29344289.0,1.0,counterfactual,-0.1325769582903735,29344289.0,29344289.0,1.0,-0.7472991957117749
factual,371,75,1,Chongqing Municipality,-0.4617739083716299,29344289.0,29344289.0,1.0,counterfactual,1.6506481143526437,29344289.0,29344289.0,1.0,-2.1124220227242736
factual,372,75,2,Chongqing Municipality,-0.6496260525289806,29344289.0,29344289.0,1.0,counterfactual,0.6019650743156467,29344289.0,29344289.0,1.0,-1.2515911268446274
factual,373,75,3,Chongqing Municipality,-0.7589916030163644,29344289.0,29344289.0,1.0,counterfactual,-0.5924250352071657,29344289.0,29344289.0,1.0,-0.16656656780919865
factual,374,75,4,Chongqing Municipality,-0.37000524244248995,29344289.0,29344289.0,1.0,counterfactual,-1.0518810718954377,29344289.0,29344289.0,1.0,0.6818758294529477
factual,375,75,5,Chongqing Municipality,-0.3796591947586861,29344289.0,29344289.0,1.0,counterfactual,-0.06175289096365627,29344289.0,29344289.0,1.0,-0.3179063037950298
factual,376,76,1,Chongqing Municipality,-0.29122725771896163,29344289.0,29344289.0,1.0,counterfactual,-1.236112733258233,29344289.0,29344289.0,1.0,0.9448854755392713
factual,377,76,2,Chongqing Municipality,0.21446912003980972,29344289.0,29344289.0,1.0,counterfactual,0.11252109266935616,29344289.0,29344289.0,1.0,0.10194802737045357
factual,378,76,3,Chongqing Municipality,-0.7966895918761995,29344289.0,29344289.0,1.0,counterfactual,-0.43717917714917126,29344289.0,29344289.0,1.0,-0.3595104147270282
factual,379,76,4,Chongqing Municipality,-0.14361122146690414,29344289.0,29344289.0,1.0,counterfactual,0.16685504190056835,29344289.0,29344289.0,1.0,-0.3104662633674725
factual,380,76,5,Chongqing Municipality,-0.5561203223858175,29344289.0,29344289.0,1.0,counterfactual,-0.129118131605315,29344289.0,29344289.0,1.0,-0.42700219078050256
factual,381,77,1,Chongqing Municipality,0.17610813912889253,29344289.0,29344289.0,1.0,counterfactual,0.1182400326223356,29344289.0,29344289.0,1.0,0.05786810650655694
factual,382,77,2,Chongqing Municipality,-0.9212648089129394,29344289.0,29344289.0,1.0,counterfactual,-0.2025180334031077,29344289.0,29344289.0,1.0,-0.7187467755098317
factual,383,77,3,Chongqing Municipality,0.18535854560747103,29344289.0,29344289.0,1.0,counterfactual,0.4499727435908623,29344289.0,29344289.0,1.0,-0.26461419798339125
factual,384,77,4,Chongqing Municipality,-0.22060968118349633,29344289.0,29344289.0,1.0,counterfactual,0.24899239229076722,29344289.0,29344289.0,1.0,-0.4696020734742635
factual,385,77,5,Chongqing Municipality,-0.20656025594151736,29344289.0,29344289.0,1.0,counterfactual,0.7461505293427302,29344289.0,29344289.0,1.0,-0.9527107852842476
factual,386,78,1,Chongqing Municipality,-0.29856430969246534,29344289.0,29344289.0,1.0,counterfactual,-0.2884032198912016,29344289.0,29344289.0,1.0,-0.010161089801263734
factual,387,78,2,Chongqing Municipality,0.11000503028492883,29344289.0,29344289.0,1.0,counterfactual,-0.027047253889598628,29344289.0,29344289.0,1.0,0.13705228417452747
factual,388,78,3,Chongqing Municipality,-0.35188909994834816,29344289.0,29344289.0,1.0,counterfactual,0.04453314106626115,29344289.0,29344289.0,1.0,-0.3964222410146093
factual,389,78,4,Chongqing Municipality,-0.18232417364850295,29344289.0,29344289.0,1.0,counterfactual,0.23746140345314226,29344289.0,29344289.0,1.0,-0.4197855771016452
factual,390,78,5,Chongqing Municipality,-0.14156843059137367,29344289.0,29344289.0,1.0,counterfactual,-0.17960625593227234,29344289.0,29344289.0,1.0,0.03803782534089867
factual,391,79,1,Chongqing Municipality,1.0840147585662456,29344289.0,29344289.0,1.0,counterfactual,1.4972248749465917,29344289.0,29344289.0,1.0,-0.4132101163803461
factual,392,79,2,Chongqing Municipality,-1.6079062564014868,29344289.0,29344289.0,1.0,counterfactual,-0.4748917201670598,29344289.0,29344289.0,1.0,-1.1330145362344268
factual,393,79,3,Chongqing Municipality,0.1287737675953059,29344289.0,29344289.0,1.0,counterfactual,-0.3175740669373337,29344289.0,29344289.0,1.0,0.4463478345326396
factual,394,79,4,Chongqing Municipality,0.4670346259657394,29344289.0,29344289.0,1.0,counterfactual,0.05846156309940035,29344289.0,29344289.0,1.0,0.40857306286633904
factual,395,79,5,Chongqing Municipality,-0.10235618788828216,29344289.0,29344289.0,1.0,counterfactual,0.5204021488659706,29344289.0,29344289.0,1.0,-0.6227583367542527
factual,396,80,1,Chongqing Municipality,-0.10644849321197955,29344289.0,29344289.0,1.0,counterfactual,-0.3202674174748304,29344289.0,29344289.0,1.0,0.21381892426285085
factual,397,80,2,Chongqing Municipality,-0.18263883806810136,29344289.0,29344289.0,1.0,counterfactual,-0.5795210476116972,29344289.0,29344289.0,1.0,0.3968822095435959
factual,398,80,3,Chongqing Municipality,0.07509614834826711,29344289.0,29344289.0,1.0,counterfactual,-0.19189202379462314,29344289.0,29344289.0,1.0,0.2669881721428903
factual,399,80,4,Chongqing Municipality,-0.5428112696027902,29344289.0,29344289.0,1.0,counterfactual,-0.3211415174703197,29344289.0,29344289.0,1.0,-0.22166975213247053
factual,400,80,5,Chongqing Municipality,-0.3382947785188835,29344289.0,29344289.0,1.0,counterfactual,-0.5678872902190563,29344289.0,29344289.0,1.0,0.22959251170017275
factual,401,81,1,Chongqing Municipality,-1.3767326130390265,29344289.0,29344289.0,1.0,counterfactual,0.19837592233929366,29344289.0,29344289.0,1.0,-1.57510853537832
factual,402,81,2,Chongqing Municipality,1.3310902553265103,29344289.0,29344289.0,1.0,counterfactual,0.47041280159264104,29344289.0,29344289.0,1.0,0.8606774537338693
factual,403,81,3,Chongqing Municipality,0.9881052555947615,29344289.0,29344289.0,1.0,counterfactual,-0.1265528630011698,29344289.0,29344289.0,1.0,1.1146581185959312
factual,404,81,4,Chongqing Municipality,-1.046612503664317,29344289.0,29344289.0,1.0,counterfactual,0.10137976588203423,29344289.0,29344289.0,1.0,-1.1479922695463514
factual,405,81,5,Chongqing Municipality,1.0372054010061962,29344289.0,29344289.0,1.0,counterfactual,0.18270046052568945,29344289.0,29344289.0,1.0,0.8545049404805067
factual,406,82,1,Chongqing Municipality,0.005579647826932724,29344289.0,29344289.0,1.0,counterfactual,-0.8629748839927706,29344289.0,29344289.0,1.0,0.8685545318197033
factual,407,82,2,Chongqing Municipality,-0.791777651567749,29344289.0,29344289.0,1.0,counterfactual,-0.09440642077011194,29344289.0,29344289.0,1.0,-0.6973712307976371
factual,408,82,3,Chongqing Municipality,-1.1492240375853848,29344289.0,29344289.0,1.0,counterfactual,-0.6525212918382046,29344289.0,29344289.0,1.0,-0.4967027457471802
factual,409,82,4,Chongqing Municipality,0.02209505927006696,29344289.0,29344289.0,1.0,counterfactual,-0.0239911641805941,29344289.0,29344289.0,1.0,0.04608622345066106
factual,410,82,5,Chongqing Municipality,-0.8810517870915733,29344289.0,29344289.0,1.0,counterfactual,0.04855320393656558,29344289.0,29344289.0,1.0,-0.9296049910281389
factual,411,83,1,Chongqing Municipality,0.562927208872492,29344289.0,29344289.0,1.0,counterfactual,-0.6351842459883931,29344289.0,29344289.0,1.0,1.198111454860885
factual,412,83,2,Chongqing Municipality,-0.7163022618196995,29344289.0,29344289.0,1.0,counterfactual,0.7285536914605172,29344289.0,29344289.0,1.0,-1.4448559532802165
factual,413,83,3,Chongqing Municipality,-1.1941806466282916,29344289.0,29344289.0,1.0,counterfactual,0.017877143316162032,29344289.0,29344289.0,1.0,-1.2120577899444536
factual,414,83,4,Chongqing Municipality,0.20747421219371615,29344289.0,29344289.0,1.0,counterfactual,-0.4146428699528679,29344289.0,29344289.0,1.0,0.622117082146584
factual,415,83,5,Chongqing Municipality,-0.789480347448309,29344289.0,29344289.0,1.0,counterfactual,-0.16892535620148252,29344289.0,29344289.0,1.0,-0.6205549912468264
factual,416,84,1,Chongqing Municipality,-0.49064730845195914,29344289.0,29344289.0,1.0,counterfactual,1.7768505408151514,29344289.0,29344289.0,1.0,-2.2674978492671105
factual,417,84,2,Chongqing Municipality,0.3992258903195504,29344289.0,29344289.0,1.0,counterfactual,-0.9841446816252347,29344289.0,29344289.0,1.0,1.383370571944785
factual,418,84,3,Chongqing Municipality,-0.08017365720070782,29344289.0,29344289.0,1.0,counterfactual,-0.17794245988494709,29344289.0,29344289.0,1.0,0.09776880268423926
factual,419,84,4,Chongqing Municipality,-0.353404102147788,29344289.0,29344289.0,1.0,counterfactual,0.028678165603417988,29344289.0,29344289.0,1.0,-0.382082267751206
factual,420,84,5,Chongqing Municipality,-0.13597446102669802,29344289.0,29344289.0,1.0,counterfactual,-1.1936936804091824,29344289.0,29344289.0,1.0,1.0577192193824845
factual,421,85,1,Chongqing Municipality,0.5464143855071898,29344289.0,29344289.0,1.0,counterfactual,0.5615864939012328,29344289.0,29344289.0,1.0,-0.015172108394043038
factual,422,85,2,Chongqing Municipality,0.6643894880800876,29344289.0,29344289.0,1.0,counterfactual,-0.8321846481960976,29344289.0,29344289.0,1.0,1.4965741362761853
factual,423,85,3,Chongqing Municipality,-0.10806574472814996,29344289.0,29344289.0,1.0,counterfactual,0.47275579089567904,29344289.0,29344289.0,1.0,-0.580821535623829
factual,424,85,4,Chongqing Municipality,0.8463709057337164,29344289.0,29344289.0,1.0,counterfactual,0.19525613235755676,29344289.0,29344289.0,1.0,0.6511147733761596
factual,425,85,5,Chongqing Municipality,-0.820857930128022,29344289.0,29344289.0,1.0,counterfactual,0.4667563257335645,29344289.0,29344289.0,1.0,-1.2876142558615866
factual,426,86,1,Chongqing Municipality,-0.11796797351964729,29344289.0,29344289.0,1.0,counterfactual,1.1475146201475763,29344289.0,29344289.0,1.0,-1.2654825936672236
factual,427,86,2,Chongqing Municipality,0.5927357350374601,29344289.0,29344289.0,1.0,counterfactual,-0.2565734489229609,29344289.0,29344289.0,1.0,0.849309183960421
factual,428,86,3,Chongqing Municipality,-0.6498748111107305,29344289.0,29344289.0,1.0,counterfactual,0.5817975197969479,29344289.0,29344289.0,1.0,-1.2316723309076785
factual,429,86,4,Chongqing Municipality,-0.9622140282567923,29344289.0,29344289.0,1.0,counterfactual,0.6568220839767523,29344289.0,29344289.0,1.0,-1.6190361122335446
factual,430,86,5,Chongqing Municipality,0.23223669213950693,29344289.0,29344289.0,1.0,counterfactual,0.5458734101423897,29344289.0,29344289.0,1.0,-0.31363671800288273
factual,431,87,1,Chongqing Municipality,-0.5224225163451487,29344289.0,29344289.0,1.0,counterfactual,-0.11972893868520346,29344289.0,29344289.0,1.0,-0.40269357765994523
factual,432,87,2,Chongqing Municipality,0.8725175312475508,29344289.0,29344289.0,1.0,counterfactual,-1.1159605182896213,29344289.0,29344289.0,1.0,1.988478049537172
factual,433,87,3,Chongqing Municipality,-1.0560571046290748,29344289.0,29344289.0,1.0,counterfactual,-0.04669527902861801,29344289.0,29344289.0,1.0,-1.0093618256004568
factual,434,87,4,Chongqing Municipality,0.22110618569865748,29344289.0,29344289.0,1.0,counterfactual,-0.7897323444599819,29344289.0,29344289.0,1.0,1.0108385301586393
factual,435,87,5,Chongqing Municipality,-0.021700501410899103,29344289.0,29344289.0,1.0,counterfactual,0.32251692142004296,29344289.0,29344289.0,1.0,-0.34421742283094203
factual,436,88,1,Chongqing Municipality,-1.0494224659249685,29344289.0,29344289.0,1.0,counterfactual,-0.23465592329286739,29344289.0,29344289.0,1.0,-0.8147665426321011
factual,437,88,2,Chongqing Municipality,0.7792258935162849,29344289.0,29344289.0,1.0,counterfactual,-0.2984138378196019,29344289.0,29344289.0,1.0,1.0776397313358868
factual,438,88,3,Chongqing Municipality,-0.5237324854505321,29344289.0,29344289.0,1.0,counterfactual,-0.0462412585794777,29344289.0,29344289.0,1.0,-0.4774912268710544
factual,439,88,4,Chongqing Municipality,-1.1989461339409397,29344289.0,29344289.0,1.0,counterfactual,-0.005009469746819224,29344289.0,29344289.0,1.0,-1.1939366641941205
factual,440,88,5,Chongqing Municipality,0.3484891850195755,29344289.0,29344289.0,1.0,counterfactual,-0.706866896795977,29344289.0,29344289.0,1.0,1.0553560818155525
factual,441,89,1,Chongqing Municipality,-0.0701009048897195,29344289.0,29344289.0,1.0,counterfactual,0.32603219912426196,29344289.0,29344289.0,1.0,-0.39613310401398144
factual,442,89,2,Chongqing Municipality,-0.3086713249666328,29344289.0,29344289.0,1.0,counterfactual,-0.3635126695554576,29344289.0,29344289.0,1.0,0.05484134458882478
factual,443,89,3,Chongqing Municipality,-0.49999524565391756,29344289.0,29344289.0,1.0,counterfactual,0.06523052642408027,29344289.0,29344289.0,1.0,-0.5652257720779978
factual,444,89,4,Chongqing Municipality,0.3093692680727505,29344289.0,29344289.0,1.0,counterfactual,-0.6206016804235427,29344289.0,29344289.0,1.0,0.9299709484962932
factual,445,89,5,Chongqing Municipality,-0.44223333769462636,29344289.0,29344289.0,1.0,counterfactual,-0.08633962686534001,29344289.0,29344289.0,1.0,-0.35589371082928634
factual,446,90,1,Chongqing Municipality,0.15070312011610273,29344289.0,29344289.0,1.0,counterfactual,0.5101576102440607,29344289.0,29344289.0,1.0,-0.35945449012795794
factual,447,90,2,Chongqing Municipality,0.4363288754741313,29344289.0,29344289.0,1.0,counterfactual,0.18448598731060006,29344289.0,29344289.0,1.0,0.25184288816353123
factual,448,90,3,Chongqing Municipality,-0.6024466522192878,29344289.0,29344289.0,1.0,counterfactual,-0.2974268699215698,29344289.0,29344289.0,1.0,-0.30501978229771803
factual,449,90,4,Chongqing Municipality,-0.26460954185746655,29344289.0,29344289.0,1.0,counterfactual,0.21160582640523298,29344289.0,29344289.0,1.0,-0.4762153682626995
factual,450,90,5,Chongqing Municipality,-0.6819022588561063,29344289.0,29344289.0,1.0,counterfactual,-1.0530178078002859,29344289.0,29344289.0,1.0,0.37111554894417953
factual,451,91,1,Chongqing Municipality,-0.35783031730485915,29344289.0,29344289.0,1.0,counterfactual,-0.8555018139078401,29344289.0,29344289.0,1.0,0.49767149660298093
factual,452,91,2,Chongqing Municipality,0.07188238150678652,29344289.0,29344289.0,1.0,counterfactual,-0.3892004197807244,29344289.0,29344289.0,1.0,0.4610828012875109
factual,453,91,3,Chongqing Municipality,0.05559693030894831,29344289.0,29344289.0,1.0,counterfactual,1.0220918778660413,29344289.0,29344289.0,1.0,-0.966494947557093
factual,454,91,4,Chongqing Municipality,-0.02084228411943588,29344289.0,29344289.0,1.0,counterfactual,-0.9128065316093061,29344289.0,29344289.0,1.0,0.8919642474898702
factual,455,91,5,Chongqing Municipality,0.01025331776587076,29344289.0,29344289.0,1.0,counterfactual,0.4326163546058155,29344289.0,29344289.0,1.0,-0.42236303683994475
factual,456,92,1,Chongqing Municipality,0.3740083127726004,29344289.0,29344289.0,1.0,counterfactual,0.3587852303839901,29344289.0,29344289.0,1.0,0.01522308238861031
factual,457,92,2,Chongqing Municipality,-0.8531356025892038,29344289.0,29344289.0,1.0,counterfactual,0.2746851758128002,29344289.0,29344289.0,1.0,-1.127820778402004
factual,458,92,3,Chongqing Municipality,0.7116950825306453,29344289.0,29344289.0,1.0,counterfactual,-0.2012466294889458,29344289.0,29344289.0,1.0,0.9129417120195911
factual,459,92,4,Chongqing Municipality,0.07470126442164794,29344289.0,29344289.0,1.0,counterfactual,0.9712351400211487,29344289.0,29344289.0,1.0,-0.8965338755995008
factual,460,92,5,Chongqing Municipality,-0.1613420120264159,29344289.0,29344289.0,1.0,counterfactual,-1.1923141920735203,29344289.0,29344289.0,1.0,1.0309721800471043
factual,461,93,1,Chongqing Municipality,-0.6647541951178136,29344289.0,29344289.0,1.0,counterfactual,-0.0752741162150007,29344289.0,29344289.0,1.0,-0.589480078902813
factual,462,93,2,Chongqing Municipality,-0.5701006878830377,29344289.0,29344289.0,1.0,counterfactual,-0.564740409777836,29344289.0,29344289.0,1.0,-0.005360278105201677
factual,463,93,3,Chongqing Municipality,0.3471077036442355,29344289.0,29344289.0,1.0,counterfactual,0.3534653516832493,29344289.0,29344289.0,1.0,-0.006357648039013786
factual,464,93,4,Chongqing Municipality,-0.8922227568997725,29344289.0,29344289.0,1.0,counterfactual,-0.27092391868482346,29344289.0,29344289.0,1.0,-0.621298838214949
factual,465,93,5,Chongqing Municipality,-0.4596189094942719,29344289.0,29344289.0,1.0,counterfactual,0.1112178326505156,29344289.0,29344289.0,1.0,-0.5708367421447875
factual,466,94,1,Chongqing Municipality,0.6860141309393253,29344289.0,29344289.0,1.0,counterfactual,0.11620041608132216,29344289.0,29344289.0,1.0,0.5698137148580031
factual,467,94,2,Chongqing Municipality,0.5770973426190217,29344289.0,29344289.0,1.0,counterfactual,0.17759199774633733,29344289.0,29344289.0,1.0,0.39950534487268435
factual,468,94,3,Chongqing Municipality,-0.4199077841721341,29344289.0,29344289.0,1.0,counterfactual,-0.2746171071416182,29344289.0,29344289.0,1.0,-0.1452906770305159
factual,469,94,4,Chongqing Municipality,-0.2656034257664481,29344289.0,29344289.0,1.0,counterfactual,-0.15165320057825335,29344289.0,29344289.0,1.0,-0.11395022518819473
factual,470,94,5,Chongqing Municipality,0.07385371918877275,29344289.0,29344289.0,1.0,counterfactual,0.2835308131228865,29344289.0,29344289.0,1.0,-0.20967709393411377
factual,471,95,1,Chongqing Municipality,-0.48055991246510366,29344289.0,29344289.0,1.0,counterfactual,0.18811870907876088,29344289.0,29344289.0,1.0,-0.6686786215438645
factual,472,95,2,Chongqing Municipality,-0.24376315986474578,29344289.0,29344289.0,1.0,counterfactual,0.33056242955233117,29344289.0,29344289.0,1.0,-0.5743255894170769
factual,473,95,3,Chongqing Municipality,0.6519081225909982,29344289.0,29344289.0,1.0,counterfactual,-0.9215249535664094,29344289.0,29344289.0,1.0,1.5734330761574076
factual,474,95,4,Chongqing Municipality,-0.5812753217218875,29344289.0,29344289.0,1.0,counterfactual,0.12731388605573343,29344289.0,29344289.0,1.0,-0.7085892077776209
factual,475,95,5,Chongqing Municipality,-0.27506474850275014,29344289.0,29344289.0,1.0,counterfactual,0.8855556439304714,29344289.0,29344289.0,1.0,-1.1606203924332215
factual,476,96,1,Chongqing Municipality,-0.5309928671236203,29344289.0,29344289.0,1.0,counterfactual,0.03448110204785451,29344289.0,29344289.0,1.0,-0.5654739691714747
factual,477,96,2,Chongqing Municipality,-0.18801492947381185,29344289.0,29344289.0,1.0,counterfactual,-1.169257558739003,29344289.0,29344289.0,1.0,0.9812426292651912
factual,478,96,3,Chongqing Municipality,-0.6900447244504881,29344289.0,29344289.0,1.0,counterfactual,0.1898716101909409,29344289.0,29344289.0,1.0,-0.879916334641429
factual,479,96,4,Chongqing Municipality,0.6534088248810473,29344289.0,29344289.0,1.0,counterfactual,-0.38205573022791994,29344289.0,29344289.0,1.0,1.0354645551089674
factual,480,96,5,Chongqing Municipality,1.1524517358564663,29344289.0,29344289.0,1.0,counterfactual,-0.841832713552106,29344289.0,29344289.0,1.0,1.9942844494085723
factual,481,97,1,Chongqing Municipality,0.19843538069659145,29344289.0,29344289.0,1.0,counterfactual,-0.4977375032244999,29344289.0,29344289.0,1.0,0.6961728839210913
factual,482,97,2,Chongqing Municipality,-0.1465923291736695,29344289.0,29344289.0,1.0,counterfactual,0.46119229390368616,29344289.0,29344289.0,1.0,-0.6077846230773556
factual,483,97,3,Chongqing Municipality,-0.36238822923697467,29344289.0,29344289.0,1.0,counterfactual,-0.15504640450689633,29344289.0,29344289.0,1.0,-0.20734182473007834
factual,484,97,4,Chongqing Municipality,-0.24652097151833718,29344289.0,29344289.0,1.0,counterfactual,0.355562325188453,29344289.0,29344289.0,1.0,-0.6020832967067902
factual,485,97,5,Chongqing Municipality,0.3729456228329282,29344289.0,29344289.0,1.0,counterfactual,-1.2355563428178211,29344289.0,29344289.0,1.0,1.6085019656507493
factual,486,98,1,Chongqing Municipality,-0.7182179812096393,29344289.0,29344289.0,1.0,counterfactual,-0.4127297208206561,29344289.0,29344289.0,1.0,-0.3054882603889832
factual,487,98,2,Chongqing Municipality,1.3514133456647117,29344289.0,29344289.0,1.0,counterfactual,-0.7846604970782742,29344289.0,29344289.0,1.0,2.136073842742986
factual,488,98,3,Chongqing Municipality,0.6915621316699508,29344289.0,29344289.0,1.0,counterfactual,-0.2760399221318913,29344289.0,29344289.0,1.0,0.9676020538018422
factual,489,98,4,Chongqing Municipality,-0.36043257028432063,29344289.0,29344289.0,1.0,counterfactual,0.3396687583069512,29344289.0,29344289.0,1.0,-0.7001013285912718
factual,490,98,5,Chongqing Municipality,-0.39548124980249105,29344289.0,29344289.0,1.0,counterfactual,-0.8419001603823477,29344289.0,29344289.0,1.0,0.44641891057985666
factual,491,99,1,Chongqing Municipality,-0.8691329994878728,29344289.0,29344289.0,1.0,counterfactual,0.5974671942731179,29344289.0,29344289.0,1.0,-1.4666001937609907
factual,492,99,2,Chongqing Municipality,0.42960991911119045,29344289.0,29344289.0,1.0,counterfactual,0.4295375840579699,29344289.0,29344289.0,1.0,7.233505322057354e-05
factual,493,99,3,Chongqing Municipality,-0.3803216913657251,29344289.0,29344289.0,1.0,counterfactual,0.04796302385933471,29344289.0,29344289.0,1.0,-0.4282847152250598
factual,494,99,4,Chongqing Municipality,0.2970319325210375,29344289.0,29344289.0,1.0,counterfactual,-0.31167642266362466,29344289.0,29344289.0,1.0,0.6087083551846622
factual,495,99,5,Chongqing Municipality,-0.46568342409020963,29344289.0,29344289.0,1.0,counterfactual,0.04825281068949506,29344289.0,29344289.0,1.0,-0.5139362347797047
factual,496,100,1,Chongqing Municipality,-0.3642052617691364,29344289.0,29344289.0,1.0,counterfactual,0.692680881552804,29344289.0,29344289.0,1.0,-1.0568861433219405
factual,497,100,2,Chongqing Municipality,-0.4414511602259424,29344289.0,29344289.0,1.0,counterfactual,-0.7329952305710778,29344289.0,29344289.0,1.0,0.29154407034513546
factual,498,100,3,Chongqing Municipality,0.12458755875975895,29344289.0,29344289.0,1.0,counterfactual,-0.2767665611699097,29344289.0,29344289.0,1.0,0.4013541199296687
factual,499,100,4,Chongqing Municipality,-0.36084247942282754,29344289.0,29344289.0,1.0,counterfactual,-1.0321733998585596,29344289.0,29344289.0,1.0,0.6713309204357321
factual,500,100,5,Chongqing Municipality,2.0179277798476583,29344289.0,29344289.0,1.0,counterfactual,0.2736728935061793,29344289.0,29344289.0,1.0,1.744254886341479
factual,501,101,1,Chongqing Municipality,-0.02485334593894987,29344289.0,29344289.0,1.0,counterfactual,0.05769920150481227,29344289.0,29344289.0,1.0,-0.08255254744376214
factual,502,101,2,Chongqing Municipality,0.041634649049937876,29344289.0,29344289.0,1.0,counterfactual,-0.4992066527727983,29344289.0,29344289.0,1.0,0.5408413018227362
factual,503,101,3,Chongqing Municipality,0.12451946164277089,29344289.0,29344289.0,1.0,counterfactual,-0.40457199455987775,29344289.0,29344289.0,1.0,0.5290914562026486
factual,504,101,4,Chongqing Municipality,0.21749372593444719,29344289.0,29344289.0,1.0,counterfactual,0.6814842521049831,29344289.0,29344289.0,1.0,-0.46399052617053593
factual,505,101,5,Chongqing Municipality,0.5378805322381418,29344289.0,29344289.0,1.0,counterfactual,-0.24704441369493077,29344289.0,29344289.0,1.0,0.7849249459330726
factual,506,102,1,Chongqing Municipality,-1.098725867897561,29344289.0,29344289.0,1.0,counterfactual,-0.5035246070856456,29344289.0,29344289.0,1.0,-0.5952012608119155
factual,507,102,2,Chongqing Municipality,0.2823646033969391,29344289.0,29344289.0,1.0,counterfactual,0.020457240237486827,29344289.0,29344289.0,1.0,0.26190736315945223
factual,508,102,3,Chongqing Municipality,0.3931425413530818,29344289.0,29344289.0,1.0,counterfactual,0.5570061653514533,29344289.0,29344289.0,1.0,-0.1638636239983715
factual,509,102,4,Chongqing Municipality,-0.29087142118864856,29344289.0,29344289.0,1.0,counterfactual,-0.24520368138688994,29344289.0,29344289.0,1.0,-0.04566773980175862
factual,510,102,5,Chongqing Municipality,-0.09056475255501992,29344289.0,29344289.0,1.0,counterfactual,0.7055978599609015,29344289.0,29344289.0,1.0,-0.7961626125159215
factual,511,103,1,Chongqing Municipality,-0.3344843004653739,29344289.0,29344289.0,1.0,counterfactual,0.6767948356183101,29344289.0,29344289.0,1.0,-1.011279136083684
factual,512,103,2,Chongqing Municipality,-0.917825533531102,29344289.0,29344289.0,1.0,counterfactual,-1.1188689398709952,29344289.0,29344289.0,1.0,0.20104340633989326
factual,513,103,3,Chongqing Municipality,-0.3314306118262076,29344289.0,29344289.0,1.0,counterfactual,0.20228051660492996,29344289.0,29344289.0,1.0,-0.5337111284311375
factual,514,103,4,Chongqing Municipality,-0.1671998379210788,29344289.0,29344289.0,1.0,counterfactual,0.1758967483771306,29344289.0,29344289.0,1.0,-0.3430965862982094
factual,515,103,5,Chongqing Municipality,-0.7590742034698994,29344289.0,29344289.0,1.0,counterfactual,0.1108187175123989,29344289.0,29344289.0,1.0,-0.8698929209822983
factual,516,104,1,Chongqing Municipality,0.06086195271461034,29344289.0,29344289.0,1.0,counterfactual,0.14647728878962102,29344289.0,29344289.0,1.0,-0.08561533607501068
factual,517,104,2,Chongqing Municipality,-1.4412899508530674,29344289.0,29344289.0,1.0,counterfactual,1.0305085148893527,29344289.0,29344289.0,1.0,-2.4717984657424203
factual,518,104,3,Chongqing Municipality,0.10028542001010379,29344289.0,29344289.0,1.0,counterfactual,0.17445863045706098,29344289.0,29344289.0,1.0,-0.07417321044695718
factual,519,104,4,Chongqing Municipality,-0.9353565785540112,29344289.0,29344289.0,1.0,counterfactual,-0.7231217173827331,29344289.0,29344289.0,1.0,-0.2122348611712781
factual,520,104,5,Chongqing Municipality,0.2547444299895135,29344289.0,29344289.0,1.0,counterfactual,-0.016254597867497937,29344289.0,29344289.0,1.0,0.27099902785701147
factual,521,105,1,Chongqing Municipality,1.0735207438986283,29344289.0,29344289.0,1.0,counterfactual,-1.1417073333857641,29344289.0,29344289.0,1.0,2.2152280772843924
factual,522,105,2,Chongqing Municipality,-0.3856951637141971,29344289.0,29344289.0,1.0,counterfactual,0.12017692683450688,29344289.0,29344289.0,1.0,-0.505872090548704
factual,523,105,3,Chongqing Municipality,-0.5498825038369335,29344289.0,29344289.0,1.0,counterfactual,0.7777695446566784,29344289.0,29344289.0,1.0,-1.3276520484936118
factual,524,105,4,Chongqing Municipality,-0.21424123365362122,29344289.0,29344289.0,1.0,counterfactual,-0.03760567926424054,29344289.0,29344289.0,1.0,-0.17663555438938067
factual,525,105,5,Chongqing Municipality,1.2007093498519097,29344289.0,29344289.0,1.0,counterfactual,0.023183340795608628,29344289.0,29344289.0,1.0,1.1775260090563011
factual,1,1,1,Hubei Province,-0.7424635344880183,64013858.0,64013858.0,1.0,counterfactual,-0.5605013500840502,64013858.0,64013858.0,1.0,-0.18196218440396805
factual,2,1,2,Hubei Province,-0.40523535435555397,64013858.0,64013858.0,1.0,counterfactual,-0.37687724518338933,64013858.0,64013858.0,1.0,-0.028358109172164636
factual,3,1,3,Hubei Province,0.06531309298490744,64013858.0,64013858.0,1.0,counterfactual,0.3719600980026357,64013858.0,64013858.0,1.0,-0.30664700501772824
factual,4,1,4,Hubei Province,-0.26683690651972924,64013858.0,64013858.0,1.0,counterfactual,0.07208520721394762,64013858.0,64013858.0,1.0,-0.33892211373367687
factual,5,1,5,Hubei Province,0.5561971248605196,64013858.0,64013858.0,1.0,counterfactual,-0.0006640331678039092,64013858.0,64013858.0,1.0,0.5568611580283236
factual,6,2,1,Hubei Province,0.9300666280133403,64013858.0,64013858.0,1.0,counterfactual,0.5591188387724662,64013858.0,64013858.0,1.0,0.3709477892408741
factual,7,2,2,Hubei Province,-0.7897577682942101,64013858.0,64013858.0,1.0,counterfactual,0.15233515015259205,64013858.0,64013858.0,1.0,-0.9420929184468021
factual,8,2,3,Hubei Province,-0.9483914683051803,64013858.0,64013858.0,1.0,counterfactual,-0.05552369445951464,64013858.0,64013858.0,1.0,-0.8928677738456656
factual,9,2,4,Hubei Province,-0.5629771147882332,64013858.0,64013858.0,1.0,counterfactual,0.5810173997978432,64013858.0,64013858.0,1.0,-1.1439945145860764
factual,10,2,5,Hubei Province,-0.8634704106392704,64013858.0,64013858.0,1.0,counterfactual,0.380064639437831,64013858.0,64013858.0,1.0,-1.2435350500771014
factual,11,3,1,Hubei Province,0.17875555318882155,64013858.0,64013858.0,1.0,counterfactual,-0.60058776499243,64013858.0,64013858.0,1.0,0.7793433181812516
factual,12,3,2,Hubei Province,-0.5290420116883956,64013858.0,64013858.0,1.0,counterfactual,-0.7800469966044586,64013858.0,64013858.0,1.0,0.25100498491606305
factual,13,3,3,Hubei Province,0.8694917216956629,64013858.0,64013858.0,1.0,counterfactual,1.1213034484126205,64013858.0,64013858.0,1.0,-0.2518117267169576
factual,14,3,4,Hubei Province,0.36314537531705665,64013858.0,64013858.0,1.0,counterfactual,-0.8317419517282406,64013858.0,64013858.0,1.0,1.1948873270452973
factual,15,3,5,Hubei Province,0.4079008189961038,64013858.0,64013858.0,1.0,counterfactual,-0.6029388412073767,64013858.0,64013858.0,1.0,1.0108396602034806
factual,16,4,1,Hubei Province,-0.2073063632598372,64013858.0,64013858.0,1.0,counterfactual,-0.3109863731914626,64013858.0,64013858.0,1.0,0.1036800099316254
factual,17,4,2,Hubei Province,-0.051035549367141775,64013858.0,64013858.0,1.0,counterfactual,-0.1319075906778283,64013858.0,64013858.0,1.0,0.08087204131068654
factual,18,4,3,Hubei Province,0.46029745483532336,64013858.0,64013858.0,1.0,counterfactual,-0.4324434700378529,64013858.0,64013858.0,1.0,0.8927409248731762
factual,19,4,4,Hubei Province,-0.45977388769864236,64013858.0,64013858.0,1.0,counterfactual,0.6341835011766003,64013858.0,64013858.0,1.0,-1.0939573888752427
factual,20,4,5,Hubei Province,0.5328054703103396,64013858.0,64013858.0,1.0,counterfactual,-0.04681288600032984,64013858.0,64013858.0,1.0,0.5796183563106695
factual,21,5,1,Hubei Province,-0.05655678108678893,64013858.0,64013858.0,1.0,counterfactual,-0.12693757634393038,64013858.0,64013858.0,1.0,0.07038079525714144
factual,22,5,2,Hubei Province,-0.23824602757047464,64013858.0,64013858.0,1.0,counterfactual,0.7650031122853124,64013858.0,64013858.0,1.0,-1.003249139855787
factual,23,5,3,Hubei Province,-0.2893426979259932,64013858.0,64013858.0,1.0,counterfactual,0.8219531433213928,64013858.0,64013858.0,1.0,-1.1112958412473861
factual,24,5,4,Hubei Province,0.12971486037954147,64013858.0,64013858.0,1.0,counterfactual,0.36492103014487154,64013858.0,64013858.0,1.0,-0.23520616976533007
factual,25,5,5,Hubei Province,0.3093178031814011,64013858.0,64013858.0,1.0,counterfactual,0.00608463517360757,64013858.0,64013858.0,1.0,0.30323316800779354
factual,26,6,1,Hubei Province,0.22351649727654338,64013858.0,64013858.0,1.0,counterfactual,0.36131509212321034,64013858.0,64013858.0,1.0,-0.13779859484666696
factual,27,6,2,Hubei Province,0.036433873859896625,64013858.0,64013858.0,1.0,counterfactual,-0.10482323130522758,64013858.0,64013858.0,1.0,0.1412571051651242
factual,28,6,3,Hubei Province,-0.34041097042759977,64013858.0,64013858.0,1.0,counterfactual,-0.23416123597972283,64013858.0,64013858.0,1.0,-0.10624973444787694
factual,29,6,4,Hubei Province,-0.17148488247810872,64013858.0,64013858.0,1.0,counterfactual,-0.1310406102472802,64013858.0,64013858.0,1.0,-0.040444272230828526
factual,30,6,5,Hubei Province,0.6391710631735354,64013858.0,64013858.0,1.0,counterfactual,-0.631647931515637,64013858.0,64013858.0,1.0,1.2708189946891726
factual,31,7,1,Hubei Province,-0.20260121696121683,64013858.0,64013858.0,1.0,counterfactual,0.3119250441291668,64013858.0,64013858.0,1.0,-0.5145262610903836
factual,32,7,2,Hubei Province,0.14160183699281592,64013858.0,64013858.0,1.0,counterfactual,0.41413460823561193,64013858.0,64013858.0,1.0,-0.272532771242796
factual,33,7,3,Hubei Province,-0.3164728968074605,64013858.0,64013858.0,1.0,counterfactual,-1.2036984140026605,64013858.0,64013858.0,1.0,0.8872255171952
factual,34,7,4,Hubei Province,1.0956563063153424,64013858.0,64013858.0,1.0,counterfactual,0.39719660986459926,64013858.0,64013858.0,1.0,0.6984596964507431
factual,35,7,5,Hubei Province,0.37941731652165556,64013858.0,64013858.0,1.0,counterfactual,-0.6536464739773372,64013858.0,64013858.0,1.0,1.0330637904989928
factual,36,8,1,Hubei Province,0.6709801765531966,64013858.0,64013858.0,1.0,counterfactual,0.18118156010239417,64013858.0,64013858.0,1.0,0.48979861645080247
factual,37,8,2,Hubei Province,0.29506865666045906,64013858.0,64013858.0,1.0,counterfactual,0.36258788078886295,64013858.0,64013858.0,1.0,-0.06751922412840389
factual,38,8,3,Hubei Province,-0.8548007197289371,64013858.0,64013858.0,1.0,counterfactual,0.4169698848732197,64013858.0,64013858.0,1.0,-1.2717706046021569
factual,39,8,4,Hubei Province,-0.43737862892345475,64013858.0,64013858.0,1.0,counterfactual,-0.26913633542121584,64013858.0,64013858.0,1.0,-0.1682422935022389
factual,40,8,5,Hubei Province,-0.3963920111795495,64013858.0,64013858.0,1.0,counterfactual,-0.6457729081287258,64013858.0,64013858.0,1.0,0.2493808969491763
factual,41,9,1,Hubei Province,-1.4539035560756042,64013858.0,64013858.0,1.0,counterfactual,-1.0646368420124812,64013858.0,64013858.0,1.0,-0.38926671406312296
factual,42,9,2,Hubei Province,-0.3707105703782959,64013858.0,64013858.0,1.0,counterfactual,0.6282488007723516,64013858.0,64013858.0,1.0,-0.9989593711506475
factual,43,9,3,Hubei Province,0.23196892119491855,64013858.0,64013858.0,1.0,counterfactual,0.9485752220181727,64013858.0,64013858.0,1.0,-0.7166063008232542
factual,44,9,4,Hubei Province,-0.018440570475852187,64013858.0,64013858.0,1.0,counterfactual,0.5053769733388772,64013858.0,64013858.0,1.0,-0.5238175438147294
factual,45,9,5,Hubei Province,0.12132563644600532,64013858.0,64013858.0,1.0,counterfactual,0.6639186311833979,64013858.0,64013858.0,1.0,-0.5425929947373925
factual,46,10,1,Hubei Province,-0.7458156930236947,64013858.0,64013858.0,1.0,counterfactual,0.6720559140073004,64013858.0,64013858.0,1.0,-1.4178716070309951
factual,47,10,2,Hubei Province,0.21292335224127268,64013858.0,64013858.0,1.0,counterfactual,0.8038500431287257,64013858.0,64013858.0,1.0,-0.590926690887453
factual,48,10,3,Hubei Province,0.2768777370901615,64013858.0,64013858.0,1.0,counterfactual,-0.5068751571692276,64013858.0,64013858.0,1.0,0.7837528942593891
factual,49,10,4,Hubei Province,-0.1341149850964611,64013858.0,64013858.0,1.0,counterfactual,-1.0276204475725532,64013858.0,64013858.0,1.0,0.8935054624760921
factual,50,10,5,Hubei Province,0.4594099681708809,64013858.0,64013858.0,1.0,counterfactual,-0.2595661891142003,64013858.0,64013858.0,1.0,0.7189761572850812
factual,51,11,1,Hubei Province,-0.14205795789369882,64013858.0,64013858.0,1.0,counterfactual,0.3900020077278705,64013858.0,64013858.0,1.0,-0.5320599656215693
factual,52,11,2,Hubei Province,0.6682206904207595,64013858.0,64013858.0,1.0,counterfactual,0.9186917931515235,64013858.0,64013858.0,1.0,-0.250471102730764
factual,53,11,3,Hubei Province,-0.4334755885458184,64013858.0,64013858.0,1.0,counterfactual,0.6236912408889499,64013858.0,64013858.0,1.0,-1.0571668294347683
factual,54,11,4,Hubei Province,0.012942686348562868,64013858.0,64013858.0,1.0,counterfactual,0.3264002228312584,64013858.0,64013858.0,1.0,-0.31345753648269553
factual,55,11,5,Hubei Province,-0.20223502711637414,64013858.0,64013858.0,1.0,counterfactual,-0.34098819134668856,64013858.0,64013858.0,1.0,0.13875316423031442
factual,56,12,1,Hubei Province,-0.6168783021314488,64013858.0,64013858.0,1.0,counterfactual,0.7200755698889177,64013858.0,64013858.0,1.0,-1.3369538720203664
factual,57,12,2,Hubei Province,1.1258963842994483,64013858.0,64013858.0,1.0,counterfactual,0.6151741676124362,64013858.0,64013858.0,1.0,0.5107222166870121
factual,58,12,3,Hubei Province,-1.0852065884912805,64013858.0,64013858.0,1.0,counterfactual,-0.232932861805888,64013858.0,64013858.0,1.0,-0.8522737266853925
factual,59,12,4,Hubei Province,-0.6214103024945529,64013858.0,64013858.0,1.0,counterfactual,-0.28730582202029453,64013858.0,64013858.0,1.0,-0.33410448047425834
factual,60,12,5,Hubei Province,-0.2090289362457605,64013858.0,64013858.0,1.0,counterfactual,0.5286376203781408,64013858.0,64013858.0,1.0,-0.7376665566239012
factual,61,13,1,Hubei Province,-0.6618337571054276,64013858.0,64013858.0,1.0,counterfactual,0.2523625138905566,64013858.0,64013858.0,1.0,-0.9141962709959841
factual,62,13,2,Hubei Province,-0.48322381462008873,64013858.0,64013858.0,1.0,counterfactual,-0.18603577323285117,64013858.0,64013858.0,1.0,-0.29718804138723753
factual,63,13,3,Hubei Province,-0.18145713253853227,64013858.0,64013858.0,1.0,counterfactual,-0.12944831259462508,64013858.0,64013858.0,1.0,-0.052008819943907186
factual,64,13,4,Hubei Province,-0.1828100532258756,64013858.0,64013858.0,1.0,counterfactual,0.30335644127494543,64013858.0,64013858.0,1.0,-0.48616649450082106
factual,65,13,5,Hubei Province,0.4770216335087451,64013858.0,64013858.0,1.0,counterfactual,-0.4077875503472304,64013858.0,64013858.0,1.0,0.8848091838559755
factual,66,14,1,Hubei Province,-0.2404632348514455,64013858.0,64013858.0,1.0,counterfactual,0.07888649905205745,64013858.0,64013858.0,1.0,-0.31934973390350296
factual,67,14,2,Hubei Province,-0.5516126567227017,64013858.0,64013858.0,1.0,counterfactual,-0.05335899652658117,64013858.0,64013858.0,1.0,-0.4982536601961205
factual,68,14,3,Hubei Province,-0.7334970135887653,64013858.0,64013858.0,1.0,counterfactual,0.7773314535698006,64013858.0,64013858.0,1.0,-1.510828467158566
factual,69,14,4,Hubei Province,-0.6479079248526851,64013858.0,64013858.0,1.0,counterfactual,-0.3277977897213064,64013858.0,64013858.0,1.0,-0.3201101351313787
factual,70,14,5,Hubei Province,-0.30092958674493714,64013858.0,64013858.0,1.0,counterfactual,0.3307209538883213,64013858.0,64013858.0,1.0,-0.6316505406332584
factual,71,15,1,Hubei Province,0.06700756275000008,64013858.0,64013858.0,1.0,counterfactual,-0.011118572214241576,64013858.0,64013858.0,1.0,0.07812613496424166
factual,72,15,2,Hubei Province,-0.9435736825983526,64013858.0,64013858.0,1.0,counterfactual,0.0036012429294702882,64013858.0,64013858.0,1.0,-0.9471749255278229
factual,73,15,3,Hubei Province,-0.1877999824708431,64013858.0,64013858.0,1.0,counterfactual,-0.8704527387772827,64013858.0,64013858.0,1.0,0.6826527563064396
factual,74,15,4,Hubei Province,0.37050764293585603,64013858.0,64013858.0,1.0,counterfactual,0.4529544171081155,64013858.0,64013858.0,1.0,-0.08244677417225948
factual,75,15,5,Hubei Province,-0.3824722444112944,64013858.0,64013858.0,1.0,counterfactual,-0.8788312357281566,64013858.0,64013858.0,1.0,0.4963589913168622
factual,76,16,1,Hubei Province,0.719127335865742,64013858.0,64013858.0,1.0,counterfactual,-0.1229588237186336,64013858.0,64013858.0,1.0,0.8420861595843756
factual,77,16,2,Hubei Province,0.18215811052564537,64013858.0,64013858.0,1.0,counterfactual,0.3429024717210427,64013858.0,64013858.0,1.0,-0.16074436119539734
factual,78,16,3,Hubei Province,-0.1708420085956863,64013858.0,64013858.0,1.0,counterfactual,0.8913132568525606,64013858.0,64013858.0,1.0,-1.062155265448247
factual,79,16,4,Hubei Province,-0.2839356335586652,64013858.0,64013858.0,1.0,counterfactual,0.23661746308342835,64013858.0,64013858.0,1.0,-0.5205530966420935
factual,80,16,5,Hubei Province,0.724422330320111,64013858.0,64013858.0,1.0,counterfactual,0.8029741082478106,64013858.0,64013858.0,1.0,-0.07855177792769952
factual,81,17,1,Hubei Province,0.563592064713953,64013858.0,64013858.0,1.0,counterfactual,-0.2642690950041285,64013858.0,64013858.0,1.0,0.8278611597180814
factual,82,17,2,Hubei Province,-0.6467107168379664,64013858.0,64013858.0,1.0,counterfactual,-0.2330602810558969,64013858.0,64013858.0,1.0,-0.4136504357820695
factual,83,17,3,Hubei Province,-0.4106349230569004,64013858.0,64013858.0,1.0,counterfactual,0.8941269984854999,64013858.0,64013858.0,1.0,-1.3047619215424002
factual,84,17,4,Hubei Province,0.10302541007943364,64013858.0,64013858.0,1.0,counterfactual,-0.21635436519507,64013858.0,64013858.0,1.0,0.3193797752745037
factual,85,17,5,Hubei Province,0.49868475025662656,64013858.0,64013858.0,1.0,counterfactual,-0.19937436693716906,64013858.0,64013858.0,1.0,0.6980591171937957
factual,86,18,1,Hubei Province,0.17331958475019407,64013858.0,64013858.0,1.0,counterfactual,0.4901433420251281,64013858.0,64013858.0,1.0,-0.31682375727493406
factual,87,18,2,Hubei Province,-0.27172217916404673,64013858.0,64013858.0,1.0,counterfactual,-0.5030498460278071,64013858.0,64013858.0,1.0,0.23132766686376038
factual,88,18,3,Hubei Province,0.26779057598275663,64013858.0,64013858.0,1.0,counterfactual,0.023567271859139302,64013858.0,64013858.0,1.0,0.2442233041236173
factual,89,18,4,Hubei Province,-0.5363907717603185,64013858.0,64013858.0,1.0,counterfactual,-0.3794760372704532,64013858.0,64013858.0,1.0,-0.15691473448986526
factual,90,18,5,Hubei Province,0.15888555272304042,64013858.0,64013858.0,1.0,counterfactual,0.3528120635273719,64013858.0,64013858.0,1.0,-0.19392651080433146
factual,91,19,1,Hubei Province,0.42366872541012535,64013858.0,64013858.0,1.0,counterfactual,0.42393144331155025,64013858.0,64013858.0,1.0,-0.0002627179014249026
factual,92,19,2,Hubei Province,1.601453283641054,64013858.0,64013858.0,1.0,counterfactual,-0.28247342031834166,64013858.0,64013858.0,1.0,1.8839267039593957
factual,93,19,3,Hubei Province,0.7333630761400824,64013858.0,64013858.0,1.0,counterfactual,0.7745738388867044,64013858.0,64013858.0,1.0,-0.04121076274662194
factual,94,19,4,Hubei Province,0.892412386969188,64013858.0,64013858.0,1.0,counterfactual,0.5832491930151582,64013858.0,64013858.0,1.0,0.3091631939540298
factual,95,19,5,Hubei Province,0.6327927425139898,64013858.0,64013858.0,1.0,counterfactual,0.08926081998252304,64013858.0,64013858.0,1.0,0.5435319225314668
factual,96,20,1,Hubei Province,-1.0920863702652828,64013858.0,64013858.0,1.0,counterfactual,0.039868143847772326,64013858.0,64013858.0,1.0,-1.1319545141130551
factual,97,20,2,Hubei Province,-0.18993039266150605,64013858.0,64013858.0,1.0,counterfactual,-0.6962257105372903,64013858.0,64013858.0,1.0,0.5062953178757843
factual,98,20,3,Hubei Province,-0.14379997183095533,64013858.0,64013858.0,1.0,counterfactual,0.5614178657279024,64013858.0,64013858.0,1.0,-0.7052178375588578
factual,99,20,4,Hubei Province,-0.15039451044101912,64013858.0,64013858.0,1.0,counterfactual,-1.088702029873871,64013858.0,64013858.0,1.0,0.9383075194328518
factual,100,20,5,Hubei Province,-0.13063973684512437,64013858.0,64013858.0,1.0,counterfactual,-0.08518424977836885,64013858.0,64013858.0,1.0,-0.04545548706675552
factual,101,21,1,Hubei Province,-0.07467243233648493,64013858.0,64013858.0,1.0,counterfactual,-0.025386279968838233,64013858.0,64013858.0,1.0,-0.049286152367646704
factual,102,21,2,Hubei Province,0.47481646048224707,64013858.0,64013858.0,1.0,counterfactual,-0.04418564021274293,64013858.0,64013858.0,1.0,0.51900210069499
factual,103,21,3,Hubei Province,0.059815606504215635,64013858.0,64013858.0,1.0,counterfactual,0.7414425626703655,64013858.0,64013858.0,1.0,-0.6816269561661499
factual,104,21,4,Hubei Province,-0.1610205510821175,64013858.0,64013858.0,1.0,counterfactual,0.3479461117347442,64013858.0,64013858.0,1.0,-0.5089666628168616
factual,105,21,5,Hubei Province,0.4524897101457077,64013858.0,64013858.0,1.0,counterfactual,-0.36282733793495137,64013858.0,64013858.0,1.0,0.8153170480806591
factual,106,22,1,Hubei Province,0.7471418089632863,64013858.0,64013858.0,1.0,counterfactual,0.8241568183674002,64013858.0,64013858.0,1.0,-0.07701500940411388
factual,107,22,2,Hubei Province,0.4727997841100141,64013858.0,64013858.0,1.0,counterfactual,0.13208565653768817,64013858.0,64013858.0,1.0,0.34071412757232594
factual,108,22,3,Hubei Province,0.8353563454346982,64013858.0,64013858.0,1.0,counterfactual,0.5674160112410288,64013858.0,64013858.0,1.0,0.26794033419366936
factual,109,22,4,Hubei Province,-0.2048745336854314,64013858.0,64013858.0,1.0,counterfactual,-0.1552805154299128,64013858.0,64013858.0,1.0,-0.049594018255518596
factual,110,22,5,Hubei Province,0.11255408398336053,64013858.0,64013858.0,1.0,counterfactual,-0.26267706753677833,64013858.0,64013858.0,1.0,0.37523115152013886
factual,111,23,1,Hubei Province,-0.31571426997810814,64013858.0,64013858.0,1.0,counterfactual,-0.04793037514170495,64013858.0,64013858.0,1.0,-0.2677838948364032
factual,112,23,2,Hubei Province,0.2971339552274411,64013858.0,64013858.0,1.0,counterfactual,0.9212519060946266,64013858.0,64013858.0,1.0,-0.6241179508671855
factual,113,23,3,Hubei Province,1.0696088857296628,64013858.0,64013858.0,1.0,counterfactual,-0.2257822173382047,64013858.0,64013858.0,1.0,1.2953911030678675
factual,114,23,4,Hubei Province,-1.0607835393230154,64013858.0,64013858.0,1.0,counterfactual,-0.7336641697120211,64013858.0,64013858.0,1.0,-0.3271193696109943
factual,115,23,5,Hubei Province,0.15118224856384882,64013858.0,64013858.0,1.0,counterfactual,-0.3449373543888253,64013858.0,64013858.0,1.0,0.4961196029526741
factual,116,24,1,Hubei Province,-0.14406758264496525,64013858.0,64013858.0,1.0,counterfactual,0.2026935456409975,64013858.0,64013858.0,1.0,-0.3467611282859627
factual,117,24,2,Hubei Province,-0.17615597951333992,64013858.0,64013858.0,1.0,counterfactual,0.006061768664162028,64013858.0,64013858.0,1.0,-0.18221774817750194
factual,118,24,3,Hubei Province,-1.2707389872045602,64013858.0,64013858.0,1.0,counterfactual,0.6469045152516372,64013858.0,64013858.0,1.0,-1.9176435024561975
factual,119,24,4,Hubei Province,0.046440287256691255,64013858.0,64013858.0,1.0,counterfactual,1.1585720296427604,64013858.0,64013858.0,1.0,-1.112131742386069
factual,120,24,5,Hubei Province,0.12351054178824519,64013858.0,64013858.0,1.0,counterfactual,-0.17817141851723728,64013858.0,64013858.0,1.0,0.30168196030548244
factual,121,25,1,Hubei Province,-0.10741020837965587,64013858.0,64013858.0,1.0,counterfactual,1.2035336931833516,64013858.0,64013858.0,1.0,-1.3109439015630073
factual,122,25,2,Hubei Province,-0.5215454491826804,64013858.0,64013858.0,1.0,counterfactual,-0.5315531300069523,64013858.0,64013858.0,1.0,0.010007680824271836
factual,123,25,3,Hubei Province,-1.6323858339301702,64013858.0,64013858.0,1.0,counterfactual,-0.5865957529833241,64013858.0,64013858.0,1.0,-1.0457900809468461
factual,124,25,4,Hubei Province,-0.5073370669344415,64013858.0,64013858.0,1.0,counterfactual,0.38812623554043757,64013858.0,64013858.0,1.0,-0.895463302474879
factual,125,25,5,Hubei Province,0.19937234390841507,64013858.0,64013858.0,1.0,counterfactual,-0.19780929259048963,64013858.0,64013858.0,1.0,0.3971816364989047
factual,126,26,1,Hubei Province,0.6871211882488946,64013858.0,64013858.0,1.0,counterfactual,-0.37131649931052685,64013858.0,64013858.0,1.0,1.0584376875594215
factual,127,26,2,Hubei Province,0.6588204802708777,64013858.0,64013858.0,1.0,counterfactual,-0.5950931022413832,64013858.0,64013858.0,1.0,1.253913582512261
factual,128,26,3,Hubei Province,0.29445263265942495,64013858.0,64013858.0,1.0,counterfactual,-0.08805090539321646,64013858.0,64013858.0,1.0,0.3825035380526414
factual,129,26,4,Hubei Province,-1.2146179415481195,64013858.0,64013858.0,1.0,counterfactual,1.0979397692311055,64013858.0,64013858.0,1.0,-2.312557710779225
factual,130,26,5,Hubei Province,0.43883817595828,64013858.0,64013858.0,1.0,counterfactual,0.03257540952119364,64013858.0,64013858.0,1.0,0.40626276643708636
factual,131,27,1,Hubei Province,-0.2730300247468256,64013858.0,64013858.0,1.0,counterfactual,0.1208453711143589,64013858.0,64013858.0,1.0,-0.3938753958611845
factual,132,27,2,Hubei Province,-0.3768671910068819,64013858.0,64013858.0,1.0,counterfactual,-0.7136970163506153,64013858.0,64013858.0,1.0,0.33682982534373346
factual,133,27,3,Hubei Province,-0.5227083129212475,64013858.0,64013858.0,1.0,counterfactual,0.347986068247188,64013858.0,64013858.0,1.0,-0.8706943811684356
factual,134,27,4,Hubei Province,-0.12547231022248956,64013858.0,64013858.0,1.0,counterfactual,-0.4214700019347369,64013858.0,64013858.0,1.0,0.2959976917122473
factual,135,27,5,Hubei Province,-0.33453630469891343,64013858.0,64013858.0,1.0,counterfactual,0.34211930316225875,64013858.0,64013858.0,1.0,-0.6766556078611722
factual,136,28,1,Hubei Province,-0.40083389185950946,64013858.0,64013858.0,1.0,counterfactual,-0.3947621942321732,64013858.0,64013858.0,1.0,-0.006071697627336281
factual,137,28,2,Hubei Province,0.4452096063952966,64013858.0,64013858.0,1.0,counterfactual,0.5350838744298971,64013858.0,64013858.0,1.0,-0.08987426803460052
factual,138,28,3,Hubei Province,0.09081883074465263,64013858.0,64013858.0,1.0,counterfactual,0.17920846923092074,64013858.0,64013858.0,1.0,-0.0883896384862681
factual,139,28,4,Hubei Province,1.1008418325028955,64013858.0,64013858.0,1.0,counterfactual,-0.6095222722380516,64013858.0,64013858.0,1.0,1.710364104740947
factual,140,28,5,Hubei Province,-0.26586636983539813,64013858.0,64013858.0,1.0,counterfactual,0.31959069663052925,64013858.0,64013858.0,1.0,-0.5854570664659273
factual,141,29,1,Hubei Province,0.5738167160091893,64013858.0,64013858.0,1.0,counterfactual,-0.7616618814664416,64013858.0,64013858.0,1.0,1.335478597475631
factual,142,29,2,Hubei Province,-0.24777809842591061,64013858.0,64013858.0,1.0,counterfactual,0.5451177052302051,64013858.0,64013858.0,1.0,-0.7928958036561157
factual,143,29,3,Hubei Province,-0.8492475734094427,64013858.0,64013858.0,1.0,counterfactual,-1.1430964197818363,64013858.0,64013858.0,1.0,0.2938488463723936
factual,144,29,4,Hubei Province,0.703157704161459,64013858.0,64013858.0,1.0,counterfactual,-0.08328945853816694,64013858.0,64013858.0,1.0,0.7864471626996259
factual,145,29,5,Hubei Province,-0.14000203743887915,64013858.0,64013858.0,1.0,counterfactual,0.12306380834172984,64013858.0,64013858.0,1.0,-0.263065845780609
factual,146,30,1,Hubei Province,1.1499744001925039,64013858.0,64013858.0,1.0,counterfactual,-0.07580701950773584,64013858.0,64013858.0,1.0,1.2257814197002397
factual,147,30,2,Hubei Province,-0.6554437771957964,64013858.0,64013858.0,1.0,counterfactual,0.6632067796691218,64013858.0,64013858.0,1.0,-1.318650556864918
factual,148,30,3,Hubei Province,0.2025030829109217,64013858.0,64013858.0,1.0,counterfactual,1.1706388290181888,64013858.0,64013858.0,1.0,-0.9681357461072672
factual,149,30,4,Hubei Province,0.5164927227110209,64013858.0,64013858.0,1.0,counterfactual,-0.43512596481979904,64013858.0,64013858.0,1.0,0.9516186875308199
factual,150,30,5,Hubei Province,0.7655022583515304,64013858.0,64013858.0,1.0,counterfactual,0.6431530513442494,64013858.0,64013858.0,1.0,0.12234920700728102
factual,151,31,1,Hubei Province,-0.12640706254085637,64013858.0,64013858.0,1.0,counterfactual,-0.8455566229022493,64013858.0,64013858.0,1.0,0.7191495603613929
factual,152,31,2,Hubei Province,-0.10920815573908588,64013858.0,64013858.0,1.0,counterfactual,0.9607101398648646,64013858.0,64013858.0,1.0,-1.0699182956039506
factual,153,31,3,Hubei Province,0.7391896431778981,64013858.0,64013858.0,1.0,counterfactual,-0.6889304636138238,64013858.0,64013858.0,1.0,1.428120106791722
factual,154,31,4,Hubei Province,-0.09553276213898079,64013858.0,64013858.0,1.0,counterfactual,-0.618492809896321,64013858.0,64013858.0,1.0,0.5229600477573403
factual,155,31,5,Hubei Province,0.4643579205178743,64013858.0,64013858.0,1.0,counterfactual,0.48719450611530546,64013858.0,64013858.0,1.0,-0.02283658559743118
factual,156,32,1,Hubei Province,-0.45660020855050976,64013858.0,64013858.0,1.0,counterfactual,0.3446431012286166,64013858.0,64013858.0,1.0,-0.8012433097791263
factual,157,32,2,Hubei Province,-0.36517999472715207,64013858.0,64013858.0,1.0,counterfactual,0.3635036428461648,64013858.0,64013858.0,1.0,-0.7286836375733169
factual,158,32,3,Hubei Province,-0.41444851290853846,64013858.0,64013858.0,1.0,counterfactual,-0.4572989243542318,64013858.0,64013858.0,1.0,0.04285041144569335
factual,159,32,4,Hubei Province,-0.6083310727655996,64013858.0,64013858.0,1.0,counterfactual,0.10115471691393367,64013858.0,64013858.0,1.0,-0.7094857896795332
factual,160,32,5,Hubei Province,0.4326270937894231,64013858.0,64013858.0,1.0,counterfactual,-0.7535088421652241,64013858.0,64013858.0,1.0,1.1861359359546473
factual,161,33,1,Hubei Province,-0.05374733434509927,64013858.0,64013858.0,1.0,counterfactual,-1.4513051405520239,64013858.0,64013858.0,1.0,1.3975578062069245
factual,162,33,2,Hubei Province,1.3418300186305472,64013858.0,64013858.0,1.0,counterfactual,-0.03927495242719404,64013858.0,64013858.0,1.0,1.3811049710577412
factual,163,33,3,Hubei Province,-0.7053825712210579,64013858.0,64013858.0,1.0,counterfactual,-0.8576587704737267,64013858.0,64013858.0,1.0,0.1522761992526689
factual,164,33,4,Hubei Province,0.15742483247035122,64013858.0,64013858.0,1.0,counterfactual,0.8961457425794395,64013858.0,64013858.0,1.0,-0.7387209101090882
factual,165,33,5,Hubei Province,0.5856649251167073,64013858.0,64013858.0,1.0,counterfactual,0.09228669495843826,64013858.0,64013858.0,1.0,0.49337823015826904
factual,166,34,1,Hubei Province,0.09938958502524381,64013858.0,64013858.0,1.0,counterfactual,0.6600941674443261,64013858.0,64013858.0,1.0,-0.5607045824190824
factual,167,34,2,Hubei Province,0.09719544705483639,64013858.0,64013858.0,1.0,counterfactual,0.8694037206488605,64013858.0,64013858.0,1.0,-0.7722082735940241
factual,168,34,3,Hubei Province,-0.744549118890528,64013858.0,64013858.0,1.0,counterfactual,0.4290671860188797,64013858.0,64013858.0,1.0,-1.1736163049094077
factual,169,34,4,Hubei Province,-0.2326242455188054,64013858.0,64013858.0,1.0,counterfactual,-0.3998308118942043,64013858.0,64013858.0,1.0,0.16720656637539888
factual,170,34,5,Hubei Province,0.24286359067216645,64013858.0,64013858.0,1.0,counterfactual,0.29725765787140246,64013858.0,64013858.0,1.0,-0.05439406719923601
factual,171,35,1,Hubei Province,0.4698441209121587,64013858.0,64013858.0,1.0,counterfactual,0.272908454737926,64013858.0,64013858.0,1.0,0.1969356661742327
factual,172,35,2,Hubei Province,-0.15425052697329342,64013858.0,64013858.0,1.0,counterfactual,0.462972085877656,64013858.0,64013858.0,1.0,-0.6172226128509494
factual,173,35,3,Hubei Province,-0.13217708875481052,64013858.0,64013858.0,1.0,counterfactual,0.1095613279102638,64013858.0,64013858.0,1.0,-0.2417384166650743
factual,174,35,4,Hubei Province,0.23894263533723806,64013858.0,64013858.0,1.0,counterfactual,1.2848689165259917,64013858.0,64013858.0,1.0,-1.0459262811887535
factual,175,35,5,Hubei Province,0.5308613582058981,64013858.0,64013858.0,1.0,counterfactual,0.17149846218999718,64013858.0,64013858.0,1.0,0.3593628960159009
factual,176,36,1,Hubei Province,-0.7448554339561172,64013858.0,64013858.0,1.0,counterfactual,0.8896386456989714,64013858.0,64013858.0,1.0,-1.6344940796550886
factual,177,36,2,Hubei Province,0.5354673791923836,64013858.0,64013858.0,1.0,counterfactual,0.6736234198204559,64013858.0,64013858.0,1.0,-0.1381560406280723
factual,178,36,3,Hubei Province,0.3084090649392809,64013858.0,64013858.0,1.0,counterfactual,-0.3419043047531265,64013858.0,64013858.0,1.0,0.6503133696924074
factual,179,36,4,Hubei Province,0.8641942261756371,64013858.0,64013858.0,1.0,counterfactual,0.7999214350993231,64013858.0,64013858.0,1.0,0.064272791076314
factual,180,36,5,Hubei Province,0.5777572266532243,64013858.0,64013858.0,1.0,counterfactual,-0.07084455862189018,64013858.0,64013858.0,1.0,0.6486017852751145
factual,181,37,1,Hubei Province,-0.7262020569242863,64013858.0,64013858.0,1.0,counterfactual,-0.44510108305269425,64013858.0,64013858.0,1.0,-0.28110097387159205
factual,182,37,2,Hubei Province,0.16659062108231668,64013858.0,64013858.0,1.0,counterfactual,-0.10614542676064274,64013858.0,64013858.0,1.0,0.2727360478429594
factual,183,37,3,Hubei Province,0.39465105736494965,64013858.0,64013858.0,1.0,counterfactual,0.06778968849367051,64013858.0,64013858.0,1.0,0.32686136887127915
factual,184,37,4,Hubei Province,0.08528944529616891,64013858.0,64013858.0,1.0,counterfactual,-0.6429379482761483,64013858.0,64013858.0,1.0,0.7282273935723171
factual,185,37,5,Hubei Province,-0.3752926920418235,64013858.0,64013858.0,1.0,counterfactual,-1.0599866198589603,64013858.0,64013858.0,1.0,0.6846939278171368
factual,186,38,1,Hubei Province,-0.21486308651217734,64013858.0,64013858.0,1.0,counterfactual,-0.027633471716654735,64013858.0,64013858.0,1.0,-0.1872296147955226
factual,187,38,2,Hubei Province,0.6616054203951389,64013858.0,64013858.0,1.0,counterfactual,0.21213966163029024,64013858.0,64013858.0,1.0,0.4494657587648487
factual,188,38,3,Hubei Province,-0.5653933987531427,64013858.0,64013858.0,1.0,counterfactual,0.3033694671977204,64013858.0,64013858.0,1.0,-0.868762865950863
factual,189,38,4,Hubei Province,-0.7008416382321464,64013858.0,64013858.0,1.0,counterfactual,0.2234617472084995,64013858.0,64013858.0,1.0,-0.9243033854406459
factual,190,38,5,Hubei Province,0.5007020858625006,64013858.0,64013858.0,1.0,counterfactual,-0.7496127649345306,64013858.0,64013858.0,1.0,1.2503148507970312
factual,191,39,1,Hubei Province,0.11769856022298283,64013858.0,64013858.0,1.0,counterfactual,-0.19994180528100852,64013858.0,64013858.0,1.0,0.31764036550399133
factual,192,39,2,Hubei Province,0.5344584949982029,64013858.0,64013858.0,1.0,counterfactual,0.4353312722346754,64013858.0,64013858.0,1.0,0.09912722276352748
factual,193,39,3,Hubei Province,-0.5908427008072329,64013858.0,64013858.0,1.0,counterfactual,0.519854839353312,64013858.0,64013858.0,1.0,-1.1106975401605448
factual,194,39,4,Hubei Province,-0.13686786758534727,64013858.0,64013858.0,1.0,counterfactual,-0.618476864203105,64013858.0,64013858.0,1.0,0.4816089966177577
factual,195,39,5,Hubei Province,-0.3355649912564803,64013858.0,64013858.0,1.0,counterfactual,0.9528159159114157,64013858.0,64013858.0,1.0,-1.288380907167896
factual,196,40,1,Hubei Province,0.5541173619495677,64013858.0,64013858.0,1.0,counterfactual,0.061179564743904936,64013858.0,64013858.0,1.0,0.4929377972056628
factual,197,40,2,Hubei Province,0.10462127669081073,64013858.0,64013858.0,1.0,counterfactual,-0.10837207454346111,64013858.0,64013858.0,1.0,0.21299335123427182
factual,198,40,3,Hubei Province,-0.20898808797135301,64013858.0,64013858.0,1.0,counterfactual,0.565332991102127,64013858.0,64013858.0,1.0,-0.77432107907348
factual,199,40,4,Hubei Province,0.49983943508040307,64013858.0,64013858.0,1.0,counterfactual,0.23824872024177465,64013858.0,64013858.0,1.0,0.2615907148386284
factual,200,40,5,Hubei Province,-0.5675448442407721,64013858.0,64013858.0,1.0,counterfactual,0.4527469623753001,64013858.0,64013858.0,1.0,-1.0202918066160722
factual,201,41,1,Hubei Province,-0.8347014259675724,64013858.0,64013858.0,1.0,counterfactual,0.5755706577708339,64013858.0,64013858.0,1.0,-1.4102720837384064
factual,202,41,2,Hubei Province,-0.5392875919921916,64013858.0,64013858.0,1.0,counterfactual,0.3136068952505445,64013858.0,64013858.0,1.0,-0.8528944872427361
factual,203,41,3,Hubei Province,0.5408509878646351,64013858.0,64013858.0,1.0,counterfactual,0.6323065282549705,64013858.0,64013858.0,1.0,-0.09145554039033532
factual,204,41,4,Hubei Province,-0.40474832863241533,64013858.0,64013858.0,1.0,counterfactual,-0.40940088363775967,64013858.0,64013858.0,1.0,0.004652555005344339
factual,205,41,5,Hubei Province,-0.6281462026858109,64013858.0,64013858.0,1.0,counterfactual,-0.08425678646103099,64013858.0,64013858.0,1.0,-0.5438894162247799
factual,206,42,1,Hubei Province,-0.8785534306497822,64013858.0,64013858.0,1.0,counterfactual,-0.08416016856237163,64013858.0,64013858.0,1.0,-0.7943932620874106
factual,207,42,2,Hubei Province,-0.3512378499566287,64013858.0,64013858.0,1.0,counterfactual,0.7166084658199084,64013858.0,64013858.0,1.0,-1.0678463157765372
factual,208,42,3,Hubei Province,-0.25964543475809837,64013858.0,64013858.0,1.0,counterfactual,-0.3950713775377145,64013858.0,64013858.0,1.0,0.13542594277961612
factual,209,42,4,Hubei Province,0.3930710988471149,64013858.0,64013858.0,1.0,counterfactual,1.2821205898376953,64013858.0,64013858.0,1.0,-0.8890494909905804
factual,210,42,5,Hubei Province,0.9598595928210812,64013858.0,64013858.0,1.0,counterfactual,0.20780360102835096,64013858.0,64013858.0,1.0,0.7520559917927303
factual,211,43,1,Hubei Province,-0.025954709944404405,64013858.0,64013858.0,1.0,counterfactual,0.14832227478879584,64013858.0,64013858.0,1.0,-0.17427698473320025
factual,212,43,2,Hubei Province,-0.4358678285899483,64013858.0,64013858.0,1.0,counterfactual,0.8644855027735526,64013858.0,64013858.0,1.0,-1.300353331363501
factual,213,43,3,Hubei Province,0.04597182572829361,64013858.0,64013858.0,1.0,counterfactual,-0.3587891658012445,64013858.0,64013858.0,1.0,0.4047609915295381
factual,214,43,4,Hubei Province,1.199451848415576,64013858.0,64013858.0,1.0,counterfactual,0.47583064664359315,64013858.0,64013858.0,1.0,0.723621201771983
factual,215,43,5,Hubei Province,0.3051385520728649,64013858.0,64013858.0,1.0,counterfactual,-0.11087694199793093,64013858.0,64013858.0,1.0,0.4160154940707958
factual,216,44,1,Hubei Province,-0.01524658700042497,64013858.0,64013858.0,1.0,counterfactual,0.08592407324057154,64013858.0,64013858.0,1.0,-0.10117066024099651
factual,217,44,2,Hubei Province,-0.7456109573439921,64013858.0,64013858.0,1.0,counterfactual,1.07886803903612,64013858.0,64013858.0,1.0,-1.8244789963801122
factual,218,44,3,Hubei Province,0.29274855922688997,64013858.0,64013858.0,1.0,counterfactual,-0.359105504576371,64013858.0,64013858.0,1.0,0.651854063803261
factual,219,44,4,Hubei Province,-0.39726317995861776,64013858.0,64013858.0,1.0,counterfactual,-0.5757143345999353,64013858.0,64013858.0,1.0,0.1784511546413175
factual,220,44,5,Hubei Province,-0.5363584705450394,64013858.0,64013858.0,1.0,counterfactual,-0.37467993160995805,64013858.0,64013858.0,1.0,-0.16167853893508133
factual,221,45,1,Hubei Province,0.6710329412587328,64013858.0,64013858.0,1.0,counterfactual,-0.6525679606563395,64013858.0,64013858.0,1.0,1.3236009019150723
factual,222,45,2,Hubei Province,-0.9639948837582184,64013858.0,64013858.0,1.0,counterfactual,0.20366846428774008,64013858.0,64013858.0,1.0,-1.1676633480459584
factual,223,45,3,Hubei Province,0.6475569117844189,64013858.0,64013858.0,1.0,counterfactual,-0.034384632009683044,64013858.0,64013858.0,1.0,0.6819415437941019
factual,224,45,4,Hubei Province,0.1079540615478112,64013858.0,64013858.0,1.0,counterfactual,-0.12998059779072724,64013858.0,64013858.0,1.0,0.23793465933853844
factual,225,45,5,Hubei Province,0.41861310713089545,64013858.0,64013858.0,1.0,counterfactual,-0.49482138152273625,64013858.0,64013858.0,1.0,0.9134344886536316
factual,226,46,1,Hubei Province,-0.493959035055166,64013858.0,64013858.0,1.0,counterfactual,0.28573295507787494,64013858.0,64013858.0,1.0,-0.7796919901330409
factual,227,46,2,Hubei Province,-0.1777732214684464,64013858.0,64013858.0,1.0,counterfactual,0.8793120285250279,64013858.0,64013858.0,1.0,-1.0570852499934742
factual,228,46,3,Hubei Province,-0.4610634393975189,64013858.0,64013858.0,1.0,counterfactual,-0.6272088069351677,64013858.0,64013858.0,1.0,0.16614536753764875
factual,229,46,4,Hubei Province,0.9037379542530889,64013858.0,64013858.0,1.0,counterfactual,1.197350138718686,64013858.0,64013858.0,1.0,-0.2936121844655971
factual,230,46,5,Hubei Province,0.22426452680572914,64013858.0,64013858.0,1.0,counterfactual,0.506557905060689,64013858.0,64013858.0,1.0,-0.2822933782549598
factual,231,47,1,Hubei Province,0.20389509149917698,64013858.0,64013858.0,1.0,counterfactual,-0.11101211819906372,64013858.0,64013858.0,1.0,0.3149072096982407
factual,232,47,2,Hubei Province,-0.6612088791649858,64013858.0,64013858.0,1.0,counterfactual,0.6130318021861502,64013858.0,64013858.0,1.0,-1.274240681351136
factual,233,47,3,Hubei Province,-0.14043112908347552,64013858.0,64013858.0,1.0,counterfactual,0.26259057137806474,64013858.0,64013858.0,1.0,-0.4030217004615403
factual,234,47,4,Hubei Province,0.2031341273922329,64013858.0,64013858.0,1.0,counterfactual,-0.48673132054945983,64013858.0,64013858.0,1.0,0.6898654479416928
factual,235,47,5,Hubei Province,-0.4635802092440182,64013858.0,64013858.0,1.0,counterfactual,-0.05150356585015288,64013858.0,64013858.0,1.0,-0.41207664339386535
factual,236,48,1,Hubei Province,-0.1420568801101741,64013858.0,64013858.0,1.0,counterfactual,-0.10842070060984599,64013858.0,64013858.0,1.0,-0.0336361795003281
factual,237,48,2,Hubei Province,-0.9054756116944059,64013858.0,64013858.0,1.0,counterfactual,0.9027946783517806,64013858.0,64013858.0,1.0,-1.8082702900461864
factual,238,48,3,Hubei Province,-0.3256048167637338,64013858.0,64013858.0,1.0,counterfactual,0.4442862525110829,64013858.0,64013858.0,1.0,-0.7698910692748167
factual,239,48,4,Hubei Province,0.015712899710042614,64013858.0,64013858.0,1.0,counterfactual,-1.0862285130699658,64013858.0,64013858.0,1.0,1.1019414127800085
factual,240,48,5,Hubei Province,-0.22322223324593143,64013858.0,64013858.0,1.0,counterfactual,0.217478602197644,64013858.0,64013858.0,1.0,-0.4407008354435754
factual,241,49,1,Hubei Province,0.3148719806617182,64013858.0,64013858.0,1.0,counterfactual,0.8529490869114907,64013858.0,64013858.0,1.0,-0.5380771062497726
factual,242,49,2,Hubei Province,0.028916198986454297,64013858.0,64013858.0,1.0,counterfactual,-0.2938402113788505,64013858.0,64013858.0,1.0,0.32275641036530484
factual,243,49,3,Hubei Province,0.48016213940493885,64013858.0,64013858.0,1.0,counterfactual,-0.09678882834604999,64013858.0,64013858.0,1.0,0.5769509677509889
factual,244,49,4,Hubei Province,-0.47094551411197483,64013858.0,64013858.0,1.0,counterfactual,-0.19009094237779361,64013858.0,64013858.0,1.0,-0.2808545717341812
factual,245,49,5,Hubei Province,-0.39662221306939355,64013858.0,64013858.0,1.0,counterfactual,-0.3480582710627034,64013858.0,64013858.0,1.0,-0.048563942006690175
factual,246,50,1,Hubei Province,-0.6521546096642551,64013858.0,64013858.0,1.0,counterfactual,-0.09677731222310948,64013858.0,64013858.0,1.0,-0.5553772974411456
factual,247,50,2,Hubei Province,0.32931387017392094,64013858.0,64013858.0,1.0,counterfactual,0.2375759127913,64013858.0,64013858.0,1.0,0.09173795738262094
factual,248,50,3,Hubei Province,-0.32442094465110144,64013858.0,64013858.0,1.0,counterfactual,0.7140949818164255,64013858.0,64013858.0,1.0,-1.038515926467527
factual,249,50,4,Hubei Province,0.2651387025924778,64013858.0,64013858.0,1.0,counterfactual,0.38016307586971154,64013858.0,64013858.0,1.0,-0.11502437327723375
factual,250,50,5,Hubei Province,0.3308142603334789,64013858.0,64013858.0,1.0,counterfactual,-0.41640634909181423,64013858.0,64013858.0,1.0,0.7472206094252931
factual,251,51,1,Hubei Province,-0.838091519314672,64013858.0,64013858.0,1.0,counterfactual,0.1856913709049641,64013858.0,64013858.0,1.0,-1.023782890219636
factual,252,51,2,Hubei Province,0.731325643366032,64013858.0,64013858.0,1.0,counterfactual,0.8541861161255438,64013858.0,64013858.0,1.0,-0.12286047275951184
factual,253,51,3,Hubei Province,0.4638962115187622,64013858.0,64013858.0,1.0,counterfactual,-0.033113108809372516,64013858.0,64013858.0,1.0,0.4970093203281347
factual,254,51,4,Hubei Province,0.4261496527687087,64013858.0,64013858.0,1.0,counterfactual,-0.548063750735393,64013858.0,64013858.0,1.0,0.9742134035041017
factual,255,51,5,Hubei Province,0.7206908544818335,64013858.0,64013858.0,1.0,counterfactual,0.00048631606688667825,64013858.0,64013858.0,1.0,0.7202045384149468
factual,256,52,1,Hubei Province,0.06960010684402133,64013858.0,64013858.0,1.0,counterfactual,0.9456608143418089,64013858.0,64013858.0,1.0,-0.8760607074977876
factual,257,52,2,Hubei Province,-0.609812773587446,64013858.0,64013858.0,1.0,counterfactual,0.34119194708366674,64013858.0,64013858.0,1.0,-0.9510047206711127
factual,258,52,3,Hubei Province,0.20469835063419345,64013858.0,64013858.0,1.0,counterfactual,-0.3404149419835732,64013858.0,64013858.0,1.0,0.5451132926177666
factual,259,52,4,Hubei Province,-0.6042720831231482,64013858.0,64013858.0,1.0,counterfactual,-0.7916154705722475,64013858.0,64013858.0,1.0,0.18734338744909929
factual,260,52,5,Hubei Province,0.36271248758404473,64013858.0,64013858.0,1.0,counterfactual,0.5727415235168855,64013858.0,64013858.0,1.0,-0.21002903593284072
factual,261,53,1,Hubei Province,0.6488540435607753,64013858.0,64013858.0,1.0,counterfactual,-0.9175109301460314,64013858.0,64013858.0,1.0,1.5663649737068066
factual,262,53,2,Hubei Province,0.05515561723969986,64013858.0,64013858.0,1.0,counterfactual,-0.10178021349380995,64013858.0,64013858.0,1.0,0.1569358307335098
factual,263,53,3,Hubei Province,0.8715561153389954,64013858.0,64013858.0,1.0,counterfactual,0.7121640854857962,64013858.0,64013858.0,1.0,0.1593920298531991
factual,264,53,4,Hubei Province,0.5467638896003341,64013858.0,64013858.0,1.0,counterfactual,1.2523242941216841,64013858.0,64013858.0,1.0,-0.70556040452135
factual,265,53,5,Hubei Province,0.1239079072780862,64013858.0,64013858.0,1.0,counterfactual,0.5367016255277642,64013858.0,64013858.0,1.0,-0.41279371824967803
factual,266,54,1,Hubei Province,-1.2652197435465151,64013858.0,64013858.0,1.0,counterfactual,1.3542476827958907,64013858.0,64013858.0,1.0,-2.619467426342406
factual,267,54,2,Hubei Province,0.20159442936930336,64013858.0,64013858.0,1.0,counterfactual,-0.2995519009369285,64013858.0,64013858.0,1.0,0.5011463303062319
factual,268,54,3,Hubei Province,0.0895010471067015,64013858.0,64013858.0,1.0,counterfactual,0.44014696586951063,64013858.0,64013858.0,1.0,-0.35064591876280915
factual,269,54,4,Hubei Province,-0.03337482359380509,64013858.0,64013858.0,1.0,counterfactual,-0.3679948468093532,64013858.0,64013858.0,1.0,0.33462002321554807
factual,270,54,5,Hubei Province,0.7617188145653309,64013858.0,64013858.0,1.0,counterfactual,0.1833815191352628,64013858.0,64013858.0,1.0,0.5783372954300681
factual,271,55,1,Hubei Province,0.8320370561077376,64013858.0,64013858.0,1.0,counterfactual,1.2153975065046554,64013858.0,64013858.0,1.0,-0.3833604503969178
factual,272,55,2,Hubei Province,-0.39169910700842514,64013858.0,64013858.0,1.0,counterfactual,-0.08587168722709937,64013858.0,64013858.0,1.0,-0.30582741978132577
factual,273,55,3,Hubei Province,0.7515156666783401,64013858.0,64013858.0,1.0,counterfactual,0.1654398109880399,64013858.0,64013858.0,1.0,0.5860758556903003
factual,274,55,4,Hubei Province,0.2760560774674077,64013858.0,64013858.0,1.0,counterfactual,0.5319730472441658,64013858.0,64013858.0,1.0,-0.25591696977675815
factual,275,55,5,Hubei Province,0.06599046716372375,64013858.0,64013858.0,1.0,counterfactual,-0.3433412876065498,64013858.0,64013858.0,1.0,0.40933175477027356
factual,276,56,1,Hubei Province,-0.09373279749478877,64013858.0,64013858.0,1.0,counterfactual,-0.26842214185150476,64013858.0,64013858.0,1.0,0.174689344356716
factual,277,56,2,Hubei Province,0.3894836870168668,64013858.0,64013858.0,1.0,counterfactual,0.2674952669029466,64013858.0,64013858.0,1.0,0.12198842011392019
factual,278,56,3,Hubei Province,0.6068198120940783,64013858.0,64013858.0,1.0,counterfactual,0.8824378086314626,64013858.0,64013858.0,1.0,-0.2756179965373843
factual,279,56,4,Hubei Province,-0.43718086429211145,64013858.0,64013858.0,1.0,counterfactual,0.46662956328297356,64013858.0,64013858.0,1.0,-0.903810427575085
factual,280,56,5,Hubei Province,1.3165367839481334,64013858.0,64013858.0,1.0,counterfactual,0.35497412078464435,64013858.0,64013858.0,1.0,0.961562663163489
factual,281,57,1,Hubei Province,-0.4789876103153261,64013858.0,64013858.0,1.0,counterfactual,-0.4023060903272691,64013858.0,64013858.0,1.0,-0.076681519988057
factual,282,57,2,Hubei Province,-0.06932793610064192,64013858.0,64013858.0,1.0,counterfactual,0.01121267089561256,64013858.0,64013858.0,1.0,-0.08054060699625448
factual,283,57,3,Hubei Province,-0.2797230075953554,64013858.0,64013858.0,1.0,counterfactual,0.5809217652602165,64013858.0,64013858.0,1.0,-0.860644772855572
factual,284,57,4,Hubei Province,0.36084117206407584,64013858.0,64013858.0,1.0,counterfactual,-0.9198567015011089,64013858.0,64013858.0,1.0,1.2806978735651846
factual,285,57,5,Hubei Province,-0.03499871719560882,64013858.0,64013858.0,1.0,counterfactual,0.06824897518855004,64013858.0,64013858.0,1.0,-0.10324769238415886
factual,286,58,1,Hubei Province,-0.24613516981730327,64013858.0,64013858.0,1.0,counterfactual,-0.6568913156312918,64013858.0,64013858.0,1.0,0.4107561458139885
factual,287,58,2,Hubei Province,0.17217401800737303,64013858.0,64013858.0,1.0,counterfactual,0.02805490897047115,64013858.0,64013858.0,1.0,0.1441191090369019
factual,288,58,3,Hubei Province,0.05270055797971531,64013858.0,64013858.0,1.0,counterfactual,-0.1471148200298863,64013858.0,64013858.0,1.0,0.1998153780096016
factual,289,58,4,Hubei Province,-0.26097266056189466,64013858.0,64013858.0,1.0,counterfactual,0.1932143805930623,64013858.0,64013858.0,1.0,-0.454187041154957
factual,290,58,5,Hubei Province,0.517727750848379,64013858.0,64013858.0,1.0,counterfactual,0.19532420328609254,64013858.0,64013858.0,1.0,0.3224035475622864
factual,291,59,1,Hubei Province,-0.09096394071213072,64013858.0,64013858.0,1.0,counterfactual,-0.304499766931539,64013858.0,64013858.0,1.0,0.2135358262194083
factual,292,59,2,Hubei Province,0.49495268668168535,64013858.0,64013858.0,1.0,counterfactual,0.9096663157361365,64013858.0,64013858.0,1.0,-0.4147136290544512
factual,293,59,3,Hubei Province,0.35287843136032376,64013858.0,64013858.0,1.0,counterfactual,-0.24227532698992255,64013858.0,64013858.0,1.0,0.5951537583502463
factual,294,59,4,Hubei Province,0.05365522154121324,64013858.0,64013858.0,1.0,counterfactual,-0.34935230645713766,64013858.0,64013858.0,1.0,0.4030075279983509
factual,295,59,5,Hubei Province,0.9403509570081565,64013858.0,64013858.0,1.0,counterfactual,0.7369131350185159,64013858.0,64013858.0,1.0,0.20343782198964067
factual,296,60,1,Hubei Province,-0.5056274317496717,64013858.0,64013858.0,1.0,counterfactual,-0.26278091068723436,64013858.0,64013858.0,1.0,-0.24284652106243737
factual,297,60,2,Hubei Province,0.1330643966318934,64013858.0,64013858.0,1.0,counterfactual,0.1088241746240174,64013858.0,64013858.0,1.0,0.024240222007875997
factual,298,60,3,Hubei Province,-0.1790070791950769,64013858.0,64013858.0,1.0,counterfactual,0.49156164409297504,64013858.0,64013858.0,1.0,-0.670568723288052
factual,299,60,4,Hubei Province,0.8341798752961589,64013858.0,64013858.0,1.0,counterfactual,-0.050726596287526786,64013858.0,64013858.0,1.0,0.8849064715836856
factual,300,60,5,Hubei Province,0.1440327933359832,64013858.0,64013858.0,1.0,counterfactual,0.6529069635164978,64013858.0,64013858.0,1.0,-0.5088741701805146
factual,301,61,1,Hubei Province,0.7698275291155326,64013858.0,64013858.0,1.0,counterfactual,0.3329470484273251,64013858.0,64013858.0,1.0,0.43688048068820756
factual,302,61,2,Hubei Province,-0.670974669886624,64013858.0,64013858.0,1.0,counterfactual,0.15285075301561893,64013858.0,64013858.0,1.0,-0.8238254229022429
factual,303,61,3,Hubei Province,-0.12335684834829576,64013858.0,64013858.0,1.0,counterfactual,0.07751584569473793,64013858.0,64013858.0,1.0,-0.2008726940430337
factual,304,61,4,Hubei Province,1.0132138445065955,64013858.0,64013858.0,1.0,counterfactual,0.5963659248551346,64013858.0,64013858.0,1.0,0.41684791965146084
factual,305,61,5,Hubei Province,-0.28178787333154226,64013858.0,64013858.0,1.0,counterfactual,-0.612643976318457,64013858.0,64013858.0,1.0,0.33085610298691476
factual,306,62,1,Hubei Province,-0.36647599385008184,64013858.0,64013858.0,1.0,counterfactual,-0.7208501250310599,64013858.0,64013858.0,1.0,0.3543741311809781
factual,307,62,2,Hubei Province,0.6222196183419788,64013858.0,64013858.0,1.0,counterfactual,-0.07612666426864795,64013858.0,64013858.0,1.0,0.6983462826106268
factual,308,62,3,Hubei Province,-0.6345647533783064,64013858.0,64013858.0,1.0,counterfactual,-0.3718346267003719,64013858.0,64013858.0,1.0,-0.26273012667793455
factual,309,62,4,Hubei Province,0.7506856441180766,64013858.0,64013858.0,1.0,counterfactual,-0.21839756862881896,64013858.0,64013858.0,1.0,0.9690832127468956
factual,310,62,5,Hubei Province,-0.36506709859086023,64013858.0,64013858.0,1.0,counterfactual,-1.0058077309788698,64013858.0,64013858.0,1.0,0.6407406323880096
factual,311,63,1,Hubei Province,-0.4950658510355369,64013858.0,64013858.0,1.0,counterfactual,0.16418569346034523,64013858.0,64013858.0,1.0,-0.6592515444958822
factual,312,63,2,Hubei Province,-0.20126844876475283,64013858.0,64013858.0,1.0,counterfactual,-0.5140090615779279,64013858.0,64013858.0,1.0,0.3127406128131751
factual,313,63,3,Hubei Province,0.03638564478800904,64013858.0,64013858.0,1.0,counterfactual,-0.47066128025884485,64013858.0,64013858.0,1.0,0.5070469250468539
factual,314,63,4,Hubei Province,-0.3541571916340138,64013858.0,64013858.0,1.0,counterfactual,0.6821271090136637,64013858.0,64013858.0,1.0,-1.0362843006476776
factual,315,63,5,Hubei Province,0.10170022477466055,64013858.0,64013858.0,1.0,counterfactual,0.6965072131970508,64013858.0,64013858.0,1.0,-0.5948069884223902
factual,316,64,1,Hubei Province,0.07665003697744781,64013858.0,64013858.0,1.0,counterfactual,0.7425359671269621,64013858.0,64013858.0,1.0,-0.6658859301495144
factual,317,64,2,Hubei Province,0.3966567298264109,64013858.0,64013858.0,1.0,counterfactual,-0.6083763013422339,64013858.0,64013858.0,1.0,1.0050330311686448
factual,318,64,3,Hubei Province,0.14117727977732158,64013858.0,64013858.0,1.0,counterfactual,0.8059039080023097,64013858.0,64013858.0,1.0,-0.6647266282249882
factual,319,64,4,Hubei Province,-0.23905887037780552,64013858.0,64013858.0,1.0,counterfactual,0.7066131132429497,64013858.0,64013858.0,1.0,-0.9456719836207552
factual,320,64,5,Hubei Province,0.097437854256492,64013858.0,64013858.0,1.0,counterfactual,0.28639543270973494,64013858.0,64013858.0,1.0,-0.18895757845324296
factual,321,65,1,Hubei Province,0.1687853558757631,64013858.0,64013858.0,1.0,counterfactual,0.23132870187458307,64013858.0,64013858.0,1.0,-0.06254334599881997
factual,322,65,2,Hubei Province,0.5710665911407237,64013858.0,64013858.0,1.0,counterfactual,-0.02080959572868717,64013858.0,64013858.0,1.0,0.5918761868694108
factual,323,65,3,Hubei Province,-0.3586117701660354,64013858.0,64013858.0,1.0,counterfactual,0.2562253406962411,64013858.0,64013858.0,1.0,-0.6148371108622765
factual,324,65,4,Hubei Province,-0.32657681035697345,64013858.0,64013858.0,1.0,counterfactual,0.15998500390098436,64013858.0,64013858.0,1.0,-0.4865618142579578
factual,325,65,5,Hubei Province,-0.1625290823131537,64013858.0,64013858.0,1.0,counterfactual,-0.21916688445782542,64013858.0,64013858.0,1.0,0.056637802144671734
factual,326,66,1,Hubei Province,0.27194660474857285,64013858.0,64013858.0,1.0,counterfactual,0.7173630565835004,64013858.0,64013858.0,1.0,-0.44541645183492756
factual,327,66,2,Hubei Province,-0.6225059072576464,64013858.0,64013858.0,1.0,counterfactual,0.5794472217281039,64013858.0,64013858.0,1.0,-1.2019531289857504
factual,328,66,3,Hubei Province,-0.41845963907078665,64013858.0,64013858.0,1.0,counterfactual,-0.11382638230408268,64013858.0,64013858.0,1.0,-0.30463325676670394
factual,329,66,4,Hubei Province,0.1439108442786532,64013858.0,64013858.0,1.0,counterfactual,-0.40464204516539587,64013858.0,64013858.0,1.0,0.548552889444049
factual,330,66,5,Hubei Province,-0.9562837878757028,64013858.0,64013858.0,1.0,counterfactual,0.18524208112519627,64013858.0,64013858.0,1.0,-1.1415258690008991
factual,331,67,1,Hubei Province,1.1786578064940614,64013858.0,64013858.0,1.0,counterfactual,0.2504652659520476,64013858.0,64013858.0,1.0,0.9281925405420137
factual,332,67,2,Hubei Province,-0.3152654591562813,64013858.0,64013858.0,1.0,counterfactual,0.19538305260476355,64013858.0,64013858.0,1.0,-0.5106485117610449
factual,333,67,3,Hubei Province,-0.0859046721201797,64013858.0,64013858.0,1.0,counterfactual,0.14453924184000747,64013858.0,64013858.0,1.0,-0.23044391396018715
factual,334,67,4,Hubei Province,0.2435910509825126,64013858.0,64013858.0,1.0,counterfactual,-0.4515148273381312,64013858.0,64013858.0,1.0,0.6951058783206439
factual,335,67,5,Hubei Province,1.140119013827128,64013858.0,64013858.0,1.0,counterfactual,0.5739595656879356,64013858.0,64013858.0,1.0,0.5661594481391924
factual,336,68,1,Hubei Province,0.9022046732655611,64013858.0,64013858.0,1.0,counterfactual,-0.10686376117608191,64013858.0,64013858.0,1.0,1.009068434441643
factual,337,68,2,Hubei Province,-0.6906141078868672,64013858.0,64013858.0,1.0,counterfactual,-1.1044265918051719,64013858.0,64013858.0,1.0,0.4138124839183047
factual,338,68,3,Hubei Province,0.16990711660057956,64013858.0,64013858.0,1.0,counterfactual,-0.5512501701889382,64013858.0,64013858.0,1.0,0.7211572867895177
factual,339,68,4,Hubei Province,0.6233052271424506,64013858.0,64013858.0,1.0,counterfactual,1.1191928105185651,64013858.0,64013858.0,1.0,-0.4958875833761145
factual,340,68,5,Hubei Province,-0.45789594766989994,64013858.0,64013858.0,1.0,counterfactual,-0.8714352518852182,64013858.0,64013858.0,1.0,0.41353930421531826
factual,341,69,1,Hubei Province,0.3352853549707972,64013858.0,64013858.0,1.0,counterfactual,0.8113058790674165,64013858.0,64013858.0,1.0,-0.47602052409661927
factual,342,69,2,Hubei Province,0.020648758366969267,64013858.0,64013858.0,1.0,counterfactual,-0.05601252044533473,64013858.0,64013858.0,1.0,0.076661278812304
factual,343,69,3,Hubei Province,-0.5182783032703484,64013858.0,64013858.0,1.0,counterfactual,-0.7147316136744654,64013858.0,64013858.0,1.0,0.19645331040411695
factual,344,69,4,Hubei Province,-0.0922911757856425,64013858.0,64013858.0,1.0,counterfactual,-0.2606647953792754,64013858.0,64013858.0,1.0,0.1683736195936329
factual,345,69,5,Hubei Province,-0.31518307870211804,64013858.0,64013858.0,1.0,counterfactual,0.7258554365645499,64013858.0,64013858.0,1.0,-1.041038515266668
factual,346,70,1,Hubei Province,0.5989605860928414,64013858.0,64013858.0,1.0,counterfactual,0.9207913346198116,64013858.0,64013858.0,1.0,-0.32183074852697013
factual,347,70,2,Hubei Province,-1.0320421288782589,64013858.0,64013858.0,1.0,counterfactual,1.2459418827559114,64013858.0,64013858.0,1.0,-2.27798401163417
factual,348,70,3,Hubei Province,0.5792403768653495,64013858.0,64013858.0,1.0,counterfactual,0.048111585051338134,64013858.0,64013858.0,1.0,0.5311287918140113
factual,349,70,4,Hubei Province,-1.2980060222074925,64013858.0,64013858.0,1.0,counterfactual,-0.10881158332570495,64013858.0,64013858.0,1.0,-1.1891944388817874
factual,350,70,5,Hubei Province,0.3437635437195401,64013858.0,64013858.0,1.0,counterfactual,-0.9850514195339279,64013858.0,64013858.0,1.0,1.328814963253468
factual,351,71,1,Hubei Province,-0.45249774111205066,64013858.0,64013858.0,1.0,counterfactual,0.3151067764831792,64013858.0,64013858.0,1.0,-0.7676045175952299
factual,352,71,2,Hubei Province,-1.0398263508149654,64013858.0,64013858.0,1.0,counterfactual,0.04078884881916505,64013858.0,64013858.0,1.0,-1.0806151996341304
factual,353,71,3,Hubei Province,-0.49166931077487613,64013858.0,64013858.0,1.0,counterfactual,-0.025444505939252123,64013858.0,64013858.0,1.0,-0.466224804835624
factual,354,71,4,Hubei Province,-0.16776142685768522,64013858.0,64013858.0,1.0,counterfactual,1.2111818398738028,64013858.0,64013858.0,1.0,-1.378943266731488
factual,355,71,5,Hubei Province,1.1508764176638668,64013858.0,64013858.0,1.0,counterfactual,0.7593971812436924,64013858.0,64013858.0,1.0,0.39147923642017446
factual,356,72,1,Hubei Province,0.17784256161388615,64013858.0,64013858.0,1.0,counterfactual,1.2034600365742527,64013858.0,64013858.0,1.0,-1.0256174749603666
factual,357,72,2,Hubei Province,1.4153672066908731,64013858.0,64013858.0,1.0,counterfactual,-0.2530512515192908,64013858.0,64013858.0,1.0,1.668418458210164
factual,358,72,3,Hubei Province,-0.6102686486338602,64013858.0,64013858.0,1.0,counterfactual,-0.010815050092193646,64013858.0,64013858.0,1.0,-0.5994535985416666
factual,359,72,4,Hubei Province,-0.8054031724644921,64013858.0,64013858.0,1.0,counterfactual,-0.5966442711653954,64013858.0,64013858.0,1.0,-0.2087589012990967
factual,360,72,5,Hubei Province,0.02625771553466855,64013858.0,64013858.0,1.0,counterfactual,0.4169697097747912,64013858.0,64013858.0,1.0,-0.39071199424012265
factual,361,73,1,Hubei Province,0.19502129984184513,64013858.0,64013858.0,1.0,counterfactual,0.2182111699628467,64013858.0,64013858.0,1.0,-0.02318987012100157
factual,362,73,2,Hubei Province,-0.014500469601345654,64013858.0,64013858.0,1.0,counterfactual,0.5325553318037718,64013858.0,64013858.0,1.0,-0.5470558014051174
factual,363,73,3,Hubei Province,0.2795118159444044,64013858.0,64013858.0,1.0,counterfactual,1.377337396262092,64013858.0,64013858.0,1.0,-1.0978255803176877
factual,364,73,4,Hubei Province,-0.051484774271328235,64013858.0,64013858.0,1.0,counterfactual,0.625827359790879,64013858.0,64013858.0,1.0,-0.6773121340622072
factual,365,73,5,Hubei Province,-0.6531794855833665,64013858.0,64013858.0,1.0,counterfactual,-0.4334913178331652,64013858.0,64013858.0,1.0,-0.21968816775020128
factual,366,74,1,Hubei Province,-0.2474996739082354,64013858.0,64013858.0,1.0,counterfactual,0.3468553087531704,64013858.0,64013858.0,1.0,-0.5943549826614059
factual,367,74,2,Hubei Province,0.40336244610973887,64013858.0,64013858.0,1.0,counterfactual,0.8949987952262061,64013858.0,64013858.0,1.0,-0.4916363491164672
factual,368,74,3,Hubei Province,-0.17030909949043466,64013858.0,64013858.0,1.0,counterfactual,0.4670510441534709,64013858.0,64013858.0,1.0,-0.6373601436439056
factual,369,74,4,Hubei Province,-0.7571085228523463,64013858.0,64013858.0,1.0,counterfactual,0.8839779730013285,64013858.0,64013858.0,1.0,-1.6410864958536748
factual,370,74,5,Hubei Province,-0.7058525277557731,64013858.0,64013858.0,1.0,counterfactual,0.5219324645464638,64013858.0,64013858.0,1.0,-1.227784992302237
factual,371,75,1,Hubei Province,-0.29335411563836894,64013858.0,64013858.0,1.0,counterfactual,0.8192820498762146,64013858.0,64013858.0,1.0,-1.1126361655145836
factual,372,75,2,Hubei Province,-0.4524547650836828,64013858.0,64013858.0,1.0,counterfactual,0.9407271723641318,64013858.0,64013858.0,1.0,-1.3931819374478147
factual,373,75,3,Hubei Province,-0.5275711103513611,64013858.0,64013858.0,1.0,counterfactual,-0.08493300889773665,64013858.0,64013858.0,1.0,-0.4426381014536244
factual,374,75,4,Hubei Province,0.4359004221454196,64013858.0,64013858.0,1.0,counterfactual,0.5559721190706349,64013858.0,64013858.0,1.0,-0.12007169692521535
factual,375,75,5,Hubei Province,0.8138879775168792,64013858.0,64013858.0,1.0,counterfactual,0.877860659239157,64013858.0,64013858.0,1.0,-0.06397268172227777
factual,376,76,1,Hubei Province,0.6162336613327828,64013858.0,64013858.0,1.0,counterfactual,0.07464382758114285,64013858.0,64013858.0,1.0,0.5415898337516399
factual,377,76,2,Hubei Province,1.0542871817596118,64013858.0,64013858.0,1.0,counterfactual,0.4853270251572741,64013858.0,64013858.0,1.0,0.5689601566023377
factual,378,76,3,Hubei Province,-0.9944926026032319,64013858.0,64013858.0,1.0,counterfactual,0.37124700912339315,64013858.0,64013858.0,1.0,-1.365739611726625
factual,379,76,4,Hubei Province,-0.13315199915113424,64013858.0,64013858.0,1.0,counterfactual,-0.17365698731524443,64013858.0,64013858.0,1.0,0.04050498816411019
factual,380,76,5,Hubei Province,-0.9639649962157425,64013858.0,64013858.0,1.0,counterfactual,0.1112207890540444,64013858.0,64013858.0,1.0,-1.0751857852697868
factual,381,77,1,Hubei Province,-0.0989492574577952,64013858.0,64013858.0,1.0,counterfactual,0.1973965772706101,64013858.0,64013858.0,1.0,-0.2963458347284053
factual,382,77,2,Hubei Province,-0.7953020219803257,64013858.0,64013858.0,1.0,counterfactual,0.2272788112611528,64013858.0,64013858.0,1.0,-1.0225808332414785
factual,383,77,3,Hubei Province,-0.2715990611406505,64013858.0,64013858.0,1.0,counterfactual,0.003720738297929832,64013858.0,64013858.0,1.0,-0.27531979943858037
factual,384,77,4,Hubei Province,0.4967425635182871,64013858.0,64013858.0,1.0,counterfactual,-0.43409948035223467,64013858.0,64013858.0,1.0,0.9308420438705218
factual,385,77,5,Hubei Province,-0.646294739595891,64013858.0,64013858.0,1.0,counterfactual,0.8792833528639562,64013858.0,64013858.0,1.0,-1.5255780924598472
factual,386,78,1,Hubei Province,0.3193787921723337,64013858.0,64013858.0,1.0,counterfactual,0.18661717556728263,64013858.0,64013858.0,1.0,0.1327616166050511
factual,387,78,2,Hubei Province,0.23669260943406284,64013858.0,64013858.0,1.0,counterfactual,-0.021589918189261908,64013858.0,64013858.0,1.0,0.25828252762332476
factual,388,78,3,Hubei Province,0.07580965032099903,64013858.0,64013858.0,1.0,counterfactual,0.36150908843353974,64013858.0,64013858.0,1.0,-0.2856994381125407
factual,389,78,4,Hubei Province,-0.3027352466692375,64013858.0,64013858.0,1.0,counterfactual,0.9649313338898619,64013858.0,64013858.0,1.0,-1.2676665805590994
factual,390,78,5,Hubei Province,-0.05122726187005179,64013858.0,64013858.0,1.0,counterfactual,0.20618642934483047,64013858.0,64013858.0,1.0,-0.2574136912148823
factual,391,79,1,Hubei Province,0.4687101995977283,64013858.0,64013858.0,1.0,counterfactual,0.6580862303816666,64013858.0,64013858.0,1.0,-0.18937603078393828
factual,392,79,2,Hubei Province,-0.7498614190033951,64013858.0,64013858.0,1.0,counterfactual,-0.7020986097072417,64013858.0,64013858.0,1.0,-0.0477628092961534
factual,393,79,3,Hubei Province,0.4313923661486244,64013858.0,64013858.0,1.0,counterfactual,-0.02134150961869368,64013858.0,64013858.0,1.0,0.4527338757673181
factual,394,79,4,Hubei Province,1.1241543474448208,64013858.0,64013858.0,1.0,counterfactual,0.44594223017636747,64013858.0,64013858.0,1.0,0.6782121172684533
factual,395,79,5,Hubei Province,0.002730751207735994,64013858.0,64013858.0,1.0,counterfactual,0.5022091940877698,64013858.0,64013858.0,1.0,-0.4994784428800338
factual,396,80,1,Hubei Province,-0.3064418127064545,64013858.0,64013858.0,1.0,counterfactual,0.2562475543441804,64013858.0,64013858.0,1.0,-0.5626893670506349
factual,397,80,2,Hubei Province,-0.178752100691268,64013858.0,64013858.0,1.0,counterfactual,0.1419420888277086,64013858.0,64013858.0,1.0,-0.3206941895189766
factual,398,80,3,Hubei Province,0.5218486659561682,64013858.0,64013858.0,1.0,counterfactual,-0.40207916423350315,64013858.0,64013858.0,1.0,0.9239278301896714
factual,399,80,4,Hubei Province,-0.3494733054636205,64013858.0,64013858.0,1.0,counterfactual,-0.5663103335321756,64013858.0,64013858.0,1.0,0.21683702806855515
factual,400,80,5,Hubei Province,-0.32046365688737455,64013858.0,64013858.0,1.0,counterfactual,0.3174630226618072,64013858.0,64013858.0,1.0,-0.6379266795491818
factual,401,81,1,Hubei Province,-1.1255126056602962,64013858.0,64013858.0,1.0,counterfactual,0.5880443451074556,64013858.0,64013858.0,1.0,-1.7135569507677517
factual,402,81,2,Hubei Province,0.9711786953636931,64013858.0,64013858.0,1.0,counterfactual,0.18637681097084494,64013858.0,64013858.0,1.0,0.7848018843928481
factual,403,81,3,Hubei Province,0.24566460092714082,64013858.0,64013858.0,1.0,counterfactual,0.27284499555203695,64013858.0,64013858.0,1.0,-0.02718039462489613
factual,404,81,4,Hubei Province,-0.8075367436941774,64013858.0,64013858.0,1.0,counterfactual,0.39787977544399855,64013858.0,64013858.0,1.0,-1.205416519138176
factual,405,81,5,Hubei Province,0.5377602970477049,64013858.0,64013858.0,1.0,counterfactual,0.0004818630445898096,64013858.0,64013858.0,1.0,0.537278434003115
factual,406,82,1,Hubei Province,0.2229690599549619,64013858.0,64013858.0,1.0,counterfactual,-1.0317675213828768,64013858.0,64013858.0,1.0,1.2547365813378386
factual,407,82,2,Hubei Province,0.04714623680306006,64013858.0,64013858.0,1.0,counterfactual,0.20082894910667534,64013858.0,64013858.0,1.0,-0.1536827123036153
factual,408,82,3,Hubei Province,-0.7865849247052847,64013858.0,64013858.0,1.0,counterfactual,-0.8427665449537914,64013858.0,64013858.0,1.0,0.0561816202485067
factual,409,82,4,Hubei Province,0.3614378276216528,64013858.0,64013858.0,1.0,counterfactual,-0.5014685660850814,64013858.0,64013858.0,1.0,0.8629063937067342
factual,410,82,5,Hubei Province,-0.9891778877037873,64013858.0,64013858.0,1.0,counterfactual,0.7583515867049058,64013858.0,64013858.0,1.0,-1.747529474408693
factual,411,83,1,Hubei Province,0.3120015873733789,64013858.0,64013858.0,1.0,counterfactual,-0.2001371583241957,64013858.0,64013858.0,1.0,0.5121387456975746
factual,412,83,2,Hubei Province,-0.6862832136788765,64013858.0,64013858.0,1.0,counterfactual,-0.3020577543348269,64013858.0,64013858.0,1.0,-0.38422545934404956
factual,413,83,3,Hubei Province,-0.7760395800104356,64013858.0,64013858.0,1.0,counterfactual,-0.46079957524165677,64013858.0,64013858.0,1.0,-0.31524000476877884
factual,414,83,4,Hubei Province,-0.3483531495467927,64013858.0,64013858.0,1.0,counterfactual,-0.1601420662373017,64013858.0,64013858.0,1.0,-0.188211083309491
factual,415,83,5,Hubei Province,0.41686482637749706,64013858.0,64013858.0,1.0,counterfactual,0.19694237820832827,64013858.0,64013858.0,1.0,0.21992244816916878
factual,416,84,1,Hubei Province,-0.1043966437459681,64013858.0,64013858.0,1.0,counterfactual,1.167654152521615,64013858.0,64013858.0,1.0,-1.272050796267583
factual,417,84,2,Hubei Province,-0.014656721507773664,64013858.0,64013858.0,1.0,counterfactual,-0.24178670760350118,64013858.0,64013858.0,1.0,0.22712998609572752
factual,418,84,3,Hubei Province,0.4239172428511275,64013858.0,64013858.0,1.0,counterfactual,-0.2779391086595853,64013858.0,64013858.0,1.0,0.7018563515107128
factual,419,84,4,Hubei Province,-0.23785822589873765,64013858.0,64013858.0,1.0,counterfactual,-0.060584373412949456,64013858.0,64013858.0,1.0,-0.1772738524857882
factual,420,84,5,Hubei Province,-0.14512132301910816,64013858.0,64013858.0,1.0,counterfactual,-0.4331132900754292,64013858.0,64013858.0,1.0,0.287991967056321
factual,421,85,1,Hubei Province,0.2862869293979608,64013858.0,64013858.0,1.0,counterfactual,0.8667007198480905,64013858.0,64013858.0,1.0,-0.5804137904501296
factual,422,85,2,Hubei Province,0.369831611100854,64013858.0,64013858.0,1.0,counterfactual,0.40029051916842273,64013858.0,64013858.0,1.0,-0.030458908067568735
factual,423,85,3,Hubei Province,0.16553849340702706,64013858.0,64013858.0,1.0,counterfactual,0.6740914226571434,64013858.0,64013858.0,1.0,-0.5085529292501163
factual,424,85,4,Hubei Province,0.7572262506644195,64013858.0,64013858.0,1.0,counterfactual,0.6305380175888451,64013858.0,64013858.0,1.0,0.12668823307557442
factual,425,85,5,Hubei Province,-0.48895158276670025,64013858.0,64013858.0,1.0,counterfactual,0.27180800723216963,64013858.0,64013858.0,1.0,-0.76075958999887
factual,426,86,1,Hubei Province,0.4002652975879498,64013858.0,64013858.0,1.0,counterfactual,1.35103190957319,64013858.0,64013858.0,1.0,-0.9507666119852402
factual,427,86,2,Hubei Province,0.2701177289491753,64013858.0,64013858.0,1.0,counterfactual,-0.3179517355805248,64013858.0,64013858.0,1.0,0.5880694645297001
factual,428,86,3,Hubei Province,0.2569265953152802,64013858.0,64013858.0,1.0,counterfactual,0.05921171179945611,64013858.0,64013858.0,1.0,0.1977148835158241
factual,429,86,4,Hubei Province,0.2339025188752244,64013858.0,64013858.0,1.0,counterfactual,0.3961820864709626,64013858.0,64013858.0,1.0,-0.1622795675957382
factual,430,86,5,Hubei Province,-0.47351572316347185,64013858.0,64013858.0,1.0,counterfactual,0.2639440375186035,64013858.0,64013858.0,1.0,-0.7374597606820754
factual,431,87,1,Hubei Province,0.16296468854180604,64013858.0,64013858.0,1.0,counterfactual,-0.2659869687970965,64013858.0,64013858.0,1.0,0.4289516573389025
factual,432,87,2,Hubei Province,0.15965285984205288,64013858.0,64013858.0,1.0,counterfactual,0.6651782744859658,64013858.0,64013858.0,1.0,-0.5055254146439129
factual,433,87,3,Hubei Province,0.04677503985641411,64013858.0,64013858.0,1.0,counterfactual,-0.16177364547752915,64013858.0,64013858.0,1.0,0.20854868533394327
factual,434,87,4,Hubei Province,-0.18699345456635555,64013858.0,64013858.0,1.0,counterfactual,0.1790085279218255,64013858.0,64013858.0,1.0,-0.36600198248818105
factual,435,87,5,Hubei Province,-0.7191493757827692,64013858.0,64013858.0,1.0,counterfactual,0.30926934107796183,64013858.0,64013858.0,1.0,-1.028418716860731
factual,436,88,1,Hubei Province,-0.4602079627206066,64013858.0,64013858.0,1.0,counterfactual,-0.45234338745807995,64013858.0,64013858.0,1.0,-0.007864575262526652
factual,437,88,2,Hubei Province,0.6289091513073244,64013858.0,64013858.0,1.0,counterfactual,-0.7060487169106978,64013858.0,64013858.0,1.0,1.334957868218022
factual,438,88,3,Hubei Province,-0.24347823901262264,64013858.0,64013858.0,1.0,counterfactual,0.6355027761618834,64013858.0,64013858.0,1.0,-0.8789810151745061
factual,439,88,4,Hubei Province,-0.19301920396786024,64013858.0,64013858.0,1.0,counterfactual,0.05772404069921634,64013858.0,64013858.0,1.0,-0.2507432446670766
factual,440,88,5,Hubei Province,0.755027653091488,64013858.0,64013858.0,1.0,counterfactual,0.2151975733536549,64013858.0,64013858.0,1.0,0.5398300797378331
factual,441,89,1,Hubei Province,0.7906071305683283,64013858.0,64013858.0,1.0,counterfactual,0.7245814143921683,64013858.0,64013858.0,1.0,0.06602571617616004
factual,442,89,2,Hubei Province,-0.525118511335012,64013858.0,64013858.0,1.0,counterfactual,0.11106151764525186,64013858.0,64013858.0,1.0,-0.6361800289802638
factual,443,89,3,Hubei Province,-0.8869492553821227,64013858.0,64013858.0,1.0,counterfactual,-0.03475484743874293,64013858.0,64013858.0,1.0,-0.8521944079433798
factual,444,89,4,Hubei Province,0.3490234730338555,64013858.0,64013858.0,1.0,counterfactual,0.4813487465549059,64013858.0,64013858.0,1.0,-0.1323252735210504
factual,445,89,5,Hubei Province,-0.6557664099148366,64013858.0,64013858.0,1.0,counterfactual,-0.2262760435482846,64013858.0,64013858.0,1.0,-0.429490366366552
factual,446,90,1,Hubei Province,0.2537811790629541,64013858.0,64013858.0,1.0,counterfactual,0.7421401347922902,64013858.0,64013858.0,1.0,-0.48835895572933613
factual,447,90,2,Hubei Province,0.5578029084764319,64013858.0,64013858.0,1.0,counterfactual,0.15263335663560673,64013858.0,64013858.0,1.0,0.40516955184082515
factual,448,90,3,Hubei Province,0.8403111480087884,64013858.0,64013858.0,1.0,counterfactual,0.062090211578674136,64013858.0,64013858.0,1.0,0.7782209364301143
factual,449,90,4,Hubei Province,0.085308600579698,64013858.0,64013858.0,1.0,counterfactual,-0.8515349593730239,64013858.0,64013858.0,1.0,0.936843559952722
factual,450,90,5,Hubei Province,0.08805884367150156,64013858.0,64013858.0,1.0,counterfactual,-1.002995649278878,64013858.0,64013858.0,1.0,1.0910544929503796
factual,451,91,1,Hubei Province,0.8264823705501279,64013858.0,64013858.0,1.0,counterfactual,-0.8682084288502772,64013858.0,64013858.0,1.0,1.694690799400405
factual,452,91,2,Hubei Province,0.03417254935466335,64013858.0,64013858.0,1.0,counterfactual,0.10328656929695891,64013858.0,64013858.0,1.0,-0.06911401994229556
factual,453,91,3,Hubei Province,0.7897741598148034,64013858.0,64013858.0,1.0,counterfactual,-0.07014465920835355,64013858.0,64013858.0,1.0,0.8599188190231569
factual,454,91,4,Hubei Province,1.0521891272781163,64013858.0,64013858.0,1.0,counterfactual,-0.43290028699032596,64013858.0,64013858.0,1.0,1.4850894142684423
factual,455,91,5,Hubei Province,0.09457887746392599,64013858.0,64013858.0,1.0,counterfactual,0.14705038818076108,64013858.0,64013858.0,1.0,-0.05247151071683509
factual,456,92,1,Hubei Province,0.615350917677035,64013858.0,64013858.0,1.0,counterfactual,0.27944216993634285,64013858.0,64013858.0,1.0,0.3359087477406921
factual,457,92,2,Hubei Province,-0.4403376311485278,64013858.0,64013858.0,1.0,counterfactual,0.6452046613843956,64013858.0,64013858.0,1.0,-1.0855422925329234
factual,458,92,3,Hubei Province,-0.0971267843481467,64013858.0,64013858.0,1.0,counterfactual,0.7378567340773582,64013858.0,64013858.0,1.0,-0.8349835184255049
factual,459,92,4,Hubei Province,0.5963992824809012,64013858.0,64013858.0,1.0,counterfactual,1.2489461384837042,64013858.0,64013858.0,1.0,-0.6525468560028029
factual,460,92,5,Hubei Province,-1.3854606020113156,64013858.0,64013858.0,1.0,counterfactual,-0.4038342438195268,64013858.0,64013858.0,1.0,-0.9816263581917888
factual,461,93,1,Hubei Province,-0.12469471283436594,64013858.0,64013858.0,1.0,counterfactual,-0.8961706988697785,64013858.0,64013858.0,1.0,0.7714759860354126
factual,462,93,2,Hubei Province,0.2071812690215975,64013858.0,64013858.0,1.0,counterfactual,-0.042001450536009656,64013858.0,64013858.0,1.0,0.24918271955760715
factual,463,93,3,Hubei Province,0.9669583249311688,64013858.0,64013858.0,1.0,counterfactual,-0.4529307535100755,64013858.0,64013858.0,1.0,1.4198890784412443
factual,464,93,4,Hubei Province,-0.4434720439596343,64013858.0,64013858.0,1.0,counterfactual,-0.6705588876342874,64013858.0,64013858.0,1.0,0.2270868436746531
factual,465,93,5,Hubei Province,-0.8393719899308982,64013858.0,64013858.0,1.0,counterfactual,0.5427265893142024,64013858.0,64013858.0,1.0,-1.3820985792451006
factual,466,94,1,Hubei Province,0.6330949970709429,64013858.0,64013858.0,1.0,counterfactual,0.28746813436555413,64013858.0,64013858.0,1.0,0.3456268627053887
factual,467,94,2,Hubei Province,0.09721117929913366,64013858.0,64013858.0,1.0,counterfactual,0.23589307908778606,64013858.0,64013858.0,1.0,-0.13868189978865242
factual,468,94,3,Hubei Province,-1.506137852724961,64013858.0,64013858.0,1.0,counterfactual,-0.5892682685373749,64013858.0,64013858.0,1.0,-0.916869584187586
factual,469,94,4,Hubei Province,0.3577458126066422,64013858.0,64013858.0,1.0,counterfactual,-0.12200679963163967,64013858.0,64013858.0,1.0,0.47975261223828186
factual,470,94,5,Hubei Province,-0.26696162614511015,64013858.0,64013858.0,1.0,counterfactual,0.946611163479636,64013858.0,64013858.0,1.0,-1.2135727896247461
factual,471,95,1,Hubei Province,0.18860549833238693,64013858.0,64013858.0,1.0,counterfactual,0.01120937920318573,64013858.0,64013858.0,1.0,0.1773961191292012
factual,472,95,2,Hubei Province,0.32114681525842714,64013858.0,64013858.0,1.0,counterfactual,1.0531648099572655,64013858.0,64013858.0,1.0,-0.7320179946988383
factual,473,95,3,Hubei Province,0.40096879930853346,64013858.0,64013858.0,1.0,counterfactual,0.01781127192248319,64013858.0,64013858.0,1.0,0.38315752738605025
factual,474,95,4,Hubei Province,0.5183419411605328,64013858.0,64013858.0,1.0,counterfactual,-0.407343323768722,64013858.0,64013858.0,1.0,0.9256852649292548
factual,475,95,5,Hubei Province,0.7556100165576257,64013858.0,64013858.0,1.0,counterfactual,0.8400510160880674,64013858.0,64013858.0,1.0,-0.08444099953044171
factual,476,96,1,Hubei Province,0.4116359772242887,64013858.0,64013858.0,1.0,counterfactual,-0.45565694597929873,64013858.0,64013858.0,1.0,0.8672929232035874
factual,477,96,2,Hubei Province,-0.36964722768391955,64013858.0,64013858.0,1.0,counterfactual,-0.27905985639237135,64013858.0,64013858.0,1.0,-0.0905873712915482
factual,478,96,3,Hubei Province,-0.7398618569335133,64013858.0,64013858.0,1.0,counterfactual,0.39797158686110506,64013858.0,64013858.0,1.0,-1.1378334437946183
factual,479,96,4,Hubei Province,0.4053468341817243,64013858.0,64013858.0,1.0,counterfactual,-0.2184090794134975,64013858.0,64013858.0,1.0,0.6237559135952218
factual,480,96,5,Hubei Province,0.34362577181547166,64013858.0,64013858.0,1.0,counterfactual,-0.5524965022469825,64013858.0,64013858.0,1.0,0.8961222740624541
factual,481,97,1,Hubei Province,0.46484267783112676,64013858.0,64013858.0,1.0,counterfactual,1.159656505127879,64013858.0,64013858.0,1.0,-0.6948138272967523
factual,482,97,2,Hubei Province,-0.5820741756565518,64013858.0,64013858.0,1.0,counterfactual,0.8727288169060301,64013858.0,64013858.0,1.0,-1.4548029925625818
factual,483,97,3,Hubei Province,-0.4429969118226156,64013858.0,64013858.0,1.0,counterfactual,0.20118225478410684,64013858.0,64013858.0,1.0,-0.6441791666067225
factual,484,97,4,Hubei Province,0.7158614341147358,64013858.0,64013858.0,1.0,counterfactual,0.3895638376489144,64013858.0,64013858.0,1.0,0.3262975964658214
factual,485,97,5,Hubei Province,0.49203968686048716,64013858.0,64013858.0,1.0,counterfactual,-0.7967347047460277,64013858.0,64013858.0,1.0,1.2887743916065149
factual,486,98,1,Hubei Province,-0.6390697085334941,64013858.0,64013858.0,1.0,counterfactual,-0.3945557738120279,64013858.0,64013858.0,1.0,-0.2445139347214662
factual,487,98,2,Hubei Province,0.19825681382151553,64013858.0,64013858.0,1.0,counterfactual,-0.049802800538954285,64013858.0,64013858.0,1.0,0.2480596143604698
factual,488,98,3,Hubei Province,-0.3354971269245937,64013858.0,64013858.0,1.0,counterfactual,0.8221974784666501,64013858.0,64013858.0,1.0,-1.1576946053912438
factual,489,98,4,Hubei Province,-0.15210487745650478,64013858.0,64013858.0,1.0,counterfactual,0.2560982812217726,64013858.0,64013858.0,1.0,-0.4082031586782774
factual,490,98,5,Hubei Province,-0.4001388536765727,64013858.0,64013858.0,1.0,counterfactual,-0.22059103115965936,64013858.0,64013858.0,1.0,-0.17954782251691334
factual,491,99,1,Hubei Province,0.2910502542438683,64013858.0,64013858.0,1.0,counterfactual,0.41707244672560917,64013858.0,64013858.0,1.0,-0.12602219248174085
factual,492,99,2,Hubei Province,0.8572286068272899,64013858.0,64013858.0,1.0,counterfactual,0.7105735897631573,64013858.0,64013858.0,1.0,0.14665501706413253
factual,493,99,3,Hubei Province,0.027345792476815976,64013858.0,64013858.0,1.0,counterfactual,0.03259838044458297,64013858.0,64013858.0,1.0,-0.0052525879677669945
factual,494,99,4,Hubei Province,-0.02385417525429484,64013858.0,64013858.0,1.0,counterfactual,0.48244075450962404,64013858.0,64013858.0,1.0,-0.5062949297639189
factual,495,99,5,Hubei Province,0.7889647497506415,64013858.0,64013858.0,1.0,counterfactual,0.39275158023681245,64013858.0,64013858.0,1.0,0.396213169513829
factual,496,100,1,Hubei Province,0.9497458093539832,64013858.0,64013858.0,1.0,counterfactual,0.7310268367511608,64013858.0,64013858.0,1.0,0.21871897260282247
factual,497,100,2,Hubei Province,-0.7205858107595945,64013858.0,64013858.0,1.0,counterfactual,-0.9614767406504303,64013858.0,64013858.0,1.0,0.24089092989083583
factual,498,100,3,Hubei Province,0.09656547241462753,64013858.0,64013858.0,1.0,counterfactual,0.33498359442600617,64013858.0,64013858.0,1.0,-0.23841812201137863
factual,499,100,4,Hubei Province,-0.5393070385378893,64013858.0,64013858.0,1.0,counterfactual,-0.7643025560797022,64013858.0,64013858.0,1.0,0.2249955175418129
factual,500,100,5,Hubei Province,0.8724074881162743,64013858.0,64013858.0,1.0,counterfactual,0.5230510554565205,64013858.0,64013858.0,1.0,0.3493564326597538
factual,501,101,1,Hubei Province,0.44805488529770193,64013858.0,64013858.0,1.0,counterfactual,0.13285346960260375,64013858.0,64013858.0,1.0,0.3152014156950982
factual,502,101,2,Hubei Province,-0.25736021275289817,64013858.0,64013858.0,1.0,counterfactual,-0.19682467228494757,64013858.0,64013858.0,1.0,-0.060535540467950594
factual,503,101,3,Hubei Province,-0.060767701259305744,64013858.0,64013858.0,1.0,counterfactual,0.5711278110444407,64013858.0,64013858.0,1.0,-0.6318955123037464
factual,504,101,4,Hubei Province,0.7444804313080255,64013858.0,64013858.0,1.0,counterfactual,-0.32191599285370354,64013858.0,64013858.0,1.0,1.066396424161729
factual,505,101,5,Hubei Province,-0.4753364963933974,64013858.0,64013858.0,1.0,counterfactual,-0.021337510951078463,64013858.0,64013858.0,1.0,-0.453998985442319
factual,506,102,1,Hubei Province,-0.4458224131715991,64013858.0,64013858.0,1.0,counterfactual,-0.6166787899802294,64013858.0,64013858.0,1.0,0.1708563768086303
factual,507,102,2,Hubei Province,0.293135868369961,64013858.0,64013858.0,1.0,counterfactual,-0.1618482280633533,64013858.0,64013858.0,1.0,0.4549840964333143
factual,508,102,3,Hubei Province,0.31527315627464336,64013858.0,64013858.0,1.0,counterfactual,0.8580142400152647,64013858.0,64013858.0,1.0,-0.5427410837406214
factual,509,102,4,Hubei Province,-0.15290085840998446,64013858.0,64013858.0,1.0,counterfactual,0.2001465129674119,64013858.0,64013858.0,1.0,-0.3530473713773964
factual,510,102,5,Hubei Province,-0.3048928579748956,64013858.0,64013858.0,1.0,counterfactual,0.25103149109783046,64013858.0,64013858.0,1.0,-0.5559243490727261
factual,511,103,1,Hubei Province,-0.36783663189291343,64013858.0,64013858.0,1.0,counterfactual,1.255622452394917,64013858.0,64013858.0,1.0,-1.6234590842878305
factual,512,103,2,Hubei Province,-0.3427064523125802,64013858.0,64013858.0,1.0,counterfactual,-1.1125916475688338,64013858.0,64013858.0,1.0,0.7698851952562535
factual,513,103,3,Hubei Province,1.1018598976031184,64013858.0,64013858.0,1.0,counterfactual,0.07249903272878068,64013858.0,64013858.0,1.0,1.0293608648743378
factual,514,103,4,Hubei Province,0.3109356538608495,64013858.0,64013858.0,1.0,counterfactual,1.004110139514314,64013858.0,64013858.0,1.0,-0.6931744856534645
factual,515,103,5,Hubei Province,-0.22528341952842232,64013858.0,64013858.0,1.0,counterfactual,0.3008781211280301,64013858.0,64013858.0,1.0,-0.5261615406564524
factual,516,104,1,Hubei Province,-0.036689713469267325,64013858.0,64013858.0,1.0,counterfactual,0.4704967250146538,64013858.0,64013858.0,1.0,-0.5071864384839211
factual,517,104,2,Hubei Province,-0.9047811411508718,64013858.0,64013858.0,1.0,counterfactual,0.31495219979594535,64013858.0,64013858.0,1.0,-1.2197333409468172
factual,518,104,3,Hubei Province,0.5583747792389946,64013858.0,64013858.0,1.0,counterfactual,0.7603068694084103,64013858.0,64013858.0,1.0,-0.2019320901694157
factual,519,104,4,Hubei Province,0.1760648585588936,64013858.0,64013858.0,1.0,counterfactual,-0.27667761070663255,64013858.0,64013858.0,1.0,0.45274246926552614
factual,520,104,5,Hubei Province,0.8875968598046134,64013858.0,64013858.0,1.0,counterfactual,0.26877219503475985,64013858.0,64013858.0,1.0,0.6188246647698536
factual,521,105,1,Hubei Province,0.656859443223555,64013858.0,64013858.0,1.0,counterfactual,0.062253626251432825,64013858.0,64013858.0,1.0,0.5946058169721222
factual,522,105,2,Hubei Province,0.509723682494055,64013858.0,64013858.0,1.0,counterfactual,0.21309898080658118,64013858.0,64013858.0,1.0,0.2966247016874738
factual,523,105,3,Hubei Province,-1.1702632733051828,64013858.0,64013858.0,1.0,counterfactual,0.8107177932553666,64013858.0,64013858.0,1.0,-1.9809810665605494
factual,524,105,4,Hubei Province,0.9710482344451767,64013858.0,64013858.0,1.0,counterfactual,-0.19893297276781724,64013858.0,64013858.0,1.0,1.169981207212994
factual,525,105,5,Hubei Province,0.5840047718941918,64013858.0,64013858.0,1.0,counterfactual,0.2230216362976024,64013858.0,64013858.0,1.0,0.36098313559658934
factual,1,1,1,Hunan Province,-1.2935161797606551,70570269.0,70570269.0,1.0,counterfactual,0.15653293476707658,70570269.0,70570269.0,1.0,-1.4500491145277317
factual,2,1,2,Hunan Province,0.01761121993473033,70570269.0,70570269.0,1.0,counterfactual,0.2632670471071973,70570269.0,70570269.0,1.0,-0.24565582717246695
factual,3,1,3,Hunan Province,1.0867991051951236,70570269.0,70570269.0,1.0,counterfactual,-0.11118463166918806,70570269.0,70570269.0,1.0,1.1979837368643116
factual,4,1,4,Hunan Province,-0.27213381421926924,70570269.0,70570269.0,1.0,counterfactual,0.11257283024797024,70570269.0,70570269.0,1.0,-0.38470664446723946
factual,5,1,5,Hunan Province,0.7984193739446172,70570269.0,70570269.0,1.0,counterfactual,-0.19830384545258695,70570269.0,70570269.0,1.0,0.9967232193972041
factual,6,2,1,Hunan Province,0.056517261954976694,70570269.0,70570269.0,1.0,counterfactual,0.28314710133805976,70570269.0,70570269.0,1.0,-0.22662983938308306
factual,7,2,2,Hunan Province,-0.863779707442844,70570269.0,70570269.0,1.0,counterfactual,0.44624220085430105,70570269.0,70570269.0,1.0,-1.3100219082971452
factual,8,2,3,Hunan Province,-0.610620210340331,70570269.0,70570269.0,1.0,counterfactual,-0.10442814510405468,70570269.0,70570269.0,1.0,-0.5061920652362764
factual,9,2,4,Hunan Province,-0.8945250343601007,70570269.0,70570269.0,1.0,counterfactual,1.491864567786526,70570269.0,70570269.0,1.0,-2.3863896021466267
factual,10,2,5,Hunan Province,-0.9700229104978079,70570269.0,70570269.0,1.0,counterfactual,0.2812911115757158,70570269.0,70570269.0,1.0,-1.2513140220735237
factual,11,3,1,Hunan Province,0.15042105326402164,70570269.0,70570269.0,1.0,counterfactual,0.1794316958048562,70570269.0,70570269.0,1.0,-0.029010642540834575
factual,12,3,2,Hunan Province,-0.7964122892852181,70570269.0,70570269.0,1.0,counterfactual,-0.45534889799042666,70570269.0,70570269.0,1.0,-0.34106339129479146
factual,13,3,3,Hunan Province,0.22743467207973608,70570269.0,70570269.0,1.0,counterfactual,0.9201032859101769,70570269.0,70570269.0,1.0,-0.6926686138304408
factual,14,3,4,Hunan Province,-0.10846973681510681,70570269.0,70570269.0,1.0,counterfactual,-0.9972381360507124,70570269.0,70570269.0,1.0,0.8887683992356056
factual,15,3,5,Hunan Province,0.6414233602701644,70570269.0,70570269.0,1.0,counterfactual,-0.4731348488717484,70570269.0,70570269.0,1.0,1.1145582091419128
factual,16,4,1,Hunan Province,-0.04682153320559661,70570269.0,70570269.0,1.0,counterfactual,0.1697471282283118,70570269.0,70570269.0,1.0,-0.2165686614339084
factual,17,4,2,Hunan Province,-0.6342172104524282,70570269.0,70570269.0,1.0,counterfactual,0.48746347899154086,70570269.0,70570269.0,1.0,-1.121680689443969
factual,18,4,3,Hunan Province,-0.09037562869912688,70570269.0,70570269.0,1.0,counterfactual,-0.9030610123634536,70570269.0,70570269.0,1.0,0.8126853836643267
factual,19,4,4,Hunan Province,-0.4126273927526744,70570269.0,70570269.0,1.0,counterfactual,0.8185101330087661,70570269.0,70570269.0,1.0,-1.2311375257614405
factual,20,4,5,Hunan Province,0.19415676950699465,70570269.0,70570269.0,1.0,counterfactual,0.3389994180601855,70570269.0,70570269.0,1.0,-0.14484264855319087
factual,21,5,1,Hunan Province,0.6642666374205095,70570269.0,70570269.0,1.0,counterfactual,0.29413868925243836,70570269.0,70570269.0,1.0,0.37012794816807115
factual,22,5,2,Hunan Province,0.1460919910952714,70570269.0,70570269.0,1.0,counterfactual,0.24527198964230604,70570269.0,70570269.0,1.0,-0.09917999854703463
factual,23,5,3,Hunan Province,-0.3011531184532116,70570269.0,70570269.0,1.0,counterfactual,0.5676040134916566,70570269.0,70570269.0,1.0,-0.8687571319448681
factual,24,5,4,Hunan Province,-0.29519724050197016,70570269.0,70570269.0,1.0,counterfactual,0.8310930156621085,70570269.0,70570269.0,1.0,-1.1262902561640786
factual,25,5,5,Hunan Province,0.21199004516385178,70570269.0,70570269.0,1.0,counterfactual,-0.4916311920973797,70570269.0,70570269.0,1.0,0.7036212372612315
factual,26,6,1,Hunan Province,0.47396121789558343,70570269.0,70570269.0,1.0,counterfactual,0.8788966167325354,70570269.0,70570269.0,1.0,-0.40493539883695195
factual,27,6,2,Hunan Province,-0.6224400084460211,70570269.0,70570269.0,1.0,counterfactual,0.6192056533436158,70570269.0,70570269.0,1.0,-1.241645661789637
factual,28,6,3,Hunan Province,0.28752313101902854,70570269.0,70570269.0,1.0,counterfactual,-0.9992077867013363,70570269.0,70570269.0,1.0,1.2867309177203647
factual,29,6,4,Hunan Province,-0.3471494222144656,70570269.0,70570269.0,1.0,counterfactual,-0.04019025650042642,70570269.0,70570269.0,1.0,-0.3069591657140392
factual,30,6,5,Hunan Province,0.9735155925819858,70570269.0,70570269.0,1.0,counterfactual,-0.5719686175530718,70570269.0,70570269.0,1.0,1.5454842101350577
factual,31,7,1,Hunan Province,-0.40180167603840355,70570269.0,70570269.0,1.0,counterfactual,1.0567389509603724,70570269.0,70570269.0,1.0,-1.458540626998776
factual,32,7,2,Hunan Province,0.7833505925080337,70570269.0,70570269.0,1.0,counterfactual,0.5824766226215369,70570269.0,70570269.0,1.0,0.20087396988649686
factual,33,7,3,Hunan Province,-0.3247605935779582,70570269.0,70570269.0,1.0,counterfactual,-0.42581746482837823,70570269.0,70570269.0,1.0,0.10105687125042001
factual,34,7,4,Hunan Province,-0.051566551641946984,70570269.0,70570269.0,1.0,counterfactual,0.6878843645187684,70570269.0,70570269.0,1.0,-0.7394509161607155
factual,35,7,5,Hunan Province,0.47498320570819014,70570269.0,70570269.0,1.0,counterfactual,-0.8401875447865892,70570269.0,70570269.0,1.0,1.3151707504947794
factual,36,8,1,Hunan Province,1.5324722768663106,70570269.0,70570269.0,1.0,counterfactual,0.26983179474281405,70570269.0,70570269.0,1.0,1.2626404821234964
factual,37,8,2,Hunan Province,-0.015897192730852574,70570269.0,70570269.0,1.0,counterfactual,0.4801207122569587,70570269.0,70570269.0,1.0,-0.49601790498781123
factual,38,8,3,Hunan Province,-0.6269469125570487,70570269.0,70570269.0,1.0,counterfactual,0.8355469920635299,70570269.0,70570269.0,1.0,-1.4624939046205787
factual,39,8,4,Hunan Province,0.4865155899938234,70570269.0,70570269.0,1.0,counterfactual,0.6951483585426359,70570269.0,70570269.0,1.0,-0.20863276854881252
factual,40,8,5,Hunan Province,0.19074014436156342,70570269.0,70570269.0,1.0,counterfactual,-0.9489212336254976,70570269.0,70570269.0,1.0,1.139661377987061
factual,41,9,1,Hunan Province,-1.221793862526756,70570269.0,70570269.0,1.0,counterfactual,-0.6199488975436263,70570269.0,70570269.0,1.0,-0.6018449649831297
factual,42,9,2,Hunan Province,-0.6897397457622416,70570269.0,70570269.0,1.0,counterfactual,0.6997631101413088,70570269.0,70570269.0,1.0,-1.3895028559035505
factual,43,9,3,Hunan Province,-0.5854779932701071,70570269.0,70570269.0,1.0,counterfactual,1.2471255226277698,70570269.0,70570269.0,1.0,-1.8326035158978768
factual,44,9,4,Hunan Province,-0.06480768350099662,70570269.0,70570269.0,1.0,counterfactual,0.8122120673606422,70570269.0,70570269.0,1.0,-0.8770197508616389
factual,45,9,5,Hunan Province,-0.9108884595015351,70570269.0,70570269.0,1.0,counterfactual,0.5722591546320954,70570269.0,70570269.0,1.0,-1.4831476141336304
factual,46,10,1,Hunan Province,-0.7800947685920799,70570269.0,70570269.0,1.0,counterfactual,0.593186681448096,70570269.0,70570269.0,1.0,-1.373281450040176
factual,47,10,2,Hunan Province,0.29229030984736903,70570269.0,70570269.0,1.0,counterfactual,0.5243808409943134,70570269.0,70570269.0,1.0,-0.23209053114694433
factual,48,10,3,Hunan Province,0.37781849913595367,70570269.0,70570269.0,1.0,counterfactual,0.012105773359172367,70570269.0,70570269.0,1.0,0.3657127257767813
factual,49,10,4,Hunan Province,-0.3636504326207174,70570269.0,70570269.0,1.0,counterfactual,-1.094245869785019,70570269.0,70570269.0,1.0,0.7305954371643016
factual,50,10,5,Hunan Province,-0.17378068337969377,70570269.0,70570269.0,1.0,counterfactual,0.2336413909934035,70570269.0,70570269.0,1.0,-0.4074220743730973
factual,51,11,1,Hunan Province,0.3873592741757713,70570269.0,70570269.0,1.0,counterfactual,1.077620014790645,70570269.0,70570269.0,1.0,-0.6902607406148736
factual,52,11,2,Hunan Province,0.28561985778441584,70570269.0,70570269.0,1.0,counterfactual,0.8871596812120772,70570269.0,70570269.0,1.0,-0.6015398234276614
factual,53,11,3,Hunan Province,-0.39051840296753837,70570269.0,70570269.0,1.0,counterfactual,0.2387722615302014,70570269.0,70570269.0,1.0,-0.6292906644977397
factual,54,11,4,Hunan Province,0.41656440335792067,70570269.0,70570269.0,1.0,counterfactual,0.33958274170644576,70570269.0,70570269.0,1.0,0.07698166165147491
factual,55,11,5,Hunan Province,0.2973045466024943,70570269.0,70570269.0,1.0,counterfactual,-0.251666495970238,70570269.0,70570269.0,1.0,0.5489710425727323
factual,56,12,1,Hunan Province,0.09429072707432083,70570269.0,70570269.0,1.0,counterfactual,0.32660506012305224,70570269.0,70570269.0,1.0,-0.2323143330487314
factual,57,12,2,Hunan Province,0.6018977378190563,70570269.0,70570269.0,1.0,counterfactual,0.5476128233225416,70570269.0,70570269.0,1.0,0.054284914496514736
factual,58,12,3,Hunan Province,-0.6705450556960196,70570269.0,70570269.0,1.0,counterfactual,0.7120445582886696,70570269.0,70570269.0,1.0,-1.3825896139846892
factual,59,12,4,Hunan Province,-0.6306561419353709,70570269.0,70570269.0,1.0,counterfactual,0.4386331681059936,70570269.0,70570269.0,1.0,-1.0692893100413645
factual,60,12,5,Hunan Province,0.0370432673131267,70570269.0,70570269.0,1.0,counterfactual,0.7616998976087392,70570269.0,70570269.0,1.0,-0.7246566302956126
factual,61,13,1,Hunan Province,-0.46291387272736617,70570269.0,70570269.0,1.0,counterfactual,0.5263544643513236,70570269.0,70570269.0,1.0,-0.9892683370786898
factual,62,13,2,Hunan Province,-0.2783013979054075,70570269.0,70570269.0,1.0,counterfactual,0.8284339274061382,70570269.0,70570269.0,1.0,-1.1067353253115457
factual,63,13,3,Hunan Province,0.06430315319210321,70570269.0,70570269.0,1.0,counterfactual,-0.684735603538587,70570269.0,70570269.0,1.0,0.7490387567306902
factual,64,13,4,Hunan Province,-0.2580002305822572,70570269.0,70570269.0,1.0,counterfactual,0.45086848924620093,70570269.0,70570269.0,1.0,-0.7088687198284581
factual,65,13,5,Hunan Province,0.48085111025398125,70570269.0,70570269.0,1.0,counterfactual,-0.07273949499369269,70570269.0,70570269.0,1.0,0.5535906052476739
factual,66,14,1,Hunan Province,0.13583474755891478,70570269.0,70570269.0,1.0,counterfactual,-0.025765937334280214,70570269.0,70570269.0,1.0,0.16160068489319498
factual,67,14,2,Hunan Province,-0.27143983656679366,70570269.0,70570269.0,1.0,counterfactual,-0.02518914543822525,70570269.0,70570269.0,1.0,-0.2462506911285684
factual,68,14,3,Hunan Province,-0.14454811303732876,70570269.0,70570269.0,1.0,counterfactual,0.45412526740967235,70570269.0,70570269.0,1.0,-0.5986733804470011
factual,69,14,4,Hunan Province,0.09531143678303211,70570269.0,70570269.0,1.0,counterfactual,-0.3149827031316071,70570269.0,70570269.0,1.0,0.4102941399146392
factual,70,14,5,Hunan Province,0.13775038388078586,70570269.0,70570269.0,1.0,counterfactual,0.14883014655875804,70570269.0,70570269.0,1.0,-0.011079762677972171
factual,71,15,1,Hunan Province,-0.712355995780197,70570269.0,70570269.0,1.0,counterfactual,0.3648846665549,70570269.0,70570269.0,1.0,-1.077240662335097
factual,72,15,2,Hunan Province,-0.424390483932862,70570269.0,70570269.0,1.0,counterfactual,-0.19496737171706907,70570269.0,70570269.0,1.0,-0.22942311221579292
factual,73,15,3,Hunan Province,0.47579557478461465,70570269.0,70570269.0,1.0,counterfactual,-0.8907199790292096,70570269.0,70570269.0,1.0,1.3665155538138243
factual,74,15,4,Hunan Province,-0.02505282413482454,70570269.0,70570269.0,1.0,counterfactual,0.40295969373418583,70570269.0,70570269.0,1.0,-0.42801251786901034
factual,75,15,5,Hunan Province,-0.49269165465394904,70570269.0,70570269.0,1.0,counterfactual,-0.23197335778176778,70570269.0,70570269.0,1.0,-0.2607182968721813
factual,76,16,1,Hunan Province,0.6365627215768639,70570269.0,70570269.0,1.0,counterfactual,0.37452699664500744,70570269.0,70570269.0,1.0,0.26203572493185645
factual,77,16,2,Hunan Province,0.04775997298807408,70570269.0,70570269.0,1.0,counterfactual,0.05498497663344737,70570269.0,70570269.0,1.0,-0.00722500364537329
factual,78,16,3,Hunan Province,-0.6567963236210703,70570269.0,70570269.0,1.0,counterfactual,0.7597179785198328,70570269.0,70570269.0,1.0,-1.4165143021409032
factual,79,16,4,Hunan Province,-0.640059085780019,70570269.0,70570269.0,1.0,counterfactual,0.6804634966849689,70570269.0,70570269.0,1.0,-1.3205225824649878
factual,80,16,5,Hunan Province,0.4076956735128427,70570269.0,70570269.0,1.0,counterfactual,0.8718753954312985,70570269.0,70570269.0,1.0,-0.46417972191845586
factual,81,17,1,Hunan Province,1.363661558280937,70570269.0,70570269.0,1.0,counterfactual,0.17864427257722149,70570269.0,70570269.0,1.0,1.1850172857037156
factual,82,17,2,Hunan Province,-0.2933117434642487,70570269.0,70570269.0,1.0,counterfactual,0.1435301865773889,70570269.0,70570269.0,1.0,-0.4368419300416376
factual,83,17,3,Hunan Province,0.1595478775493764,70570269.0,70570269.0,1.0,counterfactual,0.25673187834153666,70570269.0,70570269.0,1.0,-0.09718400079216025
factual,84,17,4,Hunan Province,0.8374007421353625,70570269.0,70570269.0,1.0,counterfactual,-0.01399306676996591,70570269.0,70570269.0,1.0,0.8513938089053285
factual,85,17,5,Hunan Province,0.6125812882333863,70570269.0,70570269.0,1.0,counterfactual,-0.15820251430568188,70570269.0,70570269.0,1.0,0.7707838025390682
factual,86,18,1,Hunan Province,0.15532854678507604,70570269.0,70570269.0,1.0,counterfactual,0.8279125950892793,70570269.0,70570269.0,1.0,-0.6725840483042033
factual,87,18,2,Hunan Province,-0.1115366062887777,70570269.0,70570269.0,1.0,counterfactual,-0.4731375322326314,70570269.0,70570269.0,1.0,0.3616009259438537
factual,88,18,3,Hunan Province,-0.3585838645636197,70570269.0,70570269.0,1.0,counterfactual,0.3930171371193794,70570269.0,70570269.0,1.0,-0.751601001682999
factual,89,18,4,Hunan Province,-0.47237550845851356,70570269.0,70570269.0,1.0,counterfactual,-0.05010011034558124,70570269.0,70570269.0,1.0,-0.4222753981129323
factual,90,18,5,Hunan Province,0.38039725306155237,70570269.0,70570269.0,1.0,counterfactual,0.7267812671868608,70570269.0,70570269.0,1.0,-0.3463840141253084
factual,91,19,1,Hunan Province,-0.01004737709306538,70570269.0,70570269.0,1.0,counterfactual,0.9013279204149588,70570269.0,70570269.0,1.0,-0.9113752975080242
factual,92,19,2,Hunan Province,1.7918091534790164,70570269.0,70570269.0,1.0,counterfactual,-0.20027021808662815,70570269.0,70570269.0,1.0,1.9920793715656444
factual,93,19,3,Hunan Province,0.6831790239723572,70570269.0,70570269.0,1.0,counterfactual,1.1994972571788916,70570269.0,70570269.0,1.0,-0.5163182332065344
factual,94,19,4,Hunan Province,0.5580200054285238,70570269.0,70570269.0,1.0,counterfactual,0.6215957229410646,70570269.0,70570269.0,1.0,-0.06357571751254076
factual,95,19,5,Hunan Province,1.366745765701887,70570269.0,70570269.0,1.0,counterfactual,0.2711202981758043,70570269.0,70570269.0,1.0,1.0956254675260828
factual,96,20,1,Hunan Province,-1.2048753546937334,70570269.0,70570269.0,1.0,counterfactual,0.5212514811490621,70570269.0,70570269.0,1.0,-1.7261268358427955
factual,97,20,2,Hunan Province,0.8444872100619416,70570269.0,70570269.0,1.0,counterfactual,-0.5306443662915826,70570269.0,70570269.0,1.0,1.3751315763535241
factual,98,20,3,Hunan Province,-0.494803629606011,70570269.0,70570269.0,1.0,counterfactual,1.109661698666343,70570269.0,70570269.0,1.0,-1.604465328272354
factual,99,20,4,Hunan Province,-0.08071586949693796,70570269.0,70570269.0,1.0,counterfactual,-0.7887939247023378,70570269.0,70570269.0,1.0,0.7080780552053998
factual,100,20,5,Hunan Province,-0.2468431851348168,70570269.0,70570269.0,1.0,counterfactual,0.41943668375707444,70570269.0,70570269.0,1.0,-0.6662798688918912
factual,101,21,1,Hunan Province,0.2967787404000726,70570269.0,70570269.0,1.0,counterfactual,0.4208140533606313,70570269.0,70570269.0,1.0,-0.1240353129605587
factual,102,21,2,Hunan Province,1.1845303951908597,70570269.0,70570269.0,1.0,counterfactual,-0.08287704397163836,70570269.0,70570269.0,1.0,1.267407439162498
factual,103,21,3,Hunan Province,0.2830161822865474,70570269.0,70570269.0,1.0,counterfactual,0.6908168471434872,70570269.0,70570269.0,1.0,-0.40780066485693983
factual,104,21,4,Hunan Province,0.39626930639375163,70570269.0,70570269.0,1.0,counterfactual,0.9817553625918313,70570269.0,70570269.0,1.0,-0.5854860561980797
factual,105,21,5,Hunan Province,0.355946691225926,70570269.0,70570269.0,1.0,counterfactual,-0.22546291628171033,70570269.0,70570269.0,1.0,0.5814096075076363
factual,106,22,1,Hunan Province,0.7362367606960638,70570269.0,70570269.0,1.0,counterfactual,0.9481204266806678,70570269.0,70570269.0,1.0,-0.21188366598460395
factual,107,22,2,Hunan Province,0.12854148491783465,70570269.0,70570269.0,1.0,counterfactual,1.1268019823620516,70570269.0,70570269.0,1.0,-0.998260497444217
factual,108,22,3,Hunan Province,0.42055566052980237,70570269.0,70570269.0,1.0,counterfactual,0.3746401010928388,70570269.0,70570269.0,1.0,0.04591555943696357
factual,109,22,4,Hunan Province,0.9136758709378349,70570269.0,70570269.0,1.0,counterfactual,0.22811709877998465,70570269.0,70570269.0,1.0,0.6855587721578502
factual,110,22,5,Hunan Province,-0.13003092350488782,70570269.0,70570269.0,1.0,counterfactual,-0.46754103194583996,70570269.0,70570269.0,1.0,0.33751010844095214
factual,111,23,1,Hunan Province,-0.1775486073430707,70570269.0,70570269.0,1.0,counterfactual,-0.2974743535012536,70570269.0,70570269.0,1.0,0.11992574615818291
factual,112,23,2,Hunan Province,0.0874797806595055,70570269.0,70570269.0,1.0,counterfactual,0.5261717617161366,70570269.0,70570269.0,1.0,-0.43869198105663104
factual,113,23,3,Hunan Province,-0.040356871060697595,70570269.0,70570269.0,1.0,counterfactual,0.5021749175726021,70570269.0,70570269.0,1.0,-0.5425317886332998
factual,114,23,4,Hunan Province,-0.6372828509546429,70570269.0,70570269.0,1.0,counterfactual,-0.9091961689356689,70570269.0,70570269.0,1.0,0.271913317981026
factual,115,23,5,Hunan Province,0.7533618996961474,70570269.0,70570269.0,1.0,counterfactual,-0.7914401584041442,70570269.0,70570269.0,1.0,1.5448020581002915
factual,116,24,1,Hunan Province,0.07576912506788468,70570269.0,70570269.0,1.0,counterfactual,0.49926324080696205,70570269.0,70570269.0,1.0,-0.42349411573907736
factual,117,24,2,Hunan Province,-0.11093747877725799,70570269.0,70570269.0,1.0,counterfactual,-0.2915267318544662,70570269.0,70570269.0,1.0,0.18058925307720822
factual,118,24,3,Hunan Province,-0.6915843962524225,70570269.0,70570269.0,1.0,counterfactual,0.25577401547569334,70570269.0,70570269.0,1.0,-0.9473584117281159
factual,119,24,4,Hunan Province,-0.04807627150305333,70570269.0,70570269.0,1.0,counterfactual,1.223231736736089,70570269.0,70570269.0,1.0,-1.2713080082391424
factual,120,24,5,Hunan Province,0.26112756426269124,70570269.0,70570269.0,1.0,counterfactual,-0.7428432096007722,70570269.0,70570269.0,1.0,1.0039707738634633
factual,121,25,1,Hunan Province,0.39876972366751984,70570269.0,70570269.0,1.0,counterfactual,0.8922307180793954,70570269.0,70570269.0,1.0,-0.4934609944118755
factual,122,25,2,Hunan Province,-0.5109370193430313,70570269.0,70570269.0,1.0,counterfactual,0.36959651097660917,70570269.0,70570269.0,1.0,-0.8805335303196404
factual,123,25,3,Hunan Province,-1.1121555262625054,70570269.0,70570269.0,1.0,counterfactual,-0.8889316197739877,70570269.0,70570269.0,1.0,-0.22322390648851764
factual,124,25,4,Hunan Province,-0.6582557434454755,70570269.0,70570269.0,1.0,counterfactual,0.7454291665900971,70570269.0,70570269.0,1.0,-1.4036849100355726
factual,125,25,5,Hunan Province,0.6805707431410709,70570269.0,70570269.0,1.0,counterfactual,0.9598654873781662,70570269.0,70570269.0,1.0,-0.2792947442370953
factual,126,26,1,Hunan Province,1.4919087945432716,70570269.0,70570269.0,1.0,counterfactual,-0.07623201893349826,70570269.0,70570269.0,1.0,1.5681408134767698
factual,127,26,2,Hunan Province,0.9822146325364728,70570269.0,70570269.0,1.0,counterfactual,-0.13438779437901455,70570269.0,70570269.0,1.0,1.1166024269154873
factual,128,26,3,Hunan Province,-0.01757853048828076,70570269.0,70570269.0,1.0,counterfactual,0.18173618722798116,70570269.0,70570269.0,1.0,-0.1993147177162619
factual,129,26,4,Hunan Province,-0.047849972154069845,70570269.0,70570269.0,1.0,counterfactual,0.5337007950569355,70570269.0,70570269.0,1.0,-0.5815507672110053
factual,130,26,5,Hunan Province,0.6173104644339892,70570269.0,70570269.0,1.0,counterfactual,-0.01792776454147479,70570269.0,70570269.0,1.0,0.635238228975464
factual,131,27,1,Hunan Province,-0.026163006252012094,70570269.0,70570269.0,1.0,counterfactual,0.25997359342690707,70570269.0,70570269.0,1.0,-0.28613659967891913
factual,132,27,2,Hunan Province,-0.5444457224004576,70570269.0,70570269.0,1.0,counterfactual,0.15603298426936518,70570269.0,70570269.0,1.0,-0.7004787066698228
factual,133,27,3,Hunan Province,-0.31936476901957866,70570269.0,70570269.0,1.0,counterfactual,0.1246560365714103,70570269.0,70570269.0,1.0,-0.444020805590989
factual,134,27,4,Hunan Province,0.43708257189694205,70570269.0,70570269.0,1.0,counterfactual,-0.5845036826367618,70570269.0,70570269.0,1.0,1.0215862545337038
factual,135,27,5,Hunan Province,-0.19387833433776624,70570269.0,70570269.0,1.0,counterfactual,-0.13896025354725094,70570269.0,70570269.0,1.0,-0.0549180807905153
factual,136,28,1,Hunan Province,-0.5859394582507212,70570269.0,70570269.0,1.0,counterfactual,0.3415180119700942,70570269.0,70570269.0,1.0,-0.9274574702208154
factual,137,28,2,Hunan Province,0.1619997440079384,70570269.0,70570269.0,1.0,counterfactual,1.2997912477125875,70570269.0,70570269.0,1.0,-1.137791503704649
factual,138,28,3,Hunan Province,-0.1481080238642356,70570269.0,70570269.0,1.0,counterfactual,1.0884716012931657,70570269.0,70570269.0,1.0,-1.2365796251574013
factual,139,28,4,Hunan Province,0.6962002622017807,70570269.0,70570269.0,1.0,counterfactual,-0.48904479435807197,70570269.0,70570269.0,1.0,1.1852450565598527
factual,140,28,5,Hunan Province,-0.6667092710137361,70570269.0,70570269.0,1.0,counterfactual,0.8369598373701758,70570269.0,70570269.0,1.0,-1.503669108383912
factual,141,29,1,Hunan Province,-0.06531175645081735,70570269.0,70570269.0,1.0,counterfactual,-0.7312268258102963,70570269.0,70570269.0,1.0,0.665915069359479
factual,142,29,2,Hunan Province,-0.3608270572862867,70570269.0,70570269.0,1.0,counterfactual,0.8107261772831387,70570269.0,70570269.0,1.0,-1.1715532345694255
factual,143,29,3,Hunan Province,-1.0495892456108697,70570269.0,70570269.0,1.0,counterfactual,-0.5563875876352036,70570269.0,70570269.0,1.0,-0.4932016579756662
factual,144,29,4,Hunan Province,-0.6478654348936294,70570269.0,70570269.0,1.0,counterfactual,0.7334546231874681,70570269.0,70570269.0,1.0,-1.3813200580810974
factual,145,29,5,Hunan Province,0.7395973244674561,70570269.0,70570269.0,1.0,counterfactual,-0.18069080958679853,70570269.0,70570269.0,1.0,0.9202881340542546
factual,146,30,1,Hunan Province,0.6499947904506826,70570269.0,70570269.0,1.0,counterfactual,0.009112698070189103,70570269.0,70570269.0,1.0,0.6408820923804935
factual,147,30,2,Hunan Province,-1.3367463098239603,70570269.0,70570269.0,1.0,counterfactual,0.33253050491815456,70570269.0,70570269.0,1.0,-1.6692768147421149
factual,148,30,3,Hunan Province,1.0343661696765347,70570269.0,70570269.0,1.0,counterfactual,0.9234577526528377,70570269.0,70570269.0,1.0,0.11090841702369703
factual,149,30,4,Hunan Province,0.37532535736144157,70570269.0,70570269.0,1.0,counterfactual,0.3765982464131396,70570269.0,70570269.0,1.0,-0.001272889051698034
factual,150,30,5,Hunan Province,0.23083324339670552,70570269.0,70570269.0,1.0,counterfactual,0.4945885231936652,70570269.0,70570269.0,1.0,-0.2637552797969597
factual,151,31,1,Hunan Province,0.5676138157429301,70570269.0,70570269.0,1.0,counterfactual,-0.87597096023055,70570269.0,70570269.0,1.0,1.4435847759734801
factual,152,31,2,Hunan Province,-0.19416295471129516,70570269.0,70570269.0,1.0,counterfactual,1.3684762418714524,70570269.0,70570269.0,1.0,-1.5626391965827475
factual,153,31,3,Hunan Province,0.18674848697228832,70570269.0,70570269.0,1.0,counterfactual,-0.7283602175023097,70570269.0,70570269.0,1.0,0.915108704474598
factual,154,31,4,Hunan Province,0.20363652647628436,70570269.0,70570269.0,1.0,counterfactual,-0.36201981165129843,70570269.0,70570269.0,1.0,0.5656563381275828
factual,155,31,5,Hunan Province,0.6226892642847993,70570269.0,70570269.0,1.0,counterfactual,0.4807157434645842,70570269.0,70570269.0,1.0,0.14197352082021514
factual,156,32,1,Hunan Province,0.019105246453747494,70570269.0,70570269.0,1.0,counterfactual,0.9428087340803507,70570269.0,70570269.0,1.0,-0.9237034876266033
factual,157,32,2,Hunan Province,0.1730363311334045,70570269.0,70570269.0,1.0,counterfactual,-0.00023855673481335034,70570269.0,70570269.0,1.0,0.17327488786821785
factual,158,32,3,Hunan Province,-0.5028758907783967,70570269.0,70570269.0,1.0,counterfactual,-0.3070070848076563,70570269.0,70570269.0,1.0,-0.19586880597074036
factual,159,32,4,Hunan Province,-0.9623030639029565,70570269.0,70570269.0,1.0,counterfactual,0.4298277061294331,70570269.0,70570269.0,1.0,-1.3921307700323897
factual,160,32,5,Hunan Province,0.17886759656216214,70570269.0,70570269.0,1.0,counterfactual,-0.0870208470180054,70570269.0,70570269.0,1.0,0.26588844358016755
factual,161,33,1,Hunan Province,1.1240493969806578,70570269.0,70570269.0,1.0,counterfactual,-1.3129645554473457,70570269.0,70570269.0,1.0,2.4370139524280034
factual,162,33,2,Hunan Province,0.13255283048960928,70570269.0,70570269.0,1.0,counterfactual,-0.46244149892791697,70570269.0,70570269.0,1.0,0.5949943294175263
factual,163,33,3,Hunan Province,-0.2526094222594705,70570269.0,70570269.0,1.0,counterfactual,-0.5051171215003558,70570269.0,70570269.0,1.0,0.25250769924088534
factual,164,33,4,Hunan Province,0.44130028458171355,70570269.0,70570269.0,1.0,counterfactual,1.1146203136305042,70570269.0,70570269.0,1.0,-0.6733200290487906
factual,165,33,5,Hunan Province,0.24207121069720514,70570269.0,70570269.0,1.0,counterfactual,-0.34738886105567574,70570269.0,70570269.0,1.0,0.5894600717528808
factual,166,34,1,Hunan Province,0.11811341483114086,70570269.0,70570269.0,1.0,counterfactual,0.6232088310449048,70570269.0,70570269.0,1.0,-0.5050954162137639
factual,167,34,2,Hunan Province,1.3197581362429678,70570269.0,70570269.0,1.0,counterfactual,0.8774135399255911,70570269.0,70570269.0,1.0,0.44234459631737666
factual,168,34,3,Hunan Province,-0.2389805802148825,70570269.0,70570269.0,1.0,counterfactual,0.02045746794683386,70570269.0,70570269.0,1.0,-0.25943804816171634
factual,169,34,4,Hunan Province,0.7395616661702259,70570269.0,70570269.0,1.0,counterfactual,-0.5224391609658646,70570269.0,70570269.0,1.0,1.2620008271360905
factual,170,34,5,Hunan Province,-0.12875187655282536,70570269.0,70570269.0,1.0,counterfactual,-0.32852560382733176,70570269.0,70570269.0,1.0,0.1997737272745064
factual,171,35,1,Hunan Province,0.3159308363243763,70570269.0,70570269.0,1.0,counterfactual,0.050739624980169845,70570269.0,70570269.0,1.0,0.2651912113442064
factual,172,35,2,Hunan Province,0.5536085783565023,70570269.0,70570269.0,1.0,counterfactual,0.8713235713115582,70570269.0,70570269.0,1.0,-0.3177149929550559
factual,173,35,3,Hunan Province,-0.2546889189930501,70570269.0,70570269.0,1.0,counterfactual,-0.18355680739281555,70570269.0,70570269.0,1.0,-0.07113211160023453
factual,174,35,4,Hunan Province,0.40991246271762954,70570269.0,70570269.0,1.0,counterfactual,1.6212370206952316,70570269.0,70570269.0,1.0,-1.211324557977602
factual,175,35,5,Hunan Province,0.8899329329534202,70570269.0,70570269.0,1.0,counterfactual,0.35094684610515814,70570269.0,70570269.0,1.0,0.5389860868482621
factual,176,36,1,Hunan Province,-0.5850438344695771,70570269.0,70570269.0,1.0,counterfactual,0.8196928648820518,70570269.0,70570269.0,1.0,-1.4047366993516288
factual,177,36,2,Hunan Province,0.0773973872608279,70570269.0,70570269.0,1.0,counterfactual,0.04219193137870495,70570269.0,70570269.0,1.0,0.03520545588212295
factual,178,36,3,Hunan Province,-0.7687773205509415,70570269.0,70570269.0,1.0,counterfactual,0.4778006571149158,70570269.0,70570269.0,1.0,-1.2465779776658574
factual,179,36,4,Hunan Province,0.9454290522259863,70570269.0,70570269.0,1.0,counterfactual,1.5756991845406152,70570269.0,70570269.0,1.0,-0.6302701323146289
factual,180,36,5,Hunan Province,0.7554879485830771,70570269.0,70570269.0,1.0,counterfactual,-0.23962649261808466,70570269.0,70570269.0,1.0,0.9951144412011618
factual,181,37,1,Hunan Province,-1.1348696396099296,70570269.0,70570269.0,1.0,counterfactual,-0.6185386180653377,70570269.0,70570269.0,1.0,-0.5163310215445919
factual,182,37,2,Hunan Province,-0.5918812089018799,70570269.0,70570269.0,1.0,counterfactual,0.2966881319552804,70570269.0,70570269.0,1.0,-0.8885693408571602
factual,183,37,3,Hunan Province,0.83200613801303,70570269.0,70570269.0,1.0,counterfactual,-0.03422348365474179,70570269.0,70570269.0,1.0,0.8662296216677718
factual,184,37,4,Hunan Province,0.38931381799646664,70570269.0,70570269.0,1.0,counterfactual,-1.093099032310471,70570269.0,70570269.0,1.0,1.4824128503069376
factual,185,37,5,Hunan Province,-0.13395609093214433,70570269.0,70570269.0,1.0,counterfactual,-0.800672853231777,70570269.0,70570269.0,1.0,0.6667167622996326
factual,186,38,1,Hunan Province,0.5791777003064289,70570269.0,70570269.0,1.0,counterfactual,-0.23714866529331657,70570269.0,70570269.0,1.0,0.8163263655997455
factual,187,38,2,Hunan Province,1.241473459054619,70570269.0,70570269.0,1.0,counterfactual,0.5189743150490094,70570269.0,70570269.0,1.0,0.7224991440056097
factual,188,38,3,Hunan Province,-0.901221458258578,70570269.0,70570269.0,1.0,counterfactual,0.33400328673115864,70570269.0,70570269.0,1.0,-1.2352247449897367
factual,189,38,4,Hunan Province,0.014337763027996692,70570269.0,70570269.0,1.0,counterfactual,0.32670834863487985,70570269.0,70570269.0,1.0,-0.31237058560688313
factual,190,38,5,Hunan Province,1.0822520327436491,70570269.0,70570269.0,1.0,counterfactual,-0.7628053825263621,70570269.0,70570269.0,1.0,1.8450574152700112
factual,191,39,1,Hunan Province,-0.2847232117455372,70570269.0,70570269.0,1.0,counterfactual,0.5379413587269618,70570269.0,70570269.0,1.0,-0.8226645704724991
factual,192,39,2,Hunan Province,0.711999750805929,70570269.0,70570269.0,1.0,counterfactual,0.6391134677952074,70570269.0,70570269.0,1.0,0.07288628301072164
factual,193,39,3,Hunan Province,-0.39771253890398295,70570269.0,70570269.0,1.0,counterfactual,0.5312112544537451,70570269.0,70570269.0,1.0,-0.928923793357728
factual,194,39,4,Hunan Province,-0.30942714201722094,70570269.0,70570269.0,1.0,counterfactual,-0.8174704161668929,70570269.0,70570269.0,1.0,0.5080432741496719
factual,195,39,5,Hunan Province,-0.2627686106835791,70570269.0,70570269.0,1.0,counterfactual,0.8480764659672815,70570269.0,70570269.0,1.0,-1.1108450766508606
factual,196,40,1,Hunan Province,0.977129499205519,70570269.0,70570269.0,1.0,counterfactual,0.062076063177213016,70570269.0,70570269.0,1.0,0.9150534360283059
factual,197,40,2,Hunan Province,0.23311032190792305,70570269.0,70570269.0,1.0,counterfactual,0.33711522266903804,70570269.0,70570269.0,1.0,-0.10400490076111499
factual,198,40,3,Hunan Province,-1.1199282024173347,70570269.0,70570269.0,1.0,counterfactual,0.7117455236522714,70570269.0,70570269.0,1.0,-1.831673726069606
factual,199,40,4,Hunan Province,0.08626017001282639,70570269.0,70570269.0,1.0,counterfactual,0.0410682843957822,70570269.0,70570269.0,1.0,0.04519188561704419
factual,200,40,5,Hunan Province,-0.3486295215016775,70570269.0,70570269.0,1.0,counterfactual,0.4021698941234887,70570269.0,70570269.0,1.0,-0.7507994156251662
factual,201,41,1,Hunan Province,-0.245598738826295,70570269.0,70570269.0,1.0,counterfactual,0.6152664445831432,70570269.0,70570269.0,1.0,-0.8608651834094382
factual,202,41,2,Hunan Province,-0.68832655649619,70570269.0,70570269.0,1.0,counterfactual,0.9678146233597672,70570269.0,70570269.0,1.0,-1.656141179855957
factual,203,41,3,Hunan Province,0.14744071784486643,70570269.0,70570269.0,1.0,counterfactual,0.7175676082997634,70570269.0,70570269.0,1.0,-0.570126890454897
factual,204,41,4,Hunan Province,0.07812295426881975,70570269.0,70570269.0,1.0,counterfactual,-0.6537149529976332,70570269.0,70570269.0,1.0,0.7318379072664529
factual,205,41,5,Hunan Province,-0.6947403319741782,70570269.0,70570269.0,1.0,counterfactual,-0.5166617763035745,70570269.0,70570269.0,1.0,-0.1780785556706037
factual,206,42,1,Hunan Province,-0.5951748316359312,70570269.0,70570269.0,1.0,counterfactual,0.11092801974222756,70570269.0,70570269.0,1.0,-0.7061028513781588
factual,207,42,2,Hunan Province,0.24638138988151412,70570269.0,70570269.0,1.0,counterfactual,0.11747364375845362,70570269.0,70570269.0,1.0,0.1289077461230605
factual,208,42,3,Hunan Province,-0.43755903394363826,70570269.0,70570269.0,1.0,counterfactual,-0.09174225321258306,70570269.0,70570269.0,1.0,-0.3458167807310552
factual,209,42,4,Hunan Province,0.17291876729756395,70570269.0,70570269.0,1.0,counterfactual,1.213383242330631,70570269.0,70570269.0,1.0,-1.0404644750330672
factual,210,42,5,Hunan Province,0.3758875885741809,70570269.0,70570269.0,1.0,counterfactual,0.3941651109837982,70570269.0,70570269.0,1.0,-0.018277522409617275
factual,211,43,1,Hunan Province,0.07141291984162342,70570269.0,70570269.0,1.0,counterfactual,0.0045576256694426,70570269.0,70570269.0,1.0,0.06685529417218082
factual,212,43,2,Hunan Province,-0.5933038312302107,70570269.0,70570269.0,1.0,counterfactual,0.7725335229382565,70570269.0,70570269.0,1.0,-1.3658373541684672
factual,213,43,3,Hunan Province,-0.2621862730594695,70570269.0,70570269.0,1.0,counterfactual,-0.2827577383372629,70570269.0,70570269.0,1.0,0.02057146527779341
factual,214,43,4,Hunan Province,1.3273431624997745,70570269.0,70570269.0,1.0,counterfactual,-0.05920207658555684,70570269.0,70570269.0,1.0,1.3865452390853312
factual,215,43,5,Hunan Province,1.0103050919297285,70570269.0,70570269.0,1.0,counterfactual,0.3791546054614485,70570269.0,70570269.0,1.0,0.63115048646828
factual,216,44,1,Hunan Province,-1.4081554546731787,70570269.0,70570269.0,1.0,counterfactual,-0.05857686875320772,70570269.0,70570269.0,1.0,-1.349578585919971
factual,217,44,2,Hunan Province,-0.1618585785813456,70570269.0,70570269.0,1.0,counterfactual,0.4484876025065438,70570269.0,70570269.0,1.0,-0.6103461810878894
factual,218,44,3,Hunan Province,-0.6497929548217231,70570269.0,70570269.0,1.0,counterfactual,-0.3212863731512474,70570269.0,70570269.0,1.0,-0.32850658167047564
factual,219,44,4,Hunan Province,-0.5378726893361283,70570269.0,70570269.0,1.0,counterfactual,-1.1793626985905592,70570269.0,70570269.0,1.0,0.6414900092544309
factual,220,44,5,Hunan Province,-0.19632129074922772,70570269.0,70570269.0,1.0,counterfactual,-0.7365176267216306,70570269.0,70570269.0,1.0,0.5401963359724029
factual,221,45,1,Hunan Province,-0.8743538317978082,70570269.0,70570269.0,1.0,counterfactual,-1.0386764920587763,70570269.0,70570269.0,1.0,0.1643226602609681
factual,222,45,2,Hunan Province,0.008772459665710036,70570269.0,70570269.0,1.0,counterfactual,0.2823039935644613,70570269.0,70570269.0,1.0,-0.27353153389875123
factual,223,45,3,Hunan Province,-0.3909569330023513,70570269.0,70570269.0,1.0,counterfactual,-0.6792028630866197,70570269.0,70570269.0,1.0,0.2882459300842684
factual,224,45,4,Hunan Province,-0.41666605704611764,70570269.0,70570269.0,1.0,counterfactual,-0.5287966810785957,70570269.0,70570269.0,1.0,0.11213062403247803
factual,225,45,5,Hunan Province,0.4633921125186901,70570269.0,70570269.0,1.0,counterfactual,-0.7567063266592164,70570269.0,70570269.0,1.0,1.2200984391779066
factual,226,46,1,Hunan Province,-0.16577213526801424,70570269.0,70570269.0,1.0,counterfactual,1.1176922322462055,70570269.0,70570269.0,1.0,-1.2834643675142197
factual,227,46,2,Hunan Province,0.2887564069024239,70570269.0,70570269.0,1.0,counterfactual,0.7457353410861912,70570269.0,70570269.0,1.0,-0.45697893418376734
factual,228,46,3,Hunan Province,-0.9562836700965865,70570269.0,70570269.0,1.0,counterfactual,-0.9070983400129474,70570269.0,70570269.0,1.0,-0.04918533008363912
factual,229,46,4,Hunan Province,1.4580921076738975,70570269.0,70570269.0,1.0,counterfactual,1.0554255128005197,70570269.0,70570269.0,1.0,0.40266659487337786
factual,230,46,5,Hunan Province,0.8069259891812609,70570269.0,70570269.0,1.0,counterfactual,0.7168773056682127,70570269.0,70570269.0,1.0,0.09004868351304818
factual,231,47,1,Hunan Province,-0.3212120498567234,70570269.0,70570269.0,1.0,counterfactual,0.9899187001681529,70570269.0,70570269.0,1.0,-1.3111307500248763
factual,232,47,2,Hunan Province,-0.06902413032208517,70570269.0,70570269.0,1.0,counterfactual,1.0867479545878465,70570269.0,70570269.0,1.0,-1.1557720849099316
factual,233,47,3,Hunan Province,0.5858547474492803,70570269.0,70570269.0,1.0,counterfactual,0.36673636048636366,70570269.0,70570269.0,1.0,0.2191183869629167
factual,234,47,4,Hunan Province,0.1784374605837456,70570269.0,70570269.0,1.0,counterfactual,-0.3488457527684069,70570269.0,70570269.0,1.0,0.5272832133521526
factual,235,47,5,Hunan Province,0.22104358300712354,70570269.0,70570269.0,1.0,counterfactual,0.14187510871345796,70570269.0,70570269.0,1.0,0.07916847429366558
factual,236,48,1,Hunan Province,-0.12492888257157038,70570269.0,70570269.0,1.0,counterfactual,0.30807906169758376,70570269.0,70570269.0,1.0,-0.4330079442691541
factual,237,48,2,Hunan Province,-0.8016024255684691,70570269.0,70570269.0,1.0,counterfactual,1.4605388373547568,70570269.0,70570269.0,1.0,-2.262141262923226
factual,238,48,3,Hunan Province,-0.6526354191001937,70570269.0,70570269.0,1.0,counterfactual,0.5721744715328833,70570269.0,70570269.0,1.0,-1.224809890633077
factual,239,48,4,Hunan Province,0.4285774077324412,70570269.0,70570269.0,1.0,counterfactual,0.10751032725815893,70570269.0,70570269.0,1.0,0.32106708047428223
factual,240,48,5,Hunan Province,-1.3204342302980203,70570269.0,70570269.0,1.0,counterfactual,0.017618368662879403,70570269.0,70570269.0,1.0,-1.3380525989608998
factual,241,49,1,Hunan Province,-0.4086450103978782,70570269.0,70570269.0,1.0,counterfactual,0.4432670367538556,70570269.0,70570269.0,1.0,-0.8519120471517339
factual,242,49,2,Hunan Province,0.6733471305147649,70570269.0,70570269.0,1.0,counterfactual,0.1186184903363227,70570269.0,70570269.0,1.0,0.5547286401784423
factual,243,49,3,Hunan Province,1.2629927311952893,70570269.0,70570269.0,1.0,counterfactual,-0.18413939583844832,70570269.0,70570269.0,1.0,1.4471321270337376
factual,244,49,4,Hunan Province,0.5303631075864244,70570269.0,70570269.0,1.0,counterfactual,0.08423589705895874,70570269.0,70570269.0,1.0,0.4461272105274656
factual,245,49,5,Hunan Province,1.1535175665015163,70570269.0,70570269.0,1.0,counterfactual,0.5391567033126105,70570269.0,70570269.0,1.0,0.6143608631889058
factual,246,50,1,Hunan Province,-0.6873071750000083,70570269.0,70570269.0,1.0,counterfactual,-0.06332341267855848,70570269.0,70570269.0,1.0,-0.6239837623214498
factual,247,50,2,Hunan Province,0.050756149097319986,70570269.0,70570269.0,1.0,counterfactual,0.19553853910625013,70570269.0,70570269.0,1.0,-0.14478239000893015
factual,248,50,3,Hunan Province,0.20408748694925327,70570269.0,70570269.0,1.0,counterfactual,0.6767852574382455,70570269.0,70570269.0,1.0,-0.4726977704889922
factual,249,50,4,Hunan Province,1.0302296707611507,70570269.0,70570269.0,1.0,counterfactual,0.4874443403938045,70570269.0,70570269.0,1.0,0.5427853303673462
factual,250,50,5,Hunan Province,-0.5282401136011201,70570269.0,70570269.0,1.0,counterfactual,-0.8354119937150699,70570269.0,70570269.0,1.0,0.3071718801139498
factual,251,51,1,Hunan Province,-0.4815464267251597,70570269.0,70570269.0,1.0,counterfactual,0.19103833131748724,70570269.0,70570269.0,1.0,-0.672584758042647
factual,252,51,2,Hunan Province,0.05529321969456381,70570269.0,70570269.0,1.0,counterfactual,1.0966168575846726,70570269.0,70570269.0,1.0,-1.0413236378901087
factual,253,51,3,Hunan Province,0.8938672490139749,70570269.0,70570269.0,1.0,counterfactual,0.5144742562129264,70570269.0,70570269.0,1.0,0.37939299280104843
factual,254,51,4,Hunan Province,0.4317545402868352,70570269.0,70570269.0,1.0,counterfactual,-0.16928753966096283,70570269.0,70570269.0,1.0,0.601042079947798
factual,255,51,5,Hunan Province,0.5866999305536225,70570269.0,70570269.0,1.0,counterfactual,0.002226993996800837,70570269.0,70570269.0,1.0,0.5844729365568216
factual,256,52,1,Hunan Province,0.48993570657081853,70570269.0,70570269.0,1.0,counterfactual,1.2957596808311196,70570269.0,70570269.0,1.0,-0.8058239742603011
factual,257,52,2,Hunan Province,-0.22703820420447124,70570269.0,70570269.0,1.0,counterfactual,0.07550429895712595,70570269.0,70570269.0,1.0,-0.3025425031615972
factual,258,52,3,Hunan Province,-0.22222092984532477,70570269.0,70570269.0,1.0,counterfactual,-0.055924751375062365,70570269.0,70570269.0,1.0,-0.1662961784702624
factual,259,52,4,Hunan Province,-0.8459253995422991,70570269.0,70570269.0,1.0,counterfactual,-0.2117327607424479,70570269.0,70570269.0,1.0,-0.6341926387998511
factual,260,52,5,Hunan Province,-0.3651867095007074,70570269.0,70570269.0,1.0,counterfactual,0.0096019463658156,70570269.0,70570269.0,1.0,-0.374788655866523
factual,261,53,1,Hunan Province,0.9333497344282413,70570269.0,70570269.0,1.0,counterfactual,-0.44188456215186034,70570269.0,70570269.0,1.0,1.3752342965801017
factual,262,53,2,Hunan Province,-0.4742405421168398,70570269.0,70570269.0,1.0,counterfactual,-0.0906130131685274,70570269.0,70570269.0,1.0,-0.3836275289483124
factual,263,53,3,Hunan Province,1.1743054414912582,70570269.0,70570269.0,1.0,counterfactual,0.1289658206774694,70570269.0,70570269.0,1.0,1.0453396208137888
factual,264,53,4,Hunan Province,1.0967739106924819,70570269.0,70570269.0,1.0,counterfactual,-0.03912275063331181,70570269.0,70570269.0,1.0,1.1358966613257937
factual,265,53,5,Hunan Province,-0.06997538933151075,70570269.0,70570269.0,1.0,counterfactual,0.4270468563443263,70570269.0,70570269.0,1.0,-0.4970222456758371
factual,266,54,1,Hunan Province,-0.3461373312492462,70570269.0,70570269.0,1.0,counterfactual,0.8402201493400159,70570269.0,70570269.0,1.0,-1.186357480589262
factual,267,54,2,Hunan Province,0.34470636059812304,70570269.0,70570269.0,1.0,counterfactual,0.9639618742620117,70570269.0,70570269.0,1.0,-0.6192555136638886
factual,268,54,3,Hunan Province,0.4418317033910155,70570269.0,70570269.0,1.0,counterfactual,1.5907953255496328,70570269.0,70570269.0,1.0,-1.1489636221586172
factual,269,54,4,Hunan Province,0.7370832388280071,70570269.0,70570269.0,1.0,counterfactual,0.5183860191337027,70570269.0,70570269.0,1.0,0.21869721969430433
factual,270,54,5,Hunan Province,0.5710477067756211,70570269.0,70570269.0,1.0,counterfactual,-0.23859097338817445,70570269.0,70570269.0,1.0,0.8096386801637956
factual,271,55,1,Hunan Province,0.9735192529346751,70570269.0,70570269.0,1.0,counterfactual,0.21989127181649873,70570269.0,70570269.0,1.0,0.7536279811181764
factual,272,55,2,Hunan Province,-0.6118244543492092,70570269.0,70570269.0,1.0,counterfactual,-0.6738032393241203,70570269.0,70570269.0,1.0,0.06197878497491116
factual,273,55,3,Hunan Province,0.824593951775944,70570269.0,70570269.0,1.0,counterfactual,0.4969282080634977,70570269.0,70570269.0,1.0,0.3276657437124463
factual,274,55,4,Hunan Province,-0.30801941389633297,70570269.0,70570269.0,1.0,counterfactual,1.1884202062267406,70570269.0,70570269.0,1.0,-1.4964396201230736
factual,275,55,5,Hunan Province,-0.15130841679785964,70570269.0,70570269.0,1.0,counterfactual,0.11940512016068176,70570269.0,70570269.0,1.0,-0.2707135369585414
factual,276,56,1,Hunan Province,-0.49005202221597544,70570269.0,70570269.0,1.0,counterfactual,-0.22531205095836793,70570269.0,70570269.0,1.0,-0.2647399712576075
factual,277,56,2,Hunan Province,0.6542503730882526,70570269.0,70570269.0,1.0,counterfactual,-0.21112714486074588,70570269.0,70570269.0,1.0,0.8653775179489985
factual,278,56,3,Hunan Province,0.8183715994982729,70570269.0,70570269.0,1.0,counterfactual,0.447832467051225,70570269.0,70570269.0,1.0,0.3705391324470479
factual,279,56,4,Hunan Province,0.2225583957825903,70570269.0,70570269.0,1.0,counterfactual,0.5178106193611653,70570269.0,70570269.0,1.0,-0.29525222357857506
factual,280,56,5,Hunan Province,0.49732699311144596,70570269.0,70570269.0,1.0,counterfactual,0.8078390773199053,70570269.0,70570269.0,1.0,-0.3105120842084594
factual,281,57,1,Hunan Province,-1.547770318871775,70570269.0,70570269.0,1.0,counterfactual,-0.959411342433422,70570269.0,70570269.0,1.0,-0.5883589764383531
factual,282,57,2,Hunan Province,-0.9033695465488273,70570269.0,70570269.0,1.0,counterfactual,0.15709783994445586,70570269.0,70570269.0,1.0,-1.0604673864932832
factual,283,57,3,Hunan Province,-0.7610821600431021,70570269.0,70570269.0,1.0,counterfactual,0.3038678917269451,70570269.0,70570269.0,1.0,-1.0649500517700472
factual,284,57,4,Hunan Province,0.4042256446591369,70570269.0,70570269.0,1.0,counterfactual,-0.20361748016509862,70570269.0,70570269.0,1.0,0.6078431248242355
factual,285,57,5,Hunan Province,-0.27553222766046176,70570269.0,70570269.0,1.0,counterfactual,0.1898045501144182,70570269.0,70570269.0,1.0,-0.46533677777488
factual,286,58,1,Hunan Province,0.3008126600891562,70570269.0,70570269.0,1.0,counterfactual,0.054744608261487436,70570269.0,70570269.0,1.0,0.24606805182766875
factual,287,58,2,Hunan Province,0.17496038573568723,70570269.0,70570269.0,1.0,counterfactual,0.11565541996514885,70570269.0,70570269.0,1.0,0.059304965770538384
factual,288,58,3,Hunan Province,0.2334513653485443,70570269.0,70570269.0,1.0,counterfactual,-0.007461328902508251,70570269.0,70570269.0,1.0,0.24091269425105255
factual,289,58,4,Hunan Province,0.25563677470564344,70570269.0,70570269.0,1.0,counterfactual,-0.09073390681053535,70570269.0,70570269.0,1.0,0.3463706815161788
factual,290,58,5,Hunan Province,0.8989280168909127,70570269.0,70570269.0,1.0,counterfactual,0.17525743111676442,70570269.0,70570269.0,1.0,0.7236705857741483
factual,291,59,1,Hunan Province,-0.15965934150145994,70570269.0,70570269.0,1.0,counterfactual,0.4749406808259007,70570269.0,70570269.0,1.0,-0.6346000223273607
factual,292,59,2,Hunan Province,0.7113014370549241,70570269.0,70570269.0,1.0,counterfactual,0.7672584388996659,70570269.0,70570269.0,1.0,-0.05595700184474184
factual,293,59,3,Hunan Province,0.1490384996165075,70570269.0,70570269.0,1.0,counterfactual,0.7388860636246534,70570269.0,70570269.0,1.0,-0.5898475640081459
factual,294,59,4,Hunan Province,-0.008751212277727806,70570269.0,70570269.0,1.0,counterfactual,0.5085266557292349,70570269.0,70570269.0,1.0,-0.5172778680069627
factual,295,59,5,Hunan Province,0.20884452339619344,70570269.0,70570269.0,1.0,counterfactual,0.5967954569825036,70570269.0,70570269.0,1.0,-0.38795093358631016
factual,296,60,1,Hunan Province,-0.41822970302797424,70570269.0,70570269.0,1.0,counterfactual,-0.9464603354832529,70570269.0,70570269.0,1.0,0.5282306324552787
factual,297,60,2,Hunan Province,-0.7071327767184447,70570269.0,70570269.0,1.0,counterfactual,-0.5555714103498708,70570269.0,70570269.0,1.0,-0.15156136636857387
factual,298,60,3,Hunan Province,-0.30318016276391974,70570269.0,70570269.0,1.0,counterfactual,0.1770499417128608,70570269.0,70570269.0,1.0,-0.4802301044767805
factual,299,60,4,Hunan Province,-0.03949137624772358,70570269.0,70570269.0,1.0,counterfactual,-0.014194712604679543,70570269.0,70570269.0,1.0,-0.02529666364304404
factual,300,60,5,Hunan Province,0.3618564064502352,70570269.0,70570269.0,1.0,counterfactual,0.41330206282754395,70570269.0,70570269.0,1.0,-0.051445656377308746
factual,301,61,1,Hunan Province,0.5695802600594675,70570269.0,70570269.0,1.0,counterfactual,0.888036261719131,70570269.0,70570269.0,1.0,-0.3184560016596635
factual,302,61,2,Hunan Province,-0.6248032453758193,70570269.0,70570269.0,1.0,counterfactual,0.914272021112457,70570269.0,70570269.0,1.0,-1.5390752664882763
factual,303,61,3,Hunan Province,-0.01302327280001623,70570269.0,70570269.0,1.0,counterfactual,0.4165107818351197,70570269.0,70570269.0,1.0,-0.42953405463513594
factual,304,61,4,Hunan Province,0.7801369988563479,70570269.0,70570269.0,1.0,counterfactual,0.3965555794453826,70570269.0,70570269.0,1.0,0.3835814194109653
factual,305,61,5,Hunan Province,-1.211655982311659,70570269.0,70570269.0,1.0,counterfactual,0.2382901577436841,70570269.0,70570269.0,1.0,-1.449946140055343
factual,306,62,1,Hunan Province,-0.4964199806622093,70570269.0,70570269.0,1.0,counterfactual,-0.25830022213183135,70570269.0,70570269.0,1.0,-0.23811975853037798
factual,307,62,2,Hunan Province,0.5235713662926741,70570269.0,70570269.0,1.0,counterfactual,-0.4284112854547642,70570269.0,70570269.0,1.0,0.9519826517474383
factual,308,62,3,Hunan Province,-0.33401445143658726,70570269.0,70570269.0,1.0,counterfactual,-0.12355985470691244,70570269.0,70570269.0,1.0,-0.21045459672967481
factual,309,62,4,Hunan Province,0.1225216641518842,70570269.0,70570269.0,1.0,counterfactual,-0.3457268843659231,70570269.0,70570269.0,1.0,0.4682485485178073
factual,310,62,5,Hunan Province,-0.01732537972072807,70570269.0,70570269.0,1.0,counterfactual,0.14843096250017757,70570269.0,70570269.0,1.0,-0.16575634222090563
factual,311,63,1,Hunan Province,-0.2842494627116461,70570269.0,70570269.0,1.0,counterfactual,0.26688448651533936,70570269.0,70570269.0,1.0,-0.5511339492269854
factual,312,63,2,Hunan Province,-0.039214917174686066,70570269.0,70570269.0,1.0,counterfactual,-0.3416367196793518,70570269.0,70570269.0,1.0,0.3024218025046657
factual,313,63,3,Hunan Province,-0.19117371859860788,70570269.0,70570269.0,1.0,counterfactual,-0.7086444764157581,70570269.0,70570269.0,1.0,0.5174707578171502
factual,314,63,4,Hunan Province,-0.8918326459766128,70570269.0,70570269.0,1.0,counterfactual,0.7359831189131077,70570269.0,70570269.0,1.0,-1.6278157648897205
factual,315,63,5,Hunan Province,-0.2336765890025572,70570269.0,70570269.0,1.0,counterfactual,1.2548562063308886,70570269.0,70570269.0,1.0,-1.4885327953334457
factual,316,64,1,Hunan Province,0.2156737540943403,70570269.0,70570269.0,1.0,counterfactual,0.6241591036657436,70570269.0,70570269.0,1.0,-0.40848534957140326
factual,317,64,2,Hunan Province,0.23901603008839611,70570269.0,70570269.0,1.0,counterfactual,0.5874340709971876,70570269.0,70570269.0,1.0,-0.34841804090879147
factual,318,64,3,Hunan Province,0.2093304593307301,70570269.0,70570269.0,1.0,counterfactual,0.13766816084463768,70570269.0,70570269.0,1.0,0.07166229848609243
factual,319,64,4,Hunan Province,0.6528703732116661,70570269.0,70570269.0,1.0,counterfactual,0.9114355984773286,70570269.0,70570269.0,1.0,-0.2585652252656625
factual,320,64,5,Hunan Province,0.4602107985679861,70570269.0,70570269.0,1.0,counterfactual,-0.09313494879134462,70570269.0,70570269.0,1.0,0.5533457473593307
factual,321,65,1,Hunan Province,0.39722869060985416,70570269.0,70570269.0,1.0,counterfactual,0.5635092875143802,70570269.0,70570269.0,1.0,-0.16628059690452607
factual,322,65,2,Hunan Province,1.1225236303359152,70570269.0,70570269.0,1.0,counterfactual,0.5007550208020922,70570269.0,70570269.0,1.0,0.621768609533823
factual,323,65,3,Hunan Province,0.38438152394160685,70570269.0,70570269.0,1.0,counterfactual,0.5112374639474974,70570269.0,70570269.0,1.0,-0.1268559400058905
factual,324,65,4,Hunan Province,-0.4809688138718014,70570269.0,70570269.0,1.0,counterfactual,0.08800778039606881,70570269.0,70570269.0,1.0,-0.5689765942678702
factual,325,65,5,Hunan Province,0.10075192595896898,70570269.0,70570269.0,1.0,counterfactual,0.5016476284804441,70570269.0,70570269.0,1.0,-0.4008957025214751
factual,326,66,1,Hunan Province,-0.3719941870619041,70570269.0,70570269.0,1.0,counterfactual,-0.031011479863284164,70570269.0,70570269.0,1.0,-0.34098270719861995
factual,327,66,2,Hunan Province,-1.0085268757136472,70570269.0,70570269.0,1.0,counterfactual,0.8163638544386697,70570269.0,70570269.0,1.0,-1.8248907301523167
factual,328,66,3,Hunan Province,0.29434538301354696,70570269.0,70570269.0,1.0,counterfactual,0.31223329107085074,70570269.0,70570269.0,1.0,-0.01788790805730378
factual,329,66,4,Hunan Province,0.1181132015169095,70570269.0,70570269.0,1.0,counterfactual,-0.13718531908807519,70570269.0,70570269.0,1.0,0.2552985206049847
factual,330,66,5,Hunan Province,0.09346924894281049,70570269.0,70570269.0,1.0,counterfactual,0.7910683687800083,70570269.0,70570269.0,1.0,-0.6975991198371978
factual,331,67,1,Hunan Province,1.0145149050473499,70570269.0,70570269.0,1.0,counterfactual,0.3219035779411821,70570269.0,70570269.0,1.0,0.6926113271061678
factual,332,67,2,Hunan Province,-0.6230206610432001,70570269.0,70570269.0,1.0,counterfactual,0.19843917720635437,70570269.0,70570269.0,1.0,-0.8214598382495545
factual,333,67,3,Hunan Province,-0.06764288039731668,70570269.0,70570269.0,1.0,counterfactual,-0.05741994425730269,70570269.0,70570269.0,1.0,-0.010222936140013995
factual,334,67,4,Hunan Province,0.48474324129235924,70570269.0,70570269.0,1.0,counterfactual,0.2157769266944431,70570269.0,70570269.0,1.0,0.26896631459791615
factual,335,67,5,Hunan Province,0.45892098889283617,70570269.0,70570269.0,1.0,counterfactual,0.03300693827695117,70570269.0,70570269.0,1.0,0.425914050615885
factual,336,68,1,Hunan Province,-0.13089859887422334,70570269.0,70570269.0,1.0,counterfactual,0.6556718765114601,70570269.0,70570269.0,1.0,-0.7865704753856835
factual,337,68,2,Hunan Province,-1.0024228516454197,70570269.0,70570269.0,1.0,counterfactual,-1.0071255807102724,70570269.0,70570269.0,1.0,0.004702729064852695
factual,338,68,3,Hunan Province,-0.4079092452834285,70570269.0,70570269.0,1.0,counterfactual,-0.9216129919410184,70570269.0,70570269.0,1.0,0.51370374665759
factual,339,68,4,Hunan Province,0.42695898934547244,70570269.0,70570269.0,1.0,counterfactual,1.4853860639385876,70570269.0,70570269.0,1.0,-1.0584270745931152
factual,340,68,5,Hunan Province,0.051511652134042546,70570269.0,70570269.0,1.0,counterfactual,-0.7483999400124327,70570269.0,70570269.0,1.0,0.7999115921464752
factual,341,69,1,Hunan Province,-0.7166328636445851,70570269.0,70570269.0,1.0,counterfactual,0.9423722123668572,70570269.0,70570269.0,1.0,-1.6590050760114423
factual,342,69,2,Hunan Province,0.3197053170260227,70570269.0,70570269.0,1.0,counterfactual,-0.17260392480622638,70570269.0,70570269.0,1.0,0.49230924183224906
factual,343,69,3,Hunan Province,0.2516608494945964,70570269.0,70570269.0,1.0,counterfactual,-0.18984749576116472,70570269.0,70570269.0,1.0,0.4415083452557611
factual,344,69,4,Hunan Province,-0.4578621926950826,70570269.0,70570269.0,1.0,counterfactual,-0.10626200915383194,70570269.0,70570269.0,1.0,-0.35160018354125067
factual,345,69,5,Hunan Province,-0.11352930663232211,70570269.0,70570269.0,1.0,counterfactual,0.7817979206023221,70570269.0,70570269.0,1.0,-0.8953272272346442
factual,346,70,1,Hunan Province,0.33210161209156286,70570269.0,70570269.0,1.0,counterfactual,0.40650290878640616,70570269.0,70570269.0,1.0,-0.0744012966948433
factual,347,70,2,Hunan Province,-0.8403284587209285,70570269.0,70570269.0,1.0,counterfactual,0.7842782497303938,70570269.0,70570269.0,1.0,-1.6246067084513225
factual,348,70,3,Hunan Province,0.5453952793808441,70570269.0,70570269.0,1.0,counterfactual,0.3223392044883324,70570269.0,70570269.0,1.0,0.22305607489251167
factual,349,70,4,Hunan Province,-0.9463900581303818,70570269.0,70570269.0,1.0,counterfactual,-0.10725351248057881,70570269.0,70570269.0,1.0,-0.839136545649803
factual,350,70,5,Hunan Province,-0.6176303345896943,70570269.0,70570269.0,1.0,counterfactual,-0.8782932923603896,70570269.0,70570269.0,1.0,0.26066295777069526
factual,351,71,1,Hunan Province,-0.5095501740498134,70570269.0,70570269.0,1.0,counterfactual,0.8946028118360122,70570269.0,70570269.0,1.0,-1.4041529858858257
factual,352,71,2,Hunan Province,-0.9826107788716663,70570269.0,70570269.0,1.0,counterfactual,-0.5016230084717823,70570269.0,70570269.0,1.0,-0.48098777039988394
factual,353,71,3,Hunan Province,-1.1973553360934936,70570269.0,70570269.0,1.0,counterfactual,-0.27325303440683624,70570269.0,70570269.0,1.0,-0.9241023016866574
factual,354,71,4,Hunan Province,-0.4604988312311445,70570269.0,70570269.0,1.0,counterfactual,0.7121072801278197,70570269.0,70570269.0,1.0,-1.172606111358964
factual,355,71,5,Hunan Province,0.9928353185365772,70570269.0,70570269.0,1.0,counterfactual,0.07642867752461602,70570269.0,70570269.0,1.0,0.9164066410119612
factual,356,72,1,Hunan Province,0.4579345917547871,70570269.0,70570269.0,1.0,counterfactual,0.8539313550554782,70570269.0,70570269.0,1.0,-0.3959967633006911
factual,357,72,2,Hunan Province,0.8403415933332523,70570269.0,70570269.0,1.0,counterfactual,0.2961926417778248,70570269.0,70570269.0,1.0,0.5441489515554275
factual,358,72,3,Hunan Province,0.0931175619660584,70570269.0,70570269.0,1.0,counterfactual,-0.08383530267177673,70570269.0,70570269.0,1.0,0.17695286463783513
factual,359,72,4,Hunan Province,-0.005655560286629829,70570269.0,70570269.0,1.0,counterfactual,-0.5694383526721651,70570269.0,70570269.0,1.0,0.5637827923855353
factual,360,72,5,Hunan Province,0.41863931861414105,70570269.0,70570269.0,1.0,counterfactual,1.2858574874127873,70570269.0,70570269.0,1.0,-0.8672181687986462
factual,361,73,1,Hunan Province,-0.31801176091655803,70570269.0,70570269.0,1.0,counterfactual,0.3430765469876246,70570269.0,70570269.0,1.0,-0.6610883079041826
factual,362,73,2,Hunan Province,-0.5234443834662069,70570269.0,70570269.0,1.0,counterfactual,0.5062710509656775,70570269.0,70570269.0,1.0,-1.0297154344318844
factual,363,73,3,Hunan Province,-0.5272559253987991,70570269.0,70570269.0,1.0,counterfactual,1.2565286968717289,70570269.0,70570269.0,1.0,-1.7837846222705278
factual,364,73,4,Hunan Province,-0.49675519993061085,70570269.0,70570269.0,1.0,counterfactual,0.5140374626075209,70570269.0,70570269.0,1.0,-1.0107926625381318
factual,365,73,5,Hunan Province,-0.23636971445566735,70570269.0,70570269.0,1.0,counterfactual,0.17585513714641554,70570269.0,70570269.0,1.0,-0.4122248516020829
factual,366,74,1,Hunan Province,-0.0887022265636368,70570269.0,70570269.0,1.0,counterfactual,0.3139896647387015,70570269.0,70570269.0,1.0,-0.4026918913023383
factual,367,74,2,Hunan Province,-0.5705731880110433,70570269.0,70570269.0,1.0,counterfactual,1.5717905953946625,70570269.0,70570269.0,1.0,-2.1423637834057057
factual,368,74,3,Hunan Province,-0.5776195897177478,70570269.0,70570269.0,1.0,counterfactual,1.180852442654455,70570269.0,70570269.0,1.0,-1.758472032372203
factual,369,74,4,Hunan Province,-1.207530144421645,70570269.0,70570269.0,1.0,counterfactual,0.693506833955192,70570269.0,70570269.0,1.0,-1.901036978376837
factual,370,74,5,Hunan Province,-0.5509465012423764,70570269.0,70570269.0,1.0,counterfactual,-0.021940698849068692,70570269.0,70570269.0,1.0,-0.5290058023933077
factual,371,75,1,Hunan Province,0.11167437513306668,70570269.0,70570269.0,1.0,counterfactual,0.3970893177683013,70570269.0,70570269.0,1.0,-0.28541494263523465
factual,372,75,2,Hunan Province,-1.2948122956553623,70570269.0,70570269.0,1.0,counterfactual,0.4787398733027331,70570269.0,70570269.0,1.0,-1.7735521689580953
factual,373,75,3,Hunan Province,0.30367644142550354,70570269.0,70570269.0,1.0,counterfactual,1.049576269849063,70570269.0,70570269.0,1.0,-0.7458998284235594
factual,374,75,4,Hunan Province,0.49363550073063683,70570269.0,70570269.0,1.0,counterfactual,0.3808810977204661,70570269.0,70570269.0,1.0,0.11275440301017076
factual,375,75,5,Hunan Province,0.45000774737715793,70570269.0,70570269.0,1.0,counterfactual,1.3116764885552996,70570269.0,70570269.0,1.0,-0.8616687411781416
factual,376,76,1,Hunan Province,0.703709214389005,70570269.0,70570269.0,1.0,counterfactual,0.3276186265117776,70570269.0,70570269.0,1.0,0.37609058787722743
factual,377,76,2,Hunan Province,1.0331044443271393,70570269.0,70570269.0,1.0,counterfactual,0.9650275175889419,70570269.0,70570269.0,1.0,0.06807692673819743
factual,378,76,3,Hunan Province,-0.5123904400061122,70570269.0,70570269.0,1.0,counterfactual,0.874052195359034,70570269.0,70570269.0,1.0,-1.3864426353651462
factual,379,76,4,Hunan Province,0.19386448201212295,70570269.0,70570269.0,1.0,counterfactual,-0.47077182403259604,70570269.0,70570269.0,1.0,0.664636306044719
factual,380,76,5,Hunan Province,-1.1797073500966917,70570269.0,70570269.0,1.0,counterfactual,0.5307377913169037,70570269.0,70570269.0,1.0,-1.7104451414135955
factual,381,77,1,Hunan Province,-1.0235221244359969,70570269.0,70570269.0,1.0,counterfactual,0.4434760842679268,70570269.0,70570269.0,1.0,-1.4669982087039237
factual,382,77,2,Hunan Province,-0.9524661423676949,70570269.0,70570269.0,1.0,counterfactual,1.376849527490698,70570269.0,70570269.0,1.0,-2.329315669858393
factual,383,77,3,Hunan Province,0.0788121465927383,70570269.0,70570269.0,1.0,counterfactual,-0.5910806990125356,70570269.0,70570269.0,1.0,0.6698928456052738
factual,384,77,4,Hunan Province,0.5785370659732668,70570269.0,70570269.0,1.0,counterfactual,0.07236273779881063,70570269.0,70570269.0,1.0,0.5061743281744562
factual,385,77,5,Hunan Province,-0.34921528864039225,70570269.0,70570269.0,1.0,counterfactual,0.21818120195094656,70570269.0,70570269.0,1.0,-0.5673964905913388
factual,386,78,1,Hunan Province,-0.5497632989864282,70570269.0,70570269.0,1.0,counterfactual,0.13320847875937988,70570269.0,70570269.0,1.0,-0.6829717777458081
factual,387,78,2,Hunan Province,0.7296916929034873,70570269.0,70570269.0,1.0,counterfactual,0.045790623666742775,70570269.0,70570269.0,1.0,0.6839010692367445
factual,388,78,3,Hunan Province,0.4421408106449744,70570269.0,70570269.0,1.0,counterfactual,0.5624590603665713,70570269.0,70570269.0,1.0,-0.12031824972159694
factual,389,78,4,Hunan Province,-0.1249513766365693,70570269.0,70570269.0,1.0,counterfactual,1.027337058036006,70570269.0,70570269.0,1.0,-1.1522884346725752
factual,390,78,5,Hunan Province,0.3920657557010685,70570269.0,70570269.0,1.0,counterfactual,0.29222011801137576,70570269.0,70570269.0,1.0,0.09984563768969273
factual,391,79,1,Hunan Province,0.3978331121334139,70570269.0,70570269.0,1.0,counterfactual,0.09660264890758573,70570269.0,70570269.0,1.0,0.30123046322582814
factual,392,79,2,Hunan Province,-0.00188714738189457,70570269.0,70570269.0,1.0,counterfactual,-0.39798780496365216,70570269.0,70570269.0,1.0,0.3961006575817576
factual,393,79,3,Hunan Province,0.6405516929415802,70570269.0,70570269.0,1.0,counterfactual,0.16589224457382087,70570269.0,70570269.0,1.0,0.4746594483677593
factual,394,79,4,Hunan Province,0.6433681575258423,70570269.0,70570269.0,1.0,counterfactual,-0.17684827609666728,70570269.0,70570269.0,1.0,0.8202164336225096
factual,395,79,5,Hunan Province,-0.03843894403698586,70570269.0,70570269.0,1.0,counterfactual,-0.051813045329259406,70570269.0,70570269.0,1.0,0.013374101292273545
factual,396,80,1,Hunan Province,-0.26700391945918645,70570269.0,70570269.0,1.0,counterfactual,-0.3256211359938246,70570269.0,70570269.0,1.0,0.05861721653463814
factual,397,80,2,Hunan Province,-0.25332444317872577,70570269.0,70570269.0,1.0,counterfactual,0.25594663524669536,70570269.0,70570269.0,1.0,-0.5092710784254211
factual,398,80,3,Hunan Province,0.06951841144678234,70570269.0,70570269.0,1.0,counterfactual,-0.038903548677767796,70570269.0,70570269.0,1.0,0.10842196012455013
factual,399,80,4,Hunan Province,0.06081719925927245,70570269.0,70570269.0,1.0,counterfactual,0.12018553195002919,70570269.0,70570269.0,1.0,-0.05936833269075674
factual,400,80,5,Hunan Province,-0.18197400352742613,70570269.0,70570269.0,1.0,counterfactual,-0.2231410384748029,70570269.0,70570269.0,1.0,0.04116703494737678
factual,401,81,1,Hunan Province,-0.8038853359285498,70570269.0,70570269.0,1.0,counterfactual,0.6432513310670342,70570269.0,70570269.0,1.0,-1.447136666995584
factual,402,81,2,Hunan Province,0.7255904358534442,70570269.0,70570269.0,1.0,counterfactual,0.6564725900892404,70570269.0,70570269.0,1.0,0.06911784576420377
factual,403,81,3,Hunan Province,-0.06259860536510443,70570269.0,70570269.0,1.0,counterfactual,-0.08121310748789415,70570269.0,70570269.0,1.0,0.018614502122789714
factual,404,81,4,Hunan Province,-0.5234304953006765,70570269.0,70570269.0,1.0,counterfactual,-0.15533481239794372,70570269.0,70570269.0,1.0,-0.3680956829027328
factual,405,81,5,Hunan Province,0.4209398164998055,70570269.0,70570269.0,1.0,counterfactual,-0.23595358550848503,70570269.0,70570269.0,1.0,0.6568934020082905
factual,406,82,1,Hunan Province,0.01049464016630719,70570269.0,70570269.0,1.0,counterfactual,-0.4916711693052284,70570269.0,70570269.0,1.0,0.5021658094715356
factual,407,82,2,Hunan Province,0.5284928610426253,70570269.0,70570269.0,1.0,counterfactual,0.9217180048168797,70570269.0,70570269.0,1.0,-0.39322514377425444
factual,408,82,3,Hunan Province,-0.47047087757755907,70570269.0,70570269.0,1.0,counterfactual,-0.5530296372860128,70570269.0,70570269.0,1.0,0.08255875970845378
factual,409,82,4,Hunan Province,0.6519057869201724,70570269.0,70570269.0,1.0,counterfactual,-0.4201433668690855,70570269.0,70570269.0,1.0,1.072049153789258
factual,410,82,5,Hunan Province,-0.6631537192045218,70570269.0,70570269.0,1.0,counterfactual,0.5149973902704377,70570269.0,70570269.0,1.0,-1.1781511094749595
factual,411,83,1,Hunan Province,0.34924830571884885,70570269.0,70570269.0,1.0,counterfactual,-0.1004487343763639,70570269.0,70570269.0,1.0,0.4496970400952127
factual,412,83,2,Hunan Province,-0.865176299303501,70570269.0,70570269.0,1.0,counterfactual,0.082004343675039,70570269.0,70570269.0,1.0,-0.9471806429785401
factual,413,83,3,Hunan Province,-0.3250652429597273,70570269.0,70570269.0,1.0,counterfactual,-0.31108234810847324,70570269.0,70570269.0,1.0,-0.013982894851254035
factual,414,83,4,Hunan Province,-0.13803176866742992,70570269.0,70570269.0,1.0,counterfactual,-0.8372027920710859,70570269.0,70570269.0,1.0,0.699171023403656
factual,415,83,5,Hunan Province,-0.26393474443786713,70570269.0,70570269.0,1.0,counterfactual,0.4664568347806962,70570269.0,70570269.0,1.0,-0.7303915792185633
factual,416,84,1,Hunan Province,-0.16544354804090253,70570269.0,70570269.0,1.0,counterfactual,0.8262203846334806,70570269.0,70570269.0,1.0,-0.9916639326743831
factual,417,84,2,Hunan Province,-0.4090221788011532,70570269.0,70570269.0,1.0,counterfactual,-0.2536937214870476,70570269.0,70570269.0,1.0,-0.1553284573141056
factual,418,84,3,Hunan Province,1.0356925437201963,70570269.0,70570269.0,1.0,counterfactual,0.18963251825042018,70570269.0,70570269.0,1.0,0.8460600254697761
factual,419,84,4,Hunan Province,-0.7114591802168613,70570269.0,70570269.0,1.0,counterfactual,0.30510892134347317,70570269.0,70570269.0,1.0,-1.0165681015603345
factual,420,84,5,Hunan Province,-0.2731094663727195,70570269.0,70570269.0,1.0,counterfactual,0.6098458369234695,70570269.0,70570269.0,1.0,-0.882955303296189
factual,421,85,1,Hunan Province,0.8000221682516737,70570269.0,70570269.0,1.0,counterfactual,1.0624650308047345,70570269.0,70570269.0,1.0,-0.2624428625530608
factual,422,85,2,Hunan Province,0.4939480270280673,70570269.0,70570269.0,1.0,counterfactual,0.47523496933382553,70570269.0,70570269.0,1.0,0.018713057694241753
factual,423,85,3,Hunan Province,-0.26467456307425014,70570269.0,70570269.0,1.0,counterfactual,0.39515529652262954,70570269.0,70570269.0,1.0,-0.6598298595968797
factual,424,85,4,Hunan Province,0.13571901401549236,70570269.0,70570269.0,1.0,counterfactual,1.2753460940613006,70570269.0,70570269.0,1.0,-1.1396270800458081
factual,425,85,5,Hunan Province,-0.8761317256213995,70570269.0,70570269.0,1.0,counterfactual,0.24599934785831037,70570269.0,70570269.0,1.0,-1.1221310734797099
factual,426,86,1,Hunan Province,0.25271941167015394,70570269.0,70570269.0,1.0,counterfactual,0.9414927268071734,70570269.0,70570269.0,1.0,-0.6887733151370194
factual,427,86,2,Hunan Province,0.30232262751709066,70570269.0,70570269.0,1.0,counterfactual,-0.4501683557319334,70570269.0,70570269.0,1.0,0.7524909832490241
factual,428,86,3,Hunan Province,0.5451709206296788,70570269.0,70570269.0,1.0,counterfactual,0.2975852418443387,70570269.0,70570269.0,1.0,0.24758567878534005
factual,429,86,4,Hunan Province,0.669111155429032,70570269.0,70570269.0,1.0,counterfactual,-0.12582121123337486,70570269.0,70570269.0,1.0,0.7949323666624069
factual,430,86,5,Hunan Province,-0.5054040801245266,70570269.0,70570269.0,1.0,counterfactual,0.3469309226857987,70570269.0,70570269.0,1.0,-0.8523350028103254
factual,431,87,1,Hunan Province,0.46730909050761626,70570269.0,70570269.0,1.0,counterfactual,0.04933667521035027,70570269.0,70570269.0,1.0,0.417972415297266
factual,432,87,2,Hunan Province,0.34242692884140497,70570269.0,70570269.0,1.0,counterfactual,0.7173994842705108,70570269.0,70570269.0,1.0,-0.37497255542910585
factual,433,87,3,Hunan Province,-0.25884045012037726,70570269.0,70570269.0,1.0,counterfactual,-0.35026118053760336,70570269.0,70570269.0,1.0,0.09142073041722609
factual,434,87,4,Hunan Province,-0.329243538829676,70570269.0,70570269.0,1.0,counterfactual,0.21193517591018385,70570269.0,70570269.0,1.0,-0.5411787147398599
factual,435,87,5,Hunan Province,-0.8803581202690208,70570269.0,70570269.0,1.0,counterfactual,0.6056337828925278,70570269.0,70570269.0,1.0,-1.4859919031615485
factual,436,88,1,Hunan Province,0.5004461274785237,70570269.0,70570269.0,1.0,counterfactual,0.140763590592405,70570269.0,70570269.0,1.0,0.3596825368861187
factual,437,88,2,Hunan Province,0.22174685268593122,70570269.0,70570269.0,1.0,counterfactual,-0.7307878364858831,70570269.0,70570269.0,1.0,0.9525346891718143
factual,438,88,3,Hunan Province,0.7683760694090861,70570269.0,70570269.0,1.0,counterfactual,0.815757593563496,70570269.0,70570269.0,1.0,-0.04738152415440988
factual,439,88,4,Hunan Province,0.11801811666587067,70570269.0,70570269.0,1.0,counterfactual,0.0788963175217958,70570269.0,70570269.0,1.0,0.039121799144074876
factual,440,88,5,Hunan Province,1.2781721432135167,70570269.0,70570269.0,1.0,counterfactual,0.13274241987087587,70570269.0,70570269.0,1.0,1.145429723342641
factual,441,89,1,Hunan Province,0.3799879545004987,70570269.0,70570269.0,1.0,counterfactual,0.7946546490866424,70570269.0,70570269.0,1.0,-0.4146666945861437
factual,442,89,2,Hunan Province,0.3870189157041434,70570269.0,70570269.0,1.0,counterfactual,0.8101245272920796,70570269.0,70570269.0,1.0,-0.42310561158793625
factual,443,89,3,Hunan Province,-1.0566195410598453,70570269.0,70570269.0,1.0,counterfactual,0.21504750758606045,70570269.0,70570269.0,1.0,-1.2716670486459059
factual,444,89,4,Hunan Province,0.666677034819522,70570269.0,70570269.0,1.0,counterfactual,0.2896115016318255,70570269.0,70570269.0,1.0,0.37706553318769653
factual,445,89,5,Hunan Province,-0.4328584957070021,70570269.0,70570269.0,1.0,counterfactual,-0.21193443759671823,70570269.0,70570269.0,1.0,-0.22092405811028384
factual,446,90,1,Hunan Province,-0.33942054380504133,70570269.0,70570269.0,1.0,counterfactual,0.4098738670352634,70570269.0,70570269.0,1.0,-0.7492944108403048
factual,447,90,2,Hunan Province,-0.13087211496732967,70570269.0,70570269.0,1.0,counterfactual,0.6062269554684496,70570269.0,70570269.0,1.0,-0.7370990704357793
factual,448,90,3,Hunan Province,0.8608159787983244,70570269.0,70570269.0,1.0,counterfactual,0.7155199089637501,70570269.0,70570269.0,1.0,0.14529606983457433
factual,449,90,4,Hunan Province,0.6381217485758173,70570269.0,70570269.0,1.0,counterfactual,-0.26138654466743344,70570269.0,70570269.0,1.0,0.8995082932432508
factual,450,90,5,Hunan Province,0.26594189865589446,70570269.0,70570269.0,1.0,counterfactual,-0.6765024963537764,70570269.0,70570269.0,1.0,0.9424443950096708
factual,451,91,1,Hunan Province,0.3547095724788964,70570269.0,70570269.0,1.0,counterfactual,-0.7000587642496121,70570269.0,70570269.0,1.0,1.0547683367285086
factual,452,91,2,Hunan Province,-0.19845067513799822,70570269.0,70570269.0,1.0,counterfactual,0.5557401260513007,70570269.0,70570269.0,1.0,-0.7541908011892989
factual,453,91,3,Hunan Province,0.8834131333172961,70570269.0,70570269.0,1.0,counterfactual,0.30538866539028203,70570269.0,70570269.0,1.0,0.5780244679270141
factual,454,91,4,Hunan Province,0.5915799954357202,70570269.0,70570269.0,1.0,counterfactual,-0.6087291764767183,70570269.0,70570269.0,1.0,1.2003091719124384
factual,455,91,5,Hunan Province,-0.3637689530427334,70570269.0,70570269.0,1.0,counterfactual,-0.057737832600559105,70570269.0,70570269.0,1.0,-0.3060311204421743
factual,456,92,1,Hunan Province,0.5298787343323792,70570269.0,70570269.0,1.0,counterfactual,0.27700159003317687,70570269.0,70570269.0,1.0,0.2528771442992023
factual,457,92,2,Hunan Province,0.36928864983652987,70570269.0,70570269.0,1.0,counterfactual,1.2359468887467902,70570269.0,70570269.0,1.0,-0.8666582389102603
factual,458,92,3,Hunan Province,-0.82272975405496,70570269.0,70570269.0,1.0,counterfactual,0.9809770579513499,70570269.0,70570269.0,1.0,-1.8037068120063098
factual,459,92,4,Hunan Province,0.07305606673049096,70570269.0,70570269.0,1.0,counterfactual,0.7693422735008226,70570269.0,70570269.0,1.0,-0.6962862067703317
factual,460,92,5,Hunan Province,-1.1751976898535255,70570269.0,70570269.0,1.0,counterfactual,-0.08853113796355866,70570269.0,70570269.0,1.0,-1.0866665518899667
factual,461,93,1,Hunan Province,-0.5808698172025958,70570269.0,70570269.0,1.0,counterfactual,-0.9063858670570083,70570269.0,70570269.0,1.0,0.3255160498544125
factual,462,93,2,Hunan Province,0.6279945940581926,70570269.0,70570269.0,1.0,counterfactual,0.11290531977052698,70570269.0,70570269.0,1.0,0.5150892742876656
factual,463,93,3,Hunan Province,0.8992662539806658,70570269.0,70570269.0,1.0,counterfactual,-0.6458549119834461,70570269.0,70570269.0,1.0,1.545121165964112
factual,464,93,4,Hunan Province,-0.0030391299264187067,70570269.0,70570269.0,1.0,counterfactual,-0.11225507776822595,70570269.0,70570269.0,1.0,0.10921594784180724
factual,465,93,5,Hunan Province,-1.2885806478422526,70570269.0,70570269.0,1.0,counterfactual,-0.5377428141790326,70570269.0,70570269.0,1.0,-0.75083783366322
factual,466,94,1,Hunan Province,0.06745723140701351,70570269.0,70570269.0,1.0,counterfactual,0.04927965982357375,70570269.0,70570269.0,1.0,0.018177571583439765
factual,467,94,2,Hunan Province,0.05802643779697449,70570269.0,70570269.0,1.0,counterfactual,0.9964882576214806,70570269.0,70570269.0,1.0,-0.9384618198245062
factual,468,94,3,Hunan Province,-0.8399164985973588,70570269.0,70570269.0,1.0,counterfactual,-0.5822231759289345,70570269.0,70570269.0,1.0,-0.2576933226684244
factual,469,94,4,Hunan Province,-0.7499670174543233,70570269.0,70570269.0,1.0,counterfactual,0.5134261000193133,70570269.0,70570269.0,1.0,-1.2633931174736366
factual,470,94,5,Hunan Province,0.8417957029383503,70570269.0,70570269.0,1.0,counterfactual,1.121754128036563,70570269.0,70570269.0,1.0,-0.2799584250982128
factual,471,95,1,Hunan Province,-0.3282996320144538,70570269.0,70570269.0,1.0,counterfactual,-0.5088337465086132,70570269.0,70570269.0,1.0,0.18053411449415946
factual,472,95,2,Hunan Province,-0.11057408456062419,70570269.0,70570269.0,1.0,counterfactual,1.2946675653577857,70570269.0,70570269.0,1.0,-1.40524164991841
factual,473,95,3,Hunan Province,-0.30110432382885927,70570269.0,70570269.0,1.0,counterfactual,0.34488595069674716,70570269.0,70570269.0,1.0,-0.6459902745256064
factual,474,95,4,Hunan Province,0.1344108827673652,70570269.0,70570269.0,1.0,counterfactual,-0.5939695875766374,70570269.0,70570269.0,1.0,0.7283804703440027
factual,475,95,5,Hunan Province,0.36789472856003536,70570269.0,70570269.0,1.0,counterfactual,-0.32833072888470105,70570269.0,70570269.0,1.0,0.6962254574447364
factual,476,96,1,Hunan Province,0.5487790610556433,70570269.0,70570269.0,1.0,counterfactual,-0.48920298660425227,70570269.0,70570269.0,1.0,1.0379820476598955
factual,477,96,2,Hunan Province,0.26151438900193613,70570269.0,70570269.0,1.0,counterfactual,-0.4633539239160633,70570269.0,70570269.0,1.0,0.7248683129179994
factual,478,96,3,Hunan Province,-1.0092381138193272,70570269.0,70570269.0,1.0,counterfactual,-0.06982155712915623,70570269.0,70570269.0,1.0,-0.9394165566901709
factual,479,96,4,Hunan Province,0.5544380625273007,70570269.0,70570269.0,1.0,counterfactual,0.023084255620833053,70570269.0,70570269.0,1.0,0.5313538069064676
factual,480,96,5,Hunan Province,0.31199648326689655,70570269.0,70570269.0,1.0,counterfactual,0.25480126947900256,70570269.0,70570269.0,1.0,0.057195213787893995
factual,481,97,1,Hunan Province,0.3456196007442063,70570269.0,70570269.0,1.0,counterfactual,0.8555355493404837,70570269.0,70570269.0,1.0,-0.5099159485962774
factual,482,97,2,Hunan Province,-0.36909908043227796,70570269.0,70570269.0,1.0,counterfactual,0.49054713717975035,70570269.0,70570269.0,1.0,-0.8596462176120283
factual,483,97,3,Hunan Province,0.2892178628064917,70570269.0,70570269.0,1.0,counterfactual,0.5651997109339043,70570269.0,70570269.0,1.0,-0.2759818481274126
factual,484,97,4,Hunan Province,0.6464333041044824,70570269.0,70570269.0,1.0,counterfactual,0.317080695543233,70570269.0,70570269.0,1.0,0.3293526085612494
factual,485,97,5,Hunan Province,0.9813509835095258,70570269.0,70570269.0,1.0,counterfactual,0.38740637624293917,70570269.0,70570269.0,1.0,0.5939446072665866
factual,486,98,1,Hunan Province,-0.5294895556278981,70570269.0,70570269.0,1.0,counterfactual,-0.24604784430210933,70570269.0,70570269.0,1.0,-0.28344171132578877
factual,487,98,2,Hunan Province,0.6974050734572462,70570269.0,70570269.0,1.0,counterfactual,-0.155045037661325,70570269.0,70570269.0,1.0,0.8524501111185712
factual,488,98,3,Hunan Province,-0.9751141653491142,70570269.0,70570269.0,1.0,counterfactual,0.17540705039558332,70570269.0,70570269.0,1.0,-1.1505212157446976
factual,489,98,4,Hunan Province,-0.06615768913547802,70570269.0,70570269.0,1.0,counterfactual,0.9560955396927171,70570269.0,70570269.0,1.0,-1.0222532288281951
factual,490,98,5,Hunan Province,-0.6682298885943617,70570269.0,70570269.0,1.0,counterfactual,-0.12560528494987336,70570269.0,70570269.0,1.0,-0.5426246036444884
factual,491,99,1,Hunan Province,0.19442565798452222,70570269.0,70570269.0,1.0,counterfactual,0.2722919604695986,70570269.0,70570269.0,1.0,-0.07786630248507637
factual,492,99,2,Hunan Province,1.3158575569865254,70570269.0,70570269.0,1.0,counterfactual,0.35074099896981886,70570269.0,70570269.0,1.0,0.9651165580167065
factual,493,99,3,Hunan Province,0.5981786658955434,70570269.0,70570269.0,1.0,counterfactual,0.32454458513203815,70570269.0,70570269.0,1.0,0.2736340807635052
factual,494,99,4,Hunan Province,-0.16420244883645274,70570269.0,70570269.0,1.0,counterfactual,0.7458230607741112,70570269.0,70570269.0,1.0,-0.9100255096105639
factual,495,99,5,Hunan Province,0.9124528003302507,70570269.0,70570269.0,1.0,counterfactual,0.30850972913392266,70570269.0,70570269.0,1.0,0.6039430711963281
factual,496,100,1,Hunan Province,1.2449445915838067,70570269.0,70570269.0,1.0,counterfactual,0.6076854529190834,70570269.0,70570269.0,1.0,0.6372591386647233
factual,497,100,2,Hunan Province,-0.7073395008443146,70570269.0,70570269.0,1.0,counterfactual,-0.6445309857337048,70570269.0,70570269.0,1.0,-0.06280851511060981
factual,498,100,3,Hunan Province,-0.22025321259020236,70570269.0,70570269.0,1.0,counterfactual,0.7653936151617896,70570269.0,70570269.0,1.0,-0.985646827751992
factual,499,100,4,Hunan Province,-0.7941665914240719,70570269.0,70570269.0,1.0,counterfactual,-1.3806988772462743,70570269.0,70570269.0,1.0,0.5865322858222024
factual,500,100,5,Hunan Province,0.18977653260173513,70570269.0,70570269.0,1.0,counterfactual,0.3841361684116904,70570269.0,70570269.0,1.0,-0.19435963580995527
factual,501,101,1,Hunan Province,0.2157531424873591,70570269.0,70570269.0,1.0,counterfactual,0.696895790077196,70570269.0,70570269.0,1.0,-0.48114264758983694
factual,502,101,2,Hunan Province,0.25757592179820504,70570269.0,70570269.0,1.0,counterfactual,-0.052248137477502336,70570269.0,70570269.0,1.0,0.3098240592757074
factual,503,101,3,Hunan Province,-1.2406768683661267,70570269.0,70570269.0,1.0,counterfactual,0.7633442270644764,70570269.0,70570269.0,1.0,-2.004021095430603
factual,504,101,4,Hunan Province,0.4870935985500717,70570269.0,70570269.0,1.0,counterfactual,0.33996482877066486,70570269.0,70570269.0,1.0,0.14712876977940686
factual,505,101,5,Hunan Province,-0.23334817216322748,70570269.0,70570269.0,1.0,counterfactual,0.04948253526487327,70570269.0,70570269.0,1.0,-0.28283070742810074
factual,506,102,1,Hunan Province,0.312145588546952,70570269.0,70570269.0,1.0,counterfactual,0.263743802318543,70570269.0,70570269.0,1.0,0.048401786228409016
factual,507,102,2,Hunan Province,0.7474292357625287,70570269.0,70570269.0,1.0,counterfactual,0.31794827418509425,70570269.0,70570269.0,1.0,0.4294809615774345
factual,508,102,3,Hunan Province,0.7386702867712936,70570269.0,70570269.0,1.0,counterfactual,0.6817198232851277,70570269.0,70570269.0,1.0,0.05695046348616595
factual,509,102,4,Hunan Province,0.4959874142001448,70570269.0,70570269.0,1.0,counterfactual,-0.1924197568154608,70570269.0,70570269.0,1.0,0.6884071710156057
factual,510,102,5,Hunan Province,-0.497399954049692,70570269.0,70570269.0,1.0,counterfactual,0.2294605206837099,70570269.0,70570269.0,1.0,-0.7268604747334019
factual,511,103,1,Hunan Province,-0.3198102876157993,70570269.0,70570269.0,1.0,counterfactual,0.8697800602060449,70570269.0,70570269.0,1.0,-1.1895903478218441
factual,512,103,2,Hunan Province,0.45573405229950054,70570269.0,70570269.0,1.0,counterfactual,-0.8535109232945353,70570269.0,70570269.0,1.0,1.3092449755940359
factual,513,103,3,Hunan Province,0.7285396215926004,70570269.0,70570269.0,1.0,counterfactual,-0.0833629907178401,70570269.0,70570269.0,1.0,0.8119026123104406
factual,514,103,4,Hunan Province,0.46271110353523437,70570269.0,70570269.0,1.0,counterfactual,0.5041634331383688,70570269.0,70570269.0,1.0,-0.041452329603134386
factual,515,103,5,Hunan Province,0.4373058232536057,70570269.0,70570269.0,1.0,counterfactual,-0.6238801431935527,70570269.0,70570269.0,1.0,1.0611859664471583
factual,516,104,1,Hunan Province,-0.04241327569736086,70570269.0,70570269.0,1.0,counterfactual,0.4755160680804244,70570269.0,70570269.0,1.0,-0.5179293437777852
factual,517,104,2,Hunan Province,-0.9074659642627899,70570269.0,70570269.0,1.0,counterfactual,0.07660115377023476,70570269.0,70570269.0,1.0,-0.9840671180330247
factual,518,104,3,Hunan Province,1.2144664349847176,70570269.0,70570269.0,1.0,counterfactual,0.9757714401374138,70570269.0,70570269.0,1.0,0.23869499484730383
factual,519,104,4,Hunan Province,0.266035076647164,70570269.0,70570269.0,1.0,counterfactual,-0.4272056304819188,70570269.0,70570269.0,1.0,0.6932407071290828
factual,520,104,5,Hunan Province,0.7754642788199818,70570269.0,70570269.0,1.0,counterfactual,-0.19826634437496413,70570269.0,70570269.0,1.0,0.973730623194946
factual,521,105,1,Hunan Province,0.742920108291807,70570269.0,70570269.0,1.0,counterfactual,0.5130086459970007,70570269.0,70570269.0,1.0,0.2299114622948063
factual,522,105,2,Hunan Province,-0.6356427176991084,70570269.0,70570269.0,1.0,counterfactual,-0.4437197281059126,70570269.0,70570269.0,1.0,-0.19192298959319581
factual,523,105,3,Hunan Province,-0.7415400933294402,70570269.0,70570269.0,1.0,counterfactual,1.1414755951556288,70570269.0,70570269.0,1.0,-1.8830156884850688
factual,524,105,4,Hunan Province,0.5322036606700659,70570269.0,70570269.0,1.0,counterfactual,-0.032127512118148745,70570269.0,70570269.0,1.0,0.5643311727882147
factual,525,105,5,Hunan Province,0.6910631592014197,70570269.0,70570269.0,1.0,counterfactual,0.1538646093181203,70570269.0,70570269.0,1.0,0.5371985498832994
factual,1,1,1,Guizhou Province,0.07665603975359463,37452218.0,37452218.0,1.0,counterfactual,0.24897725881181024,37452218.0,37452218.0,1.0,-0.17232121905821562
factual,2,1,2,Guizhou Province,-0.24053471698391246,37452218.0,37452218.0,1.0,counterfactual,0.6095047522251225,37452218.0,37452218.0,1.0,-0.850039469209035
factual,3,1,3,Guizhou Province,0.4035047765439407,37452218.0,37452218.0,1.0,counterfactual,-0.05818712910461833,37452218.0,37452218.0,1.0,0.461691905648559
factual,4,1,4,Guizhou Province,0.03588388654182588,37452218.0,37452218.0,1.0,counterfactual,0.4579881924742673,37452218.0,37452218.0,1.0,-0.4221043059324414
factual,5,1,5,Guizhou Province,0.3008825837113237,37452218.0,37452218.0,1.0,counterfactual,-0.08868629375950507,37452218.0,37452218.0,1.0,0.3895688774708288
factual,6,2,1,Guizhou Province,0.49122443549001615,37452218.0,37452218.0,1.0,counterfactual,0.043896865492027794,37452218.0,37452218.0,1.0,0.44732756999798834
factual,7,2,2,Guizhou Province,-0.3930286095875141,37452218.0,37452218.0,1.0,counterfactual,0.5255594436468934,37452218.0,37452218.0,1.0,-0.9185880532344075
factual,8,2,3,Guizhou Province,-0.17679179329366554,37452218.0,37452218.0,1.0,counterfactual,-0.48965984165669146,37452218.0,37452218.0,1.0,0.31286804836302595
factual,9,2,4,Guizhou Province,-1.125905334557281,37452218.0,37452218.0,1.0,counterfactual,0.4586180870611858,37452218.0,37452218.0,1.0,-1.5845234216184667
factual,10,2,5,Guizhou Province,-0.9991049295040396,37452218.0,37452218.0,1.0,counterfactual,0.4422252816369252,37452218.0,37452218.0,1.0,-1.441330211140965
factual,11,3,1,Guizhou Province,-0.26154802457240434,37452218.0,37452218.0,1.0,counterfactual,-0.08437897163783308,37452218.0,37452218.0,1.0,-0.17716905293457125
factual,12,3,2,Guizhou Province,-0.3558031427035658,37452218.0,37452218.0,1.0,counterfactual,-0.12308018263422656,37452218.0,37452218.0,1.0,-0.23272296006933924
factual,13,3,3,Guizhou Province,0.31180154283596484,37452218.0,37452218.0,1.0,counterfactual,0.9291087935640836,37452218.0,37452218.0,1.0,-0.6173072507281188
factual,14,3,4,Guizhou Province,-0.8551528561410344,37452218.0,37452218.0,1.0,counterfactual,-0.881043969385649,37452218.0,37452218.0,1.0,0.025891113244614572
factual,15,3,5,Guizhou Province,-0.06587366093918036,37452218.0,37452218.0,1.0,counterfactual,-0.4691769903748343,37452218.0,37452218.0,1.0,0.40330332943565395
factual,16,4,1,Guizhou Province,-0.07345291918535578,37452218.0,37452218.0,1.0,counterfactual,0.07209123161635113,37452218.0,37452218.0,1.0,-0.1455441508017069
factual,17,4,2,Guizhou Province,-0.09630115433133198,37452218.0,37452218.0,1.0,counterfactual,-0.3772102648804337,37452218.0,37452218.0,1.0,0.2809091105491017
factual,18,4,3,Guizhou Province,0.060382191471131295,37452218.0,37452218.0,1.0,counterfactual,-0.034379685712078785,37452218.0,37452218.0,1.0,0.09476187718321008
factual,19,4,4,Guizhou Province,0.1559333616239948,37452218.0,37452218.0,1.0,counterfactual,0.22539238470053966,37452218.0,37452218.0,1.0,-0.06945902307654486
factual,20,4,5,Guizhou Province,-1.3866595618874726,37452218.0,37452218.0,1.0,counterfactual,0.32276459882589714,37452218.0,37452218.0,1.0,-1.7094241607133698
factual,21,5,1,Guizhou Province,-0.05522272549803277,37452218.0,37452218.0,1.0,counterfactual,-0.05928282551176727,37452218.0,37452218.0,1.0,0.004060100013734504
factual,22,5,2,Guizhou Province,0.3989213937716516,37452218.0,37452218.0,1.0,counterfactual,0.527385843896826,37452218.0,37452218.0,1.0,-0.12846445012517438
factual,23,5,3,Guizhou Province,0.23003706206123828,37452218.0,37452218.0,1.0,counterfactual,0.8634751870349797,37452218.0,37452218.0,1.0,-0.6334381249737414
factual,24,5,4,Guizhou Province,0.29461349795080366,37452218.0,37452218.0,1.0,counterfactual,-0.2657288199711634,37452218.0,37452218.0,1.0,0.5603423179219671
factual,25,5,5,Guizhou Province,0.5154709705581004,37452218.0,37452218.0,1.0,counterfactual,0.2271213517344465,37452218.0,37452218.0,1.0,0.28834961882365395
factual,26,6,1,Guizhou Province,-0.3251161603880308,37452218.0,37452218.0,1.0,counterfactual,0.2936501917709671,37452218.0,37452218.0,1.0,-0.6187663521589979
factual,27,6,2,Guizhou Province,0.03452112768928401,37452218.0,37452218.0,1.0,counterfactual,-0.06741140348599525,37452218.0,37452218.0,1.0,0.10193253117527926
factual,28,6,3,Guizhou Province,0.16929767575369534,37452218.0,37452218.0,1.0,counterfactual,0.09149770629234934,37452218.0,37452218.0,1.0,0.077799969461346
factual,29,6,4,Guizhou Province,-0.19202436401004175,37452218.0,37452218.0,1.0,counterfactual,-0.31649477896942835,37452218.0,37452218.0,1.0,0.1244704149593866
factual,30,6,5,Guizhou Province,0.4608854410175464,37452218.0,37452218.0,1.0,counterfactual,-0.584327166638894,37452218.0,37452218.0,1.0,1.0452126076564403
factual,31,7,1,Guizhou Province,-0.9046698319879087,37452218.0,37452218.0,1.0,counterfactual,0.47135576825886244,37452218.0,37452218.0,1.0,-1.3760256002467712
factual,32,7,2,Guizhou Province,0.6804871969564654,37452218.0,37452218.0,1.0,counterfactual,-0.03046994593691961,37452218.0,37452218.0,1.0,0.7109571428933851
factual,33,7,3,Guizhou Province,0.16147524907127836,37452218.0,37452218.0,1.0,counterfactual,-0.1379978095032888,37452218.0,37452218.0,1.0,0.2994730585745672
factual,34,7,4,Guizhou Province,-0.08946494594595641,37452218.0,37452218.0,1.0,counterfactual,0.11454633712383795,37452218.0,37452218.0,1.0,-0.20401128306979438
factual,35,7,5,Guizhou Province,0.14036013794101346,37452218.0,37452218.0,1.0,counterfactual,-0.5464484728010689,37452218.0,37452218.0,1.0,0.6868086107420823
factual,36,8,1,Guizhou Province,1.536042503334738,37452218.0,37452218.0,1.0,counterfactual,-0.09216637458604923,37452218.0,37452218.0,1.0,1.6282088779207873
factual,37,8,2,Guizhou Province,0.11383004622369548,37452218.0,37452218.0,1.0,counterfactual,0.289308571386426,37452218.0,37452218.0,1.0,-0.17547852516273055
factual,38,8,3,Guizhou Province,-1.0692521503980719,37452218.0,37452218.0,1.0,counterfactual,0.7131104211245557,37452218.0,37452218.0,1.0,-1.7823625715226274
factual,39,8,4,Guizhou Province,0.12985563796767355,37452218.0,37452218.0,1.0,counterfactual,0.48470759280165726,37452218.0,37452218.0,1.0,-0.3548519548339837
factual,40,8,5,Guizhou Province,0.35978867953973925,37452218.0,37452218.0,1.0,counterfactual,-0.4155647088329313,37452218.0,37452218.0,1.0,0.7753533883726705
factual,41,9,1,Guizhou Province,-0.6227536665288251,37452218.0,37452218.0,1.0,counterfactual,-0.5698137631913036,37452218.0,37452218.0,1.0,-0.05293990333752152
factual,42,9,2,Guizhou Province,0.08795588737507203,37452218.0,37452218.0,1.0,counterfactual,0.4506187531253082,37452218.0,37452218.0,1.0,-0.36266286575023615
factual,43,9,3,Guizhou Province,-0.5133314726283472,37452218.0,37452218.0,1.0,counterfactual,-0.06185218548114417,37452218.0,37452218.0,1.0,-0.45147928714720303
factual,44,9,4,Guizhou Province,-0.07598782035637504,37452218.0,37452218.0,1.0,counterfactual,0.8050249289607111,37452218.0,37452218.0,1.0,-0.8810127493170862
factual,45,9,5,Guizhou Province,-0.29176435450818594,37452218.0,37452218.0,1.0,counterfactual,0.47948158952086417,37452218.0,37452218.0,1.0,-0.7712459440290501
factual,46,10,1,Guizhou Province,-0.08315809974911856,37452218.0,37452218.0,1.0,counterfactual,0.37931775827559233,37452218.0,37452218.0,1.0,-0.4624758580247109
factual,47,10,2,Guizhou Province,0.22156338218493418,37452218.0,37452218.0,1.0,counterfactual,0.5011374408936468,37452218.0,37452218.0,1.0,-0.27957405870871255
factual,48,10,3,Guizhou Province,0.32237122853821354,37452218.0,37452218.0,1.0,counterfactual,0.8765481854036308,37452218.0,37452218.0,1.0,-0.5541769568654172
factual,49,10,4,Guizhou Province,0.04978892094737973,37452218.0,37452218.0,1.0,counterfactual,-0.8502932615752743,37452218.0,37452218.0,1.0,0.900082182522654
factual,50,10,5,Guizhou Province,-0.6325863650411101,37452218.0,37452218.0,1.0,counterfactual,0.08845403580501471,37452218.0,37452218.0,1.0,-0.7210404008461249
factual,51,11,1,Guizhou Province,0.7373886041937119,37452218.0,37452218.0,1.0,counterfactual,0.4991561232766421,37452218.0,37452218.0,1.0,0.23823248091706978
factual,52,11,2,Guizhou Province,-0.8358997108040903,37452218.0,37452218.0,1.0,counterfactual,0.3794865037437901,37452218.0,37452218.0,1.0,-1.2153862145478804
factual,53,11,3,Guizhou Province,-0.2177984593681221,37452218.0,37452218.0,1.0,counterfactual,0.17501412170312391,37452218.0,37452218.0,1.0,-0.392812581071246
factual,54,11,4,Guizhou Province,0.9393243579163943,37452218.0,37452218.0,1.0,counterfactual,-0.8215198975624601,37452218.0,37452218.0,1.0,1.7608442554788546
factual,55,11,5,Guizhou Province,0.3137096971753977,37452218.0,37452218.0,1.0,counterfactual,-0.38079590689117504,37452218.0,37452218.0,1.0,0.6945056040665727
factual,56,12,1,Guizhou Province,-0.010576870556527847,37452218.0,37452218.0,1.0,counterfactual,0.325873259667586,37452218.0,37452218.0,1.0,-0.33645013022411385
factual,57,12,2,Guizhou Province,0.8551109468671653,37452218.0,37452218.0,1.0,counterfactual,-0.11168928548474978,37452218.0,37452218.0,1.0,0.966800232351915
factual,58,12,3,Guizhou Province,-1.0396290637808108,37452218.0,37452218.0,1.0,counterfactual,-0.4365118456353452,37452218.0,37452218.0,1.0,-0.6031172181454656
factual,59,12,4,Guizhou Province,-0.5423137606145936,37452218.0,37452218.0,1.0,counterfactual,-0.13415783948908958,37452218.0,37452218.0,1.0,-0.40815592112550403
factual,60,12,5,Guizhou Province,0.1726953954056515,37452218.0,37452218.0,1.0,counterfactual,0.5516579817003563,37452218.0,37452218.0,1.0,-0.3789625862947048
factual,61,13,1,Guizhou Province,0.28712792713620844,37452218.0,37452218.0,1.0,counterfactual,0.19303742042764327,37452218.0,37452218.0,1.0,0.09409050670856517
factual,62,13,2,Guizhou Province,-0.48032893722661835,37452218.0,37452218.0,1.0,counterfactual,-0.9073917852380557,37452218.0,37452218.0,1.0,0.4270628480114374
factual,63,13,3,Guizhou Province,0.47705980970150635,37452218.0,37452218.0,1.0,counterfactual,0.147319197886727,37452218.0,37452218.0,1.0,0.3297406118147793
factual,64,13,4,Guizhou Province,-0.8244872668710915,37452218.0,37452218.0,1.0,counterfactual,-0.1004618308091835,37452218.0,37452218.0,1.0,-0.7240254360619081
factual,65,13,5,Guizhou Province,0.29047245204303423,37452218.0,37452218.0,1.0,counterfactual,-0.6053258872695592,37452218.0,37452218.0,1.0,0.8957983393125935
factual,66,14,1,Guizhou Province,0.13561478940936608,37452218.0,37452218.0,1.0,counterfactual,0.4561481761130686,37452218.0,37452218.0,1.0,-0.32053338670370257
factual,67,14,2,Guizhou Province,-0.5937902994397393,37452218.0,37452218.0,1.0,counterfactual,-0.26259317761386997,37452218.0,37452218.0,1.0,-0.3311971218258693
factual,68,14,3,Guizhou Province,-0.27095392297582,37452218.0,37452218.0,1.0,counterfactual,0.37644830702044657,37452218.0,37452218.0,1.0,-0.6474022299962665
factual,69,14,4,Guizhou Province,0.6324502499113344,37452218.0,37452218.0,1.0,counterfactual,-0.3693237010978983,37452218.0,37452218.0,1.0,1.0017739510092327
factual,70,14,5,Guizhou Province,-0.4576332218106075,37452218.0,37452218.0,1.0,counterfactual,0.39779198031547724,37452218.0,37452218.0,1.0,-0.8554252021260847
factual,71,15,1,Guizhou Province,-0.06484639584442188,37452218.0,37452218.0,1.0,counterfactual,0.2476776104121931,37452218.0,37452218.0,1.0,-0.312524006256615
factual,72,15,2,Guizhou Province,-0.18591902104767552,37452218.0,37452218.0,1.0,counterfactual,0.6155124317044895,37452218.0,37452218.0,1.0,-0.8014314527521651
factual,73,15,3,Guizhou Province,0.0029986516591956973,37452218.0,37452218.0,1.0,counterfactual,-0.24767212812929276,37452218.0,37452218.0,1.0,0.25067077978848845
factual,74,15,4,Guizhou Province,0.10805063832971673,37452218.0,37452218.0,1.0,counterfactual,0.07028564746216438,37452218.0,37452218.0,1.0,0.03776499086755235
factual,75,15,5,Guizhou Province,-0.2467394367203013,37452218.0,37452218.0,1.0,counterfactual,-0.2992376783307475,37452218.0,37452218.0,1.0,0.052498241610446195
factual,76,16,1,Guizhou Province,-0.09374999053084604,37452218.0,37452218.0,1.0,counterfactual,0.499805906305666,37452218.0,37452218.0,1.0,-0.593555896836512
factual,77,16,2,Guizhou Province,0.3726031644196278,37452218.0,37452218.0,1.0,counterfactual,0.456941659330727,37452218.0,37452218.0,1.0,-0.08433849491109918
factual,78,16,3,Guizhou Province,0.23669385370225907,37452218.0,37452218.0,1.0,counterfactual,0.13390865280083608,37452218.0,37452218.0,1.0,0.10278520090142299
factual,79,16,4,Guizhou Province,-0.06765229457521767,37452218.0,37452218.0,1.0,counterfactual,-0.008604616220426674,37452218.0,37452218.0,1.0,-0.059047678354790994
factual,80,16,5,Guizhou Province,0.4542447265718879,37452218.0,37452218.0,1.0,counterfactual,1.0179066248538804,37452218.0,37452218.0,1.0,-0.5636618982819925
factual,81,17,1,Guizhou Province,0.01900465431805677,37452218.0,37452218.0,1.0,counterfactual,-0.028919661909947544,37452218.0,37452218.0,1.0,0.04792431622800432
factual,82,17,2,Guizhou Province,-0.37727335725310823,37452218.0,37452218.0,1.0,counterfactual,-0.4661488514098228,37452218.0,37452218.0,1.0,0.08887549415671459
factual,83,17,3,Guizhou Province,-0.38506849308286756,37452218.0,37452218.0,1.0,counterfactual,-0.09623119063712528,37452218.0,37452218.0,1.0,-0.2888373024457423
factual,84,17,4,Guizhou Province,0.44221119383585133,37452218.0,37452218.0,1.0,counterfactual,-0.7917503995651115,37452218.0,37452218.0,1.0,1.233961593400963
factual,85,17,5,Guizhou Province,-0.1534538236645926,37452218.0,37452218.0,1.0,counterfactual,-0.21155461284324883,37452218.0,37452218.0,1.0,0.05810078917865624
factual,86,18,1,Guizhou Province,0.4119416435664727,37452218.0,37452218.0,1.0,counterfactual,0.6644005648789967,37452218.0,37452218.0,1.0,-0.25245892131252395
factual,87,18,2,Guizhou Province,0.7970831925811037,37452218.0,37452218.0,1.0,counterfactual,0.5848683442001146,37452218.0,37452218.0,1.0,0.21221484838098914
factual,88,18,3,Guizhou Province,-0.13648312915535557,37452218.0,37452218.0,1.0,counterfactual,0.7085364416172605,37452218.0,37452218.0,1.0,-0.845019570772616
factual,89,18,4,Guizhou Province,-1.2758879097559437,37452218.0,37452218.0,1.0,counterfactual,-0.6809078212603924,37452218.0,37452218.0,1.0,-0.5949800884955513
factual,90,18,5,Guizhou Province,-0.1124049531269302,37452218.0,37452218.0,1.0,counterfactual,0.4348352767055631,37452218.0,37452218.0,1.0,-0.5472402298324933
factual,91,19,1,Guizhou Province,0.21439061846964583,37452218.0,37452218.0,1.0,counterfactual,0.23974684951623326,37452218.0,37452218.0,1.0,-0.025356231046587435
factual,92,19,2,Guizhou Province,0.21155588438413875,37452218.0,37452218.0,1.0,counterfactual,0.3053942085780709,37452218.0,37452218.0,1.0,-0.09383832419393218
factual,93,19,3,Guizhou Province,0.25758426325981926,37452218.0,37452218.0,1.0,counterfactual,0.6731116778947437,37452218.0,37452218.0,1.0,-0.41552741463492443
factual,94,19,4,Guizhou Province,0.4243128941648775,37452218.0,37452218.0,1.0,counterfactual,-0.04895566383948117,37452218.0,37452218.0,1.0,0.4732685580043587
factual,95,19,5,Guizhou Province,0.15696210891449286,37452218.0,37452218.0,1.0,counterfactual,-0.46707695549663353,37452218.0,37452218.0,1.0,0.6240390644111264
factual,96,20,1,Guizhou Province,-0.6304855845136745,37452218.0,37452218.0,1.0,counterfactual,0.70555044084898,37452218.0,37452218.0,1.0,-1.3360360253626546
factual,97,20,2,Guizhou Province,-0.33706032509249645,37452218.0,37452218.0,1.0,counterfactual,-0.2640256255947984,37452218.0,37452218.0,1.0,-0.07303469949769803
factual,98,20,3,Guizhou Province,-0.23492676918230873,37452218.0,37452218.0,1.0,counterfactual,1.1269973520676835,37452218.0,37452218.0,1.0,-1.3619241212499922
factual,99,20,4,Guizhou Province,0.19237505608263314,37452218.0,37452218.0,1.0,counterfactual,-0.8203877800241491,37452218.0,37452218.0,1.0,1.0127628361067822
factual,100,20,5,Guizhou Province,-0.6079439248060295,37452218.0,37452218.0,1.0,counterfactual,0.284279168003563,37452218.0,37452218.0,1.0,-0.8922230928095926
factual,101,21,1,Guizhou Province,0.69545348869592,37452218.0,37452218.0,1.0,counterfactual,-0.2776590709897834,37452218.0,37452218.0,1.0,0.9731125596857034
factual,102,21,2,Guizhou Province,0.8293575790541758,37452218.0,37452218.0,1.0,counterfactual,0.2212910480132683,37452218.0,37452218.0,1.0,0.6080665310409076
factual,103,21,3,Guizhou Province,0.464184427804916,37452218.0,37452218.0,1.0,counterfactual,0.9043207424055897,37452218.0,37452218.0,1.0,-0.4401363146006737
factual,104,21,4,Guizhou Province,-0.11103536549196572,37452218.0,37452218.0,1.0,counterfactual,1.411935503178297,37452218.0,37452218.0,1.0,-1.5229708686702628
factual,105,21,5,Guizhou Province,0.47286950166444863,37452218.0,37452218.0,1.0,counterfactual,0.45596934543308626,37452218.0,37452218.0,1.0,0.016900156231362373
factual,106,22,1,Guizhou Province,0.5282889576143432,37452218.0,37452218.0,1.0,counterfactual,-0.004426248727641114,37452218.0,37452218.0,1.0,0.5327152063419843
factual,107,22,2,Guizhou Province,0.6414082977822447,37452218.0,37452218.0,1.0,counterfactual,0.9275254448707225,37452218.0,37452218.0,1.0,-0.2861171470884778
factual,108,22,3,Guizhou Province,0.369712299800567,37452218.0,37452218.0,1.0,counterfactual,-0.5357171780371183,37452218.0,37452218.0,1.0,0.9054294778376852
factual,109,22,4,Guizhou Province,0.20690256708177976,37452218.0,37452218.0,1.0,counterfactual,-0.7485257941726338,37452218.0,37452218.0,1.0,0.9554283612544135
factual,110,22,5,Guizhou Province,-0.0244197163746476,37452218.0,37452218.0,1.0,counterfactual,-0.22476496580251157,37452218.0,37452218.0,1.0,0.20034524942786397
factual,111,23,1,Guizhou Province,0.009787924684260695,37452218.0,37452218.0,1.0,counterfactual,-0.43853341424307424,37452218.0,37452218.0,1.0,0.44832133892733494
factual,112,23,2,Guizhou Province,0.501540255800318,37452218.0,37452218.0,1.0,counterfactual,0.47883339543058956,37452218.0,37452218.0,1.0,0.022706860369728465
factual,113,23,3,Guizhou Province,-0.36711665281528594,37452218.0,37452218.0,1.0,counterfactual,0.41448709892194135,37452218.0,37452218.0,1.0,-0.7816037517372273
factual,114,23,4,Guizhou Province,0.12934451881115394,37452218.0,37452218.0,1.0,counterfactual,0.10538245606100013,37452218.0,37452218.0,1.0,0.023962062750153806
factual,115,23,5,Guizhou Province,-0.17168135230172812,37452218.0,37452218.0,1.0,counterfactual,-0.14860723926861796,37452218.0,37452218.0,1.0,-0.02307411303311016
factual,116,24,1,Guizhou Province,-0.8550049951048512,37452218.0,37452218.0,1.0,counterfactual,0.10493454220478889,37452218.0,37452218.0,1.0,-0.9599395373096401
factual,117,24,2,Guizhou Province,-0.29823497035012136,37452218.0,37452218.0,1.0,counterfactual,0.15651745940254297,37452218.0,37452218.0,1.0,-0.45475242975266433
factual,118,24,3,Guizhou Province,-0.5253738061321773,37452218.0,37452218.0,1.0,counterfactual,0.5318335700741433,37452218.0,37452218.0,1.0,-1.0572073762063208
factual,119,24,4,Guizhou Province,0.2866446025073886,37452218.0,37452218.0,1.0,counterfactual,0.5864952537790686,37452218.0,37452218.0,1.0,-0.29985065127168004
factual,120,24,5,Guizhou Province,0.3829230197499441,37452218.0,37452218.0,1.0,counterfactual,-1.5250116525966448,37452218.0,37452218.0,1.0,1.9079346723465889
factual,121,25,1,Guizhou Province,-0.4760931342192179,37452218.0,37452218.0,1.0,counterfactual,0.5620820779968619,37452218.0,37452218.0,1.0,-1.03817521221608
factual,122,25,2,Guizhou Province,-0.6803543025970649,37452218.0,37452218.0,1.0,counterfactual,0.8280838032518408,37452218.0,37452218.0,1.0,-1.5084381058489056
factual,123,25,3,Guizhou Province,-0.93980325265407,37452218.0,37452218.0,1.0,counterfactual,-0.6344578673118065,37452218.0,37452218.0,1.0,-0.3053453853422635
factual,124,25,4,Guizhou Province,-0.04057501676677281,37452218.0,37452218.0,1.0,counterfactual,-0.1910938939326357,37452218.0,37452218.0,1.0,0.1505188771658629
factual,125,25,5,Guizhou Province,0.0739557134939538,37452218.0,37452218.0,1.0,counterfactual,0.636635101498638,37452218.0,37452218.0,1.0,-0.5626793880046842
factual,126,26,1,Guizhou Province,0.46236926322833344,37452218.0,37452218.0,1.0,counterfactual,-0.25417566688402565,37452218.0,37452218.0,1.0,0.7165449301123591
factual,127,26,2,Guizhou Province,0.39854430631374177,37452218.0,37452218.0,1.0,counterfactual,-0.5032436504202024,37452218.0,37452218.0,1.0,0.9017879567339442
factual,128,26,3,Guizhou Province,0.8052892303627983,37452218.0,37452218.0,1.0,counterfactual,-0.08799666834420858,37452218.0,37452218.0,1.0,0.8932858987070069
factual,129,26,4,Guizhou Province,0.16231205625842035,37452218.0,37452218.0,1.0,counterfactual,-0.30158288418219503,37452218.0,37452218.0,1.0,0.4638949404406154
factual,130,26,5,Guizhou Province,0.053407107587252624,37452218.0,37452218.0,1.0,counterfactual,0.2690657342262871,37452218.0,37452218.0,1.0,-0.21565862663903448
factual,131,27,1,Guizhou Province,-0.21955991914666842,37452218.0,37452218.0,1.0,counterfactual,0.4840926586936589,37452218.0,37452218.0,1.0,-0.7036525778403273
factual,132,27,2,Guizhou Province,1.024884963852014,37452218.0,37452218.0,1.0,counterfactual,0.40120063183257815,37452218.0,37452218.0,1.0,0.623684332019436
factual,133,27,3,Guizhou Province,-0.37409108922082496,37452218.0,37452218.0,1.0,counterfactual,0.04894526691617311,37452218.0,37452218.0,1.0,-0.4230363561369981
factual,134,27,4,Guizhou Province,0.6960338890007647,37452218.0,37452218.0,1.0,counterfactual,-0.8186420868224957,37452218.0,37452218.0,1.0,1.5146759758232604
factual,135,27,5,Guizhou Province,-0.906105149566316,37452218.0,37452218.0,1.0,counterfactual,0.45122181733971806,37452218.0,37452218.0,1.0,-1.3573269669060342
factual,136,28,1,Guizhou Province,0.4951553331345742,37452218.0,37452218.0,1.0,counterfactual,-1.0047716126693975,37452218.0,37452218.0,1.0,1.4999269458039717
factual,137,28,2,Guizhou Province,-0.0210490258264617,37452218.0,37452218.0,1.0,counterfactual,0.4900491066791744,37452218.0,37452218.0,1.0,-0.5110981325056361
factual,138,28,3,Guizhou Province,0.10379865660850787,37452218.0,37452218.0,1.0,counterfactual,0.5949094771547286,37452218.0,37452218.0,1.0,-0.4911108205462208
factual,139,28,4,Guizhou Province,0.2952943972375911,37452218.0,37452218.0,1.0,counterfactual,-0.6607707299129174,37452218.0,37452218.0,1.0,0.9560651271505085
factual,140,28,5,Guizhou Province,0.0965950594817173,37452218.0,37452218.0,1.0,counterfactual,0.024319499305358126,37452218.0,37452218.0,1.0,0.07227556017635918
factual,141,29,1,Guizhou Province,0.4391270872916274,37452218.0,37452218.0,1.0,counterfactual,-0.3614312694300626,37452218.0,37452218.0,1.0,0.8005583567216901
factual,142,29,2,Guizhou Province,-0.24848474292059583,37452218.0,37452218.0,1.0,counterfactual,0.5767511706813027,37452218.0,37452218.0,1.0,-0.8252359136018985
factual,143,29,3,Guizhou Province,-0.3243437684825346,37452218.0,37452218.0,1.0,counterfactual,0.06288779905072944,37452218.0,37452218.0,1.0,-0.38723156753326404
factual,144,29,4,Guizhou Province,-0.29174813569563507,37452218.0,37452218.0,1.0,counterfactual,0.004197749518610091,37452218.0,37452218.0,1.0,-0.29594588521424514
factual,145,29,5,Guizhou Province,0.5890144385580454,37452218.0,37452218.0,1.0,counterfactual,-0.22400202258482546,37452218.0,37452218.0,1.0,0.8130164611428708
factual,146,30,1,Guizhou Province,1.4511647868283617,37452218.0,37452218.0,1.0,counterfactual,-0.3044524188035957,37452218.0,37452218.0,1.0,1.7556172056319574
factual,147,30,2,Guizhou Province,0.11281378705567884,37452218.0,37452218.0,1.0,counterfactual,-0.07510599011844067,37452218.0,37452218.0,1.0,0.1879197771741195
factual,148,30,3,Guizhou Province,0.043130363969476,37452218.0,37452218.0,1.0,counterfactual,0.5122434997903226,37452218.0,37452218.0,1.0,-0.46911313582084657
factual,149,30,4,Guizhou Province,-0.045916823743470184,37452218.0,37452218.0,1.0,counterfactual,0.9102574093233885,37452218.0,37452218.0,1.0,-0.9561742330668587
factual,150,30,5,Guizhou Province,0.03885922214953282,37452218.0,37452218.0,1.0,counterfactual,1.0747708821128463,37452218.0,37452218.0,1.0,-1.0359116599633136
factual,151,31,1,Guizhou Province,0.4992651289421434,37452218.0,37452218.0,1.0,counterfactual,-0.4685804574096718,37452218.0,37452218.0,1.0,0.9678455863518152
factual,152,31,2,Guizhou Province,-0.1310796996196523,37452218.0,37452218.0,1.0,counterfactual,1.3894451519505417,37452218.0,37452218.0,1.0,-1.5205248515701941
factual,153,31,3,Guizhou Province,0.5895338033538826,37452218.0,37452218.0,1.0,counterfactual,-0.10873779835187079,37452218.0,37452218.0,1.0,0.6982716017057534
factual,154,31,4,Guizhou Province,-0.5867677575583312,37452218.0,37452218.0,1.0,counterfactual,-0.7260851023477647,37452218.0,37452218.0,1.0,0.13931734478943347
factual,155,31,5,Guizhou Province,0.7909594633160901,37452218.0,37452218.0,1.0,counterfactual,0.4406860934552927,37452218.0,37452218.0,1.0,0.35027336986079743
factual,156,32,1,Guizhou Province,-0.09387709688218576,37452218.0,37452218.0,1.0,counterfactual,0.33346221117709024,37452218.0,37452218.0,1.0,-0.427339308059276
factual,157,32,2,Guizhou Province,0.3854958943254369,37452218.0,37452218.0,1.0,counterfactual,-0.17246374896412575,37452218.0,37452218.0,1.0,0.5579596432895626
factual,158,32,3,Guizhou Province,0.7137000991239362,37452218.0,37452218.0,1.0,counterfactual,-0.22250829584646128,37452218.0,37452218.0,1.0,0.9362083949703974
factual,159,32,4,Guizhou Province,-0.11866437581563566,37452218.0,37452218.0,1.0,counterfactual,-0.14655121536588803,37452218.0,37452218.0,1.0,0.027886839550252368
factual,160,32,5,Guizhou Province,0.01929055872864261,37452218.0,37452218.0,1.0,counterfactual,-0.8695522755183486,37452218.0,37452218.0,1.0,0.8888428342469912
factual,161,33,1,Guizhou Province,0.056909664636619076,37452218.0,37452218.0,1.0,counterfactual,-0.9467978292555592,37452218.0,37452218.0,1.0,1.0037074938921784
factual,162,33,2,Guizhou Province,0.5029985010358482,37452218.0,37452218.0,1.0,counterfactual,-0.11398531020338824,37452218.0,37452218.0,1.0,0.6169838112392364
factual,163,33,3,Guizhou Province,-0.43624241452254103,37452218.0,37452218.0,1.0,counterfactual,-0.43244314562403086,37452218.0,37452218.0,1.0,-0.0037992688985101775
factual,164,33,4,Guizhou Province,0.3770352235184854,37452218.0,37452218.0,1.0,counterfactual,0.689975847881645,37452218.0,37452218.0,1.0,-0.3129406243631596
factual,165,33,5,Guizhou Province,0.21816194898659955,37452218.0,37452218.0,1.0,counterfactual,-0.7185220299050278,37452218.0,37452218.0,1.0,0.9366839788916274
factual,166,34,1,Guizhou Province,-0.22749354160237456,37452218.0,37452218.0,1.0,counterfactual,0.6260845046231865,37452218.0,37452218.0,1.0,-0.8535780462255611
factual,167,34,2,Guizhou Province,0.9008122867964783,37452218.0,37452218.0,1.0,counterfactual,0.808008389129974,37452218.0,37452218.0,1.0,0.09280389766650432
factual,168,34,3,Guizhou Province,-0.4431022559010596,37452218.0,37452218.0,1.0,counterfactual,0.8316879657526716,37452218.0,37452218.0,1.0,-1.2747902216537312
factual,169,34,4,Guizhou Province,0.8099162071475865,37452218.0,37452218.0,1.0,counterfactual,-0.517026479809931,37452218.0,37452218.0,1.0,1.3269426869575174
factual,170,34,5,Guizhou Province,0.28190879314612327,37452218.0,37452218.0,1.0,counterfactual,-1.1894239285724328,37452218.0,37452218.0,1.0,1.4713327217185561
factual,171,35,1,Guizhou Province,-0.20104759654205434,37452218.0,37452218.0,1.0,counterfactual,-0.4305796333243679,37452218.0,37452218.0,1.0,0.22953203678231354
factual,172,35,2,Guizhou Province,0.007232068671363306,37452218.0,37452218.0,1.0,counterfactual,1.177593035928007,37452218.0,37452218.0,1.0,-1.1703609672566435
factual,173,35,3,Guizhou Province,-0.1353449408167953,37452218.0,37452218.0,1.0,counterfactual,-0.3506032272196883,37452218.0,37452218.0,1.0,0.215258286402893
factual,174,35,4,Guizhou Province,-0.5275824618423334,37452218.0,37452218.0,1.0,counterfactual,1.0185181266833456,37452218.0,37452218.0,1.0,-1.5461005885256789
factual,175,35,5,Guizhou Province,0.2230708695690556,37452218.0,37452218.0,1.0,counterfactual,0.5024822178442887,37452218.0,37452218.0,1.0,-0.27941134827523306
factual,176,36,1,Guizhou Province,-0.18035558502429017,37452218.0,37452218.0,1.0,counterfactual,1.3434701178300241,37452218.0,37452218.0,1.0,-1.5238257028543143
factual,177,36,2,Guizhou Province,0.6774206883179403,37452218.0,37452218.0,1.0,counterfactual,0.39709888931097126,37452218.0,37452218.0,1.0,0.2803217990069691
factual,178,36,3,Guizhou Province,-0.1715396492376141,37452218.0,37452218.0,1.0,counterfactual,0.23358758197749563,37452218.0,37452218.0,1.0,-0.40512723121510974
factual,179,36,4,Guizhou Province,-0.05793972561727308,37452218.0,37452218.0,1.0,counterfactual,0.49530014540009915,37452218.0,37452218.0,1.0,-0.5532398710173723
factual,180,36,5,Guizhou Province,0.6303443512998808,37452218.0,37452218.0,1.0,counterfactual,-0.2888772712050119,37452218.0,37452218.0,1.0,0.9192216225048926
factual,181,37,1,Guizhou Province,-0.8231374239535434,37452218.0,37452218.0,1.0,counterfactual,-0.6071152037969052,37452218.0,37452218.0,1.0,-0.2160222201566382
factual,182,37,2,Guizhou Province,0.4116813028076288,37452218.0,37452218.0,1.0,counterfactual,0.6297806642255165,37452218.0,37452218.0,1.0,-0.21809936141788766
factual,183,37,3,Guizhou Province,0.3222683079212103,37452218.0,37452218.0,1.0,counterfactual,-0.05033799198776896,37452218.0,37452218.0,1.0,0.37260629990897925
factual,184,37,4,Guizhou Province,0.01681244853318639,37452218.0,37452218.0,1.0,counterfactual,-0.8444832717873,37452218.0,37452218.0,1.0,0.8612957203204864
factual,185,37,5,Guizhou Province,-0.9306113697379155,37452218.0,37452218.0,1.0,counterfactual,0.12275432706504442,37452218.0,37452218.0,1.0,-1.0533656968029599
factual,186,38,1,Guizhou Province,0.16204309237348266,37452218.0,37452218.0,1.0,counterfactual,0.03771381503711535,37452218.0,37452218.0,1.0,0.12432927733636731
factual,187,38,2,Guizhou Province,0.26692150246983115,37452218.0,37452218.0,1.0,counterfactual,0.029755750562187887,37452218.0,37452218.0,1.0,0.23716575190764327
factual,188,38,3,Guizhou Province,-0.6050157846916884,37452218.0,37452218.0,1.0,counterfactual,0.208948237057104,37452218.0,37452218.0,1.0,-0.8139640217487923
factual,189,38,4,Guizhou Province,-0.6391430790627939,37452218.0,37452218.0,1.0,counterfactual,-0.17630283708380617,37452218.0,37452218.0,1.0,-0.4628402419789877
factual,190,38,5,Guizhou Province,0.5574058009541221,37452218.0,37452218.0,1.0,counterfactual,-0.3527705254930363,37452218.0,37452218.0,1.0,0.9101763264471583
factual,191,39,1,Guizhou Province,-0.30782336271562594,37452218.0,37452218.0,1.0,counterfactual,-0.23311420789253304,37452218.0,37452218.0,1.0,-0.0747091548230929
factual,192,39,2,Guizhou Province,0.31183588978558535,37452218.0,37452218.0,1.0,counterfactual,0.17559620793071515,37452218.0,37452218.0,1.0,0.1362396818548702
factual,193,39,3,Guizhou Province,-0.48946945320849117,37452218.0,37452218.0,1.0,counterfactual,0.6853699531538925,37452218.0,37452218.0,1.0,-1.1748394063623837
factual,194,39,4,Guizhou Province,-0.1675009203864782,37452218.0,37452218.0,1.0,counterfactual,-0.6445938936191697,37452218.0,37452218.0,1.0,0.4770929732326915
factual,195,39,5,Guizhou Province,-0.2117308279181746,37452218.0,37452218.0,1.0,counterfactual,0.45889471168401585,37452218.0,37452218.0,1.0,-0.6706255396021905
factual,196,40,1,Guizhou Province,0.7270408481735745,37452218.0,37452218.0,1.0,counterfactual,0.5089969634353018,37452218.0,37452218.0,1.0,0.21804388473827274
factual,197,40,2,Guizhou Province,0.32529453695406063,37452218.0,37452218.0,1.0,counterfactual,-0.24990642068100885,37452218.0,37452218.0,1.0,0.5752009576350695
factual,198,40,3,Guizhou Province,-0.6203322447740962,37452218.0,37452218.0,1.0,counterfactual,0.8300482555617071,37452218.0,37452218.0,1.0,-1.4503805003358035
factual,199,40,4,Guizhou Province,-0.05947808739881433,37452218.0,37452218.0,1.0,counterfactual,-0.03323962639064722,37452218.0,37452218.0,1.0,-0.02623846100816711
factual,200,40,5,Guizhou Province,-0.23585563367206805,37452218.0,37452218.0,1.0,counterfactual,0.4469574358420685,37452218.0,37452218.0,1.0,-0.6828130695141366
factual,201,41,1,Guizhou Province,-0.6688059076916592,37452218.0,37452218.0,1.0,counterfactual,0.34292258104326834,37452218.0,37452218.0,1.0,-1.0117284887349274
factual,202,41,2,Guizhou Province,-1.0630543321231276,37452218.0,37452218.0,1.0,counterfactual,0.5708016881558403,37452218.0,37452218.0,1.0,-1.633856020278968
factual,203,41,3,Guizhou Province,-0.39370700434355976,37452218.0,37452218.0,1.0,counterfactual,0.5034328519977038,37452218.0,37452218.0,1.0,-0.8971398563412636
factual,204,41,4,Guizhou Province,-1.0586289907083168,37452218.0,37452218.0,1.0,counterfactual,-0.6243324315751458,37452218.0,37452218.0,1.0,-0.434296559133171
factual,205,41,5,Guizhou Province,0.272180319692512,37452218.0,37452218.0,1.0,counterfactual,0.08211183215324505,37452218.0,37452218.0,1.0,0.19006848753926694
factual,206,42,1,Guizhou Province,0.013713118201081866,37452218.0,37452218.0,1.0,counterfactual,-0.23938611294663192,37452218.0,37452218.0,1.0,0.25309923114771377
factual,207,42,2,Guizhou Province,0.469985750112575,37452218.0,37452218.0,1.0,counterfactual,-0.16310152420665464,37452218.0,37452218.0,1.0,0.6330872743192296
factual,208,42,3,Guizhou Province,-0.31121411437307694,37452218.0,37452218.0,1.0,counterfactual,-0.03591939194678222,37452218.0,37452218.0,1.0,-0.2752947224262947
factual,209,42,4,Guizhou Province,0.3435993131878722,37452218.0,37452218.0,1.0,counterfactual,1.1117032927796593,37452218.0,37452218.0,1.0,-0.7681039795917871
factual,210,42,5,Guizhou Province,0.4583959997208948,37452218.0,37452218.0,1.0,counterfactual,-0.12613788384087782,37452218.0,37452218.0,1.0,0.5845338835617726
factual,211,43,1,Guizhou Province,0.3118247675600212,37452218.0,37452218.0,1.0,counterfactual,0.2515318389738785,37452218.0,37452218.0,1.0,0.06029292858614271
factual,212,43,2,Guizhou Province,-0.2654883809124134,37452218.0,37452218.0,1.0,counterfactual,0.9110936066351463,37452218.0,37452218.0,1.0,-1.1765819875475596
factual,213,43,3,Guizhou Province,0.19612910321199545,37452218.0,37452218.0,1.0,counterfactual,0.3852745343889298,37452218.0,37452218.0,1.0,-0.18914543117693433
factual,214,43,4,Guizhou Province,0.3322828169956695,37452218.0,37452218.0,1.0,counterfactual,-0.5042936289421779,37452218.0,37452218.0,1.0,0.8365764459378474
factual,215,43,5,Guizhou Province,1.2507958872316551,37452218.0,37452218.0,1.0,counterfactual,-0.053301017942533474,37452218.0,37452218.0,1.0,1.3040969051741886
factual,216,44,1,Guizhou Province,0.11598285969429092,37452218.0,37452218.0,1.0,counterfactual,0.207973308930439,37452218.0,37452218.0,1.0,-0.09199044923614808
factual,217,44,2,Guizhou Province,0.45172135126322543,37452218.0,37452218.0,1.0,counterfactual,0.7063464909628054,37452218.0,37452218.0,1.0,-0.25462513969958
factual,218,44,3,Guizhou Province,-0.29928951689707606,37452218.0,37452218.0,1.0,counterfactual,-0.47285862163580444,37452218.0,37452218.0,1.0,0.17356910473872839
factual,219,44,4,Guizhou Province,-0.25806226918553093,37452218.0,37452218.0,1.0,counterfactual,-0.43847223788450773,37452218.0,37452218.0,1.0,0.1804099686989768
factual,220,44,5,Guizhou Province,0.3806208439293165,37452218.0,37452218.0,1.0,counterfactual,-0.013979036459852625,37452218.0,37452218.0,1.0,0.3945998803891691
factual,221,45,1,Guizhou Province,-0.4331816768328108,37452218.0,37452218.0,1.0,counterfactual,-0.925323795285062,37452218.0,37452218.0,1.0,0.49214211845225125
factual,222,45,2,Guizhou Province,-0.06434673812393243,37452218.0,37452218.0,1.0,counterfactual,0.03933687328140308,37452218.0,37452218.0,1.0,-0.10368361140533552
factual,223,45,3,Guizhou Province,0.03602393958412752,37452218.0,37452218.0,1.0,counterfactual,-0.029856123057744894,37452218.0,37452218.0,1.0,0.06588006264187242
factual,224,45,4,Guizhou Province,-0.09986142068706236,37452218.0,37452218.0,1.0,counterfactual,-0.24670663730374937,37452218.0,37452218.0,1.0,0.146845216616687
factual,225,45,5,Guizhou Province,-0.24186964855195334,37452218.0,37452218.0,1.0,counterfactual,-0.07114390826025441,37452218.0,37452218.0,1.0,-0.17072574029169893
factual,226,46,1,Guizhou Province,0.05962280621704153,37452218.0,37452218.0,1.0,counterfactual,0.01788851170018679,37452218.0,37452218.0,1.0,0.041734294516854745
factual,227,46,2,Guizhou Province,0.38715397562639814,37452218.0,37452218.0,1.0,counterfactual,0.5377172943942522,37452218.0,37452218.0,1.0,-0.15056331876785406
factual,228,46,3,Guizhou Province,-0.21521342230054208,37452218.0,37452218.0,1.0,counterfactual,-0.2857699539703346,37452218.0,37452218.0,1.0,0.07055653166979253
factual,229,46,4,Guizhou Province,1.1886434653475062,37452218.0,37452218.0,1.0,counterfactual,0.358136632329276,37452218.0,37452218.0,1.0,0.8305068330182301
factual,230,46,5,Guizhou Province,0.281479437318925,37452218.0,37452218.0,1.0,counterfactual,0.39636332892375703,37452218.0,37452218.0,1.0,-0.11488389160483203
factual,231,47,1,Guizhou Province,0.32015878855167157,37452218.0,37452218.0,1.0,counterfactual,0.5760459210032385,37452218.0,37452218.0,1.0,-0.2558871324515669
factual,232,47,2,Guizhou Province,-0.6977737779491769,37452218.0,37452218.0,1.0,counterfactual,1.2701629216675516,37452218.0,37452218.0,1.0,-1.9679366996167285
factual,233,47,3,Guizhou Province,0.06549983200905694,37452218.0,37452218.0,1.0,counterfactual,0.28431686435843195,37452218.0,37452218.0,1.0,-0.218817032349375
factual,234,47,4,Guizhou Province,1.1176466776774558,37452218.0,37452218.0,1.0,counterfactual,-0.26324669654173805,37452218.0,37452218.0,1.0,1.3808933742191938
factual,235,47,5,Guizhou Province,-0.678084146800439,37452218.0,37452218.0,1.0,counterfactual,0.4301167362018058,37452218.0,37452218.0,1.0,-1.1082008830022447
factual,236,48,1,Guizhou Province,0.132748019114196,37452218.0,37452218.0,1.0,counterfactual,-0.38197272501247015,37452218.0,37452218.0,1.0,0.5147207441266661
factual,237,48,2,Guizhou Province,-0.35852053257910144,37452218.0,37452218.0,1.0,counterfactual,1.0410564688281139,37452218.0,37452218.0,1.0,-1.3995770014072153
factual,238,48,3,Guizhou Province,-0.5116958503283405,37452218.0,37452218.0,1.0,counterfactual,0.45306071029848927,37452218.0,37452218.0,1.0,-0.9647565606268298
factual,239,48,4,Guizhou Province,0.34227354910697055,37452218.0,37452218.0,1.0,counterfactual,-0.20936195703333577,37452218.0,37452218.0,1.0,0.5516355061403063
factual,240,48,5,Guizhou Province,-0.30924887530830636,37452218.0,37452218.0,1.0,counterfactual,0.16055168872484082,37452218.0,37452218.0,1.0,-0.4698005640331472
factual,241,49,1,Guizhou Province,-0.3445983952164,37452218.0,37452218.0,1.0,counterfactual,0.15679026192667306,37452218.0,37452218.0,1.0,-0.501388657143073
factual,242,49,2,Guizhou Province,-0.030389540787247604,37452218.0,37452218.0,1.0,counterfactual,-0.6697190209407952,37452218.0,37452218.0,1.0,0.6393294801535475
factual,243,49,3,Guizhou Province,0.46364258251168705,37452218.0,37452218.0,1.0,counterfactual,-0.34499583288478847,37452218.0,37452218.0,1.0,0.8086384153964755
factual,244,49,4,Guizhou Province,-0.001198834320659087,37452218.0,37452218.0,1.0,counterfactual,0.10024402325866806,37452218.0,37452218.0,1.0,-0.10144285757932715
factual,245,49,5,Guizhou Province,0.305167686047998,37452218.0,37452218.0,1.0,counterfactual,-0.1003050665056224,37452218.0,37452218.0,1.0,0.40547275255362036
factual,246,50,1,Guizhou Province,-0.7017371098039594,37452218.0,37452218.0,1.0,counterfactual,0.1671653408564159,37452218.0,37452218.0,1.0,-0.8689024506603753
factual,247,50,2,Guizhou Province,0.7166449475375435,37452218.0,37452218.0,1.0,counterfactual,0.22711828214831817,37452218.0,37452218.0,1.0,0.4895266653892253
factual,248,50,3,Guizhou Province,-0.10467368668545775,37452218.0,37452218.0,1.0,counterfactual,0.43670306928991326,37452218.0,37452218.0,1.0,-0.541376755975371
factual,249,50,4,Guizhou Province,-0.12257587096221174,37452218.0,37452218.0,1.0,counterfactual,0.4125100743434409,37452218.0,37452218.0,1.0,-0.5350859453056527
factual,250,50,5,Guizhou Province,0.10483412860350096,37452218.0,37452218.0,1.0,counterfactual,-0.6736981718849201,37452218.0,37452218.0,1.0,0.778532300488421
factual,251,51,1,Guizhou Province,-0.034979618168650035,37452218.0,37452218.0,1.0,counterfactual,-0.2287185366150733,37452218.0,37452218.0,1.0,0.19373891844642327
factual,252,51,2,Guizhou Province,0.31180245938918755,37452218.0,37452218.0,1.0,counterfactual,0.33544569322389856,37452218.0,37452218.0,1.0,-0.023643233834711008
factual,253,51,3,Guizhou Province,0.5390950362853336,37452218.0,37452218.0,1.0,counterfactual,-0.026020953239684383,37452218.0,37452218.0,1.0,0.565115989525018
factual,254,51,4,Guizhou Province,0.15517666695110444,37452218.0,37452218.0,1.0,counterfactual,0.22489000409440896,37452218.0,37452218.0,1.0,-0.06971333714330452
factual,255,51,5,Guizhou Province,0.6224589471678057,37452218.0,37452218.0,1.0,counterfactual,-0.16507524884571556,37452218.0,37452218.0,1.0,0.7875341960135213
factual,256,52,1,Guizhou Province,0.25177399299140407,37452218.0,37452218.0,1.0,counterfactual,0.08250629419307579,37452218.0,37452218.0,1.0,0.1692676987983283
factual,257,52,2,Guizhou Province,-0.0012689999682923166,37452218.0,37452218.0,1.0,counterfactual,-0.0015474832843979476,37452218.0,37452218.0,1.0,0.000278483316105631
factual,258,52,3,Guizhou Province,-0.06609243405841174,37452218.0,37452218.0,1.0,counterfactual,0.0422859617230185,37452218.0,37452218.0,1.0,-0.10837839578143024
factual,259,52,4,Guizhou Province,0.11613308453018722,37452218.0,37452218.0,1.0,counterfactual,-0.07796728760394726,37452218.0,37452218.0,1.0,0.1941003721341345
factual,260,52,5,Guizhou Province,-0.23837324476065624,37452218.0,37452218.0,1.0,counterfactual,0.5379065158929514,37452218.0,37452218.0,1.0,-0.7762797606536076
factual,261,53,1,Guizhou Province,-0.24568010287503947,37452218.0,37452218.0,1.0,counterfactual,0.6932991298211261,37452218.0,37452218.0,1.0,-0.9389792326961656
factual,262,53,2,Guizhou Province,-0.09073406170955137,37452218.0,37452218.0,1.0,counterfactual,0.15577786154473158,37452218.0,37452218.0,1.0,-0.24651192325428295
factual,263,53,3,Guizhou Province,0.28965074922655987,37452218.0,37452218.0,1.0,counterfactual,-0.10105544756739725,37452218.0,37452218.0,1.0,0.39070619679395713
factual,264,53,4,Guizhou Province,1.0413311647445456,37452218.0,37452218.0,1.0,counterfactual,0.6141759307854815,37452218.0,37452218.0,1.0,0.4271552339590641
factual,265,53,5,Guizhou Province,-0.6036491819973626,37452218.0,37452218.0,1.0,counterfactual,0.3266160770355499,37452218.0,37452218.0,1.0,-0.9302652590329126
factual,266,54,1,Guizhou Province,-0.6948066303801534,37452218.0,37452218.0,1.0,counterfactual,0.7846396909031362,37452218.0,37452218.0,1.0,-1.4794463212832896
factual,267,54,2,Guizhou Province,-0.3561177561020684,37452218.0,37452218.0,1.0,counterfactual,-0.0499786321982738,37452218.0,37452218.0,1.0,-0.3061391239037946
factual,268,54,3,Guizhou Province,-0.4266819941367425,37452218.0,37452218.0,1.0,counterfactual,0.7017590544843165,37452218.0,37452218.0,1.0,-1.128441048621059
factual,269,54,4,Guizhou Province,0.08339489651277676,37452218.0,37452218.0,1.0,counterfactual,-0.17530311029642878,37452218.0,37452218.0,1.0,0.2586980068092055
factual,270,54,5,Guizhou Province,-0.6887430017819094,37452218.0,37452218.0,1.0,counterfactual,0.42190112919147627,37452218.0,37452218.0,1.0,-1.1106441309733857
factual,271,55,1,Guizhou Province,0.2660522968609861,37452218.0,37452218.0,1.0,counterfactual,0.4023915553647537,37452218.0,37452218.0,1.0,-0.1363392585037676
factual,272,55,2,Guizhou Province,-0.3163578391506558,37452218.0,37452218.0,1.0,counterfactual,0.23938845893426966,37452218.0,37452218.0,1.0,-0.5557462980849255
factual,273,55,3,Guizhou Province,0.5945295979918208,37452218.0,37452218.0,1.0,counterfactual,0.14544895385412454,37452218.0,37452218.0,1.0,0.44908064413769627
factual,274,55,4,Guizhou Province,0.2295004470780138,37452218.0,37452218.0,1.0,counterfactual,0.843967694542449,37452218.0,37452218.0,1.0,-0.6144672474644353
factual,275,55,5,Guizhou Province,0.25230205650984017,37452218.0,37452218.0,1.0,counterfactual,-0.36192443593424134,37452218.0,37452218.0,1.0,0.6142264924440815
factual,276,56,1,Guizhou Province,0.3128167825263786,37452218.0,37452218.0,1.0,counterfactual,-0.260149115568026,37452218.0,37452218.0,1.0,0.5729658980944046
factual,277,56,2,Guizhou Province,0.6394532669251862,37452218.0,37452218.0,1.0,counterfactual,-0.8353987541285461,37452218.0,37452218.0,1.0,1.4748520210537324
factual,278,56,3,Guizhou Province,0.12993165302356321,37452218.0,37452218.0,1.0,counterfactual,1.0200210678681514,37452218.0,37452218.0,1.0,-0.8900894148445881
factual,279,56,4,Guizhou Province,0.05433404460037088,37452218.0,37452218.0,1.0,counterfactual,0.35252446405178794,37452218.0,37452218.0,1.0,-0.29819041945141705
factual,280,56,5,Guizhou Province,-0.4850779181142117,37452218.0,37452218.0,1.0,counterfactual,0.2193984883029633,37452218.0,37452218.0,1.0,-0.704476406417175
factual,281,57,1,Guizhou Province,-0.32279612241033245,37452218.0,37452218.0,1.0,counterfactual,-0.5538919469277642,37452218.0,37452218.0,1.0,0.23109582451743177
factual,282,57,2,Guizhou Province,0.46008677247374374,37452218.0,37452218.0,1.0,counterfactual,0.554895115997268,37452218.0,37452218.0,1.0,-0.0948083435235243
factual,283,57,3,Guizhou Province,-0.462239218714146,37452218.0,37452218.0,1.0,counterfactual,0.43252997881041594,37452218.0,37452218.0,1.0,-0.894769197524562
factual,284,57,4,Guizhou Province,0.8723357743281311,37452218.0,37452218.0,1.0,counterfactual,-0.37700077616636146,37452218.0,37452218.0,1.0,1.2493365504944927
factual,285,57,5,Guizhou Province,-0.4727026325863804,37452218.0,37452218.0,1.0,counterfactual,-0.19936752303581384,37452218.0,37452218.0,1.0,-0.27333510955056656
factual,286,58,1,Guizhou Province,0.4602217355733235,37452218.0,37452218.0,1.0,counterfactual,0.5332804470195691,37452218.0,37452218.0,1.0,-0.0730587114462456
factual,287,58,2,Guizhou Province,0.32089917575905574,37452218.0,37452218.0,1.0,counterfactual,0.21155860415288488,37452218.0,37452218.0,1.0,0.10934057160617086
factual,288,58,3,Guizhou Province,-0.8593744139874797,37452218.0,37452218.0,1.0,counterfactual,-0.3022156477171414,37452218.0,37452218.0,1.0,-0.5571587662703383
factual,289,58,4,Guizhou Province,-0.40397129164995765,37452218.0,37452218.0,1.0,counterfactual,0.027696684003208422,37452218.0,37452218.0,1.0,-0.43166797565316606
factual,290,58,5,Guizhou Province,1.115604383836655,37452218.0,37452218.0,1.0,counterfactual,0.4210369123659292,37452218.0,37452218.0,1.0,0.6945674714707257
factual,291,59,1,Guizhou Province,-0.14555779661240825,37452218.0,37452218.0,1.0,counterfactual,0.2752503556083393,37452218.0,37452218.0,1.0,-0.4208081522207476
factual,292,59,2,Guizhou Province,0.5993797020494561,37452218.0,37452218.0,1.0,counterfactual,0.9668455983977754,37452218.0,37452218.0,1.0,-0.3674658963483193
factual,293,59,3,Guizhou Province,0.5331961668909536,37452218.0,37452218.0,1.0,counterfactual,-0.5535492108817857,37452218.0,37452218.0,1.0,1.0867453777727394
factual,294,59,4,Guizhou Province,-0.3342792657315937,37452218.0,37452218.0,1.0,counterfactual,0.19872956063030664,37452218.0,37452218.0,1.0,-0.5330088263619004
factual,295,59,5,Guizhou Province,0.2612931576276785,37452218.0,37452218.0,1.0,counterfactual,0.7821776287696818,37452218.0,37452218.0,1.0,-0.5208844711420033
factual,296,60,1,Guizhou Province,0.5662445138330484,37452218.0,37452218.0,1.0,counterfactual,-0.16809086915330126,37452218.0,37452218.0,1.0,0.7343353829863497
factual,297,60,2,Guizhou Province,-0.316324663643979,37452218.0,37452218.0,1.0,counterfactual,-0.4409880054482598,37452218.0,37452218.0,1.0,0.12466334180428079
factual,298,60,3,Guizhou Province,0.9057284309895254,37452218.0,37452218.0,1.0,counterfactual,0.45584301848324565,37452218.0,37452218.0,1.0,0.4498854125062797
factual,299,60,4,Guizhou Province,-0.11631713567856282,37452218.0,37452218.0,1.0,counterfactual,0.1788442090354981,37452218.0,37452218.0,1.0,-0.2951613447140609
factual,300,60,5,Guizhou Province,-0.5737852540511431,37452218.0,37452218.0,1.0,counterfactual,-0.025811337607719618,37452218.0,37452218.0,1.0,-0.5479739164434235
factual,301,61,1,Guizhou Province,0.7425364103791003,37452218.0,37452218.0,1.0,counterfactual,1.057782872512891,37452218.0,37452218.0,1.0,-0.3152464621337907
factual,302,61,2,Guizhou Province,-0.7075242745336349,37452218.0,37452218.0,1.0,counterfactual,0.38904861667880863,37452218.0,37452218.0,1.0,-1.0965728912124435
factual,303,61,3,Guizhou Province,0.2800310797854624,37452218.0,37452218.0,1.0,counterfactual,0.7509499830562384,37452218.0,37452218.0,1.0,-0.470918903270776
factual,304,61,4,Guizhou Province,0.3093796156182847,37452218.0,37452218.0,1.0,counterfactual,0.16611630322845963,37452218.0,37452218.0,1.0,0.14326331238982506
factual,305,61,5,Guizhou Province,-0.04579641713636624,37452218.0,37452218.0,1.0,counterfactual,-0.695669612544632,37452218.0,37452218.0,1.0,0.6498731954082657
factual,306,62,1,Guizhou Province,-0.06999875610037853,37452218.0,37452218.0,1.0,counterfactual,-0.17605615308562783,37452218.0,37452218.0,1.0,0.1060573969852493
factual,307,62,2,Guizhou Province,0.24174051042563396,37452218.0,37452218.0,1.0,counterfactual,0.8833400810161172,37452218.0,37452218.0,1.0,-0.6415995705904832
factual,308,62,3,Guizhou Province,0.4633921122217368,37452218.0,37452218.0,1.0,counterfactual,-0.5143113588716341,37452218.0,37452218.0,1.0,0.977703471093371
factual,309,62,4,Guizhou Province,1.084215386177034,37452218.0,37452218.0,1.0,counterfactual,-0.7053579827267115,37452218.0,37452218.0,1.0,1.7895733689037456
factual,310,62,5,Guizhou Province,-0.021844967909073986,37452218.0,37452218.0,1.0,counterfactual,-0.027356108258177275,37452218.0,37452218.0,1.0,0.005511140349103289
factual,311,63,1,Guizhou Province,-0.21088775489938297,37452218.0,37452218.0,1.0,counterfactual,-0.38848010309363756,37452218.0,37452218.0,1.0,0.1775923481942546
factual,312,63,2,Guizhou Province,0.13107323330425294,37452218.0,37452218.0,1.0,counterfactual,0.3652972689038975,37452218.0,37452218.0,1.0,-0.23422403559964458
factual,313,63,3,Guizhou Province,0.8376767578968508,37452218.0,37452218.0,1.0,counterfactual,-0.33528662005345944,37452218.0,37452218.0,1.0,1.1729633779503104
factual,314,63,4,Guizhou Province,-0.3627455002006317,37452218.0,37452218.0,1.0,counterfactual,0.5598478107337946,37452218.0,37452218.0,1.0,-0.9225933109344263
factual,315,63,5,Guizhou Province,-0.01013977020728368,37452218.0,37452218.0,1.0,counterfactual,0.2986027815029803,37452218.0,37452218.0,1.0,-0.308742551710264
factual,316,64,1,Guizhou Province,-0.88885144231505,37452218.0,37452218.0,1.0,counterfactual,0.4619148995956462,37452218.0,37452218.0,1.0,-1.3507663419106961
factual,317,64,2,Guizhou Province,0.7118081162590166,37452218.0,37452218.0,1.0,counterfactual,-0.5616808048731815,37452218.0,37452218.0,1.0,1.273488921132198
factual,318,64,3,Guizhou Province,0.7455598887720609,37452218.0,37452218.0,1.0,counterfactual,0.06524603263019847,37452218.0,37452218.0,1.0,0.6803138561418625
factual,319,64,4,Guizhou Province,-0.3864078747125328,37452218.0,37452218.0,1.0,counterfactual,0.8417718079943968,37452218.0,37452218.0,1.0,-1.2281796827069296
factual,320,64,5,Guizhou Province,-0.20621585261743272,37452218.0,37452218.0,1.0,counterfactual,-0.18025815320272284,37452218.0,37452218.0,1.0,-0.02595769941470988
factual,321,65,1,Guizhou Province,0.02629527864090926,37452218.0,37452218.0,1.0,counterfactual,-0.47462201605277615,37452218.0,37452218.0,1.0,0.5009172946936854
factual,322,65,2,Guizhou Province,0.919684278609559,37452218.0,37452218.0,1.0,counterfactual,0.14666200010518532,37452218.0,37452218.0,1.0,0.7730222785043737
factual,323,65,3,Guizhou Province,0.09775034773495588,37452218.0,37452218.0,1.0,counterfactual,0.009050412757710576,37452218.0,37452218.0,1.0,0.08869993497724529
factual,324,65,4,Guizhou Province,0.35696905385073685,37452218.0,37452218.0,1.0,counterfactual,-0.379443247674436,37452218.0,37452218.0,1.0,0.7364123015251729
factual,325,65,5,Guizhou Province,0.34191376401238427,37452218.0,37452218.0,1.0,counterfactual,0.010501963488808216,37452218.0,37452218.0,1.0,0.33141180052357605
factual,326,66,1,Guizhou Province,-0.21793617563878268,37452218.0,37452218.0,1.0,counterfactual,-0.3408866046744247,37452218.0,37452218.0,1.0,0.12295042903564204
factual,327,66,2,Guizhou Province,-0.0029674131126526102,37452218.0,37452218.0,1.0,counterfactual,0.5886047251555969,37452218.0,37452218.0,1.0,-0.5915721382682495
factual,328,66,3,Guizhou Province,-0.45027371122812143,37452218.0,37452218.0,1.0,counterfactual,0.3885123727310883,37452218.0,37452218.0,1.0,-0.8387860839592097
factual,329,66,4,Guizhou Province,-0.40761982407425806,37452218.0,37452218.0,1.0,counterfactual,-0.7246211823646991,37452218.0,37452218.0,1.0,0.317001358290441
factual,330,66,5,Guizhou Province,0.29926338563797533,37452218.0,37452218.0,1.0,counterfactual,-0.03643528861654778,37452218.0,37452218.0,1.0,0.3356986742545231
factual,331,67,1,Guizhou Province,0.3217285982456285,37452218.0,37452218.0,1.0,counterfactual,-0.5633558722140406,37452218.0,37452218.0,1.0,0.8850844704596691
factual,332,67,2,Guizhou Province,-0.14895409117455968,37452218.0,37452218.0,1.0,counterfactual,0.12633341828968386,37452218.0,37452218.0,1.0,-0.2752875094642435
factual,333,67,3,Guizhou Province,0.020138971160646658,37452218.0,37452218.0,1.0,counterfactual,0.147468534655052,37452218.0,37452218.0,1.0,-0.12732956349440533
factual,334,67,4,Guizhou Province,0.33920805562479006,37452218.0,37452218.0,1.0,counterfactual,-0.7504251118211432,37452218.0,37452218.0,1.0,1.0896331674459332
factual,335,67,5,Guizhou Province,0.653485743767618,37452218.0,37452218.0,1.0,counterfactual,-0.3314425900103299,37452218.0,37452218.0,1.0,0.984928333777948
factual,336,68,1,Guizhou Province,0.21967141100944135,37452218.0,37452218.0,1.0,counterfactual,-0.09793380665860861,37452218.0,37452218.0,1.0,0.31760521766804994
factual,337,68,2,Guizhou Province,-0.6660427356176977,37452218.0,37452218.0,1.0,counterfactual,-0.9869552974284558,37452218.0,37452218.0,1.0,0.3209125618107581
factual,338,68,3,Guizhou Province,-0.29331440861280517,37452218.0,37452218.0,1.0,counterfactual,0.009527001794852758,37452218.0,37452218.0,1.0,-0.30284141040765794
factual,339,68,4,Guizhou Province,0.13481012318280605,37452218.0,37452218.0,1.0,counterfactual,-0.008018483828450265,37452218.0,37452218.0,1.0,0.14282860701125633
factual,340,68,5,Guizhou Province,-0.5195042058245612,37452218.0,37452218.0,1.0,counterfactual,-0.6394748936583124,37452218.0,37452218.0,1.0,0.1199706878337512
factual,341,69,1,Guizhou Province,-0.10241494502391538,37452218.0,37452218.0,1.0,counterfactual,0.5351652090907373,37452218.0,37452218.0,1.0,-0.6375801541146526
factual,342,69,2,Guizhou Province,0.013319543518442502,37452218.0,37452218.0,1.0,counterfactual,-0.21171016325462214,37452218.0,37452218.0,1.0,0.22502970677306464
factual,343,69,3,Guizhou Province,-0.0025834439266188055,37452218.0,37452218.0,1.0,counterfactual,-0.23972429924690294,37452218.0,37452218.0,1.0,0.23714085532028414
factual,344,69,4,Guizhou Province,-0.06101238501935071,37452218.0,37452218.0,1.0,counterfactual,-0.34647317094354746,37452218.0,37452218.0,1.0,0.28546078592419677
factual,345,69,5,Guizhou Province,0.06910604917962132,37452218.0,37452218.0,1.0,counterfactual,0.8289077991636837,37452218.0,37452218.0,1.0,-0.7598017499840624
factual,346,70,1,Guizhou Province,0.5851294317630537,37452218.0,37452218.0,1.0,counterfactual,0.6832772258723067,37452218.0,37452218.0,1.0,-0.098147794109253
factual,347,70,2,Guizhou Province,-0.6412481050851346,37452218.0,37452218.0,1.0,counterfactual,0.41400718643749945,37452218.0,37452218.0,1.0,-1.055255291522634
factual,348,70,3,Guizhou Province,0.11329535930298637,37452218.0,37452218.0,1.0,counterfactual,0.6392964401497663,37452218.0,37452218.0,1.0,-0.5260010808467799
factual,349,70,4,Guizhou Province,-1.1335314627212278,37452218.0,37452218.0,1.0,counterfactual,-0.43359844422825466,37452218.0,37452218.0,1.0,-0.6999330184929732
factual,350,70,5,Guizhou Province,-0.014442510947986497,37452218.0,37452218.0,1.0,counterfactual,-0.08075538320560896,37452218.0,37452218.0,1.0,0.06631287225762246
factual,351,71,1,Guizhou Province,-0.0012333148951238163,37452218.0,37452218.0,1.0,counterfactual,0.8408944671995962,37452218.0,37452218.0,1.0,-0.84212778209472
factual,352,71,2,Guizhou Province,-0.3614647388696751,37452218.0,37452218.0,1.0,counterfactual,0.9333409524041637,37452218.0,37452218.0,1.0,-1.2948056912738388
factual,353,71,3,Guizhou Province,-0.5133407234349484,37452218.0,37452218.0,1.0,counterfactual,0.00706327295528863,37452218.0,37452218.0,1.0,-0.520403996390237
factual,354,71,4,Guizhou Province,0.3439967651760585,37452218.0,37452218.0,1.0,counterfactual,0.4206732185132114,37452218.0,37452218.0,1.0,-0.0766764533371529
factual,355,71,5,Guizhou Province,0.6968314112684955,37452218.0,37452218.0,1.0,counterfactual,0.47948984618655205,37452218.0,37452218.0,1.0,0.2173415650819434
factual,356,72,1,Guizhou Province,0.3232182829539238,37452218.0,37452218.0,1.0,counterfactual,-0.014575746802260784,37452218.0,37452218.0,1.0,0.33779402975618456
factual,357,72,2,Guizhou Province,0.5069663236376457,37452218.0,37452218.0,1.0,counterfactual,-0.02954573317257168,37452218.0,37452218.0,1.0,0.5365120568102174
factual,358,72,3,Guizhou Province,0.5979249564328919,37452218.0,37452218.0,1.0,counterfactual,-0.30838877918476665,37452218.0,37452218.0,1.0,0.9063137356176585
factual,359,72,4,Guizhou Province,-0.3408440610913927,37452218.0,37452218.0,1.0,counterfactual,-0.5101566009713769,37452218.0,37452218.0,1.0,0.16931253987998424
factual,360,72,5,Guizhou Province,0.42050558786126396,37452218.0,37452218.0,1.0,counterfactual,0.8772108164141356,37452218.0,37452218.0,1.0,-0.4567052285528716
factual,361,73,1,Guizhou Province,-0.8068884246976474,37452218.0,37452218.0,1.0,counterfactual,0.4089662279835102,37452218.0,37452218.0,1.0,-1.2158546526811576
factual,362,73,2,Guizhou Province,-0.3228297504880826,37452218.0,37452218.0,1.0,counterfactual,-0.6748176580319692,37452218.0,37452218.0,1.0,0.35198790754388665
factual,363,73,3,Guizhou Province,-0.2087866374470412,37452218.0,37452218.0,1.0,counterfactual,1.361595618435839,37452218.0,37452218.0,1.0,-1.5703822558828804
factual,364,73,4,Guizhou Province,-1.0648154523623767,37452218.0,37452218.0,1.0,counterfactual,0.4352277883999529,37452218.0,37452218.0,1.0,-1.5000432407623296
factual,365,73,5,Guizhou Province,-0.3381618459810241,37452218.0,37452218.0,1.0,counterfactual,-0.31905709887396344,37452218.0,37452218.0,1.0,-0.01910474710706067
factual,366,74,1,Guizhou Province,0.04016653057597304,37452218.0,37452218.0,1.0,counterfactual,0.25359000181356595,37452218.0,37452218.0,1.0,-0.21342347123759292
factual,367,74,2,Guizhou Province,-0.28465675789939554,37452218.0,37452218.0,1.0,counterfactual,1.0626148365203467,37452218.0,37452218.0,1.0,-1.3472715944197422
factual,368,74,3,Guizhou Province,0.18439901933094893,37452218.0,37452218.0,1.0,counterfactual,0.6360520606194329,37452218.0,37452218.0,1.0,-0.45165304128848394
factual,369,74,4,Guizhou Province,-1.0860584702856024,37452218.0,37452218.0,1.0,counterfactual,0.8359582872197125,37452218.0,37452218.0,1.0,-1.922016757505315
factual,370,74,5,Guizhou Province,-0.8365561986496318,37452218.0,37452218.0,1.0,counterfactual,0.12352195153757779,37452218.0,37452218.0,1.0,-0.9600781501872097
factual,371,75,1,Guizhou Province,-0.022668927372934633,37452218.0,37452218.0,1.0,counterfactual,0.9165743336733018,37452218.0,37452218.0,1.0,-0.9392432610462365
factual,372,75,2,Guizhou Province,-0.5262757998191587,37452218.0,37452218.0,1.0,counterfactual,0.35981110363013186,37452218.0,37452218.0,1.0,-0.8860869034492906
factual,373,75,3,Guizhou Province,-0.42300581611572863,37452218.0,37452218.0,1.0,counterfactual,0.3936328238199122,37452218.0,37452218.0,1.0,-0.8166386399356409
factual,374,75,4,Guizhou Province,-0.2415896322370573,37452218.0,37452218.0,1.0,counterfactual,-0.769952983631616,37452218.0,37452218.0,1.0,0.5283633513945587
factual,375,75,5,Guizhou Province,0.20576450687552075,37452218.0,37452218.0,1.0,counterfactual,0.9248611464726743,37452218.0,37452218.0,1.0,-0.7190966395971535
factual,376,76,1,Guizhou Province,0.10792154334396364,37452218.0,37452218.0,1.0,counterfactual,-0.6603954325204616,37452218.0,37452218.0,1.0,0.7683169758644253
factual,377,76,2,Guizhou Province,0.28015544973650497,37452218.0,37452218.0,1.0,counterfactual,0.7755593609088941,37452218.0,37452218.0,1.0,-0.49540391117238913
factual,378,76,3,Guizhou Province,-0.2472650743126106,37452218.0,37452218.0,1.0,counterfactual,0.5375655414007822,37452218.0,37452218.0,1.0,-0.7848306157133927
factual,379,76,4,Guizhou Province,-0.493034611304424,37452218.0,37452218.0,1.0,counterfactual,0.14731321215993584,37452218.0,37452218.0,1.0,-0.6403478234643598
factual,380,76,5,Guizhou Province,-0.15359416342250293,37452218.0,37452218.0,1.0,counterfactual,0.15916236148061794,37452218.0,37452218.0,1.0,-0.3127565249031209
factual,381,77,1,Guizhou Province,-0.7412653321385838,37452218.0,37452218.0,1.0,counterfactual,0.3634727836142123,37452218.0,37452218.0,1.0,-1.104738115752796
factual,382,77,2,Guizhou Province,-0.9222502670429349,37452218.0,37452218.0,1.0,counterfactual,0.4779476286205094,37452218.0,37452218.0,1.0,-1.4001978956634442
factual,383,77,3,Guizhou Province,-0.09275880633472362,37452218.0,37452218.0,1.0,counterfactual,0.18823111480841276,37452218.0,37452218.0,1.0,-0.28098992114313637
factual,384,77,4,Guizhou Province,0.32937880296793665,37452218.0,37452218.0,1.0,counterfactual,-0.09891774518167037,37452218.0,37452218.0,1.0,0.42829654814960705
factual,385,77,5,Guizhou Province,0.0660932752580434,37452218.0,37452218.0,1.0,counterfactual,0.17966731578986184,37452218.0,37452218.0,1.0,-0.11357404053181844
factual,386,78,1,Guizhou Province,-0.2489696087248844,37452218.0,37452218.0,1.0,counterfactual,-0.0072605264885838156,37452218.0,37452218.0,1.0,-0.2417090822363006
factual,387,78,2,Guizhou Province,0.45088935274764,37452218.0,37452218.0,1.0,counterfactual,0.2880127957360535,37452218.0,37452218.0,1.0,0.16287655701158654
factual,388,78,3,Guizhou Province,0.2473906887272926,37452218.0,37452218.0,1.0,counterfactual,0.3295526688712623,37452218.0,37452218.0,1.0,-0.08216198014396967
factual,389,78,4,Guizhou Province,0.35391117794347887,37452218.0,37452218.0,1.0,counterfactual,1.0341208566307367,37452218.0,37452218.0,1.0,-0.6802096786872578
factual,390,78,5,Guizhou Province,0.5988864255495879,37452218.0,37452218.0,1.0,counterfactual,-0.19256752642542718,37452218.0,37452218.0,1.0,0.7914539519750151
factual,391,79,1,Guizhou Province,0.5628714280586544,37452218.0,37452218.0,1.0,counterfactual,0.9375148481474136,37452218.0,37452218.0,1.0,-0.37464342008875917
factual,392,79,2,Guizhou Province,-1.2817184298705486,37452218.0,37452218.0,1.0,counterfactual,-0.34032092135578307,37452218.0,37452218.0,1.0,-0.9413975085147656
factual,393,79,3,Guizhou Province,0.3315424538726933,37452218.0,37452218.0,1.0,counterfactual,-0.13977409638303026,37452218.0,37452218.0,1.0,0.4713165502557236
factual,394,79,4,Guizhou Province,0.6809661806400882,37452218.0,37452218.0,1.0,counterfactual,-0.24137706805319856,37452218.0,37452218.0,1.0,0.9223432486932868
factual,395,79,5,Guizhou Province,-0.4691523026990071,37452218.0,37452218.0,1.0,counterfactual,0.6430823496114337,37452218.0,37452218.0,1.0,-1.1122346523104407
factual,396,80,1,Guizhou Province,-0.3735629348458397,37452218.0,37452218.0,1.0,counterfactual,-0.6482612152095217,37452218.0,37452218.0,1.0,0.27469828036368205
factual,397,80,2,Guizhou Province,0.25402629673127436,37452218.0,37452218.0,1.0,counterfactual,-0.8508903549197009,37452218.0,37452218.0,1.0,1.1049166516509752
factual,398,80,3,Guizhou Province,-0.37213452935126273,37452218.0,37452218.0,1.0,counterfactual,-0.3122054597603705,37452218.0,37452218.0,1.0,-0.059929069590892226
factual,399,80,4,Guizhou Province,0.32930450198247546,37452218.0,37452218.0,1.0,counterfactual,-0.3372787826660397,37452218.0,37452218.0,1.0,0.6665832846485151
factual,400,80,5,Guizhou Province,-0.34312052486601247,37452218.0,37452218.0,1.0,counterfactual,-0.7002884210898602,37452218.0,37452218.0,1.0,0.35716789622384776
factual,401,81,1,Guizhou Province,-1.2625678936369864,37452218.0,37452218.0,1.0,counterfactual,0.8150731503931345,37452218.0,37452218.0,1.0,-2.0776410440301207
factual,402,81,2,Guizhou Province,0.8457790556316631,37452218.0,37452218.0,1.0,counterfactual,0.2958729516240915,37452218.0,37452218.0,1.0,0.5499061040075717
factual,403,81,3,Guizhou Province,0.4707873027062329,37452218.0,37452218.0,1.0,counterfactual,-0.38139537703918897,37452218.0,37452218.0,1.0,0.852182679745422
factual,404,81,4,Guizhou Province,-1.266555967423323,37452218.0,37452218.0,1.0,counterfactual,0.2211682047620082,37452218.0,37452218.0,1.0,-1.4877241721853314
factual,405,81,5,Guizhou Province,0.620916514945471,37452218.0,37452218.0,1.0,counterfactual,-0.1000326561069752,37452218.0,37452218.0,1.0,0.7209491710524462
factual,406,82,1,Guizhou Province,-0.22265077898068275,37452218.0,37452218.0,1.0,counterfactual,-0.1904743621046011,37452218.0,37452218.0,1.0,-0.03217641687608164
factual,407,82,2,Guizhou Province,-0.428405797370297,37452218.0,37452218.0,1.0,counterfactual,0.27609338898032243,37452218.0,37452218.0,1.0,-0.7044991863506194
factual,408,82,3,Guizhou Province,-0.5510103662809127,37452218.0,37452218.0,1.0,counterfactual,-0.6649540096491975,37452218.0,37452218.0,1.0,0.11394364336828477
factual,409,82,4,Guizhou Province,0.43727442678957096,37452218.0,37452218.0,1.0,counterfactual,0.2232209721801951,37452218.0,37452218.0,1.0,0.21405345460937586
factual,410,82,5,Guizhou Province,-0.5494508997013962,37452218.0,37452218.0,1.0,counterfactual,0.024863289128101995,37452218.0,37452218.0,1.0,-0.5743141888294981
factual,411,83,1,Guizhou Province,0.76172088251125,37452218.0,37452218.0,1.0,counterfactual,-0.19399222910125757,37452218.0,37452218.0,1.0,0.9557131116125076
factual,412,83,2,Guizhou Province,-1.062309686934961,37452218.0,37452218.0,1.0,counterfactual,0.9788895129411078,37452218.0,37452218.0,1.0,-2.041199199876069
factual,413,83,3,Guizhou Province,-0.6568170613757457,37452218.0,37452218.0,1.0,counterfactual,-0.22371032793748355,37452218.0,37452218.0,1.0,-0.4331067334382621
factual,414,83,4,Guizhou Province,0.0607735496480655,37452218.0,37452218.0,1.0,counterfactual,-0.3618780713952575,37452218.0,37452218.0,1.0,0.422651621043323
factual,415,83,5,Guizhou Province,-0.6233972182398195,37452218.0,37452218.0,1.0,counterfactual,0.05963479666111922,37452218.0,37452218.0,1.0,-0.6830320149009388
factual,416,84,1,Guizhou Province,0.01798922911196817,37452218.0,37452218.0,1.0,counterfactual,1.2881246215414077,37452218.0,37452218.0,1.0,-1.2701353924294396
factual,417,84,2,Guizhou Province,0.30625960858839224,37452218.0,37452218.0,1.0,counterfactual,-0.5649758719553005,37452218.0,37452218.0,1.0,0.8712354805436928
factual,418,84,3,Guizhou Province,0.40921341768035496,37452218.0,37452218.0,1.0,counterfactual,-0.49716453403555644,37452218.0,37452218.0,1.0,0.9063779517159114
factual,419,84,4,Guizhou Province,-0.3510583971687971,37452218.0,37452218.0,1.0,counterfactual,-0.12265724050339509,37452218.0,37452218.0,1.0,-0.228401156665402
factual,420,84,5,Guizhou Province,0.1930676196621355,37452218.0,37452218.0,1.0,counterfactual,-0.24629474339051782,37452218.0,37452218.0,1.0,0.4393623630526533
factual,421,85,1,Guizhou Province,0.3144354803917466,37452218.0,37452218.0,1.0,counterfactual,0.7496611231409224,37452218.0,37452218.0,1.0,-0.43522564274917575
factual,422,85,2,Guizhou Province,0.89126974622417,37452218.0,37452218.0,1.0,counterfactual,-0.4807980689740236,37452218.0,37452218.0,1.0,1.3720678151981935
factual,423,85,3,Guizhou Province,-0.23578642788990278,37452218.0,37452218.0,1.0,counterfactual,0.669228849775937,37452218.0,37452218.0,1.0,-0.9050152776658398
factual,424,85,4,Guizhou Province,0.4612576100695022,37452218.0,37452218.0,1.0,counterfactual,0.7394222316940449,37452218.0,37452218.0,1.0,-0.27816462162454264
factual,425,85,5,Guizhou Province,-1.0376172577075538,37452218.0,37452218.0,1.0,counterfactual,-0.25473614108260345,37452218.0,37452218.0,1.0,-0.7828811166249503
factual,426,86,1,Guizhou Province,-0.22675402858606308,37452218.0,37452218.0,1.0,counterfactual,0.8887251240968721,37452218.0,37452218.0,1.0,-1.1154791526829353
factual,427,86,2,Guizhou Province,-0.5404124803553882,37452218.0,37452218.0,1.0,counterfactual,-0.009106879378829003,37452218.0,37452218.0,1.0,-0.5313056009765592
factual,428,86,3,Guizhou Province,0.08948887087289169,37452218.0,37452218.0,1.0,counterfactual,0.33352910658649726,37452218.0,37452218.0,1.0,-0.24404023571360556
factual,429,86,4,Guizhou Province,-1.1523971517406846,37452218.0,37452218.0,1.0,counterfactual,0.5154833682021468,37452218.0,37452218.0,1.0,-1.6678805199428313
factual,430,86,5,Guizhou Province,0.05238150066138919,37452218.0,37452218.0,1.0,counterfactual,0.429271852892447,37452218.0,37452218.0,1.0,-0.3768903522310578
factual,431,87,1,Guizhou Province,-0.06324124988739965,37452218.0,37452218.0,1.0,counterfactual,-0.2484473746846534,37452218.0,37452218.0,1.0,0.18520612479725374
factual,432,87,2,Guizhou Province,0.14734607703190702,37452218.0,37452218.0,1.0,counterfactual,-0.4895366907834815,37452218.0,37452218.0,1.0,0.6368827678153886
factual,433,87,3,Guizhou Province,-0.6672661531910085,37452218.0,37452218.0,1.0,counterfactual,0.1773359045863698,37452218.0,37452218.0,1.0,-0.8446020577773783
factual,434,87,4,Guizhou Province,-0.034146448588548366,37452218.0,37452218.0,1.0,counterfactual,-0.34370713865499,37452218.0,37452218.0,1.0,0.3095606900664416
factual,435,87,5,Guizhou Province,-0.00502471051836797,37452218.0,37452218.0,1.0,counterfactual,0.19709734017277178,37452218.0,37452218.0,1.0,-0.20212205069113975
factual,436,88,1,Guizhou Province,-0.8780998156469995,37452218.0,37452218.0,1.0,counterfactual,-0.03403103588987245,37452218.0,37452218.0,1.0,-0.844068779757127
factual,437,88,2,Guizhou Province,0.6804364508779945,37452218.0,37452218.0,1.0,counterfactual,-0.17681479337264583,37452218.0,37452218.0,1.0,0.8572512442506404
factual,438,88,3,Guizhou Province,-0.7019104662054962,37452218.0,37452218.0,1.0,counterfactual,-0.2577551776552572,37452218.0,37452218.0,1.0,-0.44415528855023906
factual,439,88,4,Guizhou Province,-0.9744338641174631,37452218.0,37452218.0,1.0,counterfactual,-0.3728377507233701,37452218.0,37452218.0,1.0,-0.601596113394093
factual,440,88,5,Guizhou Province,1.0061082285417144,37452218.0,37452218.0,1.0,counterfactual,-0.5486593058127104,37452218.0,37452218.0,1.0,1.5547675343544247
factual,441,89,1,Guizhou Province,0.07581886633800505,37452218.0,37452218.0,1.0,counterfactual,0.4944431422468115,37452218.0,37452218.0,1.0,-0.41862427590880646
factual,442,89,2,Guizhou Province,0.0587929873813431,37452218.0,37452218.0,1.0,counterfactual,0.4602710133826577,37452218.0,37452218.0,1.0,-0.4014780260013146
factual,443,89,3,Guizhou Province,-0.3881688343777478,37452218.0,37452218.0,1.0,counterfactual,0.19378457411054445,37452218.0,37452218.0,1.0,-0.5819534084882922
factual,444,89,4,Guizhou Province,1.019083965889624,37452218.0,37452218.0,1.0,counterfactual,-0.3553976557470243,37452218.0,37452218.0,1.0,1.3744816216366482
factual,445,89,5,Guizhou Province,-0.20658968770148392,37452218.0,37452218.0,1.0,counterfactual,0.3013500484028337,37452218.0,37452218.0,1.0,-0.5079397361043176
factual,446,90,1,Guizhou Province,0.09500208516330937,37452218.0,37452218.0,1.0,counterfactual,0.4894885009492063,37452218.0,37452218.0,1.0,-0.39448641578589694
factual,447,90,2,Guizhou Province,0.40418226962121556,37452218.0,37452218.0,1.0,counterfactual,0.18661313554253994,37452218.0,37452218.0,1.0,0.21756913407867562
factual,448,90,3,Guizhou Province,-0.42291285479290214,37452218.0,37452218.0,1.0,counterfactual,0.20983095276708183,37452218.0,37452218.0,1.0,-0.6327438075599839
factual,449,90,4,Guizhou Province,-0.04820901526935078,37452218.0,37452218.0,1.0,counterfactual,0.35935950921200166,37452218.0,37452218.0,1.0,-0.40756852448135245
factual,450,90,5,Guizhou Province,-0.2992304794409657,37452218.0,37452218.0,1.0,counterfactual,-0.36643613660351493,37452218.0,37452218.0,1.0,0.06720565716254923
factual,451,91,1,Guizhou Province,0.1646717271077974,37452218.0,37452218.0,1.0,counterfactual,-0.3075967908643061,37452218.0,37452218.0,1.0,0.47226851797210345
factual,452,91,2,Guizhou Province,0.17450600084119527,37452218.0,37452218.0,1.0,counterfactual,0.2908282693403202,37452218.0,37452218.0,1.0,-0.11632226849912491
factual,453,91,3,Guizhou Province,0.45122442835332816,37452218.0,37452218.0,1.0,counterfactual,0.6342895501384829,37452218.0,37452218.0,1.0,-0.18306512178515472
factual,454,91,4,Guizhou Province,-0.09857236833166953,37452218.0,37452218.0,1.0,counterfactual,-0.17145386902814316,37452218.0,37452218.0,1.0,0.07288150069647363
factual,455,91,5,Guizhou Province,0.2410190687612089,37452218.0,37452218.0,1.0,counterfactual,0.42880366188467456,37452218.0,37452218.0,1.0,-0.18778459312346565
factual,456,92,1,Guizhou Province,0.400559692528225,37452218.0,37452218.0,1.0,counterfactual,-0.036901746714052136,37452218.0,37452218.0,1.0,0.4374614392422771
factual,457,92,2,Guizhou Province,0.1577314562335894,37452218.0,37452218.0,1.0,counterfactual,0.82598001467331,37452218.0,37452218.0,1.0,-0.6682485584397205
factual,458,92,3,Guizhou Province,0.26548974879045734,37452218.0,37452218.0,1.0,counterfactual,0.5273022176173362,37452218.0,37452218.0,1.0,-0.26181246882687886
factual,459,92,4,Guizhou Province,0.19398041299465382,37452218.0,37452218.0,1.0,counterfactual,1.1893727141423727,37452218.0,37452218.0,1.0,-0.9953923011477188
factual,460,92,5,Guizhou Province,-0.7239288618759261,37452218.0,37452218.0,1.0,counterfactual,-0.6699366109409608,37452218.0,37452218.0,1.0,-0.05399225093496529
factual,461,93,1,Guizhou Province,-1.0389116763525095,37452218.0,37452218.0,1.0,counterfactual,0.4520986064314269,37452218.0,37452218.0,1.0,-1.4910102827839364
factual,462,93,2,Guizhou Province,0.41587457140676987,37452218.0,37452218.0,1.0,counterfactual,-0.6236333388325142,37452218.0,37452218.0,1.0,1.039507910239284
factual,463,93,3,Guizhou Province,-0.45822731109338827,37452218.0,37452218.0,1.0,counterfactual,0.339242069382619,37452218.0,37452218.0,1.0,-0.7974693804760074
factual,464,93,4,Guizhou Province,-0.6157393843207367,37452218.0,37452218.0,1.0,counterfactual,0.03774026117125284,37452218.0,37452218.0,1.0,-0.6534796454919896
factual,465,93,5,Guizhou Province,-0.461393205076076,37452218.0,37452218.0,1.0,counterfactual,0.5989747540143237,37452218.0,37452218.0,1.0,-1.0603679590903996
factual,466,94,1,Guizhou Province,0.1338463326699298,37452218.0,37452218.0,1.0,counterfactual,-0.05609940229230931,37452218.0,37452218.0,1.0,0.1899457349622391
factual,467,94,2,Guizhou Province,0.34436937415877705,37452218.0,37452218.0,1.0,counterfactual,0.5109994702966871,37452218.0,37452218.0,1.0,-0.16663009613791008
factual,468,94,3,Guizhou Province,-0.19019639458663318,37452218.0,37452218.0,1.0,counterfactual,0.07112792324979225,37452218.0,37452218.0,1.0,-0.2613243178364254
factual,469,94,4,Guizhou Province,-0.7167040290870289,37452218.0,37452218.0,1.0,counterfactual,-0.2583495537704398,37452218.0,37452218.0,1.0,-0.4583544753165891
factual,470,94,5,Guizhou Province,0.5651182956636501,37452218.0,37452218.0,1.0,counterfactual,0.5430459640382891,37452218.0,37452218.0,1.0,0.02207233162536104
factual,471,95,1,Guizhou Province,-0.3843603533593558,37452218.0,37452218.0,1.0,counterfactual,-0.61020934654181,37452218.0,37452218.0,1.0,0.22584899318245422
factual,472,95,2,Guizhou Province,-0.5469639492359389,37452218.0,37452218.0,1.0,counterfactual,1.3954095389934773,37452218.0,37452218.0,1.0,-1.9423734882294164
factual,473,95,3,Guizhou Province,-0.03844261280367947,37452218.0,37452218.0,1.0,counterfactual,-0.6184291260015362,37452218.0,37452218.0,1.0,0.5799865131978568
factual,474,95,4,Guizhou Province,0.035219803155523775,37452218.0,37452218.0,1.0,counterfactual,0.05200395467736213,37452218.0,37452218.0,1.0,-0.016784151521838354
factual,475,95,5,Guizhou Province,0.4028083764109426,37452218.0,37452218.0,1.0,counterfactual,1.0314848347998022,37452218.0,37452218.0,1.0,-0.6286764583888597
factual,476,96,1,Guizhou Province,-0.3989665868647072,37452218.0,37452218.0,1.0,counterfactual,-0.10927490587454107,37452218.0,37452218.0,1.0,-0.2896916809901661
factual,477,96,2,Guizhou Province,0.4328688161552862,37452218.0,37452218.0,1.0,counterfactual,-0.2984082647694534,37452218.0,37452218.0,1.0,0.7312770809247396
factual,478,96,3,Guizhou Province,-1.1343206691035115,37452218.0,37452218.0,1.0,counterfactual,0.14582864476845425,37452218.0,37452218.0,1.0,-1.2801493138719657
factual,479,96,4,Guizhou Province,0.53210699575579,37452218.0,37452218.0,1.0,counterfactual,-0.47829938494143365,37452218.0,37452218.0,1.0,1.0104063806972237
factual,480,96,5,Guizhou Province,0.5072572862352721,37452218.0,37452218.0,1.0,counterfactual,-0.4506550349250607,37452218.0,37452218.0,1.0,0.9579123211603329
factual,481,97,1,Guizhou Province,0.6217239417853172,37452218.0,37452218.0,1.0,counterfactual,0.556385786357485,37452218.0,37452218.0,1.0,0.06533815542783217
factual,482,97,2,Guizhou Province,0.14152242115399766,37452218.0,37452218.0,1.0,counterfactual,0.3070574523691274,37452218.0,37452218.0,1.0,-0.16553503121512975
factual,483,97,3,Guizhou Province,0.11699605947095681,37452218.0,37452218.0,1.0,counterfactual,0.205630957921678,37452218.0,37452218.0,1.0,-0.08863489845072117
factual,484,97,4,Guizhou Province,0.3324716194956595,37452218.0,37452218.0,1.0,counterfactual,0.3771138159369798,37452218.0,37452218.0,1.0,-0.04464219644132028
factual,485,97,5,Guizhou Province,0.21635746977543144,37452218.0,37452218.0,1.0,counterfactual,-0.9156335394184498,37452218.0,37452218.0,1.0,1.1319910091938812
factual,486,98,1,Guizhou Province,-0.8454718534088399,37452218.0,37452218.0,1.0,counterfactual,-0.4619809410574563,37452218.0,37452218.0,1.0,-0.3834909123513836
factual,487,98,2,Guizhou Province,1.0376746204103982,37452218.0,37452218.0,1.0,counterfactual,-0.15915406515128544,37452218.0,37452218.0,1.0,1.1968286855616836
factual,488,98,3,Guizhou Province,0.11396778319087142,37452218.0,37452218.0,1.0,counterfactual,-0.29311674045435576,37452218.0,37452218.0,1.0,0.4070845236452272
factual,489,98,4,Guizhou Province,-0.08947304172815132,37452218.0,37452218.0,1.0,counterfactual,0.34296642963130525,37452218.0,37452218.0,1.0,-0.4324394713594566
factual,490,98,5,Guizhou Province,0.02400482121641341,37452218.0,37452218.0,1.0,counterfactual,-0.30298107826246456,37452218.0,37452218.0,1.0,0.32698589947887796
factual,491,99,1,Guizhou Province,-1.1267845776784315,37452218.0,37452218.0,1.0,counterfactual,-0.4343112506320388,37452218.0,37452218.0,1.0,-0.6924733270463928
factual,492,99,2,Guizhou Province,0.6107104064377865,37452218.0,37452218.0,1.0,counterfactual,0.3521659397696652,37452218.0,37452218.0,1.0,0.2585444666681213
factual,493,99,3,Guizhou Province,-0.07976737434684734,37452218.0,37452218.0,1.0,counterfactual,0.07766892707310663,37452218.0,37452218.0,1.0,-0.15743630141995396
factual,494,99,4,Guizhou Province,0.036313773197781125,37452218.0,37452218.0,1.0,counterfactual,0.008892326773054356,37452218.0,37452218.0,1.0,0.02742144642472677
factual,495,99,5,Guizhou Province,0.08358580163126524,37452218.0,37452218.0,1.0,counterfactual,0.3242453662011213,37452218.0,37452218.0,1.0,-0.2406595645698561
factual,496,100,1,Guizhou Province,0.22771547626066788,37452218.0,37452218.0,1.0,counterfactual,0.6552465601125896,37452218.0,37452218.0,1.0,-0.42753108385192173
factual,497,100,2,Guizhou Province,0.09916117858948405,37452218.0,37452218.0,1.0,counterfactual,-0.08593652804957032,37452218.0,37452218.0,1.0,0.18509770663905437
factual,498,100,3,Guizhou Province,0.001939653131175523,37452218.0,37452218.0,1.0,counterfactual,0.13515528673203278,37452218.0,37452218.0,1.0,-0.13321563360085725
factual,499,100,4,Guizhou Province,-0.8297283595819946,37452218.0,37452218.0,1.0,counterfactual,-1.1794795823698985,37452218.0,37452218.0,1.0,0.3497512227879038
factual,500,100,5,Guizhou Province,1.1347430179821532,37452218.0,37452218.0,1.0,counterfactual,0.07902389606354637,37452218.0,37452218.0,1.0,1.0557191219186068
factual,501,101,1,Guizhou Province,-0.5865854043045646,37452218.0,37452218.0,1.0,counterfactual,0.6329005030341484,37452218.0,37452218.0,1.0,-1.219485907338713
factual,502,101,2,Guizhou Province,0.19308404924349962,37452218.0,37452218.0,1.0,counterfactual,0.33830377562348984,37452218.0,37452218.0,1.0,-0.14521972637999023
factual,503,101,3,Guizhou Province,-0.3149100717399942,37452218.0,37452218.0,1.0,counterfactual,0.28411517585826584,37452218.0,37452218.0,1.0,-0.59902524759826
factual,504,101,4,Guizhou Province,0.07350565898778268,37452218.0,37452218.0,1.0,counterfactual,0.8693017640335473,37452218.0,37452218.0,1.0,-0.7957961050457646
factual,505,101,5,Guizhou Province,0.44710115228340513,37452218.0,37452218.0,1.0,counterfactual,-0.0364158149106003,37452218.0,37452218.0,1.0,0.48351696719400544
factual,506,102,1,Guizhou Province,-0.12490518304524947,37452218.0,37452218.0,1.0,counterfactual,0.43163863671054714,37452218.0,37452218.0,1.0,-0.5565438197557966
factual,507,102,2,Guizhou Province,0.6545240574921907,37452218.0,37452218.0,1.0,counterfactual,0.01942524870478569,37452218.0,37452218.0,1.0,0.635098808787405
factual,508,102,3,Guizhou Province,-0.0982781739550482,37452218.0,37452218.0,1.0,counterfactual,1.2812311348375856,37452218.0,37452218.0,1.0,-1.3795093087926338
factual,509,102,4,Guizhou Province,-0.21581421650638133,37452218.0,37452218.0,1.0,counterfactual,-0.40525217736622143,37452218.0,37452218.0,1.0,0.1894379608598401
factual,510,102,5,Guizhou Province,0.30271842843938196,37452218.0,37452218.0,1.0,counterfactual,0.28315155226166355,37452218.0,37452218.0,1.0,0.019566876177718406
factual,511,103,1,Guizhou Province,0.0006520490488117531,37452218.0,37452218.0,1.0,counterfactual,0.4503089209569537,37452218.0,37452218.0,1.0,-0.4496568719081419
factual,512,103,2,Guizhou Province,-0.7410964286929879,37452218.0,37452218.0,1.0,counterfactual,-0.6977392092623882,37452218.0,37452218.0,1.0,-0.04335721943059967
factual,513,103,3,Guizhou Province,-0.08101310282775892,37452218.0,37452218.0,1.0,counterfactual,0.23389774092734728,37452218.0,37452218.0,1.0,-0.3149108437551062
factual,514,103,4,Guizhou Province,0.0583260548253655,37452218.0,37452218.0,1.0,counterfactual,0.29978602876440524,37452218.0,37452218.0,1.0,-0.24145997393903973
factual,515,103,5,Guizhou Province,-0.012027563555617276,37452218.0,37452218.0,1.0,counterfactual,-0.36340353931704583,37452218.0,37452218.0,1.0,0.35137597576142854
factual,516,104,1,Guizhou Province,0.4866431711410517,37452218.0,37452218.0,1.0,counterfactual,0.6123092155774074,37452218.0,37452218.0,1.0,-0.12566604443635565
factual,517,104,2,Guizhou Province,-1.260457626551321,37452218.0,37452218.0,1.0,counterfactual,1.1342617293692876,37452218.0,37452218.0,1.0,-2.394719355920609
factual,518,104,3,Guizhou Province,0.4059456163210329,37452218.0,37452218.0,1.0,counterfactual,0.5607088631616748,37452218.0,37452218.0,1.0,-0.1547632468406419
factual,519,104,4,Guizhou Province,-0.67605430370612,37452218.0,37452218.0,1.0,counterfactual,-0.11719385967963554,37452218.0,37452218.0,1.0,-0.5588604440264844
factual,520,104,5,Guizhou Province,0.11182441994509147,37452218.0,37452218.0,1.0,counterfactual,0.5590842549176284,37452218.0,37452218.0,1.0,-0.4472598349725369
factual,521,105,1,Guizhou Province,0.6304478206018381,37452218.0,37452218.0,1.0,counterfactual,-0.6329372090815815,37452218.0,37452218.0,1.0,1.2633850296834197
factual,522,105,2,Guizhou Province,-0.215186575161704,37452218.0,37452218.0,1.0,counterfactual,0.3512440526185758,37452218.0,37452218.0,1.0,-0.5664306277802797
factual,523,105,3,Guizhou Province,-0.7064033582420239,37452218.0,37452218.0,1.0,counterfactual,0.7990566079777665,37452218.0,37452218.0,1.0,-1.5054599662197905
factual,524,105,4,Guizhou Province,0.38005531270075815,37452218.0,37452218.0,1.0,counterfactual,0.5527816845060685,37452218.0,37452218.0,1.0,-0.1727263718053103
factual,525,105,5,Guizhou Province,0.29507236224420563,37452218.0,37452218.0,1.0,counterfactual,0.22207962167597098,37452218.0,37452218.0,1.0,0.07299274056823465
