scenario,ensemble,r,p,province,hydro_std_anom_sep,population_total,population_used,population_coverage_fraction
counterfactual,1,1,1,Sichuan Province,-0.24463745956608102,88156760.0,88156760.0,1.0
counterfactual,2,1,2,Sichuan Province,-0.08548990910536776,88156760.0,88156760.0,1.0
counterfactual,3,1,3,Sichuan Province,-0.1629893299968074,88156760.0,88156760.0,1.0
counterfactual,4,1,4,Sichuan Province,1.1301805980784485,88156760.0,88156760.0,1.0
counterfactual,5,1,5,Sichuan Province,0.20855676312508414,88156760.0,88156760.0,1.0
counterfactual,6,2,1,Sichuan Province,0.33540257353111674,88156760.0,88156760.0,1.0
counterfactual,7,2,2,Sichuan Province,0.09630514273556849,88156760.0,88156760.0,1.0
counterfactual,8,2,3,Sichuan Province,0.1065756736478535,88156760.0,88156760.0,1.0
counterfactual,9,2,4,Sichuan Province,0.2241152720658709,88156760.0,88156760.0,1.0
counterfactual,10,2,5,Sichuan Province,-0.1352817229023531,88156760.0,88156760.0,1.0
counterfactual,11,3,1,Sichuan Province,0.12274711628297234,88156760.0,88156760.0,1.0
counterfactual,12,3,2,Sichuan Province,0.3364568673050025,88156760.0,88156760.0,1.0
counterfactual,13,3,3,Sichuan Province,0.8313922178167679,88156760.0,88156760.0,1.0
counterfactual,14,3,4,Sichuan Province,0.03548710286109986,88156760.0,88156760.0,1.0
counterfactual,15,3,5,Sichuan Province,-0.16336951752465337,88156760.0,88156760.0,1.0
counterfactual,16,4,1,Sichuan Province,-0.42440313452614625,88156760.0,88156760.0,1.0
counterfactual,17,4,2,Sichuan Province,-0.6440347953096824,88156760.0,88156760.0,1.0
counterfactual,18,4,3,Sichuan Province,0.8743825233036285,88156760.0,88156760.0,1.0
counterfactual,19,4,4,Sichuan Province,-0.25734726471778085,88156760.0,88156760.0,1.0
counterfactual,20,4,5,Sichuan Province,0.7315524857714457,88156760.0,88156760.0,1.0
counterfactual,21,5,1,Sichuan Province,-0.08074744142354283,88156760.0,88156760.0,1.0
counterfactual,22,5,2,Sichuan Province,0.545280938647075,88156760.0,88156760.0,1.0
counterfactual,23,5,3,Sichuan Province,0.48417515364775554,88156760.0,88156760.0,1.0
counterfactual,24,5,4,Sichuan Province,-0.4164543999719522,88156760.0,88156760.0,1.0
counterfactual,25,5,5,Sichuan Province,0.6522053018654348,88156760.0,88156760.0,1.0
counterfactual,26,6,1,Sichuan Province,0.6662711955396655,88156760.0,88156760.0,1.0
counterfactual,27,6,2,Sichuan Province,0.5033845902099564,88156760.0,88156760.0,1.0
counterfactual,28,6,3,Sichuan Province,0.4483030663724031,88156760.0,88156760.0,1.0
counterfactual,29,6,4,Sichuan Province,-0.41472386988100984,88156760.0,88156760.0,1.0
counterfactual,30,6,5,Sichuan Province,-0.2475351158984779,88156760.0,88156760.0,1.0
counterfactual,31,7,1,Sichuan Province,0.5011435363322592,88156760.0,88156760.0,1.0
counterfactual,32,7,2,Sichuan Province,0.8092322841978926,88156760.0,88156760.0,1.0
counterfactual,33,7,3,Sichuan Province,0.28024069930042883,88156760.0,88156760.0,1.0
counterfactual,34,7,4,Sichuan Province,-0.5282929231464727,88156760.0,88156760.0,1.0
counterfactual,35,7,5,Sichuan Province,0.11795554750608057,88156760.0,88156760.0,1.0
counterfactual,36,8,1,Sichuan Province,-0.017314802302165137,88156760.0,88156760.0,1.0
counterfactual,37,8,2,Sichuan Province,-0.09881830842155104,88156760.0,88156760.0,1.0
counterfactual,38,8,3,Sichuan Province,0.35708672068163927,88156760.0,88156760.0,1.0
counterfactual,39,8,4,Sichuan Province,0.5439362747705363,88156760.0,88156760.0,1.0
counterfactual,40,8,5,Sichuan Province,1.0237628274683177,88156760.0,88156760.0,1.0
counterfactual,41,9,1,Sichuan Province,-0.02347608191315263,88156760.0,88156760.0,1.0
counterfactual,42,9,2,Sichuan Province,-0.1865090602905965,88156760.0,88156760.0,1.0
counterfactual,43,9,3,Sichuan Province,-0.3573062014554021,88156760.0,88156760.0,1.0
counterfactual,44,9,4,Sichuan Province,0.1700968034538878,88156760.0,88156760.0,1.0
counterfactual,45,9,5,Sichuan Province,0.729429619413023,88156760.0,88156760.0,1.0
counterfactual,46,10,1,Sichuan Province,0.293409418077608,88156760.0,88156760.0,1.0
counterfactual,47,10,2,Sichuan Province,-0.03872117481273609,88156760.0,88156760.0,1.0
counterfactual,48,10,3,Sichuan Province,0.7960557325208192,88156760.0,88156760.0,1.0
counterfactual,49,10,4,Sichuan Province,-0.7274773182182682,88156760.0,88156760.0,1.0
counterfactual,50,10,5,Sichuan Province,0.04301678888300276,88156760.0,88156760.0,1.0
counterfactual,51,11,1,Sichuan Province,-0.005985876899507421,88156760.0,88156760.0,1.0
counterfactual,52,11,2,Sichuan Province,-0.37226583738997454,88156760.0,88156760.0,1.0
counterfactual,53,11,3,Sichuan Province,0.19755230733470108,88156760.0,88156760.0,1.0
counterfactual,54,11,4,Sichuan Province,-1.048825059580304,88156760.0,88156760.0,1.0
counterfactual,55,11,5,Sichuan Province,1.4197191880424331,88156760.0,88156760.0,1.0
counterfactual,56,12,1,Sichuan Province,-0.19876846187059344,88156760.0,88156760.0,1.0
counterfactual,57,12,2,Sichuan Province,0.0901021338680039,88156760.0,88156760.0,1.0
counterfactual,58,12,3,Sichuan Province,-0.8505943972851085,88156760.0,88156760.0,1.0
counterfactual,59,12,4,Sichuan Province,-0.09515603632128672,88156760.0,88156760.0,1.0
counterfactual,60,12,5,Sichuan Province,0.7029145926829672,88156760.0,88156760.0,1.0
counterfactual,61,13,1,Sichuan Province,0.3887810412850468,88156760.0,88156760.0,1.0
counterfactual,62,13,2,Sichuan Province,-0.8368196244018659,88156760.0,88156760.0,1.0
counterfactual,63,13,3,Sichuan Province,0.48351713095916926,88156760.0,88156760.0,1.0
counterfactual,64,13,4,Sichuan Province,-0.11177777474243786,88156760.0,88156760.0,1.0
counterfactual,65,13,5,Sichuan Province,-0.1943148641488926,88156760.0,88156760.0,1.0
counterfactual,66,14,1,Sichuan Province,0.9459475316062811,88156760.0,88156760.0,1.0
counterfactual,67,14,2,Sichuan Province,-0.2532891240823976,88156760.0,88156760.0,1.0
counterfactual,68,14,3,Sichuan Province,0.8190364300871855,88156760.0,88156760.0,1.0
counterfactual,69,14,4,Sichuan Province,-0.13353772127476726,88156760.0,88156760.0,1.0
counterfactual,70,14,5,Sichuan Province,0.5418291691126682,88156760.0,88156760.0,1.0
counterfactual,71,15,1,Sichuan Province,0.0417056556865945,88156760.0,88156760.0,1.0
counterfactual,72,15,2,Sichuan Province,0.6362673764024311,88156760.0,88156760.0,1.0
counterfactual,73,15,3,Sichuan Province,0.5596209208945285,88156760.0,88156760.0,1.0
counterfactual,74,15,4,Sichuan Province,-0.251978040375176,88156760.0,88156760.0,1.0
counterfactual,75,15,5,Sichuan Province,-0.1905444347151262,88156760.0,88156760.0,1.0
counterfactual,76,16,1,Sichuan Province,0.48881070197371457,88156760.0,88156760.0,1.0
counterfactual,77,16,2,Sichuan Province,0.37491507110277855,88156760.0,88156760.0,1.0
counterfactual,78,16,3,Sichuan Province,0.03173139166935452,88156760.0,88156760.0,1.0
counterfactual,79,16,4,Sichuan Province,-0.2959437914607328,88156760.0,88156760.0,1.0
counterfactual,80,16,5,Sichuan Province,0.25695075708012116,88156760.0,88156760.0,1.0
counterfactual,81,17,1,Sichuan Province,0.8478619548118399,88156760.0,88156760.0,1.0
counterfactual,82,17,2,Sichuan Province,-0.5654999509757762,88156760.0,88156760.0,1.0
counterfactual,83,17,3,Sichuan Province,0.0888805625696475,88156760.0,88156760.0,1.0
counterfactual,84,17,4,Sichuan Province,0.15256011873332098,88156760.0,88156760.0,1.0
counterfactual,85,17,5,Sichuan Province,-0.3120797840348829,88156760.0,88156760.0,1.0
counterfactual,86,18,1,Sichuan Province,0.5954128616169714,88156760.0,88156760.0,1.0
counterfactual,87,18,2,Sichuan Province,0.3002828607883085,88156760.0,88156760.0,1.0
counterfactual,88,18,3,Sichuan Province,0.29724679432221185,88156760.0,88156760.0,1.0
counterfactual,89,18,4,Sichuan Province,-0.6782154436030443,88156760.0,88156760.0,1.0
counterfactual,90,18,5,Sichuan Province,0.21321415399746996,88156760.0,88156760.0,1.0
counterfactual,91,19,1,Sichuan Province,-0.18179498842482153,88156760.0,88156760.0,1.0
counterfactual,92,19,2,Sichuan Province,0.4833612557284751,88156760.0,88156760.0,1.0
counterfactual,93,19,3,Sichuan Province,0.6185469344598713,88156760.0,88156760.0,1.0
counterfactual,94,19,4,Sichuan Province,0.4893809875786233,88156760.0,88156760.0,1.0
counterfactual,95,19,5,Sichuan Province,-0.26482753610256815,88156760.0,88156760.0,1.0
counterfactual,96,20,1,Sichuan Province,0.5413093038180237,88156760.0,88156760.0,1.0
counterfactual,97,20,2,Sichuan Province,-0.45210622063902656,88156760.0,88156760.0,1.0
counterfactual,98,20,3,Sichuan Province,1.0148782131862821,88156760.0,88156760.0,1.0
counterfactual,99,20,4,Sichuan Province,-0.27576249251780866,88156760.0,88156760.0,1.0
counterfactual,100,20,5,Sichuan Province,0.8824186486559854,88156760.0,88156760.0,1.0
counterfactual,101,21,1,Sichuan Province,-0.34236186639571947,88156760.0,88156760.0,1.0
counterfactual,102,21,2,Sichuan Province,0.6362659732316979,88156760.0,88156760.0,1.0
counterfactual,103,21,3,Sichuan Province,0.7955916250936178,88156760.0,88156760.0,1.0
counterfactual,104,21,4,Sichuan Province,0.8480886933751476,88156760.0,88156760.0,1.0
counterfactual,105,21,5,Sichuan Province,0.9810341915248214,88156760.0,88156760.0,1.0
counterfactual,106,22,1,Sichuan Province,-0.07355763350648602,88156760.0,88156760.0,1.0
counterfactual,107,22,2,Sichuan Province,0.6283893903844391,88156760.0,88156760.0,1.0
counterfactual,108,22,3,Sichuan Province,0.1186619358674699,88156760.0,88156760.0,1.0
counterfactual,109,22,4,Sichuan Province,-0.01039356348558665,88156760.0,88156760.0,1.0
counterfactual,110,22,5,Sichuan Province,0.2968016976787894,88156760.0,88156760.0,1.0
counterfactual,111,23,1,Sichuan Province,-0.2716052841468125,88156760.0,88156760.0,1.0
counterfactual,112,23,2,Sichuan Province,0.6894488649531252,88156760.0,88156760.0,1.0
counterfactual,113,23,3,Sichuan Province,0.2171635851654835,88156760.0,88156760.0,1.0
counterfactual,114,23,4,Sichuan Province,-0.12184935022470006,88156760.0,88156760.0,1.0
counterfactual,115,23,5,Sichuan Province,0.18549859843836516,88156760.0,88156760.0,1.0
counterfactual,116,24,1,Sichuan Province,-0.18924724502393922,88156760.0,88156760.0,1.0
counterfactual,117,24,2,Sichuan Province,-0.396647254940329,88156760.0,88156760.0,1.0
counterfactual,118,24,3,Sichuan Province,0.9539008024676809,88156760.0,88156760.0,1.0
counterfactual,119,24,4,Sichuan Province,1.0970209190464049,88156760.0,88156760.0,1.0
counterfactual,120,24,5,Sichuan Province,-0.9582827364912865,88156760.0,88156760.0,1.0
counterfactual,121,25,1,Sichuan Province,0.4610047405722441,88156760.0,88156760.0,1.0
counterfactual,122,25,2,Sichuan Province,0.8056393265069589,88156760.0,88156760.0,1.0
counterfactual,123,25,3,Sichuan Province,-0.05290997279265408,88156760.0,88156760.0,1.0
counterfactual,124,25,4,Sichuan Province,-0.6055312751257778,88156760.0,88156760.0,1.0
counterfactual,125,25,5,Sichuan Province,-0.5714782131821879,88156760.0,88156760.0,1.0
counterfactual,126,26,1,Sichuan Province,0.3481254911993202,88156760.0,88156760.0,1.0
counterfactual,127,26,2,Sichuan Province,0.06692188785095152,88156760.0,88156760.0,1.0
counterfactual,128,26,3,Sichuan Province,-0.7338578581286536,88156760.0,88156760.0,1.0
counterfactual,129,26,4,Sichuan Province,0.3070679425947119,88156760.0,88156760.0,1.0
counterfactual,130,26,5,Sichuan Province,-0.05752904628399093,88156760.0,88156760.0,1.0
counterfactual,131,27,1,Sichuan Province,1.193233641520189,88156760.0,88156760.0,1.0
counterfactual,132,27,2,Sichuan Province,1.2526833669079904,88156760.0,88156760.0,1.0
counterfactual,133,27,3,Sichuan Province,-0.07603446400358904,88156760.0,88156760.0,1.0
counterfactual,134,27,4,Sichuan Province,-0.24891976918062766,88156760.0,88156760.0,1.0
counterfactual,135,27,5,Sichuan Province,0.4930089413783215,88156760.0,88156760.0,1.0
counterfactual,136,28,1,Sichuan Province,-0.6873033087292504,88156760.0,88156760.0,1.0
counterfactual,137,28,2,Sichuan Province,-0.11676781646857978,88156760.0,88156760.0,1.0
counterfactual,138,28,3,Sichuan Province,0.5029903623157489,88156760.0,88156760.0,1.0
counterfactual,139,28,4,Sichuan Province,-0.324484170576005,88156760.0,88156760.0,1.0
counterfactual,140,28,5,Sichuan Province,0.39430360961873184,88156760.0,88156760.0,1.0
counterfactual,141,29,1,Sichuan Province,0.04832466428680781,88156760.0,88156760.0,1.0
counterfactual,142,29,2,Sichuan Province,1.125783030602735,88156760.0,88156760.0,1.0
counterfactual,143,29,3,Sichuan Province,0.5374414356730453,88156760.0,88156760.0,1.0
counterfactual,144,29,4,Sichuan Province,-0.039686314511007306,88156760.0,88156760.0,1.0
counterfactual,145,29,5,Sichuan Province,-0.8725818840171222,88156760.0,88156760.0,1.0
counterfactual,146,30,1,Sichuan Province,-0.06985303376901905,88156760.0,88156760.0,1.0
counterfactual,147,30,2,Sichuan Province,0.01144877597312246,88156760.0,88156760.0,1.0
counterfactual,148,30,3,Sichuan Province,0.25522085594674704,88156760.0,88156760.0,1.0
counterfactual,149,30,4,Sichuan Province,0.14026227247100162,88156760.0,88156760.0,1.0
counterfactual,150,30,5,Sichuan Province,1.3790611841176459,88156760.0,88156760.0,1.0
counterfactual,151,31,1,Sichuan Province,0.5495326365705012,88156760.0,88156760.0,1.0
counterfactual,152,31,2,Sichuan Province,0.4852200739319193,88156760.0,88156760.0,1.0
counterfactual,153,31,3,Sichuan Province,0.3296400696118326,88156760.0,88156760.0,1.0
counterfactual,154,31,4,Sichuan Province,-0.4557832196352102,88156760.0,88156760.0,1.0
counterfactual,155,31,5,Sichuan Province,0.29432180315139556,88156760.0,88156760.0,1.0
counterfactual,156,32,1,Sichuan Province,-0.20579430629621195,88156760.0,88156760.0,1.0
counterfactual,157,32,2,Sichuan Province,-0.04752289383766903,88156760.0,88156760.0,1.0
counterfactual,158,32,3,Sichuan Province,-0.5335549508507801,88156760.0,88156760.0,1.0
counterfactual,159,32,4,Sichuan Province,-0.01403050791200093,88156760.0,88156760.0,1.0
counterfactual,160,32,5,Sichuan Province,-1.4120603941605412,88156760.0,88156760.0,1.0
counterfactual,161,33,1,Sichuan Province,-0.1130481394805843,88156760.0,88156760.0,1.0
counterfactual,162,33,2,Sichuan Province,0.8359754317117721,88156760.0,88156760.0,1.0
counterfactual,163,33,3,Sichuan Province,-0.17718741082371076,88156760.0,88156760.0,1.0
counterfactual,164,33,4,Sichuan Province,0.2917758907719396,88156760.0,88156760.0,1.0
counterfactual,165,33,5,Sichuan Province,-0.9195560525137044,88156760.0,88156760.0,1.0
counterfactual,166,34,1,Sichuan Province,0.39043474098851566,88156760.0,88156760.0,1.0
counterfactual,167,34,2,Sichuan Province,0.5011275391959217,88156760.0,88156760.0,1.0
counterfactual,168,34,3,Sichuan Province,0.6442103679976963,88156760.0,88156760.0,1.0
counterfactual,169,34,4,Sichuan Province,-1.242251391067614,88156760.0,88156760.0,1.0
counterfactual,170,34,5,Sichuan Province,-0.019134446123933488,88156760.0,88156760.0,1.0
counterfactual,171,35,1,Sichuan Province,-0.18303296737837194,88156760.0,88156760.0,1.0
counterfactual,172,35,2,Sichuan Province,0.5591284878983818,88156760.0,88156760.0,1.0
counterfactual,173,35,3,Sichuan Province,0.5372711393367925,88156760.0,88156760.0,1.0
counterfactual,174,35,4,Sichuan Province,0.563391536427385,88156760.0,88156760.0,1.0
counterfactual,175,35,5,Sichuan Province,0.4077381538388996,88156760.0,88156760.0,1.0
counterfactual,176,36,1,Sichuan Province,1.1328445685921142,88156760.0,88156760.0,1.0
counterfactual,177,36,2,Sichuan Province,0.3640368589272618,88156760.0,88156760.0,1.0
counterfactual,178,36,3,Sichuan Province,0.12716455030149384,88156760.0,88156760.0,1.0
counterfactual,179,36,4,Sichuan Province,0.3868785566119699,88156760.0,88156760.0,1.0
counterfactual,180,36,5,Sichuan Province,-0.3159456355456129,88156760.0,88156760.0,1.0
counterfactual,181,37,1,Sichuan Province,-0.2091093990921296,88156760.0,88156760.0,1.0
counterfactual,182,37,2,Sichuan Province,0.46396887023008154,88156760.0,88156760.0,1.0
counterfactual,183,37,3,Sichuan Province,-0.24886158073046266,88156760.0,88156760.0,1.0
counterfactual,184,37,4,Sichuan Province,0.3836723897667537,88156760.0,88156760.0,1.0
counterfactual,185,37,5,Sichuan Province,0.13664975651717656,88156760.0,88156760.0,1.0
counterfactual,186,38,1,Sichuan Province,1.2541473063457196,88156760.0,88156760.0,1.0
counterfactual,187,38,2,Sichuan Province,-0.9898898861003552,88156760.0,88156760.0,1.0
counterfactual,188,38,3,Sichuan Province,-0.10914461650456785,88156760.0,88156760.0,1.0
counterfactual,189,38,4,Sichuan Province,-0.05724223339710989,88156760.0,88156760.0,1.0
counterfactual,190,38,5,Sichuan Province,-0.22442696631782058,88156760.0,88156760.0,1.0
counterfactual,191,39,1,Sichuan Province,-0.4897282826665346,88156760.0,88156760.0,1.0
counterfactual,192,39,2,Sichuan Province,-0.017070328913150933,88156760.0,88156760.0,1.0
counterfactual,193,39,3,Sichuan Province,0.6240390433840036,88156760.0,88156760.0,1.0
counterfactual,194,39,4,Sichuan Province,0.08975366984617597,88156760.0,88156760.0,1.0
counterfactual,195,39,5,Sichuan Province,0.3874657366781501,88156760.0,88156760.0,1.0
counterfactual,196,40,1,Sichuan Province,0.6543091761075911,88156760.0,88156760.0,1.0
counterfactual,197,40,2,Sichuan Province,-0.49761515198355,88156760.0,88156760.0,1.0
counterfactual,198,40,3,Sichuan Province,0.4150302495672368,88156760.0,88156760.0,1.0
counterfactual,199,40,4,Sichuan Province,-0.8759895854671401,88156760.0,88156760.0,1.0
counterfactual,200,40,5,Sichuan Province,0.2708094816242711,88156760.0,88156760.0,1.0
counterfactual,201,41,1,Sichuan Province,0.05258340912726766,88156760.0,88156760.0,1.0
counterfactual,202,41,2,Sichuan Province,-0.19502752954914165,88156760.0,88156760.0,1.0
counterfactual,203,41,3,Sichuan Province,0.03276062536779594,88156760.0,88156760.0,1.0
counterfactual,204,41,4,Sichuan Province,-0.21866051985705764,88156760.0,88156760.0,1.0
counterfactual,205,41,5,Sichuan Province,0.8285446854756532,88156760.0,88156760.0,1.0
counterfactual,206,42,1,Sichuan Province,-0.48831932474694983,88156760.0,88156760.0,1.0
counterfactual,207,42,2,Sichuan Province,-0.17141625909079028,88156760.0,88156760.0,1.0
counterfactual,208,42,3,Sichuan Province,0.008540023632705552,88156760.0,88156760.0,1.0
counterfactual,209,42,4,Sichuan Province,1.215375650989972,88156760.0,88156760.0,1.0
counterfactual,210,42,5,Sichuan Province,-0.5509791902838881,88156760.0,88156760.0,1.0
counterfactual,211,43,1,Sichuan Province,0.18340723491978428,88156760.0,88156760.0,1.0
counterfactual,212,43,2,Sichuan Province,1.385732962450321,88156760.0,88156760.0,1.0
counterfactual,213,43,3,Sichuan Province,0.23546022337376743,88156760.0,88156760.0,1.0
counterfactual,214,43,4,Sichuan Province,0.22593723016017378,88156760.0,88156760.0,1.0
counterfactual,215,43,5,Sichuan Province,0.4264433597201164,88156760.0,88156760.0,1.0
counterfactual,216,44,1,Sichuan Province,0.3202555036318299,88156760.0,88156760.0,1.0
counterfactual,217,44,2,Sichuan Province,0.7783013446939604,88156760.0,88156760.0,1.0
counterfactual,218,44,3,Sichuan Province,-0.9826212009734078,88156760.0,88156760.0,1.0
counterfactual,219,44,4,Sichuan Province,-0.5215655911045911,88156760.0,88156760.0,1.0
counterfactual,220,44,5,Sichuan Province,0.787704169420608,88156760.0,88156760.0,1.0
counterfactual,221,45,1,Sichuan Province,-0.49156489232814254,88156760.0,88156760.0,1.0
counterfactual,222,45,2,Sichuan Province,-0.12731742325822823,88156760.0,88156760.0,1.0
counterfactual,223,45,3,Sichuan Province,0.408703531103563,88156760.0,88156760.0,1.0
counterfactual,224,45,4,Sichuan Province,0.12316604379333199,88156760.0,88156760.0,1.0
counterfactual,225,45,5,Sichuan Province,0.7820968650717852,88156760.0,88156760.0,1.0
counterfactual,226,46,1,Sichuan Province,0.06651183746225801,88156760.0,88156760.0,1.0
counterfactual,227,46,2,Sichuan Province,0.5196071495797744,88156760.0,88156760.0,1.0
counterfactual,228,46,3,Sichuan Province,0.3626799436773388,88156760.0,88156760.0,1.0
counterfactual,229,46,4,Sichuan Province,-0.10630891140754607,88156760.0,88156760.0,1.0
counterfactual,230,46,5,Sichuan Province,0.8177246909953058,88156760.0,88156760.0,1.0
counterfactual,231,47,1,Sichuan Province,-0.004166293856755526,88156760.0,88156760.0,1.0
counterfactual,232,47,2,Sichuan Province,0.7092474911112602,88156760.0,88156760.0,1.0
counterfactual,233,47,3,Sichuan Province,0.2210624698180516,88156760.0,88156760.0,1.0
counterfactual,234,47,4,Sichuan Province,0.8165826218275232,88156760.0,88156760.0,1.0
counterfactual,235,47,5,Sichuan Province,0.26170297635800777,88156760.0,88156760.0,1.0
counterfactual,236,48,1,Sichuan Province,0.02378860768968255,88156760.0,88156760.0,1.0
counterfactual,237,48,2,Sichuan Province,0.5416982922885383,88156760.0,88156760.0,1.0
counterfactual,238,48,3,Sichuan Province,0.4633264545447729,88156760.0,88156760.0,1.0
counterfactual,239,48,4,Sichuan Province,-0.8393677959482841,88156760.0,88156760.0,1.0
counterfactual,240,48,5,Sichuan Province,0.5653216738637422,88156760.0,88156760.0,1.0
counterfactual,241,49,1,Sichuan Province,-0.7917980579220435,88156760.0,88156760.0,1.0
counterfactual,242,49,2,Sichuan Province,-0.48535611132967044,88156760.0,88156760.0,1.0
counterfactual,243,49,3,Sichuan Province,-0.002448066035836151,88156760.0,88156760.0,1.0
counterfactual,244,49,4,Sichuan Province,0.8558456102646609,88156760.0,88156760.0,1.0
counterfactual,245,49,5,Sichuan Province,0.21024472297605426,88156760.0,88156760.0,1.0
counterfactual,246,50,1,Sichuan Province,0.09928067914876584,88156760.0,88156760.0,1.0
counterfactual,247,50,2,Sichuan Province,0.7152185811725278,88156760.0,88156760.0,1.0
counterfactual,248,50,3,Sichuan Province,0.9554521197583872,88156760.0,88156760.0,1.0
counterfactual,249,50,4,Sichuan Province,0.6461521121658514,88156760.0,88156760.0,1.0
counterfactual,250,50,5,Sichuan Province,0.4702649653632844,88156760.0,88156760.0,1.0
counterfactual,251,51,1,Sichuan Province,-0.048937588575063924,88156760.0,88156760.0,1.0
counterfactual,252,51,2,Sichuan Province,-0.3262419338938419,88156760.0,88156760.0,1.0
counterfactual,253,51,3,Sichuan Province,0.10452608183104611,88156760.0,88156760.0,1.0
counterfactual,254,51,4,Sichuan Province,-0.2495735445343955,88156760.0,88156760.0,1.0
counterfactual,255,51,5,Sichuan Province,-0.015782512640703582,88156760.0,88156760.0,1.0
counterfactual,256,52,1,Sichuan Province,0.13433108737235033,88156760.0,88156760.0,1.0
counterfactual,257,52,2,Sichuan Province,0.8571077739212197,88156760.0,88156760.0,1.0
counterfactual,258,52,3,Sichuan Province,0.11907848979540904,88156760.0,88156760.0,1.0
counterfactual,259,52,4,Sichuan Province,-0.2615575251448389,88156760.0,88156760.0,1.0
counterfactual,260,52,5,Sichuan Province,0.5611072469880504,88156760.0,88156760.0,1.0
counterfactual,261,53,1,Sichuan Province,1.3309569668798111,88156760.0,88156760.0,1.0
counterfactual,262,53,2,Sichuan Province,0.47190362534131614,88156760.0,88156760.0,1.0
counterfactual,263,53,3,Sichuan Province,0.7703647332538501,88156760.0,88156760.0,1.0
counterfactual,264,53,4,Sichuan Province,0.5668368545664646,88156760.0,88156760.0,1.0
counterfactual,265,53,5,Sichuan Province,0.18253962793554568,88156760.0,88156760.0,1.0
counterfactual,266,54,1,Sichuan Province,0.822639915960699,88156760.0,88156760.0,1.0
counterfactual,267,54,2,Sichuan Province,0.09779130280437237,88156760.0,88156760.0,1.0
counterfactual,268,54,3,Sichuan Province,0.13249242073396658,88156760.0,88156760.0,1.0
counterfactual,269,54,4,Sichuan Province,0.6973613048928623,88156760.0,88156760.0,1.0
counterfactual,270,54,5,Sichuan Province,0.7613804030480337,88156760.0,88156760.0,1.0
counterfactual,271,55,1,Sichuan Province,0.9518054999442733,88156760.0,88156760.0,1.0
counterfactual,272,55,2,Sichuan Province,0.25224247091335633,88156760.0,88156760.0,1.0
counterfactual,273,55,3,Sichuan Province,0.11541684745839528,88156760.0,88156760.0,1.0
counterfactual,274,55,4,Sichuan Province,0.3917093171391088,88156760.0,88156760.0,1.0
counterfactual,275,55,5,Sichuan Province,-1.0045281973832982,88156760.0,88156760.0,1.0
counterfactual,276,56,1,Sichuan Province,-0.42039974954382925,88156760.0,88156760.0,1.0
counterfactual,277,56,2,Sichuan Province,-0.5479911067950353,88156760.0,88156760.0,1.0
counterfactual,278,56,3,Sichuan Province,0.6888937877204732,88156760.0,88156760.0,1.0
counterfactual,279,56,4,Sichuan Province,0.2112260101533622,88156760.0,88156760.0,1.0
counterfactual,280,56,5,Sichuan Province,-0.07701832719257445,88156760.0,88156760.0,1.0
counterfactual,281,57,1,Sichuan Province,0.12839241638442558,88156760.0,88156760.0,1.0
counterfactual,282,57,2,Sichuan Province,0.34040110855895855,88156760.0,88156760.0,1.0
counterfactual,283,57,3,Sichuan Province,0.8927350978052595,88156760.0,88156760.0,1.0
counterfactual,284,57,4,Sichuan Province,-0.3708310152996344,88156760.0,88156760.0,1.0
counterfactual,285,57,5,Sichuan Province,-0.3986722351565537,88156760.0,88156760.0,1.0
counterfactual,286,58,1,Sichuan Province,0.45778195109107794,88156760.0,88156760.0,1.0
counterfactual,287,58,2,Sichuan Province,1.0286872004742378,88156760.0,88156760.0,1.0
counterfactual,288,58,3,Sichuan Province,0.2619765875802205,88156760.0,88156760.0,1.0
counterfactual,289,58,4,Sichuan Province,-0.040818213126057865,88156760.0,88156760.0,1.0
counterfactual,290,58,5,Sichuan Province,0.5753440917394117,88156760.0,88156760.0,1.0
counterfactual,291,59,1,Sichuan Province,0.07179677510357542,88156760.0,88156760.0,1.0
counterfactual,292,59,2,Sichuan Province,0.37147427159746416,88156760.0,88156760.0,1.0
counterfactual,293,59,3,Sichuan Province,-0.7513705767184783,88156760.0,88156760.0,1.0
counterfactual,294,59,4,Sichuan Province,-0.2784763099865286,88156760.0,88156760.0,1.0
counterfactual,295,59,5,Sichuan Province,0.2463600447209985,88156760.0,88156760.0,1.0
counterfactual,296,60,1,Sichuan Province,0.3914277626676704,88156760.0,88156760.0,1.0
counterfactual,297,60,2,Sichuan Province,0.15072682106869056,88156760.0,88156760.0,1.0
counterfactual,298,60,3,Sichuan Province,0.5331129721785289,88156760.0,88156760.0,1.0
counterfactual,299,60,4,Sichuan Province,0.24155511918718012,88156760.0,88156760.0,1.0
counterfactual,300,60,5,Sichuan Province,0.388134423380591,88156760.0,88156760.0,1.0
counterfactual,301,61,1,Sichuan Province,0.9958540206278542,88156760.0,88156760.0,1.0
counterfactual,302,61,2,Sichuan Province,0.03863431082167623,88156760.0,88156760.0,1.0
counterfactual,303,61,3,Sichuan Province,0.8940349734214836,88156760.0,88156760.0,1.0
counterfactual,304,61,4,Sichuan Province,0.021132532595731925,88156760.0,88156760.0,1.0
counterfactual,305,61,5,Sichuan Province,-0.6442753492616183,88156760.0,88156760.0,1.0
counterfactual,306,62,1,Sichuan Province,0.22252930735114143,88156760.0,88156760.0,1.0
counterfactual,307,62,2,Sichuan Province,0.39219727145876665,88156760.0,88156760.0,1.0
counterfactual,308,62,3,Sichuan Province,-0.3900692273873459,88156760.0,88156760.0,1.0
counterfactual,309,62,4,Sichuan Province,-0.545077584929315,88156760.0,88156760.0,1.0
counterfactual,310,62,5,Sichuan Province,-0.3566254113603077,88156760.0,88156760.0,1.0
counterfactual,311,63,1,Sichuan Province,0.3691395451157322,88156760.0,88156760.0,1.0
counterfactual,312,63,2,Sichuan Province,0.4541056810471814,88156760.0,88156760.0,1.0
counterfactual,313,63,3,Sichuan Province,0.49802312465881543,88156760.0,88156760.0,1.0
counterfactual,314,63,4,Sichuan Province,0.43694091019779774,88156760.0,88156760.0,1.0
counterfactual,315,63,5,Sichuan Province,-0.3552870485937645,88156760.0,88156760.0,1.0
counterfactual,316,64,1,Sichuan Province,1.0861641001338382,88156760.0,88156760.0,1.0
counterfactual,317,64,2,Sichuan Province,-0.6295410777878337,88156760.0,88156760.0,1.0
counterfactual,318,64,3,Sichuan Province,0.36832556225176305,88156760.0,88156760.0,1.0
counterfactual,319,64,4,Sichuan Province,0.29624007520355417,88156760.0,88156760.0,1.0
counterfactual,320,64,5,Sichuan Province,0.1627177043445323,88156760.0,88156760.0,1.0
counterfactual,321,65,1,Sichuan Province,-0.13424715243716043,88156760.0,88156760.0,1.0
counterfactual,322,65,2,Sichuan Province,-0.7581996069191299,88156760.0,88156760.0,1.0
counterfactual,323,65,3,Sichuan Province,0.5142688963637181,88156760.0,88156760.0,1.0
counterfactual,324,65,4,Sichuan Province,-0.5098121618894446,88156760.0,88156760.0,1.0
counterfactual,325,65,5,Sichuan Province,-0.5689833568440739,88156760.0,88156760.0,1.0
counterfactual,326,66,1,Sichuan Province,-0.2453432016518537,88156760.0,88156760.0,1.0
counterfactual,327,66,2,Sichuan Province,0.7324502561068035,88156760.0,88156760.0,1.0
counterfactual,328,66,3,Sichuan Province,0.2999624025709073,88156760.0,88156760.0,1.0
counterfactual,329,66,4,Sichuan Province,-0.9915934524562465,88156760.0,88156760.0,1.0
counterfactual,330,66,5,Sichuan Province,-0.5128913845205852,88156760.0,88156760.0,1.0
counterfactual,331,67,1,Sichuan Province,0.19947563976295873,88156760.0,88156760.0,1.0
counterfactual,332,67,2,Sichuan Province,-0.33208967915719023,88156760.0,88156760.0,1.0
counterfactual,333,67,3,Sichuan Province,-0.21376349847794804,88156760.0,88156760.0,1.0
counterfactual,334,67,4,Sichuan Province,-0.15015707724103153,88156760.0,88156760.0,1.0
counterfactual,335,67,5,Sichuan Province,-0.6310481282940157,88156760.0,88156760.0,1.0
counterfactual,336,68,1,Sichuan Province,0.47837459959449347,88156760.0,88156760.0,1.0
counterfactual,337,68,2,Sichuan Province,-0.5759702131864797,88156760.0,88156760.0,1.0
counterfactual,338,68,3,Sichuan Province,0.4721815995406728,88156760.0,88156760.0,1.0
counterfactual,339,68,4,Sichuan Province,-0.2731769492019888,88156760.0,88156760.0,1.0
counterfactual,340,68,5,Sichuan Province,-0.5320308929355559,88156760.0,88156760.0,1.0
counterfactual,341,69,1,Sichuan Province,1.1860785715193631,88156760.0,88156760.0,1.0
counterfactual,342,69,2,Sichuan Province,-0.6385142908780833,88156760.0,88156760.0,1.0
counterfactual,343,69,3,Sichuan Province,-0.1423723296574767,88156760.0,88156760.0,1.0
counterfactual,344,69,4,Sichuan Province,-0.2164514028275012,88156760.0,88156760.0,1.0
counterfactual,345,69,5,Sichuan Province,0.9867358430641626,88156760.0,88156760.0,1.0
counterfactual,346,70,1,Sichuan Province,1.1004809221078178,88156760.0,88156760.0,1.0
counterfactual,347,70,2,Sichuan Province,0.8611237795168892,88156760.0,88156760.0,1.0
counterfactual,348,70,3,Sichuan Province,0.6705862187224981,88156760.0,88156760.0,1.0
counterfactual,349,70,4,Sichuan Province,-0.0950419210437294,88156760.0,88156760.0,1.0
counterfactual,350,70,5,Sichuan Province,-0.011905907499662173,88156760.0,88156760.0,1.0
counterfactual,351,71,1,Sichuan Province,0.4576076314526906,88156760.0,88156760.0,1.0
counterfactual,352,71,2,Sichuan Province,1.7525985481823338,88156760.0,88156760.0,1.0
counterfactual,353,71,3,Sichuan Province,0.2682003726403969,88156760.0,88156760.0,1.0
counterfactual,354,71,4,Sichuan Province,-0.013633840135571156,88156760.0,88156760.0,1.0
counterfactual,355,71,5,Sichuan Province,1.0016296449460484,88156760.0,88156760.0,1.0
counterfactual,356,72,1,Sichuan Province,-0.42666726506933333,88156760.0,88156760.0,1.0
counterfactual,357,72,2,Sichuan Province,0.533286530487725,88156760.0,88156760.0,1.0
counterfactual,358,72,3,Sichuan Province,-0.05764998372487471,88156760.0,88156760.0,1.0
counterfactual,359,72,4,Sichuan Province,0.35065206301205326,88156760.0,88156760.0,1.0
counterfactual,360,72,5,Sichuan Province,0.5201017875825649,88156760.0,88156760.0,1.0
counterfactual,361,73,1,Sichuan Province,0.6413774421521331,88156760.0,88156760.0,1.0
counterfactual,362,73,2,Sichuan Province,-0.6100965342509053,88156760.0,88156760.0,1.0
counterfactual,363,73,3,Sichuan Province,0.46201336926466086,88156760.0,88156760.0,1.0
counterfactual,364,73,4,Sichuan Province,0.6991417227705689,88156760.0,88156760.0,1.0
counterfactual,365,73,5,Sichuan Province,-0.16426220220267115,88156760.0,88156760.0,1.0
counterfactual,366,74,1,Sichuan Province,0.7640819800081142,88156760.0,88156760.0,1.0
counterfactual,367,74,2,Sichuan Province,1.0656726955286886,88156760.0,88156760.0,1.0
counterfactual,368,74,3,Sichuan Province,0.8896287062327575,88156760.0,88156760.0,1.0
counterfactual,369,74,4,Sichuan Province,0.4982480064351174,88156760.0,88156760.0,1.0
counterfactual,370,74,5,Sichuan Province,-0.16860710606765308,88156760.0,88156760.0,1.0
counterfactual,371,75,1,Sichuan Province,1.062576447043881,88156760.0,88156760.0,1.0
counterfactual,372,75,2,Sichuan Province,0.7636905854904031,88156760.0,88156760.0,1.0
counterfactual,373,75,3,Sichuan Province,0.43906564345900695,88156760.0,88156760.0,1.0
counterfactual,374,75,4,Sichuan Province,-0.6548992644059033,88156760.0,88156760.0,1.0
counterfactual,375,75,5,Sichuan Province,0.33875400426591845,88156760.0,88156760.0,1.0
counterfactual,376,76,1,Sichuan Province,-0.8326917378182118,88156760.0,88156760.0,1.0
counterfactual,377,76,2,Sichuan Province,0.8471059838382957,88156760.0,88156760.0,1.0
counterfactual,378,76,3,Sichuan Province,-0.2318075437729554,88156760.0,88156760.0,1.0
counterfactual,379,76,4,Sichuan Province,0.799781013914505,88156760.0,88156760.0,1.0
counterfactual,380,76,5,Sichuan Province,0.08645237738022414,88156760.0,88156760.0,1.0
counterfactual,381,77,1,Sichuan Province,0.7275866432690555,88156760.0,88156760.0,1.0
counterfactual,382,77,2,Sichuan Province,0.38998906924967264,88156760.0,88156760.0,1.0
counterfactual,383,77,3,Sichuan Province,1.0218059140988431,88156760.0,88156760.0,1.0
counterfactual,384,77,4,Sichuan Province,0.33908043956725753,88156760.0,88156760.0,1.0
counterfactual,385,77,5,Sichuan Province,0.6276947603228558,88156760.0,88156760.0,1.0
counterfactual,386,78,1,Sichuan Province,0.09218522450776215,88156760.0,88156760.0,1.0
counterfactual,387,78,2,Sichuan Province,-0.01202142672543771,88156760.0,88156760.0,1.0
counterfactual,388,78,3,Sichuan Province,0.5068742766541621,88156760.0,88156760.0,1.0
counterfactual,389,78,4,Sichuan Province,0.664488473444854,88156760.0,88156760.0,1.0
counterfactual,390,78,5,Sichuan Province,-0.5935989355465905,88156760.0,88156760.0,1.0
counterfactual,391,79,1,Sichuan Province,1.4707106952818825,88156760.0,88156760.0,1.0
counterfactual,392,79,2,Sichuan Province,-0.1448466727023804,88156760.0,88156760.0,1.0
counterfactual,393,79,3,Sichuan Province,0.17420755180520278,88156760.0,88156760.0,1.0
counterfactual,394,79,4,Sichuan Province,-0.24563387054987554,88156760.0,88156760.0,1.0
counterfactual,395,79,5,Sichuan Province,0.916926386570183,88156760.0,88156760.0,1.0
counterfactual,396,80,1,Sichuan Province,0.3559996514031651,88156760.0,88156760.0,1.0
counterfactual,397,80,2,Sichuan Province,-0.2786439369080169,88156760.0,88156760.0,1.0
counterfactual,398,80,3,Sichuan Province,0.35039764521733374,88156760.0,88156760.0,1.0
counterfactual,399,80,4,Sichuan Province,-0.3680711528338691,88156760.0,88156760.0,1.0
counterfactual,400,80,5,Sichuan Province,-0.40139126887142407,88156760.0,88156760.0,1.0
counterfactual,401,81,1,Sichuan Province,0.6111180101520776,88156760.0,88156760.0,1.0
counterfactual,402,81,2,Sichuan Province,0.4363366286813225,88156760.0,88156760.0,1.0
counterfactual,403,81,3,Sichuan Province,-0.401307666251498,88156760.0,88156760.0,1.0
counterfactual,404,81,4,Sichuan Province,0.46967875919547625,88156760.0,88156760.0,1.0
counterfactual,405,81,5,Sichuan Province,0.5940764939700574,88156760.0,88156760.0,1.0
counterfactual,406,82,1,Sichuan Province,-0.5350737471313398,88156760.0,88156760.0,1.0
counterfactual,407,82,2,Sichuan Province,-0.16471287163749573,88156760.0,88156760.0,1.0
counterfactual,408,82,3,Sichuan Province,0.16438146154756256,88156760.0,88156760.0,1.0
counterfactual,409,82,4,Sichuan Province,-0.05421389346724112,88156760.0,88156760.0,1.0
counterfactual,410,82,5,Sichuan Province,-0.02061622477162588,88156760.0,88156760.0,1.0
counterfactual,411,83,1,Sichuan Province,-0.37134641110319727,88156760.0,88156760.0,1.0
counterfactual,412,83,2,Sichuan Province,0.664806894119305,88156760.0,88156760.0,1.0
counterfactual,413,83,3,Sichuan Province,0.45095176575742235,88156760.0,88156760.0,1.0
counterfactual,414,83,4,Sichuan Province,0.15614385135475042,88156760.0,88156760.0,1.0
counterfactual,415,83,5,Sichuan Province,-0.06874313162707917,88156760.0,88156760.0,1.0
counterfactual,416,84,1,Sichuan Province,1.670468275802639,88156760.0,88156760.0,1.0
counterfactual,417,84,2,Sichuan Province,-0.5498794178338675,88156760.0,88156760.0,1.0
counterfactual,418,84,3,Sichuan Province,0.2517068341986446,88156760.0,88156760.0,1.0
counterfactual,419,84,4,Sichuan Province,0.6657442029287708,88156760.0,88156760.0,1.0
counterfactual,420,84,5,Sichuan Province,-0.03746659213217385,88156760.0,88156760.0,1.0
counterfactual,421,85,1,Sichuan Province,0.9439341584126085,88156760.0,88156760.0,1.0
counterfactual,422,85,2,Sichuan Province,-0.2783811781556125,88156760.0,88156760.0,1.0
counterfactual,423,85,3,Sichuan Province,0.5827936465890228,88156760.0,88156760.0,1.0
counterfactual,424,85,4,Sichuan Province,-0.17990565121464094,88156760.0,88156760.0,1.0
counterfactual,425,85,5,Sichuan Province,0.32179391234064786,88156760.0,88156760.0,1.0
counterfactual,426,86,1,Sichuan Province,1.0490142240809508,88156760.0,88156760.0,1.0
counterfactual,427,86,2,Sichuan Province,0.46930962913764607,88156760.0,88156760.0,1.0
counterfactual,428,86,3,Sichuan Province,0.5064110638836402,88156760.0,88156760.0,1.0
counterfactual,429,86,4,Sichuan Province,0.43648810852366965,88156760.0,88156760.0,1.0
counterfactual,430,86,5,Sichuan Province,0.05069957535194108,88156760.0,88156760.0,1.0
counterfactual,431,87,1,Sichuan Province,-0.24760266397568012,88156760.0,88156760.0,1.0
counterfactual,432,87,2,Sichuan Province,-1.4065423851061178,88156760.0,88156760.0,1.0
counterfactual,433,87,3,Sichuan Province,0.545708585672337,88156760.0,88156760.0,1.0
counterfactual,434,87,4,Sichuan Province,-0.005360025028372185,88156760.0,88156760.0,1.0
counterfactual,435,87,5,Sichuan Province,1.0664033059200602,88156760.0,88156760.0,1.0
counterfactual,436,88,1,Sichuan Province,0.04072928982042587,88156760.0,88156760.0,1.0
counterfactual,437,88,2,Sichuan Province,0.37743179334509774,88156760.0,88156760.0,1.0
counterfactual,438,88,3,Sichuan Province,0.2523848336617996,88156760.0,88156760.0,1.0
counterfactual,439,88,4,Sichuan Province,-0.4082734191667463,88156760.0,88156760.0,1.0
counterfactual,440,88,5,Sichuan Province,-0.506409331642632,88156760.0,88156760.0,1.0
counterfactual,441,89,1,Sichuan Province,0.6387739230020893,88156760.0,88156760.0,1.0
counterfactual,442,89,2,Sichuan Province,-0.20369866048187768,88156760.0,88156760.0,1.0
counterfactual,443,89,3,Sichuan Province,0.4683919496965846,88156760.0,88156760.0,1.0
counterfactual,444,89,4,Sichuan Province,-0.8407671245544411,88156760.0,88156760.0,1.0
counterfactual,445,89,5,Sichuan Province,0.7134517607056684,88156760.0,88156760.0,1.0
counterfactual,446,90,1,Sichuan Province,0.18756973408201746,88156760.0,88156760.0,1.0
counterfactual,447,90,2,Sichuan Province,0.167589296556201,88156760.0,88156760.0,1.0
counterfactual,448,90,3,Sichuan Province,-0.14695804136431545,88156760.0,88156760.0,1.0
counterfactual,449,90,4,Sichuan Province,0.4977568647750091,88156760.0,88156760.0,1.0
counterfactual,450,90,5,Sichuan Province,0.12465265847143961,88156760.0,88156760.0,1.0
counterfactual,451,91,1,Sichuan Province,0.3085917234018556,88156760.0,88156760.0,1.0
counterfactual,452,91,2,Sichuan Province,0.1148271395837443,88156760.0,88156760.0,1.0
counterfactual,453,91,3,Sichuan Province,1.1268057247219043,88156760.0,88156760.0,1.0
counterfactual,454,91,4,Sichuan Province,-0.5877135037046548,88156760.0,88156760.0,1.0
counterfactual,455,91,5,Sichuan Province,0.8296953761097196,88156760.0,88156760.0,1.0
counterfactual,456,92,1,Sichuan Province,1.2486111041103003,88156760.0,88156760.0,1.0
counterfactual,457,92,2,Sichuan Province,0.8534968408030049,88156760.0,88156760.0,1.0
counterfactual,458,92,3,Sichuan Province,0.2527365703376555,88156760.0,88156760.0,1.0
counterfactual,459,92,4,Sichuan Province,0.9019952328950951,88156760.0,88156760.0,1.0
counterfactual,460,92,5,Sichuan Province,-0.892194480757519,88156760.0,88156760.0,1.0
counterfactual,461,93,1,Sichuan Province,0.011762068111201823,88156760.0,88156760.0,1.0
counterfactual,462,93,2,Sichuan Province,-0.21663797616611197,88156760.0,88156760.0,1.0
counterfactual,463,93,3,Sichuan Province,0.6197627260910227,88156760.0,88156760.0,1.0
counterfactual,464,93,4,Sichuan Province,0.310051775767931,88156760.0,88156760.0,1.0
counterfactual,465,93,5,Sichuan Province,0.46681950491457574,88156760.0,88156760.0,1.0
counterfactual,466,94,1,Sichuan Province,0.4548719337436694,88156760.0,88156760.0,1.0
counterfactual,467,94,2,Sichuan Province,-0.2373812604729433,88156760.0,88156760.0,1.0
counterfactual,468,94,3,Sichuan Province,0.08338868606518988,88156760.0,88156760.0,1.0
counterfactual,469,94,4,Sichuan Province,-0.3114358099555986,88156760.0,88156760.0,1.0
counterfactual,470,94,5,Sichuan Province,0.6144349501124878,88156760.0,88156760.0,1.0
counterfactual,471,95,1,Sichuan Province,-0.10303738362691121,88156760.0,88156760.0,1.0
counterfactual,472,95,2,Sichuan Province,1.0757922992459779,88156760.0,88156760.0,1.0
counterfactual,473,95,3,Sichuan Province,-0.5365304185075914,88156760.0,88156760.0,1.0
counterfactual,474,95,4,Sichuan Province,0.4284683631469098,88156760.0,88156760.0,1.0
counterfactual,475,95,5,Sichuan Province,1.0059130079823198,88156760.0,88156760.0,1.0
counterfactual,476,96,1,Sichuan Province,0.17638295365404616,88156760.0,88156760.0,1.0
counterfactual,477,96,2,Sichuan Province,-0.5923468277138374,88156760.0,88156760.0,1.0
counterfactual,478,96,3,Sichuan Province,1.1176910701642184,88156760.0,88156760.0,1.0
counterfactual,479,96,4,Sichuan Province,-0.38487776148781794,88156760.0,88156760.0,1.0
counterfactual,480,96,5,Sichuan Province,-0.48080879692528494,88156760.0,88156760.0,1.0
counterfactual,481,97,1,Sichuan Province,-0.08758301741304508,88156760.0,88156760.0,1.0
counterfactual,482,97,2,Sichuan Province,0.4315349917005756,88156760.0,88156760.0,1.0
counterfactual,483,97,3,Sichuan Province,0.28856275484126437,88156760.0,88156760.0,1.0
counterfactual,484,97,4,Sichuan Province,0.4150362242822112,88156760.0,88156760.0,1.0
counterfactual,485,97,5,Sichuan Province,-1.0693679787358936,88156760.0,88156760.0,1.0
counterfactual,486,98,1,Sichuan Province,0.5989275386759257,88156760.0,88156760.0,1.0
counterfactual,487,98,2,Sichuan Province,-0.7360068776225401,88156760.0,88156760.0,1.0
counterfactual,488,98,3,Sichuan Province,-0.0330420925664894,88156760.0,88156760.0,1.0
counterfactual,489,98,4,Sichuan Province,0.1496258014696822,88156760.0,88156760.0,1.0
counterfactual,490,98,5,Sichuan Province,0.008284895131230681,88156760.0,88156760.0,1.0
counterfactual,491,99,1,Sichuan Province,0.4791575680690659,88156760.0,88156760.0,1.0
counterfactual,492,99,2,Sichuan Province,0.36313016265990133,88156760.0,88156760.0,1.0
counterfactual,493,99,3,Sichuan Province,0.5340776605162425,88156760.0,88156760.0,1.0
counterfactual,494,99,4,Sichuan Province,-0.36485907298259207,88156760.0,88156760.0,1.0
counterfactual,495,99,5,Sichuan Province,0.6255968022948176,88156760.0,88156760.0,1.0
counterfactual,496,100,1,Sichuan Province,1.2587816535655065,88156760.0,88156760.0,1.0
counterfactual,497,100,2,Sichuan Province,0.5394180337517925,88156760.0,88156760.0,1.0
counterfactual,498,100,3,Sichuan Province,0.1321676013141284,88156760.0,88156760.0,1.0
counterfactual,499,100,4,Sichuan Province,-0.24845111025115574,88156760.0,88156760.0,1.0
counterfactual,500,100,5,Sichuan Province,-0.05301738192247812,88156760.0,88156760.0,1.0
counterfactual,501,101,1,Sichuan Province,0.6400798536269147,88156760.0,88156760.0,1.0
counterfactual,502,101,2,Sichuan Province,0.2574218520976902,88156760.0,88156760.0,1.0
counterfactual,503,101,3,Sichuan Province,0.5543939053435955,88156760.0,88156760.0,1.0
counterfactual,504,101,4,Sichuan Province,1.2134532614698845,88156760.0,88156760.0,1.0
counterfactual,505,101,5,Sichuan Province,0.10804020943686089,88156760.0,88156760.0,1.0
counterfactual,506,102,1,Sichuan Province,0.14671378687128858,88156760.0,88156760.0,1.0
counterfactual,507,102,2,Sichuan Province,-0.0990132609833839,88156760.0,88156760.0,1.0
counterfactual,508,102,3,Sichuan Province,0.47386395399187975,88156760.0,88156760.0,1.0
counterfactual,509,102,4,Sichuan Province,-0.5914677425187989,88156760.0,88156760.0,1.0
counterfactual,510,102,5,Sichuan Province,0.785241554723571,88156760.0,88156760.0,1.0
counterfactual,511,103,1,Sichuan Province,0.6579976358743931,88156760.0,88156760.0,1.0
counterfactual,512,103,2,Sichuan Province,-0.508704297294243,88156760.0,88156760.0,1.0
counterfactual,513,103,3,Sichuan Province,0.1527166580285649,88156760.0,88156760.0,1.0
counterfactual,514,103,4,Sichuan Province,0.11854028678335554,88156760.0,88156760.0,1.0
counterfactual,515,103,5,Sichuan Province,0.0016803382535364553,88156760.0,88156760.0,1.0
counterfactual,516,104,1,Sichuan Province,0.998609982094539,88156760.0,88156760.0,1.0
counterfactual,517,104,2,Sichuan Province,1.0464141655220212,88156760.0,88156760.0,1.0
counterfactual,518,104,3,Sichuan Province,1.1246466067244685,88156760.0,88156760.0,1.0
counterfactual,519,104,4,Sichuan Province,0.3298807632818905,88156760.0,88156760.0,1.0
counterfactual,520,104,5,Sichuan Province,0.1751450786228619,88156760.0,88156760.0,1.0
counterfactual,521,105,1,Sichuan Province,-0.16898295976711855,88156760.0,88156760.0,1.0
counterfactual,522,105,2,Sichuan Province,0.4334992300889282,88156760.0,88156760.0,1.0
counterfactual,523,105,3,Sichuan Province,0.5882709807216736,88156760.0,88156760.0,1.0
counterfactual,524,105,4,Sichuan Province,0.5433076252199243,88156760.0,88156760.0,1.0
counterfactual,525,105,5,Sichuan Province,0.5667634482600435,88156760.0,88156760.0,1.0
counterfactual,1,1,1,Chongqing Municipality,-0.23389030138138467,29344289.0,29344289.0,1.0
counterfactual,2,1,2,Chongqing Municipality,-1.1179187872490797,29344289.0,29344289.0,1.0
counterfactual,3,1,3,Chongqing Municipality,-0.2109713683535721,29344289.0,29344289.0,1.0
counterfactual,4,1,4,Chongqing Municipality,0.17527341554398002,29344289.0,29344289.0,1.0
counterfactual,5,1,5,Chongqing Municipality,-0.0646406781349097,29344289.0,29344289.0,1.0
counterfactual,6,2,1,Chongqing Municipality,-0.0048865878160288595,29344289.0,29344289.0,1.0
counterfactual,7,2,2,Chongqing Municipality,0.028118777758383968,29344289.0,29344289.0,1.0
counterfactual,8,2,3,Chongqing Municipality,-0.1861762369537431,29344289.0,29344289.0,1.0
counterfactual,9,2,4,Chongqing Municipality,-0.20069690885774724,29344289.0,29344289.0,1.0
counterfactual,10,2,5,Chongqing Municipality,-0.17115655928365658,29344289.0,29344289.0,1.0
counterfactual,11,3,1,Chongqing Municipality,-0.3563465657002018,29344289.0,29344289.0,1.0
counterfactual,12,3,2,Chongqing Municipality,-0.04800986482219694,29344289.0,29344289.0,1.0
counterfactual,13,3,3,Chongqing Municipality,0.5136695163364541,29344289.0,29344289.0,1.0
counterfactual,14,3,4,Chongqing Municipality,-0.6988422450004971,29344289.0,29344289.0,1.0
counterfactual,15,3,5,Chongqing Municipality,-1.0429480310317565,29344289.0,29344289.0,1.0
counterfactual,16,4,1,Chongqing Municipality,-0.5606203215705472,29344289.0,29344289.0,1.0
counterfactual,17,4,2,Chongqing Municipality,-0.6875147451629028,29344289.0,29344289.0,1.0
counterfactual,18,4,3,Chongqing Municipality,-0.19175698084239579,29344289.0,29344289.0,1.0
counterfactual,19,4,4,Chongqing Municipality,-0.46642748801815714,29344289.0,29344289.0,1.0
counterfactual,20,4,5,Chongqing Municipality,0.024369550919254107,29344289.0,29344289.0,1.0
counterfactual,21,5,1,Chongqing Municipality,-0.2574817510315997,29344289.0,29344289.0,1.0
counterfactual,22,5,2,Chongqing Municipality,0.682930347975842,29344289.0,29344289.0,1.0
counterfactual,23,5,3,Chongqing Municipality,1.1260916205268325,29344289.0,29344289.0,1.0
counterfactual,24,5,4,Chongqing Municipality,-0.4302084653207409,29344289.0,29344289.0,1.0
counterfactual,25,5,5,Chongqing Municipality,0.9050842752591092,29344289.0,29344289.0,1.0
counterfactual,26,6,1,Chongqing Municipality,-0.1771137992171681,29344289.0,29344289.0,1.0
counterfactual,27,6,2,Chongqing Municipality,0.1335349973014257,29344289.0,29344289.0,1.0
counterfactual,28,6,3,Chongqing Municipality,0.03525211381432488,29344289.0,29344289.0,1.0
counterfactual,29,6,4,Chongqing Municipality,-0.525762641025057,29344289.0,29344289.0,1.0
counterfactual,30,6,5,Chongqing Municipality,-0.353806072851515,29344289.0,29344289.0,1.0
counterfactual,31,7,1,Chongqing Municipality,0.11109092289084806,29344289.0,29344289.0,1.0
counterfactual,32,7,2,Chongqing Municipality,-0.04951507765283262,29344289.0,29344289.0,1.0
counterfactual,33,7,3,Chongqing Municipality,0.2831146526887169,29344289.0,29344289.0,1.0
counterfactual,34,7,4,Chongqing Municipality,-0.4456348677763224,29344289.0,29344289.0,1.0
counterfactual,35,7,5,Chongqing Municipality,-0.2986732660524392,29344289.0,29344289.0,1.0
counterfactual,36,8,1,Chongqing Municipality,-0.1272398016795981,29344289.0,29344289.0,1.0
counterfactual,37,8,2,Chongqing Municipality,0.0032081486852737896,29344289.0,29344289.0,1.0
counterfactual,38,8,3,Chongqing Municipality,0.11975682629188408,29344289.0,29344289.0,1.0
counterfactual,39,8,4,Chongqing Municipality,0.11603224151449905,29344289.0,29344289.0,1.0
counterfactual,40,8,5,Chongqing Municipality,-0.3125771512210558,29344289.0,29344289.0,1.0
counterfactual,41,9,1,Chongqing Municipality,-0.8489572462377128,29344289.0,29344289.0,1.0
counterfactual,42,9,2,Chongqing Municipality,-0.32326683206929635,29344289.0,29344289.0,1.0
counterfactual,43,9,3,Chongqing Municipality,-0.1967549503493514,29344289.0,29344289.0,1.0
counterfactual,44,9,4,Chongqing Municipality,0.33293352050813513,29344289.0,29344289.0,1.0
counterfactual,45,9,5,Chongqing Municipality,0.41623834386189645,29344289.0,29344289.0,1.0
counterfactual,46,10,1,Chongqing Municipality,0.020231884971932602,29344289.0,29344289.0,1.0
counterfactual,47,10,2,Chongqing Municipality,0.038565234487324816,29344289.0,29344289.0,1.0
counterfactual,48,10,3,Chongqing Municipality,0.6349606012824495,29344289.0,29344289.0,1.0
counterfactual,49,10,4,Chongqing Municipality,-1.330164941349638,29344289.0,29344289.0,1.0
counterfactual,50,10,5,Chongqing Municipality,0.0807088857865229,29344289.0,29344289.0,1.0
counterfactual,51,11,1,Chongqing Municipality,-0.008633516918575475,29344289.0,29344289.0,1.0
counterfactual,52,11,2,Chongqing Municipality,0.07661473232696178,29344289.0,29344289.0,1.0
counterfactual,53,11,3,Chongqing Municipality,-0.04447097655846672,29344289.0,29344289.0,1.0
counterfactual,54,11,4,Chongqing Municipality,-0.9304125438529058,29344289.0,29344289.0,1.0
counterfactual,55,11,5,Chongqing Municipality,0.7931380570667435,29344289.0,29344289.0,1.0
counterfactual,56,12,1,Chongqing Municipality,-0.5333713937165255,29344289.0,29344289.0,1.0
counterfactual,57,12,2,Chongqing Municipality,-0.550372999431883,29344289.0,29344289.0,1.0
counterfactual,58,12,3,Chongqing Municipality,-0.5414106259519785,29344289.0,29344289.0,1.0
counterfactual,59,12,4,Chongqing Municipality,-0.3962198410901117,29344289.0,29344289.0,1.0
counterfactual,60,12,5,Chongqing Municipality,0.2054420200297268,29344289.0,29344289.0,1.0
counterfactual,61,13,1,Chongqing Municipality,0.5787918332524132,29344289.0,29344289.0,1.0
counterfactual,62,13,2,Chongqing Municipality,-0.8889972004214802,29344289.0,29344289.0,1.0
counterfactual,63,13,3,Chongqing Municipality,0.16362666449051172,29344289.0,29344289.0,1.0
counterfactual,64,13,4,Chongqing Municipality,-0.5700940280342519,29344289.0,29344289.0,1.0
counterfactual,65,13,5,Chongqing Municipality,-0.5044911598657102,29344289.0,29344289.0,1.0
counterfactual,66,14,1,Chongqing Municipality,0.36669769242254635,29344289.0,29344289.0,1.0
counterfactual,67,14,2,Chongqing Municipality,-0.5082685538857755,29344289.0,29344289.0,1.0
counterfactual,68,14,3,Chongqing Municipality,0.3181747077443878,29344289.0,29344289.0,1.0
counterfactual,69,14,4,Chongqing Municipality,-0.3060729449893629,29344289.0,29344289.0,1.0
counterfactual,70,14,5,Chongqing Municipality,0.29537306772344574,29344289.0,29344289.0,1.0
counterfactual,71,15,1,Chongqing Municipality,-0.20116963015612224,29344289.0,29344289.0,1.0
counterfactual,72,15,2,Chongqing Municipality,0.8572587609200333,29344289.0,29344289.0,1.0
counterfactual,73,15,3,Chongqing Municipality,-0.05007839405425247,29344289.0,29344289.0,1.0
counterfactual,74,15,4,Chongqing Municipality,-0.5824637990289906,29344289.0,29344289.0,1.0
counterfactual,75,15,5,Chongqing Municipality,-0.3065428372878587,29344289.0,29344289.0,1.0
counterfactual,76,16,1,Chongqing Municipality,0.40449704342984866,29344289.0,29344289.0,1.0
counterfactual,77,16,2,Chongqing Municipality,0.22015368338696387,29344289.0,29344289.0,1.0
counterfactual,78,16,3,Chongqing Municipality,-0.33215137909297565,29344289.0,29344289.0,1.0
counterfactual,79,16,4,Chongqing Municipality,-0.08620149672897322,29344289.0,29344289.0,1.0
counterfactual,80,16,5,Chongqing Municipality,0.8540910578299075,29344289.0,29344289.0,1.0
counterfactual,81,17,1,Chongqing Municipality,-0.34490261144994433,29344289.0,29344289.0,1.0
counterfactual,82,17,2,Chongqing Municipality,-0.601291798577331,29344289.0,29344289.0,1.0
counterfactual,83,17,3,Chongqing Municipality,0.4518956633970408,29344289.0,29344289.0,1.0
counterfactual,84,17,4,Chongqing Municipality,-0.5414608450296619,29344289.0,29344289.0,1.0
counterfactual,85,17,5,Chongqing Municipality,-0.7327091650421407,29344289.0,29344289.0,1.0
counterfactual,86,18,1,Chongqing Municipality,0.6430715704777191,29344289.0,29344289.0,1.0
counterfactual,87,18,2,Chongqing Municipality,-0.6439610374654188,29344289.0,29344289.0,1.0
counterfactual,88,18,3,Chongqing Municipality,0.4290686380857417,29344289.0,29344289.0,1.0
counterfactual,89,18,4,Chongqing Municipality,-0.7540792478271934,29344289.0,29344289.0,1.0
counterfactual,90,18,5,Chongqing Municipality,0.1304442268429049,29344289.0,29344289.0,1.0
counterfactual,91,19,1,Chongqing Municipality,-0.38807759076170684,29344289.0,29344289.0,1.0
counterfactual,92,19,2,Chongqing Municipality,0.43757368486550124,29344289.0,29344289.0,1.0
counterfactual,93,19,3,Chongqing Municipality,0.32969216260767603,29344289.0,29344289.0,1.0
counterfactual,94,19,4,Chongqing Municipality,-0.27180534135578327,29344289.0,29344289.0,1.0
counterfactual,95,19,5,Chongqing Municipality,-0.7243102786062829,29344289.0,29344289.0,1.0
counterfactual,96,20,1,Chongqing Municipality,0.25249343659465345,29344289.0,29344289.0,1.0
counterfactual,97,20,2,Chongqing Municipality,-0.8366677076752607,29344289.0,29344289.0,1.0
counterfactual,98,20,3,Chongqing Municipality,0.6722597296433087,29344289.0,29344289.0,1.0
counterfactual,99,20,4,Chongqing Municipality,-1.1077510386438914,29344289.0,29344289.0,1.0
counterfactual,100,20,5,Chongqing Municipality,-0.20905290769298993,29344289.0,29344289.0,1.0
counterfactual,101,21,1,Chongqing Municipality,-0.3910317328904293,29344289.0,29344289.0,1.0
counterfactual,102,21,2,Chongqing Municipality,0.06280341074271607,29344289.0,29344289.0,1.0
counterfactual,103,21,3,Chongqing Municipality,0.4391014274096668,29344289.0,29344289.0,1.0
counterfactual,104,21,4,Chongqing Municipality,0.6137505365570259,29344289.0,29344289.0,1.0
counterfactual,105,21,5,Chongqing Municipality,0.09731284488732324,29344289.0,29344289.0,1.0
counterfactual,106,22,1,Chongqing Municipality,0.1291240933013477,29344289.0,29344289.0,1.0
counterfactual,107,22,2,Chongqing Municipality,0.35443715449322144,29344289.0,29344289.0,1.0
counterfactual,108,22,3,Chongqing Municipality,-0.3141330141422597,29344289.0,29344289.0,1.0
counterfactual,109,22,4,Chongqing Municipality,-0.4710024870105882,29344289.0,29344289.0,1.0
counterfactual,110,22,5,Chongqing Municipality,-0.22577966377218625,29344289.0,29344289.0,1.0
counterfactual,111,23,1,Chongqing Municipality,-0.5795307541016548,29344289.0,29344289.0,1.0
counterfactual,112,23,2,Chongqing Municipality,0.19877320677472443,29344289.0,29344289.0,1.0
counterfactual,113,23,3,Chongqing Municipality,-0.16532360396251983,29344289.0,29344289.0,1.0
counterfactual,114,23,4,Chongqing Municipality,-0.4777955726335837,29344289.0,29344289.0,1.0
counterfactual,115,23,5,Chongqing Municipality,-0.26947226783728695,29344289.0,29344289.0,1.0
counterfactual,116,24,1,Chongqing Municipality,0.14407746161446572,29344289.0,29344289.0,1.0
counterfactual,117,24,2,Chongqing Municipality,0.1156951481960298,29344289.0,29344289.0,1.0
counterfactual,118,24,3,Chongqing Municipality,0.7289406781409291,29344289.0,29344289.0,1.0
counterfactual,119,24,4,Chongqing Municipality,0.6743491628273276,29344289.0,29344289.0,1.0
counterfactual,120,24,5,Chongqing Municipality,-1.3097580080438918,29344289.0,29344289.0,1.0
counterfactual,121,25,1,Chongqing Municipality,1.4891634843109647,29344289.0,29344289.0,1.0
counterfactual,122,25,2,Chongqing Municipality,0.0670237357778743,29344289.0,29344289.0,1.0
counterfactual,123,25,3,Chongqing Municipality,-0.4046218924558673,29344289.0,29344289.0,1.0
counterfactual,124,25,4,Chongqing Municipality,-0.6998410254579036,29344289.0,29344289.0,1.0
counterfactual,125,25,5,Chongqing Municipality,0.04853701160169731,29344289.0,29344289.0,1.0
counterfactual,126,26,1,Chongqing Municipality,-0.17071005609880216,29344289.0,29344289.0,1.0
counterfactual,127,26,2,Chongqing Municipality,-0.5021827554907038,29344289.0,29344289.0,1.0
counterfactual,128,26,3,Chongqing Municipality,-0.7374561974442491,29344289.0,29344289.0,1.0
counterfactual,129,26,4,Chongqing Municipality,-0.329513415377091,29344289.0,29344289.0,1.0
counterfactual,130,26,5,Chongqing Municipality,0.06826517560852803,29344289.0,29344289.0,1.0
counterfactual,131,27,1,Chongqing Municipality,0.11719606438667399,29344289.0,29344289.0,1.0
counterfactual,132,27,2,Chongqing Municipality,0.618799502752432,29344289.0,29344289.0,1.0
counterfactual,133,27,3,Chongqing Municipality,-0.2741193351500467,29344289.0,29344289.0,1.0
counterfactual,134,27,4,Chongqing Municipality,-0.5025738598277971,29344289.0,29344289.0,1.0
counterfactual,135,27,5,Chongqing Municipality,0.13239611626973483,29344289.0,29344289.0,1.0
counterfactual,136,28,1,Chongqing Municipality,-1.335693370280268,29344289.0,29344289.0,1.0
counterfactual,137,28,2,Chongqing Municipality,0.3627874695316261,29344289.0,29344289.0,1.0
counterfactual,138,28,3,Chongqing Municipality,0.1949296187339632,29344289.0,29344289.0,1.0
counterfactual,139,28,4,Chongqing Municipality,0.18823609309957984,29344289.0,29344289.0,1.0
counterfactual,140,28,5,Chongqing Municipality,-0.43798294088226675,29344289.0,29344289.0,1.0
counterfactual,141,29,1,Chongqing Municipality,-0.10695214416284454,29344289.0,29344289.0,1.0
counterfactual,142,29,2,Chongqing Municipality,0.5950104448278526,29344289.0,29344289.0,1.0
counterfactual,143,29,3,Chongqing Municipality,-0.0008671285839941689,29344289.0,29344289.0,1.0
counterfactual,144,29,4,Chongqing Municipality,-0.5908933305028259,29344289.0,29344289.0,1.0
counterfactual,145,29,5,Chongqing Municipality,-0.5783543421978139,29344289.0,29344289.0,1.0
counterfactual,146,30,1,Chongqing Municipality,-0.32621823481207046,29344289.0,29344289.0,1.0
counterfactual,147,30,2,Chongqing Municipality,0.12978921089948406,29344289.0,29344289.0,1.0
counterfactual,148,30,3,Chongqing Municipality,0.08130276156002209,29344289.0,29344289.0,1.0
counterfactual,149,30,4,Chongqing Municipality,-0.6437169474776382,29344289.0,29344289.0,1.0
counterfactual,150,30,5,Chongqing Municipality,1.327971171623341,29344289.0,29344289.0,1.0
counterfactual,151,31,1,Chongqing Municipality,-0.5025245205708044,29344289.0,29344289.0,1.0
counterfactual,152,31,2,Chongqing Municipality,0.5240803985612752,29344289.0,29344289.0,1.0
counterfactual,153,31,3,Chongqing Municipality,0.15195180338021091,29344289.0,29344289.0,1.0
counterfactual,154,31,4,Chongqing Municipality,-0.8248707771136837,29344289.0,29344289.0,1.0
counterfactual,155,31,5,Chongqing Municipality,0.45665997237954253,29344289.0,29344289.0,1.0
counterfactual,156,32,1,Chongqing Municipality,0.018185467680754033,29344289.0,29344289.0,1.0
counterfactual,157,32,2,Chongqing Municipality,-0.2347889428623922,29344289.0,29344289.0,1.0
counterfactual,158,32,3,Chongqing Municipality,-0.618992110933297,29344289.0,29344289.0,1.0
counterfactual,159,32,4,Chongqing Municipality,-0.046088619579057445,29344289.0,29344289.0,1.0
counterfactual,160,32,5,Chongqing Municipality,-1.1218938400052025,29344289.0,29344289.0,1.0
counterfactual,161,33,1,Chongqing Municipality,-0.5575326007598163,29344289.0,29344289.0,1.0
counterfactual,162,33,2,Chongqing Municipality,0.4444783086129108,29344289.0,29344289.0,1.0
counterfactual,163,33,3,Chongqing Municipality,-0.753713356163513,29344289.0,29344289.0,1.0
counterfactual,164,33,4,Chongqing Municipality,0.40199970357719667,29344289.0,29344289.0,1.0
counterfactual,165,33,5,Chongqing Municipality,-0.4730022465385291,29344289.0,29344289.0,1.0
counterfactual,166,34,1,Chongqing Municipality,0.526899894371449,29344289.0,29344289.0,1.0
counterfactual,167,34,2,Chongqing Municipality,0.6571308929294049,29344289.0,29344289.0,1.0
counterfactual,168,34,3,Chongqing Municipality,0.8837433525320304,29344289.0,29344289.0,1.0
counterfactual,169,34,4,Chongqing Municipality,-0.9421609304612429,29344289.0,29344289.0,1.0
counterfactual,170,34,5,Chongqing Municipality,-1.153624004054691,29344289.0,29344289.0,1.0
counterfactual,171,35,1,Chongqing Municipality,-0.1114860910406548,29344289.0,29344289.0,1.0
counterfactual,172,35,2,Chongqing Municipality,0.7542129697021197,29344289.0,29344289.0,1.0
counterfactual,173,35,3,Chongqing Municipality,-0.2649296686389839,29344289.0,29344289.0,1.0
counterfactual,174,35,4,Chongqing Municipality,0.1297259326231081,29344289.0,29344289.0,1.0
counterfactual,175,35,5,Chongqing Municipality,-0.5017958575340379,29344289.0,29344289.0,1.0
counterfactual,176,36,1,Chongqing Municipality,1.821966190185124,29344289.0,29344289.0,1.0
counterfactual,177,36,2,Chongqing Municipality,0.1747158009932501,29344289.0,29344289.0,1.0
counterfactual,178,36,3,Chongqing Municipality,-0.460495313593492,29344289.0,29344289.0,1.0
counterfactual,179,36,4,Chongqing Municipality,-0.3254578889383583,29344289.0,29344289.0,1.0
counterfactual,180,36,5,Chongqing Municipality,-0.8954609708377591,29344289.0,29344289.0,1.0
counterfactual,181,37,1,Chongqing Municipality,-0.434254276769989,29344289.0,29344289.0,1.0
counterfactual,182,37,2,Chongqing Municipality,0.07673335727862697,29344289.0,29344289.0,1.0
counterfactual,183,37,3,Chongqing Municipality,-0.4387284144499048,29344289.0,29344289.0,1.0
counterfactual,184,37,4,Chongqing Municipality,-1.0054737801572406,29344289.0,29344289.0,1.0
counterfactual,185,37,5,Chongqing Municipality,-0.049183020288240425,29344289.0,29344289.0,1.0
counterfactual,186,38,1,Chongqing Municipality,0.645815343350211,29344289.0,29344289.0,1.0
counterfactual,187,38,2,Chongqing Municipality,-0.8985904570155813,29344289.0,29344289.0,1.0
counterfactual,188,38,3,Chongqing Municipality,0.04791016463084212,29344289.0,29344289.0,1.0
counterfactual,189,38,4,Chongqing Municipality,-0.4059532185314402,29344289.0,29344289.0,1.0
counterfactual,190,38,5,Chongqing Municipality,-0.4734402527822752,29344289.0,29344289.0,1.0
counterfactual,191,39,1,Chongqing Municipality,-0.6511333158671181,29344289.0,29344289.0,1.0
counterfactual,192,39,2,Chongqing Municipality,-0.29205129942007396,29344289.0,29344289.0,1.0
counterfactual,193,39,3,Chongqing Municipality,1.1120309166538591,29344289.0,29344289.0,1.0
counterfactual,194,39,4,Chongqing Municipality,-0.5377130919951214,29344289.0,29344289.0,1.0
counterfactual,195,39,5,Chongqing Municipality,0.3797247465861765,29344289.0,29344289.0,1.0
counterfactual,196,40,1,Chongqing Municipality,0.5978890340682227,29344289.0,29344289.0,1.0
counterfactual,197,40,2,Chongqing Municipality,-1.2715882871683908,29344289.0,29344289.0,1.0
counterfactual,198,40,3,Chongqing Municipality,0.45690930877339414,29344289.0,29344289.0,1.0
counterfactual,199,40,4,Chongqing Municipality,-0.7778157199021649,29344289.0,29344289.0,1.0
counterfactual,200,40,5,Chongqing Municipality,0.34677666762787035,29344289.0,29344289.0,1.0
counterfactual,201,41,1,Chongqing Municipality,-0.04941128547644699,29344289.0,29344289.0,1.0
counterfactual,202,41,2,Chongqing Municipality,-0.5138581998466515,29344289.0,29344289.0,1.0
counterfactual,203,41,3,Chongqing Municipality,0.8531791373297417,29344289.0,29344289.0,1.0
counterfactual,204,41,4,Chongqing Municipality,-0.6845518166638548,29344289.0,29344289.0,1.0
counterfactual,205,41,5,Chongqing Municipality,0.9314392647896588,29344289.0,29344289.0,1.0
counterfactual,206,42,1,Chongqing Municipality,-0.628719435535646,29344289.0,29344289.0,1.0
counterfactual,207,42,2,Chongqing Municipality,-0.5119748718731453,29344289.0,29344289.0,1.0
counterfactual,208,42,3,Chongqing Municipality,-0.08208409566819783,29344289.0,29344289.0,1.0
counterfactual,209,42,4,Chongqing Municipality,0.6718876068861319,29344289.0,29344289.0,1.0
counterfactual,210,42,5,Chongqing Municipality,-0.4398291604209334,29344289.0,29344289.0,1.0
counterfactual,211,43,1,Chongqing Municipality,0.6786064367524733,29344289.0,29344289.0,1.0
counterfactual,212,43,2,Chongqing Municipality,1.5036306841907228,29344289.0,29344289.0,1.0
counterfactual,213,43,3,Chongqing Municipality,-0.3373911581150047,29344289.0,29344289.0,1.0
counterfactual,214,43,4,Chongqing Municipality,0.26994390784499794,29344289.0,29344289.0,1.0
counterfactual,215,43,5,Chongqing Municipality,-0.7738534660900048,29344289.0,29344289.0,1.0
counterfactual,216,44,1,Chongqing Municipality,0.36855146128672484,29344289.0,29344289.0,1.0
counterfactual,217,44,2,Chongqing Municipality,1.0323193586882682,29344289.0,29344289.0,1.0
counterfactual,218,44,3,Chongqing Municipality,-1.0918048058517769,29344289.0,29344289.0,1.0
counterfactual,219,44,4,Chongqing Municipality,-0.8284870546958415,29344289.0,29344289.0,1.0
counterfactual,220,44,5,Chongqing Municipality,0.13011397627493468,29344289.0,29344289.0,1.0
counterfactual,221,45,1,Chongqing Municipality,-0.7081687039593696,29344289.0,29344289.0,1.0
counterfactual,222,45,2,Chongqing Municipality,-0.14098193548337778,29344289.0,29344289.0,1.0
counterfactual,223,45,3,Chongqing Municipality,0.35671895515382795,29344289.0,29344289.0,1.0
counterfactual,224,45,4,Chongqing Municipality,-0.35643212305263855,29344289.0,29344289.0,1.0
counterfactual,225,45,5,Chongqing Municipality,0.13968758078482932,29344289.0,29344289.0,1.0
counterfactual,226,46,1,Chongqing Municipality,-0.2011833976097604,29344289.0,29344289.0,1.0
counterfactual,227,46,2,Chongqing Municipality,0.48161761650304324,29344289.0,29344289.0,1.0
counterfactual,228,46,3,Chongqing Municipality,-0.06633533441219443,29344289.0,29344289.0,1.0
counterfactual,229,46,4,Chongqing Municipality,0.21850571238902594,29344289.0,29344289.0,1.0
counterfactual,230,46,5,Chongqing Municipality,0.13480042808593015,29344289.0,29344289.0,1.0
counterfactual,231,47,1,Chongqing Municipality,-0.5178535539688888,29344289.0,29344289.0,1.0
counterfactual,232,47,2,Chongqing Municipality,1.1145996078752174,29344289.0,29344289.0,1.0
counterfactual,233,47,3,Chongqing Municipality,-0.19416335772471485,29344289.0,29344289.0,1.0
counterfactual,234,47,4,Chongqing Municipality,-0.47396278347609305,29344289.0,29344289.0,1.0
counterfactual,235,47,5,Chongqing Municipality,-0.25645014905463254,29344289.0,29344289.0,1.0
counterfactual,236,48,1,Chongqing Municipality,-0.11096141016149405,29344289.0,29344289.0,1.0
counterfactual,237,48,2,Chongqing Municipality,0.8460375557849795,29344289.0,29344289.0,1.0
counterfactual,238,48,3,Chongqing Municipality,0.2711984439173762,29344289.0,29344289.0,1.0
counterfactual,239,48,4,Chongqing Municipality,-0.9273096013376405,29344289.0,29344289.0,1.0
counterfactual,240,48,5,Chongqing Municipality,-0.7466064256922711,29344289.0,29344289.0,1.0
counterfactual,241,49,1,Chongqing Municipality,-0.02227084508910974,29344289.0,29344289.0,1.0
counterfactual,242,49,2,Chongqing Municipality,-0.6514765551218898,29344289.0,29344289.0,1.0
counterfactual,243,49,3,Chongqing Municipality,0.030511064819733695,29344289.0,29344289.0,1.0
counterfactual,244,49,4,Chongqing Municipality,0.1767453069801048,29344289.0,29344289.0,1.0
counterfactual,245,49,5,Chongqing Municipality,-0.5357293077262122,29344289.0,29344289.0,1.0
counterfactual,246,50,1,Chongqing Municipality,-0.4007500886840108,29344289.0,29344289.0,1.0
counterfactual,247,50,2,Chongqing Municipality,0.34726290323548953,29344289.0,29344289.0,1.0
counterfactual,248,50,3,Chongqing Municipality,0.5058949978940853,29344289.0,29344289.0,1.0
counterfactual,249,50,4,Chongqing Municipality,-0.054510903448733765,29344289.0,29344289.0,1.0
counterfactual,250,50,5,Chongqing Municipality,-0.4447006430823441,29344289.0,29344289.0,1.0
counterfactual,251,51,1,Chongqing Municipality,0.02163184819005136,29344289.0,29344289.0,1.0
counterfactual,252,51,2,Chongqing Municipality,0.3925366415792485,29344289.0,29344289.0,1.0
counterfactual,253,51,3,Chongqing Municipality,-0.7057319193593385,29344289.0,29344289.0,1.0
counterfactual,254,51,4,Chongqing Municipality,-0.7120219738565343,29344289.0,29344289.0,1.0
counterfactual,255,51,5,Chongqing Municipality,-0.19063406366624458,29344289.0,29344289.0,1.0
counterfactual,256,52,1,Chongqing Municipality,-0.012769032549476185,29344289.0,29344289.0,1.0
counterfactual,257,52,2,Chongqing Municipality,0.20333071511548842,29344289.0,29344289.0,1.0
counterfactual,258,52,3,Chongqing Municipality,0.3150101204002352,29344289.0,29344289.0,1.0
counterfactual,259,52,4,Chongqing Municipality,-0.6177392774790356,29344289.0,29344289.0,1.0
counterfactual,260,52,5,Chongqing Municipality,0.5165042921093508,29344289.0,29344289.0,1.0
counterfactual,261,53,1,Chongqing Municipality,0.7035723281862568,29344289.0,29344289.0,1.0
counterfactual,262,53,2,Chongqing Municipality,0.1986126932132186,29344289.0,29344289.0,1.0
counterfactual,263,53,3,Chongqing Municipality,0.7260088351427614,29344289.0,29344289.0,1.0
counterfactual,264,53,4,Chongqing Municipality,1.1318701905204747,29344289.0,29344289.0,1.0
counterfactual,265,53,5,Chongqing Municipality,0.2120469901619043,29344289.0,29344289.0,1.0
counterfactual,266,54,1,Chongqing Municipality,0.2945479958799261,29344289.0,29344289.0,1.0
counterfactual,267,54,2,Chongqing Municipality,-0.6482661758496437,29344289.0,29344289.0,1.0
counterfactual,268,54,3,Chongqing Municipality,0.7781694003130706,29344289.0,29344289.0,1.0
counterfactual,269,54,4,Chongqing Municipality,-0.3412450745987547,29344289.0,29344289.0,1.0
counterfactual,270,54,5,Chongqing Municipality,0.3087889525188651,29344289.0,29344289.0,1.0
counterfactual,271,55,1,Chongqing Municipality,0.49950771971900343,29344289.0,29344289.0,1.0
counterfactual,272,55,2,Chongqing Municipality,0.4891954893690227,29344289.0,29344289.0,1.0
counterfactual,273,55,3,Chongqing Municipality,-0.6847698748347135,29344289.0,29344289.0,1.0
counterfactual,274,55,4,Chongqing Municipality,1.0256226114790707,29344289.0,29344289.0,1.0
counterfactual,275,55,5,Chongqing Municipality,-0.7197745048107932,29344289.0,29344289.0,1.0
counterfactual,276,56,1,Chongqing Municipality,-0.5714381254494496,29344289.0,29344289.0,1.0
counterfactual,277,56,2,Chongqing Municipality,-0.9782797710637741,29344289.0,29344289.0,1.0
counterfactual,278,56,3,Chongqing Municipality,0.8285090600118427,29344289.0,29344289.0,1.0
counterfactual,279,56,4,Chongqing Municipality,-0.520005603130152,29344289.0,29344289.0,1.0
counterfactual,280,56,5,Chongqing Municipality,0.039401813601534455,29344289.0,29344289.0,1.0
counterfactual,281,57,1,Chongqing Municipality,-0.3582062626628738,29344289.0,29344289.0,1.0
counterfactual,282,57,2,Chongqing Municipality,0.07688105207235943,29344289.0,29344289.0,1.0
counterfactual,283,57,3,Chongqing Municipality,-0.4119871004897877,29344289.0,29344289.0,1.0
counterfactual,284,57,4,Chongqing Municipality,-0.8077991979218164,29344289.0,29344289.0,1.0
counterfactual,285,57,5,Chongqing Municipality,-0.1251470821271854,29344289.0,29344289.0,1.0
counterfactual,286,58,1,Chongqing Municipality,-0.1969583145687902,29344289.0,29344289.0,1.0
counterfactual,287,58,2,Chongqing Municipality,0.2352458731084728,29344289.0,29344289.0,1.0
counterfactual,288,58,3,Chongqing Municipality,-0.46545883723728876,29344289.0,29344289.0,1.0
counterfactual,289,58,4,Chongqing Municipality,-0.04794030824964241,29344289.0,29344289.0,1.0
counterfactual,290,58,5,Chongqing Municipality,0.5097601318376109,29344289.0,29344289.0,1.0
counterfactual,291,59,1,Chongqing Municipality,0.47417920425617427,29344289.0,29344289.0,1.0
counterfactual,292,59,2,Chongqing Municipality,0.4245942543409017,29344289.0,29344289.0,1.0
counterfactual,293,59,3,Chongqing Municipality,-0.8186629459123844,29344289.0,29344289.0,1.0
counterfactual,294,59,4,Chongqing Municipality,-0.14805903899203296,29344289.0,29344289.0,1.0
counterfactual,295,59,5,Chongqing Municipality,0.8718374232718469,29344289.0,29344289.0,1.0
counterfactual,296,60,1,Chongqing Municipality,-0.2779899746345771,29344289.0,29344289.0,1.0
counterfactual,297,60,2,Chongqing Municipality,-0.12370224481475033,29344289.0,29344289.0,1.0
counterfactual,298,60,3,Chongqing Municipality,0.5172017004287429,29344289.0,29344289.0,1.0
counterfactual,299,60,4,Chongqing Municipality,0.24655786311911987,29344289.0,29344289.0,1.0
counterfactual,300,60,5,Chongqing Municipality,0.5281739477829884,29344289.0,29344289.0,1.0
counterfactual,301,61,1,Chongqing Municipality,0.5767067730180566,29344289.0,29344289.0,1.0
counterfactual,302,61,2,Chongqing Municipality,-0.19891617155899546,29344289.0,29344289.0,1.0
counterfactual,303,61,3,Chongqing Municipality,0.0778425721571604,29344289.0,29344289.0,1.0
counterfactual,304,61,4,Chongqing Municipality,0.06695562839346732,29344289.0,29344289.0,1.0
counterfactual,305,61,5,Chongqing Municipality,-0.8549879285519113,29344289.0,29344289.0,1.0
counterfactual,306,62,1,Chongqing Municipality,-0.6573443509634594,29344289.0,29344289.0,1.0
counterfactual,307,62,2,Chongqing Municipality,0.6318850072648271,29344289.0,29344289.0,1.0
counterfactual,308,62,3,Chongqing Municipality,-0.7015551153271644,29344289.0,29344289.0,1.0
counterfactual,309,62,4,Chongqing Municipality,-0.28184850791793875,29344289.0,29344289.0,1.0
counterfactual,310,62,5,Chongqing Municipality,-1.0797866960772309,29344289.0,29344289.0,1.0
counterfactual,311,63,1,Chongqing Municipality,-0.2524470227396285,29344289.0,29344289.0,1.0
counterfactual,312,63,2,Chongqing Municipality,0.025996811175186055,29344289.0,29344289.0,1.0
counterfactual,313,63,3,Chongqing Municipality,-0.40813408794592,29344289.0,29344289.0,1.0
counterfactual,314,63,4,Chongqing Municipality,0.3088849787223243,29344289.0,29344289.0,1.0
counterfactual,315,63,5,Chongqing Municipality,-0.3069003487175766,29344289.0,29344289.0,1.0
counterfactual,316,64,1,Chongqing Municipality,0.5446129990670805,29344289.0,29344289.0,1.0
counterfactual,317,64,2,Chongqing Municipality,-0.7768275628791925,29344289.0,29344289.0,1.0
counterfactual,318,64,3,Chongqing Municipality,-0.13626383410719148,29344289.0,29344289.0,1.0
counterfactual,319,64,4,Chongqing Municipality,-0.39270204078439236,29344289.0,29344289.0,1.0
counterfactual,320,64,5,Chongqing Municipality,-0.48477000724065694,29344289.0,29344289.0,1.0
counterfactual,321,65,1,Chongqing Municipality,-0.41274174397973135,29344289.0,29344289.0,1.0
counterfactual,322,65,2,Chongqing Municipality,-0.5395250702746262,29344289.0,29344289.0,1.0
counterfactual,323,65,3,Chongqing Municipality,-0.08286314494861063,29344289.0,29344289.0,1.0
counterfactual,324,65,4,Chongqing Municipality,-0.10262051435485008,29344289.0,29344289.0,1.0
counterfactual,325,65,5,Chongqing Municipality,-0.5477907353511471,29344289.0,29344289.0,1.0
counterfactual,326,66,1,Chongqing Municipality,-0.39196017781526005,29344289.0,29344289.0,1.0
counterfactual,327,66,2,Chongqing Municipality,0.8757639560475616,29344289.0,29344289.0,1.0
counterfactual,328,66,3,Chongqing Municipality,-0.3060562041514278,29344289.0,29344289.0,1.0
counterfactual,329,66,4,Chongqing Municipality,-0.8865078234580772,29344289.0,29344289.0,1.0
counterfactual,330,66,5,Chongqing Municipality,-0.5793391080019011,29344289.0,29344289.0,1.0
counterfactual,331,67,1,Chongqing Municipality,-0.2899267929612782,29344289.0,29344289.0,1.0
counterfactual,332,67,2,Chongqing Municipality,0.19727096772476524,29344289.0,29344289.0,1.0
counterfactual,333,67,3,Chongqing Municipality,-0.4101753136817116,29344289.0,29344289.0,1.0
counterfactual,334,67,4,Chongqing Municipality,-0.9880248308808846,29344289.0,29344289.0,1.0
counterfactual,335,67,5,Chongqing Municipality,-0.6171625447566131,29344289.0,29344289.0,1.0
counterfactual,336,68,1,Chongqing Municipality,-0.22181724181241155,29344289.0,29344289.0,1.0
counterfactual,337,68,2,Chongqing Municipality,-0.8544166453654158,29344289.0,29344289.0,1.0
counterfactual,338,68,3,Chongqing Municipality,0.4024295039582663,29344289.0,29344289.0,1.0
counterfactual,339,68,4,Chongqing Municipality,-0.5436887956064167,29344289.0,29344289.0,1.0
counterfactual,340,68,5,Chongqing Municipality,-1.0314336484550417,29344289.0,29344289.0,1.0
counterfactual,341,69,1,Chongqing Municipality,0.423391666012051,29344289.0,29344289.0,1.0
counterfactual,342,69,2,Chongqing Municipality,-0.5568688311123043,29344289.0,29344289.0,1.0
counterfactual,343,69,3,Chongqing Municipality,-0.22352981465614793,29344289.0,29344289.0,1.0
counterfactual,344,69,4,Chongqing Municipality,-0.6877432135432013,29344289.0,29344289.0,1.0
counterfactual,345,69,5,Chongqing Municipality,1.0406854488794353,29344289.0,29344289.0,1.0
counterfactual,346,70,1,Chongqing Municipality,1.431640624056729,29344289.0,29344289.0,1.0
counterfactual,347,70,2,Chongqing Municipality,0.9335882050255387,29344289.0,29344289.0,1.0
counterfactual,348,70,3,Chongqing Municipality,0.09735986218163944,29344289.0,29344289.0,1.0
counterfactual,349,70,4,Chongqing Municipality,-0.21142249637671381,29344289.0,29344289.0,1.0
counterfactual,350,70,5,Chongqing Municipality,-0.20352947283451284,29344289.0,29344289.0,1.0
counterfactual,351,71,1,Chongqing Municipality,0.5023095010536929,29344289.0,29344289.0,1.0
counterfactual,352,71,2,Chongqing Municipality,1.2408330994503851,29344289.0,29344289.0,1.0
counterfactual,353,71,3,Chongqing Municipality,-0.1682666129890975,29344289.0,29344289.0,1.0
counterfactual,354,71,4,Chongqing Municipality,0.25774774216264773,29344289.0,29344289.0,1.0
counterfactual,355,71,5,Chongqing Municipality,0.002169922239533867,29344289.0,29344289.0,1.0
counterfactual,356,72,1,Chongqing Municipality,-0.3321457593894365,29344289.0,29344289.0,1.0
counterfactual,357,72,2,Chongqing Municipality,-0.02805195416067642,29344289.0,29344289.0,1.0
counterfactual,358,72,3,Chongqing Municipality,-0.44298172792421736,29344289.0,29344289.0,1.0
counterfactual,359,72,4,Chongqing Municipality,-0.6035083194464576,29344289.0,29344289.0,1.0
counterfactual,360,72,5,Chongqing Municipality,0.8136356224025936,29344289.0,29344289.0,1.0
counterfactual,361,73,1,Chongqing Municipality,0.5357212027617069,29344289.0,29344289.0,1.0
counterfactual,362,73,2,Chongqing Municipality,-0.62932240104773,29344289.0,29344289.0,1.0
counterfactual,363,73,3,Chongqing Municipality,0.6489587595886656,29344289.0,29344289.0,1.0
counterfactual,364,73,4,Chongqing Municipality,0.7353855285013869,29344289.0,29344289.0,1.0
counterfactual,365,73,5,Chongqing Municipality,-0.17474388789609896,29344289.0,29344289.0,1.0
counterfactual,366,74,1,Chongqing Municipality,0.5270535052712748,29344289.0,29344289.0,1.0
counterfactual,367,74,2,Chongqing Municipality,1.0952310051311955,29344289.0,29344289.0,1.0
counterfactual,368,74,3,Chongqing Municipality,0.032708087417716226,29344289.0,29344289.0,1.0
counterfactual,369,74,4,Chongqing Municipality,0.9517225891663876,29344289.0,29344289.0,1.0
counterfactual,370,74,5,Chongqing Municipality,-0.1325769582903735,29344289.0,29344289.0,1.0
counterfactual,371,75,1,Chongqing Municipality,1.6506481143526437,29344289.0,29344289.0,1.0
counterfactual,372,75,2,Chongqing Municipality,0.6019650743156467,29344289.0,29344289.0,1.0
counterfactual,373,75,3,Chongqing Municipality,-0.5924250352071657,29344289.0,29344289.0,1.0
counterfactual,374,75,4,Chongqing Municipality,-1.0518810718954377,29344289.0,29344289.0,1.0
counterfactual,375,75,5,Chongqing Municipality,-0.06175289096365627,29344289.0,29344289.0,1.0
counterfactual,376,76,1,Chongqing Municipality,-1.236112733258233,29344289.0,29344289.0,1.0
counterfactual,377,76,2,Chongqing Municipality,0.11252109266935616,29344289.0,29344289.0,1.0
counterfactual,378,76,3,Chongqing Municipality,-0.43717917714917126,29344289.0,29344289.0,1.0
counterfactual,379,76,4,Chongqing Municipality,0.16685504190056835,29344289.0,29344289.0,1.0
counterfactual,380,76,5,Chongqing Municipality,-0.129118131605315,29344289.0,29344289.0,1.0
counterfactual,381,77,1,Chongqing Municipality,0.1182400326223356,29344289.0,29344289.0,1.0
counterfactual,382,77,2,Chongqing Municipality,-0.2025180334031077,29344289.0,29344289.0,1.0
counterfactual,383,77,3,Chongqing Municipality,0.4499727435908623,29344289.0,29344289.0,1.0
counterfactual,384,77,4,Chongqing Municipality,0.24899239229076722,29344289.0,29344289.0,1.0
counterfactual,385,77,5,Chongqing Municipality,0.7461505293427302,29344289.0,29344289.0,1.0
counterfactual,386,78,1,Chongqing Municipality,-0.2884032198912016,29344289.0,29344289.0,1.0
counterfactual,387,78,2,Chongqing Municipality,-0.027047253889598628,29344289.0,29344289.0,1.0
counterfactual,388,78,3,Chongqing Municipality,0.04453314106626115,29344289.0,29344289.0,1.0
counterfactual,389,78,4,Chongqing Municipality,0.23746140345314226,29344289.0,29344289.0,1.0
counterfactual,390,78,5,Chongqing Municipality,-0.17960625593227234,29344289.0,29344289.0,1.0
counterfactual,391,79,1,Chongqing Municipality,1.4972248749465917,29344289.0,29344289.0,1.0
counterfactual,392,79,2,Chongqing Municipality,-0.4748917201670598,29344289.0,29344289.0,1.0
counterfactual,393,79,3,Chongqing Municipality,-0.3175740669373337,29344289.0,29344289.0,1.0
counterfactual,394,79,4,Chongqing Municipality,0.05846156309940035,29344289.0,29344289.0,1.0
counterfactual,395,79,5,Chongqing Municipality,0.5204021488659706,29344289.0,29344289.0,1.0
counterfactual,396,80,1,Chongqing Municipality,-0.3202674174748304,29344289.0,29344289.0,1.0
counterfactual,397,80,2,Chongqing Municipality,-0.5795210476116972,29344289.0,29344289.0,1.0
counterfactual,398,80,3,Chongqing Municipality,-0.19189202379462314,29344289.0,29344289.0,1.0
counterfactual,399,80,4,Chongqing Municipality,-0.3211415174703197,29344289.0,29344289.0,1.0
counterfactual,400,80,5,Chongqing Municipality,-0.5678872902190563,29344289.0,29344289.0,1.0
counterfactual,401,81,1,Chongqing Municipality,0.19837592233929366,29344289.0,29344289.0,1.0
counterfactual,402,81,2,Chongqing Municipality,0.47041280159264104,29344289.0,29344289.0,1.0
counterfactual,403,81,3,Chongqing Municipality,-0.1265528630011698,29344289.0,29344289.0,1.0
counterfactual,404,81,4,Chongqing Municipality,0.10137976588203423,29344289.0,29344289.0,1.0
counterfactual,405,81,5,Chongqing Municipality,0.18270046052568945,29344289.0,29344289.0,1.0
counterfactual,406,82,1,Chongqing Municipality,-0.8629748839927706,29344289.0,29344289.0,1.0
counterfactual,407,82,2,Chongqing Municipality,-0.09440642077011194,29344289.0,29344289.0,1.0
counterfactual,408,82,3,Chongqing Municipality,-0.6525212918382046,29344289.0,29344289.0,1.0
counterfactual,409,82,4,Chongqing Municipality,-0.0239911641805941,29344289.0,29344289.0,1.0
counterfactual,410,82,5,Chongqing Municipality,0.04855320393656558,29344289.0,29344289.0,1.0
counterfactual,411,83,1,Chongqing Municipality,-0.6351842459883931,29344289.0,29344289.0,1.0
counterfactual,412,83,2,Chongqing Municipality,0.7285536914605172,29344289.0,29344289.0,1.0
counterfactual,413,83,3,Chongqing Municipality,0.017877143316162032,29344289.0,29344289.0,1.0
counterfactual,414,83,4,Chongqing Municipality,-0.4146428699528679,29344289.0,29344289.0,1.0
counterfactual,415,83,5,Chongqing Municipality,-0.16892535620148252,29344289.0,29344289.0,1.0
counterfactual,416,84,1,Chongqing Municipality,1.7768505408151514,29344289.0,29344289.0,1.0
counterfactual,417,84,2,Chongqing Municipality,-0.9841446816252347,29344289.0,29344289.0,1.0
counterfactual,418,84,3,Chongqing Municipality,-0.17794245988494709,29344289.0,29344289.0,1.0
counterfactual,419,84,4,Chongqing Municipality,0.028678165603417988,29344289.0,29344289.0,1.0
counterfactual,420,84,5,Chongqing Municipality,-1.1936936804091824,29344289.0,29344289.0,1.0
counterfactual,421,85,1,Chongqing Municipality,0.5615864939012328,29344289.0,29344289.0,1.0
counterfactual,422,85,2,Chongqing Municipality,-0.8321846481960976,29344289.0,29344289.0,1.0
counterfactual,423,85,3,Chongqing Municipality,0.47275579089567904,29344289.0,29344289.0,1.0
counterfactual,424,85,4,Chongqing Municipality,0.19525613235755676,29344289.0,29344289.0,1.0
counterfactual,425,85,5,Chongqing Municipality,0.4667563257335645,29344289.0,29344289.0,1.0
counterfactual,426,86,1,Chongqing Municipality,1.1475146201475763,29344289.0,29344289.0,1.0
counterfactual,427,86,2,Chongqing Municipality,-0.2565734489229609,29344289.0,29344289.0,1.0
counterfactual,428,86,3,Chongqing Municipality,0.5817975197969479,29344289.0,29344289.0,1.0
counterfactual,429,86,4,Chongqing Municipality,0.6568220839767523,29344289.0,29344289.0,1.0
counterfactual,430,86,5,Chongqing Municipality,0.5458734101423897,29344289.0,29344289.0,1.0
counterfactual,431,87,1,Chongqing Municipality,-0.11972893868520346,29344289.0,29344289.0,1.0
counterfactual,432,87,2,Chongqing Municipality,-1.1159605182896213,29344289.0,29344289.0,1.0
counterfactual,433,87,3,Chongqing Municipality,-0.04669527902861801,29344289.0,29344289.0,1.0
counterfactual,434,87,4,Chongqing Municipality,-0.7897323444599819,29344289.0,29344289.0,1.0
counterfactual,435,87,5,Chongqing Municipality,0.32251692142004296,29344289.0,29344289.0,1.0
counterfactual,436,88,1,Chongqing Municipality,-0.23465592329286739,29344289.0,29344289.0,1.0
counterfactual,437,88,2,Chongqing Municipality,-0.2984138378196019,29344289.0,29344289.0,1.0
counterfactual,438,88,3,Chongqing Municipality,-0.0462412585794777,29344289.0,29344289.0,1.0
counterfactual,439,88,4,Chongqing Municipality,-0.005009469746819224,29344289.0,29344289.0,1.0
counterfactual,440,88,5,Chongqing Municipality,-0.706866896795977,29344289.0,29344289.0,1.0
counterfactual,441,89,1,Chongqing Municipality,0.32603219912426196,29344289.0,29344289.0,1.0
counterfactual,442,89,2,Chongqing Municipality,-0.3635126695554576,29344289.0,29344289.0,1.0
counterfactual,443,89,3,Chongqing Municipality,0.06523052642408027,29344289.0,29344289.0,1.0
counterfactual,444,89,4,Chongqing Municipality,-0.6206016804235427,29344289.0,29344289.0,1.0
counterfactual,445,89,5,Chongqing Municipality,-0.08633962686534001,29344289.0,29344289.0,1.0
counterfactual,446,90,1,Chongqing Municipality,0.5101576102440607,29344289.0,29344289.0,1.0
counterfactual,447,90,2,Chongqing Municipality,0.18448598731060006,29344289.0,29344289.0,1.0
counterfactual,448,90,3,Chongqing Municipality,-0.2974268699215698,29344289.0,29344289.0,1.0
counterfactual,449,90,4,Chongqing Municipality,0.21160582640523298,29344289.0,29344289.0,1.0
counterfactual,450,90,5,Chongqing Municipality,-1.0530178078002859,29344289.0,29344289.0,1.0
counterfactual,451,91,1,Chongqing Municipality,-0.8555018139078401,29344289.0,29344289.0,1.0
counterfactual,452,91,2,Chongqing Municipality,-0.3892004197807244,29344289.0,29344289.0,1.0
counterfactual,453,91,3,Chongqing Municipality,1.0220918778660413,29344289.0,29344289.0,1.0
counterfactual,454,91,4,Chongqing Municipality,-0.9128065316093061,29344289.0,29344289.0,1.0
counterfactual,455,91,5,Chongqing Municipality,0.4326163546058155,29344289.0,29344289.0,1.0
counterfactual,456,92,1,Chongqing Municipality,0.3587852303839901,29344289.0,29344289.0,1.0
counterfactual,457,92,2,Chongqing Municipality,0.2746851758128002,29344289.0,29344289.0,1.0
counterfactual,458,92,3,Chongqing Municipality,-0.2012466294889458,29344289.0,29344289.0,1.0
counterfactual,459,92,4,Chongqing Municipality,0.9712351400211487,29344289.0,29344289.0,1.0
counterfactual,460,92,5,Chongqing Municipality,-1.1923141920735203,29344289.0,29344289.0,1.0
counterfactual,461,93,1,Chongqing Municipality,-0.0752741162150007,29344289.0,29344289.0,1.0
counterfactual,462,93,2,Chongqing Municipality,-0.564740409777836,29344289.0,29344289.0,1.0
counterfactual,463,93,3,Chongqing Municipality,0.3534653516832493,29344289.0,29344289.0,1.0
counterfactual,464,93,4,Chongqing Municipality,-0.27092391868482346,29344289.0,29344289.0,1.0
counterfactual,465,93,5,Chongqing Municipality,0.1112178326505156,29344289.0,29344289.0,1.0
counterfactual,466,94,1,Chongqing Municipality,0.11620041608132216,29344289.0,29344289.0,1.0
counterfactual,467,94,2,Chongqing Municipality,0.17759199774633733,29344289.0,29344289.0,1.0
counterfactual,468,94,3,Chongqing Municipality,-0.2746171071416182,29344289.0,29344289.0,1.0
counterfactual,469,94,4,Chongqing Municipality,-0.15165320057825335,29344289.0,29344289.0,1.0
counterfactual,470,94,5,Chongqing Municipality,0.2835308131228865,29344289.0,29344289.0,1.0
counterfactual,471,95,1,Chongqing Municipality,0.18811870907876088,29344289.0,29344289.0,1.0
counterfactual,472,95,2,Chongqing Municipality,0.33056242955233117,29344289.0,29344289.0,1.0
counterfactual,473,95,3,Chongqing Municipality,-0.9215249535664094,29344289.0,29344289.0,1.0
counterfactual,474,95,4,Chongqing Municipality,0.12731388605573343,29344289.0,29344289.0,1.0
counterfactual,475,95,5,Chongqing Municipality,0.8855556439304714,29344289.0,29344289.0,1.0
counterfactual,476,96,1,Chongqing Municipality,0.03448110204785451,29344289.0,29344289.0,1.0
counterfactual,477,96,2,Chongqing Municipality,-1.169257558739003,29344289.0,29344289.0,1.0
counterfactual,478,96,3,Chongqing Municipality,0.1898716101909409,29344289.0,29344289.0,1.0
counterfactual,479,96,4,Chongqing Municipality,-0.38205573022791994,29344289.0,29344289.0,1.0
counterfactual,480,96,5,Chongqing Municipality,-0.841832713552106,29344289.0,29344289.0,1.0
counterfactual,481,97,1,Chongqing Municipality,-0.4977375032244999,29344289.0,29344289.0,1.0
counterfactual,482,97,2,Chongqing Municipality,0.46119229390368616,29344289.0,29344289.0,1.0
counterfactual,483,97,3,Chongqing Municipality,-0.15504640450689633,29344289.0,29344289.0,1.0
counterfactual,484,97,4,Chongqing Municipality,0.355562325188453,29344289.0,29344289.0,1.0
counterfactual,485,97,5,Chongqing Municipality,-1.2355563428178211,29344289.0,29344289.0,1.0
counterfactual,486,98,1,Chongqing Municipality,-0.4127297208206561,29344289.0,29344289.0,1.0
counterfactual,487,98,2,Chongqing Municipality,-0.7846604970782742,29344289.0,29344289.0,1.0
counterfactual,488,98,3,Chongqing Municipality,-0.2760399221318913,29344289.0,29344289.0,1.0
counterfactual,489,98,4,Chongqing Municipality,0.3396687583069512,29344289.0,29344289.0,1.0
counterfactual,490,98,5,Chongqing Municipality,-0.8419001603823477,29344289.0,29344289.0,1.0
counterfactual,491,99,1,Chongqing Municipality,0.5974671942731179,29344289.0,29344289.0,1.0
counterfactual,492,99,2,Chongqing Municipality,0.4295375840579699,29344289.0,29344289.0,1.0
counterfactual,493,99,3,Chongqing Municipality,0.04796302385933471,29344289.0,29344289.0,1.0
counterfactual,494,99,4,Chongqing Municipality,-0.31167642266362466,29344289.0,29344289.0,1.0
counterfactual,495,99,5,Chongqing Municipality,0.04825281068949506,29344289.0,29344289.0,1.0
counterfactual,496,100,1,Chongqing Municipality,0.692680881552804,29344289.0,29344289.0,1.0
counterfactual,497,100,2,Chongqing Municipality,-0.7329952305710778,29344289.0,29344289.0,1.0
counterfactual,498,100,3,Chongqing Municipality,-0.2767665611699097,29344289.0,29344289.0,1.0
counterfactual,499,100,4,Chongqing Municipality,-1.0321733998585596,29344289.0,29344289.0,1.0
counterfactual,500,100,5,Chongqing Municipality,0.2736728935061793,29344289.0,29344289.0,1.0
counterfactual,501,101,1,Chongqing Municipality,0.05769920150481227,29344289.0,29344289.0,1.0
counterfactual,502,101,2,Chongqing Municipality,-0.4992066527727983,29344289.0,29344289.0,1.0
counterfactual,503,101,3,Chongqing Municipality,-0.40457199455987775,29344289.0,29344289.0,1.0
counterfactual,504,101,4,Chongqing Municipality,0.6814842521049831,29344289.0,29344289.0,1.0
counterfactual,505,101,5,Chongqing Municipality,-0.24704441369493077,29344289.0,29344289.0,1.0
counterfactual,506,102,1,Chongqing Municipality,-0.5035246070856456,29344289.0,29344289.0,1.0
counterfactual,507,102,2,Chongqing Municipality,0.020457240237486827,29344289.0,29344289.0,1.0
counterfactual,508,102,3,Chongqing Municipality,0.5570061653514533,29344289.0,29344289.0,1.0
counterfactual,509,102,4,Chongqing Municipality,-0.24520368138688994,29344289.0,29344289.0,1.0
counterfactual,510,102,5,Chongqing Municipality,0.7055978599609015,29344289.0,29344289.0,1.0
counterfactual,511,103,1,Chongqing Municipality,0.6767948356183101,29344289.0,29344289.0,1.0
counterfactual,512,103,2,Chongqing Municipality,-1.1188689398709952,29344289.0,29344289.0,1.0
counterfactual,513,103,3,Chongqing Municipality,0.20228051660492996,29344289.0,29344289.0,1.0
counterfactual,514,103,4,Chongqing Municipality,0.1758967483771306,29344289.0,29344289.0,1.0
counterfactual,515,103,5,Chongqing Municipality,0.1108187175123989,29344289.0,29344289.0,1.0
counterfactual,516,104,1,Chongqing Municipality,0.14647728878962102,29344289.0,29344289.0,1.0
counterfactual,517,104,2,Chongqing Municipality,1.0305085148893527,29344289.0,29344289.0,1.0
counterfactual,518,104,3,Chongqing Municipality,0.17445863045706098,29344289.0,29344289.0,1.0
counterfactual,519,104,4,Chongqing Municipality,-0.7231217173827331,29344289.0,29344289.0,1.0
counterfactual,520,104,5,Chongqing Municipality,-0.016254597867497937,29344289.0,29344289.0,1.0
counterfactual,521,105,1,Chongqing Municipality,-1.1417073333857641,29344289.0,29344289.0,1.0
counterfactual,522,105,2,Chongqing Municipality,0.12017692683450688,29344289.0,29344289.0,1.0
counterfactual,523,105,3,Chongqing Municipality,0.7777695446566784,29344289.0,29344289.0,1.0
counterfactual,524,105,4,Chongqing Municipality,-0.03760567926424054,29344289.0,29344289.0,1.0
counterfactual,525,105,5,Chongqing Municipality,0.023183340795608628,29344289.0,29344289.0,1.0
counterfactual,1,1,1,Hubei Province,-0.5605013500840502,64013858.0,64013858.0,1.0
counterfactual,2,1,2,Hubei Province,-0.37687724518338933,64013858.0,64013858.0,1.0
counterfactual,3,1,3,Hubei Province,0.3719600980026357,64013858.0,64013858.0,1.0
counterfactual,4,1,4,Hubei Province,0.07208520721394762,64013858.0,64013858.0,1.0
counterfactual,5,1,5,Hubei Province,-0.0006640331678039092,64013858.0,64013858.0,1.0
counterfactual,6,2,1,Hubei Province,0.5591188387724662,64013858.0,64013858.0,1.0
counterfactual,7,2,2,Hubei Province,0.15233515015259205,64013858.0,64013858.0,1.0
counterfactual,8,2,3,Hubei Province,-0.05552369445951464,64013858.0,64013858.0,1.0
counterfactual,9,2,4,Hubei Province,0.5810173997978432,64013858.0,64013858.0,1.0
counterfactual,10,2,5,Hubei Province,0.380064639437831,64013858.0,64013858.0,1.0
counterfactual,11,3,1,Hubei Province,-0.60058776499243,64013858.0,64013858.0,1.0
counterfactual,12,3,2,Hubei Province,-0.7800469966044586,64013858.0,64013858.0,1.0
counterfactual,13,3,3,Hubei Province,1.1213034484126205,64013858.0,64013858.0,1.0
counterfactual,14,3,4,Hubei Province,-0.8317419517282406,64013858.0,64013858.0,1.0
counterfactual,15,3,5,Hubei Province,-0.6029388412073767,64013858.0,64013858.0,1.0
counterfactual,16,4,1,Hubei Province,-0.3109863731914626,64013858.0,64013858.0,1.0
counterfactual,17,4,2,Hubei Province,-0.1319075906778283,64013858.0,64013858.0,1.0
counterfactual,18,4,3,Hubei Province,-0.4324434700378529,64013858.0,64013858.0,1.0
counterfactual,19,4,4,Hubei Province,0.6341835011766003,64013858.0,64013858.0,1.0
counterfactual,20,4,5,Hubei Province,-0.04681288600032984,64013858.0,64013858.0,1.0
counterfactual,21,5,1,Hubei Province,-0.12693757634393038,64013858.0,64013858.0,1.0
counterfactual,22,5,2,Hubei Province,0.7650031122853124,64013858.0,64013858.0,1.0
counterfactual,23,5,3,Hubei Province,0.8219531433213928,64013858.0,64013858.0,1.0
counterfactual,24,5,4,Hubei Province,0.36492103014487154,64013858.0,64013858.0,1.0
counterfactual,25,5,5,Hubei Province,0.00608463517360757,64013858.0,64013858.0,1.0
counterfactual,26,6,1,Hubei Province,0.36131509212321034,64013858.0,64013858.0,1.0
counterfactual,27,6,2,Hubei Province,-0.10482323130522758,64013858.0,64013858.0,1.0
counterfactual,28,6,3,Hubei Province,-0.23416123597972283,64013858.0,64013858.0,1.0
counterfactual,29,6,4,Hubei Province,-0.1310406102472802,64013858.0,64013858.0,1.0
counterfactual,30,6,5,Hubei Province,-0.631647931515637,64013858.0,64013858.0,1.0
counterfactual,31,7,1,Hubei Province,0.3119250441291668,64013858.0,64013858.0,1.0
counterfactual,32,7,2,Hubei Province,0.41413460823561193,64013858.0,64013858.0,1.0
counterfactual,33,7,3,Hubei Province,-1.2036984140026605,64013858.0,64013858.0,1.0
counterfactual,34,7,4,Hubei Province,0.39719660986459926,64013858.0,64013858.0,1.0
counterfactual,35,7,5,Hubei Province,-0.6536464739773372,64013858.0,64013858.0,1.0
counterfactual,36,8,1,Hubei Province,0.18118156010239417,64013858.0,64013858.0,1.0
counterfactual,37,8,2,Hubei Province,0.36258788078886295,64013858.0,64013858.0,1.0
counterfactual,38,8,3,Hubei Province,0.4169698848732197,64013858.0,64013858.0,1.0
counterfactual,39,8,4,Hubei Province,-0.26913633542121584,64013858.0,64013858.0,1.0
counterfactual,40,8,5,Hubei Province,-0.6457729081287258,64013858.0,64013858.0,1.0
counterfactual,41,9,1,Hubei Province,-1.0646368420124812,64013858.0,64013858.0,1.0
counterfactual,42,9,2,Hubei Province,0.6282488007723516,64013858.0,64013858.0,1.0
counterfactual,43,9,3,Hubei Province,0.9485752220181727,64013858.0,64013858.0,1.0
counterfactual,44,9,4,Hubei Province,0.5053769733388772,64013858.0,64013858.0,1.0
counterfactual,45,9,5,Hubei Province,0.6639186311833979,64013858.0,64013858.0,1.0
counterfactual,46,10,1,Hubei Province,0.6720559140073004,64013858.0,64013858.0,1.0
counterfactual,47,10,2,Hubei Province,0.8038500431287257,64013858.0,64013858.0,1.0
counterfactual,48,10,3,Hubei Province,-0.5068751571692276,64013858.0,64013858.0,1.0
counterfactual,49,10,4,Hubei Province,-1.0276204475725532,64013858.0,64013858.0,1.0
counterfactual,50,10,5,Hubei Province,-0.2595661891142003,64013858.0,64013858.0,1.0
counterfactual,51,11,1,Hubei Province,0.3900020077278705,64013858.0,64013858.0,1.0
counterfactual,52,11,2,Hubei Province,0.9186917931515235,64013858.0,64013858.0,1.0
counterfactual,53,11,3,Hubei Province,0.6236912408889499,64013858.0,64013858.0,1.0
counterfactual,54,11,4,Hubei Province,0.3264002228312584,64013858.0,64013858.0,1.0
counterfactual,55,11,5,Hubei Province,-0.34098819134668856,64013858.0,64013858.0,1.0
counterfactual,56,12,1,Hubei Province,0.7200755698889177,64013858.0,64013858.0,1.0
counterfactual,57,12,2,Hubei Province,0.6151741676124362,64013858.0,64013858.0,1.0
counterfactual,58,12,3,Hubei Province,-0.232932861805888,64013858.0,64013858.0,1.0
counterfactual,59,12,4,Hubei Province,-0.28730582202029453,64013858.0,64013858.0,1.0
counterfactual,60,12,5,Hubei Province,0.5286376203781408,64013858.0,64013858.0,1.0
counterfactual,61,13,1,Hubei Province,0.2523625138905566,64013858.0,64013858.0,1.0
counterfactual,62,13,2,Hubei Province,-0.18603577323285117,64013858.0,64013858.0,1.0
counterfactual,63,13,3,Hubei Province,-0.12944831259462508,64013858.0,64013858.0,1.0
counterfactual,64,13,4,Hubei Province,0.30335644127494543,64013858.0,64013858.0,1.0
counterfactual,65,13,5,Hubei Province,-0.4077875503472304,64013858.0,64013858.0,1.0
counterfactual,66,14,1,Hubei Province,0.07888649905205745,64013858.0,64013858.0,1.0
counterfactual,67,14,2,Hubei Province,-0.05335899652658117,64013858.0,64013858.0,1.0
counterfactual,68,14,3,Hubei Province,0.7773314535698006,64013858.0,64013858.0,1.0
counterfactual,69,14,4,Hubei Province,-0.3277977897213064,64013858.0,64013858.0,1.0
counterfactual,70,14,5,Hubei Province,0.3307209538883213,64013858.0,64013858.0,1.0
counterfactual,71,15,1,Hubei Province,-0.011118572214241576,64013858.0,64013858.0,1.0
counterfactual,72,15,2,Hubei Province,0.0036012429294702882,64013858.0,64013858.0,1.0
counterfactual,73,15,3,Hubei Province,-0.8704527387772827,64013858.0,64013858.0,1.0
counterfactual,74,15,4,Hubei Province,0.4529544171081155,64013858.0,64013858.0,1.0
counterfactual,75,15,5,Hubei Province,-0.8788312357281566,64013858.0,64013858.0,1.0
counterfactual,76,16,1,Hubei Province,-0.1229588237186336,64013858.0,64013858.0,1.0
counterfactual,77,16,2,Hubei Province,0.3429024717210427,64013858.0,64013858.0,1.0
counterfactual,78,16,3,Hubei Province,0.8913132568525606,64013858.0,64013858.0,1.0
counterfactual,79,16,4,Hubei Province,0.23661746308342835,64013858.0,64013858.0,1.0
counterfactual,80,16,5,Hubei Province,0.8029741082478106,64013858.0,64013858.0,1.0
counterfactual,81,17,1,Hubei Province,-0.2642690950041285,64013858.0,64013858.0,1.0
counterfactual,82,17,2,Hubei Province,-0.2330602810558969,64013858.0,64013858.0,1.0
counterfactual,83,17,3,Hubei Province,0.8941269984854999,64013858.0,64013858.0,1.0
counterfactual,84,17,4,Hubei Province,-0.21635436519507,64013858.0,64013858.0,1.0
counterfactual,85,17,5,Hubei Province,-0.19937436693716906,64013858.0,64013858.0,1.0
counterfactual,86,18,1,Hubei Province,0.4901433420251281,64013858.0,64013858.0,1.0
counterfactual,87,18,2,Hubei Province,-0.5030498460278071,64013858.0,64013858.0,1.0
counterfactual,88,18,3,Hubei Province,0.023567271859139302,64013858.0,64013858.0,1.0
counterfactual,89,18,4,Hubei Province,-0.3794760372704532,64013858.0,64013858.0,1.0
counterfactual,90,18,5,Hubei Province,0.3528120635273719,64013858.0,64013858.0,1.0
counterfactual,91,19,1,Hubei Province,0.42393144331155025,64013858.0,64013858.0,1.0
counterfactual,92,19,2,Hubei Province,-0.28247342031834166,64013858.0,64013858.0,1.0
counterfactual,93,19,3,Hubei Province,0.7745738388867044,64013858.0,64013858.0,1.0
counterfactual,94,19,4,Hubei Province,0.5832491930151582,64013858.0,64013858.0,1.0
counterfactual,95,19,5,Hubei Province,0.08926081998252304,64013858.0,64013858.0,1.0
counterfactual,96,20,1,Hubei Province,0.039868143847772326,64013858.0,64013858.0,1.0
counterfactual,97,20,2,Hubei Province,-0.6962257105372903,64013858.0,64013858.0,1.0
counterfactual,98,20,3,Hubei Province,0.5614178657279024,64013858.0,64013858.0,1.0
counterfactual,99,20,4,Hubei Province,-1.088702029873871,64013858.0,64013858.0,1.0
counterfactual,100,20,5,Hubei Province,-0.08518424977836885,64013858.0,64013858.0,1.0
counterfactual,101,21,1,Hubei Province,-0.025386279968838233,64013858.0,64013858.0,1.0
counterfactual,102,21,2,Hubei Province,-0.04418564021274293,64013858.0,64013858.0,1.0
counterfactual,103,21,3,Hubei Province,0.7414425626703655,64013858.0,64013858.0,1.0
counterfactual,104,21,4,Hubei Province,0.3479461117347442,64013858.0,64013858.0,1.0
counterfactual,105,21,5,Hubei Province,-0.36282733793495137,64013858.0,64013858.0,1.0
counterfactual,106,22,1,Hubei Province,0.8241568183674002,64013858.0,64013858.0,1.0
counterfactual,107,22,2,Hubei Province,0.13208565653768817,64013858.0,64013858.0,1.0
counterfactual,108,22,3,Hubei Province,0.5674160112410288,64013858.0,64013858.0,1.0
counterfactual,109,22,4,Hubei Province,-0.1552805154299128,64013858.0,64013858.0,1.0
counterfactual,110,22,5,Hubei Province,-0.26267706753677833,64013858.0,64013858.0,1.0
counterfactual,111,23,1,Hubei Province,-0.04793037514170495,64013858.0,64013858.0,1.0
counterfactual,112,23,2,Hubei Province,0.9212519060946266,64013858.0,64013858.0,1.0
counterfactual,113,23,3,Hubei Province,-0.2257822173382047,64013858.0,64013858.0,1.0
counterfactual,114,23,4,Hubei Province,-0.7336641697120211,64013858.0,64013858.0,1.0
counterfactual,115,23,5,Hubei Province,-0.3449373543888253,64013858.0,64013858.0,1.0
counterfactual,116,24,1,Hubei Province,0.2026935456409975,64013858.0,64013858.0,1.0
counterfactual,117,24,2,Hubei Province,0.006061768664162028,64013858.0,64013858.0,1.0
counterfactual,118,24,3,Hubei Province,0.6469045152516372,64013858.0,64013858.0,1.0
counterfactual,119,24,4,Hubei Province,1.1585720296427604,64013858.0,64013858.0,1.0
counterfactual,120,24,5,Hubei Province,-0.17817141851723728,64013858.0,64013858.0,1.0
counterfactual,121,25,1,Hubei Province,1.2035336931833516,64013858.0,64013858.0,1.0
counterfactual,122,25,2,Hubei Province,-0.5315531300069523,64013858.0,64013858.0,1.0
counterfactual,123,25,3,Hubei Province,-0.5865957529833241,64013858.0,64013858.0,1.0
counterfactual,124,25,4,Hubei Province,0.38812623554043757,64013858.0,64013858.0,1.0
counterfactual,125,25,5,Hubei Province,-0.19780929259048963,64013858.0,64013858.0,1.0
counterfactual,126,26,1,Hubei Province,-0.37131649931052685,64013858.0,64013858.0,1.0
counterfactual,127,26,2,Hubei Province,-0.5950931022413832,64013858.0,64013858.0,1.0
counterfactual,128,26,3,Hubei Province,-0.08805090539321646,64013858.0,64013858.0,1.0
counterfactual,129,26,4,Hubei Province,1.0979397692311055,64013858.0,64013858.0,1.0
counterfactual,130,26,5,Hubei Province,0.03257540952119364,64013858.0,64013858.0,1.0
counterfactual,131,27,1,Hubei Province,0.1208453711143589,64013858.0,64013858.0,1.0
counterfactual,132,27,2,Hubei Province,-0.7136970163506153,64013858.0,64013858.0,1.0
counterfactual,133,27,3,Hubei Province,0.347986068247188,64013858.0,64013858.0,1.0
counterfactual,134,27,4,Hubei Province,-0.4214700019347369,64013858.0,64013858.0,1.0
counterfactual,135,27,5,Hubei Province,0.34211930316225875,64013858.0,64013858.0,1.0
counterfactual,136,28,1,Hubei Province,-0.3947621942321732,64013858.0,64013858.0,1.0
counterfactual,137,28,2,Hubei Province,0.5350838744298971,64013858.0,64013858.0,1.0
counterfactual,138,28,3,Hubei Province,0.17920846923092074,64013858.0,64013858.0,1.0
counterfactual,139,28,4,Hubei Province,-0.6095222722380516,64013858.0,64013858.0,1.0
counterfactual,140,28,5,Hubei Province,0.31959069663052925,64013858.0,64013858.0,1.0
counterfactual,141,29,1,Hubei Province,-0.7616618814664416,64013858.0,64013858.0,1.0
counterfactual,142,29,2,Hubei Province,0.5451177052302051,64013858.0,64013858.0,1.0
counterfactual,143,29,3,Hubei Province,-1.1430964197818363,64013858.0,64013858.0,1.0
counterfactual,144,29,4,Hubei Province,-0.08328945853816694,64013858.0,64013858.0,1.0
counterfactual,145,29,5,Hubei Province,0.12306380834172984,64013858.0,64013858.0,1.0
counterfactual,146,30,1,Hubei Province,-0.07580701950773584,64013858.0,64013858.0,1.0
counterfactual,147,30,2,Hubei Province,0.6632067796691218,64013858.0,64013858.0,1.0
counterfactual,148,30,3,Hubei Province,1.1706388290181888,64013858.0,64013858.0,1.0
counterfactual,149,30,4,Hubei Province,-0.43512596481979904,64013858.0,64013858.0,1.0
counterfactual,150,30,5,Hubei Province,0.6431530513442494,64013858.0,64013858.0,1.0
counterfactual,151,31,1,Hubei Province,-0.8455566229022493,64013858.0,64013858.0,1.0
counterfactual,152,31,2,Hubei Province,0.9607101398648646,64013858.0,64013858.0,1.0
counterfactual,153,31,3,Hubei Province,-0.6889304636138238,64013858.0,64013858.0,1.0
counterfactual,154,31,4,Hubei Province,-0.618492809896321,64013858.0,64013858.0,1.0
counterfactual,155,31,5,Hubei Province,0.48719450611530546,64013858.0,64013858.0,1.0
counterfactual,156,32,1,Hubei Province,0.3446431012286166,64013858.0,64013858.0,1.0
counterfactual,157,32,2,Hubei Province,0.3635036428461648,64013858.0,64013858.0,1.0
counterfactual,158,32,3,Hubei Province,-0.4572989243542318,64013858.0,64013858.0,1.0
counterfactual,159,32,4,Hubei Province,0.10115471691393367,64013858.0,64013858.0,1.0
counterfactual,160,32,5,Hubei Province,-0.7535088421652241,64013858.0,64013858.0,1.0
counterfactual,161,33,1,Hubei Province,-1.4513051405520239,64013858.0,64013858.0,1.0
counterfactual,162,33,2,Hubei Province,-0.03927495242719404,64013858.0,64013858.0,1.0
counterfactual,163,33,3,Hubei Province,-0.8576587704737267,64013858.0,64013858.0,1.0
counterfactual,164,33,4,Hubei Province,0.8961457425794395,64013858.0,64013858.0,1.0
counterfactual,165,33,5,Hubei Province,0.09228669495843826,64013858.0,64013858.0,1.0
counterfactual,166,34,1,Hubei Province,0.6600941674443261,64013858.0,64013858.0,1.0
counterfactual,167,34,2,Hubei Province,0.8694037206488605,64013858.0,64013858.0,1.0
counterfactual,168,34,3,Hubei Province,0.4290671860188797,64013858.0,64013858.0,1.0
counterfactual,169,34,4,Hubei Province,-0.3998308118942043,64013858.0,64013858.0,1.0
counterfactual,170,34,5,Hubei Province,0.29725765787140246,64013858.0,64013858.0,1.0
counterfactual,171,35,1,Hubei Province,0.272908454737926,64013858.0,64013858.0,1.0
counterfactual,172,35,2,Hubei Province,0.462972085877656,64013858.0,64013858.0,1.0
counterfactual,173,35,3,Hubei Province,0.1095613279102638,64013858.0,64013858.0,1.0
counterfactual,174,35,4,Hubei Province,1.2848689165259917,64013858.0,64013858.0,1.0
counterfactual,175,35,5,Hubei Province,0.17149846218999718,64013858.0,64013858.0,1.0
counterfactual,176,36,1,Hubei Province,0.8896386456989714,64013858.0,64013858.0,1.0
counterfactual,177,36,2,Hubei Province,0.6736234198204559,64013858.0,64013858.0,1.0
counterfactual,178,36,3,Hubei Province,-0.3419043047531265,64013858.0,64013858.0,1.0
counterfactual,179,36,4,Hubei Province,0.7999214350993231,64013858.0,64013858.0,1.0
counterfactual,180,36,5,Hubei Province,-0.07084455862189018,64013858.0,64013858.0,1.0
counterfactual,181,37,1,Hubei Province,-0.44510108305269425,64013858.0,64013858.0,1.0
counterfactual,182,37,2,Hubei Province,-0.10614542676064274,64013858.0,64013858.0,1.0
counterfactual,183,37,3,Hubei Province,0.06778968849367051,64013858.0,64013858.0,1.0
counterfactual,184,37,4,Hubei Province,-0.6429379482761483,64013858.0,64013858.0,1.0
counterfactual,185,37,5,Hubei Province,-1.0599866198589603,64013858.0,64013858.0,1.0
counterfactual,186,38,1,Hubei Province,-0.027633471716654735,64013858.0,64013858.0,1.0
counterfactual,187,38,2,Hubei Province,0.21213966163029024,64013858.0,64013858.0,1.0
counterfactual,188,38,3,Hubei Province,0.3033694671977204,64013858.0,64013858.0,1.0
counterfactual,189,38,4,Hubei Province,0.2234617472084995,64013858.0,64013858.0,1.0
counterfactual,190,38,5,Hubei Province,-0.7496127649345306,64013858.0,64013858.0,1.0
counterfactual,191,39,1,Hubei Province,-0.19994180528100852,64013858.0,64013858.0,1.0
counterfactual,192,39,2,Hubei Province,0.4353312722346754,64013858.0,64013858.0,1.0
counterfactual,193,39,3,Hubei Province,0.519854839353312,64013858.0,64013858.0,1.0
counterfactual,194,39,4,Hubei Province,-0.618476864203105,64013858.0,64013858.0,1.0
counterfactual,195,39,5,Hubei Province,0.9528159159114157,64013858.0,64013858.0,1.0
counterfactual,196,40,1,Hubei Province,0.061179564743904936,64013858.0,64013858.0,1.0
counterfactual,197,40,2,Hubei Province,-0.10837207454346111,64013858.0,64013858.0,1.0
counterfactual,198,40,3,Hubei Province,0.565332991102127,64013858.0,64013858.0,1.0
counterfactual,199,40,4,Hubei Province,0.23824872024177465,64013858.0,64013858.0,1.0
counterfactual,200,40,5,Hubei Province,0.4527469623753001,64013858.0,64013858.0,1.0
counterfactual,201,41,1,Hubei Province,0.5755706577708339,64013858.0,64013858.0,1.0
counterfactual,202,41,2,Hubei Province,0.3136068952505445,64013858.0,64013858.0,1.0
counterfactual,203,41,3,Hubei Province,0.6323065282549705,64013858.0,64013858.0,1.0
counterfactual,204,41,4,Hubei Province,-0.40940088363775967,64013858.0,64013858.0,1.0
counterfactual,205,41,5,Hubei Province,-0.08425678646103099,64013858.0,64013858.0,1.0
counterfactual,206,42,1,Hubei Province,-0.08416016856237163,64013858.0,64013858.0,1.0
counterfactual,207,42,2,Hubei Province,0.7166084658199084,64013858.0,64013858.0,1.0
counterfactual,208,42,3,Hubei Province,-0.3950713775377145,64013858.0,64013858.0,1.0
counterfactual,209,42,4,Hubei Province,1.2821205898376953,64013858.0,64013858.0,1.0
counterfactual,210,42,5,Hubei Province,0.20780360102835096,64013858.0,64013858.0,1.0
counterfactual,211,43,1,Hubei Province,0.14832227478879584,64013858.0,64013858.0,1.0
counterfactual,212,43,2,Hubei Province,0.8644855027735526,64013858.0,64013858.0,1.0
counterfactual,213,43,3,Hubei Province,-0.3587891658012445,64013858.0,64013858.0,1.0
counterfactual,214,43,4,Hubei Province,0.47583064664359315,64013858.0,64013858.0,1.0
counterfactual,215,43,5,Hubei Province,-0.11087694199793093,64013858.0,64013858.0,1.0
counterfactual,216,44,1,Hubei Province,0.08592407324057154,64013858.0,64013858.0,1.0
counterfactual,217,44,2,Hubei Province,1.07886803903612,64013858.0,64013858.0,1.0
counterfactual,218,44,3,Hubei Province,-0.359105504576371,64013858.0,64013858.0,1.0
counterfactual,219,44,4,Hubei Province,-0.5757143345999353,64013858.0,64013858.0,1.0
counterfactual,220,44,5,Hubei Province,-0.37467993160995805,64013858.0,64013858.0,1.0
counterfactual,221,45,1,Hubei Province,-0.6525679606563395,64013858.0,64013858.0,1.0
counterfactual,222,45,2,Hubei Province,0.20366846428774008,64013858.0,64013858.0,1.0
counterfactual,223,45,3,Hubei Province,-0.034384632009683044,64013858.0,64013858.0,1.0
counterfactual,224,45,4,Hubei Province,-0.12998059779072724,64013858.0,64013858.0,1.0
counterfactual,225,45,5,Hubei Province,-0.49482138152273625,64013858.0,64013858.0,1.0
counterfactual,226,46,1,Hubei Province,0.28573295507787494,64013858.0,64013858.0,1.0
counterfactual,227,46,2,Hubei Province,0.8793120285250279,64013858.0,64013858.0,1.0
counterfactual,228,46,3,Hubei Province,-0.6272088069351677,64013858.0,64013858.0,1.0
counterfactual,229,46,4,Hubei Province,1.197350138718686,64013858.0,64013858.0,1.0
counterfactual,230,46,5,Hubei Province,0.506557905060689,64013858.0,64013858.0,1.0
counterfactual,231,47,1,Hubei Province,-0.11101211819906372,64013858.0,64013858.0,1.0
counterfactual,232,47,2,Hubei Province,0.6130318021861502,64013858.0,64013858.0,1.0
counterfactual,233,47,3,Hubei Province,0.26259057137806474,64013858.0,64013858.0,1.0
counterfactual,234,47,4,Hubei Province,-0.48673132054945983,64013858.0,64013858.0,1.0
counterfactual,235,47,5,Hubei Province,-0.05150356585015288,64013858.0,64013858.0,1.0
counterfactual,236,48,1,Hubei Province,-0.10842070060984599,64013858.0,64013858.0,1.0
counterfactual,237,48,2,Hubei Province,0.9027946783517806,64013858.0,64013858.0,1.0
counterfactual,238,48,3,Hubei Province,0.4442862525110829,64013858.0,64013858.0,1.0
counterfactual,239,48,4,Hubei Province,-1.0862285130699658,64013858.0,64013858.0,1.0
counterfactual,240,48,5,Hubei Province,0.217478602197644,64013858.0,64013858.0,1.0
counterfactual,241,49,1,Hubei Province,0.8529490869114907,64013858.0,64013858.0,1.0
counterfactual,242,49,2,Hubei Province,-0.2938402113788505,64013858.0,64013858.0,1.0
counterfactual,243,49,3,Hubei Province,-0.09678882834604999,64013858.0,64013858.0,1.0
counterfactual,244,49,4,Hubei Province,-0.19009094237779361,64013858.0,64013858.0,1.0
counterfactual,245,49,5,Hubei Province,-0.3480582710627034,64013858.0,64013858.0,1.0
counterfactual,246,50,1,Hubei Province,-0.09677731222310948,64013858.0,64013858.0,1.0
counterfactual,247,50,2,Hubei Province,0.2375759127913,64013858.0,64013858.0,1.0
counterfactual,248,50,3,Hubei Province,0.7140949818164255,64013858.0,64013858.0,1.0
counterfactual,249,50,4,Hubei Province,0.38016307586971154,64013858.0,64013858.0,1.0
counterfactual,250,50,5,Hubei Province,-0.41640634909181423,64013858.0,64013858.0,1.0
counterfactual,251,51,1,Hubei Province,0.1856913709049641,64013858.0,64013858.0,1.0
counterfactual,252,51,2,Hubei Province,0.8541861161255438,64013858.0,64013858.0,1.0
counterfactual,253,51,3,Hubei Province,-0.033113108809372516,64013858.0,64013858.0,1.0
counterfactual,254,51,4,Hubei Province,-0.548063750735393,64013858.0,64013858.0,1.0
counterfactual,255,51,5,Hubei Province,0.00048631606688667825,64013858.0,64013858.0,1.0
counterfactual,256,52,1,Hubei Province,0.9456608143418089,64013858.0,64013858.0,1.0
counterfactual,257,52,2,Hubei Province,0.34119194708366674,64013858.0,64013858.0,1.0
counterfactual,258,52,3,Hubei Province,-0.3404149419835732,64013858.0,64013858.0,1.0
counterfactual,259,52,4,Hubei Province,-0.7916154705722475,64013858.0,64013858.0,1.0
counterfactual,260,52,5,Hubei Province,0.5727415235168855,64013858.0,64013858.0,1.0
counterfactual,261,53,1,Hubei Province,-0.9175109301460314,64013858.0,64013858.0,1.0
counterfactual,262,53,2,Hubei Province,-0.10178021349380995,64013858.0,64013858.0,1.0
counterfactual,263,53,3,Hubei Province,0.7121640854857962,64013858.0,64013858.0,1.0
counterfactual,264,53,4,Hubei Province,1.2523242941216841,64013858.0,64013858.0,1.0
counterfactual,265,53,5,Hubei Province,0.5367016255277642,64013858.0,64013858.0,1.0
counterfactual,266,54,1,Hubei Province,1.3542476827958907,64013858.0,64013858.0,1.0
counterfactual,267,54,2,Hubei Province,-0.2995519009369285,64013858.0,64013858.0,1.0
counterfactual,268,54,3,Hubei Province,0.44014696586951063,64013858.0,64013858.0,1.0
counterfactual,269,54,4,Hubei Province,-0.3679948468093532,64013858.0,64013858.0,1.0
counterfactual,270,54,5,Hubei Province,0.1833815191352628,64013858.0,64013858.0,1.0
counterfactual,271,55,1,Hubei Province,1.2153975065046554,64013858.0,64013858.0,1.0
counterfactual,272,55,2,Hubei Province,-0.08587168722709937,64013858.0,64013858.0,1.0
counterfactual,273,55,3,Hubei Province,0.1654398109880399,64013858.0,64013858.0,1.0
counterfactual,274,55,4,Hubei Province,0.5319730472441658,64013858.0,64013858.0,1.0
counterfactual,275,55,5,Hubei Province,-0.3433412876065498,64013858.0,64013858.0,1.0
counterfactual,276,56,1,Hubei Province,-0.26842214185150476,64013858.0,64013858.0,1.0
counterfactual,277,56,2,Hubei Province,0.2674952669029466,64013858.0,64013858.0,1.0
counterfactual,278,56,3,Hubei Province,0.8824378086314626,64013858.0,64013858.0,1.0
counterfactual,279,56,4,Hubei Province,0.46662956328297356,64013858.0,64013858.0,1.0
counterfactual,280,56,5,Hubei Province,0.35497412078464435,64013858.0,64013858.0,1.0
counterfactual,281,57,1,Hubei Province,-0.4023060903272691,64013858.0,64013858.0,1.0
counterfactual,282,57,2,Hubei Province,0.01121267089561256,64013858.0,64013858.0,1.0
counterfactual,283,57,3,Hubei Province,0.5809217652602165,64013858.0,64013858.0,1.0
counterfactual,284,57,4,Hubei Province,-0.9198567015011089,64013858.0,64013858.0,1.0
counterfactual,285,57,5,Hubei Province,0.06824897518855004,64013858.0,64013858.0,1.0
counterfactual,286,58,1,Hubei Province,-0.6568913156312918,64013858.0,64013858.0,1.0
counterfactual,287,58,2,Hubei Province,0.02805490897047115,64013858.0,64013858.0,1.0
counterfactual,288,58,3,Hubei Province,-0.1471148200298863,64013858.0,64013858.0,1.0
counterfactual,289,58,4,Hubei Province,0.1932143805930623,64013858.0,64013858.0,1.0
counterfactual,290,58,5,Hubei Province,0.19532420328609254,64013858.0,64013858.0,1.0
counterfactual,291,59,1,Hubei Province,-0.304499766931539,64013858.0,64013858.0,1.0
counterfactual,292,59,2,Hubei Province,0.9096663157361365,64013858.0,64013858.0,1.0
counterfactual,293,59,3,Hubei Province,-0.24227532698992255,64013858.0,64013858.0,1.0
counterfactual,294,59,4,Hubei Province,-0.34935230645713766,64013858.0,64013858.0,1.0
counterfactual,295,59,5,Hubei Province,0.7369131350185159,64013858.0,64013858.0,1.0
counterfactual,296,60,1,Hubei Province,-0.26278091068723436,64013858.0,64013858.0,1.0
counterfactual,297,60,2,Hubei Province,0.1088241746240174,64013858.0,64013858.0,1.0
counterfactual,298,60,3,Hubei Province,0.49156164409297504,64013858.0,64013858.0,1.0
counterfactual,299,60,4,Hubei Province,-0.050726596287526786,64013858.0,64013858.0,1.0
counterfactual,300,60,5,Hubei Province,0.6529069635164978,64013858.0,64013858.0,1.0
counterfactual,301,61,1,Hubei Province,0.3329470484273251,64013858.0,64013858.0,1.0
counterfactual,302,61,2,Hubei Province,0.15285075301561893,64013858.0,64013858.0,1.0
counterfactual,303,61,3,Hubei Province,0.07751584569473793,64013858.0,64013858.0,1.0
counterfactual,304,61,4,Hubei Province,0.5963659248551346,64013858.0,64013858.0,1.0
counterfactual,305,61,5,Hubei Province,-0.612643976318457,64013858.0,64013858.0,1.0
counterfactual,306,62,1,Hubei Province,-0.7208501250310599,64013858.0,64013858.0,1.0
counterfactual,307,62,2,Hubei Province,-0.07612666426864795,64013858.0,64013858.0,1.0
counterfactual,308,62,3,Hubei Province,-0.3718346267003719,64013858.0,64013858.0,1.0
counterfactual,309,62,4,Hubei Province,-0.21839756862881896,64013858.0,64013858.0,1.0
counterfactual,310,62,5,Hubei Province,-1.0058077309788698,64013858.0,64013858.0,1.0
counterfactual,311,63,1,Hubei Province,0.16418569346034523,64013858.0,64013858.0,1.0
counterfactual,312,63,2,Hubei Province,-0.5140090615779279,64013858.0,64013858.0,1.0
counterfactual,313,63,3,Hubei Province,-0.47066128025884485,64013858.0,64013858.0,1.0
counterfactual,314,63,4,Hubei Province,0.6821271090136637,64013858.0,64013858.0,1.0
counterfactual,315,63,5,Hubei Province,0.6965072131970508,64013858.0,64013858.0,1.0
counterfactual,316,64,1,Hubei Province,0.7425359671269621,64013858.0,64013858.0,1.0
counterfactual,317,64,2,Hubei Province,-0.6083763013422339,64013858.0,64013858.0,1.0
counterfactual,318,64,3,Hubei Province,0.8059039080023097,64013858.0,64013858.0,1.0
counterfactual,319,64,4,Hubei Province,0.7066131132429497,64013858.0,64013858.0,1.0
counterfactual,320,64,5,Hubei Province,0.28639543270973494,64013858.0,64013858.0,1.0
counterfactual,321,65,1,Hubei Province,0.23132870187458307,64013858.0,64013858.0,1.0
counterfactual,322,65,2,Hubei Province,-0.02080959572868717,64013858.0,64013858.0,1.0
counterfactual,323,65,3,Hubei Province,0.2562253406962411,64013858.0,64013858.0,1.0
counterfactual,324,65,4,Hubei Province,0.15998500390098436,64013858.0,64013858.0,1.0
counterfactual,325,65,5,Hubei Province,-0.21916688445782542,64013858.0,64013858.0,1.0
counterfactual,326,66,1,Hubei Province,0.7173630565835004,64013858.0,64013858.0,1.0
counterfactual,327,66,2,Hubei Province,0.5794472217281039,64013858.0,64013858.0,1.0
counterfactual,328,66,3,Hubei Province,-0.11382638230408268,64013858.0,64013858.0,1.0
counterfactual,329,66,4,Hubei Province,-0.40464204516539587,64013858.0,64013858.0,1.0
counterfactual,330,66,5,Hubei Province,0.18524208112519627,64013858.0,64013858.0,1.0
counterfactual,331,67,1,Hubei Province,0.2504652659520476,64013858.0,64013858.0,1.0
counterfactual,332,67,2,Hubei Province,0.19538305260476355,64013858.0,64013858.0,1.0
counterfactual,333,67,3,Hubei Province,0.14453924184000747,64013858.0,64013858.0,1.0
counterfactual,334,67,4,Hubei Province,-0.4515148273381312,64013858.0,64013858.0,1.0
counterfactual,335,67,5,Hubei Province,0.5739595656879356,64013858.0,64013858.0,1.0
counterfactual,336,68,1,Hubei Province,-0.10686376117608191,64013858.0,64013858.0,1.0
counterfactual,337,68,2,Hubei Province,-1.1044265918051719,64013858.0,64013858.0,1.0
counterfactual,338,68,3,Hubei Province,-0.5512501701889382,64013858.0,64013858.0,1.0
counterfactual,339,68,4,Hubei Province,1.1191928105185651,64013858.0,64013858.0,1.0
counterfactual,340,68,5,Hubei Province,-0.8714352518852182,64013858.0,64013858.0,1.0
counterfactual,341,69,1,Hubei Province,0.8113058790674165,64013858.0,64013858.0,1.0
counterfactual,342,69,2,Hubei Province,-0.05601252044533473,64013858.0,64013858.0,1.0
counterfactual,343,69,3,Hubei Province,-0.7147316136744654,64013858.0,64013858.0,1.0
counterfactual,344,69,4,Hubei Province,-0.2606647953792754,64013858.0,64013858.0,1.0
counterfactual,345,69,5,Hubei Province,0.7258554365645499,64013858.0,64013858.0,1.0
counterfactual,346,70,1,Hubei Province,0.9207913346198116,64013858.0,64013858.0,1.0
counterfactual,347,70,2,Hubei Province,1.2459418827559114,64013858.0,64013858.0,1.0
counterfactual,348,70,3,Hubei Province,0.048111585051338134,64013858.0,64013858.0,1.0
counterfactual,349,70,4,Hubei Province,-0.10881158332570495,64013858.0,64013858.0,1.0
counterfactual,350,70,5,Hubei Province,-0.9850514195339279,64013858.0,64013858.0,1.0
counterfactual,351,71,1,Hubei Province,0.3151067764831792,64013858.0,64013858.0,1.0
counterfactual,352,71,2,Hubei Province,0.04078884881916505,64013858.0,64013858.0,1.0
counterfactual,353,71,3,Hubei Province,-0.025444505939252123,64013858.0,64013858.0,1.0
counterfactual,354,71,4,Hubei Province,1.2111818398738028,64013858.0,64013858.0,1.0
counterfactual,355,71,5,Hubei Province,0.7593971812436924,64013858.0,64013858.0,1.0
counterfactual,356,72,1,Hubei Province,1.2034600365742527,64013858.0,64013858.0,1.0
counterfactual,357,72,2,Hubei Province,-0.2530512515192908,64013858.0,64013858.0,1.0
counterfactual,358,72,3,Hubei Province,-0.010815050092193646,64013858.0,64013858.0,1.0
counterfactual,359,72,4,Hubei Province,-0.5966442711653954,64013858.0,64013858.0,1.0
counterfactual,360,72,5,Hubei Province,0.4169697097747912,64013858.0,64013858.0,1.0
counterfactual,361,73,1,Hubei Province,0.2182111699628467,64013858.0,64013858.0,1.0
counterfactual,362,73,2,Hubei Province,0.5325553318037718,64013858.0,64013858.0,1.0
counterfactual,363,73,3,Hubei Province,1.377337396262092,64013858.0,64013858.0,1.0
counterfactual,364,73,4,Hubei Province,0.625827359790879,64013858.0,64013858.0,1.0
counterfactual,365,73,5,Hubei Province,-0.4334913178331652,64013858.0,64013858.0,1.0
counterfactual,366,74,1,Hubei Province,0.3468553087531704,64013858.0,64013858.0,1.0
counterfactual,367,74,2,Hubei Province,0.8949987952262061,64013858.0,64013858.0,1.0
counterfactual,368,74,3,Hubei Province,0.4670510441534709,64013858.0,64013858.0,1.0
counterfactual,369,74,4,Hubei Province,0.8839779730013285,64013858.0,64013858.0,1.0
counterfactual,370,74,5,Hubei Province,0.5219324645464638,64013858.0,64013858.0,1.0
counterfactual,371,75,1,Hubei Province,0.8192820498762146,64013858.0,64013858.0,1.0
counterfactual,372,75,2,Hubei Province,0.9407271723641318,64013858.0,64013858.0,1.0
counterfactual,373,75,3,Hubei Province,-0.08493300889773665,64013858.0,64013858.0,1.0
counterfactual,374,75,4,Hubei Province,0.5559721190706349,64013858.0,64013858.0,1.0
counterfactual,375,75,5,Hubei Province,0.877860659239157,64013858.0,64013858.0,1.0
counterfactual,376,76,1,Hubei Province,0.07464382758114285,64013858.0,64013858.0,1.0
counterfactual,377,76,2,Hubei Province,0.4853270251572741,64013858.0,64013858.0,1.0
counterfactual,378,76,3,Hubei Province,0.37124700912339315,64013858.0,64013858.0,1.0
counterfactual,379,76,4,Hubei Province,-0.17365698731524443,64013858.0,64013858.0,1.0
counterfactual,380,76,5,Hubei Province,0.1112207890540444,64013858.0,64013858.0,1.0
counterfactual,381,77,1,Hubei Province,0.1973965772706101,64013858.0,64013858.0,1.0
counterfactual,382,77,2,Hubei Province,0.2272788112611528,64013858.0,64013858.0,1.0
counterfactual,383,77,3,Hubei Province,0.003720738297929832,64013858.0,64013858.0,1.0
counterfactual,384,77,4,Hubei Province,-0.43409948035223467,64013858.0,64013858.0,1.0
counterfactual,385,77,5,Hubei Province,0.8792833528639562,64013858.0,64013858.0,1.0
counterfactual,386,78,1,Hubei Province,0.18661717556728263,64013858.0,64013858.0,1.0
counterfactual,387,78,2,Hubei Province,-0.021589918189261908,64013858.0,64013858.0,1.0
counterfactual,388,78,3,Hubei Province,0.36150908843353974,64013858.0,64013858.0,1.0
counterfactual,389,78,4,Hubei Province,0.9649313338898619,64013858.0,64013858.0,1.0
counterfactual,390,78,5,Hubei Province,0.20618642934483047,64013858.0,64013858.0,1.0
counterfactual,391,79,1,Hubei Province,0.6580862303816666,64013858.0,64013858.0,1.0
counterfactual,392,79,2,Hubei Province,-0.7020986097072417,64013858.0,64013858.0,1.0
counterfactual,393,79,3,Hubei Province,-0.02134150961869368,64013858.0,64013858.0,1.0
counterfactual,394,79,4,Hubei Province,0.44594223017636747,64013858.0,64013858.0,1.0
counterfactual,395,79,5,Hubei Province,0.5022091940877698,64013858.0,64013858.0,1.0
counterfactual,396,80,1,Hubei Province,0.2562475543441804,64013858.0,64013858.0,1.0
counterfactual,397,80,2,Hubei Province,0.1419420888277086,64013858.0,64013858.0,1.0
counterfactual,398,80,3,Hubei Province,-0.40207916423350315,64013858.0,64013858.0,1.0
counterfactual,399,80,4,Hubei Province,-0.5663103335321756,64013858.0,64013858.0,1.0
counterfactual,400,80,5,Hubei Province,0.3174630226618072,64013858.0,64013858.0,1.0
counterfactual,401,81,1,Hubei Province,0.5880443451074556,64013858.0,64013858.0,1.0
counterfactual,402,81,2,Hubei Province,0.18637681097084494,64013858.0,64013858.0,1.0
counterfactual,403,81,3,Hubei Province,0.27284499555203695,64013858.0,64013858.0,1.0
counterfactual,404,81,4,Hubei Province,0.39787977544399855,64013858.0,64013858.0,1.0
counterfactual,405,81,5,Hubei Province,0.0004818630445898096,64013858.0,64013858.0,1.0
counterfactual,406,82,1,Hubei Province,-1.0317675213828768,64013858.0,64013858.0,1.0
counterfactual,407,82,2,Hubei Province,0.20082894910667534,64013858.0,64013858.0,1.0
counterfactual,408,82,3,Hubei Province,-0.8427665449537914,64013858.0,64013858.0,1.0
counterfactual,409,82,4,Hubei Province,-0.5014685660850814,64013858.0,64013858.0,1.0
counterfactual,410,82,5,Hubei Province,0.7583515867049058,64013858.0,64013858.0,1.0
counterfactual,411,83,1,Hubei Province,-0.2001371583241957,64013858.0,64013858.0,1.0
counterfactual,412,83,2,Hubei Province,-0.3020577543348269,64013858.0,64013858.0,1.0
counterfactual,413,83,3,Hubei Province,-0.46079957524165677,64013858.0,64013858.0,1.0
counterfactual,414,83,4,Hubei Province,-0.1601420662373017,64013858.0,64013858.0,1.0
counterfactual,415,83,5,Hubei Province,0.19694237820832827,64013858.0,64013858.0,1.0
counterfactual,416,84,1,Hubei Province,1.167654152521615,64013858.0,64013858.0,1.0
counterfactual,417,84,2,Hubei Province,-0.24178670760350118,64013858.0,64013858.0,1.0
counterfactual,418,84,3,Hubei Province,-0.2779391086595853,64013858.0,64013858.0,1.0
counterfactual,419,84,4,Hubei Province,-0.060584373412949456,64013858.0,64013858.0,1.0
counterfactual,420,84,5,Hubei Province,-0.4331132900754292,64013858.0,64013858.0,1.0
counterfactual,421,85,1,Hubei Province,0.8667007198480905,64013858.0,64013858.0,1.0
counterfactual,422,85,2,Hubei Province,0.40029051916842273,64013858.0,64013858.0,1.0
counterfactual,423,85,3,Hubei Province,0.6740914226571434,64013858.0,64013858.0,1.0
counterfactual,424,85,4,Hubei Province,0.6305380175888451,64013858.0,64013858.0,1.0
counterfactual,425,85,5,Hubei Province,0.27180800723216963,64013858.0,64013858.0,1.0
counterfactual,426,86,1,Hubei Province,1.35103190957319,64013858.0,64013858.0,1.0
counterfactual,427,86,2,Hubei Province,-0.3179517355805248,64013858.0,64013858.0,1.0
counterfactual,428,86,3,Hubei Province,0.05921171179945611,64013858.0,64013858.0,1.0
counterfactual,429,86,4,Hubei Province,0.3961820864709626,64013858.0,64013858.0,1.0
counterfactual,430,86,5,Hubei Province,0.2639440375186035,64013858.0,64013858.0,1.0
counterfactual,431,87,1,Hubei Province,-0.2659869687970965,64013858.0,64013858.0,1.0
counterfactual,432,87,2,Hubei Province,0.6651782744859658,64013858.0,64013858.0,1.0
counterfactual,433,87,3,Hubei Province,-0.16177364547752915,64013858.0,64013858.0,1.0
counterfactual,434,87,4,Hubei Province,0.1790085279218255,64013858.0,64013858.0,1.0
counterfactual,435,87,5,Hubei Province,0.30926934107796183,64013858.0,64013858.0,1.0
counterfactual,436,88,1,Hubei Province,-0.45234338745807995,64013858.0,64013858.0,1.0
counterfactual,437,88,2,Hubei Province,-0.7060487169106978,64013858.0,64013858.0,1.0
counterfactual,438,88,3,Hubei Province,0.6355027761618834,64013858.0,64013858.0,1.0
counterfactual,439,88,4,Hubei Province,0.05772404069921634,64013858.0,64013858.0,1.0
counterfactual,440,88,5,Hubei Province,0.2151975733536549,64013858.0,64013858.0,1.0
counterfactual,441,89,1,Hubei Province,0.7245814143921683,64013858.0,64013858.0,1.0
counterfactual,442,89,2,Hubei Province,0.11106151764525186,64013858.0,64013858.0,1.0
counterfactual,443,89,3,Hubei Province,-0.03475484743874293,64013858.0,64013858.0,1.0
counterfactual,444,89,4,Hubei Province,0.4813487465549059,64013858.0,64013858.0,1.0
counterfactual,445,89,5,Hubei Province,-0.2262760435482846,64013858.0,64013858.0,1.0
counterfactual,446,90,1,Hubei Province,0.7421401347922902,64013858.0,64013858.0,1.0
counterfactual,447,90,2,Hubei Province,0.15263335663560673,64013858.0,64013858.0,1.0
counterfactual,448,90,3,Hubei Province,0.062090211578674136,64013858.0,64013858.0,1.0
counterfactual,449,90,4,Hubei Province,-0.8515349593730239,64013858.0,64013858.0,1.0
counterfactual,450,90,5,Hubei Province,-1.002995649278878,64013858.0,64013858.0,1.0
counterfactual,451,91,1,Hubei Province,-0.8682084288502772,64013858.0,64013858.0,1.0
counterfactual,452,91,2,Hubei Province,0.10328656929695891,64013858.0,64013858.0,1.0
counterfactual,453,91,3,Hubei Province,-0.07014465920835355,64013858.0,64013858.0,1.0
counterfactual,454,91,4,Hubei Province,-0.43290028699032596,64013858.0,64013858.0,1.0
counterfactual,455,91,5,Hubei Province,0.14705038818076108,64013858.0,64013858.0,1.0
counterfactual,456,92,1,Hubei Province,0.27944216993634285,64013858.0,64013858.0,1.0
counterfactual,457,92,2,Hubei Province,0.6452046613843956,64013858.0,64013858.0,1.0
counterfactual,458,92,3,Hubei Province,0.7378567340773582,64013858.0,64013858.0,1.0
counterfactual,459,92,4,Hubei Province,1.2489461384837042,64013858.0,64013858.0,1.0
counterfactual,460,92,5,Hubei Province,-0.4038342438195268,64013858.0,64013858.0,1.0
counterfactual,461,93,1,Hubei Province,-0.8961706988697785,64013858.0,64013858.0,1.0
counterfactual,462,93,2,Hubei Province,-0.042001450536009656,64013858.0,64013858.0,1.0
counterfactual,463,93,3,Hubei Province,-0.4529307535100755,64013858.0,64013858.0,1.0
counterfactual,464,93,4,Hubei Province,-0.6705588876342874,64013858.0,64013858.0,1.0
counterfactual,465,93,5,Hubei Province,0.5427265893142024,64013858.0,64013858.0,1.0
counterfactual,466,94,1,Hubei Province,0.28746813436555413,64013858.0,64013858.0,1.0
counterfactual,467,94,2,Hubei Province,0.23589307908778606,64013858.0,64013858.0,1.0
counterfactual,468,94,3,Hubei Province,-0.5892682685373749,64013858.0,64013858.0,1.0
counterfactual,469,94,4,Hubei Province,-0.12200679963163967,64013858.0,64013858.0,1.0
counterfactual,470,94,5,Hubei Province,0.946611163479636,64013858.0,64013858.0,1.0
counterfactual,471,95,1,Hubei Province,0.01120937920318573,64013858.0,64013858.0,1.0
counterfactual,472,95,2,Hubei Province,1.0531648099572655,64013858.0,64013858.0,1.0
counterfactual,473,95,3,Hubei Province,0.01781127192248319,64013858.0,64013858.0,1.0
counterfactual,474,95,4,Hubei Province,-0.407343323768722,64013858.0,64013858.0,1.0
counterfactual,475,95,5,Hubei Province,0.8400510160880674,64013858.0,64013858.0,1.0
counterfactual,476,96,1,Hubei Province,-0.45565694597929873,64013858.0,64013858.0,1.0
counterfactual,477,96,2,Hubei Province,-0.27905985639237135,64013858.0,64013858.0,1.0
counterfactual,478,96,3,Hubei Province,0.39797158686110506,64013858.0,64013858.0,1.0
counterfactual,479,96,4,Hubei Province,-0.2184090794134975,64013858.0,64013858.0,1.0
counterfactual,480,96,5,Hubei Province,-0.5524965022469825,64013858.0,64013858.0,1.0
counterfactual,481,97,1,Hubei Province,1.159656505127879,64013858.0,64013858.0,1.0
counterfactual,482,97,2,Hubei Province,0.8727288169060301,64013858.0,64013858.0,1.0
counterfactual,483,97,3,Hubei Province,0.20118225478410684,64013858.0,64013858.0,1.0
counterfactual,484,97,4,Hubei Province,0.3895638376489144,64013858.0,64013858.0,1.0
counterfactual,485,97,5,Hubei Province,-0.7967347047460277,64013858.0,64013858.0,1.0
counterfactual,486,98,1,Hubei Province,-0.3945557738120279,64013858.0,64013858.0,1.0
counterfactual,487,98,2,Hubei Province,-0.049802800538954285,64013858.0,64013858.0,1.0
counterfactual,488,98,3,Hubei Province,0.8221974784666501,64013858.0,64013858.0,1.0
counterfactual,489,98,4,Hubei Province,0.2560982812217726,64013858.0,64013858.0,1.0
counterfactual,490,98,5,Hubei Province,-0.22059103115965936,64013858.0,64013858.0,1.0
counterfactual,491,99,1,Hubei Province,0.41707244672560917,64013858.0,64013858.0,1.0
counterfactual,492,99,2,Hubei Province,0.7105735897631573,64013858.0,64013858.0,1.0
counterfactual,493,99,3,Hubei Province,0.03259838044458297,64013858.0,64013858.0,1.0
counterfactual,494,99,4,Hubei Province,0.48244075450962404,64013858.0,64013858.0,1.0
counterfactual,495,99,5,Hubei Province,0.39275158023681245,64013858.0,64013858.0,1.0
counterfactual,496,100,1,Hubei Province,0.7310268367511608,64013858.0,64013858.0,1.0
counterfactual,497,100,2,Hubei Province,-0.9614767406504303,64013858.0,64013858.0,1.0
counterfactual,498,100,3,Hubei Province,0.33498359442600617,64013858.0,64013858.0,1.0
counterfactual,499,100,4,Hubei Province,-0.7643025560797022,64013858.0,64013858.0,1.0
counterfactual,500,100,5,Hubei Province,0.5230510554565205,64013858.0,64013858.0,1.0
counterfactual,501,101,1,Hubei Province,0.13285346960260375,64013858.0,64013858.0,1.0
counterfactual,502,101,2,Hubei Province,-0.19682467228494757,64013858.0,64013858.0,1.0
counterfactual,503,101,3,Hubei Province,0.5711278110444407,64013858.0,64013858.0,1.0
counterfactual,504,101,4,Hubei Province,-0.32191599285370354,64013858.0,64013858.0,1.0
counterfactual,505,101,5,Hubei Province,-0.021337510951078463,64013858.0,64013858.0,1.0
counterfactual,506,102,1,Hubei Province,-0.6166787899802294,64013858.0,64013858.0,1.0
counterfactual,507,102,2,Hubei Province,-0.1618482280633533,64013858.0,64013858.0,1.0
counterfactual,508,102,3,Hubei Province,0.8580142400152647,64013858.0,64013858.0,1.0
counterfactual,509,102,4,Hubei Province,0.2001465129674119,64013858.0,64013858.0,1.0
counterfactual,510,102,5,Hubei Province,0.25103149109783046,64013858.0,64013858.0,1.0
counterfactual,511,103,1,Hubei Province,1.255622452394917,64013858.0,64013858.0,1.0
counterfactual,512,103,2,Hubei Province,-1.1125916475688338,64013858.0,64013858.0,1.0
counterfactual,513,103,3,Hubei Province,0.07249903272878068,64013858.0,64013858.0,1.0
counterfactual,514,103,4,Hubei Province,1.004110139514314,64013858.0,64013858.0,1.0
counterfactual,515,103,5,Hubei Province,0.3008781211280301,64013858.0,64013858.0,1.0
counterfactual,516,104,1,Hubei Province,0.4704967250146538,64013858.0,64013858.0,1.0
counterfactual,517,104,2,Hubei Province,0.31495219979594535,64013858.0,64013858.0,1.0
counterfactual,518,104,3,Hubei Province,0.7603068694084103,64013858.0,64013858.0,1.0
counterfactual,519,104,4,Hubei Province,-0.27667761070663255,64013858.0,64013858.0,1.0
counterfactual,520,104,5,Hubei Province,0.26877219503475985,64013858.0,64013858.0,1.0
counterfactual,521,105,1,Hubei Province,0.062253626251432825,64013858.0,64013858.0,1.0
counterfactual,522,105,2,Hubei Province,0.21309898080658118,64013858.0,64013858.0,1.0
counterfactual,523,105,3,Hubei Province,0.8107177932553666,64013858.0,64013858.0,1.0
counterfactual,524,105,4,Hubei Province,-0.19893297276781724,64013858.0,64013858.0,1.0
counterfactual,525,105,5,Hubei Province,0.2230216362976024,64013858.0,64013858.0,1.0
counterfactual,1,1,1,Hunan Province,0.15653293476707658,70570269.0,70570269.0,1.0
counterfactual,2,1,2,Hunan Province,0.2632670471071973,70570269.0,70570269.0,1.0
counterfactual,3,1,3,Hunan Province,-0.11118463166918806,70570269.0,70570269.0,1.0
counterfactual,4,1,4,Hunan Province,0.11257283024797024,70570269.0,70570269.0,1.0
counterfactual,5,1,5,Hunan Province,-0.19830384545258695,70570269.0,70570269.0,1.0
counterfactual,6,2,1,Hunan Province,0.28314710133805976,70570269.0,70570269.0,1.0
counterfactual,7,2,2,Hunan Province,0.44624220085430105,70570269.0,70570269.0,1.0
counterfactual,8,2,3,Hunan Province,-0.10442814510405468,70570269.0,70570269.0,1.0
counterfactual,9,2,4,Hunan Province,1.491864567786526,70570269.0,70570269.0,1.0
counterfactual,10,2,5,Hunan Province,0.2812911115757158,70570269.0,70570269.0,1.0
counterfactual,11,3,1,Hunan Province,0.1794316958048562,70570269.0,70570269.0,1.0
counterfactual,12,3,2,Hunan Province,-0.45534889799042666,70570269.0,70570269.0,1.0
counterfactual,13,3,3,Hunan Province,0.9201032859101769,70570269.0,70570269.0,1.0
counterfactual,14,3,4,Hunan Province,-0.9972381360507124,70570269.0,70570269.0,1.0
counterfactual,15,3,5,Hunan Province,-0.4731348488717484,70570269.0,70570269.0,1.0
counterfactual,16,4,1,Hunan Province,0.1697471282283118,70570269.0,70570269.0,1.0
counterfactual,17,4,2,Hunan Province,0.48746347899154086,70570269.0,70570269.0,1.0
counterfactual,18,4,3,Hunan Province,-0.9030610123634536,70570269.0,70570269.0,1.0
counterfactual,19,4,4,Hunan Province,0.8185101330087661,70570269.0,70570269.0,1.0
counterfactual,20,4,5,Hunan Province,0.3389994180601855,70570269.0,70570269.0,1.0
counterfactual,21,5,1,Hunan Province,0.29413868925243836,70570269.0,70570269.0,1.0
counterfactual,22,5,2,Hunan Province,0.24527198964230604,70570269.0,70570269.0,1.0
counterfactual,23,5,3,Hunan Province,0.5676040134916566,70570269.0,70570269.0,1.0
counterfactual,24,5,4,Hunan Province,0.8310930156621085,70570269.0,70570269.0,1.0
counterfactual,25,5,5,Hunan Province,-0.4916311920973797,70570269.0,70570269.0,1.0
counterfactual,26,6,1,Hunan Province,0.8788966167325354,70570269.0,70570269.0,1.0
counterfactual,27,6,2,Hunan Province,0.6192056533436158,70570269.0,70570269.0,1.0
counterfactual,28,6,3,Hunan Province,-0.9992077867013363,70570269.0,70570269.0,1.0
counterfactual,29,6,4,Hunan Province,-0.04019025650042642,70570269.0,70570269.0,1.0
counterfactual,30,6,5,Hunan Province,-0.5719686175530718,70570269.0,70570269.0,1.0
counterfactual,31,7,1,Hunan Province,1.0567389509603724,70570269.0,70570269.0,1.0
counterfactual,32,7,2,Hunan Province,0.5824766226215369,70570269.0,70570269.0,1.0
counterfactual,33,7,3,Hunan Province,-0.42581746482837823,70570269.0,70570269.0,1.0
counterfactual,34,7,4,Hunan Province,0.6878843645187684,70570269.0,70570269.0,1.0
counterfactual,35,7,5,Hunan Province,-0.8401875447865892,70570269.0,70570269.0,1.0
counterfactual,36,8,1,Hunan Province,0.26983179474281405,70570269.0,70570269.0,1.0
counterfactual,37,8,2,Hunan Province,0.4801207122569587,70570269.0,70570269.0,1.0
counterfactual,38,8,3,Hunan Province,0.8355469920635299,70570269.0,70570269.0,1.0
counterfactual,39,8,4,Hunan Province,0.6951483585426359,70570269.0,70570269.0,1.0
counterfactual,40,8,5,Hunan Province,-0.9489212336254976,70570269.0,70570269.0,1.0
counterfactual,41,9,1,Hunan Province,-0.6199488975436263,70570269.0,70570269.0,1.0
counterfactual,42,9,2,Hunan Province,0.6997631101413088,70570269.0,70570269.0,1.0
counterfactual,43,9,3,Hunan Province,1.2471255226277698,70570269.0,70570269.0,1.0
counterfactual,44,9,4,Hunan Province,0.8122120673606422,70570269.0,70570269.0,1.0
counterfactual,45,9,5,Hunan Province,0.5722591546320954,70570269.0,70570269.0,1.0
counterfactual,46,10,1,Hunan Province,0.593186681448096,70570269.0,70570269.0,1.0
counterfactual,47,10,2,Hunan Province,0.5243808409943134,70570269.0,70570269.0,1.0
counterfactual,48,10,3,Hunan Province,0.012105773359172367,70570269.0,70570269.0,1.0
counterfactual,49,10,4,Hunan Province,-1.094245869785019,70570269.0,70570269.0,1.0
counterfactual,50,10,5,Hunan Province,0.2336413909934035,70570269.0,70570269.0,1.0
counterfactual,51,11,1,Hunan Province,1.077620014790645,70570269.0,70570269.0,1.0
counterfactual,52,11,2,Hunan Province,0.8871596812120772,70570269.0,70570269.0,1.0
counterfactual,53,11,3,Hunan Province,0.2387722615302014,70570269.0,70570269.0,1.0
counterfactual,54,11,4,Hunan Province,0.33958274170644576,70570269.0,70570269.0,1.0
counterfactual,55,11,5,Hunan Province,-0.251666495970238,70570269.0,70570269.0,1.0
counterfactual,56,12,1,Hunan Province,0.32660506012305224,70570269.0,70570269.0,1.0
counterfactual,57,12,2,Hunan Province,0.5476128233225416,70570269.0,70570269.0,1.0
counterfactual,58,12,3,Hunan Province,0.7120445582886696,70570269.0,70570269.0,1.0
counterfactual,59,12,4,Hunan Province,0.4386331681059936,70570269.0,70570269.0,1.0
counterfactual,60,12,5,Hunan Province,0.7616998976087392,70570269.0,70570269.0,1.0
counterfactual,61,13,1,Hunan Province,0.5263544643513236,70570269.0,70570269.0,1.0
counterfactual,62,13,2,Hunan Province,0.8284339274061382,70570269.0,70570269.0,1.0
counterfactual,63,13,3,Hunan Province,-0.684735603538587,70570269.0,70570269.0,1.0
counterfactual,64,13,4,Hunan Province,0.45086848924620093,70570269.0,70570269.0,1.0
counterfactual,65,13,5,Hunan Province,-0.07273949499369269,70570269.0,70570269.0,1.0
counterfactual,66,14,1,Hunan Province,-0.025765937334280214,70570269.0,70570269.0,1.0
counterfactual,67,14,2,Hunan Province,-0.02518914543822525,70570269.0,70570269.0,1.0
counterfactual,68,14,3,Hunan Province,0.45412526740967235,70570269.0,70570269.0,1.0
counterfactual,69,14,4,Hunan Province,-0.3149827031316071,70570269.0,70570269.0,1.0
counterfactual,70,14,5,Hunan Province,0.14883014655875804,70570269.0,70570269.0,1.0
counterfactual,71,15,1,Hunan Province,0.3648846665549,70570269.0,70570269.0,1.0
counterfactual,72,15,2,Hunan Province,-0.19496737171706907,70570269.0,70570269.0,1.0
counterfactual,73,15,3,Hunan Province,-0.8907199790292096,70570269.0,70570269.0,1.0
counterfactual,74,15,4,Hunan Province,0.40295969373418583,70570269.0,70570269.0,1.0
counterfactual,75,15,5,Hunan Province,-0.23197335778176778,70570269.0,70570269.0,1.0
counterfactual,76,16,1,Hunan Province,0.37452699664500744,70570269.0,70570269.0,1.0
counterfactual,77,16,2,Hunan Province,0.05498497663344737,70570269.0,70570269.0,1.0
counterfactual,78,16,3,Hunan Province,0.7597179785198328,70570269.0,70570269.0,1.0
counterfactual,79,16,4,Hunan Province,0.6804634966849689,70570269.0,70570269.0,1.0
counterfactual,80,16,5,Hunan Province,0.8718753954312985,70570269.0,70570269.0,1.0
counterfactual,81,17,1,Hunan Province,0.17864427257722149,70570269.0,70570269.0,1.0
counterfactual,82,17,2,Hunan Province,0.1435301865773889,70570269.0,70570269.0,1.0
counterfactual,83,17,3,Hunan Province,0.25673187834153666,70570269.0,70570269.0,1.0
counterfactual,84,17,4,Hunan Province,-0.01399306676996591,70570269.0,70570269.0,1.0
counterfactual,85,17,5,Hunan Province,-0.15820251430568188,70570269.0,70570269.0,1.0
counterfactual,86,18,1,Hunan Province,0.8279125950892793,70570269.0,70570269.0,1.0
counterfactual,87,18,2,Hunan Province,-0.4731375322326314,70570269.0,70570269.0,1.0
counterfactual,88,18,3,Hunan Province,0.3930171371193794,70570269.0,70570269.0,1.0
counterfactual,89,18,4,Hunan Province,-0.05010011034558124,70570269.0,70570269.0,1.0
counterfactual,90,18,5,Hunan Province,0.7267812671868608,70570269.0,70570269.0,1.0
counterfactual,91,19,1,Hunan Province,0.9013279204149588,70570269.0,70570269.0,1.0
counterfactual,92,19,2,Hunan Province,-0.20027021808662815,70570269.0,70570269.0,1.0
counterfactual,93,19,3,Hunan Province,1.1994972571788916,70570269.0,70570269.0,1.0
counterfactual,94,19,4,Hunan Province,0.6215957229410646,70570269.0,70570269.0,1.0
counterfactual,95,19,5,Hunan Province,0.2711202981758043,70570269.0,70570269.0,1.0
counterfactual,96,20,1,Hunan Province,0.5212514811490621,70570269.0,70570269.0,1.0
counterfactual,97,20,2,Hunan Province,-0.5306443662915826,70570269.0,70570269.0,1.0
counterfactual,98,20,3,Hunan Province,1.109661698666343,70570269.0,70570269.0,1.0
counterfactual,99,20,4,Hunan Province,-0.7887939247023378,70570269.0,70570269.0,1.0
counterfactual,100,20,5,Hunan Province,0.41943668375707444,70570269.0,70570269.0,1.0
counterfactual,101,21,1,Hunan Province,0.4208140533606313,70570269.0,70570269.0,1.0
counterfactual,102,21,2,Hunan Province,-0.08287704397163836,70570269.0,70570269.0,1.0
counterfactual,103,21,3,Hunan Province,0.6908168471434872,70570269.0,70570269.0,1.0
counterfactual,104,21,4,Hunan Province,0.9817553625918313,70570269.0,70570269.0,1.0
counterfactual,105,21,5,Hunan Province,-0.22546291628171033,70570269.0,70570269.0,1.0
counterfactual,106,22,1,Hunan Province,0.9481204266806678,70570269.0,70570269.0,1.0
counterfactual,107,22,2,Hunan Province,1.1268019823620516,70570269.0,70570269.0,1.0
counterfactual,108,22,3,Hunan Province,0.3746401010928388,70570269.0,70570269.0,1.0
counterfactual,109,22,4,Hunan Province,0.22811709877998465,70570269.0,70570269.0,1.0
counterfactual,110,22,5,Hunan Province,-0.46754103194583996,70570269.0,70570269.0,1.0
counterfactual,111,23,1,Hunan Province,-0.2974743535012536,70570269.0,70570269.0,1.0
counterfactual,112,23,2,Hunan Province,0.5261717617161366,70570269.0,70570269.0,1.0
counterfactual,113,23,3,Hunan Province,0.5021749175726021,70570269.0,70570269.0,1.0
counterfactual,114,23,4,Hunan Province,-0.9091961689356689,70570269.0,70570269.0,1.0
counterfactual,115,23,5,Hunan Province,-0.7914401584041442,70570269.0,70570269.0,1.0
counterfactual,116,24,1,Hunan Province,0.49926324080696205,70570269.0,70570269.0,1.0
counterfactual,117,24,2,Hunan Province,-0.2915267318544662,70570269.0,70570269.0,1.0
counterfactual,118,24,3,Hunan Province,0.25577401547569334,70570269.0,70570269.0,1.0
counterfactual,119,24,4,Hunan Province,1.223231736736089,70570269.0,70570269.0,1.0
counterfactual,120,24,5,Hunan Province,-0.7428432096007722,70570269.0,70570269.0,1.0
counterfactual,121,25,1,Hunan Province,0.8922307180793954,70570269.0,70570269.0,1.0
counterfactual,122,25,2,Hunan Province,0.36959651097660917,70570269.0,70570269.0,1.0
counterfactual,123,25,3,Hunan Province,-0.8889316197739877,70570269.0,70570269.0,1.0
counterfactual,124,25,4,Hunan Province,0.7454291665900971,70570269.0,70570269.0,1.0
counterfactual,125,25,5,Hunan Province,0.9598654873781662,70570269.0,70570269.0,1.0
counterfactual,126,26,1,Hunan Province,-0.07623201893349826,70570269.0,70570269.0,1.0
counterfactual,127,26,2,Hunan Province,-0.13438779437901455,70570269.0,70570269.0,1.0
counterfactual,128,26,3,Hunan Province,0.18173618722798116,70570269.0,70570269.0,1.0
counterfactual,129,26,4,Hunan Province,0.5337007950569355,70570269.0,70570269.0,1.0
counterfactual,130,26,5,Hunan Province,-0.01792776454147479,70570269.0,70570269.0,1.0
counterfactual,131,27,1,Hunan Province,0.25997359342690707,70570269.0,70570269.0,1.0
counterfactual,132,27,2,Hunan Province,0.15603298426936518,70570269.0,70570269.0,1.0
counterfactual,133,27,3,Hunan Province,0.1246560365714103,70570269.0,70570269.0,1.0
counterfactual,134,27,4,Hunan Province,-0.5845036826367618,70570269.0,70570269.0,1.0
counterfactual,135,27,5,Hunan Province,-0.13896025354725094,70570269.0,70570269.0,1.0
counterfactual,136,28,1,Hunan Province,0.3415180119700942,70570269.0,70570269.0,1.0
counterfactual,137,28,2,Hunan Province,1.2997912477125875,70570269.0,70570269.0,1.0
counterfactual,138,28,3,Hunan Province,1.0884716012931657,70570269.0,70570269.0,1.0
counterfactual,139,28,4,Hunan Province,-0.48904479435807197,70570269.0,70570269.0,1.0
counterfactual,140,28,5,Hunan Province,0.8369598373701758,70570269.0,70570269.0,1.0
counterfactual,141,29,1,Hunan Province,-0.7312268258102963,70570269.0,70570269.0,1.0
counterfactual,142,29,2,Hunan Province,0.8107261772831387,70570269.0,70570269.0,1.0
counterfactual,143,29,3,Hunan Province,-0.5563875876352036,70570269.0,70570269.0,1.0
counterfactual,144,29,4,Hunan Province,0.7334546231874681,70570269.0,70570269.0,1.0
counterfactual,145,29,5,Hunan Province,-0.18069080958679853,70570269.0,70570269.0,1.0
counterfactual,146,30,1,Hunan Province,0.009112698070189103,70570269.0,70570269.0,1.0
counterfactual,147,30,2,Hunan Province,0.33253050491815456,70570269.0,70570269.0,1.0
counterfactual,148,30,3,Hunan Province,0.9234577526528377,70570269.0,70570269.0,1.0
counterfactual,149,30,4,Hunan Province,0.3765982464131396,70570269.0,70570269.0,1.0
counterfactual,150,30,5,Hunan Province,0.4945885231936652,70570269.0,70570269.0,1.0
counterfactual,151,31,1,Hunan Province,-0.87597096023055,70570269.0,70570269.0,1.0
counterfactual,152,31,2,Hunan Province,1.3684762418714524,70570269.0,70570269.0,1.0
counterfactual,153,31,3,Hunan Province,-0.7283602175023097,70570269.0,70570269.0,1.0
counterfactual,154,31,4,Hunan Province,-0.36201981165129843,70570269.0,70570269.0,1.0
counterfactual,155,31,5,Hunan Province,0.4807157434645842,70570269.0,70570269.0,1.0
counterfactual,156,32,1,Hunan Province,0.9428087340803507,70570269.0,70570269.0,1.0
counterfactual,157,32,2,Hunan Province,-0.00023855673481335034,70570269.0,70570269.0,1.0
counterfactual,158,32,3,Hunan Province,-0.3070070848076563,70570269.0,70570269.0,1.0
counterfactual,159,32,4,Hunan Province,0.4298277061294331,70570269.0,70570269.0,1.0
counterfactual,160,32,5,Hunan Province,-0.0870208470180054,70570269.0,70570269.0,1.0
counterfactual,161,33,1,Hunan Province,-1.3129645554473457,70570269.0,70570269.0,1.0
counterfactual,162,33,2,Hunan Province,-0.46244149892791697,70570269.0,70570269.0,1.0
counterfactual,163,33,3,Hunan Province,-0.5051171215003558,70570269.0,70570269.0,1.0
counterfactual,164,33,4,Hunan Province,1.1146203136305042,70570269.0,70570269.0,1.0
counterfactual,165,33,5,Hunan Province,-0.34738886105567574,70570269.0,70570269.0,1.0
counterfactual,166,34,1,Hunan Province,0.6232088310449048,70570269.0,70570269.0,1.0
counterfactual,167,34,2,Hunan Province,0.8774135399255911,70570269.0,70570269.0,1.0
counterfactual,168,34,3,Hunan Province,0.02045746794683386,70570269.0,70570269.0,1.0
counterfactual,169,34,4,Hunan Province,-0.5224391609658646,70570269.0,70570269.0,1.0
counterfactual,170,34,5,Hunan Province,-0.32852560382733176,70570269.0,70570269.0,1.0
counterfactual,171,35,1,Hunan Province,0.050739624980169845,70570269.0,70570269.0,1.0
counterfactual,172,35,2,Hunan Province,0.8713235713115582,70570269.0,70570269.0,1.0
counterfactual,173,35,3,Hunan Province,-0.18355680739281555,70570269.0,70570269.0,1.0
counterfactual,174,35,4,Hunan Province,1.6212370206952316,70570269.0,70570269.0,1.0
counterfactual,175,35,5,Hunan Province,0.35094684610515814,70570269.0,70570269.0,1.0
counterfactual,176,36,1,Hunan Province,0.8196928648820518,70570269.0,70570269.0,1.0
counterfactual,177,36,2,Hunan Province,0.04219193137870495,70570269.0,70570269.0,1.0
counterfactual,178,36,3,Hunan Province,0.4778006571149158,70570269.0,70570269.0,1.0
counterfactual,179,36,4,Hunan Province,1.5756991845406152,70570269.0,70570269.0,1.0
counterfactual,180,36,5,Hunan Province,-0.23962649261808466,70570269.0,70570269.0,1.0
counterfactual,181,37,1,Hunan Province,-0.6185386180653377,70570269.0,70570269.0,1.0
counterfactual,182,37,2,Hunan Province,0.2966881319552804,70570269.0,70570269.0,1.0
counterfactual,183,37,3,Hunan Province,-0.03422348365474179,70570269.0,70570269.0,1.0
counterfactual,184,37,4,Hunan Province,-1.093099032310471,70570269.0,70570269.0,1.0
counterfactual,185,37,5,Hunan Province,-0.800672853231777,70570269.0,70570269.0,1.0
counterfactual,186,38,1,Hunan Province,-0.23714866529331657,70570269.0,70570269.0,1.0
counterfactual,187,38,2,Hunan Province,0.5189743150490094,70570269.0,70570269.0,1.0
counterfactual,188,38,3,Hunan Province,0.33400328673115864,70570269.0,70570269.0,1.0
counterfactual,189,38,4,Hunan Province,0.32670834863487985,70570269.0,70570269.0,1.0
counterfactual,190,38,5,Hunan Province,-0.7628053825263621,70570269.0,70570269.0,1.0
counterfactual,191,39,1,Hunan Province,0.5379413587269618,70570269.0,70570269.0,1.0
counterfactual,192,39,2,Hunan Province,0.6391134677952074,70570269.0,70570269.0,1.0
counterfactual,193,39,3,Hunan Province,0.5312112544537451,70570269.0,70570269.0,1.0
counterfactual,194,39,4,Hunan Province,-0.8174704161668929,70570269.0,70570269.0,1.0
counterfactual,195,39,5,Hunan Province,0.8480764659672815,70570269.0,70570269.0,1.0
counterfactual,196,40,1,Hunan Province,0.062076063177213016,70570269.0,70570269.0,1.0
counterfactual,197,40,2,Hunan Province,0.33711522266903804,70570269.0,70570269.0,1.0
counterfactual,198,40,3,Hunan Province,0.7117455236522714,70570269.0,70570269.0,1.0
counterfactual,199,40,4,Hunan Province,0.0410682843957822,70570269.0,70570269.0,1.0
counterfactual,200,40,5,Hunan Province,0.4021698941234887,70570269.0,70570269.0,1.0
counterfactual,201,41,1,Hunan Province,0.6152664445831432,70570269.0,70570269.0,1.0
counterfactual,202,41,2,Hunan Province,0.9678146233597672,70570269.0,70570269.0,1.0
counterfactual,203,41,3,Hunan Province,0.7175676082997634,70570269.0,70570269.0,1.0
counterfactual,204,41,4,Hunan Province,-0.6537149529976332,70570269.0,70570269.0,1.0
counterfactual,205,41,5,Hunan Province,-0.5166617763035745,70570269.0,70570269.0,1.0
counterfactual,206,42,1,Hunan Province,0.11092801974222756,70570269.0,70570269.0,1.0
counterfactual,207,42,2,Hunan Province,0.11747364375845362,70570269.0,70570269.0,1.0
counterfactual,208,42,3,Hunan Province,-0.09174225321258306,70570269.0,70570269.0,1.0
counterfactual,209,42,4,Hunan Province,1.213383242330631,70570269.0,70570269.0,1.0
counterfactual,210,42,5,Hunan Province,0.3941651109837982,70570269.0,70570269.0,1.0
counterfactual,211,43,1,Hunan Province,0.0045576256694426,70570269.0,70570269.0,1.0
counterfactual,212,43,2,Hunan Province,0.7725335229382565,70570269.0,70570269.0,1.0
counterfactual,213,43,3,Hunan Province,-0.2827577383372629,70570269.0,70570269.0,1.0
counterfactual,214,43,4,Hunan Province,-0.05920207658555684,70570269.0,70570269.0,1.0
counterfactual,215,43,5,Hunan Province,0.3791546054614485,70570269.0,70570269.0,1.0
counterfactual,216,44,1,Hunan Province,-0.05857686875320772,70570269.0,70570269.0,1.0
counterfactual,217,44,2,Hunan Province,0.4484876025065438,70570269.0,70570269.0,1.0
counterfactual,218,44,3,Hunan Province,-0.3212863731512474,70570269.0,70570269.0,1.0
counterfactual,219,44,4,Hunan Province,-1.1793626985905592,70570269.0,70570269.0,1.0
counterfactual,220,44,5,Hunan Province,-0.7365176267216306,70570269.0,70570269.0,1.0
counterfactual,221,45,1,Hunan Province,-1.0386764920587763,70570269.0,70570269.0,1.0
counterfactual,222,45,2,Hunan Province,0.2823039935644613,70570269.0,70570269.0,1.0
counterfactual,223,45,3,Hunan Province,-0.6792028630866197,70570269.0,70570269.0,1.0
counterfactual,224,45,4,Hunan Province,-0.5287966810785957,70570269.0,70570269.0,1.0
counterfactual,225,45,5,Hunan Province,-0.7567063266592164,70570269.0,70570269.0,1.0
counterfactual,226,46,1,Hunan Province,1.1176922322462055,70570269.0,70570269.0,1.0
counterfactual,227,46,2,Hunan Province,0.7457353410861912,70570269.0,70570269.0,1.0
counterfactual,228,46,3,Hunan Province,-0.9070983400129474,70570269.0,70570269.0,1.0
counterfactual,229,46,4,Hunan Province,1.0554255128005197,70570269.0,70570269.0,1.0
counterfactual,230,46,5,Hunan Province,0.7168773056682127,70570269.0,70570269.0,1.0
counterfactual,231,47,1,Hunan Province,0.9899187001681529,70570269.0,70570269.0,1.0
counterfactual,232,47,2,Hunan Province,1.0867479545878465,70570269.0,70570269.0,1.0
counterfactual,233,47,3,Hunan Province,0.36673636048636366,70570269.0,70570269.0,1.0
counterfactual,234,47,4,Hunan Province,-0.3488457527684069,70570269.0,70570269.0,1.0
counterfactual,235,47,5,Hunan Province,0.14187510871345796,70570269.0,70570269.0,1.0
counterfactual,236,48,1,Hunan Province,0.30807906169758376,70570269.0,70570269.0,1.0
counterfactual,237,48,2,Hunan Province,1.4605388373547568,70570269.0,70570269.0,1.0
counterfactual,238,48,3,Hunan Province,0.5721744715328833,70570269.0,70570269.0,1.0
counterfactual,239,48,4,Hunan Province,0.10751032725815893,70570269.0,70570269.0,1.0
counterfactual,240,48,5,Hunan Province,0.017618368662879403,70570269.0,70570269.0,1.0
counterfactual,241,49,1,Hunan Province,0.4432670367538556,70570269.0,70570269.0,1.0
counterfactual,242,49,2,Hunan Province,0.1186184903363227,70570269.0,70570269.0,1.0
counterfactual,243,49,3,Hunan Province,-0.18413939583844832,70570269.0,70570269.0,1.0
counterfactual,244,49,4,Hunan Province,0.08423589705895874,70570269.0,70570269.0,1.0
counterfactual,245,49,5,Hunan Province,0.5391567033126105,70570269.0,70570269.0,1.0
counterfactual,246,50,1,Hunan Province,-0.06332341267855848,70570269.0,70570269.0,1.0
counterfactual,247,50,2,Hunan Province,0.19553853910625013,70570269.0,70570269.0,1.0
counterfactual,248,50,3,Hunan Province,0.6767852574382455,70570269.0,70570269.0,1.0
counterfactual,249,50,4,Hunan Province,0.4874443403938045,70570269.0,70570269.0,1.0
counterfactual,250,50,5,Hunan Province,-0.8354119937150699,70570269.0,70570269.0,1.0
counterfactual,251,51,1,Hunan Province,0.19103833131748724,70570269.0,70570269.0,1.0
counterfactual,252,51,2,Hunan Province,1.0966168575846726,70570269.0,70570269.0,1.0
counterfactual,253,51,3,Hunan Province,0.5144742562129264,70570269.0,70570269.0,1.0
counterfactual,254,51,4,Hunan Province,-0.16928753966096283,70570269.0,70570269.0,1.0
counterfactual,255,51,5,Hunan Province,0.002226993996800837,70570269.0,70570269.0,1.0
counterfactual,256,52,1,Hunan Province,1.2957596808311196,70570269.0,70570269.0,1.0
counterfactual,257,52,2,Hunan Province,0.07550429895712595,70570269.0,70570269.0,1.0
counterfactual,258,52,3,Hunan Province,-0.055924751375062365,70570269.0,70570269.0,1.0
counterfactual,259,52,4,Hunan Province,-0.2117327607424479,70570269.0,70570269.0,1.0
counterfactual,260,52,5,Hunan Province,0.0096019463658156,70570269.0,70570269.0,1.0
counterfactual,261,53,1,Hunan Province,-0.44188456215186034,70570269.0,70570269.0,1.0
counterfactual,262,53,2,Hunan Province,-0.0906130131685274,70570269.0,70570269.0,1.0
counterfactual,263,53,3,Hunan Province,0.1289658206774694,70570269.0,70570269.0,1.0
counterfactual,264,53,4,Hunan Province,-0.03912275063331181,70570269.0,70570269.0,1.0
counterfactual,265,53,5,Hunan Province,0.4270468563443263,70570269.0,70570269.0,1.0
counterfactual,266,54,1,Hunan Province,0.8402201493400159,70570269.0,70570269.0,1.0
counterfactual,267,54,2,Hunan Province,0.9639618742620117,70570269.0,70570269.0,1.0
counterfactual,268,54,3,Hunan Province,1.5907953255496328,70570269.0,70570269.0,1.0
counterfactual,269,54,4,Hunan Province,0.5183860191337027,70570269.0,70570269.0,1.0
counterfactual,270,54,5,Hunan Province,-0.23859097338817445,70570269.0,70570269.0,1.0
counterfactual,271,55,1,Hunan Province,0.21989127181649873,70570269.0,70570269.0,1.0
counterfactual,272,55,2,Hunan Province,-0.6738032393241203,70570269.0,70570269.0,1.0
counterfactual,273,55,3,Hunan Province,0.4969282080634977,70570269.0,70570269.0,1.0
counterfactual,274,55,4,Hunan Province,1.1884202062267406,70570269.0,70570269.0,1.0
counterfactual,275,55,5,Hunan Province,0.11940512016068176,70570269.0,70570269.0,1.0
counterfactual,276,56,1,Hunan Province,-0.22531205095836793,70570269.0,70570269.0,1.0
counterfactual,277,56,2,Hunan Province,-0.21112714486074588,70570269.0,70570269.0,1.0
counterfactual,278,56,3,Hunan Province,0.447832467051225,70570269.0,70570269.0,1.0
counterfactual,279,56,4,Hunan Province,0.5178106193611653,70570269.0,70570269.0,1.0
counterfactual,280,56,5,Hunan Province,0.8078390773199053,70570269.0,70570269.0,1.0
counterfactual,281,57,1,Hunan Province,-0.959411342433422,70570269.0,70570269.0,1.0
counterfactual,282,57,2,Hunan Province,0.15709783994445586,70570269.0,70570269.0,1.0
counterfactual,283,57,3,Hunan Province,0.3038678917269451,70570269.0,70570269.0,1.0
counterfactual,284,57,4,Hunan Province,-0.20361748016509862,70570269.0,70570269.0,1.0
counterfactual,285,57,5,Hunan Province,0.1898045501144182,70570269.0,70570269.0,1.0
counterfactual,286,58,1,Hunan Province,0.054744608261487436,70570269.0,70570269.0,1.0
counterfactual,287,58,2,Hunan Province,0.11565541996514885,70570269.0,70570269.0,1.0
counterfactual,288,58,3,Hunan Province,-0.007461328902508251,70570269.0,70570269.0,1.0
counterfactual,289,58,4,Hunan Province,-0.09073390681053535,70570269.0,70570269.0,1.0
counterfactual,290,58,5,Hunan Province,0.17525743111676442,70570269.0,70570269.0,1.0
counterfactual,291,59,1,Hunan Province,0.4749406808259007,70570269.0,70570269.0,1.0
counterfactual,292,59,2,Hunan Province,0.7672584388996659,70570269.0,70570269.0,1.0
counterfactual,293,59,3,Hunan Province,0.7388860636246534,70570269.0,70570269.0,1.0
counterfactual,294,59,4,Hunan Province,0.5085266557292349,70570269.0,70570269.0,1.0
counterfactual,295,59,5,Hunan Province,0.5967954569825036,70570269.0,70570269.0,1.0
counterfactual,296,60,1,Hunan Province,-0.9464603354832529,70570269.0,70570269.0,1.0
counterfactual,297,60,2,Hunan Province,-0.5555714103498708,70570269.0,70570269.0,1.0
counterfactual,298,60,3,Hunan Province,0.1770499417128608,70570269.0,70570269.0,1.0
counterfactual,299,60,4,Hunan Province,-0.014194712604679543,70570269.0,70570269.0,1.0
counterfactual,300,60,5,Hunan Province,0.41330206282754395,70570269.0,70570269.0,1.0
counterfactual,301,61,1,Hunan Province,0.888036261719131,70570269.0,70570269.0,1.0
counterfactual,302,61,2,Hunan Province,0.914272021112457,70570269.0,70570269.0,1.0
counterfactual,303,61,3,Hunan Province,0.4165107818351197,70570269.0,70570269.0,1.0
counterfactual,304,61,4,Hunan Province,0.3965555794453826,70570269.0,70570269.0,1.0
counterfactual,305,61,5,Hunan Province,0.2382901577436841,70570269.0,70570269.0,1.0
counterfactual,306,62,1,Hunan Province,-0.25830022213183135,70570269.0,70570269.0,1.0
counterfactual,307,62,2,Hunan Province,-0.4284112854547642,70570269.0,70570269.0,1.0
counterfactual,308,62,3,Hunan Province,-0.12355985470691244,70570269.0,70570269.0,1.0
counterfactual,309,62,4,Hunan Province,-0.3457268843659231,70570269.0,70570269.0,1.0
counterfactual,310,62,5,Hunan Province,0.14843096250017757,70570269.0,70570269.0,1.0
counterfactual,311,63,1,Hunan Province,0.26688448651533936,70570269.0,70570269.0,1.0
counterfactual,312,63,2,Hunan Province,-0.3416367196793518,70570269.0,70570269.0,1.0
counterfactual,313,63,3,Hunan Province,-0.7086444764157581,70570269.0,70570269.0,1.0
counterfactual,314,63,4,Hunan Province,0.7359831189131077,70570269.0,70570269.0,1.0
counterfactual,315,63,5,Hunan Province,1.2548562063308886,70570269.0,70570269.0,1.0
counterfactual,316,64,1,Hunan Province,0.6241591036657436,70570269.0,70570269.0,1.0
counterfactual,317,64,2,Hunan Province,0.5874340709971876,70570269.0,70570269.0,1.0
counterfactual,318,64,3,Hunan Province,0.13766816084463768,70570269.0,70570269.0,1.0
counterfactual,319,64,4,Hunan Province,0.9114355984773286,70570269.0,70570269.0,1.0
counterfactual,320,64,5,Hunan Province,-0.09313494879134462,70570269.0,70570269.0,1.0
counterfactual,321,65,1,Hunan Province,0.5635092875143802,70570269.0,70570269.0,1.0
counterfactual,322,65,2,Hunan Province,0.5007550208020922,70570269.0,70570269.0,1.0
counterfactual,323,65,3,Hunan Province,0.5112374639474974,70570269.0,70570269.0,1.0
counterfactual,324,65,4,Hunan Province,0.08800778039606881,70570269.0,70570269.0,1.0
counterfactual,325,65,5,Hunan Province,0.5016476284804441,70570269.0,70570269.0,1.0
counterfactual,326,66,1,Hunan Province,-0.031011479863284164,70570269.0,70570269.0,1.0
counterfactual,327,66,2,Hunan Province,0.8163638544386697,70570269.0,70570269.0,1.0
counterfactual,328,66,3,Hunan Province,0.31223329107085074,70570269.0,70570269.0,1.0
counterfactual,329,66,4,Hunan Province,-0.13718531908807519,70570269.0,70570269.0,1.0
counterfactual,330,66,5,Hunan Province,0.7910683687800083,70570269.0,70570269.0,1.0
counterfactual,331,67,1,Hunan Province,0.3219035779411821,70570269.0,70570269.0,1.0
counterfactual,332,67,2,Hunan Province,0.19843917720635437,70570269.0,70570269.0,1.0
counterfactual,333,67,3,Hunan Province,-0.05741994425730269,70570269.0,70570269.0,1.0
counterfactual,334,67,4,Hunan Province,0.2157769266944431,70570269.0,70570269.0,1.0
counterfactual,335,67,5,Hunan Province,0.03300693827695117,70570269.0,70570269.0,1.0
counterfactual,336,68,1,Hunan Province,0.6556718765114601,70570269.0,70570269.0,1.0
counterfactual,337,68,2,Hunan Province,-1.0071255807102724,70570269.0,70570269.0,1.0
counterfactual,338,68,3,Hunan Province,-0.9216129919410184,70570269.0,70570269.0,1.0
counterfactual,339,68,4,Hunan Province,1.4853860639385876,70570269.0,70570269.0,1.0
counterfactual,340,68,5,Hunan Province,-0.7483999400124327,70570269.0,70570269.0,1.0
counterfactual,341,69,1,Hunan Province,0.9423722123668572,70570269.0,70570269.0,1.0
counterfactual,342,69,2,Hunan Province,-0.17260392480622638,70570269.0,70570269.0,1.0
counterfactual,343,69,3,Hunan Province,-0.18984749576116472,70570269.0,70570269.0,1.0
counterfactual,344,69,4,Hunan Province,-0.10626200915383194,70570269.0,70570269.0,1.0
counterfactual,345,69,5,Hunan Province,0.7817979206023221,70570269.0,70570269.0,1.0
counterfactual,346,70,1,Hunan Province,0.40650290878640616,70570269.0,70570269.0,1.0
counterfactual,347,70,2,Hunan Province,0.7842782497303938,70570269.0,70570269.0,1.0
counterfactual,348,70,3,Hunan Province,0.3223392044883324,70570269.0,70570269.0,1.0
counterfactual,349,70,4,Hunan Province,-0.10725351248057881,70570269.0,70570269.0,1.0
counterfactual,350,70,5,Hunan Province,-0.8782932923603896,70570269.0,70570269.0,1.0
counterfactual,351,71,1,Hunan Province,0.8946028118360122,70570269.0,70570269.0,1.0
counterfactual,352,71,2,Hunan Province,-0.5016230084717823,70570269.0,70570269.0,1.0
counterfactual,353,71,3,Hunan Province,-0.27325303440683624,70570269.0,70570269.0,1.0
counterfactual,354,71,4,Hunan Province,0.7121072801278197,70570269.0,70570269.0,1.0
counterfactual,355,71,5,Hunan Province,0.07642867752461602,70570269.0,70570269.0,1.0
counterfactual,356,72,1,Hunan Province,0.8539313550554782,70570269.0,70570269.0,1.0
counterfactual,357,72,2,Hunan Province,0.2961926417778248,70570269.0,70570269.0,1.0
counterfactual,358,72,3,Hunan Province,-0.08383530267177673,70570269.0,70570269.0,1.0
counterfactual,359,72,4,Hunan Province,-0.5694383526721651,70570269.0,70570269.0,1.0
counterfactual,360,72,5,Hunan Province,1.2858574874127873,70570269.0,70570269.0,1.0
counterfactual,361,73,1,Hunan Province,0.3430765469876246,70570269.0,70570269.0,1.0
counterfactual,362,73,2,Hunan Province,0.5062710509656775,70570269.0,70570269.0,1.0
counterfactual,363,73,3,Hunan Province,1.2565286968717289,70570269.0,70570269.0,1.0
counterfactual,364,73,4,Hunan Province,0.5140374626075209,70570269.0,70570269.0,1.0
counterfactual,365,73,5,Hunan Province,0.17585513714641554,70570269.0,70570269.0,1.0
counterfactual,366,74,1,Hunan Province,0.3139896647387015,70570269.0,70570269.0,1.0
counterfactual,367,74,2,Hunan Province,1.5717905953946625,70570269.0,70570269.0,1.0
counterfactual,368,74,3,Hunan Province,1.180852442654455,70570269.0,70570269.0,1.0
counterfactual,369,74,4,Hunan Province,0.693506833955192,70570269.0,70570269.0,1.0
counterfactual,370,74,5,Hunan Province,-0.021940698849068692,70570269.0,70570269.0,1.0
counterfactual,371,75,1,Hunan Province,0.3970893177683013,70570269.0,70570269.0,1.0
counterfactual,372,75,2,Hunan Province,0.4787398733027331,70570269.0,70570269.0,1.0
counterfactual,373,75,3,Hunan Province,1.049576269849063,70570269.0,70570269.0,1.0
counterfactual,374,75,4,Hunan Province,0.3808810977204661,70570269.0,70570269.0,1.0
counterfactual,375,75,5,Hunan Province,1.3116764885552996,70570269.0,70570269.0,1.0
counterfactual,376,76,1,Hunan Province,0.3276186265117776,70570269.0,70570269.0,1.0
counterfactual,377,76,2,Hunan Province,0.9650275175889419,70570269.0,70570269.0,1.0
counterfactual,378,76,3,Hunan Province,0.874052195359034,70570269.0,70570269.0,1.0
counterfactual,379,76,4,Hunan Province,-0.47077182403259604,70570269.0,70570269.0,1.0
counterfactual,380,76,5,Hunan Province,0.5307377913169037,70570269.0,70570269.0,1.0
counterfactual,381,77,1,Hunan Province,0.4434760842679268,70570269.0,70570269.0,1.0
counterfactual,382,77,2,Hunan Province,1.376849527490698,70570269.0,70570269.0,1.0
counterfactual,383,77,3,Hunan Province,-0.5910806990125356,70570269.0,70570269.0,1.0
counterfactual,384,77,4,Hunan Province,0.07236273779881063,70570269.0,70570269.0,1.0
counterfactual,385,77,5,Hunan Province,0.21818120195094656,70570269.0,70570269.0,1.0
counterfactual,386,78,1,Hunan Province,0.13320847875937988,70570269.0,70570269.0,1.0
counterfactual,387,78,2,Hunan Province,0.045790623666742775,70570269.0,70570269.0,1.0
counterfactual,388,78,3,Hunan Province,0.5624590603665713,70570269.0,70570269.0,1.0
counterfactual,389,78,4,Hunan Province,1.027337058036006,70570269.0,70570269.0,1.0
counterfactual,390,78,5,Hunan Province,0.29222011801137576,70570269.0,70570269.0,1.0
counterfactual,391,79,1,Hunan Province,0.09660264890758573,70570269.0,70570269.0,1.0
counterfactual,392,79,2,Hunan Province,-0.39798780496365216,70570269.0,70570269.0,1.0
counterfactual,393,79,3,Hunan Province,0.16589224457382087,70570269.0,70570269.0,1.0
counterfactual,394,79,4,Hunan Province,-0.17684827609666728,70570269.0,70570269.0,1.0
counterfactual,395,79,5,Hunan Province,-0.051813045329259406,70570269.0,70570269.0,1.0
counterfactual,396,80,1,Hunan Province,-0.3256211359938246,70570269.0,70570269.0,1.0
counterfactual,397,80,2,Hunan Province,0.25594663524669536,70570269.0,70570269.0,1.0
counterfactual,398,80,3,Hunan Province,-0.038903548677767796,70570269.0,70570269.0,1.0
counterfactual,399,80,4,Hunan Province,0.12018553195002919,70570269.0,70570269.0,1.0
counterfactual,400,80,5,Hunan Province,-0.2231410384748029,70570269.0,70570269.0,1.0
counterfactual,401,81,1,Hunan Province,0.6432513310670342,70570269.0,70570269.0,1.0
counterfactual,402,81,2,Hunan Province,0.6564725900892404,70570269.0,70570269.0,1.0
counterfactual,403,81,3,Hunan Province,-0.08121310748789415,70570269.0,70570269.0,1.0
counterfactual,404,81,4,Hunan Province,-0.15533481239794372,70570269.0,70570269.0,1.0
counterfactual,405,81,5,Hunan Province,-0.23595358550848503,70570269.0,70570269.0,1.0
counterfactual,406,82,1,Hunan Province,-0.4916711693052284,70570269.0,70570269.0,1.0
counterfactual,407,82,2,Hunan Province,0.9217180048168797,70570269.0,70570269.0,1.0
counterfactual,408,82,3,Hunan Province,-0.5530296372860128,70570269.0,70570269.0,1.0
counterfactual,409,82,4,Hunan Province,-0.4201433668690855,70570269.0,70570269.0,1.0
counterfactual,410,82,5,Hunan Province,0.5149973902704377,70570269.0,70570269.0,1.0
counterfactual,411,83,1,Hunan Province,-0.1004487343763639,70570269.0,70570269.0,1.0
counterfactual,412,83,2,Hunan Province,0.082004343675039,70570269.0,70570269.0,1.0
counterfactual,413,83,3,Hunan Province,-0.31108234810847324,70570269.0,70570269.0,1.0
counterfactual,414,83,4,Hunan Province,-0.8372027920710859,70570269.0,70570269.0,1.0
counterfactual,415,83,5,Hunan Province,0.4664568347806962,70570269.0,70570269.0,1.0
counterfactual,416,84,1,Hunan Province,0.8262203846334806,70570269.0,70570269.0,1.0
counterfactual,417,84,2,Hunan Province,-0.2536937214870476,70570269.0,70570269.0,1.0
counterfactual,418,84,3,Hunan Province,0.18963251825042018,70570269.0,70570269.0,1.0
counterfactual,419,84,4,Hunan Province,0.30510892134347317,70570269.0,70570269.0,1.0
counterfactual,420,84,5,Hunan Province,0.6098458369234695,70570269.0,70570269.0,1.0
counterfactual,421,85,1,Hunan Province,1.0624650308047345,70570269.0,70570269.0,1.0
counterfactual,422,85,2,Hunan Province,0.47523496933382553,70570269.0,70570269.0,1.0
counterfactual,423,85,3,Hunan Province,0.39515529652262954,70570269.0,70570269.0,1.0
counterfactual,424,85,4,Hunan Province,1.2753460940613006,70570269.0,70570269.0,1.0
counterfactual,425,85,5,Hunan Province,0.24599934785831037,70570269.0,70570269.0,1.0
counterfactual,426,86,1,Hunan Province,0.9414927268071734,70570269.0,70570269.0,1.0
counterfactual,427,86,2,Hunan Province,-0.4501683557319334,70570269.0,70570269.0,1.0
counterfactual,428,86,3,Hunan Province,0.2975852418443387,70570269.0,70570269.0,1.0
counterfactual,429,86,4,Hunan Province,-0.12582121123337486,70570269.0,70570269.0,1.0
counterfactual,430,86,5,Hunan Province,0.3469309226857987,70570269.0,70570269.0,1.0
counterfactual,431,87,1,Hunan Province,0.04933667521035027,70570269.0,70570269.0,1.0
counterfactual,432,87,2,Hunan Province,0.7173994842705108,70570269.0,70570269.0,1.0
counterfactual,433,87,3,Hunan Province,-0.35026118053760336,70570269.0,70570269.0,1.0
counterfactual,434,87,4,Hunan Province,0.21193517591018385,70570269.0,70570269.0,1.0
counterfactual,435,87,5,Hunan Province,0.6056337828925278,70570269.0,70570269.0,1.0
counterfactual,436,88,1,Hunan Province,0.140763590592405,70570269.0,70570269.0,1.0
counterfactual,437,88,2,Hunan Province,-0.7307878364858831,70570269.0,70570269.0,1.0
counterfactual,438,88,3,Hunan Province,0.815757593563496,70570269.0,70570269.0,1.0
counterfactual,439,88,4,Hunan Province,0.0788963175217958,70570269.0,70570269.0,1.0
counterfactual,440,88,5,Hunan Province,0.13274241987087587,70570269.0,70570269.0,1.0
counterfactual,441,89,1,Hunan Province,0.7946546490866424,70570269.0,70570269.0,1.0
counterfactual,442,89,2,Hunan Province,0.8101245272920796,70570269.0,70570269.0,1.0
counterfactual,443,89,3,Hunan Province,0.21504750758606045,70570269.0,70570269.0,1.0
counterfactual,444,89,4,Hunan Province,0.2896115016318255,70570269.0,70570269.0,1.0
counterfactual,445,89,5,Hunan Province,-0.21193443759671823,70570269.0,70570269.0,1.0
counterfactual,446,90,1,Hunan Province,0.4098738670352634,70570269.0,70570269.0,1.0
counterfactual,447,90,2,Hunan Province,0.6062269554684496,70570269.0,70570269.0,1.0
counterfactual,448,90,3,Hunan Province,0.7155199089637501,70570269.0,70570269.0,1.0
counterfactual,449,90,4,Hunan Province,-0.26138654466743344,70570269.0,70570269.0,1.0
counterfactual,450,90,5,Hunan Province,-0.6765024963537764,70570269.0,70570269.0,1.0
counterfactual,451,91,1,Hunan Province,-0.7000587642496121,70570269.0,70570269.0,1.0
counterfactual,452,91,2,Hunan Province,0.5557401260513007,70570269.0,70570269.0,1.0
counterfactual,453,91,3,Hunan Province,0.30538866539028203,70570269.0,70570269.0,1.0
counterfactual,454,91,4,Hunan Province,-0.6087291764767183,70570269.0,70570269.0,1.0
counterfactual,455,91,5,Hunan Province,-0.057737832600559105,70570269.0,70570269.0,1.0
counterfactual,456,92,1,Hunan Province,0.27700159003317687,70570269.0,70570269.0,1.0
counterfactual,457,92,2,Hunan Province,1.2359468887467902,70570269.0,70570269.0,1.0
counterfactual,458,92,3,Hunan Province,0.9809770579513499,70570269.0,70570269.0,1.0
counterfactual,459,92,4,Hunan Province,0.7693422735008226,70570269.0,70570269.0,1.0
counterfactual,460,92,5,Hunan Province,-0.08853113796355866,70570269.0,70570269.0,1.0
counterfactual,461,93,1,Hunan Province,-0.9063858670570083,70570269.0,70570269.0,1.0
counterfactual,462,93,2,Hunan Province,0.11290531977052698,70570269.0,70570269.0,1.0
counterfactual,463,93,3,Hunan Province,-0.6458549119834461,70570269.0,70570269.0,1.0
counterfactual,464,93,4,Hunan Province,-0.11225507776822595,70570269.0,70570269.0,1.0
counterfactual,465,93,5,Hunan Province,-0.5377428141790326,70570269.0,70570269.0,1.0
counterfactual,466,94,1,Hunan Province,0.04927965982357375,70570269.0,70570269.0,1.0
counterfactual,467,94,2,Hunan Province,0.9964882576214806,70570269.0,70570269.0,1.0
counterfactual,468,94,3,Hunan Province,-0.5822231759289345,70570269.0,70570269.0,1.0
counterfactual,469,94,4,Hunan Province,0.5134261000193133,70570269.0,70570269.0,1.0
counterfactual,470,94,5,Hunan Province,1.121754128036563,70570269.0,70570269.0,1.0
counterfactual,471,95,1,Hunan Province,-0.5088337465086132,70570269.0,70570269.0,1.0
counterfactual,472,95,2,Hunan Province,1.2946675653577857,70570269.0,70570269.0,1.0
counterfactual,473,95,3,Hunan Province,0.34488595069674716,70570269.0,70570269.0,1.0
counterfactual,474,95,4,Hunan Province,-0.5939695875766374,70570269.0,70570269.0,1.0
counterfactual,475,95,5,Hunan Province,-0.32833072888470105,70570269.0,70570269.0,1.0
counterfactual,476,96,1,Hunan Province,-0.48920298660425227,70570269.0,70570269.0,1.0
counterfactual,477,96,2,Hunan Province,-0.4633539239160633,70570269.0,70570269.0,1.0
counterfactual,478,96,3,Hunan Province,-0.06982155712915623,70570269.0,70570269.0,1.0
counterfactual,479,96,4,Hunan Province,0.023084255620833053,70570269.0,70570269.0,1.0
counterfactual,480,96,5,Hunan Province,0.25480126947900256,70570269.0,70570269.0,1.0
counterfactual,481,97,1,Hunan Province,0.8555355493404837,70570269.0,70570269.0,1.0
counterfactual,482,97,2,Hunan Province,0.49054713717975035,70570269.0,70570269.0,1.0
counterfactual,483,97,3,Hunan Province,0.5651997109339043,70570269.0,70570269.0,1.0
counterfactual,484,97,4,Hunan Province,0.317080695543233,70570269.0,70570269.0,1.0
counterfactual,485,97,5,Hunan Province,0.38740637624293917,70570269.0,70570269.0,1.0
counterfactual,486,98,1,Hunan Province,-0.24604784430210933,70570269.0,70570269.0,1.0
counterfactual,487,98,2,Hunan Province,-0.155045037661325,70570269.0,70570269.0,1.0
counterfactual,488,98,3,Hunan Province,0.17540705039558332,70570269.0,70570269.0,1.0
counterfactual,489,98,4,Hunan Province,0.9560955396927171,70570269.0,70570269.0,1.0
counterfactual,490,98,5,Hunan Province,-0.12560528494987336,70570269.0,70570269.0,1.0
counterfactual,491,99,1,Hunan Province,0.2722919604695986,70570269.0,70570269.0,1.0
counterfactual,492,99,2,Hunan Province,0.35074099896981886,70570269.0,70570269.0,1.0
counterfactual,493,99,3,Hunan Province,0.32454458513203815,70570269.0,70570269.0,1.0
counterfactual,494,99,4,Hunan Province,0.7458230607741112,70570269.0,70570269.0,1.0
counterfactual,495,99,5,Hunan Province,0.30850972913392266,70570269.0,70570269.0,1.0
counterfactual,496,100,1,Hunan Province,0.6076854529190834,70570269.0,70570269.0,1.0
counterfactual,497,100,2,Hunan Province,-0.6445309857337048,70570269.0,70570269.0,1.0
counterfactual,498,100,3,Hunan Province,0.7653936151617896,70570269.0,70570269.0,1.0
counterfactual,499,100,4,Hunan Province,-1.3806988772462743,70570269.0,70570269.0,1.0
counterfactual,500,100,5,Hunan Province,0.3841361684116904,70570269.0,70570269.0,1.0
counterfactual,501,101,1,Hunan Province,0.696895790077196,70570269.0,70570269.0,1.0
counterfactual,502,101,2,Hunan Province,-0.052248137477502336,70570269.0,70570269.0,1.0
counterfactual,503,101,3,Hunan Province,0.7633442270644764,70570269.0,70570269.0,1.0
counterfactual,504,101,4,Hunan Province,0.33996482877066486,70570269.0,70570269.0,1.0
counterfactual,505,101,5,Hunan Province,0.04948253526487327,70570269.0,70570269.0,1.0
counterfactual,506,102,1,Hunan Province,0.263743802318543,70570269.0,70570269.0,1.0
counterfactual,507,102,2,Hunan Province,0.31794827418509425,70570269.0,70570269.0,1.0
counterfactual,508,102,3,Hunan Province,0.6817198232851277,70570269.0,70570269.0,1.0
counterfactual,509,102,4,Hunan Province,-0.1924197568154608,70570269.0,70570269.0,1.0
counterfactual,510,102,5,Hunan Province,0.2294605206837099,70570269.0,70570269.0,1.0
counterfactual,511,103,1,Hunan Province,0.8697800602060449,70570269.0,70570269.0,1.0
counterfactual,512,103,2,Hunan Province,-0.8535109232945353,70570269.0,70570269.0,1.0
counterfactual,513,103,3,Hunan Province,-0.0833629907178401,70570269.0,70570269.0,1.0
counterfactual,514,103,4,Hunan Province,0.5041634331383688,70570269.0,70570269.0,1.0
counterfactual,515,103,5,Hunan Province,-0.6238801431935527,70570269.0,70570269.0,1.0
counterfactual,516,104,1,Hunan Province,0.4755160680804244,70570269.0,70570269.0,1.0
counterfactual,517,104,2,Hunan Province,0.07660115377023476,70570269.0,70570269.0,1.0
counterfactual,518,104,3,Hunan Province,0.9757714401374138,70570269.0,70570269.0,1.0
counterfactual,519,104,4,Hunan Province,-0.4272056304819188,70570269.0,70570269.0,1.0
counterfactual,520,104,5,Hunan Province,-0.19826634437496413,70570269.0,70570269.0,1.0
counterfactual,521,105,1,Hunan Province,0.5130086459970007,70570269.0,70570269.0,1.0
counterfactual,522,105,2,Hunan Province,-0.4437197281059126,70570269.0,70570269.0,1.0
counterfactual,523,105,3,Hunan Province,1.1414755951556288,70570269.0,70570269.0,1.0
counterfactual,524,105,4,Hunan Province,-0.032127512118148745,70570269.0,70570269.0,1.0
counterfactual,525,105,5,Hunan Province,0.1538646093181203,70570269.0,70570269.0,1.0
counterfactual,1,1,1,Guizhou Province,0.24897725881181024,37452218.0,37452218.0,1.0
counterfactual,2,1,2,Guizhou Province,0.6095047522251225,37452218.0,37452218.0,1.0
counterfactual,3,1,3,Guizhou Province,-0.05818712910461833,37452218.0,37452218.0,1.0
counterfactual,4,1,4,Guizhou Province,0.4579881924742673,37452218.0,37452218.0,1.0
counterfactual,5,1,5,Guizhou Province,-0.08868629375950507,37452218.0,37452218.0,1.0
counterfactual,6,2,1,Guizhou Province,0.043896865492027794,37452218.0,37452218.0,1.0
counterfactual,7,2,2,Guizhou Province,0.5255594436468934,37452218.0,37452218.0,1.0
counterfactual,8,2,3,Guizhou Province,-0.48965984165669146,37452218.0,37452218.0,1.0
counterfactual,9,2,4,Guizhou Province,0.4586180870611858,37452218.0,37452218.0,1.0
counterfactual,10,2,5,Guizhou Province,0.4422252816369252,37452218.0,37452218.0,1.0
counterfactual,11,3,1,Guizhou Province,-0.08437897163783308,37452218.0,37452218.0,1.0
counterfactual,12,3,2,Guizhou Province,-0.12308018263422656,37452218.0,37452218.0,1.0
counterfactual,13,3,3,Guizhou Province,0.9291087935640836,37452218.0,37452218.0,1.0
counterfactual,14,3,4,Guizhou Province,-0.881043969385649,37452218.0,37452218.0,1.0
counterfactual,15,3,5,Guizhou Province,-0.4691769903748343,37452218.0,37452218.0,1.0
counterfactual,16,4,1,Guizhou Province,0.07209123161635113,37452218.0,37452218.0,1.0
counterfactual,17,4,2,Guizhou Province,-0.3772102648804337,37452218.0,37452218.0,1.0
counterfactual,18,4,3,Guizhou Province,-0.034379685712078785,37452218.0,37452218.0,1.0
counterfactual,19,4,4,Guizhou Province,0.22539238470053966,37452218.0,37452218.0,1.0
counterfactual,20,4,5,Guizhou Province,0.32276459882589714,37452218.0,37452218.0,1.0
counterfactual,21,5,1,Guizhou Province,-0.05928282551176727,37452218.0,37452218.0,1.0
counterfactual,22,5,2,Guizhou Province,0.527385843896826,37452218.0,37452218.0,1.0
counterfactual,23,5,3,Guizhou Province,0.8634751870349797,37452218.0,37452218.0,1.0
counterfactual,24,5,4,Guizhou Province,-0.2657288199711634,37452218.0,37452218.0,1.0
counterfactual,25,5,5,Guizhou Province,0.2271213517344465,37452218.0,37452218.0,1.0
counterfactual,26,6,1,Guizhou Province,0.2936501917709671,37452218.0,37452218.0,1.0
counterfactual,27,6,2,Guizhou Province,-0.06741140348599525,37452218.0,37452218.0,1.0
counterfactual,28,6,3,Guizhou Province,0.09149770629234934,37452218.0,37452218.0,1.0
counterfactual,29,6,4,Guizhou Province,-0.31649477896942835,37452218.0,37452218.0,1.0
counterfactual,30,6,5,Guizhou Province,-0.584327166638894,37452218.0,37452218.0,1.0
counterfactual,31,7,1,Guizhou Province,0.47135576825886244,37452218.0,37452218.0,1.0
counterfactual,32,7,2,Guizhou Province,-0.03046994593691961,37452218.0,37452218.0,1.0
counterfactual,33,7,3,Guizhou Province,-0.1379978095032888,37452218.0,37452218.0,1.0
counterfactual,34,7,4,Guizhou Province,0.11454633712383795,37452218.0,37452218.0,1.0
counterfactual,35,7,5,Guizhou Province,-0.5464484728010689,37452218.0,37452218.0,1.0
counterfactual,36,8,1,Guizhou Province,-0.09216637458604923,37452218.0,37452218.0,1.0
counterfactual,37,8,2,Guizhou Province,0.289308571386426,37452218.0,37452218.0,1.0
counterfactual,38,8,3,Guizhou Province,0.7131104211245557,37452218.0,37452218.0,1.0
counterfactual,39,8,4,Guizhou Province,0.48470759280165726,37452218.0,37452218.0,1.0
counterfactual,40,8,5,Guizhou Province,-0.4155647088329313,37452218.0,37452218.0,1.0
counterfactual,41,9,1,Guizhou Province,-0.5698137631913036,37452218.0,37452218.0,1.0
counterfactual,42,9,2,Guizhou Province,0.4506187531253082,37452218.0,37452218.0,1.0
counterfactual,43,9,3,Guizhou Province,-0.06185218548114417,37452218.0,37452218.0,1.0
counterfactual,44,9,4,Guizhou Province,0.8050249289607111,37452218.0,37452218.0,1.0
counterfactual,45,9,5,Guizhou Province,0.47948158952086417,37452218.0,37452218.0,1.0
counterfactual,46,10,1,Guizhou Province,0.37931775827559233,37452218.0,37452218.0,1.0
counterfactual,47,10,2,Guizhou Province,0.5011374408936468,37452218.0,37452218.0,1.0
counterfactual,48,10,3,Guizhou Province,0.8765481854036308,37452218.0,37452218.0,1.0
counterfactual,49,10,4,Guizhou Province,-0.8502932615752743,37452218.0,37452218.0,1.0
counterfactual,50,10,5,Guizhou Province,0.08845403580501471,37452218.0,37452218.0,1.0
counterfactual,51,11,1,Guizhou Province,0.4991561232766421,37452218.0,37452218.0,1.0
counterfactual,52,11,2,Guizhou Province,0.3794865037437901,37452218.0,37452218.0,1.0
counterfactual,53,11,3,Guizhou Province,0.17501412170312391,37452218.0,37452218.0,1.0
counterfactual,54,11,4,Guizhou Province,-0.8215198975624601,37452218.0,37452218.0,1.0
counterfactual,55,11,5,Guizhou Province,-0.38079590689117504,37452218.0,37452218.0,1.0
counterfactual,56,12,1,Guizhou Province,0.325873259667586,37452218.0,37452218.0,1.0
counterfactual,57,12,2,Guizhou Province,-0.11168928548474978,37452218.0,37452218.0,1.0
counterfactual,58,12,3,Guizhou Province,-0.4365118456353452,37452218.0,37452218.0,1.0
counterfactual,59,12,4,Guizhou Province,-0.13415783948908958,37452218.0,37452218.0,1.0
counterfactual,60,12,5,Guizhou Province,0.5516579817003563,37452218.0,37452218.0,1.0
counterfactual,61,13,1,Guizhou Province,0.19303742042764327,37452218.0,37452218.0,1.0
counterfactual,62,13,2,Guizhou Province,-0.9073917852380557,37452218.0,37452218.0,1.0
counterfactual,63,13,3,Guizhou Province,0.147319197886727,37452218.0,37452218.0,1.0
counterfactual,64,13,4,Guizhou Province,-0.1004618308091835,37452218.0,37452218.0,1.0
counterfactual,65,13,5,Guizhou Province,-0.6053258872695592,37452218.0,37452218.0,1.0
counterfactual,66,14,1,Guizhou Province,0.4561481761130686,37452218.0,37452218.0,1.0
counterfactual,67,14,2,Guizhou Province,-0.26259317761386997,37452218.0,37452218.0,1.0
counterfactual,68,14,3,Guizhou Province,0.37644830702044657,37452218.0,37452218.0,1.0
counterfactual,69,14,4,Guizhou Province,-0.3693237010978983,37452218.0,37452218.0,1.0
counterfactual,70,14,5,Guizhou Province,0.39779198031547724,37452218.0,37452218.0,1.0
counterfactual,71,15,1,Guizhou Province,0.2476776104121931,37452218.0,37452218.0,1.0
counterfactual,72,15,2,Guizhou Province,0.6155124317044895,37452218.0,37452218.0,1.0
counterfactual,73,15,3,Guizhou Province,-0.24767212812929276,37452218.0,37452218.0,1.0
counterfactual,74,15,4,Guizhou Province,0.07028564746216438,37452218.0,37452218.0,1.0
counterfactual,75,15,5,Guizhou Province,-0.2992376783307475,37452218.0,37452218.0,1.0
counterfactual,76,16,1,Guizhou Province,0.499805906305666,37452218.0,37452218.0,1.0
counterfactual,77,16,2,Guizhou Province,0.456941659330727,37452218.0,37452218.0,1.0
counterfactual,78,16,3,Guizhou Province,0.13390865280083608,37452218.0,37452218.0,1.0
counterfactual,79,16,4,Guizhou Province,-0.008604616220426674,37452218.0,37452218.0,1.0
counterfactual,80,16,5,Guizhou Province,1.0179066248538804,37452218.0,37452218.0,1.0
counterfactual,81,17,1,Guizhou Province,-0.028919661909947544,37452218.0,37452218.0,1.0
counterfactual,82,17,2,Guizhou Province,-0.4661488514098228,37452218.0,37452218.0,1.0
counterfactual,83,17,3,Guizhou Province,-0.09623119063712528,37452218.0,37452218.0,1.0
counterfactual,84,17,4,Guizhou Province,-0.7917503995651115,37452218.0,37452218.0,1.0
counterfactual,85,17,5,Guizhou Province,-0.21155461284324883,37452218.0,37452218.0,1.0
counterfactual,86,18,1,Guizhou Province,0.6644005648789967,37452218.0,37452218.0,1.0
counterfactual,87,18,2,Guizhou Province,0.5848683442001146,37452218.0,37452218.0,1.0
counterfactual,88,18,3,Guizhou Province,0.7085364416172605,37452218.0,37452218.0,1.0
counterfactual,89,18,4,Guizhou Province,-0.6809078212603924,37452218.0,37452218.0,1.0
counterfactual,90,18,5,Guizhou Province,0.4348352767055631,37452218.0,37452218.0,1.0
counterfactual,91,19,1,Guizhou Province,0.23974684951623326,37452218.0,37452218.0,1.0
counterfactual,92,19,2,Guizhou Province,0.3053942085780709,37452218.0,37452218.0,1.0
counterfactual,93,19,3,Guizhou Province,0.6731116778947437,37452218.0,37452218.0,1.0
counterfactual,94,19,4,Guizhou Province,-0.04895566383948117,37452218.0,37452218.0,1.0
counterfactual,95,19,5,Guizhou Province,-0.46707695549663353,37452218.0,37452218.0,1.0
counterfactual,96,20,1,Guizhou Province,0.70555044084898,37452218.0,37452218.0,1.0
counterfactual,97,20,2,Guizhou Province,-0.2640256255947984,37452218.0,37452218.0,1.0
counterfactual,98,20,3,Guizhou Province,1.1269973520676835,37452218.0,37452218.0,1.0
counterfactual,99,20,4,Guizhou Province,-0.8203877800241491,37452218.0,37452218.0,1.0
counterfactual,100,20,5,Guizhou Province,0.284279168003563,37452218.0,37452218.0,1.0
counterfactual,101,21,1,Guizhou Province,-0.2776590709897834,37452218.0,37452218.0,1.0
counterfactual,102,21,2,Guizhou Province,0.2212910480132683,37452218.0,37452218.0,1.0
counterfactual,103,21,3,Guizhou Province,0.9043207424055897,37452218.0,37452218.0,1.0
counterfactual,104,21,4,Guizhou Province,1.411935503178297,37452218.0,37452218.0,1.0
counterfactual,105,21,5,Guizhou Province,0.45596934543308626,37452218.0,37452218.0,1.0
counterfactual,106,22,1,Guizhou Province,-0.004426248727641114,37452218.0,37452218.0,1.0
counterfactual,107,22,2,Guizhou Province,0.9275254448707225,37452218.0,37452218.0,1.0
counterfactual,108,22,3,Guizhou Province,-0.5357171780371183,37452218.0,37452218.0,1.0
counterfactual,109,22,4,Guizhou Province,-0.7485257941726338,37452218.0,37452218.0,1.0
counterfactual,110,22,5,Guizhou Province,-0.22476496580251157,37452218.0,37452218.0,1.0
counterfactual,111,23,1,Guizhou Province,-0.43853341424307424,37452218.0,37452218.0,1.0
counterfactual,112,23,2,Guizhou Province,0.47883339543058956,37452218.0,37452218.0,1.0
counterfactual,113,23,3,Guizhou Province,0.41448709892194135,37452218.0,37452218.0,1.0
counterfactual,114,23,4,Guizhou Province,0.10538245606100013,37452218.0,37452218.0,1.0
counterfactual,115,23,5,Guizhou Province,-0.14860723926861796,37452218.0,37452218.0,1.0
counterfactual,116,24,1,Guizhou Province,0.10493454220478889,37452218.0,37452218.0,1.0
counterfactual,117,24,2,Guizhou Province,0.15651745940254297,37452218.0,37452218.0,1.0
counterfactual,118,24,3,Guizhou Province,0.5318335700741433,37452218.0,37452218.0,1.0
counterfactual,119,24,4,Guizhou Province,0.5864952537790686,37452218.0,37452218.0,1.0
counterfactual,120,24,5,Guizhou Province,-1.5250116525966448,37452218.0,37452218.0,1.0
counterfactual,121,25,1,Guizhou Province,0.5620820779968619,37452218.0,37452218.0,1.0
counterfactual,122,25,2,Guizhou Province,0.8280838032518408,37452218.0,37452218.0,1.0
counterfactual,123,25,3,Guizhou Province,-0.6344578673118065,37452218.0,37452218.0,1.0
counterfactual,124,25,4,Guizhou Province,-0.1910938939326357,37452218.0,37452218.0,1.0
counterfactual,125,25,5,Guizhou Province,0.636635101498638,37452218.0,37452218.0,1.0
counterfactual,126,26,1,Guizhou Province,-0.25417566688402565,37452218.0,37452218.0,1.0
counterfactual,127,26,2,Guizhou Province,-0.5032436504202024,37452218.0,37452218.0,1.0
counterfactual,128,26,3,Guizhou Province,-0.08799666834420858,37452218.0,37452218.0,1.0
counterfactual,129,26,4,Guizhou Province,-0.30158288418219503,37452218.0,37452218.0,1.0
counterfactual,130,26,5,Guizhou Province,0.2690657342262871,37452218.0,37452218.0,1.0
counterfactual,131,27,1,Guizhou Province,0.4840926586936589,37452218.0,37452218.0,1.0
counterfactual,132,27,2,Guizhou Province,0.40120063183257815,37452218.0,37452218.0,1.0
counterfactual,133,27,3,Guizhou Province,0.04894526691617311,37452218.0,37452218.0,1.0
counterfactual,134,27,4,Guizhou Province,-0.8186420868224957,37452218.0,37452218.0,1.0
counterfactual,135,27,5,Guizhou Province,0.45122181733971806,37452218.0,37452218.0,1.0
counterfactual,136,28,1,Guizhou Province,-1.0047716126693975,37452218.0,37452218.0,1.0
counterfactual,137,28,2,Guizhou Province,0.4900491066791744,37452218.0,37452218.0,1.0
counterfactual,138,28,3,Guizhou Province,0.5949094771547286,37452218.0,37452218.0,1.0
counterfactual,139,28,4,Guizhou Province,-0.6607707299129174,37452218.0,37452218.0,1.0
counterfactual,140,28,5,Guizhou Province,0.024319499305358126,37452218.0,37452218.0,1.0
counterfactual,141,29,1,Guizhou Province,-0.3614312694300626,37452218.0,37452218.0,1.0
counterfactual,142,29,2,Guizhou Province,0.5767511706813027,37452218.0,37452218.0,1.0
counterfactual,143,29,3,Guizhou Province,0.06288779905072944,37452218.0,37452218.0,1.0
counterfactual,144,29,4,Guizhou Province,0.004197749518610091,37452218.0,37452218.0,1.0
counterfactual,145,29,5,Guizhou Province,-0.22400202258482546,37452218.0,37452218.0,1.0
counterfactual,146,30,1,Guizhou Province,-0.3044524188035957,37452218.0,37452218.0,1.0
counterfactual,147,30,2,Guizhou Province,-0.07510599011844067,37452218.0,37452218.0,1.0
counterfactual,148,30,3,Guizhou Province,0.5122434997903226,37452218.0,37452218.0,1.0
counterfactual,149,30,4,Guizhou Province,0.9102574093233885,37452218.0,37452218.0,1.0
counterfactual,150,30,5,Guizhou Province,1.0747708821128463,37452218.0,37452218.0,1.0
counterfactual,151,31,1,Guizhou Province,-0.4685804574096718,37452218.0,37452218.0,1.0
counterfactual,152,31,2,Guizhou Province,1.3894451519505417,37452218.0,37452218.0,1.0
counterfactual,153,31,3,Guizhou Province,-0.10873779835187079,37452218.0,37452218.0,1.0
counterfactual,154,31,4,Guizhou Province,-0.7260851023477647,37452218.0,37452218.0,1.0
counterfactual,155,31,5,Guizhou Province,0.4406860934552927,37452218.0,37452218.0,1.0
counterfactual,156,32,1,Guizhou Province,0.33346221117709024,37452218.0,37452218.0,1.0
counterfactual,157,32,2,Guizhou Province,-0.17246374896412575,37452218.0,37452218.0,1.0
counterfactual,158,32,3,Guizhou Province,-0.22250829584646128,37452218.0,37452218.0,1.0
counterfactual,159,32,4,Guizhou Province,-0.14655121536588803,37452218.0,37452218.0,1.0
counterfactual,160,32,5,Guizhou Province,-0.8695522755183486,37452218.0,37452218.0,1.0
counterfactual,161,33,1,Guizhou Province,-0.9467978292555592,37452218.0,37452218.0,1.0
counterfactual,162,33,2,Guizhou Province,-0.11398531020338824,37452218.0,37452218.0,1.0
counterfactual,163,33,3,Guizhou Province,-0.43244314562403086,37452218.0,37452218.0,1.0
counterfactual,164,33,4,Guizhou Province,0.689975847881645,37452218.0,37452218.0,1.0
counterfactual,165,33,5,Guizhou Province,-0.7185220299050278,37452218.0,37452218.0,1.0
counterfactual,166,34,1,Guizhou Province,0.6260845046231865,37452218.0,37452218.0,1.0
counterfactual,167,34,2,Guizhou Province,0.808008389129974,37452218.0,37452218.0,1.0
counterfactual,168,34,3,Guizhou Province,0.8316879657526716,37452218.0,37452218.0,1.0
counterfactual,169,34,4,Guizhou Province,-0.517026479809931,37452218.0,37452218.0,1.0
counterfactual,170,34,5,Guizhou Province,-1.1894239285724328,37452218.0,37452218.0,1.0
counterfactual,171,35,1,Guizhou Province,-0.4305796333243679,37452218.0,37452218.0,1.0
counterfactual,172,35,2,Guizhou Province,1.177593035928007,37452218.0,37452218.0,1.0
counterfactual,173,35,3,Guizhou Province,-0.3506032272196883,37452218.0,37452218.0,1.0
counterfactual,174,35,4,Guizhou Province,1.0185181266833456,37452218.0,37452218.0,1.0
counterfactual,175,35,5,Guizhou Province,0.5024822178442887,37452218.0,37452218.0,1.0
counterfactual,176,36,1,Guizhou Province,1.3434701178300241,37452218.0,37452218.0,1.0
counterfactual,177,36,2,Guizhou Province,0.39709888931097126,37452218.0,37452218.0,1.0
counterfactual,178,36,3,Guizhou Province,0.23358758197749563,37452218.0,37452218.0,1.0
counterfactual,179,36,4,Guizhou Province,0.49530014540009915,37452218.0,37452218.0,1.0
counterfactual,180,36,5,Guizhou Province,-0.2888772712050119,37452218.0,37452218.0,1.0
counterfactual,181,37,1,Guizhou Province,-0.6071152037969052,37452218.0,37452218.0,1.0
counterfactual,182,37,2,Guizhou Province,0.6297806642255165,37452218.0,37452218.0,1.0
counterfactual,183,37,3,Guizhou Province,-0.05033799198776896,37452218.0,37452218.0,1.0
counterfactual,184,37,4,Guizhou Province,-0.8444832717873,37452218.0,37452218.0,1.0
counterfactual,185,37,5,Guizhou Province,0.12275432706504442,37452218.0,37452218.0,1.0
counterfactual,186,38,1,Guizhou Province,0.03771381503711535,37452218.0,37452218.0,1.0
counterfactual,187,38,2,Guizhou Province,0.029755750562187887,37452218.0,37452218.0,1.0
counterfactual,188,38,3,Guizhou Province,0.208948237057104,37452218.0,37452218.0,1.0
counterfactual,189,38,4,Guizhou Province,-0.17630283708380617,37452218.0,37452218.0,1.0
counterfactual,190,38,5,Guizhou Province,-0.3527705254930363,37452218.0,37452218.0,1.0
counterfactual,191,39,1,Guizhou Province,-0.23311420789253304,37452218.0,37452218.0,1.0
counterfactual,192,39,2,Guizhou Province,0.17559620793071515,37452218.0,37452218.0,1.0
counterfactual,193,39,3,Guizhou Province,0.6853699531538925,37452218.0,37452218.0,1.0
counterfactual,194,39,4,Guizhou Province,-0.6445938936191697,37452218.0,37452218.0,1.0
counterfactual,195,39,5,Guizhou Province,0.45889471168401585,37452218.0,37452218.0,1.0
counterfactual,196,40,1,Guizhou Province,0.5089969634353018,37452218.0,37452218.0,1.0
counterfactual,197,40,2,Guizhou Province,-0.24990642068100885,37452218.0,37452218.0,1.0
counterfactual,198,40,3,Guizhou Province,0.8300482555617071,37452218.0,37452218.0,1.0
counterfactual,199,40,4,Guizhou Province,-0.03323962639064722,37452218.0,37452218.0,1.0
counterfactual,200,40,5,Guizhou Province,0.4469574358420685,37452218.0,37452218.0,1.0
counterfactual,201,41,1,Guizhou Province,0.34292258104326834,37452218.0,37452218.0,1.0
counterfactual,202,41,2,Guizhou Province,0.5708016881558403,37452218.0,37452218.0,1.0
counterfactual,203,41,3,Guizhou Province,0.5034328519977038,37452218.0,37452218.0,1.0
counterfactual,204,41,4,Guizhou Province,-0.6243324315751458,37452218.0,37452218.0,1.0
counterfactual,205,41,5,Guizhou Province,0.08211183215324505,37452218.0,37452218.0,1.0
counterfactual,206,42,1,Guizhou Province,-0.23938611294663192,37452218.0,37452218.0,1.0
counterfactual,207,42,2,Guizhou Province,-0.16310152420665464,37452218.0,37452218.0,1.0
counterfactual,208,42,3,Guizhou Province,-0.03591939194678222,37452218.0,37452218.0,1.0
counterfactual,209,42,4,Guizhou Province,1.1117032927796593,37452218.0,37452218.0,1.0
counterfactual,210,42,5,Guizhou Province,-0.12613788384087782,37452218.0,37452218.0,1.0
counterfactual,211,43,1,Guizhou Province,0.2515318389738785,37452218.0,37452218.0,1.0
counterfactual,212,43,2,Guizhou Province,0.9110936066351463,37452218.0,37452218.0,1.0
counterfactual,213,43,3,Guizhou Province,0.3852745343889298,37452218.0,37452218.0,1.0
counterfactual,214,43,4,Guizhou Province,-0.5042936289421779,37452218.0,37452218.0,1.0
counterfactual,215,43,5,Guizhou Province,-0.053301017942533474,37452218.0,37452218.0,1.0
counterfactual,216,44,1,Guizhou Province,0.207973308930439,37452218.0,37452218.0,1.0
counterfactual,217,44,2,Guizhou Province,0.7063464909628054,37452218.0,37452218.0,1.0
counterfactual,218,44,3,Guizhou Province,-0.47285862163580444,37452218.0,37452218.0,1.0
counterfactual,219,44,4,Guizhou Province,-0.43847223788450773,37452218.0,37452218.0,1.0
counterfactual,220,44,5,Guizhou Province,-0.013979036459852625,37452218.0,37452218.0,1.0
counterfactual,221,45,1,Guizhou Province,-0.925323795285062,37452218.0,37452218.0,1.0
counterfactual,222,45,2,Guizhou Province,0.03933687328140308,37452218.0,37452218.0,1.0
counterfactual,223,45,3,Guizhou Province,-0.029856123057744894,37452218.0,37452218.0,1.0
counterfactual,224,45,4,Guizhou Province,-0.24670663730374937,37452218.0,37452218.0,1.0
counterfactual,225,45,5,Guizhou Province,-0.07114390826025441,37452218.0,37452218.0,1.0
counterfactual,226,46,1,Guizhou Province,0.01788851170018679,37452218.0,37452218.0,1.0
counterfactual,227,46,2,Guizhou Province,0.5377172943942522,37452218.0,37452218.0,1.0
counterfactual,228,46,3,Guizhou Province,-0.2857699539703346,37452218.0,37452218.0,1.0
counterfactual,229,46,4,Guizhou Province,0.358136632329276,37452218.0,37452218.0,1.0
counterfactual,230,46,5,Guizhou Province,0.39636332892375703,37452218.0,37452218.0,1.0
counterfactual,231,47,1,Guizhou Province,0.5760459210032385,37452218.0,37452218.0,1.0
counterfactual,232,47,2,Guizhou Province,1.2701629216675516,37452218.0,37452218.0,1.0
counterfactual,233,47,3,Guizhou Province,0.28431686435843195,37452218.0,37452218.0,1.0
counterfactual,234,47,4,Guizhou Province,-0.26324669654173805,37452218.0,37452218.0,1.0
counterfactual,235,47,5,Guizhou Province,0.4301167362018058,37452218.0,37452218.0,1.0
counterfactual,236,48,1,Guizhou Province,-0.38197272501247015,37452218.0,37452218.0,1.0
counterfactual,237,48,2,Guizhou Province,1.0410564688281139,37452218.0,37452218.0,1.0
counterfactual,238,48,3,Guizhou Province,0.45306071029848927,37452218.0,37452218.0,1.0
counterfactual,239,48,4,Guizhou Province,-0.20936195703333577,37452218.0,37452218.0,1.0
counterfactual,240,48,5,Guizhou Province,0.16055168872484082,37452218.0,37452218.0,1.0
counterfactual,241,49,1,Guizhou Province,0.15679026192667306,37452218.0,37452218.0,1.0
counterfactual,242,49,2,Guizhou Province,-0.6697190209407952,37452218.0,37452218.0,1.0
counterfactual,243,49,3,Guizhou Province,-0.34499583288478847,37452218.0,37452218.0,1.0
counterfactual,244,49,4,Guizhou Province,0.10024402325866806,37452218.0,37452218.0,1.0
counterfactual,245,49,5,Guizhou Province,-0.1003050665056224,37452218.0,37452218.0,1.0
counterfactual,246,50,1,Guizhou Province,0.1671653408564159,37452218.0,37452218.0,1.0
counterfactual,247,50,2,Guizhou Province,0.22711828214831817,37452218.0,37452218.0,1.0
counterfactual,248,50,3,Guizhou Province,0.43670306928991326,37452218.0,37452218.0,1.0
counterfactual,249,50,4,Guizhou Province,0.4125100743434409,37452218.0,37452218.0,1.0
counterfactual,250,50,5,Guizhou Province,-0.6736981718849201,37452218.0,37452218.0,1.0
counterfactual,251,51,1,Guizhou Province,-0.2287185366150733,37452218.0,37452218.0,1.0
counterfactual,252,51,2,Guizhou Province,0.33544569322389856,37452218.0,37452218.0,1.0
counterfactual,253,51,3,Guizhou Province,-0.026020953239684383,37452218.0,37452218.0,1.0
counterfactual,254,51,4,Guizhou Province,0.22489000409440896,37452218.0,37452218.0,1.0
counterfactual,255,51,5,Guizhou Province,-0.16507524884571556,37452218.0,37452218.0,1.0
counterfactual,256,52,1,Guizhou Province,0.08250629419307579,37452218.0,37452218.0,1.0
counterfactual,257,52,2,Guizhou Province,-0.0015474832843979476,37452218.0,37452218.0,1.0
counterfactual,258,52,3,Guizhou Province,0.0422859617230185,37452218.0,37452218.0,1.0
counterfactual,259,52,4,Guizhou Province,-0.07796728760394726,37452218.0,37452218.0,1.0
counterfactual,260,52,5,Guizhou Province,0.5379065158929514,37452218.0,37452218.0,1.0
counterfactual,261,53,1,Guizhou Province,0.6932991298211261,37452218.0,37452218.0,1.0
counterfactual,262,53,2,Guizhou Province,0.15577786154473158,37452218.0,37452218.0,1.0
counterfactual,263,53,3,Guizhou Province,-0.10105544756739725,37452218.0,37452218.0,1.0
counterfactual,264,53,4,Guizhou Province,0.6141759307854815,37452218.0,37452218.0,1.0
counterfactual,265,53,5,Guizhou Province,0.3266160770355499,37452218.0,37452218.0,1.0
counterfactual,266,54,1,Guizhou Province,0.7846396909031362,37452218.0,37452218.0,1.0
counterfactual,267,54,2,Guizhou Province,-0.0499786321982738,37452218.0,37452218.0,1.0
counterfactual,268,54,3,Guizhou Province,0.7017590544843165,37452218.0,37452218.0,1.0
counterfactual,269,54,4,Guizhou Province,-0.17530311029642878,37452218.0,37452218.0,1.0
counterfactual,270,54,5,Guizhou Province,0.42190112919147627,37452218.0,37452218.0,1.0
counterfactual,271,55,1,Guizhou Province,0.4023915553647537,37452218.0,37452218.0,1.0
counterfactual,272,55,2,Guizhou Province,0.23938845893426966,37452218.0,37452218.0,1.0
counterfactual,273,55,3,Guizhou Province,0.14544895385412454,37452218.0,37452218.0,1.0
counterfactual,274,55,4,Guizhou Province,0.843967694542449,37452218.0,37452218.0,1.0
counterfactual,275,55,5,Guizhou Province,-0.36192443593424134,37452218.0,37452218.0,1.0
counterfactual,276,56,1,Guizhou Province,-0.260149115568026,37452218.0,37452218.0,1.0
counterfactual,277,56,2,Guizhou Province,-0.8353987541285461,37452218.0,37452218.0,1.0
counterfactual,278,56,3,Guizhou Province,1.0200210678681514,37452218.0,37452218.0,1.0
counterfactual,279,56,4,Guizhou Province,0.35252446405178794,37452218.0,37452218.0,1.0
counterfactual,280,56,5,Guizhou Province,0.2193984883029633,37452218.0,37452218.0,1.0
counterfactual,281,57,1,Guizhou Province,-0.5538919469277642,37452218.0,37452218.0,1.0
counterfactual,282,57,2,Guizhou Province,0.554895115997268,37452218.0,37452218.0,1.0
counterfactual,283,57,3,Guizhou Province,0.43252997881041594,37452218.0,37452218.0,1.0
counterfactual,284,57,4,Guizhou Province,-0.37700077616636146,37452218.0,37452218.0,1.0
counterfactual,285,57,5,Guizhou Province,-0.19936752303581384,37452218.0,37452218.0,1.0
counterfactual,286,58,1,Guizhou Province,0.5332804470195691,37452218.0,37452218.0,1.0
counterfactual,287,58,2,Guizhou Province,0.21155860415288488,37452218.0,37452218.0,1.0
counterfactual,288,58,3,Guizhou Province,-0.3022156477171414,37452218.0,37452218.0,1.0
counterfactual,289,58,4,Guizhou Province,0.027696684003208422,37452218.0,37452218.0,1.0
counterfactual,290,58,5,Guizhou Province,0.4210369123659292,37452218.0,37452218.0,1.0
counterfactual,291,59,1,Guizhou Province,0.2752503556083393,37452218.0,37452218.0,1.0
counterfactual,292,59,2,Guizhou Province,0.9668455983977754,37452218.0,37452218.0,1.0
counterfactual,293,59,3,Guizhou Province,-0.5535492108817857,37452218.0,37452218.0,1.0
counterfactual,294,59,4,Guizhou Province,0.19872956063030664,37452218.0,37452218.0,1.0
counterfactual,295,59,5,Guizhou Province,0.7821776287696818,37452218.0,37452218.0,1.0
counterfactual,296,60,1,Guizhou Province,-0.16809086915330126,37452218.0,37452218.0,1.0
counterfactual,297,60,2,Guizhou Province,-0.4409880054482598,37452218.0,37452218.0,1.0
counterfactual,298,60,3,Guizhou Province,0.45584301848324565,37452218.0,37452218.0,1.0
counterfactual,299,60,4,Guizhou Province,0.1788442090354981,37452218.0,37452218.0,1.0
counterfactual,300,60,5,Guizhou Province,-0.025811337607719618,37452218.0,37452218.0,1.0
counterfactual,301,61,1,Guizhou Province,1.057782872512891,37452218.0,37452218.0,1.0
counterfactual,302,61,2,Guizhou Province,0.38904861667880863,37452218.0,37452218.0,1.0
counterfactual,303,61,3,Guizhou Province,0.7509499830562384,37452218.0,37452218.0,1.0
counterfactual,304,61,4,Guizhou Province,0.16611630322845963,37452218.0,37452218.0,1.0
counterfactual,305,61,5,Guizhou Province,-0.695669612544632,37452218.0,37452218.0,1.0
counterfactual,306,62,1,Guizhou Province,-0.17605615308562783,37452218.0,37452218.0,1.0
counterfactual,307,62,2,Guizhou Province,0.8833400810161172,37452218.0,37452218.0,1.0
counterfactual,308,62,3,Guizhou Province,-0.5143113588716341,37452218.0,37452218.0,1.0
counterfactual,309,62,4,Guizhou Province,-0.7053579827267115,37452218.0,37452218.0,1.0
counterfactual,310,62,5,Guizhou Province,-0.027356108258177275,37452218.0,37452218.0,1.0
counterfactual,311,63,1,Guizhou Province,-0.38848010309363756,37452218.0,37452218.0,1.0
counterfactual,312,63,2,Guizhou Province,0.3652972689038975,37452218.0,37452218.0,1.0
counterfactual,313,63,3,Guizhou Province,-0.33528662005345944,37452218.0,37452218.0,1.0
counterfactual,314,63,4,Guizhou Province,0.5598478107337946,37452218.0,37452218.0,1.0
counterfactual,315,63,5,Guizhou Province,0.2986027815029803,37452218.0,37452218.0,1.0
counterfactual,316,64,1,Guizhou Province,0.4619148995956462,37452218.0,37452218.0,1.0
counterfactual,317,64,2,Guizhou Province,-0.5616808048731815,37452218.0,37452218.0,1.0
counterfactual,318,64,3,Guizhou Province,0.06524603263019847,37452218.0,37452218.0,1.0
counterfactual,319,64,4,Guizhou Province,0.8417718079943968,37452218.0,37452218.0,1.0
counterfactual,320,64,5,Guizhou Province,-0.18025815320272284,37452218.0,37452218.0,1.0
counterfactual,321,65,1,Guizhou Province,-0.47462201605277615,37452218.0,37452218.0,1.0
counterfactual,322,65,2,Guizhou Province,0.14666200010518532,37452218.0,37452218.0,1.0
counterfactual,323,65,3,Guizhou Province,0.009050412757710576,37452218.0,37452218.0,1.0
counterfactual,324,65,4,Guizhou Province,-0.379443247674436,37452218.0,37452218.0,1.0
counterfactual,325,65,5,Guizhou Province,0.010501963488808216,37452218.0,37452218.0,1.0
counterfactual,326,66,1,Guizhou Province,-0.3408866046744247,37452218.0,37452218.0,1.0
counterfactual,327,66,2,Guizhou Province,0.5886047251555969,37452218.0,37452218.0,1.0
counterfactual,328,66,3,Guizhou Province,0.3885123727310883,37452218.0,37452218.0,1.0
counterfactual,329,66,4,Guizhou Province,-0.7246211823646991,37452218.0,37452218.0,1.0
counterfactual,330,66,5,Guizhou Province,-0.03643528861654778,37452218.0,37452218.0,1.0
counterfactual,331,67,1,Guizhou Province,-0.5633558722140406,37452218.0,37452218.0,1.0
counterfactual,332,67,2,Guizhou Province,0.12633341828968386,37452218.0,37452218.0,1.0
counterfactual,333,67,3,Guizhou Province,0.147468534655052,37452218.0,37452218.0,1.0
counterfactual,334,67,4,Guizhou Province,-0.7504251118211432,37452218.0,37452218.0,1.0
counterfactual,335,67,5,Guizhou Province,-0.3314425900103299,37452218.0,37452218.0,1.0
counterfactual,336,68,1,Guizhou Province,-0.09793380665860861,37452218.0,37452218.0,1.0
counterfactual,337,68,2,Guizhou Province,-0.9869552974284558,37452218.0,37452218.0,1.0
counterfactual,338,68,3,Guizhou Province,0.009527001794852758,37452218.0,37452218.0,1.0
counterfactual,339,68,4,Guizhou Province,-0.008018483828450265,37452218.0,37452218.0,1.0
counterfactual,340,68,5,Guizhou Province,-0.6394748936583124,37452218.0,37452218.0,1.0
counterfactual,341,69,1,Guizhou Province,0.5351652090907373,37452218.0,37452218.0,1.0
counterfactual,342,69,2,Guizhou Province,-0.21171016325462214,37452218.0,37452218.0,1.0
counterfactual,343,69,3,Guizhou Province,-0.23972429924690294,37452218.0,37452218.0,1.0
counterfactual,344,69,4,Guizhou Province,-0.34647317094354746,37452218.0,37452218.0,1.0
counterfactual,345,69,5,Guizhou Province,0.8289077991636837,37452218.0,37452218.0,1.0
counterfactual,346,70,1,Guizhou Province,0.6832772258723067,37452218.0,37452218.0,1.0
counterfactual,347,70,2,Guizhou Province,0.41400718643749945,37452218.0,37452218.0,1.0
counterfactual,348,70,3,Guizhou Province,0.6392964401497663,37452218.0,37452218.0,1.0
counterfactual,349,70,4,Guizhou Province,-0.43359844422825466,37452218.0,37452218.0,1.0
counterfactual,350,70,5,Guizhou Province,-0.08075538320560896,37452218.0,37452218.0,1.0
counterfactual,351,71,1,Guizhou Province,0.8408944671995962,37452218.0,37452218.0,1.0
counterfactual,352,71,2,Guizhou Province,0.9333409524041637,37452218.0,37452218.0,1.0
counterfactual,353,71,3,Guizhou Province,0.00706327295528863,37452218.0,37452218.0,1.0
counterfactual,354,71,4,Guizhou Province,0.4206732185132114,37452218.0,37452218.0,1.0
counterfactual,355,71,5,Guizhou Province,0.47948984618655205,37452218.0,37452218.0,1.0
counterfactual,356,72,1,Guizhou Province,-0.014575746802260784,37452218.0,37452218.0,1.0
counterfactual,357,72,2,Guizhou Province,-0.02954573317257168,37452218.0,37452218.0,1.0
counterfactual,358,72,3,Guizhou Province,-0.30838877918476665,37452218.0,37452218.0,1.0
counterfactual,359,72,4,Guizhou Province,-0.5101566009713769,37452218.0,37452218.0,1.0
counterfactual,360,72,5,Guizhou Province,0.8772108164141356,37452218.0,37452218.0,1.0
counterfactual,361,73,1,Guizhou Province,0.4089662279835102,37452218.0,37452218.0,1.0
counterfactual,362,73,2,Guizhou Province,-0.6748176580319692,37452218.0,37452218.0,1.0
counterfactual,363,73,3,Guizhou Province,1.361595618435839,37452218.0,37452218.0,1.0
counterfactual,364,73,4,Guizhou Province,0.4352277883999529,37452218.0,37452218.0,1.0
counterfactual,365,73,5,Guizhou Province,-0.31905709887396344,37452218.0,37452218.0,1.0
counterfactual,366,74,1,Guizhou Province,0.25359000181356595,37452218.0,37452218.0,1.0
counterfactual,367,74,2,Guizhou Province,1.0626148365203467,37452218.0,37452218.0,1.0
counterfactual,368,74,3,Guizhou Province,0.6360520606194329,37452218.0,37452218.0,1.0
counterfactual,369,74,4,Guizhou Province,0.8359582872197125,37452218.0,37452218.0,1.0
counterfactual,370,74,5,Guizhou Province,0.12352195153757779,37452218.0,37452218.0,1.0
counterfactual,371,75,1,Guizhou Province,0.9165743336733018,37452218.0,37452218.0,1.0
counterfactual,372,75,2,Guizhou Province,0.35981110363013186,37452218.0,37452218.0,1.0
counterfactual,373,75,3,Guizhou Province,0.3936328238199122,37452218.0,37452218.0,1.0
counterfactual,374,75,4,Guizhou Province,-0.769952983631616,37452218.0,37452218.0,1.0
counterfactual,375,75,5,Guizhou Province,0.9248611464726743,37452218.0,37452218.0,1.0
counterfactual,376,76,1,Guizhou Province,-0.6603954325204616,37452218.0,37452218.0,1.0
counterfactual,377,76,2,Guizhou Province,0.7755593609088941,37452218.0,37452218.0,1.0
counterfactual,378,76,3,Guizhou Province,0.5375655414007822,37452218.0,37452218.0,1.0
counterfactual,379,76,4,Guizhou Province,0.14731321215993584,37452218.0,37452218.0,1.0
counterfactual,380,76,5,Guizhou Province,0.15916236148061794,37452218.0,37452218.0,1.0
counterfactual,381,77,1,Guizhou Province,0.3634727836142123,37452218.0,37452218.0,1.0
counterfactual,382,77,2,Guizhou Province,0.4779476286205094,37452218.0,37452218.0,1.0
counterfactual,383,77,3,Guizhou Province,0.18823111480841276,37452218.0,37452218.0,1.0
counterfactual,384,77,4,Guizhou Province,-0.09891774518167037,37452218.0,37452218.0,1.0
counterfactual,385,77,5,Guizhou Province,0.17966731578986184,37452218.0,37452218.0,1.0
counterfactual,386,78,1,Guizhou Province,-0.0072605264885838156,37452218.0,37452218.0,1.0
counterfactual,387,78,2,Guizhou Province,0.2880127957360535,37452218.0,37452218.0,1.0
counterfactual,388,78,3,Guizhou Province,0.3295526688712623,37452218.0,37452218.0,1.0
counterfactual,389,78,4,Guizhou Province,1.0341208566307367,37452218.0,37452218.0,1.0
counterfactual,390,78,5,Guizhou Province,-0.19256752642542718,37452218.0,37452218.0,1.0
counterfactual,391,79,1,Guizhou Province,0.9375148481474136,37452218.0,37452218.0,1.0
counterfactual,392,79,2,Guizhou Province,-0.34032092135578307,37452218.0,37452218.0,1.0
counterfactual,393,79,3,Guizhou Province,-0.13977409638303026,37452218.0,37452218.0,1.0
counterfactual,394,79,4,Guizhou Province,-0.24137706805319856,37452218.0,37452218.0,1.0
counterfactual,395,79,5,Guizhou Province,0.6430823496114337,37452218.0,37452218.0,1.0
counterfactual,396,80,1,Guizhou Province,-0.6482612152095217,37452218.0,37452218.0,1.0
counterfactual,397,80,2,Guizhou Province,-0.8508903549197009,37452218.0,37452218.0,1.0
counterfactual,398,80,3,Guizhou Province,-0.3122054597603705,37452218.0,37452218.0,1.0
counterfactual,399,80,4,Guizhou Province,-0.3372787826660397,37452218.0,37452218.0,1.0
counterfactual,400,80,5,Guizhou Province,-0.7002884210898602,37452218.0,37452218.0,1.0
counterfactual,401,81,1,Guizhou Province,0.8150731503931345,37452218.0,37452218.0,1.0
counterfactual,402,81,2,Guizhou Province,0.2958729516240915,37452218.0,37452218.0,1.0
counterfactual,403,81,3,Guizhou Province,-0.38139537703918897,37452218.0,37452218.0,1.0
counterfactual,404,81,4,Guizhou Province,0.2211682047620082,37452218.0,37452218.0,1.0
counterfactual,405,81,5,Guizhou Province,-0.1000326561069752,37452218.0,37452218.0,1.0
counterfactual,406,82,1,Guizhou Province,-0.1904743621046011,37452218.0,37452218.0,1.0
counterfactual,407,82,2,Guizhou Province,0.27609338898032243,37452218.0,37452218.0,1.0
counterfactual,408,82,3,Guizhou Province,-0.6649540096491975,37452218.0,37452218.0,1.0
counterfactual,409,82,4,Guizhou Province,0.2232209721801951,37452218.0,37452218.0,1.0
counterfactual,410,82,5,Guizhou Province,0.024863289128101995,37452218.0,37452218.0,1.0
counterfactual,411,83,1,Guizhou Province,-0.19399222910125757,37452218.0,37452218.0,1.0
counterfactual,412,83,2,Guizhou Province,0.9788895129411078,37452218.0,37452218.0,1.0
counterfactual,413,83,3,Guizhou Province,-0.22371032793748355,37452218.0,37452218.0,1.0
counterfactual,414,83,4,Guizhou Province,-0.3618780713952575,37452218.0,37452218.0,1.0
counterfactual,415,83,5,Guizhou Province,0.05963479666111922,37452218.0,37452218.0,1.0
counterfactual,416,84,1,Guizhou Province,1.2881246215414077,37452218.0,37452218.0,1.0
counterfactual,417,84,2,Guizhou Province,-0.5649758719553005,37452218.0,37452218.0,1.0
counterfactual,418,84,3,Guizhou Province,-0.49716453403555644,37452218.0,37452218.0,1.0
counterfactual,419,84,4,Guizhou Province,-0.12265724050339509,37452218.0,37452218.0,1.0
counterfactual,420,84,5,Guizhou Province,-0.24629474339051782,37452218.0,37452218.0,1.0
counterfactual,421,85,1,Guizhou Province,0.7496611231409224,37452218.0,37452218.0,1.0
counterfactual,422,85,2,Guizhou Province,-0.4807980689740236,37452218.0,37452218.0,1.0
counterfactual,423,85,3,Guizhou Province,0.669228849775937,37452218.0,37452218.0,1.0
counterfactual,424,85,4,Guizhou Province,0.7394222316940449,37452218.0,37452218.0,1.0
counterfactual,425,85,5,Guizhou Province,-0.25473614108260345,37452218.0,37452218.0,1.0
counterfactual,426,86,1,Guizhou Province,0.8887251240968721,37452218.0,37452218.0,1.0
counterfactual,427,86,2,Guizhou Province,-0.009106879378829003,37452218.0,37452218.0,1.0
counterfactual,428,86,3,Guizhou Province,0.33352910658649726,37452218.0,37452218.0,1.0
counterfactual,429,86,4,Guizhou Province,0.5154833682021468,37452218.0,37452218.0,1.0
counterfactual,430,86,5,Guizhou Province,0.429271852892447,37452218.0,37452218.0,1.0
counterfactual,431,87,1,Guizhou Province,-0.2484473746846534,37452218.0,37452218.0,1.0
counterfactual,432,87,2,Guizhou Province,-0.4895366907834815,37452218.0,37452218.0,1.0
counterfactual,433,87,3,Guizhou Province,0.1773359045863698,37452218.0,37452218.0,1.0
counterfactual,434,87,4,Guizhou Province,-0.34370713865499,37452218.0,37452218.0,1.0
counterfactual,435,87,5,Guizhou Province,0.19709734017277178,37452218.0,37452218.0,1.0
counterfactual,436,88,1,Guizhou Province,-0.03403103588987245,37452218.0,37452218.0,1.0
counterfactual,437,88,2,Guizhou Province,-0.17681479337264583,37452218.0,37452218.0,1.0
counterfactual,438,88,3,Guizhou Province,-0.2577551776552572,37452218.0,37452218.0,1.0
counterfactual,439,88,4,Guizhou Province,-0.3728377507233701,37452218.0,37452218.0,1.0
counterfactual,440,88,5,Guizhou Province,-0.5486593058127104,37452218.0,37452218.0,1.0
counterfactual,441,89,1,Guizhou Province,0.4944431422468115,37452218.0,37452218.0,1.0
counterfactual,442,89,2,Guizhou Province,0.4602710133826577,37452218.0,37452218.0,1.0
counterfactual,443,89,3,Guizhou Province,0.19378457411054445,37452218.0,37452218.0,1.0
counterfactual,444,89,4,Guizhou Province,-0.3553976557470243,37452218.0,37452218.0,1.0
counterfactual,445,89,5,Guizhou Province,0.3013500484028337,37452218.0,37452218.0,1.0
counterfactual,446,90,1,Guizhou Province,0.4894885009492063,37452218.0,37452218.0,1.0
counterfactual,447,90,2,Guizhou Province,0.18661313554253994,37452218.0,37452218.0,1.0
counterfactual,448,90,3,Guizhou Province,0.20983095276708183,37452218.0,37452218.0,1.0
counterfactual,449,90,4,Guizhou Province,0.35935950921200166,37452218.0,37452218.0,1.0
counterfactual,450,90,5,Guizhou Province,-0.36643613660351493,37452218.0,37452218.0,1.0
counterfactual,451,91,1,Guizhou Province,-0.3075967908643061,37452218.0,37452218.0,1.0
counterfactual,452,91,2,Guizhou Province,0.2908282693403202,37452218.0,37452218.0,1.0
counterfactual,453,91,3,Guizhou Province,0.6342895501384829,37452218.0,37452218.0,1.0
counterfactual,454,91,4,Guizhou Province,-0.17145386902814316,37452218.0,37452218.0,1.0
counterfactual,455,91,5,Guizhou Province,0.42880366188467456,37452218.0,37452218.0,1.0
counterfactual,456,92,1,Guizhou Province,-0.036901746714052136,37452218.0,37452218.0,1.0
counterfactual,457,92,2,Guizhou Province,0.82598001467331,37452218.0,37452218.0,1.0
counterfactual,458,92,3,Guizhou Province,0.5273022176173362,37452218.0,37452218.0,1.0
counterfactual,459,92,4,Guizhou Province,1.1893727141423727,37452218.0,37452218.0,1.0
counterfactual,460,92,5,Guizhou Province,-0.6699366109409608,37452218.0,37452218.0,1.0
counterfactual,461,93,1,Guizhou Province,0.4520986064314269,37452218.0,37452218.0,1.0
counterfactual,462,93,2,Guizhou Province,-0.6236333388325142,37452218.0,37452218.0,1.0
counterfactual,463,93,3,Guizhou Province,0.339242069382619,37452218.0,37452218.0,1.0
counterfactual,464,93,4,Guizhou Province,0.03774026117125284,37452218.0,37452218.0,1.0
counterfactual,465,93,5,Guizhou Province,0.5989747540143237,37452218.0,37452218.0,1.0
counterfactual,466,94,1,Guizhou Province,-0.05609940229230931,37452218.0,37452218.0,1.0
counterfactual,467,94,2,Guizhou Province,0.5109994702966871,37452218.0,37452218.0,1.0
counterfactual,468,94,3,Guizhou Province,0.07112792324979225,37452218.0,37452218.0,1.0
counterfactual,469,94,4,Guizhou Province,-0.2583495537704398,37452218.0,37452218.0,1.0
counterfactual,470,94,5,Guizhou Province,0.5430459640382891,37452218.0,37452218.0,1.0
counterfactual,471,95,1,Guizhou Province,-0.61020934654181,37452218.0,37452218.0,1.0
counterfactual,472,95,2,Guizhou Province,1.3954095389934773,37452218.0,37452218.0,1.0
counterfactual,473,95,3,Guizhou Province,-0.6184291260015362,37452218.0,37452218.0,1.0
counterfactual,474,95,4,Guizhou Province,0.05200395467736213,37452218.0,37452218.0,1.0
counterfactual,475,95,5,Guizhou Province,1.0314848347998022,37452218.0,37452218.0,1.0
counterfactual,476,96,1,Guizhou Province,-0.10927490587454107,37452218.0,37452218.0,1.0
counterfactual,477,96,2,Guizhou Province,-0.2984082647694534,37452218.0,37452218.0,1.0
counterfactual,478,96,3,Guizhou Province,0.14582864476845425,37452218.0,37452218.0,1.0
counterfactual,479,96,4,Guizhou Province,-0.47829938494143365,37452218.0,37452218.0,1.0
counterfactual,480,96,5,Guizhou Province,-0.4506550349250607,37452218.0,37452218.0,1.0
counterfactual,481,97,1,Guizhou Province,0.556385786357485,37452218.0,37452218.0,1.0
counterfactual,482,97,2,Guizhou Province,0.3070574523691274,37452218.0,37452218.0,1.0
counterfactual,483,97,3,Guizhou Province,0.205630957921678,37452218.0,37452218.0,1.0
counterfactual,484,97,4,Guizhou Province,0.3771138159369798,37452218.0,37452218.0,1.0
counterfactual,485,97,5,Guizhou Province,-0.9156335394184498,37452218.0,37452218.0,1.0
counterfactual,486,98,1,Guizhou Province,-0.4619809410574563,37452218.0,37452218.0,1.0
counterfactual,487,98,2,Guizhou Province,-0.15915406515128544,37452218.0,37452218.0,1.0
counterfactual,488,98,3,Guizhou Province,-0.29311674045435576,37452218.0,37452218.0,1.0
counterfactual,489,98,4,Guizhou Province,0.34296642963130525,37452218.0,37452218.0,1.0
counterfactual,490,98,5,Guizhou Province,-0.30298107826246456,37452218.0,37452218.0,1.0
counterfactual,491,99,1,Guizhou Province,-0.4343112506320388,37452218.0,37452218.0,1.0
counterfactual,492,99,2,Guizhou Province,0.3521659397696652,37452218.0,37452218.0,1.0
counterfactual,493,99,3,Guizhou Province,0.07766892707310663,37452218.0,37452218.0,1.0
counterfactual,494,99,4,Guizhou Province,0.008892326773054356,37452218.0,37452218.0,1.0
counterfactual,495,99,5,Guizhou Province,0.3242453662011213,37452218.0,37452218.0,1.0
counterfactual,496,100,1,Guizhou Province,0.6552465601125896,37452218.0,37452218.0,1.0
counterfactual,497,100,2,Guizhou Province,-0.08593652804957032,37452218.0,37452218.0,1.0
counterfactual,498,100,3,Guizhou Province,0.13515528673203278,37452218.0,37452218.0,1.0
counterfactual,499,100,4,Guizhou Province,-1.1794795823698985,37452218.0,37452218.0,1.0
counterfactual,500,100,5,Guizhou Province,0.07902389606354637,37452218.0,37452218.0,1.0
counterfactual,501,101,1,Guizhou Province,0.6329005030341484,37452218.0,37452218.0,1.0
counterfactual,502,101,2,Guizhou Province,0.33830377562348984,37452218.0,37452218.0,1.0
counterfactual,503,101,3,Guizhou Province,0.28411517585826584,37452218.0,37452218.0,1.0
counterfactual,504,101,4,Guizhou Province,0.8693017640335473,37452218.0,37452218.0,1.0
counterfactual,505,101,5,Guizhou Province,-0.0364158149106003,37452218.0,37452218.0,1.0
counterfactual,506,102,1,Guizhou Province,0.43163863671054714,37452218.0,37452218.0,1.0
counterfactual,507,102,2,Guizhou Province,0.01942524870478569,37452218.0,37452218.0,1.0
counterfactual,508,102,3,Guizhou Province,1.2812311348375856,37452218.0,37452218.0,1.0
counterfactual,509,102,4,Guizhou Province,-0.40525217736622143,37452218.0,37452218.0,1.0
counterfactual,510,102,5,Guizhou Province,0.28315155226166355,37452218.0,37452218.0,1.0
counterfactual,511,103,1,Guizhou Province,0.4503089209569537,37452218.0,37452218.0,1.0
counterfactual,512,103,2,Guizhou Province,-0.6977392092623882,37452218.0,37452218.0,1.0
counterfactual,513,103,3,Guizhou Province,0.23389774092734728,37452218.0,37452218.0,1.0
counterfactual,514,103,4,Guizhou Province,0.29978602876440524,37452218.0,37452218.0,1.0
counterfactual,515,103,5,Guizhou Province,-0.36340353931704583,37452218.0,37452218.0,1.0
counterfactual,516,104,1,Guizhou Province,0.6123092155774074,37452218.0,37452218.0,1.0
counterfactual,517,104,2,Guizhou Province,1.1342617293692876,37452218.0,37452218.0,1.0
counterfactual,518,104,3,Guizhou Province,0.5607088631616748,37452218.0,37452218.0,1.0
counterfactual,519,104,4,Guizhou Province,-0.11719385967963554,37452218.0,37452218.0,1.0
counterfactual,520,104,5,Guizhou Province,0.5590842549176284,37452218.0,37452218.0,1.0
counterfactual,521,105,1,Guizhou Province,-0.6329372090815815,37452218.0,37452218.0,1.0
counterfactual,522,105,2,Guizhou Province,0.3512440526185758,37452218.0,37452218.0,1.0
counterfactual,523,105,3,Guizhou Province,0.7990566079777665,37452218.0,37452218.0,1.0
counterfactual,524,105,4,Guizhou Province,0.5527816845060685,37452218.0,37452218.0,1.0
counterfactual,525,105,5,Guizhou Province,0.22207962167597098,37452218.0,37452218.0,1.0
