Province,Bootstrap,Distribution,Factual_param_0,Factual_param_1,Factual_param_2,Counterfactual_param_0,Counterfactual_param_1,Counterfactual_param_2
Guizhou Province,0,genextreme,0.11424014432682725,30.339198321559095,7.813286365499708,0.08520281066818536,11.65717419345632,3.827681431152565
Guizhou Province,1,genextreme,0.07955356021581814,30.470207540257746,8.146988271932923,0.0739120040906312,11.739810196473183,3.665569099309356
Guizhou Province,2,genextreme,0.0839364879772449,30.21769285107959,8.102835541774365,0.06490411015554695,11.691076437961463,3.592679883625957
Guizhou Province,3,genextreme,0.136633881138082,30.139864952854857,8.51226545492639,0.05575554896951267,11.648975015473205,3.4612746894806605
Guizhou Province,4,genextreme,0.09158970676291812,29.822970664915626,8.076112904810467,0.06342586677257156,11.292690429956433,3.4103147011161408
Guizhou Province,5,genextreme,0.12265463629317037,30.508854735033736,8.204416135784644,0.08081712877936378,11.416473398998303,3.6374670084096334
Guizhou Province,6,genextreme,0.11152449308357656,30.606173608924983,7.912430056203115,0.09308172000696732,11.742505412584574,3.7145604362568108
Guizhou Province,7,genextreme,0.07306205407620067,30.261321205319554,8.254995579309472,0.11288887049484353,11.973801862369765,3.733584547155326
Guizhou Province,8,genextreme,0.16626221589268272,30.575602041508787,8.291873439105307,0.08111409869425565,11.838653980640444,3.663134784242291
Guizhou Province,9,genextreme,0.13036015637189521,30.018720653850558,8.446628849072937,0.10901904157858505,11.512174144646341,3.933038433048398
Guizhou Province,10,genextreme,0.11671776305827891,31.591169185237675,8.056030187812944,0.0634277060340561,11.289415591819418,3.4885424999405714
Guizhou Province,11,genextreme,0.08114153724954148,30.462186090001182,7.774453587769909,0.07086812404401455,11.614340813420515,3.570771477902354
Guizhou Province,12,genextreme,0.10937116046759551,30.197430522769118,7.761256945309814,0.04863685854690988,11.413477555487257,3.621015803563015
Guizhou Province,13,genextreme,0.10797133055224653,31.45349009549639,7.961722172667366,0.1192248182156861,11.971422637960476,3.841817264077761
Guizhou Province,14,genextreme,0.19147673597781165,30.66393609017625,8.091526538236614,0.11682922696151776,11.638936518758157,3.7520547359933687
Guizhou Province,15,genextreme,0.11585719871647594,30.45595611722743,9.141314352199004,0.0455603649681845,11.727929686701431,3.5340709956018355
Guizhou Province,16,genextreme,0.12732749197590496,30.553356795898914,8.79985995809038,0.0828519353073113,11.620487657094575,3.6429278455748824
Guizhou Province,17,genextreme,0.1536130778853079,30.710799590679393,8.536457844112276,0.12033200234723451,11.754442078829687,3.686281127601395
Guizhou Province,18,genextreme,0.17172851021166347,30.80205134835513,8.63143819013194,0.05679976814991414,11.621347634554077,3.737280459777327
Guizhou Province,19,genextreme,0.12386771545595823,30.663400837377566,8.719738178120483,0.049873948120383475,11.902430198592047,3.8745217697426355
Guizhou Province,20,genextreme,0.08080034680870278,30.85063098552761,8.097967005152523,0.10482594298661828,11.622582413259693,3.597090008021463
Guizhou Province,21,genextreme,0.1566548854360134,30.893302664691028,8.184320068179353,0.1686523387931185,11.688521115103631,3.6655769031045673
Guizhou Province,22,genextreme,0.17369826084980394,30.237906041480223,8.480765572349606,0.07871859280807339,11.43865120420153,3.646495063446189
Guizhou Province,23,genextreme,0.0895491045719406,30.455465135127625,7.916820225849394,0.08306461927966861,11.32806647524159,3.703630464630374
Guizhou Province,24,genextreme,0.15423344031870895,30.559906933284626,8.766434101784723,0.07955164629365344,11.688834770912221,3.5809004533874527
Guizhou Province,25,genextreme,0.11820694622120134,31.28086770335713,8.50116687880135,0.1023924035267195,11.684826453097191,3.574635273900494
Guizhou Province,26,genextreme,0.09335922042654363,31.052193189622265,8.16596801868435,0.05340326642709351,11.571597385376386,3.4617737045045667
Guizhou Province,27,genextreme,0.13157989007123302,30.373444753764225,7.945391187894224,0.1475672654420597,11.750156918109838,3.846801473725139
Guizhou Province,28,genextreme,0.1397218058863619,31.05146785159231,8.319770182883275,0.10533129842635522,11.62815524726231,3.867801946150249
Guizhou Province,29,genextreme,0.10989149429445504,30.827397811111794,7.966419577392394,0.11132496668266281,11.772879433025526,3.6489648605797917
Guizhou Province,30,genextreme,0.12201733585338731,30.149793072233845,8.12733605752774,0.08913847869244856,11.492788923367108,3.7080227031266144
Guizhou Province,31,genextreme,0.15649623455476955,30.69636790780787,8.323142385176382,0.06353301718021312,11.485409068671729,3.560488730482399
Guizhou Province,32,genextreme,0.1652042808965749,29.927810963521967,8.340002094042966,0.08973061484770546,11.709951800803136,3.6853678175264264
Guizhou Province,33,genextreme,0.13133287521248427,30.409028391195775,7.880328854956429,0.10228411499272913,11.664009439967334,3.7926367526071347
Guizhou Province,34,genextreme,0.11063809978998661,30.697225567241254,8.054492880699222,0.06287510362878576,11.786165841798681,3.6748104098795413
Guizhou Province,35,genextreme,0.12976025401053792,30.353520164194983,8.197777312811564,0.1328284662067507,11.895012243361851,3.7515594262336838
Guizhou Province,36,genextreme,0.09340108269760174,30.354829837236835,8.139280165462193,0.07582313754134107,11.765287024425085,3.922233658655861
Guizhou Province,37,genextreme,0.12100365876703369,30.65206516337213,8.102814728436496,0.08313102482158691,11.911254932037266,3.8899329491617514
Guizhou Province,38,genextreme,0.10613366064953791,30.29557291836133,7.749316447915506,0.13287952777806766,11.959404260871807,3.7873449726964106
Guizhou Province,39,genextreme,0.18313071405491838,30.687221461604423,8.65551931315983,0.11351490691848713,11.811976023967084,3.687468017124306
Guizhou Province,40,genextreme,0.14979274609457385,30.401266843740707,8.423748095762733,0.06588594857167954,11.79086101574947,3.669752910509539
Guizhou Province,41,genextreme,0.09697902584638571,29.84010898523333,7.941217987527921,0.048277681534990256,11.439311775181558,3.6423492642453494
Guizhou Province,42,genextreme,0.1192494890000434,30.6022602515742,8.271358410118998,0.059928276862580315,11.830219366395172,3.529271309306613
Guizhou Province,43,genextreme,0.09711473527872413,30.13257925610893,7.833845540693249,0.07576659057712845,11.908274862677144,3.6612553596964847
Guizhou Province,44,genextreme,0.13281327378702226,30.610320698542026,7.846410436917018,0.11805564025120205,11.617114606569874,3.654839165577272
Guizhou Province,45,genextreme,0.12969327189532986,30.023940001862265,8.409578958025472,0.052936170313004724,11.504809872212,3.3864798419644098
Guizhou Province,46,genextreme,0.13375341889617962,31.137094150568768,8.555736027784372,0.09191870684115949,11.411625845307052,3.782762013779247
Guizhou Province,47,genextreme,0.12488241000465258,31.28887440830931,8.143061061984962,0.06008187377856272,11.498289792931757,3.5737125428449064
Guizhou Province,48,genextreme,0.16030747272285087,30.5253696433437,8.163455264650185,0.09553501786828333,11.748004478214026,3.7643305544156
Guizhou Province,49,genextreme,0.10795370259274834,30.425914176740562,8.023530528809683,0.100623662902963,11.757857920537647,3.5313297078126844
Guizhou Province,50,genextreme,0.1501722156172688,30.569649778394705,8.091898659333644,0.05052069240642735,11.374067025192584,3.6346274275722164
Guizhou Province,51,genextreme,0.15679298837322392,30.7140234985252,8.900007709795233,0.13241143494275887,11.59034878972609,3.7581732677354203
Guizhou Province,52,genextreme,0.1237154513912031,30.35142735039457,8.176899744772946,0.10385775515736681,11.767861622785539,3.798953103717243
Guizhou Province,53,genextreme,0.15185867882924095,30.151537321777365,8.26541322517335,0.13218616263086885,11.558481634854456,3.5618450584123753
Guizhou Province,54,genextreme,0.08095210206629919,31.04970860900502,8.273672034644612,0.0948941377878222,11.607013743780964,3.7227187805769972
Guizhou Province,55,genextreme,0.14546097737304323,30.749926328029268,8.207131865316525,0.13912958814380572,11.741306426719081,3.694237895075303
Guizhou Province,56,genextreme,0.09431747252176997,31.289144024898413,8.411449184711039,0.08003682481124393,11.574936419627587,3.818769802840296
Guizhou Province,57,genextreme,0.08644803002228213,30.37215621692158,8.136331329128371,0.12611183656869773,11.786458919403668,3.775414367087365
Guizhou Province,58,genextreme,0.14552513503671854,30.8799937288469,8.200530694447313,0.11780209179915753,11.526895560785913,3.4673804534817014
Guizhou Province,59,genextreme,0.17078459289291126,30.90299034353457,8.307171506948407,0.09328117186470873,11.649826282721456,3.868749238045252
Guizhou Province,60,genextreme,0.14937949950323381,30.736876582545037,7.971554737051992,0.13598545454082042,11.629891451106557,3.6932592778736577
Guizhou Province,61,genextreme,0.08006250629807923,30.68875908049526,7.881586609868276,0.08941222616788336,11.928325426799482,3.8159079670043763
Guizhou Province,62,genextreme,0.1250907751889238,31.13631496801772,8.14454996604372,0.0409684707378081,11.719783906042608,3.4758793681594566
Guizhou Province,63,genextreme,0.08887754626016803,30.107821502908187,8.406052480804524,0.0992553315038125,11.847562655819578,3.661754373312583
Guizhou Province,64,genextreme,0.05472697174156692,29.87908015126743,7.666249664399793,0.11861665189453008,11.217127876311379,3.8470101098004443
Guizhou Province,65,genextreme,0.1125000814426807,29.97562278689668,8.24792876286216,0.03555344764280738,11.700887240037062,3.4900912296320508
Guizhou Province,66,genextreme,0.1236455773595384,30.371634825229304,7.858589163661048,0.09148569769491953,11.948804537257173,3.6053480095101618
Guizhou Province,67,genextreme,0.08756823998921659,30.098045625356455,7.973687020421279,0.13545017899407402,11.972084834841757,3.673733157343455
Guizhou Province,68,genextreme,0.10846459644504189,30.354455424256784,8.329628622914349,0.07532585786416135,11.723319192656376,3.5930532231559793
Guizhou Province,69,genextreme,0.11746232013188072,30.067628553993192,8.356112317938063,0.15230068171510608,12.045399924245569,3.6600489882860905
Guizhou Province,70,genextreme,0.1089452980809808,30.577189076679073,7.843854975653064,0.12779104829453303,11.906794345830257,3.6769856032624064
Guizhou Province,71,genextreme,0.0803359723211283,30.643223648509093,8.175956048955861,0.060330650944527324,11.507982960502597,3.801879084143634
Guizhou Province,72,genextreme,0.11289022303203297,30.51916436228858,8.207516828886796,0.1057958400958049,11.808276853288191,3.9347642817496733
Guizhou Province,73,genextreme,0.10201941623328695,30.494456656507133,7.954598172021557,0.07528468104529307,11.501179944865495,3.5756588220744736
Guizhou Province,74,genextreme,0.11571864927047995,30.833412509111824,8.733432851660705,0.14043568204147755,11.895199114840825,3.658209751939005
Guizhou Province,75,genextreme,0.09796943946400169,30.273540137291228,8.112904545349135,0.09242570399334499,11.951013214724288,3.612101194348554
Guizhou Province,76,genextreme,0.09550291703789451,30.796990802524608,7.9959308952846815,0.06385693174266288,11.583002858514005,3.6415397856819745
Guizhou Province,77,genextreme,0.06942408564353159,29.924335670890144,7.544675006329051,0.07853993734321185,11.75469845832987,3.742738032081329
Guizhou Province,78,genextreme,0.12388005458742221,30.49062554840699,8.457351069374145,0.11249115953557909,11.726436491231617,3.631326689061038
Guizhou Province,79,genextreme,0.10391655578904146,30.15404327080162,7.9665015645133455,0.02723804707603298,11.635167938744065,3.4915253424912227
Guizhou Province,80,genextreme,0.17677409470982808,30.612189201371763,8.49520284351048,0.0908483657805477,11.621723688399154,3.84743331278242
Guizhou Province,81,genextreme,0.12038060390103181,30.49082023411914,7.771751857522782,0.13207467280113688,11.87070978623186,3.678320811587295
Guizhou Province,82,genextreme,0.1392153582788303,30.927613892393268,8.397559873446351,0.10070218291336781,11.693107397323157,3.8070116782702166
Guizhou Province,83,genextreme,0.10973438109438385,30.04780510573518,8.198292904678155,0.10102558013035451,11.274708112410838,3.7304967179004453
Guizhou Province,84,genextreme,0.08656476121540768,30.397563815248283,8.186131257305611,0.07014200481202124,11.510015217177184,3.7778067524004904
Guizhou Province,85,genextreme,0.12479914220944258,30.653369031244694,8.027825202948689,0.021084570522394923,11.362565020494515,3.448620970269526
Guizhou Province,86,genextreme,0.1177738753006539,30.431458205727104,8.296045204424509,0.09378291520047456,11.862071897013452,3.7556339523865665
Guizhou Province,87,genextreme,0.12780125146546276,30.069325569060346,8.233974788495697,0.0859670324272678,11.729246775232218,3.6781242876408915
Guizhou Province,88,genextreme,0.1486303448250077,30.22976768051017,7.93501454146173,0.13160425473203635,12.020449798339165,3.7687360125954417
Guizhou Province,89,genextreme,0.13411411935998369,30.38904727014048,8.303459351961468,0.08955756493780351,11.630430939270035,3.5272497506789104
Guizhou Province,90,genextreme,0.0905884993736421,29.9311082116974,8.575376979401772,0.09943195930290988,11.70233394514447,3.6137050969319633
Guizhou Province,91,genextreme,0.11673849514040088,30.268370634041105,8.57459413359872,0.09403891313435529,11.50202029233518,3.746051611358791
Guizhou Province,92,genextreme,0.13801744632833052,31.1258376477888,8.446822073334602,0.09151595867169293,11.575998460008694,3.66222879939863
Guizhou Province,93,genextreme,0.10090373768228328,30.423948761757508,8.336471000188727,0.08274326874312601,11.405312548597962,3.7165275497687595
Guizhou Province,94,genextreme,0.08207764775357174,30.40035519058825,8.023559875136531,0.10162616434896987,11.97186188404482,3.775471960192796
Guizhou Province,95,genextreme,0.12550300693269406,30.954674524679014,8.673763426624,0.07597082913811606,12.009014509457142,3.7774243594401797
Guizhou Province,96,genextreme,0.11967507313791413,30.66734793126586,8.600490291528132,0.08242906047567951,11.712911540579832,3.570138926130948
Guizhou Province,97,genextreme,0.11670741262658918,30.858457875007588,8.358576574370158,0.11218429911247665,11.947053283873274,3.7620359811886575
Guizhou Province,98,genextreme,0.1274973238241538,30.596133113624006,8.25401131131922,0.11244601549766657,11.676680927221764,3.6634442968703005
Guizhou Province,99,genextreme,0.16665894534650505,30.657158470168305,8.218377910217331,0.0837486743500111,11.837808034291822,3.66450294306239
Guizhou Province,100,genextreme,0.12661221309770818,30.074002084021664,8.517800194450519,0.12017684916537547,11.854219660761036,3.74317833085654
Guizhou Province,101,genextreme,0.11364142577775235,30.025785534134748,8.215608484499882,0.09212630397644589,11.72377813529932,3.4923123046132734
Guizhou Province,102,genextreme,0.1795044395530373,30.83068828533063,8.332566523090307,0.07535107422456075,11.59796136260458,3.481154574374277
Guizhou Province,103,genextreme,0.07404226990710971,29.752716153359486,7.609969384589115,0.09323344439368242,11.772944717394559,3.7726800327853045
Guizhou Province,104,genextreme,0.08508573102986208,30.498383384777277,8.212970230015703,0.09467333659253191,11.479861179992678,3.5836017852965076
Guizhou Province,105,genextreme,0.10296388707283513,30.62467196204536,8.322264555159862,0.0599070303711117,11.504783786739221,3.769112531608756
Guizhou Province,106,genextreme,0.04892123935140552,29.035524583065133,8.009108333873195,0.08188651681727296,11.56608817051946,3.6030956322489702
Guizhou Province,107,genextreme,0.12039830140920174,30.924148052776797,8.273323286811372,0.10637183166300364,11.769935922235813,3.6212542775208365
Guizhou Province,108,genextreme,0.10383686722434299,31.214515844063673,8.244729495030995,0.1189263541021141,11.773464616702947,3.61892596111428
Guizhou Province,109,genextreme,0.15288791694345977,30.21488506820042,7.7706230462533075,0.0926380091786091,11.665842944583225,3.822202322057671
Guizhou Province,110,genextreme,0.10117898995148328,30.27032855330113,8.28520102116622,0.10629795577155363,11.69990945823248,3.658825261175485
Guizhou Province,111,genextreme,0.08688044735567461,30.350430721979926,7.704800854540785,0.059004205458604894,11.43446127897299,3.974657893652072
Guizhou Province,112,genextreme,0.1632155206023028,30.26064058807761,8.643880478186238,0.10567659300416934,11.69347805221874,3.6787305285491323
Guizhou Province,113,genextreme,0.10017824699564862,31.238393083907454,7.945050411334672,0.0822358007132557,11.653568116247728,3.5591753365369425
Guizhou Province,114,genextreme,0.12233215098047669,30.660325137733714,8.50614452287977,0.11138442444962254,11.754919568774046,3.6924156576485387
Guizhou Province,115,genextreme,0.08997069009113341,30.035549032739617,7.990904428419173,0.08187727215886134,11.597537336941642,3.572208841495394
Guizhou Province,116,genextreme,0.12952197905549653,30.77203068328934,8.123419930153645,0.0947459309214896,11.55300780835964,3.5270716633266135
Guizhou Province,117,genextreme,0.13586309828391563,30.72429798989991,8.69270773870043,0.10958363697061532,11.902077726973022,3.6019332710353815
Guizhou Province,118,genextreme,0.08211865355758502,29.9952949696534,8.251517455852497,0.10460500692258307,11.683037907189437,3.7616177659833427
Guizhou Province,119,genextreme,0.08933644451724694,30.27919575388017,8.15650499696875,0.09518779293463298,11.914647996426297,3.605786542840719
Guizhou Province,120,genextreme,0.10313922912764376,30.758472780534404,8.309703315496453,0.07187397065487863,11.7989286173753,3.5147896614793237
Guizhou Province,121,genextreme,0.1084343313536078,30.032766824343742,8.109392970728114,0.10145688979328721,11.511337031820878,3.5416308127779326
Guizhou Province,122,genextreme,0.14368690209450138,29.678066965937536,8.380880900352995,0.134336256987314,11.729900835037919,3.7912254968558265
Guizhou Province,123,genextreme,0.10373402563572491,30.78274393692847,7.633016582764617,0.12167460059767324,11.642174607582376,3.8274245105272113
Guizhou Province,124,genextreme,0.08756667644034849,29.9756354479968,7.816922319725418,0.08672033712286399,11.510518263588741,3.7985874096439507
Guizhou Province,125,genextreme,0.15777825374115395,30.15823708869506,7.8667102216953815,0.20470906345658163,11.813663600809413,3.8538797213926177
Guizhou Province,126,genextreme,0.12097152715220735,30.78511277496223,7.84795304227163,0.11530222194713773,11.819426425512464,3.6342586078483023
Guizhou Province,127,genextreme,0.10224093767697656,30.27973340543773,8.133479517044128,0.10614407460953529,11.88857824266218,3.4844147444787525
Guizhou Province,128,genextreme,0.12555992908340818,29.973916374469294,8.527100933056005,0.10378758838381896,11.606333771115647,3.560245990291378
Guizhou Province,129,genextreme,0.10115758287578247,30.02374320527013,8.29581439226249,0.11374995310990899,11.800433614498957,3.7301600940750657
Guizhou Province,130,genextreme,0.14262051134085613,30.40140236625211,7.80451277809157,0.10658159356722655,11.652429794910908,3.894507636205544
Guizhou Province,131,genextreme,0.12068872349018914,31.144871311062634,8.24879369332656,0.06790402735849918,11.369947066549624,3.7313157671715276
Guizhou Province,132,genextreme,0.13065643744459207,30.443987058011963,8.246140665108006,0.10445719786284499,11.949272144589479,3.7308317981897448
Guizhou Province,133,genextreme,0.1152677481490188,29.84932100098498,8.205566896322361,0.10199928328761922,11.638605794583231,3.651279521997047
Guizhou Province,134,genextreme,0.11428408254820932,30.551910008428955,8.33051181045631,0.06027286030378551,11.360668669184172,3.6256229683532064
Guizhou Province,135,genextreme,0.08547631416284288,29.931658834274067,8.423769862165866,0.11890443963844836,11.824889781946215,3.6047403505024493
Guizhou Province,136,genextreme,0.16446334347739183,30.373912774539214,8.526439462204172,0.1285010382514895,12.109248812463305,3.764102214384402
Guizhou Province,137,genextreme,0.0948904144038768,29.999019186025308,7.839564027744311,0.11430563015552078,11.717553667996096,3.8763070198542264
Guizhou Province,138,genextreme,0.1600976044310819,30.64463238360584,8.023065651071416,0.0958326227604828,11.866227550390832,3.5767594679043553
Guizhou Province,139,genextreme,0.1498304389929683,30.446753953093886,7.955144949944411,0.046362263480274,11.319385124305345,3.7119373129629976
Guizhou Province,140,genextreme,0.10747509650018247,30.250630451660616,7.846700043251139,0.07605623663300218,11.850662723248707,3.7719557102687706
Guizhou Province,141,genextreme,0.09119956742119634,30.548416596427977,7.529120681454773,0.08985595522282211,11.60995261313917,3.6180433648989716
Guizhou Province,142,genextreme,0.12078914785751832,30.708496665563285,8.414432813961124,0.11609382025659643,11.882078378553121,3.9133166080171335
Guizhou Province,143,genextreme,0.16149323604813637,30.78766005108082,8.246123639643656,0.10359063334289872,11.868388067974664,3.6842169197408254
Guizhou Province,144,genextreme,0.1376225404285392,30.00199978143143,8.489940211549506,0.049566607453014236,11.744255876391268,3.6457959575366674
Guizhou Province,145,genextreme,0.15818084140268743,30.131784076610117,8.297458327266222,0.08930139265080536,11.701963548839569,3.665679823301982
Guizhou Province,146,genextreme,0.11719033621452675,30.399133406949524,7.919542317170357,0.08539570158771004,11.608202632064682,3.565676332714766
Guizhou Province,147,genextreme,0.09713210646127775,30.64757564122832,8.485943239911611,0.10850226425745904,12.016955869309985,3.6935417743557557
Guizhou Province,148,genextreme,0.13960929107770098,30.73403919598981,8.260112984110282,0.08411497029934126,11.809277331117059,3.7935641022720166
Guizhou Province,149,genextreme,0.08681154132623692,30.064219117715467,8.244523866068352,0.1241235253535424,11.808183311345855,3.7564329926051565
Guizhou Province,150,genextreme,0.16171403614014226,31.447863973800956,9.088689286884023,0.04014526123461307,11.666020982941273,3.6482105995566028
Guizhou Province,151,genextreme,0.1310261312719656,30.57280434107322,8.241850918318885,0.10405790390466642,11.828247462087507,3.813793377458409
Guizhou Province,152,genextreme,0.10098331294378723,30.711670252852752,8.545130344143653,0.08678612240770606,11.727266282018036,3.4728978855462174
Guizhou Province,153,genextreme,0.12337712982755833,30.323577752866147,7.929635242224245,0.07091434693138235,11.636108643560283,3.5156751747648043
Guizhou Province,154,genextreme,0.11804336090636464,30.076793813871948,8.004087649945008,0.09022677421376435,11.80434020694426,3.957987000366149
Guizhou Province,155,genextreme,0.07001596875727391,29.911969224348226,8.51344720431527,0.1080822159977593,11.690205978732589,3.893005113845875
Guizhou Province,156,genextreme,0.12709853100030846,30.835499180835463,8.215807022111235,0.07410734770256769,11.70617566509038,3.6442288131883545
Guizhou Province,157,genextreme,0.10500516760045003,30.655833461018744,8.272155193908384,0.09560736698536187,11.644251949777992,3.7663716029537238
Guizhou Province,158,genextreme,0.08448477754404439,30.93054148754512,8.515999317643729,0.07192857032220862,11.510827750774048,3.6822875264008927
Guizhou Province,159,genextreme,0.0549221443040977,30.170690463664506,7.809353907271048,0.14109100424436477,11.616466676883405,3.555377733949082
Guizhou Province,160,genextreme,0.1284210602929379,30.369178481079423,8.218357675300545,0.08713023014486065,11.721176497583556,3.7641696843617716
Guizhou Province,161,genextreme,0.1011641662721669,29.894346198617665,8.053277776144963,0.06475766919966061,11.747282464886268,3.8152559155006838
Guizhou Province,162,genextreme,0.06840754825477705,29.407337491909587,7.853623338527781,0.08754377426640264,11.87461370424228,3.881897556535794
Guizhou Province,163,genextreme,0.08545174320725665,30.66099762701527,7.962763163838232,0.07406490888747339,11.462892759433924,3.5548967991977585
Guizhou Province,164,genextreme,0.12053250917344144,30.60863575001676,8.480655673605579,0.1660126993560022,12.139827593874546,3.827032613397174
Guizhou Province,165,genextreme,0.10564664853149368,30.159091526025946,8.248147100203218,0.09670854852265491,11.632013343787866,3.667952307022346
Guizhou Province,166,genextreme,0.11321170587992588,30.202828206571738,7.950703829664632,0.07372375693491176,11.818396460820715,3.580393933913229
Guizhou Province,167,genextreme,0.056202682375903534,29.79111627304364,7.989144839064061,0.09083117009252542,11.51995280539769,3.8677749618047885
Guizhou Province,168,genextreme,0.14563557126550344,30.757816261144697,8.534161828672326,0.08037344465858912,11.419127171854498,3.761488166683832
Guizhou Province,169,genextreme,0.10578937242535003,30.66415058295154,7.796718729529049,0.12609578710727432,11.64803421251119,3.717438806805589
Guizhou Province,170,genextreme,0.08498556750723228,30.364688888567,7.712076714788182,0.1264800629761596,11.617748454117269,3.66700998641833
Guizhou Province,171,genextreme,0.07882546636273292,29.658181593723043,8.014429437393439,0.03052102782013321,11.401096497125321,3.6829869903460963
Guizhou Province,172,genextreme,0.06866544716182924,29.958110891499082,7.6977432250999325,0.03761699014494288,11.746742924808334,3.573450884787395
Guizhou Province,173,genextreme,0.1391527425121009,30.41109218670037,8.891289255362674,0.09265185426560885,11.851941001601041,3.6539726356835924
Guizhou Province,174,genextreme,0.13230654638363182,29.99673974603128,8.374107025396718,0.11310831181567561,11.811817597919,3.675377257895901
Guizhou Province,175,genextreme,0.15244966020240025,30.530655597609798,7.955227074380007,0.05695378675857103,11.480313154820054,3.3928131636046643
Guizhou Province,176,genextreme,0.1358027049701794,30.190885111848242,8.33427384807398,0.032795873295199784,11.741415381466883,3.639798596531911
Guizhou Province,177,genextreme,0.0981635059225225,30.300593727244003,8.102326858380614,0.049873616353592,11.58165510754067,3.6474382392079105
Guizhou Province,178,genextreme,0.07580719070403977,30.59090932566405,8.016868977719232,0.04858770668062659,11.90734290194223,3.687387490125992
Guizhou Province,179,genextreme,0.13958488148128245,30.701028311838666,8.230401322432904,0.08441713676112267,11.460684985921782,3.582473363083129
Guizhou Province,180,genextreme,0.08152451952340613,30.484581563579216,8.076888973520749,0.06426260987062549,11.558022186998107,3.4185389667232293
Guizhou Province,181,genextreme,0.060653317792602315,29.76681567648972,7.292737610698854,0.0825643545817874,12.000151667712082,3.636266232006631
Guizhou Province,182,genextreme,0.09362591431582143,29.945944588709814,7.7355445584498845,0.11866218365310063,11.304997308477418,3.58777096293129
Guizhou Province,183,genextreme,0.08014016767355517,29.937090619957914,8.170949529406586,0.07129655434946647,11.651068876592806,3.4796883841907187
Guizhou Province,184,genextreme,0.07657054794520633,29.815639446316442,8.135473694666778,0.08239651425412309,11.88212506373037,3.890937702158373
Guizhou Province,185,genextreme,0.11801366900285448,30.58770913877786,8.295904356910686,0.08170427420885938,11.495189173297984,3.5665852713044757
Guizhou Province,186,genextreme,0.1159140018680693,29.817190185826476,8.204864583576772,0.10936234435676946,11.779808732666803,3.88187105314164
Guizhou Province,187,genextreme,0.13941379579289684,30.871045591251857,8.274706804641198,0.10417867346801231,11.761523275455625,3.643685865129574
Guizhou Province,188,genextreme,0.07866071542390869,30.486676344182108,7.980326169577566,0.07304647496440876,11.747959127250661,3.509665939298406
Guizhou Province,189,genextreme,0.11025238814231902,30.34423237430415,8.262934842043473,0.040943001575706454,12.023471842249418,3.6530402485509406
Guizhou Province,190,genextreme,0.11327264207552398,29.713542782327664,7.594370522747331,0.0830708129896112,11.463534069270644,3.5487628583944617
Guizhou Province,191,genextreme,0.10773784685918575,30.8272836870499,8.28168806352684,0.12595340280193007,11.83048485695782,3.7016104319550474
Guizhou Province,192,genextreme,0.07985420446191846,30.533205809197533,8.177164949844206,0.10336241374137937,11.622982984089877,3.8524914164942166
Guizhou Province,193,genextreme,0.13317052672973034,30.82160248444682,8.197119593320497,0.10709266296774148,11.587624332866834,3.4755128985718735
Guizhou Province,194,genextreme,0.11890512447253146,31.195596298101187,8.329926922883347,0.08421594416355845,12.069547003200956,3.7259873314545686
Guizhou Province,195,genextreme,0.12918980568194932,29.763391271444814,8.698020063835717,0.07179586673974803,11.50053027145879,3.6240472124238208
Guizhou Province,196,genextreme,0.08518058777639248,30.286412389234805,7.921758980070078,0.10047985540571056,11.970539935987542,3.617183687929968
Guizhou Province,197,genextreme,0.12499298442699416,30.072880758184194,8.124162456189445,0.10164992447452267,11.804117711114593,3.5950890979996597
Guizhou Province,198,genextreme,0.1357487982446045,30.96724170789791,8.057253129607014,0.03539700554958901,11.494225035401989,3.671505802369782
Guizhou Province,199,genextreme,0.0662835420931095,30.66227499520607,8.00963298294947,0.13508144421247587,11.834540406196439,3.7779288191984106
Guizhou Province,200,genextreme,0.12877321608924203,30.44483236955297,8.443305193076885,0.1669694270663783,11.689426994040911,3.6436315257226717
Guizhou Province,201,genextreme,0.15051868390536383,30.375002969639993,8.343074299362357,0.09531953068199005,11.774308836072121,3.633984899251203
Guizhou Province,202,genextreme,0.12098362089230666,30.655190783810017,8.625689844984493,0.08444270064145701,11.906374646259735,3.867409280559156
Guizhou Province,203,genextreme,0.10739533011769226,30.37371472544001,7.830840874895788,0.13264222024075034,11.924112573841596,3.464467396653555
Guizhou Province,204,genextreme,0.08108658715134875,30.38760715152303,7.797174841783134,0.1088018614896314,11.618724582816064,3.8752124120452303
Guizhou Province,205,genextreme,0.10611422256996775,30.99958088458651,8.447901786862584,0.11944837078179057,11.726934778373092,3.6841354549043155
Guizhou Province,206,genextreme,0.14256709743506454,30.631931088731072,7.93133990963855,0.10404031834108282,11.71870704681654,3.7020845582114363
Guizhou Province,207,genextreme,0.15429315082991882,30.470115721816324,8.029570704102902,0.13049917461745475,11.79713604993428,3.6450648945105577
Guizhou Province,208,genextreme,0.1257892936139673,30.48456545059728,8.124658127524462,0.07994013862091862,11.703555761090833,3.709863007592197
Guizhou Province,209,genextreme,0.0941973675423288,30.286172697675582,8.26603600351934,0.0621732094246915,11.712953555105727,3.5780603225727567
Guizhou Province,210,genextreme,0.11923683384018818,30.58395207896026,8.418434859572105,0.11193018399901958,11.879614520737633,3.620492342573691
Guizhou Province,211,genextreme,0.10268831908384563,30.753370190386292,8.358217390315584,0.10445430642146428,11.507980301693511,3.613040449545155
Guizhou Province,212,genextreme,0.1439499649034479,30.72438104042314,8.614678735708438,0.08352827527075665,11.791619980425207,3.359959511099443
Guizhou Province,213,genextreme,0.12005090549304542,30.564900081991887,8.152505929144093,0.09689233558992198,11.623002680776338,3.686862418791664
Guizhou Province,214,genextreme,0.038894993138534825,29.865401707250314,7.801045469954906,0.06109795745746424,11.894095971187907,3.6846985694504797
Guizhou Province,215,genextreme,0.16526254634341025,30.202477610303667,8.532325157737809,0.11582786792519734,11.698160598067915,3.625046740509115
Guizhou Province,216,genextreme,0.11323371438087701,30.421674509169645,8.211758238437618,0.1819589232320774,11.637671104221447,3.7958962658132
Guizhou Province,217,genextreme,0.10154243774567481,30.890658729450855,8.044310938923147,0.11348407625743451,11.953675516186,3.7226745482192514
Guizhou Province,218,genextreme,0.14876544229261673,30.539524189795856,8.354020833770177,0.10605599328805038,11.594602798517311,3.70768816586586
Guizhou Province,219,genextreme,0.07435143579808881,30.980693007641662,8.035200728361797,0.03673586016592996,11.400315339852089,3.8045614272684403
Guizhou Province,220,genextreme,0.10530765377995088,30.424182309247428,8.213374808465979,0.035438590893239745,11.771686966426604,3.6488877921213643
Guizhou Province,221,genextreme,0.10875517552443642,31.468889507421874,8.587092813243668,0.07056105852324507,11.41045209305743,3.535530172607032
Guizhou Province,222,genextreme,0.15816428227244067,30.29481395893074,8.65451417128055,0.1276347099849012,11.52421553365208,3.8524850351692104
Guizhou Province,223,genextreme,0.11746771524570832,30.725637716169878,8.2121203016553,0.11615943285487217,11.836210754800849,3.793734642610655
Guizhou Province,224,genextreme,0.07449906892092162,30.414615429266043,8.344293485734386,0.07329448911237677,11.592167141953553,3.567116028260836
Guizhou Province,225,genextreme,0.0927875461282403,30.41818702873335,8.791825519141394,0.14314434940978363,11.620830791784307,3.6941760256210046
Guizhou Province,226,genextreme,0.14618171888265474,30.736885343079557,8.226229967741977,0.08349989516347091,11.774306977795899,3.8688638204060073
Guizhou Province,227,genextreme,0.0910279455182392,30.368272551548422,8.104723308224829,0.08594760100210355,11.535091968463618,3.5903033082577425
Guizhou Province,228,genextreme,0.13209889533867253,30.15484607393556,8.544434875817664,0.15541968010684498,11.724826767335276,3.8580919373114133
Guizhou Province,229,genextreme,0.18397092118025277,30.917778865176523,8.549216878454612,0.11687798088219681,11.881938894230277,3.7376451328033253
Guizhou Province,230,genextreme,0.10309016149954864,30.250371104303106,8.348964006397576,0.10173078649492494,11.436509997354076,3.5758041982147066
Guizhou Province,231,genextreme,0.09395233455291131,30.433154791878536,7.86346086626194,0.13184924466714365,12.014683420034984,3.7850863410864375
Guizhou Province,232,genextreme,0.17445656791806946,30.850950889557296,8.158075361668402,0.09011728901936028,11.71244046981969,3.533277480968225
Guizhou Province,233,genextreme,0.1489755069813558,30.296499569653037,8.132792758932025,0.09801716960362838,11.816347520965984,3.741645836160491
Guizhou Province,234,genextreme,0.05580114227642857,30.154054764634644,7.859121341068862,0.11600650850205418,11.869959948853424,3.7061328693812783
Guizhou Province,235,genextreme,0.15119431013342619,30.709748254293608,7.809380990750276,0.09145486072537987,11.672556994740448,3.6452370221037063
Guizhou Province,236,genextreme,0.058904402915614135,29.144606103737672,7.855318287301216,0.10028425289499193,11.691145079719547,3.7777619828601914
Guizhou Province,237,genextreme,0.10735729022120874,30.412501978535857,7.954902982383266,0.08455980906226124,11.563881901159414,3.767914387174736
Guizhou Province,238,genextreme,0.11460024019930892,30.120705736842133,8.18976804392025,0.06715151572564212,11.562403694158244,3.5744948637418514
Guizhou Province,239,genextreme,0.11615926446860386,30.426751550677135,8.03260130310311,0.1230524429416591,12.090494698585564,3.857052415412712
Guizhou Province,240,genextreme,0.09858207067609165,30.286633647401345,8.313321411402729,0.10700598449778137,11.792502792478047,3.5578952503086025
Guizhou Province,241,genextreme,0.07465128799099714,29.87588202268368,7.593160296508627,0.0719739017039184,11.786103669967657,3.7064268208481947
Guizhou Province,242,genextreme,0.1137026390650846,30.07950691460605,8.09542281463417,0.04589173158634496,11.612948797175264,3.4799366714187387
Guizhou Province,243,genextreme,0.11020092997171571,30.064992975974896,8.087763477388293,0.10658379114233757,11.813300772651466,3.8684785236174934
Guizhou Province,244,genextreme,0.10921431783859448,30.30329097915967,8.063411101686476,0.0691517637688553,11.582708415052604,3.588118325204242
Guizhou Province,245,genextreme,0.13403443888568697,30.451298405158337,8.822310404727737,0.10443415531308686,11.576135368491034,3.4997958483212726
Guizhou Province,246,genextreme,0.09198099387926356,30.761451601303715,8.035692248266823,0.09458088680258109,11.500305858878919,3.6117244627482057
Guizhou Province,247,genextreme,0.12362514605653885,30.7920567974893,8.359582704464533,0.04880872523435868,11.57901712351482,3.529660965761535
Guizhou Province,248,genextreme,0.11450149646928348,30.111946853432983,8.1297575404963,0.14227558540176666,11.898645769394498,3.9158183487862273
Guizhou Province,249,genextreme,0.18047473293507577,30.071075660280087,8.017910403362334,0.0991609418250664,11.762386606075868,3.6827411914476684
Guizhou Province,250,genextreme,0.13348714689254593,30.957720306081683,8.05291804592488,0.08948258320727484,11.694033454912926,3.8769974530198006
Guizhou Province,251,genextreme,0.08061466292654863,30.116441065659288,7.791461678137424,0.1182516534592555,11.845558738255846,3.7497937790917293
Guizhou Province,252,genextreme,0.12231937926477054,30.273402839298633,8.20698607355574,0.12493742684445625,11.97673758891696,3.755800033081252
Guizhou Province,253,genextreme,0.11016004605112358,29.501943646568062,8.22398718341627,0.09188063288723422,11.608756169419937,3.604553907020117
Guizhou Province,254,genextreme,0.16722500662261525,30.749782046772744,8.078750458475596,0.07482929401836524,11.523168462273222,3.588037114564297
Guizhou Province,255,genextreme,0.0968580408807054,30.322718850468036,8.600192886158975,0.1058502681453444,11.538858356130952,3.6784473149737007
Guizhou Province,256,genextreme,0.13060768697306274,30.746465469092804,8.657292649371755,0.14513100663981376,11.848270848651893,3.892103569703037
Guizhou Province,257,genextreme,0.08145309054262277,30.419659172902797,8.266360806562293,0.05450498501582081,11.690542892338648,3.658316461552242
Guizhou Province,258,genextreme,0.1085526010462598,29.894858387875765,7.916845468043931,0.10720276973757595,11.80516604610244,3.646901177072248
Guizhou Province,259,genextreme,0.08758876503237409,30.333344335824435,7.849072179080674,0.06600009644412275,11.487356522305095,3.722984818621531
Guizhou Province,260,genextreme,0.14594100352846373,31.044204858936194,7.992427247891131,0.0465271757939061,11.668488034016276,3.6905763095995994
Guizhou Province,261,genextreme,0.117498400613234,29.41775783468679,7.752646641987265,0.04340606678881676,11.270003878486335,3.4667327650405912
Guizhou Province,262,genextreme,0.1603961825195505,30.505542011167336,7.898583189683735,0.08776687341935123,11.65697352109488,3.8667563941487373
Guizhou Province,263,genextreme,0.04704847158299312,30.543728780598443,7.375312812818473,0.052111335906108905,11.79350029530582,3.6341228724672914
Guizhou Province,264,genextreme,0.11455777725372537,30.9089741787623,8.190258409239576,0.10178365757000724,11.722079907991656,3.4019072275732434
Guizhou Province,265,genextreme,0.12657322949675628,30.65186156590201,8.117596191991762,0.12117866305029007,11.862509574946433,3.9581966845664684
Guizhou Province,266,genextreme,0.12378874068493376,31.116622104513773,8.315624628867965,0.09244546596419356,11.553243342027557,3.6863085267659943
Guizhou Province,267,genextreme,0.0634072699310393,30.303860394011373,8.178678418781859,0.09378735702699878,11.594766474610559,3.6688965328661345
Guizhou Province,268,genextreme,0.12040625562319851,30.02101033619735,7.969141935198984,0.08131760573815655,11.75784840619766,3.6131256084284495
Guizhou Province,269,genextreme,0.13595019438476544,30.60409593158529,8.297489393502808,0.12557162357274965,11.744713509035119,3.7054590219032324
Guizhou Province,270,genextreme,0.0968626518229374,30.712620383662326,8.605840415306854,0.09996634332048926,11.38519932036349,3.6583381980323093
Guizhou Province,271,genextreme,0.15179628817317717,31.26430776052938,8.167324000543498,0.10718542645552048,11.503252662253729,3.6860468104887962
Guizhou Province,272,genextreme,0.08533877425042394,30.32305874320877,8.100827152312705,0.08219169078713665,11.675624286805203,3.698083117693696
Guizhou Province,273,genextreme,0.10800034781542404,31.16906685341049,8.463392365201868,0.13415758714837867,11.79518558964682,3.7697988996902865
Guizhou Province,274,genextreme,0.10832216663682159,30.07822083395638,8.00631701370677,0.08089297308047635,11.973604757422507,3.6027433878503174
Guizhou Province,275,genextreme,0.1186248841387581,30.61424633601933,7.902382397285546,0.03297981078232365,11.440266130267815,3.417085049415108
Guizhou Province,276,genextreme,0.1255399905590093,30.625432197579848,8.296146812547283,0.07329203491790703,11.503130194416325,3.481197429050007
Guizhou Province,277,genextreme,0.1327734492087898,30.803297630709352,8.517521723963533,0.1536546378454604,11.893537017715635,3.6426418459117285
Guizhou Province,278,genextreme,0.16825796397281334,30.698852475560205,8.325113521053721,0.09436256758533634,11.643294744903647,3.476413266368412
Guizhou Province,279,genextreme,0.11974457751987426,30.964510035793325,8.149135866885313,0.05880466030575611,11.7653680196795,3.441155598978362
Guizhou Province,280,genextreme,0.14405556637285005,30.163602118157968,8.055801028554173,0.11717821920721364,11.69373655931885,3.5359446430294135
Guizhou Province,281,genextreme,0.12553386815942597,30.52322957478649,7.943588054568345,0.11966608937569068,11.880825976141049,3.753305257999574
Guizhou Province,282,genextreme,0.14021833730387345,30.052108222860788,8.053167116282388,0.09591357258275478,11.711310636457007,3.618824606921825
Guizhou Province,283,genextreme,0.09936759097538958,30.841628451203825,7.8989092182900045,0.10474142128476302,11.754900564462806,3.6966619381643953
Guizhou Province,284,genextreme,0.08832891507348524,30.183908704817995,8.193281222124405,0.061333239950842486,11.449895517602789,3.4329000210014513
Guizhou Province,285,genextreme,0.08580082735466599,30.239081004014345,8.063185074799982,0.20216609703387783,11.612995073038388,3.5705124423050796
Guizhou Province,286,genextreme,0.08129783664572156,29.834605117934075,7.757823329619811,0.062324046666625055,11.755333911384998,3.6094587888231096
Guizhou Province,287,genextreme,0.0904073770713684,30.346967367907155,7.990884414091552,0.09352203313706223,11.492682065863244,3.5317667715926544
Guizhou Province,288,genextreme,0.04691352754108604,30.088047486862745,7.7153476740712374,0.059227340150656976,11.584906261148472,3.7803681647812564
Guizhou Province,289,genextreme,0.12062120527417163,30.14057312950642,8.005096202444165,0.11909224138938844,11.608748160762458,3.7922746937010787
Guizhou Province,290,genextreme,0.12551918655455419,30.971683297911042,8.343055743579267,0.05356670295337876,11.512578640043088,3.36339618340173
Guizhou Province,291,genextreme,0.07959804283892921,30.159552471334273,7.988135405330256,0.13275961092159724,11.413644010025648,3.7268099661882896
Guizhou Province,292,genextreme,0.17945714274497226,31.052107204329047,8.467174437503143,0.10330353938973333,12.014910899491325,3.848640483655882
Guizhou Province,293,genextreme,0.10263458923035193,30.822099979568563,8.584365816938742,0.026085785097439418,11.58195996521993,3.5806834122191775
Guizhou Province,294,genextreme,0.10353366958517901,30.457829022274957,8.010576077196063,0.0885630128942885,11.726211500553962,3.490634805635295
Guizhou Province,295,genextreme,0.1307625240982045,30.808955784845445,8.422968589578119,0.08658627485279657,11.762676472539553,3.530502677912965
Guizhou Province,296,genextreme,0.11577778766275307,30.70523149033692,7.866652222640894,0.08418859775859894,11.536102663946,3.693499290628701
Guizhou Province,297,genextreme,0.05452946835786152,30.140379595099716,8.198334955852722,0.10564105393149051,11.823227320385573,3.7996167061477277
Guizhou Province,298,genextreme,0.12385924756322081,30.386732383804876,8.379198548071571,0.0778392930546817,11.699584346386212,3.6743810158055963
Guizhou Province,299,genextreme,0.0992296457645506,30.538018979810467,7.898577809602129,0.07074714994796219,11.843114705086677,3.685845365342856
Guizhou Province,300,genextreme,0.09253835448912065,29.936192004982402,8.105732623019296,0.10558708839122913,11.667364785317973,3.591428876375655
Guizhou Province,301,genextreme,0.1346340531252901,30.615523970445622,8.292521380350665,0.07795563715862444,11.599766927900946,3.626060138103754
Guizhou Province,302,genextreme,0.09792100130167028,30.782241261814647,8.15823781248138,0.0802583835948114,11.334496113514547,3.6199395256388294
Guizhou Province,303,genextreme,0.08977605346780274,30.746439452408183,8.138085450778267,0.10310472006797278,11.806754991210408,3.519088669232068
Guizhou Province,304,genextreme,0.13066908396737725,30.148055733563197,8.065496440564157,0.10131568312296016,11.815358720120654,3.535732060972311
Guizhou Province,305,genextreme,0.08345047123300096,30.615285482786334,8.088911549535808,0.13237443329158544,11.658075253113765,3.718225885050937
Guizhou Province,306,genextreme,0.13925241719646975,30.86178432331252,8.02531771234188,0.06657250139156863,11.618185882390685,3.7075932224268304
Guizhou Province,307,genextreme,0.1304765589411857,29.96627074959129,8.376035353578542,0.12150250630925209,11.64588080024376,3.539801349136659
Guizhou Province,308,genextreme,0.12668452158338855,30.736179481320722,8.301595302329613,0.09298504022028077,11.353546837495667,3.698211231135965
Guizhou Province,309,genextreme,0.10089678138580195,30.12122209479548,8.379151004285415,0.10927333934109382,11.368456458817114,3.808383184935753
Guizhou Province,310,genextreme,0.11298082570381704,30.54144013825347,8.15419703168082,0.10422110804328699,11.775857060855405,3.5534961474386515
Guizhou Province,311,genextreme,0.08879745616784362,29.942053940625428,8.212435598784117,0.07671625078987684,11.667590764714639,3.7935799545001805
Guizhou Province,312,genextreme,0.08896528686756702,30.803299230887582,8.288187412597829,0.08135512795204236,11.933991872501727,3.86835644547653
Guizhou Province,313,genextreme,0.14370831530809713,30.67401449278921,7.871932893308557,0.12387760914926955,11.650095791305727,3.787380181703316
Guizhou Province,314,genextreme,0.11275201306869087,30.820759543491373,8.303008389183706,0.08525869050996579,11.453580448631062,3.4728866767084097
Guizhou Province,315,genextreme,0.11848958032941095,31.135066106911253,7.941712688072368,0.08888995841332042,11.18739051519465,3.4885317823687836
Guizhou Province,316,genextreme,0.09401545040115787,29.66576000631177,8.326861260229785,0.08946966049693011,11.625278819262693,3.571887255121232
Guizhou Province,317,genextreme,0.11251016018077686,30.884137993138804,8.399417124265462,0.08902979489432591,11.856982447611198,3.7315433606644803
Guizhou Province,318,genextreme,0.0771463472979341,29.925737643919163,8.28345944942379,0.12160414289977271,11.589409943431095,3.8737010201185673
Guizhou Province,319,genextreme,0.11498077725116954,30.010017183628104,7.68745187093312,0.06162626634958801,11.511377440172794,3.5795560387569436
Guizhou Province,320,genextreme,0.0874877168999666,30.68432433979961,8.204013239902512,0.10459633066045992,11.559992248641162,3.699562199683262
Guizhou Province,321,genextreme,0.08449594905043534,30.505022531292724,8.10892736189304,0.07481533856602098,11.566680145811171,3.7389852568454582
Guizhou Province,322,genextreme,0.08630415394495322,30.188066727854,8.165293642924041,0.04170365388047349,11.61644009150377,3.3631380203706014
Guizhou Province,323,genextreme,0.13108781122869534,30.564713032257153,7.9824549457391125,0.09447966236573996,11.575177788457761,3.773363490565707
Guizhou Province,324,genextreme,0.0691215090114752,29.886633000431914,8.35531912552986,0.14146018695751933,11.997428663890185,3.641173257904174
Guizhou Province,325,genextreme,0.11799058992925544,30.17869839718075,8.406133423935579,0.15300313994215192,12.19859563088408,3.8857051484870366
Guizhou Province,326,genextreme,0.11495732819838461,30.79070477682945,8.474789238085254,0.09490446979894596,11.412719523604661,3.7436899564979553
Guizhou Province,327,genextreme,0.06603647415835814,30.05805471621378,8.165307685541624,0.09585525080342165,11.622727784776433,3.896935747006364
Guizhou Province,328,genextreme,0.09679085092758605,29.897007760376766,8.221297986608583,0.10549921383452965,11.739413554025752,3.649919291495375
Guizhou Province,329,genextreme,0.12292990324278653,30.23804983421222,8.028848257845844,0.08732978536389989,11.853315591398982,3.77801638126928
Guizhou Province,330,genextreme,0.1423210781820835,30.948885395476886,8.12536260079015,0.050528129757249324,11.642996899498758,3.509798094150169
Guizhou Province,331,genextreme,0.11413920149912313,30.68881050678568,8.131664270623872,0.10302761908827174,11.626396486776986,3.449692639342135
Guizhou Province,332,genextreme,0.10510538190021472,30.13105178004485,8.445338519088907,0.0781885637084421,11.702682714031068,3.6259757625122186
Guizhou Province,333,genextreme,0.13515962115603203,30.440280353893996,8.32995632331377,0.10570620459925424,11.663235541104944,3.87625925915263
Guizhou Province,334,genextreme,0.13599797118111218,30.26402042467236,8.296159950892516,0.13978510586499449,11.810025664727622,3.760168796155792
Guizhou Province,335,genextreme,0.11061748939757025,30.68398180937846,8.26072895093331,0.04568766578604008,11.73535317070261,3.439318204778437
Guizhou Province,336,genextreme,0.11074646904231841,29.621636497419892,7.904178823029451,0.08566166577205753,11.451338834787027,3.8079541808496575
Guizhou Province,337,genextreme,0.12190801737321875,30.409139415947998,7.987439610223885,0.11260061036285787,11.464847236814396,3.6520915131794895
Guizhou Province,338,genextreme,0.11932520171559974,30.62391234811233,8.328673601771111,0.12430593686683908,11.917196581577798,3.8274152024800823
Guizhou Province,339,genextreme,0.13083373719850822,30.897514809763962,8.338563765400611,0.06789630115270195,11.403420591308855,3.5862148243284264
Guizhou Province,340,genextreme,0.12310272602343203,30.344469165496214,7.7826144233917045,0.10029005431541907,11.672806464390693,3.6703460630988944
Guizhou Province,341,genextreme,0.08362399169301704,30.563684940309354,8.065089697213105,0.11495972161832435,11.728947771870995,3.808817666054381
Guizhou Province,342,genextreme,0.16283975861209118,30.611486801377005,8.724779816236493,0.06884312117324225,11.74638621628338,3.404323727652603
Guizhou Province,343,genextreme,0.08592929343898759,29.706985760463006,8.037191696923028,0.0840224880163726,11.519861192846296,3.6235679277827653
Guizhou Province,344,genextreme,0.10850587926844568,30.228131491233658,7.950886785329972,0.0344767241845116,11.403760759829822,3.499164323175979
Guizhou Province,345,genextreme,0.08450231403411917,30.25959512775031,7.883371667077601,0.10686306991224509,11.787621963960056,3.7191076025099115
Guizhou Province,346,genextreme,0.09300481458415857,30.55998889670418,8.16946644999016,0.083516857519459,11.638305050793203,3.7317988734639957
Guizhou Province,347,genextreme,0.08026441416564845,30.24403984155254,8.0678017526272,0.08704769660293196,11.506653959420163,3.7453290822547
Guizhou Province,348,genextreme,0.15820310115207908,30.07687315849743,8.256078186663473,0.1403622433065806,11.905749801343738,3.5865793521453786
Guizhou Province,349,genextreme,0.11051021600952149,30.80089092175153,8.533251155475853,0.09571477169653227,11.54841770561764,3.4026450724101993
Guizhou Province,350,genextreme,0.08873595265170978,30.50510572969734,8.27728962834108,0.03187231061668083,11.559418675609637,3.4951113805342056
Guizhou Province,351,genextreme,0.09874806612152937,30.52148460432116,7.749516293519072,0.07910921229520837,11.980633179517284,3.830117152601238
Guizhou Province,352,genextreme,0.1099008509825484,30.171294748822014,8.321297753116752,0.12183962611718777,11.81691452209635,3.8261745582023208
Guizhou Province,353,genextreme,0.13910964579239044,30.308436803815233,8.399690504699642,0.09077467172475759,11.64520378378355,3.7072732460746716
Guizhou Province,354,genextreme,0.09854162478582729,29.827727193537875,8.694274820638705,0.09850467609734473,12.095165135347532,3.665390022539408
Guizhou Province,355,genextreme,0.12538720848203902,30.91929890685871,8.010048991351745,0.057321650452505105,11.890976618559304,3.5287062634142092
Guizhou Province,356,genextreme,0.12129934255519098,29.92839424030737,8.08891364730303,0.060331935124464414,11.577812477662917,3.5790166840153352
Guizhou Province,357,genextreme,0.11190438222459323,30.16828066715461,7.717771970687863,0.10049521969318534,11.892102770845234,3.6848687715906916
Guizhou Province,358,genextreme,0.09448446378735634,30.529883683327096,8.341340261737379,0.16337923999661502,11.98738976807076,3.874153888344709
Guizhou Province,359,genextreme,0.08036536270830524,30.52093738907088,8.03178425636813,0.13300184383711705,11.723912409946951,3.5308530720530578
Guizhou Province,360,genextreme,0.15191464033681493,30.544472475223195,8.53993293585414,0.12620604150340248,11.671403697399503,3.5556745508014944
Guizhou Province,361,genextreme,0.10614177480841805,30.744476732946517,8.643396042112853,0.06425999794653176,11.793729420150743,3.6310330489548015
Guizhou Province,362,genextreme,0.09881972778392267,29.526645706355296,8.474635285443695,0.09632342764416635,11.922532730774691,3.7409144068370033
Guizhou Province,363,genextreme,0.1546780538685128,30.782708744187012,8.471807077914892,0.030275064131907975,11.761619187210936,3.5813032815489576
Guizhou Province,364,genextreme,0.08647180928570046,29.781616682635093,7.830543769526916,0.08645217792790272,11.455084597211865,3.52986221997604
Guizhou Province,365,genextreme,0.07422272600392274,30.34307949856983,8.378606510382024,0.12251907308576984,11.730737126639752,3.516179379414839
Guizhou Province,366,genextreme,0.17983680075904518,30.548185636530306,8.727749454429317,0.11194094816905015,11.820564876426829,3.7508041750400385
Guizhou Province,367,genextreme,0.1055694941352486,30.259090037396277,8.034990624494325,0.07329813446310834,11.684828206569634,3.7378675519104143
Guizhou Province,368,genextreme,0.12634722642234464,30.364560906476136,8.446279276576718,0.05622392045775426,11.279286045898974,3.6120348754843485
Guizhou Province,369,genextreme,0.13741290683467344,31.102387869605344,8.654455244989718,0.11795522830014571,11.692434258245775,3.729896463920221
Guizhou Province,370,genextreme,0.10904978547691438,30.51674676468494,7.905308890025695,0.10446351094603917,11.894997552314948,3.619271687386891
Guizhou Province,371,genextreme,0.10762331761851485,30.422508477205923,7.711449289044875,0.06658061351502152,11.724275825625684,3.543621850042001
Guizhou Province,372,genextreme,0.12154720277384434,30.0126761955371,8.17969170435476,0.11845909301214053,11.878635936569125,3.600001418771146
Guizhou Province,373,genextreme,0.143071183109226,30.53289053756065,8.361904588229999,0.08739599270665221,11.514091333454548,3.4278043573725543
Guizhou Province,374,genextreme,0.08512013437502669,30.612385148535502,8.214063672073449,0.0855406405515732,11.623413264162167,3.425517274896225
Guizhou Province,375,genextreme,0.1478376532314264,30.268099017981903,8.18501830231442,0.0704685484059154,11.780811209771976,3.6929746019675127
Guizhou Province,376,genextreme,0.13124807978644953,30.377669480729033,7.821042429099628,0.08961841855095734,11.835330651169148,3.3546157124831932
Guizhou Province,377,genextreme,0.1108752479728347,29.89915952436457,8.038996464404125,0.047422587143746434,11.543335107673252,3.528183843911405
Guizhou Province,378,genextreme,0.10900692084048468,30.555580164669298,7.867908056667467,0.13592238948096053,11.667400482158175,3.6867878148742363
Guizhou Province,379,genextreme,0.08899492433607202,29.788907328914195,7.957539902609618,0.10405931751816644,11.725675775314063,4.080614836217128
Guizhou Province,380,genextreme,0.0925872349797904,30.1922116511686,8.045838152895191,0.08776782080679368,11.821998865437504,3.576009759184595
Guizhou Province,381,genextreme,0.1272284174932975,30.424411731763605,8.126711743023684,0.06897670703631031,11.541041363563803,3.742035679599871
Guizhou Province,382,genextreme,0.14498014401262066,30.67985030600918,8.511026934675694,0.08904217509783777,11.616455569930437,3.4911489541384446
Guizhou Province,383,genextreme,0.12673048950901997,30.194613930349234,8.066843588474894,0.10811481274894494,11.5860012941255,3.6489134011867153
Guizhou Province,384,genextreme,0.10362525203989056,29.76379621191841,8.368143913721884,0.10053492391520714,11.915437588208281,3.6874737894011735
Guizhou Province,385,genextreme,0.1440425908712057,31.023210372413345,7.786571888176109,0.110200413967412,11.691051211389107,3.924723700628125
Guizhou Province,386,genextreme,0.11821896561680424,30.554638104150573,7.984059115832201,0.07445899078047286,11.57580724931022,3.600196110659462
Guizhou Province,387,genextreme,0.09705776262785273,30.757382773019625,8.314206404015994,0.11101953620806176,11.6986699995276,3.719185272945575
Guizhou Province,388,genextreme,0.11406661425054199,30.306531626743478,8.148666802483033,0.09644915720701919,11.786678779479052,3.756539915602512
Guizhou Province,389,genextreme,0.04478020907261798,30.203289046631355,7.750532104432693,0.11291342354321879,11.734565091104972,3.880794676773487
Guizhou Province,390,genextreme,0.04084388725232252,29.73269992955115,7.760971005018703,0.10472456618063716,11.494860439441895,3.619601141529294
Guizhou Province,391,genextreme,0.17343049961473922,30.420142359695305,8.429194411750387,0.047573091051001826,11.644844324305936,3.48252395839323
Guizhou Province,392,genextreme,0.1194709122539716,29.83580763990775,7.9760468989302655,0.059286050842113275,11.801968805461762,3.596189035475911
Guizhou Province,393,genextreme,0.10044437435238626,30.60871969807426,8.036084093510794,0.06297773153321151,11.627486722583663,3.81006743328253
Guizhou Province,394,genextreme,0.09044521467326062,30.571491791935014,7.697709960387997,0.08643876774458814,11.76433524222267,3.6589841966181424
Guizhou Province,395,genextreme,0.09232649157415362,30.690586649150468,8.114104027413934,0.12074036300253341,11.721104030281747,3.706870653767024
Guizhou Province,396,genextreme,0.061951148570963996,30.818493126710493,8.086964837343306,0.126311257316383,11.535870103223484,3.8051094039956097
Guizhou Province,397,genextreme,0.11536558134193314,30.276370527667744,8.524650965182172,0.10418069176093939,11.923400311154706,3.7214856678837203
Guizhou Province,398,genextreme,0.09698046181924884,30.186975428036128,8.18037993430119,0.04543520226072353,11.354511869648036,3.587996781394775
Guizhou Province,399,genextreme,0.1680053351721318,30.70443452835346,8.732403452325341,0.08498528865076427,11.82321994290192,3.491228532962477
Guizhou Province,400,genextreme,0.07719467420019344,30.254138245924512,7.810964691772609,0.10017789675358531,11.829720644262387,3.7819449593689805
Guizhou Province,401,genextreme,0.131370589004753,30.94498826671336,8.431658463019406,0.08023112105571814,11.802111408140183,3.858030795711734
Guizhou Province,402,genextreme,0.09423514936290522,29.714388838139115,8.012195392776686,0.07657320377131657,11.717147233906129,3.5066751907093403
Guizhou Province,403,genextreme,0.12355619370497464,30.221359850120493,8.008536679039768,0.09065413096018718,11.482005822832207,3.7046830278562224
Guizhou Province,404,genextreme,0.09089400312508544,30.285454748312915,7.910332274612504,0.08493391723499022,11.517810313188154,3.7517737092490826
Guizhou Province,405,genextreme,0.16324810471045315,30.54194741754958,8.677793503572858,0.026774458041642628,11.371015437748602,3.5073783740096327
Guizhou Province,406,genextreme,0.1352976253943166,29.855182255835622,7.935043801886731,0.1244707853822031,11.648768008770858,3.7572381132851627
Guizhou Province,407,genextreme,0.11422239394899006,30.18495918212995,8.513079058415705,0.06747306860333752,11.688397815369356,3.6644065243486
Guizhou Province,408,genextreme,0.11268884447987794,30.106850710199836,8.13744421950356,0.026321475955240765,11.455685522996056,3.529930806347882
Guizhou Province,409,genextreme,0.08825792315040068,30.22894250785522,8.176613108014278,0.12193739052611144,11.735337970027906,3.6428008953864337
Guizhou Province,410,genextreme,0.09965022298682832,30.206457296857295,7.527767129103547,0.09862721762858828,11.645453734359933,3.4899917844643396
Guizhou Province,411,genextreme,0.15450691871236738,31.35751658148116,8.907663783938155,0.1246660050426692,11.498770003886596,3.550253190424751
Guizhou Province,412,genextreme,0.10128198284247526,30.039525639008996,8.348552606257414,0.10052222808482231,11.684714284535893,3.5645355642404066
Guizhou Province,413,genextreme,0.15179625911922046,30.91802076873781,7.875333145992894,0.11532596192608738,11.91721396355026,3.986856039773639
Guizhou Province,414,genextreme,0.14996365644003368,31.00875213839806,8.611108949182835,0.049168264768777545,11.74945466030532,3.5250612305214704
Guizhou Province,415,genextreme,0.08811668113983967,30.20658216945587,8.00448489043951,0.10271787349539194,11.804925928452953,3.8323154962247914
Guizhou Province,416,genextreme,0.09229667785815324,30.557571514731702,8.057960723981976,0.07634837724151475,11.497992119928455,3.791326529578157
Guizhou Province,417,genextreme,0.10708671921075663,29.700840624218422,8.377335496177604,0.06002712970023183,11.517733735249227,3.4193493339590493
Guizhou Province,418,genextreme,0.11065041672781664,30.44868445845941,8.03019551984368,0.05739251379936443,11.709069247186406,3.6144361140369634
Guizhou Province,419,genextreme,0.12320350055439241,30.49627457993675,8.039867196481893,0.012382331153416354,11.333390475745425,3.505725683680741
Guizhou Province,420,genextreme,0.11507713279196281,31.003767835287107,8.28821050859178,0.11523243597658432,11.683495642152153,3.774543654924834
Guizhou Province,421,genextreme,0.12547209376623775,30.264791093579067,7.857810024247892,0.05647895765200223,11.426979302522048,3.6822535298429044
Guizhou Province,422,genextreme,0.10068837465744244,30.565875424332184,8.614862122783178,0.05593245069796683,11.653664104594839,3.642260249935391
Guizhou Province,423,genextreme,0.05943233480086428,30.115270925686836,7.9030484382886215,0.04774758931754905,11.661928225152625,3.5104425729569417
Guizhou Province,424,genextreme,0.09674779361213648,30.34496788417542,8.144927616500322,0.08531107013894747,11.807391671537358,3.8808066164012995
Guizhou Province,425,genextreme,0.10609280059895246,30.350013524093114,8.389237766168675,0.08871876676628933,11.637189886011171,3.6267741048358393
Guizhou Province,426,genextreme,0.09393354439433618,30.85972784761583,7.934084690634275,0.13193340019552577,11.953340011306212,3.606607437903854
Guizhou Province,427,genextreme,0.1128463021748535,30.771627370881323,7.7209005080642275,0.10451578531461193,12.05447373270194,3.6883313172676893
Guizhou Province,428,genextreme,0.058190349444877776,29.960139171776696,7.611471576929981,0.08271042938103365,11.228140789587632,3.629759984592736
Guizhou Province,429,genextreme,0.13028955342754261,30.419328518322224,8.355760392761637,0.08051276827635709,11.659533476937325,3.7349314943630167
Guizhou Province,430,genextreme,0.10699340238250285,29.88156488314918,7.887842581271766,0.11184147408553101,11.704527134956287,3.5896529560681683
Guizhou Province,431,genextreme,0.09661362276252886,30.20518664266158,8.267122987832344,0.08968695686413343,11.892119239211954,3.740863997546945
Guizhou Province,432,genextreme,0.11862116571073827,30.25575553402038,8.232614835385787,0.10593062988788124,11.817439843197414,3.4783315551372542
Guizhou Province,433,genextreme,0.1102448124575945,30.221174637983047,8.324931361581942,0.0957509722315242,11.642664660360023,3.5758470037929504
Guizhou Province,434,genextreme,0.1317701366297158,30.243696788840904,8.196531856116009,0.09722473695968586,11.887582783058184,3.7283431494676726
Guizhou Province,435,genextreme,0.11439602444425853,30.020334874273587,8.107287160396755,0.09467517298278019,11.868395261983299,3.660096332021216
Guizhou Province,436,genextreme,0.142764164966028,29.72556627962724,8.296688315366355,0.06724576486354822,11.350285272474501,3.500015503082264
Guizhou Province,437,genextreme,0.1385913672123716,30.212736932716275,7.934919023879284,0.07433476083965596,11.47991125152518,3.566745021834108
Guizhou Province,438,genextreme,0.13976131293493077,30.53818237980503,8.325964206681327,0.0846049963783952,11.500415241559693,3.6815969734071974
Guizhou Province,439,genextreme,0.09586709214910608,29.977214576751727,8.24994000040107,0.1473179945063509,11.638042661769882,3.856865820606024
Guizhou Province,440,genextreme,0.11796648832872003,30.014586346912523,8.080215172143442,0.1057236947765797,11.640666339712993,3.8722554496127275
Guizhou Province,441,genextreme,0.11306509285120439,30.026493498830998,7.925433639552097,0.11330218242678804,11.337717758090482,3.569682595057664
Guizhou Province,442,genextreme,0.14125834923547326,30.808914631195748,8.419546440243451,0.09762647560745116,11.509523286978407,3.7156628476300213
Guizhou Province,443,genextreme,0.11831630221010492,30.124116209605027,8.473805272314529,0.10517851598332362,11.926045508279534,3.840942372372358
Guizhou Province,444,genextreme,0.0974077104239249,30.467868478334573,8.254908830594388,0.06436501449862828,11.402830091768095,3.6345050508133485
Guizhou Province,445,genextreme,0.07838554561710315,29.816639010866197,7.969830299769507,0.04917305721597838,11.391089263026142,3.5417080242145342
Guizhou Province,446,genextreme,0.12896332597765686,29.925535958363653,8.04260247233545,0.08938358293086845,11.703481156577144,3.7352564915371693
Guizhou Province,447,genextreme,0.14045525392437466,30.692543250368203,7.878933325824535,0.0926732564394466,11.748615226462075,3.9031059727718214
Guizhou Province,448,genextreme,0.11648001768322272,30.29340318421196,7.528413831825142,0.17391645900714423,11.770102579877328,3.7078201539485667
Guizhou Province,449,genextreme,0.06690036288349828,30.10228955081529,8.06573578483967,0.028393220672770614,11.560256126215123,3.719261739947532
Guizhou Province,450,genextreme,0.07168089077889103,30.448138930734743,8.19249479527214,0.06982267863288674,11.680946560943976,3.888797058147971
Guizhou Province,451,genextreme,0.13011735050809797,30.96838793850104,8.078182804273501,0.13845525771863165,11.85697367753123,3.8649034063075796
Guizhou Province,452,genextreme,0.11312291982149655,30.728243836932897,8.542469042118753,0.11647636302334449,11.517989335788066,3.662253349341572
Guizhou Province,453,genextreme,0.1348529143847887,30.839184313617984,8.223532369367762,0.09875362540458518,11.600380623941504,3.898310339343813
Guizhou Province,454,genextreme,0.1075184046521328,30.66701003944273,8.087957062044623,0.07111989281785912,11.545519151147381,3.5417468422989677
Guizhou Province,455,genextreme,0.13397238667265443,30.420754100536254,8.183754025146907,0.12149884975419584,11.55765838669086,3.7656907272986926
Guizhou Province,456,genextreme,0.1026488540285558,30.546981774316738,7.9571210441605205,0.14029436943860613,11.550590291306275,3.9017478819467133
Guizhou Province,457,genextreme,0.10907088561997119,30.584637694582618,8.097019572357826,0.12137989869562857,11.750161802264424,3.9714697384373756
Guizhou Province,458,genextreme,0.14070957444506696,29.92900696376008,8.288822439860796,0.05908579981146636,11.483087296740612,3.532704264891521
Guizhou Province,459,genextreme,0.09825350264090588,29.96030898995748,8.094238096226775,0.055214154555512304,11.824372125283741,3.5336269992165636
Guizhou Province,460,genextreme,0.05475408213504657,29.77523768569993,7.774458954339048,0.10074632639464343,11.670939109420319,3.8932966732940866
Guizhou Province,461,genextreme,0.08801398914869529,30.12306376404703,8.436122439452454,0.05415238329386497,11.627150916447654,3.5419923750007127
Guizhou Province,462,genextreme,0.09831957994151487,30.591348157815872,8.247654202838005,0.13352383103895066,11.725336686055218,3.631267147624068
Guizhou Province,463,genextreme,0.1023271715689118,30.326360824861823,8.183747176925776,0.11488241923783984,11.957063226411794,3.6385590775592584
Guizhou Province,464,genextreme,0.07852180624283125,30.674219013748846,7.989807576712586,0.11710511798715581,11.510658439299078,3.72303310056371
Guizhou Province,465,genextreme,0.1147010182349471,29.59060799685241,7.859786026190656,0.10414507713131374,11.811378955955258,3.865548760832149
Guizhou Province,466,genextreme,0.11591245833148145,31.658905014258778,8.235695846670332,0.11430313045631388,11.662067626260633,3.61755188692903
Guizhou Province,467,genextreme,0.11586640395376234,30.736991120664957,8.15675301344384,0.07082929542191338,11.573101143707722,3.7164286715285786
Guizhou Province,468,genextreme,0.09971816896301766,30.52527902968166,8.07899759357647,0.11027767941354555,11.720870555569952,3.6839241116927086
Guizhou Province,469,genextreme,0.108661259493481,30.445442422747064,8.344831492579672,0.072318611853028,11.723427859869426,3.7957408871955884
Guizhou Province,470,genextreme,0.14317053545263853,30.487725754659373,8.109802259889882,0.15794715824222572,11.907213805343506,3.7731928144922353
Guizhou Province,471,genextreme,0.09350137549645382,30.116294049490378,8.204754668744524,0.13150779714333663,11.725193369893187,3.5432694376590046
Guizhou Province,472,genextreme,0.10325506640611776,30.080203121255302,8.187102397769358,0.08372069754831193,11.797320061304479,3.574938682258102
Guizhou Province,473,genextreme,0.09586406220550991,30.3898073723441,8.000054264642348,0.03387740626904136,11.288347287800267,3.490030558060945
Guizhou Province,474,genextreme,0.12075403531000609,31.14237045007571,8.04861244758644,0.09576490021562097,11.69088235572052,3.7913873515600196
Guizhou Province,475,genextreme,0.14053867529858322,30.18263546067808,8.46848218396806,0.07321910399309689,11.508580033162108,3.517757997788305
Guizhou Province,476,genextreme,0.14615473666830092,30.35367076104736,7.760350900452004,0.13998708770385485,11.825308964294631,3.6706312389944857
Guizhou Province,477,genextreme,0.08788969990992582,30.228453986915916,7.675506396252197,0.1021582850961387,11.698332235167378,3.8364448859753364
Guizhou Province,478,genextreme,0.100483339523004,30.44266870221785,8.186660331414142,0.06588891386163034,11.69793041434107,3.5141233867302093
Guizhou Province,479,genextreme,0.1463183574543332,30.846213281440484,8.47074501250029,0.06722094469524298,11.510361831483795,3.917533948720754
Guizhou Province,480,genextreme,0.09049443275992171,30.35621452610451,7.77414258308362,0.09055322236162165,11.820109397490638,3.589921370527666
Guizhou Province,481,genextreme,0.14403367378740828,31.227784598057355,8.26986641158354,0.07717259067268833,11.506220681482894,3.7231501505889906
Guizhou Province,482,genextreme,0.11177407642439595,29.982382368125876,8.007245408644685,0.08901776742125855,11.491597085934334,3.6333950433834543
Guizhou Province,483,genextreme,0.1059063427205052,30.733489880252655,8.579784654900259,0.10094906164303818,12.011055063312178,3.619910480339305
Guizhou Province,484,genextreme,0.10099437859180155,29.790336828525398,7.9987184978105255,0.07613171740603286,11.618268730356906,3.37110754615731
Guizhou Province,485,genextreme,0.10794548125738829,31.20785052431288,8.432469434548342,0.10207779079587749,11.7885073797833,3.5953359455529164
Guizhou Province,486,genextreme,0.09558634207557448,30.51974529827425,8.306585088060903,0.03460677717545773,11.875390376346008,3.4682772626656364
Guizhou Province,487,genextreme,0.14788997401533954,30.665065834338485,7.852457547959277,0.0978187860010406,11.865900556008382,3.928496842744827
Guizhou Province,488,genextreme,0.13383057781028024,30.51465402089145,8.1755670939814,0.11335155384115522,11.635318004538767,3.8203313293149224
Guizhou Province,489,genextreme,0.10734885790383929,30.866780728461706,7.9104269455367575,0.08437113645298289,11.76531593761209,3.7847234094950943
Guizhou Province,490,genextreme,0.10950353061251697,30.41207597193311,8.109173635733821,0.09131891453354218,11.529621753347689,3.648841046414611
Guizhou Province,491,genextreme,0.1501537441856301,30.872424213395938,8.18912483271524,0.04138616317218799,11.598358897522587,3.5672700485387185
Guizhou Province,492,genextreme,0.08006992834421474,30.018026472739624,8.168501670661838,0.12435971632800598,12.139741194803445,3.809630748728538
Guizhou Province,493,genextreme,0.13277326930703653,30.899164840218198,8.430370345743103,0.1018594444027656,11.617323748222313,3.4797362193170804
Guizhou Province,494,genextreme,0.07708564678333527,30.734286194812952,7.895400135247451,0.08081135708038933,11.91445420091284,3.6440913978203087
Guizhou Province,495,genextreme,0.08617050094735099,30.553786759938067,7.700673541648514,0.12889708031147168,11.688687586033033,3.802985784686802
Guizhou Province,496,genextreme,0.10811871279474708,30.357410904903702,8.298448965948072,0.11350251456997523,11.987653206920612,3.8214317318392723
Guizhou Province,497,genextreme,0.11333093511508738,30.59232050386072,8.706094369651357,0.0931234618656899,11.56724705141088,3.6778786436932123
Guizhou Province,498,genextreme,0.12309873876088298,30.731087261866048,7.84658785756559,0.048936057224133994,11.60941087031247,3.4474305492797894
Guizhou Province,499,genextreme,0.15098211425246494,30.982427421069026,8.629172004953148,0.12331034521060957,11.978070540180076,3.86364982121948
Guizhou Province,500,genextreme,0.12671893338891704,30.494767898762117,7.897123835467861,0.07958588885886647,11.730503583508478,3.7861956769738896
Guizhou Province,501,genextreme,0.15376011510726578,30.679065353397018,8.070727181891886,0.10076510813628092,11.60155893332041,3.690262124529841
Guizhou Province,502,genextreme,0.10271327210516121,30.60944103421555,8.615621200711164,0.10795325481474713,11.869723765688663,3.597179115917217
Guizhou Province,503,genextreme,0.10794770771597523,30.74014438902838,8.033020110966486,0.08721089946915489,11.454360961067568,3.650092140057108
Guizhou Province,504,genextreme,0.1153324845964783,30.453546721837547,8.109117775323286,0.047925153190456954,11.416052290781849,3.5068043495154804
Guizhou Province,505,genextreme,0.1064982722382384,30.595933832477808,8.389316621855635,0.07477162577971203,11.81600476252501,3.76570728966216
Guizhou Province,506,genextreme,0.15789907069951403,30.080358612435738,8.290499595566455,0.10032342011514823,11.519250368957632,3.5945673658618644
Guizhou Province,507,genextreme,0.09087317821418958,30.327828417999264,8.070383564493874,0.07325236745259003,11.574870593241261,3.64610964879419
Guizhou Province,508,genextreme,0.09401449762075773,30.26151328151591,8.38991536751096,0.067417788780668,11.725810437539906,3.523933652837181
Guizhou Province,509,genextreme,0.11837487700572578,30.185271941903288,8.080284145589633,0.059375768423656584,11.622738834598376,3.734506798223906
Guizhou Province,510,genextreme,0.0603849824690878,29.780597782477805,8.220104609603297,0.10980847451611331,11.532185350125609,3.628686257154299
Guizhou Province,511,genextreme,0.1415927883506471,30.73448064434796,8.190707372469433,0.0853881599575978,11.872789988098557,3.4952565324014717
Guizhou Province,512,genextreme,0.04597499392999886,30.542805101210007,8.104116276004731,0.0285132814682021,11.372409958932188,3.346195576116246
Guizhou Province,513,genextreme,0.11019792363925329,30.25149076250032,8.354155259017745,0.11740376405914016,11.500388010401087,3.6709829702297703
Guizhou Province,514,genextreme,0.11799072192404567,30.286233193637585,7.9568080170078375,0.1412844228983084,11.874476559304355,3.9011411399838156
Guizhou Province,515,genextreme,0.09781490052286623,30.54313399531848,7.98718203625511,0.09360914777096543,11.706488358864984,3.872451056180501
Guizhou Province,516,genextreme,0.12980558722240232,30.186981020386085,7.998510910329022,0.05824379614361532,11.669162994443987,3.4333184589001866
Guizhou Province,517,genextreme,0.1132639912417041,30.345793847003968,8.463390182891906,0.06370160278118575,11.81334889146849,3.6515700342460278
Guizhou Province,518,genextreme,0.09593171756909649,30.566758910510288,8.120074168324116,0.042900917686286795,11.552881915211696,3.737262171281291
Guizhou Province,519,genextreme,0.10980114366873187,30.74431826076571,8.0712224326049,0.13798582779172383,11.677507171562777,3.7636501506263906
Guizhou Province,520,genextreme,0.07474914111915637,29.427524227476173,7.999752398634119,0.08401373212999957,11.743116573054238,3.7865092319708946
Guizhou Province,521,genextreme,0.1525237041423581,30.65713136119887,8.224101492988996,0.0755776998628232,11.446430166591043,3.5989729629228684
Guizhou Province,522,genextreme,0.14288679953937897,30.567935183980172,8.293008990276938,0.08995969432934386,11.812303160339685,3.7014290577923346
Guizhou Province,523,genextreme,0.12148603815483285,30.44185373232316,8.211171488385574,0.08402462737922634,11.706740158354844,3.6899099625614644
Guizhou Province,524,genextreme,0.14517107777689658,30.82895242786182,8.035006935927473,0.10418742621750336,11.50879286266472,3.701391260223751
Guizhou Province,525,genextreme,0.10626254587653906,31.097454916215852,7.680505444420827,0.10310826278863018,11.902722729447532,3.5253695726999057
Guizhou Province,526,genextreme,0.1268654926141461,30.7002731889756,8.416284124857118,0.09515216026879686,11.833087242835056,3.592934210698928
Guizhou Province,527,genextreme,0.09912538339091291,30.843758269271405,8.607945220809782,0.15873306562727696,11.95158307584406,3.7501323617963314
Guizhou Province,528,genextreme,0.12235800062596644,30.497805146554796,7.997214861079341,0.04464802884244129,11.69735770193705,3.6428206556084177
Guizhou Province,529,genextreme,0.11427678311680908,30.72292918479439,8.066527289821211,0.09542868934886076,11.6022160562879,3.6595114106267204
Guizhou Province,530,genextreme,0.16613861973866006,30.70545594845145,8.37500860832225,0.049691105347859775,11.689411052253176,3.5823493008980254
Guizhou Province,531,genextreme,0.13348704922164906,30.344008115434775,8.285718072112836,0.09081082736987811,11.57042787810449,3.6096981731512057
Guizhou Province,532,genextreme,0.10547219839204344,30.26762249657922,8.20891601041852,0.12132194390618964,11.78371346294129,3.7112278327700094
Guizhou Province,533,genextreme,0.09863343500703181,30.28394778784547,8.19104539075239,0.10386234659610909,11.74435677848591,3.864863000016246
Guizhou Province,534,genextreme,0.1019263451352968,29.75285561204244,8.015502231181415,0.11406914004699734,11.625470101654727,3.669128765057221
Guizhou Province,535,genextreme,0.10762805227252573,30.107450506564376,8.553964688879002,0.0834188593647237,11.740969109852912,3.710038217569215
Guizhou Province,536,genextreme,0.1369604380562106,29.871895801494077,7.923259085328293,0.11213811406892868,11.554742963363836,3.6613843244333575
Guizhou Province,537,genextreme,0.12766387443169108,30.776438194582216,8.152944374908634,0.10051548980185496,11.723142938328582,3.7992735236006756
Guizhou Province,538,genextreme,0.11521652004406652,30.175401924781518,8.40560752092168,0.08167008717481156,11.356838295449197,3.6160754765000407
Guizhou Province,539,genextreme,0.12941443772304734,30.828586311119945,8.569865327651776,0.1328586259971169,11.615407956668921,3.60319936985991
Guizhou Province,540,genextreme,0.11224114224261417,30.290051755178233,7.8076116922692265,0.07799414016226378,11.739744808362566,3.576826607982875
Guizhou Province,541,genextreme,0.07646334040982389,30.429778656414335,8.087002914392237,0.05282938887082092,11.5409182105745,3.739734509559217
Guizhou Province,542,genextreme,0.1258549746062098,30.1535532093107,8.53432618865611,0.11645269080906914,11.519633575988685,3.7444279710204444
Guizhou Province,543,genextreme,0.09707545455506356,30.933821864880947,8.3189963995022,0.06586140483803268,11.782634756921672,3.8644551786734205
Guizhou Province,544,genextreme,0.12314155130153018,30.111844991467528,8.302010848452507,0.10282286930826098,11.717841507419752,3.5790313166329795
Guizhou Province,545,genextreme,0.0805889550545695,29.881497193853427,7.609917433716648,0.10294335164561484,11.783410411695222,3.4514536009249683
Guizhou Province,546,genextreme,0.12381784964026565,30.21505182968808,8.134786611019454,0.06505618984780076,11.557292848450388,3.6861901573235896
Guizhou Province,547,genextreme,0.1137395813560684,30.580950520298035,7.904384021730859,0.09495403832642281,11.129885271684383,3.85622631944966
Guizhou Province,548,genextreme,0.05713355673404119,29.67377927525688,7.669366951444633,0.08587921238484897,11.93866014109664,3.678283365318462
Guizhou Province,549,genextreme,0.16273418748296906,30.739827065517403,8.567208978224937,0.13376009597827018,11.972885229921665,3.592078313658676
Guizhou Province,550,genextreme,0.10492394145885647,31.153579895232035,8.397720540759227,0.0814026339958308,11.623174025422923,3.7231940447073155
Guizhou Province,551,genextreme,0.15219747708404535,31.14889041390107,8.387798611405598,0.0819349517136829,11.827150995014065,3.7327068616505565
Guizhou Province,552,genextreme,0.13595341248037224,30.252835889405414,8.336663516205348,0.10483839613133614,12.193151635418745,3.7591098393709266
Guizhou Province,553,genextreme,0.13768285177011153,30.66310745619806,8.173996114254823,0.10293100176186809,11.368135200656521,3.4646898087076585
Guizhou Province,554,genextreme,0.1426892513566978,30.78506933509817,8.488996916721455,0.10858015449852354,11.753585991278305,3.612646517141715
Guizhou Province,555,genextreme,0.12402922002906693,30.008355605429117,8.162977781494705,0.10502301049871055,11.733466922810674,3.5342142645511814
Guizhou Province,556,genextreme,0.08707227754336487,30.47377028631322,7.708661262893257,0.07139787722103358,11.75058415513741,3.7893996461250254
Guizhou Province,557,genextreme,0.10719865641452017,29.97118846049641,8.130533007936904,0.09541877828201994,11.621571358355435,3.58110055419995
Guizhou Province,558,genextreme,0.10951641006464763,30.423001639626825,8.76627700396056,0.1042683209699883,11.546197608064933,3.7149593671196537
Guizhou Province,559,genextreme,0.1507602860652796,30.568579898668805,7.835019044508668,0.14413865648527194,12.051269704060186,3.820897166953946
Guizhou Province,560,genextreme,0.13339472988798196,30.1491256972724,8.160304438839347,0.12603008100035196,11.807035537147748,3.8370121639067953
Guizhou Province,561,genextreme,0.13252498128042736,30.971147538079556,8.615790648828309,0.11121350436581477,11.39609444237795,3.7229127265203488
Guizhou Province,562,genextreme,0.10320764950856058,30.64135502295376,7.985056904866341,0.09035813157331493,12.07196358357126,3.6656423676212384
Guizhou Province,563,genextreme,0.14520719685961425,31.143105355007652,8.126510480303896,0.0731960142023614,11.544511990831005,3.827829633062966
Guizhou Province,564,genextreme,0.06691808250652474,29.908123557351445,7.733002965697503,0.13980327498310907,11.97704111839684,3.674625196162996
Guizhou Province,565,genextreme,0.1382903958754433,30.0111673618699,7.9617698802578225,0.07246663382170207,11.79984761791418,3.6602749875716665
Guizhou Province,566,genextreme,0.1382554002188553,30.322195026012754,7.6643990093846535,0.10126467248926288,11.611605954477168,3.8180424555251413
Guizhou Province,567,genextreme,0.12016669743956607,30.480244762668896,7.920199497475904,0.12043306200935483,11.869216644059549,3.7409112494049768
Guizhou Province,568,genextreme,0.12460883650416205,30.629690002509108,8.238583229386112,0.06619181035892022,11.627064671903776,3.596749452593352
Guizhou Province,569,genextreme,0.10575797681199592,30.309243400961172,7.95441373431038,0.04588826152647474,11.419021969920722,3.730784532531521
Guizhou Province,570,genextreme,0.12886878746403685,30.51435425124331,8.60055836235366,0.1120920375045586,11.919309255060845,3.7716331553455813
Guizhou Province,571,genextreme,0.11519210359643345,31.080980421369336,7.9570204677393335,0.11413908298862299,11.954653520844893,3.637272848166983
Guizhou Province,572,genextreme,0.13041105488161533,30.868971372244516,8.20657199599803,0.04824513130270093,11.743955816124519,3.5509725664358136
Guizhou Province,573,genextreme,0.14016021092053538,30.760427292164344,7.966105619204477,0.11279984906521022,11.919738391483417,3.9291165880085384
Guizhou Province,574,genextreme,0.1000727961075657,30.157152532517003,8.021470833823294,0.07888396022660751,11.515430888622806,3.595756364403213
Guizhou Province,575,genextreme,0.13871488228068016,30.995421440312413,8.295352503911136,0.09203981474638664,11.709378001853402,3.549061337722685
Guizhou Province,576,genextreme,0.16175854791449268,31.06450057487557,8.295817423003669,0.10410281960613865,11.464781415642111,3.7225849229154377
Guizhou Province,577,genextreme,0.13054083166892527,30.33604152051066,8.45633828381887,0.11441465132744008,11.4304113627979,3.7937529881821535
Guizhou Province,578,genextreme,0.11893503701708945,30.771526858933264,8.453674670330807,0.09255309869979514,11.734644177714316,3.6972439877785446
Guizhou Province,579,genextreme,0.11295133403824681,30.404526752156855,7.69477861861087,0.0887309233340334,11.618537968064668,3.4573153150104172
Guizhou Province,580,genextreme,0.09481295623455202,30.69721061817065,8.035708746843952,0.11417301609404941,11.784559606261386,3.568270670074373
Guizhou Province,581,genextreme,0.04884301435679193,30.321635628106044,7.632891246545146,0.032202554061778674,11.519091997090877,3.472386788888528
Guizhou Province,582,genextreme,0.09868392297243642,29.780125762488048,8.291791137423258,0.03021876521719705,11.71501991006284,3.6761852928041483
Guizhou Province,583,genextreme,0.14202058985860636,30.96286632713131,8.460089939342403,0.09869318315936154,11.795769282140029,3.698921265307256
Guizhou Province,584,genextreme,0.09659640926106519,30.74384506307411,8.579561423088087,0.10133904660868087,11.514137394810891,3.8958661880718997
Guizhou Province,585,genextreme,0.09979085809829524,30.86717915695052,8.482754821825376,0.12432591145222249,11.761817029956855,3.8507809930780983
Guizhou Province,586,genextreme,0.10224865357711914,30.09243413512303,8.437271261060594,0.06552753857954526,11.579237080992414,3.6809908028422686
Guizhou Province,587,genextreme,0.13154317373548496,30.742790664302163,8.129011254797875,0.029282497865534135,11.7756952141713,3.6115429374532027
Guizhou Province,588,genextreme,0.16430841824591425,30.797993834286533,8.17826340078594,0.07912007874794524,11.72361781175977,3.632904800092713
Guizhou Province,589,genextreme,0.09628698317514105,30.025169522928735,8.137537577143366,0.06832471815624677,11.71315197656764,3.584062444220554
Guizhou Province,590,genextreme,0.07796391734429645,30.405819729071666,8.079145107089264,0.081900335192464,11.605073288273534,3.5269187575027425
Guizhou Province,591,genextreme,0.14609773783255692,31.068206900300062,8.274941231921167,0.10151344149687552,11.685959927824488,3.7693794510842586
Guizhou Province,592,genextreme,0.059259559299613865,30.73581532036299,8.065012568022794,0.07138254489042617,11.702069370071845,3.650264916730402
Guizhou Province,593,genextreme,0.11626678660572816,30.765460980443173,7.9239653031244455,0.13139938853725852,11.500290881767459,3.6141415158959163
Guizhou Province,594,genextreme,0.14602891751264843,30.92085448214395,8.665672203827032,0.10084291645849178,11.638503380656227,3.4452530133027333
Guizhou Province,595,genextreme,0.15885222727865525,30.838552271721312,8.076190011232079,0.02419023377974447,11.424566932772509,3.5448644894433725
Guizhou Province,596,genextreme,0.16446152143343856,30.388491218271636,8.444416204452757,0.08260585264520412,11.682221067274034,3.5921949487790434
Guizhou Province,597,genextreme,0.12648066717061002,31.25609081036684,8.3631911547299,0.03679433056177543,11.577049204934486,3.5918642003764942
Guizhou Province,598,genextreme,0.14593003957204304,30.66439871100537,9.050417319899498,0.057361337866593046,11.782333676664688,3.5523229056837478
Guizhou Province,599,genextreme,0.14429172452880107,30.39767918098751,8.362524696295807,0.08389209648699839,11.793836249524926,3.4980005680711823
Guizhou Province,600,genextreme,0.10052651333359555,30.34093362270268,8.170413175014485,0.10561841503372399,11.742947849950802,3.794346864452809
Guizhou Province,601,genextreme,0.10524597329603672,30.58781904853595,8.39527593394423,0.11588582225590854,11.34974289352586,3.6256821987294527
Guizhou Province,602,genextreme,0.09819129754899444,30.313797713837246,7.987149169878766,0.06631473453733538,11.453378017187092,3.498975100265011
Guizhou Province,603,genextreme,0.10395977430551018,30.831624019002355,8.306492552521725,0.10826182908368553,11.62603867251066,3.651694190683851
Guizhou Province,604,genextreme,0.1462667437572539,30.71685864313582,8.001343135194594,0.09364109618246858,11.784884118103218,3.7356880892613757
Guizhou Province,605,genextreme,0.1088592032745758,30.43188419111408,7.899162364085288,0.13280857539462126,11.744290699302516,3.8656614858545733
Guizhou Province,606,genextreme,0.12368576538585566,30.367373400017044,8.159985193588739,0.07132969152976855,11.570340357907687,3.809115378591877
Guizhou Province,607,genextreme,0.06621143151098131,30.205074005495604,7.626874140818239,0.09559657157583885,11.857383527270482,3.6566549721508586
Guizhou Province,608,genextreme,0.0634025952603971,29.82699703705976,8.044138689497121,0.09880154807807381,11.842146445866007,3.797219796099119
Guizhou Province,609,genextreme,0.1232134351069919,31.038626971335255,8.35182226004676,0.10930353129838255,12.00959684282411,3.9196215727400943
Guizhou Province,610,genextreme,0.09594341230233337,30.037564001034063,7.956828046710857,0.10380312931964727,11.519905957559391,3.5837861027046056
Guizhou Province,611,genextreme,0.11292228216236533,30.310868278423833,7.915746458306314,0.08405399584837878,11.817180379093875,3.4971703355554915
Guizhou Province,612,genextreme,0.09560882076426713,30.491098111415816,8.260782079345194,0.1252523880004688,11.659529367343353,3.7319175983597823
Guizhou Province,613,genextreme,0.1413120259419927,30.250796618879523,8.17538929283372,0.11149008152430624,11.700302948649647,3.6653428953536946
Guizhou Province,614,genextreme,0.09929686016504918,29.907368910737354,8.7363746763045,0.11157266157446723,11.725860719235854,3.589462459985314
Guizhou Province,615,genextreme,0.0939052986022773,29.967773590562892,7.836421929895222,0.14303870903850668,11.86213688883296,3.8640420899474623
Guizhou Province,616,genextreme,0.14452204807437397,31.005934595262232,7.7509899121818915,0.1421961160942078,11.836643664499832,3.6345410110632206
Guizhou Province,617,genextreme,0.11128805477366319,30.56151121161043,8.476554337745021,0.05116736953733486,11.68923737793041,3.5687908525499656
Guizhou Province,618,genextreme,0.11029562592767558,30.627563660204363,8.055422647845873,0.14173099984189563,11.834329867664241,3.8496501100699296
Guizhou Province,619,genextreme,0.11486583393334926,30.574708798500374,8.505961079929003,0.07868830395602394,11.6564283333524,3.5065588835867945
Guizhou Province,620,genextreme,0.10422854215106245,30.377860162499232,7.874845870529715,0.12394373095858276,11.842507609725747,3.600655268752578
Guizhou Province,621,genextreme,0.1468648114414881,31.13420826918055,8.057473476300473,0.07926250334593785,11.518415900144205,3.630583910781122
Guizhou Province,622,genextreme,0.09292925748666926,29.86219968017232,8.345162242882916,0.10382778796342382,11.566402889377082,3.824133504887036
Guizhou Province,623,genextreme,0.08418996265205028,30.680581289972373,7.815967224626549,0.08578580530699029,11.918866975579707,3.7337047239063406
Guizhou Province,624,genextreme,0.1647666251391452,30.46403985664088,8.531995605952662,0.0365510108643204,11.582563535996666,3.564701990336516
Guizhou Province,625,genextreme,0.1408784344486782,30.42552982495709,8.552363312117514,0.06993118497572726,11.659362236516841,3.6964991135246574
Guizhou Province,626,genextreme,0.11545569824491249,30.5302883652285,8.15798060391518,0.07966627211675109,11.61974027985255,3.7712880455702757
Guizhou Province,627,genextreme,0.11204089582782234,30.483808018754342,8.13813836821392,0.058548038756335796,11.524340092993855,3.486630813504101
Guizhou Province,628,genextreme,0.16983815101104216,31.232043933948916,8.637247792039922,0.06142321792755788,11.48189965225145,3.4904689928725756
Guizhou Province,629,genextreme,0.07648779378378945,30.23855229443363,8.051682163452487,0.06752739973017587,11.705578256052172,3.771378453831951
Guizhou Province,630,genextreme,0.15113146263724864,30.466692144296637,8.343040997028506,0.08882320329226048,11.852769504193212,3.5273073148707907
Guizhou Province,631,genextreme,0.1610210266917046,30.91902770926808,8.598585488704838,0.06833761803247788,11.410173501863284,3.5497424379898592
Guizhou Province,632,genextreme,0.13056877431266098,30.436016607888526,8.000597258520752,0.09955807197131064,11.795948456752884,4.000157457375064
Guizhou Province,633,genextreme,0.11835758541510338,30.238661870856916,8.536427351815306,0.09411486589145861,11.714783643696162,3.6628228045608306
Guizhou Province,634,genextreme,0.1361197899452225,30.155442750655922,7.881402195493653,0.10969377644731138,11.743821917276701,3.716686889069626
Guizhou Province,635,genextreme,0.12561765507602005,30.459386433739027,8.444036180726563,0.10364812992338548,11.630553737516333,3.7762990063106425
Guizhou Province,636,genextreme,0.13429423743408356,30.684235196765812,8.462039236504147,0.06719804330806509,11.468828650277155,3.6173298401087104
Guizhou Province,637,genextreme,0.11019623600759437,31.290556689993355,8.025215869742425,0.07483434720884699,11.67740625609601,3.6811895897245153
Guizhou Province,638,genextreme,0.11207597202319385,30.395242590011954,8.13279324375292,0.1386212864433407,11.742230566230425,3.6292765438587677
Guizhou Province,639,genextreme,0.12743270774323479,30.125665323066443,7.766149496370765,0.05453550526536361,11.689833653089103,3.551191438744847
Guizhou Province,640,genextreme,0.10729791395277466,30.016558751018987,8.004376971948162,0.09870940921189328,11.761599220068785,3.707524533627515
Guizhou Province,641,genextreme,0.1274281231835071,30.85621460266544,8.355078276082097,0.1347078135192434,11.666425387241103,3.50969643921004
Guizhou Province,642,genextreme,0.09396453142541414,30.488645895810933,7.9134646753026825,0.11601314469647475,11.715419394881526,3.778450239430687
Guizhou Province,643,genextreme,0.08801430213514475,30.123306009521002,8.111503248807164,0.06012208395819151,11.535431413351906,3.58513543531681
Guizhou Province,644,genextreme,0.1111223690385021,29.97755783490095,8.293725011287773,0.10000238844083348,11.723054555529533,3.569738957533221
Guizhou Province,645,genextreme,0.11710249813959629,30.713656975617198,8.077479379771436,0.04792685800360116,11.652782716078484,3.558032849248652
Guizhou Province,646,genextreme,0.16380154708427624,30.431693564546993,8.378031482358828,0.08671408140910716,11.73509928693941,3.530319572339713
Guizhou Province,647,genextreme,0.11133287783210016,30.27790422518769,8.134254903779244,0.14769733263124696,11.919515566033828,3.8990003400391355
Guizhou Province,648,genextreme,0.1032252438447569,30.823742672523714,8.139506273331435,0.04577648268795169,11.457938160752237,3.747507252680025
Guizhou Province,649,genextreme,0.1043430019125921,30.117739930798482,7.872216614285824,0.09747641835020343,11.615926654147689,3.625059245505383
Guizhou Province,650,genextreme,0.0666903362493472,30.154188794551718,7.823933855273782,0.09845719464570944,11.834057768987286,3.6068849200313773
Guizhou Province,651,genextreme,0.11531859134859207,31.002877866299308,7.9932475708004915,0.0716000311343866,11.499450863079169,3.69015498280133
Guizhou Province,652,genextreme,0.12174728958327066,30.9279480678737,8.357882323169187,0.09446001056726794,11.457531002610768,3.7562214646247165
Guizhou Province,653,genextreme,0.14093790719961247,31.073788966029586,7.785736767560054,0.09493058082243816,11.842391877503678,3.787009632670177
Guizhou Province,654,genextreme,0.13433544739057596,31.083183977170023,8.292183866478569,0.03764152788724613,11.41571912442074,3.537534731307041
Guizhou Province,655,genextreme,0.10234419413172778,30.273529236425418,8.071382138863456,0.05171899302909954,11.527139126636802,3.542479774700226
Guizhou Province,656,genextreme,0.16061534072227557,30.523572226392623,8.146685138562308,0.12984597593113528,11.700831098591628,3.605888095252333
Guizhou Province,657,genextreme,0.12098394594224285,30.356330766257706,8.436570211823113,0.1157226311893346,11.775858266792147,3.789657662536287
Guizhou Province,658,genextreme,0.062417448234409284,29.95237913287203,8.187729134565096,0.04871535820994918,11.768407262514117,3.3955644454678016
Guizhou Province,659,genextreme,0.08548284408613005,29.703691664393588,7.919352884605129,0.1283449086839788,11.679751252355535,3.8357085648770997
Guizhou Province,660,genextreme,0.12539454188362908,30.993809243408187,8.235446555169318,0.07404756644909542,11.776183126777196,3.6983483324590662
Guizhou Province,661,genextreme,0.1263054913880458,30.48902739343291,8.358160419602243,0.11672347557266552,11.811631521841552,3.78306590986502
Guizhou Province,662,genextreme,0.07562589552240107,30.407715093025367,7.597318204202848,0.10239658206164445,11.626019507543866,3.5048243466394173
Guizhou Province,663,genextreme,0.07307346606441724,30.44591960194733,7.855820995194095,0.0998665562466189,11.437210068974602,3.6559576652365022
Guizhou Province,664,genextreme,0.09966694242559862,30.05163175607291,8.43744754255085,0.1269747804453524,12.084099404084531,3.759718507822649
Guizhou Province,665,genextreme,0.11453563127625917,30.572917056124723,8.04457671072378,0.10235766109694452,11.644162549212592,3.758605972302428
Guizhou Province,666,genextreme,0.10056432291320683,30.193670923591178,8.05178956579664,0.08172396788771244,11.73726325937189,3.5896132620594425
Guizhou Province,667,genextreme,0.17687313968577748,30.424097339347803,8.43380504189626,0.08985276358722166,11.56394550322339,3.611346194251503
Guizhou Province,668,genextreme,0.10138387762284218,30.318646719344823,7.999631071067926,0.07544883971623724,11.715594702354007,3.622828185207454
Guizhou Province,669,genextreme,0.10389157061025277,30.771686111531373,8.020817839549373,0.08514870680126296,11.363262411290098,3.5010643728476856
Guizhou Province,670,genextreme,0.08304645109553142,30.276398086397293,8.249803873497749,0.10055098052108694,11.45338545997786,3.6053587008997656
Guizhou Province,671,genextreme,0.06353280488184115,30.424515229626287,7.765385685531644,0.10404956639590027,11.852541388250607,3.737295225212385
Guizhou Province,672,genextreme,0.11996039333989476,30.52282581151681,8.402837356275066,0.0916017214389055,11.697840027477335,3.6905694069450163
Guizhou Province,673,genextreme,0.119880144839283,30.313335205357276,7.911983084595675,0.0817687805412199,11.480626747497718,3.6848045993503034
Guizhou Province,674,genextreme,0.16076174910722213,30.717599464322056,8.10405220832758,0.11903822772721342,11.817846758056303,3.7581333128201013
Guizhou Province,675,genextreme,0.12260322939575985,30.12402876474527,8.202094466796183,0.012237260689443063,11.372786358220122,3.5597201936400955
Guizhou Province,676,genextreme,0.14340505294173106,30.441470458969597,8.382080301547491,0.13379211367184873,11.654291430344173,3.821352042304089
Guizhou Province,677,genextreme,0.07527135235228008,29.94851689372821,8.259383651389932,0.09334264328785555,11.641259027735696,3.6305315066560255
Guizhou Province,678,genextreme,0.15839918665371533,30.38551477378175,8.395721789007741,0.07547292955556853,11.7407515596688,3.7085551309722207
Guizhou Province,679,genextreme,0.12598036562030165,30.55647204472777,8.539589859047247,0.05908088814135671,11.657087709185173,3.598439018569596
Guizhou Province,680,genextreme,0.14529325519772388,29.944259228536012,7.767520010430312,0.10398255103799886,11.682814611870077,3.6439352308582693
Guizhou Province,681,genextreme,0.1509314849547735,31.1215988865694,8.247784987259067,0.029973538209458608,11.585197303622882,3.52244040503674
Guizhou Province,682,genextreme,0.12868397887690514,30.797302003278233,8.206679446863621,0.07928222837539056,11.728140747116292,3.4868455119524375
Guizhou Province,683,genextreme,0.10436809811880149,29.96232287182299,8.121358215236786,0.06770660346856089,11.514273392330308,3.441705866542021
Guizhou Province,684,genextreme,0.12200179815774605,30.44210760367275,8.057490448054978,0.07539873453878387,11.558194789208233,3.5637702595082947
Guizhou Province,685,genextreme,0.14723168203041082,30.312753165374062,8.176032194452018,0.06685208009350842,11.595931230440137,3.700933694497258
Guizhou Province,686,genextreme,0.13296808173783656,31.481556340055555,8.440590325718471,0.03798961240282433,11.413859117774663,3.657034288084398
Guizhou Province,687,genextreme,0.16511015924310268,30.82569691191229,8.436564523713713,0.10350650418718207,11.681059382681813,3.6995196897379397
Guizhou Province,688,genextreme,0.08291958355819627,30.432787503756895,8.223196374343843,0.11826458335883425,11.885537185063678,3.6623831382536554
Guizhou Province,689,genextreme,0.10793661503327517,30.766729388986263,8.111478830785678,0.07196347517306338,11.45024176290594,3.5603275313178875
Guizhou Province,690,genextreme,0.1128911176304439,30.68937810538775,8.188634929157605,0.07267498808453432,11.7009778060105,3.555114114967755
Guizhou Province,691,genextreme,0.10670177510593137,30.588157098706155,7.864213138204443,0.04411335743271672,11.785943664353873,3.613126951267688
Guizhou Province,692,genextreme,0.1458289227570116,30.146343442426748,8.579658313550013,0.07444075987723862,11.453069316517443,3.7092266607944957
Guizhou Province,693,genextreme,0.16098882643803727,30.93205779564193,7.771014372917962,0.08271179098094036,11.586339537286888,3.6914986273974204
Guizhou Province,694,genextreme,0.10302905208077649,30.751825258120913,8.180565190267657,0.06890208948060396,11.443700207113269,3.4678417351463944
Guizhou Province,695,genextreme,0.16923860674516406,31.193621433507552,8.524998699221637,0.1119311302027186,11.81184794472803,3.7104108318955085
Guizhou Province,696,genextreme,0.09336155146803071,30.17701619413726,8.161731620520229,0.09812411793937434,11.591658713192814,3.7323116466867825
Guizhou Province,697,genextreme,0.19177213649623287,30.974639543617556,8.900039407640683,0.05734317330682029,11.603074215071691,3.6106253766173877
Guizhou Province,698,genextreme,0.1388342802748394,30.77977785164294,8.349366019135207,0.05975602252655793,11.625846852990378,3.5382897300708374
Guizhou Province,699,genextreme,0.15035551254285484,30.812560334742663,8.311593119467098,0.10531520882936973,11.49510724600075,3.6829585643297493
Guizhou Province,700,genextreme,0.1043111365333064,30.222852337490703,7.500587951683307,0.1152050686622486,11.919804680916727,3.8538159645483256
Guizhou Province,701,genextreme,0.11153613436270818,30.265600553148385,8.134189836718805,0.05394748759244377,11.77940954264831,3.5968758971675125
Guizhou Province,702,genextreme,0.09889071477886538,30.39026073774169,8.090881718806907,0.041529509356769245,11.590262733901646,3.598073717064534
Guizhou Province,703,genextreme,0.12472849732730187,30.482330124143765,8.390336442297697,0.041436446252431994,11.509589645442475,3.906862024509587
Guizhou Province,704,genextreme,0.1750480726455898,30.37524659711551,8.547679884716494,0.12384113975886499,11.751567003199735,3.6932530414048763
Guizhou Province,705,genextreme,0.06437501568583359,30.259414505381827,7.829359281253194,0.10903234505406906,11.56097431310859,3.6963344877863094
Guizhou Province,706,genextreme,0.1125624363075155,30.374348686574063,8.652350634600001,0.04521836329069498,11.440632860886044,3.44090007697238
Guizhou Province,707,genextreme,0.14672296051559636,30.942552591076222,8.26560237783287,0.06884158088900698,11.681879769669417,3.6374441459224798
Guizhou Province,708,genextreme,0.1657011758242813,30.28860876659353,8.679341451028709,0.14305926651514753,11.561558546952627,3.77514494279637
Guizhou Province,709,genextreme,0.07434722507218779,30.299466008825476,7.7295922154427545,0.14319986346977043,12.15532452241084,3.903361207968582
Guizhou Province,710,genextreme,0.13081972454015905,30.166097869267755,8.229487987664745,0.07355778240193094,11.576346190079242,3.5853076033697677
Guizhou Province,711,genextreme,0.09123856842636037,29.957401860175985,8.114128735826412,0.09665915156355948,11.559148506577788,3.6236990555656443
Guizhou Province,712,genextreme,0.11722035451329724,31.331263727277147,8.21197237699458,0.07047043136752415,11.726420192305948,3.963266525678437
Guizhou Province,713,genextreme,0.11562077344182833,30.552034486098393,7.855741042184718,0.09864030907915301,11.661759623047114,3.770410270476721
Guizhou Province,714,genextreme,0.11376792403643206,30.54116505313631,8.446341328846495,0.11917505655512231,12.108279989206606,3.7761762007738757
Guizhou Province,715,genextreme,0.1384905943477649,31.401490888759476,8.009996874646763,0.07664012777918254,11.798887316154737,3.864413345407305
Guizhou Province,716,genextreme,0.12869547092213415,30.615492835309947,8.73155604833919,0.10013799127717964,11.71810038030955,3.8610825293605098
Guizhou Province,717,genextreme,0.12172252530462019,30.72415556953903,7.903909147734446,0.07703982126403448,11.739762649820033,3.761253386419262
Guizhou Province,718,genextreme,0.12113735118243883,30.495418989959674,8.24613394361039,0.10377174697621475,11.77377337418455,3.8536141506051154
Guizhou Province,719,genextreme,0.056514616378360166,30.673454882372326,7.90296579642974,0.1094113542207531,11.659626254751672,3.438296307829724
Guizhou Province,720,genextreme,0.102542739933457,30.35535596319923,7.8253028915966745,0.07172730746077724,11.803885411335543,3.604027403230135
Guizhou Province,721,genextreme,0.10394941797795347,30.20150497272988,8.162269122244346,0.10424602129308687,11.395132582519057,3.659874410236564
Guizhou Province,722,genextreme,0.15451296936850537,31.05110330015389,8.733687922113692,0.1360776009077635,11.630076040737453,3.849903058095834
Guizhou Province,723,genextreme,0.09227652869028877,30.360523127513233,8.42468574542945,0.09827666993590253,11.84746204579266,3.8319104353826647
Guizhou Province,724,genextreme,0.10694444374649846,29.797468950329836,8.412246214060604,0.09101984639674543,11.55266415438617,3.7731440695851166
Guizhou Province,725,genextreme,0.10460725264639092,30.068632963641264,8.309252523735056,0.09904047538966124,11.867147893370689,3.559659559493541
Guizhou Province,726,genextreme,0.11392551435558346,30.600886005974033,8.013651458365835,0.06529931687739429,11.793089114305822,3.5511534011787216
Guizhou Province,727,genextreme,0.07906923468245114,30.301241414789096,8.126892886295137,0.025169259861568226,11.61432487728585,3.708096879100348
Guizhou Province,728,genextreme,0.12197188439821739,30.219097524897418,8.109374698230798,0.10492198142707794,11.492522733876822,3.660717871309498
Guizhou Province,729,genextreme,0.0822660777169355,30.4757290561675,7.994391410830389,0.054968664735967725,11.894403470393058,3.8816706795767604
Guizhou Province,730,genextreme,0.11097532895536776,30.908851427731854,7.9808720197541065,0.10238899432016388,11.556671865874836,3.4409324511717436
Guizhou Province,731,genextreme,0.09739002514598535,30.567746066316317,8.108554661553466,0.11367085081455261,11.863158200460187,3.758981933542737
Guizhou Province,732,genextreme,0.06932127765265353,29.896720657400955,7.954411568033115,0.11624684260564833,11.610488034909597,3.7450542108095135
Guizhou Province,733,genextreme,0.1690414957587149,30.374166255699357,8.741817958021436,0.09006863009345137,11.734746462903175,3.71928860548889
Guizhou Province,734,genextreme,0.1397138882403294,30.573122308506527,8.450130006252937,0.1222599560527492,12.007199457816409,3.8546918986609082
Guizhou Province,735,genextreme,0.1099877718863475,30.21182613444568,8.135023120076884,0.14101481279723158,11.425427865279541,3.913583654521548
Guizhou Province,736,genextreme,0.09560973163999603,30.52765636880209,8.204452105026089,0.06707250209231633,11.46802406532587,3.519273534089301
Guizhou Province,737,genextreme,0.16408584955062247,30.55481217789371,8.03200494089791,0.048595004565340674,11.594495509160591,3.5173878786860957
Guizhou Province,738,genextreme,0.08476873317668732,30.173258827138284,7.484196317394046,0.05818250466035106,11.483560650301971,3.7191805487726937
Guizhou Province,739,genextreme,0.163767066580427,31.027289384376147,8.268912372174025,0.08403840524296162,11.683144677271514,3.9512488660521594
Guizhou Province,740,genextreme,0.10332946458080604,30.228429002168554,8.122907744776807,0.07974050402476746,11.703956322491788,3.7401880656159605
Guizhou Province,741,genextreme,0.0654375418178764,30.13425219586849,7.993765653203612,0.06861361718728677,11.422081630165806,3.56947105601943
Guizhou Province,742,genextreme,0.1447431597835762,31.03246394823508,8.48410553456429,0.09401576739289164,11.655040461918476,3.582188151574276
Guizhou Province,743,genextreme,0.11207161794404993,30.792463642629464,8.299801735975063,0.06361120874288473,12.01261972718989,3.794988415754307
Guizhou Province,744,genextreme,0.1027200306542341,30.449184994662247,8.165178036056282,0.07349128270453612,11.976702045743068,3.659684090830133
Guizhou Province,745,genextreme,0.10813969374714931,30.32523197425858,7.9598669564486935,0.05033033394424426,11.42791947954677,3.726419188688138
Guizhou Province,746,genextreme,0.1535755959386169,30.628080868290027,8.53374318286454,0.05631366824515919,11.709988063096098,3.9592861239751915
Guizhou Province,747,genextreme,0.10106701010465963,29.612525992391838,8.431431512022911,0.11566415423583082,11.772374342055926,3.731072382380625
Guizhou Province,748,genextreme,0.09395849558385805,30.992981086503615,8.585404361465713,0.09494733389044896,11.997052943413145,3.924068742476403
Guizhou Province,749,genextreme,0.10824999134451257,30.69232255089075,8.119015327265128,0.10601712241695285,11.37464418725621,3.7831387143518453
Guizhou Province,750,genextreme,0.11425883328217562,30.694966537475985,8.433049737120616,0.08409265382909314,11.366926569025686,3.5235407023889245
Guizhou Province,751,genextreme,0.13738086447036896,30.179946083948046,8.462507952531785,0.07134519993854752,11.380062167948243,3.7165596915261885
Guizhou Province,752,genextreme,0.11545743829731943,30.63562352189423,8.327623220823886,0.14035081597791493,12.088062705853124,3.8907681219258947
Guizhou Province,753,genextreme,0.13165896910414113,30.90393497888973,8.399340760797923,0.0602147128971314,11.598938780177571,3.6539941725933307
Guizhou Province,754,genextreme,0.1311518061613588,30.485611865444575,8.391301202348611,0.06053596387632222,11.432380206923167,3.5125051495269646
Guizhou Province,755,genextreme,0.14523068494677926,30.339376392995074,8.574558535388821,0.08424256068841038,11.790634263853331,3.506999876718024
Guizhou Province,756,genextreme,0.15587033069057415,30.66308557517975,8.285758317832403,0.11795549874726981,11.53055766691736,3.6502452958936655
Guizhou Province,757,genextreme,0.1321636959288019,30.235007672352324,8.668165963128107,0.11185659000384705,11.939488802232567,3.8362017257773386
Guizhou Province,758,genextreme,0.08618780024921993,30.05237621336849,8.218612825129377,0.09151438855587003,11.801732667521092,3.857213835115847
Guizhou Province,759,genextreme,0.13810562946100374,31.067753196864125,7.96622379513299,0.08695596103215045,11.810621062469748,3.656785960393381
Guizhou Province,760,genextreme,0.17239930818105206,31.35517773475396,8.725738869671407,0.10186982776424783,11.657297370801244,3.513279898869744
Guizhou Province,761,genextreme,0.13250844668696066,30.36494673202294,9.111803010138736,0.06331288677157093,11.680134999340499,3.7177181739180556
Guizhou Province,762,genextreme,0.14352900777409253,30.785298520143662,8.242237119151342,0.08087113062720114,11.591394672627034,3.69678978653912
Guizhou Province,763,genextreme,0.16611510477537478,31.05670908236145,8.621377850796996,0.18649961652001207,11.46742536392192,3.8120259977809887
Guizhou Province,764,genextreme,0.12761204047527164,30.938366532752447,8.398085602516336,0.06158562876604755,11.508781035133364,3.535186201854823
Guizhou Province,765,genextreme,0.12604930631399464,30.36723980398041,8.280956633861265,0.045331863413816814,11.774608493629675,3.644869846302356
Guizhou Province,766,genextreme,0.09182584108918593,29.796162090430144,8.06714353555879,0.07458969934855854,11.556365573824795,3.531406641398067
Guizhou Province,767,genextreme,0.12615828300348225,30.657849050220705,8.239920571095594,0.048686103189121685,11.376135702752048,3.6284821396620037
Guizhou Province,768,genextreme,0.12488788585095131,29.839267733937,8.107577151568199,0.052969234439208916,11.640532628748748,3.582792345022256
Guizhou Province,769,genextreme,0.1085690552170541,30.574845803153835,8.557003165319415,0.1149260457550476,11.620164307190894,3.5258514055007533
Guizhou Province,770,genextreme,0.04622151751501383,30.665608427340615,8.093585868787425,0.08356509200311882,11.948391498788293,3.689860841566676
Guizhou Province,771,genextreme,0.10785037655798908,30.70328571145067,8.299391891422038,0.09329752581464154,11.775069336118928,3.5773326260915823
Guizhou Province,772,genextreme,0.10310772159926343,30.49784566997241,8.428782089278602,0.058165652184388385,11.553777205239083,3.614014686189969
Guizhou Province,773,genextreme,0.10518245800248553,30.216131382701164,7.861108298992318,0.10891419532285115,11.947627500117248,3.6196693708080354
Guizhou Province,774,genextreme,0.10741211898570255,30.372692709006152,8.293513532281487,0.1268132217873591,11.922662579459839,3.672782046771653
Guizhou Province,775,genextreme,0.10520948719605669,30.232681982578875,8.057672585451511,0.07206536755596671,11.39841437457953,3.7913931541944264
Guizhou Province,776,genextreme,0.07658019460591631,30.505894849365653,8.15608182252436,0.10036461419843454,11.638243069006561,3.8594918905774405
Guizhou Province,777,genextreme,0.11883359525744334,30.523984883428724,8.023135911061377,0.0459773013657659,11.746239913280656,3.842396305306448
Guizhou Province,778,genextreme,0.10009201326276745,30.467509674540885,8.505200723452647,0.06037316999205905,11.505010873040145,3.737346399950779
Guizhou Province,779,genextreme,0.1814215948490605,31.0074096759799,8.175691551827175,0.10404464823164342,11.669432377405577,3.7077943744231026
Guizhou Province,780,genextreme,0.08507616168184255,30.56188515381867,8.304436165711756,0.02438967675092627,11.79803699220563,3.4724676892290556
Guizhou Province,781,genextreme,0.08982472234737957,30.806174851741684,8.167946927256779,0.08573848067250059,11.578875857220268,3.636725457424964
Guizhou Province,782,genextreme,0.1588026244989531,30.437803129918898,8.204811118031667,0.10180140900996046,11.768282580860294,3.8116234720933813
Guizhou Province,783,genextreme,0.08219998881998998,30.438056972688965,8.27245318242947,0.10588176621415783,11.683269654327193,3.8281512133908535
Guizhou Province,784,genextreme,0.15907360282025818,30.21700574926598,8.650598063549213,0.07414649535125614,11.470826804653083,3.7497685593390475
Guizhou Province,785,genextreme,0.14415262404293128,30.92654714045392,8.253037779106814,0.12650014464529824,11.487589397618747,3.6486354532944896
Guizhou Province,786,genextreme,0.10362770240892666,30.58752414882308,7.898504436930649,0.05394352250719603,11.596210427189902,3.5140936426204132
Guizhou Province,787,genextreme,0.08023036742243653,30.16073248966953,8.157501221289968,0.06867251168654238,11.653937607839246,3.649175348111151
Guizhou Province,788,genextreme,0.05890515392774624,30.061678954126084,8.012445922583767,0.09872483005846372,11.725107572651364,3.5231611217274548
Guizhou Province,789,genextreme,0.10671183841614632,31.644399140044175,8.20513655636223,0.1459503040421749,11.74066869498792,3.5827086546828313
Guizhou Province,790,genextreme,0.10058370804138958,31.25094869291884,8.067077821177563,0.06781621459917364,11.878323709436234,3.8138560950406637
Guizhou Province,791,genextreme,0.07291715553504223,29.939662473099954,8.028999854814138,0.12654878672045652,11.949432961114393,3.8242828816533128
Guizhou Province,792,genextreme,0.12751014630731086,30.542501632258706,8.56034151036321,0.11425198683870098,11.668349910072315,3.7489498792260028
Guizhou Province,793,genextreme,0.11610249403955875,30.174600282696574,8.180304835598138,0.07051804012170027,11.627789922218314,3.591508178110047
Guizhou Province,794,genextreme,0.05983599372705746,31.032579659163126,7.567957359650015,0.16346028870986523,11.85638448373425,3.9940770909890952
Guizhou Province,795,genextreme,0.08409804252178774,30.453914861328485,7.939638446179025,0.10017415760240282,11.967717361395692,3.676716460482112
Guizhou Province,796,genextreme,0.1128096851308904,29.627242483765208,8.125638402547112,0.027189227251716352,11.502705276808562,3.5511660654468007
Guizhou Province,797,genextreme,0.09626042096674467,30.48796967695938,7.791722988223731,0.10191070138786654,11.610624531189831,3.5970952207784226
Guizhou Province,798,genextreme,0.10442926253401956,31.134267978391037,8.067885741188412,0.07776833943626432,11.547283674863877,3.7299317705912003
Guizhou Province,799,genextreme,0.09883685308330463,30.74973246776447,7.997560103285542,0.06933732667442087,11.890960426632878,3.9298586920735312
Guizhou Province,800,genextreme,0.09718588708353049,30.51865370620165,7.819608417060353,0.10832801556977978,11.622223915874162,3.51789828443045
Guizhou Province,801,genextreme,0.10119162213942406,30.36530044239774,8.687778689367937,0.07312317059991222,11.352219129731587,3.585561398369178
Guizhou Province,802,genextreme,0.08297139074173333,30.08089054904714,7.860406118809213,0.0884297875625538,11.754808086605978,3.791972050383994
Guizhou Province,803,genextreme,0.14638267347561315,30.18266735762105,8.189079837500902,0.10421446131391453,11.897059992703834,3.7748178999979265
Guizhou Province,804,genextreme,0.08299749719712768,30.19096654091013,7.729253922191688,0.10296935526695647,12.19200756376112,4.076652452710306
Guizhou Province,805,genextreme,0.15197539751052735,30.790041731831963,8.24201000879218,0.11986830969722728,11.644605951272741,3.8084049408902123
Guizhou Province,806,genextreme,0.12260706265222261,30.516595814884987,8.360612575931878,0.0723151614078836,11.5991539593271,3.554332840238266
Guizhou Province,807,genextreme,0.15815935326174851,30.782435132170583,7.413183227205561,0.07861565272357357,11.874351125164797,3.7442556096448953
Guizhou Province,808,genextreme,0.11511048409929622,31.530338201497273,7.851717158512796,0.13556361287294308,12.117629661249973,3.9145140376989866
Guizhou Province,809,genextreme,0.09853810442398535,30.66652085896994,8.047829221773638,0.08456795999944686,11.638280566971869,3.6592458327789714
Guizhou Province,810,genextreme,0.13899115909894144,30.887348236381595,8.092486076827953,0.0802631049079783,11.534119010122318,3.693879040657379
Guizhou Province,811,genextreme,0.13783793735502353,30.694415312219213,8.429936370899819,0.05364380687222591,11.64559883082596,3.674239568092844
Guizhou Province,812,genextreme,0.07551990162799502,29.731965269393353,8.234357950325588,0.0799744859661786,11.412290770157163,3.577568748504462
Guizhou Province,813,genextreme,0.11285506849909026,30.343444813177967,7.637278969903248,0.11576649259357241,11.816987836343124,3.593341209687205
Guizhou Province,814,genextreme,0.18310631343116285,30.237202309172602,8.055740718710894,0.09564243720061365,11.811670733852086,3.607554264124165
Guizhou Province,815,genextreme,0.06096582268089039,30.09519106995078,8.377342583021004,0.035594007541899786,11.263482446497322,3.7102223619065633
Guizhou Province,816,genextreme,0.11863997512577844,30.033108686551017,8.36571901339109,0.054379306732757884,11.509258295224118,3.87398172521036
Guizhou Province,817,genextreme,0.1294254368236753,30.895934889153214,8.736527933888887,0.10428708724428318,11.702275657638937,3.7098139951440787
Guizhou Province,818,genextreme,0.1281282458218547,30.488724856227314,7.959059759901143,0.08518261862630074,11.909925352880762,3.6351121372904203
Guizhou Province,819,genextreme,0.08678882661358894,30.714720062816195,7.8558191840667995,0.05586082677404196,11.41036579182622,3.7091087997925123
Guizhou Province,820,genextreme,0.12891710885336977,30.660546912698287,8.18404267308616,0.10797379626840672,11.82679482196405,3.686077156284351
Guizhou Province,821,genextreme,0.16070125692215068,30.867047012889106,8.492522197271192,0.05152335706233384,11.424903706551625,3.6633765867949224
Guizhou Province,822,genextreme,0.12974190687140247,30.16895885417225,7.813753396398104,0.08489783845258965,11.7897734985116,3.6640630290391827
Guizhou Province,823,genextreme,0.14095748999181457,30.80864184421323,8.238656469841985,0.07817236616469943,11.648976125106902,3.484439501908776
Guizhou Province,824,genextreme,0.11473365436171148,30.485842493699074,8.013934085203601,0.11079097957352588,11.288148088775142,3.6137213539075947
Guizhou Province,825,genextreme,0.11609890041157717,31.131218429321848,8.32668294069764,0.058262591350438195,11.687258100177662,3.59050775111926
Guizhou Province,826,genextreme,0.0899775132392314,30.023478037416794,7.744546985602081,0.05317336079441265,11.858073141726255,3.6155902967845353
Guizhou Province,827,genextreme,0.09556398117748187,29.960200623285036,7.6558930397694365,0.161223259910524,11.888012982291762,3.622931614977693
Guizhou Province,828,genextreme,0.11704972124603287,29.507166056994016,7.962474954875367,0.07448650124045342,11.722910942736103,3.7561456932228396
Guizhou Province,829,genextreme,0.12239044644325245,30.72337331565419,7.93203570991329,0.05305336779329596,11.774138997823247,3.572331061810793
Guizhou Province,830,genextreme,0.08461946874287812,30.31064042708082,8.372162310803635,0.13171396615220152,11.792791277914151,3.7695036312907644
Guizhou Province,831,genextreme,0.09679309472017514,30.037876810435222,8.533327348876352,0.11089112730803637,11.856780969711124,3.860609600203289
Guizhou Province,832,genextreme,0.12328776170110081,30.60199280093029,8.402024159587128,0.0903610070631945,11.722930198620766,3.7677602771941823
Guizhou Province,833,genextreme,0.1607243815236579,31.31293548392964,8.421899956253677,0.11167447258555968,11.801804857234906,3.7733158603480796
Guizhou Province,834,genextreme,0.1270510865636004,31.552356977682958,8.092461200491655,0.09726024188263631,11.513444533246728,3.828566744380044
Guizhou Province,835,genextreme,0.11824450810019954,30.803318774475066,8.040999057806616,0.09040435924398892,11.741773775204159,3.6737200858543217
Guizhou Province,836,genextreme,0.08828984281167623,30.401944245542804,7.8989789945368365,0.09515490464510704,11.838264746237723,3.712527729713616
Guizhou Province,837,genextreme,0.088389768262838,30.372222676434355,8.294950377257349,0.10485362130999822,11.993367238047671,3.690494094785975
Guizhou Province,838,genextreme,0.08323526177919659,30.142262762744966,7.866729139031604,0.11633708658755303,11.537866618550328,3.611124164093755
Guizhou Province,839,genextreme,0.0856720813705111,30.00605520573599,8.379107559958781,0.09705513937776625,11.778764841842758,3.678123007212235
Guizhou Province,840,genextreme,0.13369725725421827,30.41522078150365,7.7563344588906675,0.08280211949575997,11.742565195323655,3.5195028687613865
Guizhou Province,841,genextreme,0.07608768826204637,30.134034386549345,7.653021965656309,0.10190891857803855,11.725143730407574,3.7607480890875635
Guizhou Province,842,genextreme,0.14105536940343477,30.490531188238528,8.191319929765346,0.09079817643086248,11.688842014775553,3.672967679363358
Guizhou Province,843,genextreme,0.07538726554401082,30.34872711888073,7.9278955641536015,0.10117892028754333,11.696333460265915,3.8746921427914187
Guizhou Province,844,genextreme,0.1241398088512092,30.334512725925137,8.191270291256378,0.06411597747762202,11.615648043573064,3.667662304993822
Guizhou Province,845,genextreme,0.1822941524251477,30.621574639508687,8.14955171990203,0.07414617717408375,11.772344498812817,3.6081501753349228
Guizhou Province,846,genextreme,0.15379793803632136,30.189325084684246,8.374982375180569,0.08792739233080787,11.513731148694749,3.494556171316193
Guizhou Province,847,genextreme,0.1304304997688856,30.77566522718832,8.344223305911495,0.11470326031014297,11.894519155662561,3.8244593887500598
Guizhou Province,848,genextreme,0.1086722646059973,29.8001983350595,8.116806037299408,0.09860963580433485,11.604350331327165,3.6952141181790745
Guizhou Province,849,genextreme,0.10966977110478598,30.499224509221154,8.306122327960221,0.1005567212373196,11.609598880418934,3.7639129196868994
Guizhou Province,850,genextreme,0.09908717319862101,30.181108403263224,7.991520018382495,0.12145541855554376,11.473501328580836,3.6383778971208764
Guizhou Province,851,genextreme,0.10290985158585018,29.98415904298576,8.222714536326974,0.11803984587056585,11.645739558918446,3.4850453629565976
Guizhou Province,852,genextreme,0.13020552982319203,30.719975554920204,8.377619056558899,0.09863305167922982,11.740254081382083,3.7648969917212063
Guizhou Province,853,genextreme,0.13239290810727744,30.193489159720528,7.991782243240397,0.1026923789194627,11.499925586637595,3.6389042178974385
Guizhou Province,854,genextreme,0.10328376050952717,30.429126445374365,7.850242071910401,0.1283760594536582,11.429614091554608,3.8519580178111563
Guizhou Province,855,genextreme,0.09536152580831705,30.705520209614576,7.940054354087893,0.060352953816051484,11.536028568532771,3.5314303497591095
Guizhou Province,856,genextreme,0.08743556048233346,31.47098343388076,8.1703630558742,0.05624999526331276,11.593496345249015,3.549417379865358
Guizhou Province,857,genextreme,0.131342021051923,30.239762947993505,8.225609814181258,0.09244069279411082,11.675984778198792,3.6604528556200364
Guizhou Province,858,genextreme,0.1060980101828849,30.780706980687334,8.264306844614282,0.10647259671381168,11.843039525081867,3.9252882003287866
Guizhou Province,859,genextreme,0.11144481750330276,29.973909698016598,7.859417398523741,0.0619003101081453,11.823752234767237,3.724517927303724
Guizhou Province,860,genextreme,0.07933746009212228,29.96508840089166,8.09936699600043,0.08525147746996997,11.61222770024915,3.511680896888425
Guizhou Province,861,genextreme,0.11633404494551675,30.735814552718303,8.369152215672608,0.11528941945075905,12.006125763396938,3.7757785084693336
Guizhou Province,862,genextreme,0.12494368722355992,30.283968306305997,8.162386008257219,0.10268436968893903,11.797264898087953,3.8820065108602266
Guizhou Province,863,genextreme,0.12127391582317344,30.798356380983844,8.418597257882178,0.05723909123956002,11.682664922022854,3.702347817881449
Guizhou Province,864,genextreme,0.12996459295371857,30.41147701495462,8.406797978824462,0.04356647478605,11.568583581595512,3.6819331307056595
Guizhou Province,865,genextreme,0.12611268514965346,29.47894245390377,7.900566581034196,0.07652666757140605,11.806394784197721,3.7477062435030755
Guizhou Province,866,genextreme,0.11414025910302802,30.908915530352893,7.813855689230632,0.11819674524293783,11.81755319520883,3.94791776461771
Guizhou Province,867,genextreme,0.14339231704788524,30.68775717550338,8.482608857739212,0.09389222318318899,11.568350524407343,3.739577743764393
Guizhou Province,868,genextreme,0.11630708324762959,30.180775297464137,7.880412871153226,0.11505022618770719,11.884291548372488,3.6270894087929024
Guizhou Province,869,genextreme,0.11862689342610858,30.143392218130252,7.939960079278506,0.10817821950336862,11.726246819313229,3.695300158267968
Guizhou Province,870,genextreme,0.13444392602984034,30.156162822174764,8.109785648761232,0.13106057570330137,11.5653002718395,3.692489805970583
Guizhou Province,871,genextreme,0.11230916243254235,30.326790922244633,8.227371193992488,0.08909525534684382,11.736022573063968,3.6744433722183665
Guizhou Province,872,genextreme,0.13302379754852167,30.767308282298117,8.0059757233671,0.09903692965007749,11.710630137042147,3.5932836177314003
Guizhou Province,873,genextreme,0.15573889908128513,30.973374359403437,7.9519299758915185,0.07625362969766677,11.65963425654514,3.4433591630784752
Guizhou Province,874,genextreme,0.06935111338086691,29.951893954377205,7.7817971607371454,0.0917508473101703,11.485492243923233,3.723784569605592
Guizhou Province,875,genextreme,0.10614660299511908,29.89351779643991,8.086120024109618,0.0679563886838671,11.53599474067337,3.590233273958964
Guizhou Province,876,genextreme,0.145459046671099,30.587407089210394,8.358653179064625,0.17892358504490377,11.525196120373934,3.4882634775562678
Guizhou Province,877,genextreme,0.11474999360813065,30.246076132774668,8.531152607600479,0.07710325332219001,11.32970029053961,3.638148700655326
Guizhou Province,878,genextreme,0.09258798938457177,29.805070177652702,7.898680449666822,0.14300379097250976,12.035344901296188,3.8284898192724164
Guizhou Province,879,genextreme,0.10578130384433759,30.477176102104956,8.402161718985392,0.14059974312566192,11.535880367290858,3.737377011533835
Guizhou Province,880,genextreme,0.1318664570524652,30.739946368635703,8.372861275716186,0.08378051485397169,11.906723484025475,3.834057327410732
Guizhou Province,881,genextreme,0.08559102425870083,30.32657420429137,8.280617578317912,0.12510598461408085,12.035297304637862,3.823864690600522
Guizhou Province,882,genextreme,0.11284817994907251,29.908265447456806,8.219893747211618,0.1195124727681579,11.69506620960653,3.67258112214983
Guizhou Province,883,genextreme,0.1565189757118109,30.629254044259188,8.447354287828123,0.11558675963651548,11.867321347168925,3.595089752398822
Guizhou Province,884,genextreme,0.08981353987861737,29.875794030433177,8.165755978303244,0.012619143807885374,11.679175814393139,3.5732102719293155
Guizhou Province,885,genextreme,0.07850272290734991,30.59810030673154,7.9173755605409895,0.10067032616264289,11.699592407340557,3.4891743142844804
Guizhou Province,886,genextreme,0.08730610921935308,30.92820402934686,8.117338910720962,0.11286546248766884,11.799117010104258,3.7740972905072345
Guizhou Province,887,genextreme,0.08658340962521874,30.33580822525173,7.902660054161259,0.06918453841087081,11.596298565878412,3.8330630813466557
Guizhou Province,888,genextreme,0.11979557916225053,30.32867550580805,8.551422637491276,0.10389640680380757,11.900315350762945,3.7626031642530373
Guizhou Province,889,genextreme,0.10557942893106961,30.447191819857984,8.163907546086167,0.10351587618356159,11.617897482045802,3.707792699515319
Guizhou Province,890,genextreme,0.07291029165845223,30.428385266611173,7.936311663131603,0.06428148479304129,11.372123432914186,3.5355478037499006
Guizhou Province,891,genextreme,0.11349073445004235,30.262477316688653,8.457107201080731,0.1125325567732409,11.849575791777418,3.7184039155683073
Guizhou Province,892,genextreme,0.1371494238724047,30.946826410767585,8.11755957967355,0.12119430582478095,11.818622533540138,3.6497014282679814
Guizhou Province,893,genextreme,0.10715346675841257,30.35246572590166,8.260742628893844,0.13385623211583775,11.860851533576863,3.7593404794602687
Guizhou Province,894,genextreme,0.08994626230060132,29.93060596730637,8.286701817942681,0.09978226701869841,11.646377905735413,3.581614009851659
Guizhou Province,895,genextreme,0.13286149413732967,30.513084788512188,8.319849879574566,0.18595329572022945,11.620616315294983,3.9384331609940695
Guizhou Province,896,genextreme,0.09011366834797596,30.323526568572454,8.30963639409265,0.08154741509854849,11.30869833019327,3.7382899429306216
Guizhou Province,897,genextreme,0.1424035575300952,30.282586794380975,8.402250870895653,0.08716816323537724,11.723693267273568,3.522596574092736
Guizhou Province,898,genextreme,0.13458623249356005,30.474383544346672,8.373204463882793,0.08487116276860279,11.814981909224837,3.6155162065951263
Guizhou Province,899,genextreme,0.07339952413797055,29.65821525598728,8.11073373040798,0.13190315243390405,11.883027125025702,3.8103873079846093
Guizhou Province,900,genextreme,0.15787631578774697,30.87848774277355,8.291407232843792,0.021964165421112077,11.341473677674756,3.67824927475741
Guizhou Province,901,genextreme,0.06055170935662936,30.14128146709102,7.942895576159167,0.12066734574088256,11.63086048098737,3.833976484737929
Guizhou Province,902,genextreme,0.08362861014981485,30.829377666102353,7.947335105928289,0.14310829646197723,11.721241602398779,3.8095709928261665
Guizhou Province,903,genextreme,0.18040180056829397,30.360562752239417,8.105524617983319,0.10969705345023112,11.909204572055593,3.759237950115678
Guizhou Province,904,genextreme,0.17096605859571817,30.397085103394232,8.27051109939412,0.07425903781975554,11.407243019215763,3.603746564638433
Guizhou Province,905,genextreme,0.1899743937060755,31.27358813799934,8.958801690553251,0.06391967352807154,11.618609625479472,3.4942006914359522
Guizhou Province,906,genextreme,0.05095364827734976,30.265099512842532,7.849555577692889,0.10405789762726478,11.824449501946749,3.6287628207416978
Guizhou Province,907,genextreme,0.04038890639955062,29.895433520077972,7.775935415369238,0.10666520803486904,11.687483077257397,3.8033780930520207
Guizhou Province,908,genextreme,0.12311402982843057,29.93939113294347,8.644573555101886,0.11272046292279217,11.710160500404038,3.76223080552648
Guizhou Province,909,genextreme,0.09692952402799615,30.94160409673863,7.71635079401593,0.10040025036782421,11.75439169584304,3.6293501271300226
Guizhou Province,910,genextreme,0.09224300325949927,29.92287727856548,8.347210025916354,0.07655791737139298,11.381310985876064,3.568971000783561
Guizhou Province,911,genextreme,0.1079605777945741,30.114738194319,8.22524976891215,0.06349370746579183,11.662354129995887,3.513504627313197
Guizhou Province,912,genextreme,0.11657188444407279,30.864618661128816,8.261650520182705,0.08586929380712985,11.841148573603359,3.598985851449035
Guizhou Province,913,genextreme,0.11582476068622163,30.897541842389103,8.5369231094431,0.07996018665482665,11.741510131944846,3.740369895928467
Guizhou Province,914,genextreme,0.06685472965800232,30.28343324614784,7.886295166507153,0.08944251712297552,11.53000530265311,3.676732810112755
Guizhou Province,915,genextreme,0.05329543889339212,30.531001610032433,7.518077887884564,0.11560460962632588,11.345873407779651,3.7152351639317525
Guizhou Province,916,genextreme,0.11334282358495255,30.68061055862485,7.857577913340577,0.04944213888653513,11.546314755482786,3.5127675967206926
Guizhou Province,917,genextreme,0.132402122088851,30.395899210173013,8.356460298179062,0.1192676738130656,11.894589861496229,3.8999438245737315
Guizhou Province,918,genextreme,0.047392129992157035,29.72030865648253,8.344414961533072,0.0453582108793592,11.924296218927335,3.607174364710426
Guizhou Province,919,genextreme,0.17588036283768427,30.47774713295501,8.108265091709425,0.08875747305931586,11.719175055291508,3.7521647103211855
Guizhou Province,920,genextreme,0.06720976081665128,30.48430233333272,8.391524881864779,0.1294884851142009,11.78219158679343,3.6839181731903192
Guizhou Province,921,genextreme,0.10890729172384414,30.28678482458964,8.099561239510713,0.09741907726910956,11.816535927508705,3.67471854453153
Guizhou Province,922,genextreme,0.12637877559038196,30.836725828402344,7.8999450536705815,0.1058003737160475,11.708534559701475,3.631429532447284
Guizhou Province,923,genextreme,0.10244808094140154,30.71872733834706,8.232290321808115,0.09602672401123424,11.527918841872813,3.650366644774693
Guizhou Province,924,genextreme,0.14067921520400975,30.595569793896395,8.28633964520761,0.11884771353148085,11.659290838357755,3.9717567157928553
Guizhou Province,925,genextreme,0.09423690342688498,30.192931218510033,8.144196399222697,0.1479192740291893,11.657684072430722,3.7305251713018617
Guizhou Province,926,genextreme,0.10585753774480539,30.04124200379519,8.063491343522553,0.08488903123416836,11.616342997876858,3.4360775303415787
Guizhou Province,927,genextreme,0.09147269466079738,30.191087176210054,7.922877716636055,0.07355720385786713,11.54445354350355,3.5627819106342784
Guizhou Province,928,genextreme,0.16228224202996608,30.217101151793766,8.461857096863593,0.1009440508162775,11.650716268729642,3.6910861271746054
Guizhou Province,929,genextreme,0.1170168608005743,30.52668004284522,8.512141134512675,0.040016259320471086,11.686552788897352,3.478898901658842
Guizhou Province,930,genextreme,0.1683947331724011,30.699853373522636,8.455290396683788,0.06555546526044218,11.85619463119076,3.7399728992633507
Guizhou Province,931,genextreme,0.09532725994141762,30.294222087976706,8.059061019948654,0.05327534326622299,11.52165190983957,3.929998120438725
Guizhou Province,932,genextreme,0.15600528355811438,30.46122250014778,8.412748046950021,0.08849410720527373,11.755727529385563,3.892299822763669
Guizhou Province,933,genextreme,0.12580634879399463,30.625273720389764,8.562243533060563,0.037627755516660026,11.598790184550875,3.488515419656763
Guizhou Province,934,genextreme,0.10229748811832749,30.41018248598587,8.039429109178734,0.1073268527403429,11.760442186351018,3.6287061369295905
Guizhou Province,935,genextreme,0.11322689344621503,30.33564918594785,8.244920400577293,0.10796715713269187,11.822715649153954,3.7611008835336976
Guizhou Province,936,genextreme,0.1672290219356989,31.30513659880227,8.95786187134334,0.1004448195322665,11.934273523824201,3.6974316746284748
Guizhou Province,937,genextreme,0.11591039870295544,30.065613947211475,8.547015921561638,0.0931873144511424,11.353875596898014,3.479343208930774
Guizhou Province,938,genextreme,0.09001857735357749,30.57536038088466,8.066983244131794,0.07713364484684238,11.608504375057937,3.617655667213266
Guizhou Province,939,genextreme,0.1307369157036749,30.783294509471943,7.908233054845163,0.09768777425541361,11.627969963421492,3.6555565013525255
Guizhou Province,940,genextreme,0.17362396534185442,30.54508578102119,8.335299265046434,0.10581296831397718,11.698200314123941,3.666740923135371
Guizhou Province,941,genextreme,0.13015313671158626,30.134340035467808,8.185443918400495,0.09137007667712857,11.60482734768603,3.9842431711023982
Guizhou Province,942,genextreme,0.1342237750493686,30.385868215269355,8.269358247720252,0.05496571944245625,11.661588283870037,3.4608499208397525
Guizhou Province,943,genextreme,0.13197452199438736,30.674593216850756,8.46311240068334,0.07999608177913668,11.582659796459872,3.487707420701526
Guizhou Province,944,genextreme,0.15854693572099657,30.717511109824176,8.085557726698845,0.07916086144922117,11.84016409973614,3.678043557561923
Guizhou Province,945,genextreme,0.09755249507243895,30.49104807541668,8.309200735801767,0.1428303880295535,11.844415097856754,3.610571666997176
Guizhou Province,946,genextreme,0.09213345793824443,30.654387995665267,7.923003830041042,0.13149661155713516,11.896378051573274,3.7457682610694394
Guizhou Province,947,genextreme,0.10738962790282681,30.05021513797836,8.775905717451597,0.12877989487431835,11.873254034297176,3.742443062567008
Guizhou Province,948,genextreme,0.10853860617246286,30.864036412093007,8.22607004998774,0.027368870890962696,11.74670051196424,3.6129880187252046
Guizhou Province,949,genextreme,0.09905160018687736,30.122743842343525,8.268304669888089,0.09937531982905987,11.669306152089083,3.8192796020900293
Guizhou Province,950,genextreme,0.12431818555422042,31.38518036641182,8.297461098428155,0.11120395695206589,11.866398589380207,3.740820081933185
Guizhou Province,951,genextreme,0.10040595900416588,30.009743004117947,8.403533754508631,0.07534839717743765,11.523301061565228,3.6028648550809796
Guizhou Province,952,genextreme,0.12019136583511802,31.355076004260113,8.209889899736826,0.11377640207966022,11.9436139796071,3.7101640058232386
Guizhou Province,953,genextreme,0.03754132475512609,29.853574176735336,7.65243795518686,0.10856728055163106,11.75275931811454,3.630374155521129
Guizhou Province,954,genextreme,0.16334394661213958,30.43859211538767,7.937748189528695,0.08572775919486278,11.711711195394335,3.5511998258111745
Guizhou Province,955,genextreme,0.09429011145150407,31.001041845765812,7.701757772603294,0.13584509203193812,11.868760988667178,3.6483619398140537
Guizhou Province,956,genextreme,0.1387049511337877,31.16096314478753,8.039977028668872,0.12664718878746134,11.785232121366821,3.8612128697568844
Guizhou Province,957,genextreme,0.10716845894096563,30.054753124326293,7.549670471264275,0.08416276690447548,11.665530242369272,3.8446187368331155
Guizhou Province,958,genextreme,0.15734267317960343,31.188760235873023,9.016704888439882,0.09167768074368302,11.553821658992966,3.5815733782674153
Guizhou Province,959,genextreme,0.10402037741509185,30.207224899790305,7.932589191840369,0.09553509227261497,11.712477710455467,3.629040234364428
Guizhou Province,960,genextreme,0.08833594682767024,31.008066884497726,8.001917848886997,0.10035688574260362,11.471462806173953,3.774598729097127
Guizhou Province,961,genextreme,0.11329381612806974,30.318068513608928,8.160332224264309,0.1246914708438081,11.518635250882774,3.640982666046299
Guizhou Province,962,genextreme,0.11555885077639917,30.424135510828755,7.8179331997745205,0.06292420115012429,11.386233383344251,3.7723984922745575
Guizhou Province,963,genextreme,0.11906056864428147,30.00621324756702,8.027903846431355,0.01783509035237575,11.482919130721697,3.5340784068842552
Guizhou Province,964,genextreme,0.1816211599512879,30.77707858536853,7.925330857752165,0.12021667677718453,11.731505028938978,3.661754645069463
Guizhou Province,965,genextreme,0.11416805827145018,29.810256269560668,7.888836495897532,0.15437395711195084,11.826755061191571,3.7814369090667266
Guizhou Province,966,genextreme,0.0970968772293437,30.60154060872003,7.717386983313441,0.06739576083882506,11.802614671480319,3.5765706816895095
Guizhou Province,967,genextreme,0.07811424454608419,30.11528012378954,7.929524003875709,0.04063161244635906,11.259287578016075,3.4645418846030065
Guizhou Province,968,genextreme,0.12314216845049825,30.900991867223183,7.904335939409714,0.10265616404840855,11.713667811190838,3.7790688551868152
Guizhou Province,969,genextreme,0.15194885759140672,31.14851571404983,8.433267494393611,0.07167173538508198,11.670047419112645,3.539663549898345
Guizhou Province,970,genextreme,0.12442000615270418,30.24859619085511,8.248622718788923,0.06085238808081461,11.6570869998265,3.7450839402346783
Guizhou Province,971,genextreme,0.12482054821820385,30.478823817693332,7.90805941180688,0.09002016112653848,11.824786301601844,4.086220296598613
Guizhou Province,972,genextreme,0.07172382362360026,29.99649552352976,8.036783337501621,0.11046101166580204,11.389157430837757,3.6111285329812666
Guizhou Province,973,genextreme,0.13334509676009115,30.744187697502234,7.937065103839294,0.05205232566936819,11.624942038558318,3.5912452430338258
Guizhou Province,974,genextreme,0.18742682589685614,31.209817494341287,8.533557273723467,0.07667087249874614,11.954244659238059,3.965644433672119
Guizhou Province,975,genextreme,0.08427145746211803,30.539139909234475,7.929988973792275,0.09208808182164874,11.76912348529973,3.6222501969468324
Guizhou Province,976,genextreme,0.12312072603806021,29.770569971707488,7.942412552811428,0.14400769041276304,11.888532349871877,4.0325502265258955
Guizhou Province,977,genextreme,0.0855667064216088,30.30737611983195,8.215778234397957,0.10677415315377642,11.920344558164409,3.762694756697821
Guizhou Province,978,genextreme,0.10221287988325367,30.985984605471625,8.269881677459935,0.06304911880217207,11.688334281724217,3.548419374742299
Guizhou Province,979,genextreme,0.16250154504125708,30.902658631706345,8.530725327196642,0.08293614481358808,11.666918545296912,3.668554116828844
Guizhou Province,980,genextreme,0.14324000396316353,30.24423879500867,8.32269293770469,0.12087613780287765,11.91743619404015,3.6257271011611687
Guizhou Province,981,genextreme,0.12451814364694534,30.377555083617757,8.437659698626847,0.09759511847622071,11.80928191817025,3.8485511145872557
Guizhou Province,982,genextreme,0.1539842831351293,30.07918107804837,8.520658666416807,0.08079425198892048,11.600053761425066,3.6580072957144654
Guizhou Province,983,genextreme,0.14789006872185403,30.55894616085023,8.250341754719114,0.044132294032542,11.513744486650555,3.6177649483739462
Guizhou Province,984,genextreme,0.06757376022925429,30.89784295024906,7.949492961425241,0.06283520023628297,11.492388877322213,3.5011729312226247
Guizhou Province,985,genextreme,0.11563199601287241,30.399339317466683,8.023609835467925,0.1210808342815935,11.572764532735548,3.730916960712113
Guizhou Province,986,genextreme,0.1408241422316101,30.383154609781208,8.453530247030901,0.05740964515022943,11.545349608583347,3.7288006529607483
Guizhou Province,987,genextreme,0.1085259665253088,30.64521664495959,8.44229824510124,0.09382852277026456,11.582734244123266,3.6018460742576606
Guizhou Province,988,genextreme,0.10170730880871098,30.637739800725797,8.001777089542486,0.053922952538098715,11.332368000653751,3.5844670212074723
Guizhou Province,989,genextreme,0.12261230981859671,30.462161427921053,8.461903951814406,0.10060032843504446,11.75398882119031,3.6502325515883314
Guizhou Province,990,genextreme,0.10751822601877842,30.639059496338646,8.479201844271746,0.08801780600221865,11.55367277433075,3.4305273491955655
Guizhou Province,991,genextreme,0.09637363669074325,29.691865786168243,7.973457635398084,0.05783739740291047,11.857193946949522,3.6888627813499144
Guizhou Province,992,genextreme,0.1105954150726969,30.648381433360367,7.65670880047751,0.05561000681511065,11.430300393008643,3.7397638097690686
Guizhou Province,993,genextreme,0.09617755641347715,30.42784336456906,7.952171427958541,0.08170817212354692,12.030880818049669,3.575325192295124
Guizhou Province,994,genextreme,0.11573634243781067,30.772425007597377,8.303649303998196,0.10934309423970995,11.8318130849389,3.7858880549256666
Guizhou Province,995,genextreme,0.10462157586862211,30.30142617293661,7.789302059994593,0.08596134573703668,11.716870683198511,3.78325606389882
Guizhou Province,996,genextreme,0.1406280712609301,30.53692652283119,8.460902985302003,0.1115462660858127,11.773384340880266,3.526392173489172
Guizhou Province,997,genextreme,0.1593598583462322,31.309656704615414,8.327802690901873,0.10293813363686319,11.839689596124185,3.876112474123772
Guizhou Province,998,genextreme,0.1295320350851351,30.675652992243958,8.159285312951175,0.11247295901524075,11.947630707625876,3.7073946425890623
Guizhou Province,999,genextreme,0.06511284908023257,30.302907022803563,7.904117977951886,0.15333593711257115,11.610885442599919,3.6706142296810755
Sichuan Province,0,genextreme,0.14461270381454197,83.47279732843042,20.888013122090342,0.09947822342299625,44.92903761509059,13.827001423933027
Sichuan Province,1,genextreme,0.13256498537219813,84.10960595010278,21.131234947862545,0.11453519170955422,46.23485773386667,13.631144565039843
Sichuan Province,2,genextreme,0.13168476206213164,85.12702217951141,21.011314877194387,0.09060654755245567,45.47073803400731,13.616320881551495
Sichuan Province,3,genextreme,0.1660080443684522,82.39598043158307,20.922980081926262,0.04486281352616006,44.52826079057506,13.597042128476232
Sichuan Province,4,genextreme,0.15450633976254613,85.14536028793299,21.768801956810172,0.09677746136113873,45.152107313730454,13.468580137122537
Sichuan Province,5,genextreme,0.13516825628618104,83.41757797322232,21.021047514775738,0.029482345239872046,44.4876405437783,12.976764976835986
Sichuan Province,6,genextreme,0.08336897712123989,83.32923091420079,20.00241773885096,0.07453597121538,45.68423472474771,13.24843493534816
Sichuan Province,7,genextreme,0.1943031125385025,85.59251967725918,21.268658803010073,0.057879175689330396,45.478847707197524,13.470451904278297
Sichuan Province,8,genextreme,0.09204829960655492,84.29334439305633,20.6431205277084,0.04933808141612152,44.33539746196449,13.500964587963185
Sichuan Province,9,genextreme,0.12680154213522865,84.73691146827942,21.221967923745005,0.08285586955715515,44.646934840777746,13.380541939724235
Sichuan Province,10,genextreme,0.15124139090805355,83.61131779231295,21.56068521124233,0.07692112824515462,45.03544072171227,13.125257814900909
Sichuan Province,11,genextreme,0.14946966106117582,84.03383318693719,21.24141291931732,0.10663452292703104,45.200067342118615,13.948278505902369
Sichuan Province,12,genextreme,0.10940444323634532,82.8175108128458,19.597400323182683,0.09953297468121733,44.7987325865519,13.761888401582485
Sichuan Province,13,genextreme,0.1775200101320657,83.27662922072209,21.56866780689144,0.09733031078314103,44.766806531216574,13.151347480491104
Sichuan Province,14,genextreme,0.18194715837703274,83.19679447256348,20.621472575595,0.08911733723296777,45.19594801180055,13.703999997786038
Sichuan Province,15,genextreme,0.12275311701268118,82.41186006317633,21.283632942580677,0.06164399824888362,45.18037905271828,13.478210718731507
Sichuan Province,16,genextreme,0.16095743008929328,83.98320643655083,21.777459426558153,0.046348209732482236,45.1032316923117,13.096163953845984
Sichuan Province,17,genextreme,0.13892099601924585,84.72541226916115,19.737746752232432,0.1005536428194364,44.75539483514882,13.547634853081176
Sichuan Province,18,genextreme,0.15060351435622693,86.54611217052198,22.260969959026816,0.09957598506853932,45.48656764340875,13.188648561890028
Sichuan Province,19,genextreme,0.14890425048044517,83.09498428173492,20.261810533892877,0.06211102422507303,45.09828889558072,13.641684662913782
Sichuan Province,20,genextreme,0.14018364614061413,84.89307901967456,21.460293598896442,0.09593898171488127,44.46221263072107,13.225693375289964
Sichuan Province,21,genextreme,0.14163913420083582,85.01899679993454,21.565460971823228,0.069820303109978,43.90112112194255,13.812445735834576
Sichuan Province,22,genextreme,0.2773437195100406,86.2538421952963,25.737071076107505,0.04951205094468479,45.28244198106184,13.532187987620595
Sichuan Province,23,genextreme,0.09448793914661274,82.06843047328599,20.228546593266188,0.06292743704094077,45.313627109939375,13.779419787870214
Sichuan Province,24,genextreme,0.1297289963668633,83.47176976923936,20.70985072154919,0.06374304377914841,45.45824086890492,12.20788427282222
Sichuan Province,25,genextreme,0.11692325521138944,83.97140964993649,20.7060939479014,0.05955830870190547,45.5356667080854,13.49979700917762
Sichuan Province,26,genextreme,0.11883377161917141,85.20534969456595,22.185642595779257,0.1315797717811695,45.845045137908045,14.075696239766812
Sichuan Province,27,genextreme,0.1518256052045448,84.95180517745501,20.378662778867387,0.06500151615635327,45.43350335315427,13.593898864174822
Sichuan Province,28,genextreme,0.11965208563133543,83.23551022059048,20.418237526423873,0.12699968356015712,45.285611622039426,13.588536072932392
Sichuan Province,29,genextreme,0.13232061916459567,85.51852253609644,20.859154666665503,0.07094310939592802,44.80825824858367,13.73884809776152
Sichuan Province,30,genextreme,0.1006198367671467,85.52914476396242,20.87020151656949,0.06479330395763788,44.79825235910248,12.626388721870562
Sichuan Province,31,genextreme,0.1829689587415046,85.34612971359778,21.388098128003445,0.05809530945968645,44.740940741597036,13.74632396539037
Sichuan Province,32,genextreme,0.14128117330511786,83.57463752727182,21.586077591177293,0.0608012721674894,46.1879898879764,13.502236635054985
Sichuan Province,33,genextreme,0.23570744816672742,83.9724003309171,22.21374530829967,0.07906846961556802,45.67648818734541,13.868307789943307
Sichuan Province,34,genextreme,0.17918475196151878,85.14089973376653,22.26655820704643,0.04107769741211285,45.2023649484215,13.583825153334898
Sichuan Province,35,genextreme,0.12479553435681204,84.99219020502034,21.095980089365717,0.12928161584937867,46.053102425262196,14.101767379018977
Sichuan Province,36,genextreme,0.10334326879602633,83.27800275409182,20.191156301323378,0.11465870062325928,46.050653053754374,14.479744493347908
Sichuan Province,37,genextreme,0.14310368155164804,84.22398649184146,22.274535724271672,0.0835268900043869,44.48063770999579,13.518411395367579
Sichuan Province,38,genextreme,0.15447043906404412,83.34266567181818,21.431274172568955,0.03937864677086912,45.18990338343315,13.932359992904715
Sichuan Province,39,genextreme,0.08682919559731049,84.58758229351662,20.738120313630205,0.0792421120523262,45.371424128970844,13.759236265244372
Sichuan Province,40,genextreme,0.1275205333711517,84.56389483308325,22.510771802150717,0.08976805099865348,44.70231826512162,14.518768487822339
Sichuan Province,41,genextreme,0.14679715650797767,84.00720894960482,20.145274947607938,0.023104771044508945,45.515774471398636,13.521081063570357
Sichuan Province,42,genextreme,0.10567738864507228,82.77046698119173,21.387890578871563,0.0439222241204781,45.36265059630629,13.391412507744732
Sichuan Province,43,genextreme,0.09975395322323724,83.68174896829373,20.75121409088542,0.1250036194460392,44.86353559671893,13.063666289864187
Sichuan Province,44,genextreme,0.12425966525419616,84.55532999097758,20.949725263195056,0.03964278128537538,44.96066317708711,13.79761310848613
Sichuan Province,45,genextreme,0.22724919005993505,85.37901760998398,23.234099962028466,0.07600417044845112,46.4221569725202,13.390090022341381
Sichuan Province,46,genextreme,0.13777667417110376,83.70892832227646,22.12946487776889,0.08480420025394228,45.812575060981565,14.371227330825906
Sichuan Province,47,genextreme,0.16119200560974195,82.49971270075135,20.642267183659072,0.07290017639152017,44.66068713823695,13.285134854089549
Sichuan Province,48,genextreme,0.17425274251140963,85.14345220741814,22.63170735223844,0.04130906332361543,45.16416380699427,13.956023628082843
Sichuan Province,49,genextreme,0.1990475871776029,84.5045751321149,21.996988565157118,0.07495758931249288,44.81467034451194,13.454942961029598
Sichuan Province,50,genextreme,0.15235924998319633,85.49726659641865,21.741710330056335,0.10487763566114963,45.95264842957583,13.403599690665548
Sichuan Province,51,genextreme,0.15664458255515917,83.30598030416195,20.85407744556155,0.12441308491942238,47.215097722824986,13.707802789593748
Sichuan Province,52,genextreme,0.10021795504793954,84.02677493722612,20.260145471989972,0.10499705847800339,45.854088074716316,13.752123204328653
Sichuan Province,53,genextreme,0.17418152177868024,83.08928101659569,20.043374913043387,0.09249666733662792,44.71873377203722,13.493352947480691
Sichuan Province,54,genextreme,0.17721366280890166,85.47890539452749,21.67416059080334,0.09039364775498034,45.97775873068866,14.17197555436507
Sichuan Province,55,genextreme,0.16046271237199455,84.21595968741659,21.781699260692513,0.03598646030208997,44.77209516822537,12.579797908399915
Sichuan Province,56,genextreme,0.21286249230751803,85.54986345178811,21.93737784547296,0.005904832896805552,45.244238299115736,13.149922536403054
Sichuan Province,57,genextreme,0.17519300710700764,84.3384027056913,21.467427153358546,0.060987277682644295,45.0927525606072,13.797617479080053
Sichuan Province,58,genextreme,0.11984249128936691,82.22539630699782,20.454089018847352,0.08703140750286087,45.347505496462716,13.356399930662004
Sichuan Province,59,genextreme,0.16969626695237192,84.30786291843722,22.435015885072005,0.054481824604561,44.829092899263344,13.788325431908996
Sichuan Province,60,genextreme,0.13683764177098268,84.35371046344748,21.23725765854587,0.04983524509515497,45.0460224224137,13.193345415779966
Sichuan Province,61,genextreme,0.11359986537290273,84.99439083890258,20.769866434923316,0.03659350144914023,44.67872830584198,13.450291644451049
Sichuan Province,62,genextreme,0.11565041712072598,82.35130133912372,21.578454169329973,0.06534075147372598,46.27822155410271,13.766175001712181
Sichuan Province,63,genextreme,0.1374032542926822,83.85126915879647,20.57104301697676,0.09937052761655518,45.73377125845431,13.648578589497209
Sichuan Province,64,genextreme,0.11966104755223994,82.81917020519168,20.310994966025703,0.1445690027012151,45.20846715833446,13.490944419674985
Sichuan Province,65,genextreme,0.135093406524355,83.81556365777786,20.86480736822705,0.06616507605786524,45.19196668566006,13.379326858474275
Sichuan Province,66,genextreme,0.19613209899028552,84.39670715622181,20.28157508277544,0.08289011229343116,45.90221775980933,14.026108968354794
Sichuan Province,67,genextreme,0.14723620080862454,84.263508403473,20.69403435758754,0.023534318132042254,46.015409628501615,13.891847277180142
Sichuan Province,68,genextreme,0.12406374585893601,85.3013114286579,20.584898660362903,0.06675782326358455,44.91199464796305,13.194944089509791
Sichuan Province,69,genextreme,0.1794826142283595,83.56561808211347,20.97836229506762,0.08262239604942018,45.9641388012704,13.346186500789933
Sichuan Province,70,genextreme,0.09190379131805379,84.61101370562258,21.283777716845414,0.06165538360189642,45.79816903673745,13.353821931566177
Sichuan Province,71,genextreme,0.1221106143905782,84.69936102068695,20.463503060822383,0.05636709560078775,46.08452497203933,13.645766782925472
Sichuan Province,72,genextreme,0.1696133986395072,83.03731616181182,22.091388730704907,0.05434622411912621,45.161004596251416,13.338179371813716
Sichuan Province,73,genextreme,0.1454817962912493,84.20947723922143,21.828121601678603,0.06884673195215853,46.512193488256514,14.026987812139208
Sichuan Province,74,genextreme,0.14673024981881286,83.46439616077893,21.36664119867413,0.13416568548137586,46.46032364185456,13.507388443642991
Sichuan Province,75,genextreme,0.13814614826581062,84.85841495431085,21.64310401142939,0.07046928607732891,46.19819030974351,13.604887580648224
Sichuan Province,76,genextreme,0.2060510532825664,85.52460338679174,22.28641994914392,0.031288945381331826,46.054802847921636,13.239692615225369
Sichuan Province,77,genextreme,0.14860628532839437,84.53342803637739,20.65136372313954,0.10124246251497424,45.53612240723901,13.991711616975623
Sichuan Province,78,genextreme,0.16354784658296018,84.67214089633798,21.487999186180645,0.12428003484844974,45.59186202752312,14.07508788013681
Sichuan Province,79,genextreme,0.16548885608993835,83.65231470129905,21.938066718559448,0.09928606293818432,45.80885460393185,13.439869582946972
Sichuan Province,80,genextreme,0.11075450295983127,83.88918843648035,21.557932874476485,0.11182989803392648,46.26271814983244,13.353731330152122
Sichuan Province,81,genextreme,0.13587756336439977,83.80241225145458,21.39233594210791,0.025584141364795015,44.062219897380885,12.92034638219041
Sichuan Province,82,genextreme,0.1643136002626786,83.07497706115842,21.21099294684408,0.06476393668176728,46.25641955765942,13.275304759841825
Sichuan Province,83,genextreme,0.12610267312211115,82.38016241237631,21.15122619632859,0.0875962915180022,45.69129886514911,13.786257809733701
Sichuan Province,84,genextreme,0.1464985637954976,84.64153124268005,21.55053431584734,0.10121827510287858,45.574429823290096,12.77662629826462
Sichuan Province,85,genextreme,0.17611996536910418,83.49238557169005,22.12751601782174,0.09354431186535694,45.631911520052135,13.685508419151526
Sichuan Province,86,genextreme,0.15207875215948352,83.73198458372075,20.956485473785982,0.06869657646522959,45.01158125116147,14.068012511816303
Sichuan Province,87,genextreme,0.13211393608660338,84.2395711493406,22.934144280179005,0.10253858346658762,45.030240909244455,13.41273838922654
Sichuan Province,88,genextreme,0.13852327459431343,83.63811186724465,22.147695386205655,0.04772363537520771,44.45449221119473,12.9813886522331
Sichuan Province,89,genextreme,0.1595250443186143,85.07179980980618,22.58106838723663,0.05310731822643271,45.242605956642635,13.682289490991852
Sichuan Province,90,genextreme,0.1161412713960596,82.95229663527547,19.874788950547767,0.08146248882564061,45.56387300692607,13.555099480830371
Sichuan Province,91,genextreme,0.17965444657391716,83.29315381742907,22.5481640291516,-0.0037572795802070453,45.90835804979051,12.750819693147019
Sichuan Province,92,genextreme,0.14359931568273326,83.61875332576084,21.588267542338933,0.10118728830735987,44.67105472389771,13.803608056216866
Sichuan Province,93,genextreme,0.13477035327019765,85.13087548178774,21.71030778860649,0.1064873116982065,46.78601951709951,14.493384745955503
Sichuan Province,94,genextreme,0.13461114385898632,85.71252295469766,20.751098643427802,0.07053691356495127,45.36611606021077,13.420772152101824
Sichuan Province,95,genextreme,0.11683987640948432,84.28632147447124,21.984341061290102,0.028390796699457932,44.34650030641138,13.635175380238532
Sichuan Province,96,genextreme,0.1779859911262682,84.27827534202544,23.13165855618911,0.04059194213583074,45.21098630266653,12.59099251676004
Sichuan Province,97,genextreme,0.1699131909955801,82.7705349593034,22.86185899732379,0.08579777651912987,46.4650993553099,14.357392033187775
Sichuan Province,98,genextreme,0.14339284676800312,84.99133518743916,22.079844029013124,0.12278854514783671,45.73092136474192,13.874538018131238
Sichuan Province,99,genextreme,0.20478129228681957,85.0314264051352,21.01838524807416,0.047764005349589786,46.541378164559404,14.448086203760777
Sichuan Province,100,genextreme,0.14838168303365643,84.85047076539226,21.213671225193558,0.05663849029309908,45.16337897157534,13.548943008145049
Sichuan Province,101,genextreme,0.15625620524583908,83.06685216045504,19.666677929552087,0.07673869345596808,46.48608683824992,13.784394979505876
Sichuan Province,102,genextreme,0.18070732433633402,83.38977639738206,21.657848646840627,0.06828529903480318,44.871498500383666,13.62117509654582
Sichuan Province,103,genextreme,0.14504500881095994,84.61416360079699,21.55071048269388,0.07489760337049844,45.32558734243378,14.657185110216911
Sichuan Province,104,genextreme,0.18197897273523791,85.20556861522134,21.291158127879136,0.08409117806735023,44.65559178053832,13.43928755158623
Sichuan Province,105,genextreme,0.1338521771657493,84.63455004477684,22.04479159590258,0.10465744714263114,45.30025531482097,13.44399711559613
Sichuan Province,106,genextreme,0.17926277990409328,84.05865592804506,21.719157239010443,0.03226405108141926,43.54731394761839,12.523503848370353
Sichuan Province,107,genextreme,0.15758160004633393,83.30183790859562,21.46149944382063,0.09824978136544685,45.94168572962803,13.440260141230205
Sichuan Province,108,genextreme,0.12748797119887634,83.88054408172741,20.463997683741425,0.04943038068575549,46.629754145865135,12.987855182414304
Sichuan Province,109,genextreme,0.4593198252694939,81.85095999308558,43.65935475452663,0.05120990712564938,44.843894254880674,13.105466658121358
Sichuan Province,110,genextreme,0.13649666528365678,84.78321284082327,20.748258856849972,0.12850932735364035,45.88515503995423,14.370322081969213
Sichuan Province,111,genextreme,0.14708156187904547,83.30872612588365,20.627158561193056,0.04625885171272984,46.216950170831346,13.905857703886133
Sichuan Province,112,genextreme,0.06412204083814077,85.6430993808372,20.219257070462245,0.11549417907767998,46.461839900756395,13.275147670194205
Sichuan Province,113,genextreme,0.2006672164944222,84.59168688153564,23.23004943233596,0.09713911049020355,45.22625756510065,13.31368802806568
Sichuan Province,114,genextreme,0.15230451449017635,85.25976667893335,21.173941968021275,0.14175775556617326,45.72806770338072,13.461270342504072
Sichuan Province,115,genextreme,0.1631815252742339,83.37430253521482,21.288874710831507,0.039840039885222736,45.9994162155388,13.248478974430899
Sichuan Province,116,genextreme,0.10260796614255496,83.26341958054206,22.252093771567235,0.053996595529692326,44.21598401115982,12.92285257403967
Sichuan Province,117,genextreme,0.14479220421121972,84.49040407468397,21.12825115842036,0.07652981808722872,46.186241412481166,13.072972503932977
Sichuan Province,118,genextreme,0.19171212453057546,84.77882278249083,22.54603609112216,0.06530036797133626,45.377041295599156,12.9805083015269
Sichuan Province,119,genextreme,0.13946660191254312,84.53402831536499,20.985535739078717,0.0630500257235583,45.179241832506065,13.712010361127806
Sichuan Province,120,genextreme,0.16559921172779218,85.16631272959532,21.448265674660547,0.09199428442863969,44.871128801955734,13.25569185564665
Sichuan Province,121,genextreme,0.1613004336174931,85.13369616340579,21.183657980543835,0.12591043853317208,45.88796934296818,13.82172462900527
Sichuan Province,122,genextreme,0.13905877557429963,84.83621260853008,20.268911298088888,0.06109241244079974,44.78863219642646,13.574022344513523
Sichuan Province,123,genextreme,0.1367509143580951,83.14235398142488,21.743446975922147,0.056798710063138864,45.314087692990654,13.37987521546059
Sichuan Province,124,genextreme,0.10677806694663172,82.5477828701828,21.49931463306841,0.09241917627517666,45.81805954966812,13.608343667634319
Sichuan Province,125,genextreme,0.15726510524995188,85.70281783085932,21.919799161302407,0.020338884014579117,44.50218888638092,13.068304865209065
Sichuan Province,126,genextreme,0.15608589710335918,84.64979000110002,21.76202764409806,0.053609023410773955,45.84193495905673,13.855613800588966
Sichuan Province,127,genextreme,0.1272196158116604,83.582297571445,21.607357762268883,0.10338766732952967,45.27296963312502,13.635760451515477
Sichuan Province,128,genextreme,0.121285392613221,85.37368765418691,20.591631367081177,0.07586883397293023,45.73040510794435,13.740779719016196
Sichuan Province,129,genextreme,0.18846239767022124,84.90958028501996,20.53739960935688,0.060898706359352,44.821403740615104,13.703192437655472
Sichuan Province,130,genextreme,0.14074822640969922,84.74496627632064,21.690459339488832,0.08794357183009213,45.1302508266196,13.153453252740182
Sichuan Province,131,genextreme,0.12652823818105388,83.80404670139774,20.489196875770293,0.05820565511345582,46.38504189356219,13.712132633276301
Sichuan Province,132,genextreme,0.13220604100278843,82.84743026720005,22.060634751223077,0.12489694097321621,46.288594629645395,13.574586975671131
Sichuan Province,133,genextreme,0.16760611375882212,83.87633902318154,21.10465643872925,0.06212257856015769,46.52414740907499,14.648273760518968
Sichuan Province,134,genextreme,0.11794644250366834,84.33962107698488,21.32285565166157,0.08583574440145827,45.93296051489378,13.72899919881771
Sichuan Province,135,genextreme,0.16758230638424418,84.58435436443807,21.660225514578848,0.09055736437647743,45.73915718415631,13.071387244181942
Sichuan Province,136,genextreme,0.11436069032610069,83.77973844095351,20.098357522001734,0.07477070755108267,44.999764914188106,13.856724759165001
Sichuan Province,137,genextreme,0.08905183410828152,83.78651091952554,20.103410537572998,0.1048026794810163,46.418841610029446,13.456613598807033
Sichuan Province,138,genextreme,0.11028622500636029,83.36763090155156,20.095860611311963,0.10587578106808215,46.30288899617281,13.796494025526098
Sichuan Province,139,genextreme,0.17044539839507317,84.11076768876865,20.802373092588095,0.05568377852720778,45.773230217977314,13.704133111442037
Sichuan Province,140,genextreme,0.14636095078954717,83.63803364574326,20.40272728989794,0.08656876123598735,46.34172017701887,13.12185972639967
Sichuan Province,141,genextreme,0.0834798854720389,81.45156596951105,19.934459200226236,0.0970695018991943,44.96550009565955,14.017471839369806
Sichuan Province,142,genextreme,0.18545359844580497,83.6138682074576,20.539655137374783,0.09824540667036055,45.125368659176246,13.454689711075659
Sichuan Province,143,genextreme,0.05403998962636214,83.3080401155658,19.181966159906583,0.09816582947745957,45.6264692375816,13.91559697488436
Sichuan Province,144,genextreme,0.11432625914146421,84.31590767494662,19.5776277924165,0.07211511051710218,45.93550077495246,13.598068750037395
Sichuan Province,145,genextreme,0.19980344805412853,86.16934315682423,20.16471162763866,0.07439630528879099,45.09380584274284,13.448571151090587
Sichuan Province,146,genextreme,0.1218874542457412,83.84243166259611,21.192447636864507,0.042466676606503134,44.957796893605234,14.214716969446876
Sichuan Province,147,genextreme,0.18764709739771163,84.25534564990048,21.865859267454326,0.086531389930531,45.558691951205134,13.069231375840884
Sichuan Province,148,genextreme,0.16796968111429236,84.2943480034335,21.503654688476463,0.0937136640210075,46.359449966509644,13.759719925465445
Sichuan Province,149,genextreme,0.12881764196783063,84.03586834904173,21.261880106841744,0.026346750480829344,44.921823171855934,12.939991267580655
Sichuan Province,150,genextreme,0.11616202911383586,83.09586457047122,20.70998384079113,0.08107319727628445,44.40027264647314,13.671111857522199
Sichuan Province,151,genextreme,0.1722677476436637,85.3532965741276,22.133337545690043,0.07597498593145863,46.11715739238302,13.884824679840527
Sichuan Province,152,genextreme,0.15018718410988713,83.83200512976828,20.227567133762843,0.04430915485274821,45.41891931497037,12.898116521672378
Sichuan Province,153,genextreme,0.16613662305269275,83.65426259168736,20.76492636750259,0.07900842336219135,45.0181758037036,14.06623982300596
Sichuan Province,154,genextreme,0.16100808051862397,85.40847185850279,20.285378807374432,0.11025845489356706,44.944001556545935,13.468276022382799
Sichuan Province,155,genextreme,0.15968506608051164,85.97445105268972,21.538441184094097,0.08787132056263108,45.50598748192353,13.786204866149664
Sichuan Province,156,genextreme,0.13113859144046097,84.53169634803024,21.80002861608706,0.11185137773689925,46.39904394304837,13.519838227360818
Sichuan Province,157,genextreme,0.12693220002551348,82.30036440278377,19.892933210873206,0.09686924385042459,45.92787523300882,13.292780678769999
Sichuan Province,158,genextreme,0.13841721852152483,83.35633878196825,21.723496702010372,0.10901135281469221,45.73106899185695,13.959436255969441
Sichuan Province,159,genextreme,0.13236064428215066,84.63877016214055,21.551382371884536,0.06564655328017281,44.78328161733193,13.280028111121961
Sichuan Province,160,genextreme,0.11262464066024033,85.17419407739195,21.109675163062256,0.12734565018762423,45.60924892593833,13.027165913162193
Sichuan Province,161,genextreme,0.14973265890449378,85.68824761106973,21.85676395377061,0.05123456323925991,44.942088515218806,14.122562662050855
Sichuan Province,162,genextreme,0.1391645459983976,84.25602776381822,21.83624702778146,0.11886695251765675,45.59727788448015,13.587962371081876
Sichuan Province,163,genextreme,0.1634571930781697,85.90812759372781,21.986521328326113,0.15098952104495011,44.80918542005723,13.872849981324704
Sichuan Province,164,genextreme,0.16509786894432596,83.86053327657939,22.30057034613852,0.04061499151433648,45.928467529672176,13.001513947802406
Sichuan Province,165,genextreme,0.18882820175529377,84.61878004636213,21.32478834722179,0.05424917079112872,45.57884902797791,13.561122714961897
Sichuan Province,166,genextreme,0.12150432301060331,83.58865333984204,21.776325831268277,0.04083241488257082,44.14722354582334,13.844412913884963
Sichuan Province,167,genextreme,0.14101067950278973,84.3347531090873,22.373607015320363,0.14958116802940236,46.29071150354534,13.338446099770465
Sichuan Province,168,genextreme,0.1316094602395615,83.54596720009948,20.85931002161641,0.06977891462065042,46.11328895668102,12.95223427888744
Sichuan Province,169,genextreme,0.1426382494255763,84.48673149773072,22.346594638204337,0.08629175004022666,45.93584952579921,12.777632354864163
Sichuan Province,170,genextreme,0.12785186120532369,85.39210333156637,20.49349383821284,0.05239675208177399,45.660378884165226,13.225310028209444
Sichuan Province,171,genextreme,0.15319175618670244,84.95452039768304,21.564036486044323,0.07572463324932267,46.09259454820486,13.871878609191098
Sichuan Province,172,genextreme,0.14558868336686293,82.9562419787073,20.35423777034269,0.08555259528103704,45.77015945610911,14.021616776751909
Sichuan Province,173,genextreme,0.12077216791480816,82.54021402676247,21.502079116847035,0.08054880955619792,44.41971231211416,12.910164563546466
Sichuan Province,174,genextreme,0.14506245697695125,84.0587840646666,21.18645626453739,0.08686051975957829,45.53740660434164,13.599694909063537
Sichuan Province,175,genextreme,0.11558809524130181,83.18096986569759,20.777770886305476,0.1027333684328097,45.152166516092535,13.507182394851009
Sichuan Province,176,genextreme,0.1837806130656953,85.0190741176926,21.084831261040712,0.06941393816539822,44.80768066791706,12.58905859074787
Sichuan Province,177,genextreme,0.1587054006957042,83.2568661788449,21.09747123476425,0.08762824405275524,45.377578808256345,14.243548118064073
Sichuan Province,178,genextreme,0.15910811330630115,84.81229998098806,20.732649207093587,0.10844911936364895,45.030101473160514,13.461482368156364
Sichuan Province,179,genextreme,0.16540310856577034,86.36220792294122,21.602552160343194,0.11713846737227347,45.83499140370432,13.241064190993516
Sichuan Province,180,genextreme,0.10986598190392896,83.54920538128184,20.973952660992374,0.09256391683221366,45.65394668952932,13.105220090380339
Sichuan Province,181,genextreme,0.15879675184777392,84.98934666656316,21.9213344046524,0.04826727461377264,45.95191914609319,13.386933996833701
Sichuan Province,182,genextreme,0.1506465219721288,84.86778876732676,21.755885970914793,0.06785254605338822,46.212007205760344,13.662069808895732
Sichuan Province,183,genextreme,0.11623983751739767,84.77267055298222,21.081440930581365,0.09327658905131886,46.60113830653559,13.188511814890143
Sichuan Province,184,genextreme,0.14298353833067906,84.82928334005702,20.321639227202226,0.05163023281513311,45.50104566854316,13.466655468260175
Sichuan Province,185,genextreme,0.12376533188167857,85.05022133613281,20.113504100225626,0.09298702795810143,44.19130577144408,13.757465222236291
Sichuan Province,186,genextreme,0.10470652768928054,82.80553894738446,21.236570714887478,-0.010469980888385518,45.40820866863642,12.535525312736912
Sichuan Province,187,genextreme,0.1374824231231652,84.43355204945348,20.927260262778546,0.0979302257875774,45.54138827632859,13.542842771915886
Sichuan Province,188,genextreme,0.14657909319089824,84.84612766634362,20.959970315654274,0.08724084785346739,45.97529979509221,13.512166160831587
Sichuan Province,189,genextreme,0.1484496099871654,84.59373858706132,21.630735633983164,0.12466377646753579,46.21248282264467,13.673478192234379
Sichuan Province,190,genextreme,0.13652926931915357,83.49576204401522,20.608956610943512,0.10537535267053733,46.34752951949122,13.890621201357654
Sichuan Province,191,genextreme,0.1261347826394231,83.11867989217833,20.90280784277254,0.06794078926828251,46.11480629939878,13.510614811908486
Sichuan Province,192,genextreme,0.11755919489623401,84.2837865919711,20.990445106213542,0.09620904360242627,45.67927736855067,14.379110619648984
Sichuan Province,193,genextreme,0.12526941424375349,85.7819404636429,19.586024282396288,0.06228899150412717,45.53350864666501,14.088903865094547
Sichuan Province,194,genextreme,0.14705822588417963,82.98575653756086,20.95718685642788,0.09113421070778653,44.97327136384408,13.707184839100034
Sichuan Province,195,genextreme,0.16213508344045002,83.05648607153236,21.48985043368628,0.01602549834413145,45.43177293006336,12.881768937054025
Sichuan Province,196,genextreme,0.1277984240892277,84.30627929566111,20.920805080601642,0.07072870427084454,45.88051100476123,13.419384771513684
Sichuan Province,197,genextreme,0.12948949455349051,83.98703274303884,20.676960007500128,0.11803458956015922,45.83927895071449,13.664010676706338
Sichuan Province,198,genextreme,0.1229945221692817,84.33401216804182,20.72926351143154,0.02943329297130933,44.61265097290243,13.385200510592394
Sichuan Province,199,genextreme,0.08824573553185006,83.75076913984904,19.74904704485938,0.09262360237425189,46.040538154228756,14.121035707404705
Sichuan Province,200,genextreme,0.08603499444933427,83.73207667366401,20.748294430982746,0.12246545791351565,45.292122446503534,14.047391049281305
Sichuan Province,201,genextreme,0.18219415837044017,84.05298543935297,21.174307556697542,0.10249172004674684,45.368003773700295,13.866501749618113
Sichuan Province,202,genextreme,0.13796056225851117,84.26671471322959,21.75878213249386,0.07361978778041714,45.836279326274465,13.594816091424757
Sichuan Province,203,genextreme,0.14498893104967775,85.39625722493662,20.687769665575864,0.08832709581791115,45.15431327100364,14.285688763669018
Sichuan Province,204,genextreme,0.11159164215404943,83.69598469070105,21.372633699459982,0.0792649485010014,44.822012073376285,13.635268586522228
Sichuan Province,205,genextreme,0.14452718023758382,84.88120972978885,21.673724323635938,0.046775994470495234,46.34916936604629,13.691382714928217
Sichuan Province,206,genextreme,0.17590922528684777,86.47371064070518,21.828619479039688,0.06672866331963492,45.137455311071605,14.051997121097154
Sichuan Province,207,genextreme,0.0664000344523186,83.002579505639,19.835988729827527,0.026122027753519957,44.58344777594506,13.586593084782862
Sichuan Province,208,genextreme,0.17630826042298745,83.67855777680154,21.222377427551734,0.09139638643611175,45.29843978078926,13.968364579290709
Sichuan Province,209,genextreme,0.1278049206178246,83.1386355060203,20.85271262816213,0.06543088523201324,44.767355729418156,13.479840155803123
Sichuan Province,210,genextreme,0.16664973169844557,84.55620685632526,22.672252403122865,0.07323927745614503,45.298397078000356,13.392334377989497
Sichuan Province,211,genextreme,0.16757890035585915,86.44225547247021,20.51496362310056,0.06731130353830168,45.09344299757957,13.728864705229185
Sichuan Province,212,genextreme,0.15970306343496027,84.38403133339415,21.5800056880878,0.0762374820523794,45.205843869340626,13.749026324341642
Sichuan Province,213,genextreme,0.11603098022431088,83.38961599708892,21.211911350220667,0.06731765491823873,45.09254550104383,13.397302195585151
Sichuan Province,214,genextreme,0.17517375658790021,83.71310674414457,22.241989020257705,0.06328201477421706,45.430537801128644,13.872518756040133
Sichuan Province,215,genextreme,0.15628565627468005,83.13248999836355,20.96033391413951,0.044442105358994094,44.72448278552986,13.368138552557557
Sichuan Province,216,genextreme,0.0996596345251202,84.85380648245408,21.095830780485485,0.10750121214197103,46.14549785461538,14.132632261545186
Sichuan Province,217,genextreme,0.10506676910949618,82.88875939766169,21.107933966708842,0.10373717973848823,45.77748078461953,13.612659996129196
Sichuan Province,218,genextreme,0.1085982483510259,82.71397393146685,20.425180737693097,0.07882875975998857,44.94737779777374,13.280371388739534
Sichuan Province,219,genextreme,0.12690517907926652,84.4485717993412,21.20276462319672,0.10435421862033657,45.83371267015299,14.18195564231878
Sichuan Province,220,genextreme,0.1463025292514597,84.51268961676692,21.058137641193568,0.1286634044873558,46.632562183502316,14.149883516310918
Sichuan Province,221,genextreme,0.11487204450142209,82.14131821018515,20.61018776337488,0.10981981195487409,45.96783193972378,13.602598566313517
Sichuan Province,222,genextreme,0.11735959249063678,82.61920881934643,19.780618277934977,0.06960995344597684,45.08415564373904,13.273548542126075
Sichuan Province,223,genextreme,0.12662267925583656,82.45259670907687,21.548075720527358,0.06889453167922935,44.35973489198666,13.220662537907305
Sichuan Province,224,genextreme,0.17114142087879747,84.67760812135143,21.28143791632943,0.08473832190578343,45.06177321012389,14.362997334483817
Sichuan Province,225,genextreme,0.1755026490168241,84.96075336212687,22.259100979267174,0.05772321977531059,45.24440884904628,13.210215290729295
Sichuan Province,226,genextreme,0.11002954433238193,84.52964281488057,21.778169110216773,0.10036345899001445,45.467034459047184,14.386083981724376
Sichuan Province,227,genextreme,0.1494931898494989,82.33957974216057,21.74054169182981,0.047583474975506246,44.980597879283295,12.852554936329167
Sichuan Province,228,genextreme,0.1440604949608702,84.5877600860714,21.082666825025335,0.0931229024039553,47.25517176827963,14.291269707572862
Sichuan Province,229,genextreme,0.1605959245896324,83.99350966813648,20.980514059629577,0.03872112150402869,45.687342219020934,13.618127153477294
Sichuan Province,230,genextreme,0.17141224921929554,82.98587489623611,21.599501001443237,0.05931588465881389,45.07268263839886,13.712464925719022
Sichuan Province,231,genextreme,0.12767783270751887,84.84434800024812,21.258308621713965,0.0569716240548106,43.99960509269583,13.350990582667022
Sichuan Province,232,genextreme,0.14198381275983096,84.3741175691729,22.13773065318853,0.09348511381906977,45.85820085591534,13.783853713246955
Sichuan Province,233,genextreme,0.2662597998483631,85.43086943799466,24.576474228868804,0.10243322084312978,45.43297058498041,13.991488030970192
Sichuan Province,234,genextreme,0.1358621361113398,84.60501110966888,21.09022091648145,0.11881483678201762,45.374235562164564,13.691182789588005
Sichuan Province,235,genextreme,0.16600691384550748,85.33283899064239,22.953828300282268,0.11548122010495546,45.5287929305332,14.449233684115846
Sichuan Province,236,genextreme,0.18883236723337382,86.24759236838776,22.285631369154274,0.09360176053317569,46.66863632473426,13.94772520035341
Sichuan Province,237,genextreme,0.1611864253458755,83.22956041480114,22.266858227551854,0.0843841955203298,45.2709492048029,13.168282528017599
Sichuan Province,238,genextreme,0.11722318839925491,83.5934678571243,20.567138595834226,0.015912518853646813,45.292533160424746,12.648433600213647
Sichuan Province,239,genextreme,0.12005623809565831,84.18577436190915,20.067880024086456,0.05556493307834655,45.157669306414995,13.558163365979294
Sichuan Province,240,genextreme,0.1484325776700387,83.78548441823898,20.993056853918397,0.15466468164557642,45.86879801220462,13.808801929542767
Sichuan Province,241,genextreme,0.09102202573772994,82.12912634042425,20.093886477486187,0.10765549886546512,45.60440709662775,13.931362716208739
Sichuan Province,242,genextreme,0.15625283008443258,86.61155705125901,22.20281839185111,0.06572033138204544,45.3481756973825,14.032683729863304
Sichuan Province,243,genextreme,0.09946090150914572,84.88226410360565,20.889652151817508,0.09549870267791627,44.729881522074336,13.445470613538445
Sichuan Province,244,genextreme,0.10439829592655209,84.76464529697833,20.56489393395183,0.03645570032126269,46.50489975938132,13.012839422337201
Sichuan Province,245,genextreme,0.12540424060742733,82.28683800949321,22.26671367855993,0.06270962310352728,45.12972812611434,12.712507637310384
Sichuan Province,246,genextreme,0.11450114299988653,84.3753845136059,20.993822502876906,0.10015785649395123,46.3428974635565,14.509350224252424
Sichuan Province,247,genextreme,0.1360585101867436,81.61562693911935,21.4437062270155,0.07168950693552291,46.40248730952281,12.64660191411165
Sichuan Province,248,genextreme,0.1569816392495162,84.53428933476025,22.44280975802902,0.07025725035717309,45.55862992304865,13.393504159829064
Sichuan Province,249,genextreme,0.15670334713310816,85.0227384709006,23.46806982566072,0.0835671038899504,45.653510607952555,12.93054108459804
Sichuan Province,250,genextreme,0.19989506146711644,85.48558780403204,21.462443515134566,0.08108877011508225,45.693205058765336,13.043878308892133
Sichuan Province,251,genextreme,0.11457769654674684,83.4700361203603,20.183479688029408,0.04164315746085507,44.84764378121032,13.808647421656417
Sichuan Province,252,genextreme,0.1269962418651071,83.24988610284959,20.15532382063706,0.12017448948560377,45.85909951851346,13.855082281482515
Sichuan Province,253,genextreme,0.12622723751604115,83.8232921929798,21.20282043632672,0.07937007848844244,45.24142468489981,13.45382924818977
Sichuan Province,254,genextreme,0.10498339707407459,83.37559975693293,21.828593244949666,0.12029692039225567,45.46030015964604,13.639989614937527
Sichuan Province,255,genextreme,0.06189611754089329,82.60440983371679,20.315468769321683,0.07792705207640341,44.89742562234951,14.447104564305397
Sichuan Province,256,genextreme,0.1739562334177066,85.819732408162,21.00572228262589,0.09856161552970913,45.9566135218934,14.215628236415785
Sichuan Province,257,genextreme,0.13613073254915958,82.90964208241235,20.13544013940337,0.06406082964877052,44.9406944713741,13.18228642222447
Sichuan Province,258,genextreme,0.1404640553867583,83.43984079556192,21.938454374703934,0.061439315726489266,43.78412655900179,12.546742112742558
Sichuan Province,259,genextreme,0.10799656127930354,83.28506946707503,21.276442938991202,0.13267048074790305,46.43288886595313,14.588234037493192
Sichuan Province,260,genextreme,0.17912606649531781,86.15411515850843,21.16830848391332,0.14331836546157745,46.51144455405863,14.076189435479712
Sichuan Province,261,genextreme,0.07669946609840789,83.23667471274952,19.388856722193317,0.0552946444831174,44.65715235758978,13.070782468551048
Sichuan Province,262,genextreme,0.16594991949254262,85.72724087712359,22.45502407852028,0.084198304185093,45.36563945034051,13.047057776042951
Sichuan Province,263,genextreme,0.11725926374997608,83.84373433304168,20.69963215271249,0.08656366246037683,46.021816636895224,14.163014167274973
Sichuan Province,264,genextreme,0.09395731263516857,84.9503321734339,20.287334512843902,0.07363236412532334,45.203359985227266,13.258843528803112
Sichuan Province,265,genextreme,0.1035254618318947,83.04336908570545,20.132905920505685,0.118437189081656,45.779879808089746,14.234848980719107
Sichuan Province,266,genextreme,0.15643476936480116,85.47090744103508,22.071613921752395,0.05615519688902247,44.28198849038765,12.89363396429529
Sichuan Province,267,genextreme,0.1102329786968473,83.05625376530173,20.95847723152802,0.09425635720822051,45.903883226891935,14.15070633271257
Sichuan Province,268,genextreme,0.16693255433049958,84.81746291688759,21.618478289417595,0.126932655161743,45.66787120072857,13.591564609365102
Sichuan Province,269,genextreme,0.0782193052852953,83.80495789359657,20.68376940309014,0.09555536805161124,45.28252407606827,13.56980974835102
Sichuan Province,270,genextreme,0.11010047320224511,81.50452761421425,21.1812101805628,0.039664275565244225,45.249484371131345,13.619287364637888
Sichuan Province,271,genextreme,0.15750709016719677,82.54640614596937,21.35785924365606,0.04410481461551805,45.1816904847617,12.476220596820964
Sichuan Province,272,genextreme,-0.059147381393586496,79.34888539944882,21.373940741372934,-0.00587098601934866,45.079837121149424,12.14028599221405
Sichuan Province,273,genextreme,0.19227545186802253,85.47815623831241,20.63195906938085,0.10772368310660668,45.394854100507786,13.61635211267252
Sichuan Province,274,genextreme,0.14353855467819593,83.03260569178047,20.714053801386285,0.09369252848238054,45.20235444849933,14.31001598578062
Sichuan Province,275,genextreme,0.11100561534308045,84.27672131156685,20.653740158706242,0.04349503067777702,44.79662266710257,13.199212221048949
Sichuan Province,276,genextreme,0.15307712115574307,82.16328361544053,22.12699494242245,0.043234896193768566,46.12605510049991,14.383963154508518
Sichuan Province,277,genextreme,0.1285315147708601,85.34543713462082,20.084530440943702,0.0652306153687211,45.27477735753616,13.04820592248755
Sichuan Province,278,genextreme,0.15277997901551452,83.8715553091611,21.225169000470906,0.12200620286178726,45.41418675956281,13.690944253653129
Sichuan Province,279,genextreme,0.17855995354527793,83.93601073186801,22.54226527434639,0.08548628890897349,45.63072367419491,13.711841209621568
Sichuan Province,280,genextreme,-2.7766789780998575,40.375110764281374,2.9855326171087153,0.03628268285513018,45.48903070920971,13.669489285688137
Sichuan Province,281,genextreme,0.10476972009132302,83.7217988900408,21.400418274821604,0.03887232743189177,44.70386566551636,13.126077713727764
Sichuan Province,282,genextreme,0.17191355436046551,85.20131346777056,22.083276827374597,0.036557080054411197,44.899741066840875,13.898523212327564
Sichuan Province,283,genextreme,0.15498857498237467,82.7614425780402,21.783201429613275,0.0635063892575708,45.716762642207186,12.658098523419572
Sichuan Province,284,genextreme,0.14068049271392086,83.66846741485206,21.464487063290083,0.06837752008657162,45.92608117466071,13.476227540227079
Sichuan Province,285,genextreme,0.12937171634484734,84.53819694403549,20.295609671956534,0.0328607887783632,44.862130732067534,13.351470316842716
Sichuan Province,286,genextreme,0.12862916548088846,86.19124858987487,21.664459426557684,0.0998530135026649,45.833755226591165,13.905756707540316
Sichuan Province,287,genextreme,0.1248993160967106,82.7188043871848,21.197639880270536,0.08055787562560407,46.06495559192578,13.361204026038536
Sichuan Province,288,genextreme,0.1550356788156057,85.48414190185449,21.402291451265576,0.06414394001396079,45.99954316660228,13.499706217917844
Sichuan Province,289,genextreme,0.16673074776818897,83.62466852069517,21.73768960662442,0.09421658779628583,46.34259314178807,13.949420841451667
Sichuan Province,290,genextreme,0.12617748357288325,84.60393387358901,21.688744464437615,0.046649910836780495,45.037102632877804,13.185815276356305
Sichuan Province,291,genextreme,0.1663957570614339,84.50347493366192,21.59811248799123,0.08774877569333599,44.58970191256867,13.5487723271855
Sichuan Province,292,genextreme,0.12219984269635327,84.26402254841577,20.92252410144738,0.14828330844593202,45.84434691736696,13.861698785162584
Sichuan Province,293,genextreme,0.15779987814952898,84.34908855857134,21.18464886076754,0.06025957796697376,45.345552502124335,13.940703043077548
Sichuan Province,294,genextreme,0.177833588512908,84.72426386935744,21.956925597862835,0.08704275507680127,46.420320384687216,13.665278074031988
Sichuan Province,295,genextreme,0.11589747076476398,85.79858141161358,20.88549391966967,0.04417877433838403,45.2145961974329,12.023352166105667
Sichuan Province,296,genextreme,0.18461667544268628,85.00026131179428,21.674663212584363,0.10118887614843369,46.69257116862144,13.438899600367323
Sichuan Province,297,genextreme,0.12674026866425347,84.06973005114347,20.66965022359355,0.03750510086063695,44.118048820298156,13.338708290095376
Sichuan Province,298,genextreme,0.1815927281370222,84.60140391282228,21.01440122650368,0.07040274506411154,45.316334219168475,13.444858879555198
Sichuan Province,299,genextreme,0.11164704872506612,83.84255863825314,21.46938672697828,0.08058716751101677,45.411537889539446,13.806176950711553
Sichuan Province,300,genextreme,0.11006972593535927,84.12813661625977,20.84432846320776,0.08896170156718165,44.77857162891915,13.513807031815698
Sichuan Province,301,genextreme,0.17223476777206076,86.46263223682456,21.08214704708262,0.07021334484521509,46.23203117497698,13.142511575412826
Sichuan Province,302,genextreme,0.15794528950597125,85.04131225730387,22.07072004062609,0.049634601188204105,44.85579184969379,13.319485644021803
Sichuan Province,303,genextreme,0.08019458304357806,85.36931053435832,20.958805677390835,0.047629785915223245,44.637927898777164,13.475396923526645
Sichuan Province,304,genextreme,0.12822327453918927,84.46713014010285,20.96246738986133,0.0357879801271536,45.42589859906016,13.65980469333953
Sichuan Province,305,genextreme,0.08509761397199112,82.09768317493204,21.346125673883215,0.0842970183131494,45.568545915014354,12.968747605789652
Sichuan Province,306,genextreme,0.1923615033289266,83.97611163516129,21.59747292791558,0.06633077980728869,45.34654134957028,14.01466292390144
Sichuan Province,307,genextreme,0.14702616997319737,85.52891970221799,21.601250770349097,0.034243975838011045,44.84005791138357,13.152099063401055
Sichuan Province,308,genextreme,0.13842001085270444,83.17493895503998,22.448959898179268,0.08016417764631059,46.09599819363157,13.89612461407094
Sichuan Province,309,genextreme,0.14129505270692436,84.5192975202664,21.604767520042596,0.09201295991760922,45.22630648671741,13.757566704394874
Sichuan Province,310,genextreme,0.1411480259953825,83.65626189422312,21.17166278562183,0.026322298273287643,45.118828490906274,13.555670207611257
Sichuan Province,311,genextreme,0.1586791168458604,85.11307158892012,20.26115589124479,0.12206045055955722,45.53936950786298,13.061387983538456
Sichuan Province,312,genextreme,0.13364642375144947,84.17470539811798,22.15313797138638,0.05869642989122119,45.44297926214975,13.601699751047523
Sichuan Province,313,genextreme,0.1630144252830038,84.4219622375955,21.068086090696674,0.09421963484655546,45.51864325366229,13.25511533450489
Sichuan Province,314,genextreme,0.20666724931094346,83.20959616210548,21.751413952071452,0.09391536304580045,46.11785900856943,13.760500716723328
Sichuan Province,315,genextreme,0.13565667505326431,84.28611810747265,21.227567105951024,0.035375214678107614,44.897879663923774,13.052041227315357
Sichuan Province,316,genextreme,0.13606911549677542,84.1102275221451,21.989570455988233,0.09381197766809951,45.91766280098801,13.398717431141492
Sichuan Province,317,genextreme,0.18733706731306732,84.14809073267625,21.94505080103916,0.12378580204228601,47.02877169638077,14.886184193627956
Sichuan Province,318,genextreme,0.1214496325497154,83.2687754044324,20.658480568183045,0.10537340460932704,45.72409800386546,13.362777932750006
Sichuan Province,319,genextreme,0.14289565636668905,84.4676879708878,21.430660417245008,0.08698061343042952,46.06045892179836,13.616218910393211
Sichuan Province,320,genextreme,0.12899310361660962,85.85932510691379,20.9865823166758,0.10927356499642929,45.83353931741955,13.83154286780549
Sichuan Province,321,genextreme,0.13079256160627858,84.37888782536595,21.612041620202177,0.12377709144580208,46.34663493388218,13.706646245389138
Sichuan Province,322,genextreme,0.12338764048161864,83.194552404052,21.746715607437444,0.04887499685813262,44.86451846527679,13.381931071757093
Sichuan Province,323,genextreme,0.13114557101203184,85.76833410702697,20.68619981172689,0.03998698072647304,44.05306928724397,13.720961718756271
Sichuan Province,324,genextreme,0.10849475093129393,84.26680217137334,20.0770394043287,0.06268775551062479,45.47686965059721,13.872930045439627
Sichuan Province,325,genextreme,0.10314744286282265,85.93175347447547,21.03921783264228,0.1200361266079496,47.41741388708171,14.390458337640386
Sichuan Province,326,genextreme,0.16069127754036527,84.21197237948392,21.806352966734686,0.026109913856962604,44.866590121955355,13.783905021681
Sichuan Province,327,genextreme,0.12661348670664255,85.40215093012944,21.842605452881692,0.11406242924343668,45.01375343785264,13.357516401893104
Sichuan Province,328,genextreme,0.14776089508683093,82.43756510462862,22.428900309588393,0.09702990124420449,45.71482699508519,14.431526503574297
Sichuan Province,329,genextreme,0.13432091721518175,83.95343479420296,20.948382638801256,0.13124752040861457,44.73339554960393,14.108594129772477
Sichuan Province,330,genextreme,0.10445829108192259,82.94324709452658,19.545426844055086,0.12941881094186558,46.51960424891345,13.94135545770383
Sichuan Province,331,genextreme,0.1398188969255302,84.14016981092698,22.251471889364723,0.10735637097288192,46.694169715254,14.18230967092682
Sichuan Province,332,genextreme,0.16253146006830915,84.38326309755777,21.552330586204988,0.14717998986240732,46.34392065257507,14.62490370333168
Sichuan Province,333,genextreme,0.15033579353777787,83.69307794818312,21.829161668935967,0.07096211582011261,46.114407636825106,13.703598370376938
Sichuan Province,334,genextreme,0.13516800573041687,84.56818093422416,21.750629834881536,0.026287575258801724,45.52527288474541,13.71570390739689
Sichuan Province,335,genextreme,0.20763013039519637,84.97384787017543,21.453817097753486,0.06868598165333287,45.987154668627454,13.574272849555225
Sichuan Province,336,genextreme,0.1310653091903179,82.9728065653751,20.990237231177467,0.17606467320116367,46.853476552674636,14.754805873098892
Sichuan Province,337,genextreme,0.14984723389348104,85.78721406482677,21.637528736825395,0.030544603478354408,44.47854403431242,13.469336634498351
Sichuan Province,338,genextreme,0.142377366878393,83.63634490729478,21.11422187242993,0.11801000116734915,46.05974546328482,13.69114400176499
Sichuan Province,339,genextreme,0.18033473658864824,84.88487510871722,21.453620165267118,0.06696672495776959,46.24224584528798,13.834742124382378
Sichuan Province,340,genextreme,0.10158705514782568,83.64935238860002,21.911654725703585,0.0701455868935259,46.397078374874994,14.51647710165243
Sichuan Province,341,genextreme,0.16364211222409997,85.26042162317245,21.255360281796598,0.053261516814252174,45.15581916792392,13.990414957672844
Sichuan Province,342,genextreme,0.18485554600179765,85.77548816963662,21.209967111054716,0.11277593350720838,45.09856846741002,13.69003070956006
Sichuan Province,343,genextreme,0.11228543231489252,83.27843216521399,20.867744581805724,0.06161292688967072,46.21628968922336,14.132223875736326
Sichuan Province,344,genextreme,0.07108093140841894,83.68772129615775,20.929551194784516,0.08302574531187133,45.636805133388044,13.223044417444255
Sichuan Province,345,genextreme,0.15281073085835795,83.8792959592181,21.077223846527154,0.10505541279337391,46.28582837349542,13.615712174546719
Sichuan Province,346,genextreme,0.12772967306810507,83.62757575442751,20.916375089376277,0.1252760282538432,46.90622938486249,13.732577915072392
Sichuan Province,347,genextreme,0.18397654060261287,84.00525625314316,21.705448872241284,0.06880394786936851,45.91096117998656,13.489630149036415
Sichuan Province,348,genextreme,0.17072748448808567,84.32007228145127,20.785876322899057,0.14216932089522652,45.755837392018705,13.16401751676465
Sichuan Province,349,genextreme,0.13512608257632008,83.65112716316443,20.88219958794428,0.10309391646828259,46.23326958451841,14.268001861858153
Sichuan Province,350,genextreme,0.15003834001703642,85.76662564235072,20.217676820001387,0.05214450084481399,45.39562931043778,12.929699462678055
Sichuan Province,351,genextreme,0.12908917002214704,83.88243555185619,21.748015224176058,0.0861255353748312,45.37723670100046,14.034865470880373
Sichuan Province,352,genextreme,0.12396726555741834,83.93298649163174,20.3992410364521,0.09198002686377488,45.57876505898042,13.968340175180778
Sichuan Province,353,genextreme,0.13924793414874254,84.0824992467719,21.045681177935194,0.07518062054093547,46.51016747594632,13.463830775857495
Sichuan Province,354,genextreme,0.1417280043445167,83.45792202456047,21.040782879896533,0.06726452699056068,45.37972598989919,13.15704875872381
Sichuan Province,355,genextreme,0.11240634526921726,82.48059699404985,20.60499077838848,0.10641932186206161,47.07547119516923,13.98317820117337
Sichuan Province,356,genextreme,0.12909465793600589,83.42440563934977,20.46533049223288,0.09784358960881315,46.17080541463057,13.181583712642958
Sichuan Province,357,genextreme,0.1142268667958366,83.7275019371389,22.077193253818166,0.029201879671564103,44.86146906940273,13.422501704329614
Sichuan Province,358,genextreme,0.19152576598827165,85.34045391346578,22.471366767819156,0.08266867477420424,44.660002932490045,13.46616311251426
Sichuan Province,359,genextreme,0.12350143963098748,82.83019035522298,21.377652528409563,0.04713932581019668,44.7908751879596,13.110469105010978
Sichuan Province,360,genextreme,0.09310530131583467,82.77334700402733,20.390248977085008,0.08360609848465606,45.4502573979331,12.958416485873375
Sichuan Province,361,genextreme,0.20428738579090613,85.59172250693152,22.148519752149195,0.053932498825352296,45.5079074602166,13.394093447887634
Sichuan Province,362,genextreme,0.16489000329461523,82.62482303555294,22.2211699351462,0.09129425654423128,46.33336768558731,14.04191634704623
Sichuan Province,363,genextreme,0.14456858115180893,84.16087155883278,21.200609253280057,0.07151348156040972,44.76868279295344,13.269210332105848
Sichuan Province,364,genextreme,0.11932902963683682,83.00948866916337,20.458009674602195,0.09367140396378687,45.23249814930064,13.271334080468016
Sichuan Province,365,genextreme,0.12000389208046733,81.70029519985513,20.466433683076716,0.11866788639688591,45.16383744224349,13.086207253889706
Sichuan Province,366,genextreme,0.14125972798901007,84.2272020919196,21.465097502055563,0.09282560978025889,44.97789221324062,13.750268105310747
Sichuan Province,367,genextreme,0.20078816662729093,85.09953590600357,21.817619878484358,0.0610090914630779,44.573081360299625,13.642290160981483
Sichuan Province,368,genextreme,0.16556177538526173,83.66333754127353,21.67358116721595,0.07013279776867778,45.136137254001085,12.560544413605053
Sichuan Province,369,genextreme,0.21572048245701614,84.24357884596444,22.479643302845552,0.042501584033866474,45.66111689759461,13.328928353485637
Sichuan Province,370,genextreme,0.14734468279817187,82.71303751017548,21.493163926061875,0.07650543078867729,45.60064308868263,13.260197528346001
Sichuan Province,371,genextreme,0.1439342932564447,83.94097849427395,22.466921955798593,0.09135093836304725,45.28900347382688,13.601733090194468
Sichuan Province,372,genextreme,0.0976928281014634,85.07379369660936,21.224426199721016,0.11385869845825339,44.34227743524135,13.353641173549072
Sichuan Province,373,genextreme,0.1652921731497795,83.08520267738018,21.43111092118491,0.09964588820415943,44.36594963836654,13.669086018261243
Sichuan Province,374,genextreme,0.11777150728404587,83.82769633128146,21.541506874224414,0.0536828251005193,45.60041323286666,13.589044798130299
Sichuan Province,375,genextreme,0.13467264069594723,85.18529846738166,21.018354683299357,0.06111320796712312,45.20580511962163,14.341830257994172
Sichuan Province,376,genextreme,0.1720652673338997,84.18099068808294,22.649988727009685,0.07977978831930589,46.03741841182857,13.90326506726041
Sichuan Province,377,genextreme,0.17144221244196572,83.56091295593531,21.27383034897843,0.0888050385342754,45.910187625413194,13.173822892486994
Sichuan Province,378,genextreme,0.14567252624097515,84.88801447311813,21.685445785334572,0.05479400588463954,44.71619418182786,12.61747618427066
Sichuan Province,379,genextreme,0.18945131174208985,85.02242013082767,21.15191831691692,0.08208971716626562,45.525142878511815,13.506440522551673
Sichuan Province,380,genextreme,0.10028564108540344,83.93699439209325,21.436125387900255,0.09033500212720384,45.35909333806207,13.409967236635019
Sichuan Province,381,genextreme,0.1455913028646184,83.72369815743183,21.144162543993765,0.03782713898352871,46.60242372751647,13.094824978783663
Sichuan Province,382,genextreme,0.13026618749270602,82.6567845726774,22.05594314872302,0.09171234887157723,45.45828153369659,13.855816569539996
Sichuan Province,383,genextreme,0.11950291321160564,82.75844912778655,21.477359532057335,0.07814642965491699,45.23280189980875,14.271581548687731
Sichuan Province,384,genextreme,0.14647596513320882,82.8768797967702,21.58582650306564,0.09876590393266257,45.27677558639025,13.835056576469409
Sichuan Province,385,genextreme,0.08909753403716393,83.38500301978733,20.67464634976052,0.07779145414970354,45.512315316043896,13.391292104865592
Sichuan Province,386,genextreme,0.10237644568086043,84.00423288634497,20.795772622191762,0.10618340947357392,46.5436524323391,13.772545704691158
Sichuan Province,387,genextreme,0.15290713010033322,83.80222824088426,22.004474646768912,0.05089100338767408,44.042353212454984,13.12387671603297
Sichuan Province,388,genextreme,0.15715999521472335,85.15577169755738,21.902056713741352,0.09775764857265577,45.217397269267785,14.168022206989075
Sichuan Province,389,genextreme,0.0814370662881359,82.26197617783833,20.881887455104316,0.09387873813577055,46.38749054016944,13.383417204995208
Sichuan Province,390,genextreme,-2.8388920557970163,38.595858316944415,3.07805239528105,0.07483446452123708,44.69968318261881,14.25897875534531
Sichuan Province,391,genextreme,0.1323829708483272,84.35451675767771,21.184644511370408,0.07007098141745569,44.89870542901727,13.564249582144654
Sichuan Province,392,genextreme,0.11701755431651503,84.42653246540647,21.729623901103782,0.06572339697170732,44.66703201763094,13.893205205190378
Sichuan Province,393,genextreme,0.14851240185708572,84.96398593167947,20.249037917281775,0.08205302243592472,45.22752576840072,14.350476383442068
Sichuan Province,394,genextreme,0.16599355621605555,84.18297968901982,21.927074981016975,0.12319919941504001,45.438003000765775,13.377528430186455
Sichuan Province,395,genextreme,0.1103535845351975,84.88920295865262,21.711443178244103,0.11776525920982207,46.22916480254449,13.396766942361857
Sichuan Province,396,genextreme,0.12708449584779458,83.38140418953978,21.664363319175465,0.08210048565740995,45.27835199313097,13.939230687267438
Sichuan Province,397,genextreme,0.13001419164214761,83.13460556632407,20.304172038124904,0.01754801967907614,45.1311656354861,13.035948715155985
Sichuan Province,398,genextreme,0.17574499521651343,84.95290779108835,21.66598484724092,0.054798019379778726,45.29971109251382,13.388772098778517
Sichuan Province,399,genextreme,0.1507880294481251,83.57402274334166,21.304564611391452,0.018430228663915936,45.25597811935462,13.403020521893017
Sichuan Province,400,genextreme,0.12911066352616546,83.53977314312658,21.167555281652255,0.05166870608701463,45.99560414192777,13.28744190989353
Sichuan Province,401,genextreme,0.12554585067280732,84.0298767775119,22.2001641578131,0.08912168137157024,46.20125249357625,13.029836574407952
Sichuan Province,402,genextreme,0.13800257762950524,84.00442974851532,21.290468504028794,0.08308282348275511,45.494004567292095,13.729474166960765
Sichuan Province,403,genextreme,0.09601935420328805,84.51680687260472,20.620735581767583,0.09741706244897133,46.78431435692343,13.9019180012257
Sichuan Province,404,genextreme,0.09007098434755807,84.89682608213019,20.898214357004257,0.10746559888138194,46.38571172448499,13.595238985136028
Sichuan Province,405,genextreme,0.1643011860044526,83.45448082728548,21.825353605439687,0.041563780630129284,44.81033213763132,13.163598686970452
Sichuan Province,406,genextreme,0.1625127750971724,86.09685413425889,22.23227995418228,0.0759661455358001,45.247038202131485,13.284568578669985
Sichuan Province,407,genextreme,0.20014686210281146,86.00167527774545,22.24874256811207,0.07143438199723304,44.63809546441384,13.82462290173553
Sichuan Province,408,genextreme,0.10504645041559371,84.38938939677,20.135447378585695,0.08821237598324291,45.31777486626156,13.539896926918786
Sichuan Province,409,genextreme,0.14995758895048167,82.71776676036049,21.024991280560357,0.06026746042448351,45.4266269928457,13.325107873354018
Sichuan Province,410,genextreme,0.11602725386077235,82.02395030615978,21.861934943055566,0.10260448610011198,45.369337932994895,12.968350592454856
Sichuan Province,411,genextreme,0.08851949022961214,84.09400350211396,20.297951640384788,0.09506796047467275,44.98286649870409,13.7384321448597
Sichuan Province,412,genextreme,0.12575986275968615,83.92901810324753,20.602686692638763,0.048376921157735245,45.491814971841336,13.605454311840747
Sichuan Province,413,genextreme,0.13020790003261867,83.39383984974094,20.956357874601032,0.045590517522838644,44.794032551491895,13.086887354445565
Sichuan Province,414,genextreme,0.16461049482757473,83.65235995622317,20.982731075388962,0.01274902555407208,45.07373137805608,12.744629678135656
Sichuan Province,415,genextreme,0.1018323026324971,83.36098687650085,20.784750871434788,0.03755360563344695,44.35682640697323,13.27970526950686
Sichuan Province,416,genextreme,0.1498982556268582,84.51888888069321,22.57038274913039,0.10995564894520307,45.50091725800957,13.612163844324456
Sichuan Province,417,genextreme,0.12221925128581515,83.21589008058521,20.710834104273403,0.07734121678594427,44.62536446053119,13.067492667556682
Sichuan Province,418,genextreme,0.1433040229495256,84.09917555608857,21.215103798909787,0.03674667820631636,43.72017557792308,12.498205112649071
Sichuan Province,419,genextreme,0.1718797896530937,85.86638224907625,20.777506326364858,0.06055473596925991,44.85103862123321,13.943865093615361
Sichuan Province,420,genextreme,0.12375841491608633,83.66600971623087,21.431923121756576,0.08062860282949,44.89561405833922,13.4378055581677
Sichuan Province,421,genextreme,0.16131159692348224,84.18762783394969,21.689932127360407,0.07657914217043935,45.15716321087575,13.888297293720429
Sichuan Province,422,genextreme,0.11765997926049943,85.26396116342009,21.425496935858842,0.1131985676278098,44.82536920499981,13.902369011154178
Sichuan Province,423,genextreme,0.11031474624554075,83.2896171366998,20.701481575643896,0.08061115783000863,45.54731480696775,13.045877218308725
Sichuan Province,424,genextreme,0.19033844810503503,83.69212625753357,22.65540231185036,0.09596117655400621,45.47545357345399,13.660390403979754
Sichuan Province,425,genextreme,0.14482799059611873,84.95628334574837,20.656600121280036,0.08509454096063246,45.852374324719676,13.495828074454499
Sichuan Province,426,genextreme,0.12364920561265585,85.36219439222269,20.446478670396917,0.12196766757667532,44.65383438418287,13.718236163786269
Sichuan Province,427,genextreme,0.1196788667437217,85.52423131177443,21.052585256216233,0.1167944617416373,46.22619628172146,14.111773536280088
Sichuan Province,428,genextreme,0.1177278602899546,85.38590666337095,20.516357059953272,0.11138537209865601,45.213727455549815,13.426687619346236
Sichuan Province,429,genextreme,0.11624468940396518,83.67975809106746,21.32790116463108,0.07588039688454638,46.3169387450495,14.468050142391988
Sichuan Province,430,genextreme,0.1520299610356939,85.08125979956353,22.07375616057633,0.09362243463799329,44.8112045967801,13.811193464128987
Sichuan Province,431,genextreme,0.10289130254167694,83.68757252659591,21.38229120200078,0.0189248755285837,45.75514682768553,14.117721648383487
Sichuan Province,432,genextreme,0.15474213937898268,85.52160544460651,22.479344792243516,0.03232499209264405,45.15748197695269,13.31128874418739
Sichuan Province,433,genextreme,0.13379080348083672,84.04164890349077,21.37920061916222,0.03271953579689765,45.434334132393275,13.83405892587114
Sichuan Province,434,genextreme,0.14912270424467394,86.35996284580935,20.63940432812889,0.09329194222013804,45.177539609415646,13.530293135998706
Sichuan Province,435,genextreme,0.13653916001333738,82.54224519075122,20.71653270506735,0.08020243828580487,45.80863395031382,14.201905148452608
Sichuan Province,436,genextreme,0.18562154494809519,83.41972100278895,21.059523985266036,0.060181700697107085,44.592167081573024,13.267281382655888
Sichuan Province,437,genextreme,0.17654444938304245,83.49286902463048,22.662103200545722,0.09040873349292862,45.159342644748754,13.782413742213375
Sichuan Province,438,genextreme,0.13388248592403135,83.72729463948755,21.38949832448927,0.10439780685235894,45.26870184030322,12.830924209758628
Sichuan Province,439,genextreme,0.09880025267533452,83.76572492599692,20.757027861426003,0.10533942409641694,46.67967241888091,14.103999692037448
Sichuan Province,440,genextreme,0.16842287992171517,86.14767488641064,20.420911952686698,0.0691096587364779,46.59036527236945,13.623416851503903
Sichuan Province,441,genextreme,0.15027027299972762,85.25350157648764,21.521818363157514,0.05332203673229921,45.23428404905745,12.91614391354766
Sichuan Province,442,genextreme,0.15312880213429625,83.16179306518121,22.021573112842166,0.05521661902815056,45.1969023716616,13.493083547654024
Sichuan Province,443,genextreme,0.15556320931787737,84.97955828323092,22.369926707461687,0.07816713907965217,44.67692014013558,13.885734380184235
Sichuan Province,444,genextreme,0.09225978713034574,83.43552508844442,20.479430456311995,0.08940411428755776,45.08585028967483,13.725639373439053
Sichuan Province,445,genextreme,0.1159746709265159,83.99798818412586,21.820378364200046,0.09148768499119367,45.60126649771233,14.376428581416087
Sichuan Province,446,genextreme,0.1345157936463604,83.03343940949793,20.979307810529626,0.013908957309497014,43.78452030471789,13.248839978449581
Sichuan Province,447,genextreme,0.13051994641235948,83.935892113795,22.122953752322786,0.10213775903792761,45.24873255186674,13.899759762970682
Sichuan Province,448,genextreme,0.12478465061603353,81.6661754326535,20.954301808416645,0.019710669469873092,45.590728297245136,13.396983010265973
Sichuan Province,449,genextreme,0.25084887195346944,85.19451493109324,23.528874621300602,0.013914982957890013,45.57581356433454,12.989077634339434
Sichuan Province,450,genextreme,0.19038823888378353,85.64088491915895,22.275094051660485,0.09366566745947366,46.02957661561871,13.504667282310685
Sichuan Province,451,genextreme,0.1786910136265502,85.639627770955,22.10883116819858,0.10811873661523283,45.13251846884769,14.254343457738786
Sichuan Province,452,genextreme,0.10161069967510505,83.24721686768737,20.47493600866246,0.12365572576578915,45.104303650725285,14.060908073290115
Sichuan Province,453,genextreme,0.12160789216835394,83.00545279361884,20.44212720595226,0.08080841695875832,45.5970523463209,13.273073870657207
Sichuan Province,454,genextreme,0.13965201447562542,84.7901499457437,21.507634951707153,0.0702672641429354,46.692484478829684,13.826102930804836
Sichuan Province,455,genextreme,0.13295323237979487,84.32818706016957,21.197481813007087,0.04298123903374705,44.772763496663686,13.499062529121908
Sichuan Province,456,genextreme,0.08711819125097017,84.38930284209667,21.448301798575635,0.0673924225682632,45.55352515876691,13.330199658091779
Sichuan Province,457,genextreme,0.06515803066193027,84.25258138621116,20.296688119072332,0.09527025116246388,44.535554303880154,13.32790093790964
Sichuan Province,458,genextreme,0.1741134181890232,84.23802102772115,21.85109724031004,0.08616428071974644,45.36219774627336,13.617974791868413
Sichuan Province,459,genextreme,0.1331133569705374,83.99956712013142,20.57757769320318,0.1695917962431996,46.217919068240256,14.382702043520377
Sichuan Province,460,genextreme,0.07984709939592706,82.58082014187563,21.009415082381786,0.031335265657813825,44.095232006945054,12.945863348884735
Sichuan Province,461,genextreme,0.1335443263740096,83.66588228231785,21.668369891494322,0.10014619126628643,45.98802851701064,13.66519472871117
Sichuan Province,462,genextreme,0.19529494804729147,86.22536683820024,21.3916766001457,0.07612655877331309,45.375323864128084,13.865212476970338
Sichuan Province,463,genextreme,0.11240074110602272,82.40063746026436,20.366855053075188,0.060130408705916294,45.385044910565284,13.887436585947938
Sichuan Province,464,genextreme,0.1188536819792689,83.18535792530298,20.84608234506744,0.10372845175677722,45.97573970566799,13.105558818515014
Sichuan Province,465,genextreme,0.11980071499875222,84.3167673728905,21.081610269232854,0.09151851237076072,46.28221517273419,13.931385251327603
Sichuan Province,466,genextreme,0.1830239861378133,84.27570636832411,22.102228468874102,0.0581769728561164,46.014062425175254,13.361441671741161
Sichuan Province,467,genextreme,0.14733915384933183,84.60304344626022,20.530888923945795,0.05649603998803346,45.67195453325988,13.476346652947916
Sichuan Province,468,genextreme,0.1333481053424759,84.41452689284594,21.238399190224875,0.0599361869413811,45.68350165951483,13.327931972153522
Sichuan Province,469,genextreme,0.12323132766451439,83.6477641818986,20.97788620495906,0.07373703678057725,46.15090092003807,13.659249013124104
Sichuan Province,470,genextreme,0.14174884925675485,85.76774334416172,22.573607948349114,0.05831854880033763,45.11550180648992,13.532234584075024
Sichuan Province,471,genextreme,0.11924285097484848,83.19215438238862,20.922407515123105,0.06112259021925222,44.63035568745256,12.878949502722637
Sichuan Province,472,genextreme,0.08527607047872021,83.09982676797429,20.5810228411679,0.11934143674900674,46.09304759214427,13.796547071708169
Sichuan Province,473,genextreme,0.15760973702130832,84.74668711331393,20.75392833049316,0.05721581449213092,44.93807773455394,14.238363220277414
Sichuan Province,474,genextreme,0.12565153481132474,84.61136554293698,21.846310578111243,0.11248537461480923,45.8036344467553,14.08117870421286
Sichuan Province,475,genextreme,0.1052879340049199,84.64575190024925,21.24312667274895,0.07836172930476541,45.98050601909215,14.084325863290609
Sichuan Province,476,genextreme,0.13917986928421772,85.05870800790092,21.017645249574038,0.05767694491593424,45.76919105656849,13.14474652958704
Sichuan Province,477,genextreme,0.11715091091931276,83.60614290520257,21.652789890966687,0.08151090917029864,44.72099587366101,13.64806641473292
Sichuan Province,478,genextreme,0.12834366868882113,83.86879324217028,21.217818203033794,0.037221080997506394,45.500936809816935,13.540765562023438
Sichuan Province,479,genextreme,0.14515286092822652,83.13422925237128,22.218556957107197,0.1425244315340104,45.16223942688978,14.917370915309027
Sichuan Province,480,genextreme,0.15594130939429524,85.07241515449434,21.411861867371314,0.018950458109710633,44.97929722424119,13.531610507924855
Sichuan Province,481,genextreme,0.13248555487836278,84.23455618339347,21.293004747250116,0.05605097112393316,45.20726102597688,13.571119324760001
Sichuan Province,482,genextreme,0.16151598951601184,85.13841123828456,22.69612284217944,0.055044674334553206,44.928288463633905,13.086854910966522
Sichuan Province,483,genextreme,0.09239025088225854,83.142359584865,19.771298180600002,0.1526905114734585,45.90546456086821,13.715726566074277
Sichuan Province,484,genextreme,0.13964411308234642,83.58449383307138,22.008153491632775,0.04190829168685842,44.54652083644129,13.02538385272419
Sichuan Province,485,genextreme,0.14999866825772232,84.07257752520891,21.888104017936485,0.10270828921831901,46.85055236676525,14.110491533503534
Sichuan Province,486,genextreme,0.12866370942165567,84.48799480763397,19.991080916819676,0.11100291533928802,44.39829403976762,13.824307082492972
Sichuan Province,487,genextreme,0.13532419730017153,84.02592944867105,20.7700955651669,0.05899120203413779,44.60715137768821,12.80576792029158
Sichuan Province,488,genextreme,0.09525936619242806,81.6086131781663,20.45654680001224,0.06829620681738331,45.940407627584875,13.047875368255092
Sichuan Province,489,genextreme,0.1369892118123882,83.05145765854178,20.302603667561783,0.05433650682024979,44.860807235101106,13.54277891544653
Sichuan Province,490,genextreme,0.10001841328162683,83.6594031304318,21.81795408583924,0.08547891931033977,46.16369237730446,13.363753977303453
Sichuan Province,491,genextreme,0.16965326712392198,82.9640179127712,21.79009209757217,0.05244457013680265,46.15680335789598,13.110659514378487
Sichuan Province,492,genextreme,0.13044987679579972,83.34507098188047,20.928444549287487,0.01953014247994648,45.77259269390655,13.924516540014693
Sichuan Province,493,genextreme,0.15167078708946424,85.61687178882555,21.78585126759685,0.06846150185607974,45.99804249851222,13.891930116722747
Sichuan Province,494,genextreme,0.17502649022490013,84.99325760841593,21.123162601537587,0.09804260584513427,44.77916268041564,13.233189529612737
Sichuan Province,495,genextreme,-0.28635097820900635,78.8740029403981,22.96250878586703,0.10981962787998012,45.61124024020529,13.501622094210699
Sichuan Province,496,genextreme,0.15614490726250713,83.49810460015317,20.550142788369655,0.04044812585493061,44.31269926530005,13.167202604442679
Sichuan Province,497,genextreme,0.1787002036517666,86.6922598304404,20.680525758691537,0.045342500513130685,44.535266090908024,14.278940805215395
Sichuan Province,498,genextreme,0.18784522800711995,84.25007135680403,21.346385971097384,0.1418373190020408,46.37206030733523,13.621200303922144
Sichuan Province,499,genextreme,0.15115503248675938,83.91277797162573,21.338485882093746,0.07579009215254603,45.25873684420722,13.624786533024334
Sichuan Province,500,genextreme,0.12275379573175782,86.58846551032772,19.835713485078156,0.10741468964800321,45.694125065383176,14.151286934484826
Sichuan Province,501,genextreme,0.15180859683642742,84.2996975080082,21.601727316349766,0.08634152055612788,46.09682247140958,13.54996110764812
Sichuan Province,502,genextreme,0.13853847560934282,84.46837912603198,21.698345685656466,0.05530438814267205,45.30734184669454,13.401976144447591
Sichuan Province,503,genextreme,0.15347575549719866,82.92555443095875,21.100830339965235,0.05668904922711497,45.43115103682456,13.658595899937488
Sichuan Province,504,genextreme,0.15036325526983313,85.25324040954048,21.749600727295107,0.045930847027503455,44.674885531699815,13.33505313844621
Sichuan Province,505,genextreme,-2.786323241751977,38.524168925528144,2.9063105195635375,0.10439548447236616,45.27548375516369,13.733795629338038
Sichuan Province,506,genextreme,0.14044748762719395,83.64263325879384,19.75620980939639,0.10543011576076847,45.46784409010023,13.427000308059995
Sichuan Province,507,genextreme,0.1444503556789185,83.50311765204802,20.81857213876598,0.058580259085081424,45.31404028045641,13.20168345956245
Sichuan Province,508,genextreme,0.08441914230924102,82.92536715924166,21.17093694065173,0.1073495987628372,45.449343343360376,13.723850790036268
Sichuan Province,509,genextreme,0.092285989529369,83.87527772545002,20.432394079561575,0.11266509590190665,45.03532747203653,13.637081876820535
Sichuan Province,510,genextreme,0.11329982213910597,83.40098269472355,19.802646413966478,0.12135948109085612,45.8765531139846,13.823864953011025
Sichuan Province,511,genextreme,0.13011898496905744,84.03470188930066,22.043567418245047,0.08136631074578844,45.88566422287466,14.313041438344346
Sichuan Province,512,genextreme,0.11151768045307654,83.7559497138548,21.101703749947323,0.1218668854837175,44.70057470767415,13.755063007390602
Sichuan Province,513,genextreme,0.17137299846674178,83.77824159616056,21.35092711370637,0.042133349803676834,45.778489527034296,14.207707295306928
Sichuan Province,514,genextreme,0.17528231438441239,85.29850866770224,21.947340293485283,0.024265546196477625,45.019276978836764,12.929759437274406
Sichuan Province,515,genextreme,0.143047096370022,83.8159548791199,20.70674965748522,0.04953510094912403,45.60251182503902,13.072307898373676
Sichuan Province,516,genextreme,0.1660611681012834,85.88090491161424,21.049037743625505,0.07332904267875894,46.842495308666074,14.975255444205349
Sichuan Province,517,genextreme,0.11935727584802538,83.26897192814641,22.050228268693424,0.06759533250315292,44.49772510547421,12.611952945207046
Sichuan Province,518,genextreme,0.12376937464526719,85.00047764349924,19.877971176383934,0.0602515537322144,44.066453113308086,13.852481296483218
Sichuan Province,519,genextreme,0.14587702884552933,84.39131453155306,21.35236451433581,0.05487128585254326,44.64697064826966,13.74121534629177
Sichuan Province,520,genextreme,0.13607975202234163,85.07065224248643,20.785507885625172,0.10321116145200264,44.95336228058561,14.343420424850374
Sichuan Province,521,genextreme,0.1864941343828564,85.23197896436301,20.847639744038137,0.10470907027945026,45.496630745886094,14.190358392453742
Sichuan Province,522,genextreme,0.12486185397371749,82.89940687438059,21.094646261969757,0.042549904650067256,45.75615719411235,12.882880891839708
Sichuan Province,523,genextreme,0.1428469928573401,85.20599115608479,21.432359942768038,0.019650847006789686,44.531775675329015,12.667784735603165
Sichuan Province,524,genextreme,0.1464826967738545,85.07438016751183,21.45466423267834,0.07755481259932043,45.44215022782883,13.97234685309736
Sichuan Province,525,genextreme,0.11145399658923869,83.6685886778366,22.015253918956873,0.06460543660015418,44.89140511227081,13.870482071604123
Sichuan Province,526,genextreme,0.19060602625876355,85.62335463738418,21.949587274286152,0.06051540565069176,45.88630010673246,13.315472514430345
Sichuan Province,527,genextreme,0.1148992516293332,83.84489167897597,20.668736201884904,0.09626064947652593,44.799433555556426,13.306523377143666
Sichuan Province,528,genextreme,0.13515524789555505,84.11289977359809,21.152546339802633,0.10985377797137273,46.148468866239476,14.397718670283165
Sichuan Province,529,genextreme,0.1398985229274443,82.88269066640876,21.479966433992786,0.060653833169084695,46.18462287662821,13.166506599366242
Sichuan Province,530,genextreme,0.14184944235745814,83.5069689509519,20.780072046755876,0.09932552992101087,46.715542236145296,13.81144467657429
Sichuan Province,531,genextreme,0.1721829730211651,83.52837317395779,21.878759354550823,0.13785935063727614,45.696993294779006,14.253040600942345
Sichuan Province,532,genextreme,0.17982230734883647,85.42972875837015,22.291503839636245,0.01834123050118514,45.03221914764263,13.797196071917423
Sichuan Province,533,genextreme,0.1250273749687023,84.03903557505603,21.58219185754686,0.024709960559556668,46.44057441480642,13.062537021630156
Sichuan Province,534,genextreme,0.16679261899484887,84.14809889162717,22.25373386640861,0.06704002290840445,45.09622211656216,14.083437829702842
Sichuan Province,535,genextreme,0.18404910717602968,85.71422502894382,23.02104223224317,0.10532634251141851,45.26102065360171,14.237426579169785
Sichuan Province,536,genextreme,0.15677660177851044,83.68999416543869,22.824790538945805,0.09552633702148564,46.035357691227446,14.501328000741374
Sichuan Province,537,genextreme,0.13677641175250188,83.61592203642797,20.932446417846027,0.07459102770896936,45.25030992594375,13.108689672296173
Sichuan Province,538,genextreme,0.13929407957411044,82.3775665079149,21.218541054112993,0.04764758829094509,44.38463856944324,13.387123514251503
Sichuan Province,539,genextreme,0.1531004419966197,84.63713767270188,21.51303358250101,0.05413505334701076,45.09667613530348,12.517691800574966
Sichuan Province,540,genextreme,0.12437503461916483,83.2946568847257,20.208192331287368,0.05728959288536544,44.581270593317846,13.729449001585333
Sichuan Province,541,genextreme,0.13891886083022986,84.60377767534143,21.791264715162832,0.17413690779186192,46.49201598982289,13.602524148142152
Sichuan Province,542,genextreme,-0.1900637825465612,77.61666819581507,22.787485215681258,0.030003182665682093,44.681326853672914,12.96336067041371
Sichuan Province,543,genextreme,0.1735506641157895,84.04108495647758,21.727397884414422,0.043389523929950116,45.554094851869266,12.795337083817206
Sichuan Province,544,genextreme,0.19073645363640357,83.27084590386488,22.601920912370083,0.09104613094669363,45.51075881443739,13.470181147218
Sichuan Province,545,genextreme,0.12599913520685493,83.62480503949838,20.027247288331992,0.09910322534765498,47.199995552655366,13.619856420307032
Sichuan Province,546,genextreme,0.14225439492531583,84.02088440519947,21.81580050584354,0.1047860956384361,45.67202494508626,13.878487572194786
Sichuan Province,547,genextreme,0.14512408934225923,85.97034830037884,21.94753097178331,0.06807413622898206,44.64592229026751,13.84497430014395
Sichuan Province,548,genextreme,0.14985329530950195,84.90615542132744,21.366105011741087,0.04542074543979417,44.824349261037156,13.759749051208882
Sichuan Province,549,genextreme,0.1382961337346845,84.55361384958451,20.859437118517274,0.11779938731947429,46.58655064090746,14.260614631373198
Sichuan Province,550,genextreme,0.13984329822248615,84.98649161996772,21.13466407457755,0.05745328046338741,45.64594458762261,13.7100051586768
Sichuan Province,551,genextreme,0.13036566467023253,82.61680860029597,20.45761086075175,0.10829764849687518,45.19949054035246,13.16399313026988
Sichuan Province,552,genextreme,0.12643517571664026,84.45455006230068,21.447602995025356,0.0904058413526612,45.60948853865254,14.705951819053954
Sichuan Province,553,genextreme,0.15763124563543246,84.76717106947233,20.99596999304211,0.053843824071365454,46.301013053631245,13.652056010115796
Sichuan Province,554,genextreme,0.10593682981747124,83.2709691784761,21.29241491479604,0.08139986691467797,44.789119945359765,13.562774517961598
Sichuan Province,555,genextreme,0.13702023982761985,84.23967112282435,21.406102024530256,0.07476418555197785,46.64043538447645,13.93477783530943
Sichuan Province,556,genextreme,0.10869825836403016,84.15116942323993,21.203406170912928,0.12081329361002495,44.49928101330673,13.854669622453875
Sichuan Province,557,genextreme,0.13698471166476753,85.1793530916554,20.549507051001143,0.0769343455727651,46.51283023334375,14.02363713745908
Sichuan Province,558,genextreme,0.15513625494966857,84.51433549733683,21.730181255090358,0.09605816895799658,46.30033628453445,13.583763242300272
Sichuan Province,559,genextreme,0.15093835416836734,83.90588889303721,21.53802436876847,0.09179653495973986,45.070162680274095,13.713797607101885
Sichuan Province,560,genextreme,0.13428142666665133,84.29419283393955,20.963690843569832,0.06806859955954267,45.24918125128225,13.147452201501718
Sichuan Province,561,genextreme,0.10819322496407024,84.0609955639621,21.6104859766472,0.08340333357119592,46.04881171288632,13.33597570350381
Sichuan Province,562,genextreme,-3.438585921422372,33.392515153133274,3.132199816439922,0.07057876471650934,46.24448592402632,13.47234276648571
Sichuan Province,563,genextreme,0.14056068941647107,83.64551707008707,22.71256442534783,0.062428442429261,45.57932854986968,14.414743183186278
Sichuan Province,564,genextreme,0.14481644822871895,83.81003299000488,21.80504491199159,0.0814369611314677,44.29328514306307,13.244834666991302
Sichuan Province,565,genextreme,0.0988516181714684,84.49613343676185,20.694537280767534,0.0688831508933007,44.47632368874493,12.960572305643545
Sichuan Province,566,genextreme,0.17181082864177938,85.57320621166156,21.531451106316837,0.09116162877403702,46.31926141577104,14.054155579180467
Sichuan Province,567,genextreme,0.15977670233754618,84.17985674348151,21.805266541077184,0.050952251227485534,45.326761830743216,13.168678650858094
Sichuan Province,568,genextreme,0.0961640659986744,83.12783066364241,21.40454931232343,0.030545383934289846,44.85964153275296,13.470346672223469
Sichuan Province,569,genextreme,0.2048451691519983,85.59074259662441,21.315328172571284,0.09130511573020392,45.59597342518936,12.502546435203694
Sichuan Province,570,genextreme,0.16575241207611857,84.41960556914256,22.50669256421486,0.0593708544338202,45.72302160573399,13.548317065250517
Sichuan Province,571,genextreme,0.12873451853684215,83.0209047234213,22.092894892693124,0.07196818981445076,45.69293113787203,13.984350669396878
Sichuan Province,572,genextreme,0.141150895085796,84.5418808301655,21.033108710070287,0.12513992939639973,43.85627681431947,12.97042403708522
Sichuan Province,573,genextreme,0.13102580416352022,84.35464677895936,21.732544498832283,0.047810638054961954,44.917101328264394,13.244938407332203
Sichuan Province,574,genextreme,0.1330578347970749,84.71402208522824,21.666176975290536,0.08584522589921359,45.75145255378624,14.209272045595824
Sichuan Province,575,genextreme,0.13669651033702107,83.30578896753737,21.265058790667,0.04711553458807586,46.06559024344752,13.440317165075829
Sichuan Province,576,genextreme,0.11616393050962201,84.56003316654377,20.624636670609,0.06742060593327806,44.860822288291445,13.954724264685133
Sichuan Province,577,genextreme,0.15179000475413926,83.92806319677716,21.3283076192335,0.04704023652559473,45.64785290463087,12.990033871766602
Sichuan Province,578,genextreme,0.10893499106687485,87.33247784621315,21.758793383445404,0.10485081882112966,45.349528789612094,14.170851439792436
Sichuan Province,579,genextreme,0.1373021346482257,82.26891622940009,22.944206816788977,0.05168011014897256,44.61572232688749,13.165343929216057
Sichuan Province,580,genextreme,0.1753399251768989,84.6923363748979,21.607189086260362,0.035491256984240105,45.87161672426514,14.352137653742023
Sichuan Province,581,genextreme,0.18801318039380654,85.45831562886445,21.67628768142057,0.049866882220686214,45.281520878509056,13.685113560092713
Sichuan Province,582,genextreme,0.15248387023100618,83.46992319525023,21.720393915507945,0.14535969566286877,44.73806566467432,13.522852070082756
Sichuan Province,583,genextreme,0.13523291306780644,84.39330397600023,20.0608175720723,0.1394973285229395,46.30723733194561,13.243640986138118
Sichuan Province,584,genextreme,0.09075343094752453,85.14236760631505,20.558289380752104,0.11995251932024414,46.55465920817379,13.697485168957602
Sichuan Province,585,genextreme,0.1726686441159313,83.28541541605664,22.39271308034691,0.10743050890958364,45.10678259142147,13.805092975025612
Sichuan Province,586,genextreme,0.1957950562924919,85.03056298223325,21.491726797667724,0.06965495763202989,45.01205211760936,14.02885174201937
Sichuan Province,587,genextreme,0.15226285631670897,83.59177045038737,21.53490826363523,0.09979700973886341,45.92207977057569,13.600559458587767
Sichuan Province,588,genextreme,0.1376617139226647,83.31791596644155,20.67208563528554,0.10599195127446193,45.704863171488306,12.866785921484425
Sichuan Province,589,genextreme,0.17215157442523488,83.27364383474165,21.879647048565825,0.10574203079520247,45.15739303956779,13.098625410350309
Sichuan Province,590,genextreme,0.1250351383016658,83.670310958295,20.392486329838462,0.0532307776367561,45.834290337555274,13.81206935017466
Sichuan Province,591,genextreme,0.11144715437767813,84.28685397663932,21.614406587012986,0.1075449959681383,45.79104734924583,13.38247166765951
Sichuan Province,592,genextreme,0.1532603322697605,83.68792577971357,21.355529741578696,0.06906094135847449,46.01620355217979,13.139928741659876
Sichuan Province,593,genextreme,0.1271672812425795,84.15136960659711,21.051508380612134,0.026424055669034895,44.720808771571754,12.742897937403734
Sichuan Province,594,genextreme,0.15999412862677384,85.36885138169194,23.314734424430267,0.10452020142135074,45.19713772912818,13.678013324862901
Sichuan Province,595,genextreme,0.11407070638672344,83.89527869505793,21.40206792707496,0.14676113329103607,46.58517293088244,13.947451959020079
Sichuan Province,596,genextreme,0.13898163852043705,84.43699299723502,21.537012663967005,0.06819122691934013,46.13720311895635,13.409829801666909
Sichuan Province,597,genextreme,0.07221484536844108,82.96256868157974,21.165848284174757,0.12198950072664172,45.962515071729754,13.740687768747957
Sichuan Province,598,genextreme,0.13421718037218033,83.94362706675034,21.164532519596527,0.045380536235902186,44.38253594037937,12.988148945278198
Sichuan Province,599,genextreme,0.17039739505421253,85.32533790531751,21.943862235223406,0.0786737824189842,46.71078883033066,13.812246698575407
Sichuan Province,600,genextreme,0.16303204942759714,82.85587847303202,21.577107959781465,0.0801654437831143,45.632276220201646,13.708944097491734
Sichuan Province,601,genextreme,0.11527336145355747,81.74535523723782,21.578405148182192,0.06876357815719245,43.60289846792453,13.267735453420707
Sichuan Province,602,genextreme,0.14070617021048487,84.6488979780923,21.459578085824006,0.08177435681549146,45.12773180987794,13.421765717339
Sichuan Province,603,genextreme,0.14029263554986918,83.40209884014212,21.889986806269285,0.06622323011022352,45.1311672905733,13.609770884135415
Sichuan Province,604,genextreme,0.12548031173715676,83.85767613950885,21.289391432049268,0.13536138418374052,44.99543887577643,13.656637002277746
Sichuan Province,605,genextreme,0.2180701409047825,84.87061273655641,22.97802805675241,0.08944215051144899,44.574402938931726,13.181729953868889
Sichuan Province,606,genextreme,0.12631225810711771,82.51574893441784,21.442948164103893,0.11736334335955495,46.49059443942255,13.196839289745018
Sichuan Province,607,genextreme,0.10997169717436794,83.68547644835814,21.28275114619428,0.13089654661469485,45.69073929999095,14.224318786888094
Sichuan Province,608,genextreme,0.2647303610105709,83.4915519621834,21.75162543813225,0.08341183570988223,46.042018905801086,13.919546121217149
Sichuan Province,609,genextreme,0.17195551224570754,83.98314966650233,19.978972631293693,0.10201119035732831,46.19590556462943,14.437435411170934
Sichuan Province,610,genextreme,0.09491432486949854,83.27090351264792,21.590026877413873,0.13363990757339927,45.68476195623279,14.332364007014565
Sichuan Province,611,genextreme,0.12155148219961545,83.3975119892824,22.01170639388114,0.09153056907719487,46.35539036471221,13.314693440504499
Sichuan Province,612,genextreme,0.10051415045371143,82.38966105703071,20.745133328958268,0.05961996171526142,45.145007353633005,13.413939828898052
Sichuan Province,613,genextreme,0.1559507258353558,84.73821508683422,21.958395943161953,0.13460377881083535,45.506821602242496,14.186443034853827
Sichuan Province,614,genextreme,0.11801624821508302,84.28199733432908,20.897241752874024,0.06355188218927008,45.56527906483781,13.673069198046914
Sichuan Province,615,genextreme,0.16240747096296243,85.1201136777397,21.62092376649432,0.09578286154270854,45.121096112205706,14.064170020086863
Sichuan Province,616,genextreme,0.15444534527120818,84.30352495403184,22.246440042552926,0.026912051045364517,44.61245718929847,13.42239715760309
Sichuan Province,617,genextreme,0.13766126470804899,84.28166234888377,21.108385419978415,0.05747819041187956,45.24938916999877,13.313725360930373
Sichuan Province,618,genextreme,0.21350091990043812,85.18498742300866,21.375315152147028,0.06258948444928798,45.861837794156955,13.217515824281374
Sichuan Province,619,genextreme,0.14529531580180716,84.24943474222997,20.92453064406137,0.0792010970882002,45.101258411921236,13.931814048242046
Sichuan Province,620,genextreme,0.08586922913363507,85.42044133857709,19.45343162257638,0.06300456263234161,45.51335335017373,13.735186936000522
Sichuan Province,621,genextreme,0.18856153835698986,84.91240039540529,21.367792601564986,0.08731201873642427,47.06499971839694,13.895948548100918
Sichuan Province,622,genextreme,0.11359103121157256,82.50687331792605,21.621074572771317,0.07093252169819962,44.367702698500935,13.831325093306521
Sichuan Province,623,genextreme,0.15606786250065988,82.30034580989782,21.871941241188566,0.06832064811185681,45.1970066039133,13.475022253361246
Sichuan Province,624,genextreme,-3.5410681002185678,31.9140100735478,3.272202053844257,0.01810273508685685,44.66939377036542,12.460316454196722
Sichuan Province,625,genextreme,0.21926271222834914,84.50649153907396,20.773896529747965,0.06333263465748018,46.075226281420214,13.735014950228248
Sichuan Province,626,genextreme,0.17008149827847313,83.4273145582597,21.977341513051343,0.05644809529812937,45.49295905979386,12.968748540768257
Sichuan Province,627,genextreme,0.18402381175364996,85.19310965892444,22.72134402812805,0.043382433164697656,45.92802100777292,14.006389445770242
Sichuan Province,628,genextreme,0.10605959750581485,84.68064557331184,21.676231670610093,0.1124502153289831,45.14312110777631,14.195470803052714
Sichuan Province,629,genextreme,0.14702240826666335,83.82499210184409,21.348838339412225,0.06375353904648544,44.706631306431255,13.056233782201174
Sichuan Province,630,genextreme,0.17692532021695756,85.74171034968299,22.73795253075515,0.06545843979541617,43.947975997491525,13.269110274743301
Sichuan Province,631,genextreme,0.1432106541786153,85.23217986302299,21.622775743646898,0.09168979689271109,44.99753228347714,13.374571220974936
Sichuan Province,632,genextreme,0.14639115663404167,83.51622711937536,21.351878017692762,0.09776456621592916,45.15531690889403,13.276178231871306
Sichuan Province,633,genextreme,0.11954086055441548,82.84420653608552,21.121712762492876,0.046154502436465794,45.21069686079674,12.916898639994933
Sichuan Province,634,genextreme,0.16042954371508927,83.12162303606226,21.399966339211034,0.08721226753646755,45.6049474520196,14.255910412831716
Sichuan Province,635,genextreme,0.07364606366570188,85.0678672717594,20.469269898579626,0.08056368303601402,45.540892184463814,13.63214113383612
Sichuan Province,636,genextreme,0.1468041133781528,84.93289488342114,20.590319130374098,0.07839430941669158,45.82706729739878,14.256480680358765
Sichuan Province,637,genextreme,0.149834470516845,82.59079896792278,21.812533961726718,0.0618636891811061,45.75194166112914,14.005291617462174
Sichuan Province,638,genextreme,0.12217368798393488,83.52895936506471,20.504318571578374,0.09190165020554306,46.53360345051837,13.438350575391913
Sichuan Province,639,genextreme,0.08874406217730532,84.44473509741115,20.202497340138937,0.09111461178134744,45.58743959217244,13.74277444600704
Sichuan Province,640,genextreme,0.25834399108848816,86.73217117349292,22.953866927712802,0.09678955849471446,45.914385022762715,13.288673360230565
Sichuan Province,641,genextreme,0.11137030854490737,82.70784004029827,21.602370534272538,0.09878506320339059,45.39797552297578,13.480791987943086
Sichuan Province,642,genextreme,0.14673773651605976,85.11293109594581,21.009181037177648,0.04098087392261297,45.04906511155392,13.436729344304407
Sichuan Province,643,genextreme,0.14985978866654415,84.45521694724312,21.658361831042527,0.13750582213980186,45.394599211640696,14.278248695765779
Sichuan Province,644,genextreme,0.12897852575525226,84.16623927745837,21.669121521857893,0.036950768844070676,45.26965325971018,13.65871807770735
Sichuan Province,645,genextreme,0.13234584696015556,84.01697259945294,20.37511298851906,0.09128717994443247,45.66721671463867,13.363826793684925
Sichuan Province,646,genextreme,0.1725596714574256,84.16582095208679,22.095428309009783,0.0808344150850411,45.441192169790476,13.110102279784357
Sichuan Province,647,genextreme,0.12536818624828133,83.50928763542538,21.091186283861255,0.0513040299474216,45.87237200850507,13.021420161298606
Sichuan Province,648,genextreme,0.17576236667857784,84.86438514243359,22.714720817717065,0.07749941041549196,44.91617445819321,13.3377888331493
Sichuan Province,649,genextreme,0.11712795646658422,84.8802988584957,21.40653585672777,0.0874276620543436,45.47933220852241,13.193937269538987
Sichuan Province,650,genextreme,0.08658153948856152,83.95731414713737,19.114153887935082,0.07047669960306108,45.75406939705715,12.916192402531715
Sichuan Province,651,genextreme,0.11047752247656373,84.15429031967459,20.76136613328253,0.07370070891502797,46.31070416303494,12.608114282830169
Sichuan Province,652,genextreme,0.12772203240341856,83.72571291724688,21.008211706361383,0.05315553630071514,45.12679559258544,13.429026685240494
Sichuan Province,653,genextreme,0.19368580686137188,83.96972884283629,21.337395497820815,0.09383247430625086,46.300189684493205,13.520355960377891
Sichuan Province,654,genextreme,0.1670154157419082,84.79039357948423,20.206758929860797,0.1051939499872411,45.67135556628665,14.51620481233725
Sichuan Province,655,genextreme,0.18113857495864696,85.50362764577062,23.208385126247123,0.060366940341640744,44.926639197658545,12.994551699917896
Sichuan Province,656,genextreme,0.1139622815266258,82.79496528533028,21.105888364200624,0.08171642792068891,46.04323216283906,13.77184370836341
Sichuan Province,657,genextreme,0.1513725825859648,85.02179079237055,20.933240661784815,0.03765040345768335,45.393373197290686,13.203053408602923
Sichuan Province,658,genextreme,0.18844963873933268,84.95047803347975,22.184818630454664,0.12479925126388496,45.50450911486813,13.979795740778084
Sichuan Province,659,genextreme,0.1731087489882996,85.76140692116118,21.676708723958143,0.08854617724535052,46.01710849339513,13.410774465276816
Sichuan Province,660,genextreme,0.15621293611471396,83.1092692323992,21.89959793531732,0.03380563424554272,44.8358877361465,12.947184914960747
Sichuan Province,661,genextreme,0.10151003348386439,82.25922773325271,19.865701864658497,0.07149643683959947,44.958655446368624,14.405168818593307
Sichuan Province,662,genextreme,0.1207021573018777,84.93085673767557,21.238148977249224,0.10845828746545583,45.513780895538304,14.014350041284303
Sichuan Province,663,genextreme,0.14809218771078075,83.67687960440999,21.347361447687526,0.045953110483733836,45.37108539094919,13.655635189700185
Sichuan Province,664,genextreme,0.11388028157175129,85.36223214578209,19.789786061637407,0.06396659978006691,45.313571370230775,14.195876249410297
Sichuan Province,665,genextreme,0.17475622205147323,83.64496472047836,21.05576274553243,0.07098175688700295,46.150408462935275,13.71710652758406
Sichuan Province,666,genextreme,0.19566705748670568,84.60577834081258,21.091441491229617,0.08071175282342524,46.849397330765626,14.176840137433055
Sichuan Province,667,genextreme,0.10068341094364133,83.90741612691502,20.444756223805754,0.09583024562938033,44.8051371251473,13.340149836794076
Sichuan Province,668,genextreme,0.17284133323356993,84.8209309929749,22.059714761498185,0.10717404932361156,46.24021264986743,14.892265159457766
Sichuan Province,669,genextreme,0.15328165384855508,84.10566466247792,22.025449588863445,0.019137832208133927,44.78726580688027,13.066053400697779
Sichuan Province,670,genextreme,0.10919967956908752,84.87484312587725,21.63855348148837,0.11767329449863242,45.494004813599105,12.75894475812008
Sichuan Province,671,genextreme,0.1326630830460911,85.60434063562663,20.720312527352863,0.09625736077924105,44.9956016571238,13.216147961211906
Sichuan Province,672,genextreme,0.1267746223019924,84.71893303509313,20.49858872572026,0.07079478176794868,44.46623728151057,13.314494260401368
Sichuan Province,673,genextreme,0.11090947096851224,84.58246596726588,20.73730846551625,0.09538539960039519,46.95833649673134,13.606960560794679
Sichuan Province,674,genextreme,0.2162010858721446,86.01430134875343,21.392319826668334,0.12106078475780184,46.25027388406128,14.520666410515993
Sichuan Province,675,genextreme,0.14417141441641468,85.2543482414263,21.710384660685285,0.06961104316765983,46.85084525703193,14.389493019767059
Sichuan Province,676,genextreme,0.1339786192507933,84.005993290733,21.17675272950222,0.05235045155080342,45.82929497521076,14.56957717048336
Sichuan Province,677,genextreme,0.15224185188742806,85.1449987005536,20.957408294761755,0.04066852726277671,45.3718773449793,13.891723109678779
Sichuan Province,678,genextreme,0.16067630461136276,81.53701262373525,21.438268262133636,0.022051632277519783,44.58963282774741,13.007376333387679
Sichuan Province,679,genextreme,0.14523399142272383,85.10542915052282,21.364188948397036,0.1458133979550601,44.90684716831896,14.175595281358163
Sichuan Province,680,genextreme,0.0720516251286206,81.90786790579077,20.09076998899917,0.048152900245379715,44.28626716031242,13.70084307713698
Sichuan Province,681,genextreme,0.11808729649253427,83.09331411510301,22.032451106556813,0.045172721753141284,45.84595938764889,13.790976327560212
Sichuan Province,682,genextreme,0.1972760000549868,85.08094428507593,22.315508970087016,0.038896702055266116,43.451215378958224,13.203610525853065
Sichuan Province,683,genextreme,0.11893831485764397,82.61433633933598,20.85670026377459,0.020420833276755077,44.310451318292934,12.581306603204691
Sichuan Province,684,genextreme,0.1573196002813591,85.23054707399145,20.821889220433082,0.043316459980636435,46.34842423493201,13.795617034473016
Sichuan Province,685,genextreme,0.12950191127750454,84.47039194873824,22.47055536481515,0.11565028219241433,44.9452730945537,13.619376861341784
Sichuan Province,686,genextreme,0.11446178019291986,83.2788826010285,21.638711097564375,0.015780970603115105,44.62004486536442,13.343196407421754
Sichuan Province,687,genextreme,0.10467224656401226,83.04808524189016,21.869846896136252,0.06821119931984101,45.481788187795374,13.791054975386054
Sichuan Province,688,genextreme,0.1597981570810037,85.13874468399126,22.33013735892348,0.13638489642020063,45.60501456480847,14.50970832858089
Sichuan Province,689,genextreme,0.13110274077050327,84.76607204776496,21.332271588182493,0.12745808996048288,46.352396503837255,13.544325716794177
Sichuan Province,690,genextreme,0.13303846747931963,85.38335374362867,21.603643822186307,0.08141846020575069,45.17843716928611,14.220448801463409
Sichuan Province,691,genextreme,0.16496107999792498,85.20963895068638,20.88201761308855,0.06511452153061997,45.22629603111878,12.752994988856548
Sichuan Province,692,genextreme,0.1356452808217974,85.76986742370197,20.276329187137904,0.07149228436142599,44.79562273027138,13.866438805062769
Sichuan Province,693,genextreme,0.16277112408634659,83.1625723648813,20.918463467801583,0.065995394301509,44.677420673938585,13.72533263604834
Sichuan Province,694,genextreme,0.1363457397287175,83.53243359849401,21.59961404589258,0.05053324930517228,45.08742136346631,13.429807733740674
Sichuan Province,695,genextreme,0.13638501266241743,84.66385964072835,20.8923363935184,0.035979828691362736,44.30232763127876,13.577023737293967
Sichuan Province,696,genextreme,0.13350898419741047,82.88021950110772,20.39342547906118,0.06807362407750056,44.81936926716563,13.39931159629154
Sichuan Province,697,genextreme,0.15754966377449828,84.9331867063091,22.06323970649096,0.07333196636368364,43.80221387647181,13.765943204657223
Sichuan Province,698,genextreme,0.10133170421920848,82.94948861874393,19.404638491221547,0.07046845523378559,46.53520507823306,14.261413584546533
Sichuan Province,699,genextreme,0.1472798987138113,83.20044440724769,21.61405795363988,0.04603303187662865,44.09930170841341,13.251195616278213
Sichuan Province,700,genextreme,0.07989779675323122,83.10283082855142,19.9587843164687,0.08950770150882645,44.67802653810614,13.103825346115718
Sichuan Province,701,genextreme,-3.521752336788839,33.25256193767011,3.4639424514835184,0.09109630608395308,45.12155865368827,14.649288639232278
Sichuan Province,702,genextreme,0.15065213130803323,85.03512782708128,21.89912998055832,0.029583036263929587,46.39067292592907,12.603325534878945
Sichuan Province,703,genextreme,0.12630357595396535,84.71686983460611,20.38452735261364,0.10648250673576821,45.61844150038624,13.314168630152158
Sichuan Province,704,genextreme,0.2173187608431097,83.1789156763365,21.872473111447235,0.08637978692678161,45.216756994903676,14.078377778546836
Sichuan Province,705,genextreme,0.13524388369345886,83.4995057627421,19.83007958814153,0.10788173130575349,45.043254939805706,14.039928637436109
Sichuan Province,706,genextreme,0.11698813829751858,80.93582649994894,20.332071942663987,0.09625588140831812,44.88997412506353,13.109593222178106
Sichuan Province,707,genextreme,0.11237837660017055,82.59139518606327,21.102762697907867,0.08387367453436179,46.01325359621951,13.823187211293483
Sichuan Province,708,genextreme,0.14571714949007517,82.87582956710972,21.309076933905303,0.06742395696350323,47.43297179127797,13.58735416565191
Sichuan Province,709,genextreme,0.11969831612336121,83.37972659122497,21.109165674861412,0.04977849914466765,45.700738328359165,12.253018135047084
Sichuan Province,710,genextreme,0.15800214599772217,83.82886685304355,21.377624253882544,0.0071945129226947055,45.16296794503464,12.95970984806856
Sichuan Province,711,genextreme,0.1285267656319175,83.94482550182741,21.192409801176176,0.0698118089061544,46.78912102593798,13.431028893373341
Sichuan Province,712,genextreme,0.13465812823244705,84.42617020743609,20.846404258417444,0.08368678665814891,45.10331140407129,13.984020306922293
Sichuan Province,713,genextreme,0.1226491988873048,83.88117205921793,20.582833665792762,0.07140304026788799,45.267737529741076,13.558113515170376
Sichuan Province,714,genextreme,0.18777369707088265,83.89194015803626,22.504868397905106,0.08699434404137862,45.59722054111957,13.796786593425036
Sichuan Province,715,genextreme,0.1444140412230865,83.86128009306479,22.18785998838588,0.11648438217371282,45.63523960505096,14.17202993592953
Sichuan Province,716,genextreme,0.17368688673041022,84.48509214324329,22.015174789840103,0.06645636214096265,45.01238728115598,13.853131344520818
Sichuan Province,717,genextreme,0.1380013339082229,84.82579910620689,21.687054408969875,0.02546273396445476,45.00015550682447,12.894410613539794
Sichuan Province,718,genextreme,0.13972265903584774,84.09024350913,20.133218603332985,0.09940858189768328,45.54490513093001,13.612897601576151
Sichuan Province,719,genextreme,0.11674753038280383,84.79418265939472,21.094336070123013,0.08044534484342813,45.87542348203446,14.336336717501576
Sichuan Province,720,genextreme,0.11581968325978115,82.48886655205885,20.806669598728362,0.052392379662541386,44.4098551533058,13.131437340716081
Sichuan Province,721,genextreme,0.14504256466266918,83.87695959220079,21.95420667105433,0.043808533417778656,45.68618131705993,13.576290010940898
Sichuan Province,722,genextreme,0.18256912694128719,82.63923970748033,21.98979948007577,0.12587340377690004,45.62204740625637,13.8726243297399
Sichuan Province,723,genextreme,0.14351308300310667,83.95075724703153,19.72209030931264,0.05532283267030415,44.95895478617688,14.479418251406651
Sichuan Province,724,genextreme,0.11727089477326998,83.40181046685163,20.583799625168044,0.017095745907342967,44.3108577968076,12.777344868202768
Sichuan Province,725,genextreme,0.182040184399258,85.62427741977177,22.304936680128154,0.04696937071354346,44.336506825389776,12.802931086517734
Sichuan Province,726,genextreme,0.13477167116259436,85.11171936052075,20.728711272295254,0.06940771222401507,44.388781273402586,12.523021134693028
Sichuan Province,727,genextreme,0.20236103898570806,85.64411530929965,21.51753244373527,0.08492649254770317,44.89810472554815,13.42618467686522
Sichuan Province,728,genextreme,0.15283146815668136,84.21027038141497,21.800022370756757,0.07297635998448118,46.08817788313165,13.274318236512496
Sichuan Province,729,genextreme,0.11588085078025373,83.50241489376964,21.093600801784014,0.10686468749845203,45.853884841958035,13.770027119748562
Sichuan Province,730,genextreme,0.13952402368661665,83.57969370776473,20.286451109856273,0.10431016069705284,45.20372272381961,13.619617193895703
Sichuan Province,731,genextreme,0.2177121632677724,83.20144057211144,22.465982880451364,0.1095509165394686,45.34232890793368,13.924366766722642
Sichuan Province,732,genextreme,0.1484661988114867,84.32159443741124,22.019093572498523,0.09032797012577089,46.3000685377492,13.25810055005234
Sichuan Province,733,genextreme,0.19219551581438626,84.55743107377197,21.07859470234085,0.12705518477880579,45.97118541804225,13.815315368959709
Sichuan Province,734,genextreme,0.14814449859378742,84.26287621907105,21.04207708402074,0.05082524251114341,45.20322147597878,13.550887433982222
Sichuan Province,735,genextreme,0.13508654453055619,83.28957442437613,21.094303880956744,0.04306045348452702,46.14473352797869,13.552014319863863
Sichuan Province,736,genextreme,0.16999904273333266,84.62867764910422,20.950566611347384,0.06322168209711712,45.91723720138751,13.774666078470782
Sichuan Province,737,genextreme,0.11853060283289574,84.0763028274606,21.595088250752156,0.05048962323085773,44.65339176720825,14.024839345216286
Sichuan Province,738,genextreme,0.10450129739876197,82.30226763167967,20.97831803674207,0.008409646330372632,44.45886094245235,13.568982538202842
Sichuan Province,739,genextreme,0.14536380769413926,83.18151687208862,21.849442008765315,0.10316144377208017,45.80563579755261,13.443393307134027
Sichuan Province,740,genextreme,0.10662090534251298,83.76715195523863,20.59127114377705,0.08972086468703133,45.12063658724074,13.981038243553469
Sichuan Province,741,genextreme,0.12973915506131212,83.64829399445861,22.348449774972345,0.0064302713306992314,45.27031231284582,13.432326824549769
Sichuan Province,742,genextreme,0.13019750223248178,83.92317618645517,20.320151285579996,0.06946115189820691,45.644737409023584,13.972706223646753
Sichuan Province,743,genextreme,0.14418543117714785,84.6475059080394,22.393662962553712,0.06839470464462333,44.688431737871895,13.344917975380369
Sichuan Province,744,genextreme,0.13591597838297256,84.00371783117444,21.528940461295804,0.07929913719932308,45.93737860417139,13.334338401307868
Sichuan Province,745,genextreme,0.11641482300841785,83.43797272651335,21.394029292807424,0.09833934928271872,44.62727549325959,13.344933758820556
Sichuan Province,746,genextreme,0.14564744579525962,83.33207473563392,22.289916364984173,0.12549526455123097,46.500129821172166,14.117577949532484
Sichuan Province,747,genextreme,0.21877825276171037,84.56523596890823,21.78764384814175,0.1241011170847437,45.1241170568733,14.120144306478908
Sichuan Province,748,genextreme,0.11548237620353806,84.05986673766884,20.63801765913623,0.06473283417633796,45.036816241773266,13.25699087463872
Sichuan Province,749,genextreme,0.1076404304147352,82.86151418062744,20.447931334333564,0.11159667655965627,45.9087099282915,14.208512094877154
Sichuan Province,750,genextreme,0.1866921747031477,84.45536223187818,21.071554854461635,0.03752323865106015,44.25394047600443,13.46691509914799
Sichuan Province,751,genextreme,0.14450418257429004,83.64403142958258,21.79574951032791,0.12004601705689663,46.10623002254335,13.925890225085041
Sichuan Province,752,genextreme,0.15185067374211203,83.09448012418719,21.492913980928336,0.07612814590581363,46.17931618388644,14.090647602036427
Sichuan Province,753,genextreme,0.14301622362849736,83.86186824584786,21.67283691248469,0.05796171838446114,44.45173496434906,12.824321727437175
Sichuan Province,754,genextreme,0.1513176824440688,86.24562784876647,20.68278259573701,0.0965915519987719,45.44340350002797,14.06411203855644
Sichuan Province,755,genextreme,0.15870363234611007,85.91310782173092,22.187202955106443,0.06757165115997602,45.23323172922393,14.029363054537338
Sichuan Province,756,genextreme,0.1349599794299683,85.14551831639321,20.7475614306619,0.10649413894151613,46.62829454750067,14.258494014026066
Sichuan Province,757,genextreme,0.11220692057423168,84.54171938919231,21.31868029303353,0.07312359840103794,45.092419844036556,13.889113083013392
Sichuan Province,758,genextreme,0.1525749057051875,83.40762800333296,20.907743296919904,0.11512596366082808,46.405513950536985,13.869324627988439
Sichuan Province,759,genextreme,0.10514004608972773,84.29944749621262,22.251432942168957,0.10329965366701017,45.14801294713519,13.890220718254447
Sichuan Province,760,genextreme,0.1617862735545355,83.99036849408789,21.909638272932696,0.01497946447785088,44.91203117537008,12.868839794372878
Sichuan Province,761,genextreme,0.13430309645570948,85.44776346278485,21.917811898816254,0.06900749730564867,46.133140563529366,14.388100772920774
Sichuan Province,762,genextreme,0.09534182403222077,83.35169856262291,20.541140614863345,0.10791204434043189,44.592669287849674,14.239036588168904
Sichuan Province,763,genextreme,0.10694856238704392,83.56384648435372,20.419038629325392,0.13978097825780472,45.552910353093985,13.366961787085575
Sichuan Province,764,genextreme,0.15966619593525944,84.59296384183041,22.385545780664014,0.021125817488676653,45.03026975233649,13.681246925566004
Sichuan Province,765,genextreme,0.12034987917653822,84.20147108131029,20.382658075107614,0.0851534668401046,46.70311659024722,13.493445284685269
Sichuan Province,766,genextreme,0.09728416561692282,83.35330719044714,19.45734081076086,0.07551050427579223,45.834212422218116,14.753416998532568
Sichuan Province,767,genextreme,0.1368575646865436,84.51494709600361,22.049342588630033,0.08917508416627662,45.359493285536146,13.70450261385006
Sichuan Province,768,genextreme,0.11479503156451867,84.85624194682751,20.585380543554084,0.08491049668657802,45.68061333171343,13.72326586102458
Sichuan Province,769,genextreme,0.14574131503175616,84.99401356501576,21.90008900086125,0.11849364798573667,45.7794535889537,13.909939078196878
Sichuan Province,770,genextreme,0.17551535939059315,85.02665641215586,21.92564487473483,0.10930100132482007,46.073560572102245,13.554827208956118
Sichuan Province,771,genextreme,0.13893352576233237,83.85413982142875,21.318693778467292,0.04795700710650851,46.00764367153123,14.249173507090916
Sichuan Province,772,genextreme,0.14898263734121442,82.67949924721879,22.534686048317486,0.10331305349970599,45.31852518569623,13.472922569322135
Sichuan Province,773,genextreme,0.13138119642969887,85.06008833180607,21.52951936093603,0.07936913012080449,44.84409272265178,13.100756833433994
Sichuan Province,774,genextreme,0.13107331769036412,84.50083241846608,20.969799921295753,0.07331089784293279,45.80763796711518,13.656207083918348
Sichuan Province,775,genextreme,0.14385194206819701,84.53255516564496,20.23395294091697,0.1001693730354214,46.24840557893843,13.531839700884127
Sichuan Province,776,genextreme,0.13954173442321566,84.09321909415628,21.656327111138683,0.09850114998104344,45.417132137603545,13.6744888721967
Sichuan Province,777,genextreme,0.15292082770064072,83.79521250348347,22.48925025253471,0.07514781651543069,45.908407451683075,13.393342057583794
Sichuan Province,778,genextreme,0.13589231704839705,84.46725018071845,22.095395269045042,0.08278844321280907,45.75116784178246,13.918856032515706
Sichuan Province,779,genextreme,0.12829880635613589,84.27810671615828,23.052313670324267,0.13355136373279652,46.89519313093119,14.274039618595523
Sichuan Province,780,genextreme,0.14471807286164018,85.71591781110328,21.648869865556286,0.08918622360421546,45.3139432979803,13.182791684007608
Sichuan Province,781,genextreme,0.13203770677965432,84.78479704499807,20.78811292069778,0.07867127555641959,45.849312397181535,13.807002422704539
Sichuan Province,782,genextreme,0.13059775148680502,84.38068715462063,20.732540264622433,0.08444461427626146,45.48410059852864,13.873699776831959
Sichuan Province,783,genextreme,0.11172648909869244,82.87404207338254,20.32318135197208,0.08673337059859765,46.14920785598555,13.310314696018224
Sichuan Province,784,genextreme,0.14242795342762937,83.9789382134365,20.30984276427825,0.07330648571887663,44.53480431645932,13.639849133264669
Sichuan Province,785,genextreme,0.3593583392428281,89.2290536385322,35.22111217103961,0.07978749190617052,45.306831997194024,13.506350677382661
Sichuan Province,786,genextreme,0.09488776794558534,83.50026291428757,20.338260240341818,0.08079037277078677,46.2051362036911,13.693131492086343
Sichuan Province,787,genextreme,0.11194112088649877,82.759524272932,20.477618804996304,0.08119878917935841,45.984978787086156,13.754720285778294
Sichuan Province,788,genextreme,0.12076175841777309,84.13157941280345,21.351437977636003,0.051800649376607964,45.655916163766776,13.714487591972812
Sichuan Province,789,genextreme,0.12079886862517489,84.0488570866103,20.97503970452476,0.0963812632124009,46.346928596931996,13.94394256227472
Sichuan Province,790,genextreme,0.14076879833892775,82.41131778333369,20.68278435392557,0.10944769470119939,45.677418249778285,14.000674633368657
Sichuan Province,791,genextreme,0.15185648479451438,84.37696218707589,21.056524091142098,0.08325298004404265,46.03011207463594,14.22150019568219
Sichuan Province,792,genextreme,0.15356218221563972,83.37000845695223,20.4850197163128,0.09447037069977564,45.313676410264776,13.51951957943391
Sichuan Province,793,genextreme,0.16327848412264595,82.82039799036056,21.35941934853569,0.07595543088785806,45.357653471423575,13.690865670364957
Sichuan Province,794,genextreme,0.17102702537124437,83.92614681691005,22.121057764584265,0.11367248713848468,46.27743496722243,14.345807414668105
Sichuan Province,795,genextreme,0.13579998281489114,84.99701769355661,21.52089978347669,0.10132441206899015,45.23459312005129,13.319161698239693
Sichuan Province,796,genextreme,0.19848793568245265,84.46381543447077,21.822386151431683,0.04412940804505025,45.43588985364498,13.619353932863504
Sichuan Province,797,genextreme,0.13910843861419542,84.14673931672297,21.821144169064816,0.09031759743537726,46.37820179866722,14.326748272026009
Sichuan Province,798,genextreme,0.15152443945858302,84.01831376965396,21.7588534557687,0.1107713444517554,46.30442167342453,14.267052622571288
Sichuan Province,799,genextreme,0.15132728564422132,87.07052376686379,22.034446987104246,0.050664454620648766,44.56417903652663,13.000320302702322
Sichuan Province,800,genextreme,0.14513792599121172,85.68492046128966,22.50492331106669,0.1016980972496863,46.10895069183866,13.433054784597191
Sichuan Province,801,genextreme,0.12496212223963468,85.14038686615736,21.457961805118877,0.06711566201685881,44.771115221167896,13.762270313728603
Sichuan Province,802,genextreme,0.16883382011253098,85.30017925891653,21.46529374713794,0.04081490732984768,45.57339876304337,13.848267234961884
Sichuan Province,803,genextreme,0.16121680770097835,85.21841346961779,21.49111826422307,0.11090553598013142,45.22696820158784,13.257175729902263
Sichuan Province,804,genextreme,0.12794077323854608,82.28192963414276,20.068372501288366,0.09471804875248585,46.747202870570206,13.712800544131685
Sichuan Province,805,genextreme,0.09877562795384215,82.30959808173381,20.876834781816868,0.032510693270097785,45.9419221860578,13.716310180160832
Sichuan Province,806,genextreme,0.13402129333798535,85.31719541150132,19.517955183898472,0.08219702978536587,45.33376368668269,13.53141855210639
Sichuan Province,807,genextreme,0.12613918055887263,83.60397961337281,21.377255666592255,0.04759562516194461,46.250224585543066,14.143696350424925
Sichuan Province,808,genextreme,0.12992230596503976,82.590033424871,21.234894862915315,0.06615051974208436,45.28359636814565,12.875933426322923
Sichuan Province,809,genextreme,0.12244097389650616,84.20797236609995,21.143899934064667,0.051653723695055026,45.498941922989474,13.202070431479628
Sichuan Province,810,genextreme,0.1567022137276166,84.50858714314882,22.721881041590457,0.14383384391688495,45.388351211186645,13.705849813553375
Sichuan Province,811,genextreme,0.14411048647827962,83.32893493262836,21.816483142395697,0.031045837687522167,44.25663858690939,13.030154718969676
Sichuan Province,812,genextreme,0.1939177961088452,85.51460056520075,20.6617788081062,0.09972045745310769,44.8688965393806,13.927261164536148
Sichuan Province,813,genextreme,0.19225510686814,84.97273238671465,21.529272626316782,0.04417460792799739,44.577771899264704,12.767131722148122
Sichuan Province,814,genextreme,0.12012631519895664,83.82746085006258,20.528454376309853,0.08653200809049418,45.10248187511133,14.468336877960605
Sichuan Province,815,genextreme,0.11096218259917603,84.62636969597006,20.67626463925356,0.02041951675434972,44.494281677169276,12.746340340941511
Sichuan Province,816,genextreme,0.12450412068954045,83.64956281477441,21.638627390982194,0.056351522873089435,45.703453165909885,12.380115635286469
Sichuan Province,817,genextreme,0.14837934062294497,85.70009325365004,22.84127150850875,0.08844088130511549,44.69670675405263,13.17471009351748
Sichuan Province,818,genextreme,0.16156035044626588,85.06168483838542,23.59682858338107,0.13253549415462518,45.79103894020703,14.051602358160466
Sichuan Province,819,genextreme,0.13642439021596642,84.59096737376404,20.905381060908823,0.10705658466165134,46.52525472018009,13.47749684456975
Sichuan Province,820,genextreme,0.13392635994513424,85.2103483024902,20.86100162022879,0.0940017004820716,46.394963367182044,13.307760414536219
Sichuan Province,821,genextreme,0.09688717556074179,83.81528750296779,20.51552954400936,0.10394326570139191,44.551742254218354,13.095313764034046
Sichuan Province,822,genextreme,0.16711729326312635,83.92475574284049,20.557031296296685,0.11177272414044054,46.58587588060264,13.541137044414079
Sichuan Province,823,genextreme,0.11945036352323729,84.26311756714836,21.45876179346037,0.02001008046491642,44.49291391415714,12.926237682274582
Sichuan Province,824,genextreme,0.10834204752789289,84.55808541760666,21.263008899301887,0.0534519511947644,44.659379321558326,13.161062922720156
Sichuan Province,825,genextreme,0.13856818608174354,83.7253646780453,21.145734476538593,0.07964174031440935,45.51971744657871,14.093608056060514
Sichuan Province,826,genextreme,0.13714682539141998,82.44792796402376,20.584534108568242,0.10103887862834837,45.3184443297681,13.196430068309104
Sichuan Province,827,genextreme,0.17449597278064333,83.91769822464366,22.765303679708182,0.10024920400905937,45.33272403069612,14.245392716623476
Sichuan Province,828,genextreme,0.16529302638059362,84.23759230962008,21.47898166442009,0.0950499168247723,45.96708358142256,13.87333786392095
Sichuan Province,829,genextreme,0.12169243798225121,81.88894621391194,19.802908350196766,0.07399065039778274,45.60047949807388,13.570441856397021
Sichuan Province,830,genextreme,0.1594602032168616,85.13664122857381,22.565958648773954,0.10018384255847901,45.076277897421605,14.55405771570662
Sichuan Province,831,genextreme,0.16680516592621078,84.37901291493458,22.33891442234311,0.055175233072729105,45.42623998923794,13.21691240671161
Sichuan Province,832,genextreme,0.1711910803233217,84.34913800067754,22.095919827677868,0.06871379651891585,45.72819274872879,13.246705704435236
Sichuan Province,833,genextreme,0.13360022654548315,83.76893519013622,20.922397933983845,0.04710519626169079,46.06798444810212,13.338781538709245
Sichuan Province,834,genextreme,0.12288219498706243,83.33545314871844,21.311221190395784,0.026310464155652136,44.41751062368193,12.89941037593005
Sichuan Province,835,genextreme,0.1776311235102807,84.25220597211029,23.303594173303217,0.11721431824377326,46.40631750617381,13.086622011423273
Sichuan Province,836,genextreme,0.16949229754665568,85.7589829316,22.014055245263435,0.11790321235998646,46.06249221650721,13.788289410373975
Sichuan Province,837,genextreme,0.1482945233422786,83.38158512730396,20.212575194984787,0.14670679794515434,46.01097908354719,14.476393598150777
Sichuan Province,838,genextreme,0.12977649217712417,83.26799503251617,21.49109769807925,0.12821257863240898,46.91358183133384,14.00756840616513
Sichuan Province,839,genextreme,0.12628731278488933,84.49729075090616,22.327830878671236,0.01976840638259414,44.36833677636117,12.75690614572268
Sichuan Province,840,genextreme,0.13965715526756,83.39191281687374,21.249871446121027,0.06654782028980072,45.25592827157284,13.940829430875027
Sichuan Province,841,genextreme,0.14734796649822646,85.09395925650766,21.218561769310767,0.06584481062579939,44.738817673768565,14.20863167546312
Sichuan Province,842,genextreme,0.16026373225821444,82.80667332586995,21.77327156342362,0.04422720269746462,45.115304930111236,13.119887047515212
Sichuan Province,843,genextreme,0.11858329289238773,84.29134835064343,21.023412887379585,0.06912584155665072,45.62245949680612,12.749327884665572
Sichuan Province,844,genextreme,0.10955566986086701,82.87992512293862,21.58587487397388,0.050790406824942666,45.38525370261593,13.664060349645823
Sichuan Province,845,genextreme,0.09426132232464011,82.37597885793352,19.749672554384,0.10186298941055838,45.795450121588445,13.704239042755358
Sichuan Province,846,genextreme,0.15448498901065116,84.63619101311109,22.092812109812048,0.06304345525475735,45.66532788000808,13.22634241891263
Sichuan Province,847,genextreme,0.17767429625541242,84.51794616508693,21.542062214588256,0.12097099370650541,46.00488501066573,14.270544254875668
Sichuan Province,848,genextreme,0.1637879419839083,83.81887347951618,21.59686148481653,0.09905296400204577,45.32449410986976,13.686763636273426
Sichuan Province,849,genextreme,0.15483684902462078,85.06521409108336,21.717721670379674,0.11145137076184863,45.399907300575606,14.355068262786217
Sichuan Province,850,genextreme,0.0977292201095308,82.82617210664372,20.74456701384654,0.09458014655317268,44.964227826448194,13.641500681319062
Sichuan Province,851,genextreme,0.13401380835425003,83.75802596107096,20.890879525551284,0.04759469549871376,45.736451139243016,13.00722048039753
Sichuan Province,852,genextreme,0.18267724528851348,83.86462190855015,21.466266670636116,0.08468949106150911,46.1266335480657,13.51860972628403
Sichuan Province,853,genextreme,0.10236909958633716,83.53351839515986,21.047980605150002,0.05095350552143993,45.62006918744673,14.08766648661902
Sichuan Province,854,genextreme,0.16447226460021475,85.28702803508855,20.584373990294672,0.02523804452953661,44.709661965712584,13.123899244311959
Sichuan Province,855,genextreme,0.14699276725600902,84.33382567464153,22.07532503057834,0.11647276641110839,45.591854655204266,13.250323017061893
Sichuan Province,856,genextreme,0.1623216785560712,83.54736290621972,22.44645193084679,0.03293310448427002,45.592977363432595,13.145478366296365
Sichuan Province,857,genextreme,0.12010638726559666,82.24000542532823,19.6722788815067,0.022241173091801097,44.661505808074025,13.186615388892147
Sichuan Province,858,genextreme,0.14663300118869027,85.51928904246233,20.772252298993443,0.04820382156656637,45.514084054366855,14.050096917769665
Sichuan Province,859,genextreme,0.17978965536048497,85.66931422760723,21.42405519365028,0.08677391581869437,45.98047810235707,13.465361778582466
Sichuan Province,860,genextreme,0.15803513053691767,86.43526098923076,21.37433686909027,0.07333518674960299,45.80119239068537,13.340439464901397
Sichuan Province,861,genextreme,0.1472091111864504,84.67137779315402,21.75691631820662,0.09957278311313797,45.01895638026187,13.720984820018089
Sichuan Province,862,genextreme,0.08503670115851222,84.02874228626067,20.029348822706517,0.12369584035286882,45.840698267902596,13.890726871985144
Sichuan Province,863,genextreme,0.2799459342543196,89.36509101224635,26.666875458963403,0.03795005015627022,45.08656036622627,14.38227018364079
Sichuan Province,864,genextreme,0.09658944572121399,85.06324762348063,20.01085623749486,0.06764070176860443,45.78852229496984,14.07906659090679
Sichuan Province,865,genextreme,0.1315228854373664,83.96533556108167,21.488827202629277,0.07553992838036513,45.976576922656236,13.766206552538613
Sichuan Province,866,genextreme,0.17353756105018478,83.74470420493535,22.041193491583194,0.06938553194816521,45.357428478578996,13.531231115598507
Sichuan Province,867,genextreme,0.09899868277103192,83.22140169833848,21.212370157509874,0.07114930121566485,45.6132865704257,13.705983210474702
Sichuan Province,868,genextreme,0.11244176546279833,84.26032202581314,20.980307047959762,0.10655662268544716,44.275060032022424,13.368775745099658
Sichuan Province,869,genextreme,0.15815761354007996,82.93187483554178,22.413748887671197,0.07631655169831392,45.68520191316884,13.555644359137375
Sichuan Province,870,genextreme,0.13960172462221512,82.17796062275549,21.514050800478188,0.1106957530708178,45.4232849504327,13.497257959168373
Sichuan Province,871,genextreme,0.09457527865025028,83.59486533593909,21.268425833486823,0.1408447952168626,46.23975248294825,13.700168492693406
Sichuan Province,872,genextreme,0.13846680618072554,83.87893856942114,22.00951885859106,0.04196810357666343,46.15439492332557,13.14760470667375
Sichuan Province,873,genextreme,0.17671049099516428,84.6611121676095,21.152739615287175,0.12236068733862616,46.242578711486,14.037022524704867
Sichuan Province,874,genextreme,0.1565589975280765,84.36766388264603,21.461966903230092,0.07979861618337432,46.31319774495408,13.742438828211661
Sichuan Province,875,genextreme,0.1650255721053597,85.47706170695287,22.20683318177362,0.11374473003935756,46.61223762667762,13.40402936588686
Sichuan Province,876,genextreme,0.09415530825336912,83.88625220790996,21.743319455728845,0.1297253638162385,45.80102645297954,14.325899233533331
Sichuan Province,877,genextreme,0.1515085043822851,83.23488550563269,21.50112465453032,0.12270357935812758,44.318717267829854,13.060063403483571
Sichuan Province,878,genextreme,0.13373307126630452,83.65538067925107,20.80357018936678,0.10833576853754272,46.31855786376046,13.43881430231433
Sichuan Province,879,genextreme,0.15530979971525297,84.15867226522116,20.349269370348388,0.10290767715262522,45.752906985915374,13.45160507191309
Sichuan Province,880,genextreme,0.11454565038029135,83.23242585750373,21.06039238292089,0.11064896967394638,44.71511508328995,13.296070460212162
Sichuan Province,881,genextreme,0.13506116551414254,81.75677976094838,20.92952293621094,0.09666449315840661,45.02572944896025,13.530348376315363
Sichuan Province,882,genextreme,0.13720258671511726,84.9776909678226,21.57226565949282,0.07231166491935992,44.960079374390176,12.94770063404109
Sichuan Province,883,genextreme,0.14172077675632733,84.49968931012236,20.775273454330666,0.08777219039960335,45.81458396803606,13.912794895110997
Sichuan Province,884,genextreme,0.28622228059621047,86.37622421824659,22.911721809770363,0.0768837122452121,45.82167371358781,12.851110978850782
Sichuan Province,885,genextreme,0.18847430921838265,84.60378638734781,22.171560193153077,0.056337281372135166,45.5771189562796,13.392887487555129
Sichuan Province,886,genextreme,0.16315905843521966,85.501440147707,22.299157255012393,0.07293210240020746,45.52867032971497,13.373641945822861
Sichuan Province,887,genextreme,0.09129095973248333,85.87154955790679,21.468449295687833,0.06938757726595313,45.59155268085303,13.227072743560507
Sichuan Province,888,genextreme,0.1336722083790258,84.89526613459306,20.891999397281754,0.11821173590494427,44.988406701810675,14.223405328004397
Sichuan Province,889,genextreme,0.15480351430409725,83.71128685917716,22.224907813991457,0.08256574300510625,46.20182902801558,13.635591988452006
Sichuan Province,890,genextreme,0.15171290594141973,84.00717269831941,21.65907160328799,0.08122115785787935,45.14698022866094,13.854903846817603
Sichuan Province,891,genextreme,0.14971093009209352,84.61361595695803,21.503708921670924,0.04298263607538969,44.555128420334015,13.555714432212369
Sichuan Province,892,genextreme,0.12599566610107837,83.17557960273587,21.061956612622545,0.06990751197726498,45.36779055338921,13.883967811578987
Sichuan Province,893,genextreme,0.1464478535987503,82.6952798720759,20.876063831982815,0.051677315840790855,45.41440767043531,13.223391761766683
Sichuan Province,894,genextreme,-3.564534928600077,32.39796858339707,3.233238754694728,0.08159864767890158,45.891738636259234,13.27894483888891
Sichuan Province,895,genextreme,0.1279541343816354,84.58351665375284,20.59377593843912,0.04031592499271497,45.2928763332861,13.761897063784243
Sichuan Province,896,genextreme,0.1254209425140145,84.3772836631143,22.12113657927678,0.060484104960964756,44.99533065372492,13.853705231524469
Sichuan Province,897,genextreme,0.1290678513865079,82.55249283128194,20.38507318929787,0.02507989206884257,45.46856359138948,13.701467566891914
Sichuan Province,898,genextreme,0.1407856749089807,82.74807065533136,21.87931296628262,0.037942575468182235,44.26176927574833,13.575194807977766
Sichuan Province,899,genextreme,0.13814450319876542,84.34814129997741,20.452842556114454,0.1079911525739734,45.50355718140183,13.406148930864866
Sichuan Province,900,genextreme,0.12759222135370418,84.30279382524826,21.296069734637705,0.0742153133358909,45.94058020477537,13.624883570896964
Sichuan Province,901,genextreme,0.08653447805973921,83.75773958288315,20.70741428757743,0.09131040413254626,44.81278164239974,13.548893012724847
Sichuan Province,902,genextreme,0.14833364686454822,85.03776948747696,21.31618849278078,0.0360241963194153,44.549136505217916,13.212604455223659
Sichuan Province,903,genextreme,0.1508160924707807,85.17801103269225,20.704968459524004,0.11838333060026995,45.781770058313306,12.710801562227907
Sichuan Province,904,genextreme,0.16631017639724682,83.89026174070467,22.76332948744289,0.05524026352050766,44.929124079469744,13.197673488678909
Sichuan Province,905,genextreme,0.15352515140824824,83.42640551484816,20.480438998853206,0.10039077952462946,45.90771841839447,13.37810243812958
Sichuan Province,906,genextreme,0.15640539872836492,83.4668144416517,21.82129568087405,0.06253558147331575,45.9190327090775,13.74019191951005
Sichuan Province,907,genextreme,0.11324748084521491,84.49433287505192,21.058911543737786,0.09995318698921137,46.24053493597082,13.453234475478569
Sichuan Province,908,genextreme,0.11360873356831609,84.81366382104326,21.664963819038885,0.1025463268135516,46.19139893331436,12.606511115659139
Sichuan Province,909,genextreme,0.09455328447866787,83.28206916578537,20.39358925989504,0.13227328480129324,46.362645956741034,13.883087328103066
Sichuan Province,910,genextreme,0.12870019505397573,84.08965024148563,21.618530553069537,0.09321826229061042,45.172092425037214,12.962399889246711
Sichuan Province,911,genextreme,0.10385253712320422,83.31377621406992,20.04532989820736,0.07403229360861599,44.90026007303054,13.672436646323625
Sichuan Province,912,genextreme,0.13383363111290555,84.65306397370375,21.01662081693129,0.06799264322831461,45.61364806103538,13.639342905470308
Sichuan Province,913,genextreme,0.15915528278077098,83.98879820308697,21.285119383184153,0.0895384203323481,46.1631527520764,13.763318315781204
Sichuan Province,914,genextreme,0.10909326123644707,83.19915029480228,20.806556761246483,0.06782707690177082,46.15529216075571,13.105758876297717
Sichuan Province,915,genextreme,0.14860179643554097,85.87335630050126,21.397355754676894,0.10291172331470208,44.855737087737204,13.002930829579132
Sichuan Province,916,genextreme,0.1402825311487822,84.54924715168453,21.398634406817433,0.09681306753858798,45.07784731078854,14.06006142968915
Sichuan Province,917,genextreme,0.10923752150777472,83.74449105334766,22.138786327612763,0.03466593142164137,45.1230242251147,13.219106587507625
Sichuan Province,918,genextreme,0.14180512848987564,86.03256566120828,19.871784089418405,0.09259375717994958,45.52397413447663,13.439110517030429
Sichuan Province,919,genextreme,0.12269321848914165,83.2578724675717,21.210219411717596,0.07551202537707999,44.1683476405522,13.939553287391497
Sichuan Province,920,genextreme,0.12336928318148807,83.12002304638546,20.257414956901265,0.08677909071972335,45.59025229748846,14.172637696300047
Sichuan Province,921,genextreme,0.1375608591641663,83.40525416622867,21.718613352812284,0.07606820443908996,44.90861491714291,13.396638075681778
Sichuan Province,922,genextreme,0.11375595888025149,84.13655725506518,21.26598501116755,0.11042714918381757,45.347728893927396,13.375137807102467
Sichuan Province,923,genextreme,0.11992771656591207,82.75119058675426,21.285682631808584,0.08652605279368111,44.54359731969798,13.198171368618983
Sichuan Province,924,genextreme,0.14934891447151183,85.37155203942922,22.373874072881595,0.0573787040799189,46.18487917588874,13.977787825140869
Sichuan Province,925,genextreme,0.1633474288721436,82.84468190972035,22.03511503757546,0.06311050746731994,44.631327551626434,14.10472577091221
Sichuan Province,926,genextreme,0.18710996153544165,84.28144380389142,20.909554644423295,0.1253541505914439,46.7648624364451,14.066220654205074
Sichuan Province,927,genextreme,0.10508521791831132,84.68794078024642,21.489390377367876,0.07123229088258715,45.34648411357656,14.715533526515898
Sichuan Province,928,genextreme,0.18495762070482064,85.86165762870169,21.318436900334568,0.06878208159757798,45.65394722335962,13.82877596303309
Sichuan Province,929,genextreme,0.1266672526029362,82.64875005025628,20.63802749288362,0.10746831671185064,46.704816087788316,14.407992202037367
Sichuan Province,930,genextreme,0.10482720107070932,83.39567172318945,20.646319777366294,0.11678706320276666,46.000853111092496,13.708664520964518
Sichuan Province,931,genextreme,0.169483662945602,84.73316209817244,21.2731650898875,0.08934607076538802,46.25258592396942,13.702282886858079
Sichuan Province,932,genextreme,0.15556623476464765,83.5633379058114,20.943272211505363,0.03608328918545338,45.10745092098678,13.416261210542576
Sichuan Province,933,genextreme,0.13416071701386534,83.52836878025315,21.241970173182086,0.0630472746053829,44.433638353389796,13.311505066809023
Sichuan Province,934,genextreme,0.1635548112467684,84.39368394502841,21.86067076305215,0.10316260679379533,45.0164492517323,13.89153469172906
Sichuan Province,935,genextreme,0.15340535738279193,83.09441543159332,21.195952884222965,0.08637624676266134,46.40849582461546,13.648684405974606
Sichuan Province,936,genextreme,0.2109952655206786,84.79840125156359,22.15415673384627,0.04756213389912731,44.844870860007816,12.91684627921021
Sichuan Province,937,genextreme,0.18532505419956735,84.4872114669925,22.162713701898348,0.039702240865803914,44.63679437771009,13.685069398475449
Sichuan Province,938,genextreme,0.1262816746929707,84.26990545558405,20.17279861122778,0.06888373864077332,45.22001514921011,14.138951124326244
Sichuan Province,939,genextreme,0.16484615865956342,87.30456549794452,21.01433555263047,0.09000538874004471,45.74756552424084,13.88266936675054
Sichuan Province,940,genextreme,0.13016055108436797,83.71278001920754,21.57048520824977,0.0542670390716493,45.6689623046435,13.68932785638269
Sichuan Province,941,genextreme,0.14088507667162675,81.65745849690276,20.387026294705365,0.048389027876052634,44.74222058642333,13.327150993033591
Sichuan Province,942,genextreme,0.1362849574035983,84.19746519503498,21.066315674516837,0.08293226730834133,44.9579611772576,13.377013345820956
Sichuan Province,943,genextreme,0.13149627010030324,82.4621171090723,21.844657384260856,0.07176182094272884,45.07739315132193,13.437236276167354
Sichuan Province,944,genextreme,0.05004476192356383,83.19034945034021,20.254127778104642,0.08153212691938781,45.659570345693695,13.341353916426026
Sichuan Province,945,genextreme,0.14013972534374447,83.90151685443705,21.72756604035667,0.04507953112699487,44.83560459866997,14.183991187431083
Sichuan Province,946,genextreme,0.11256560230198212,83.06267902877143,20.81469230337602,0.11404549314839735,44.7780584865537,14.144306155252838
Sichuan Province,947,genextreme,0.18439957800785456,85.82941805958626,21.381257103228783,0.04503541200453723,45.66888409968709,13.536166948472406
Sichuan Province,948,genextreme,0.12628960094071867,83.16606950167584,20.64482533547991,0.1286766673181194,46.04189998201399,14.53499641954666
Sichuan Province,949,genextreme,0.09911900106013982,84.94513294649386,21.670661028601838,0.08016372484663414,46.573712445456216,14.031213946871707
Sichuan Province,950,genextreme,0.19663101365840077,83.05481811997933,21.202271842005647,0.06752534483842271,46.351892873486875,13.887878068871707
Sichuan Province,951,genextreme,0.17009579144527892,86.1151027377309,21.812475063477997,0.07959560879814305,45.54893187311407,14.379485765697165
Sichuan Province,952,genextreme,0.15479731513527564,83.00829860009371,20.183380461400816,0.12796697054219452,45.61581741441928,13.018483480342452
Sichuan Province,953,genextreme,0.12188040564655048,84.21889507719013,21.264549059590315,0.051902187989389385,46.02952165379568,13.753495704235661
Sichuan Province,954,genextreme,0.16279623908732632,82.61130140720644,21.824081611021015,0.06775616865649951,46.39376113342944,13.380508589314058
Sichuan Province,955,genextreme,0.14247773881561238,83.32575886185577,21.43868872147404,0.11222848865120541,46.08418562645542,14.442630863394324
Sichuan Province,956,genextreme,0.09117260227419359,83.37872192688823,20.246129861436508,0.0781818909629592,46.116044474195995,13.674345568377994
Sichuan Province,957,genextreme,0.14553677178535515,83.98066172898277,21.60379464577537,0.03672624184225658,44.455874564310655,12.959650255013479
Sichuan Province,958,genextreme,0.14968528186084795,84.0964666130318,22.053337758714697,0.08278986218287657,45.635041711041936,13.74176049740981
Sichuan Province,959,genextreme,0.14091038153715696,84.25329264566292,20.74409284002998,0.04969955044464726,45.23736407155772,13.09042124823813
Sichuan Province,960,genextreme,0.1358818779887675,83.93301011958886,20.549825139425494,0.051036711063663254,45.23772533622196,14.026985362232779
Sichuan Province,961,genextreme,0.10613885324495942,82.9452790972218,22.21970332358395,0.034769213650798214,45.63596511076942,13.952305071482805
Sichuan Province,962,genextreme,0.17094936090385393,86.48876678209439,20.842115006326093,0.0943468425997053,45.635071515015,14.30377840276014
Sichuan Province,963,genextreme,0.14228827588101398,83.23359910208654,20.26361518573112,0.16685532357277558,46.57788848532128,13.677919723115197
Sichuan Province,964,genextreme,0.12616630402915835,83.35940276007902,21.051994428270365,0.12366258736074281,45.77107001175811,13.828522739779666
Sichuan Province,965,genextreme,0.1877215967964198,84.7108834808318,21.746627780982926,0.1392120360549186,45.69913575946654,14.286080447256229
Sichuan Province,966,genextreme,0.1912775826841224,84.97247565633677,21.829590707869354,0.11095391898598969,45.46797886328342,13.494574926421922
Sichuan Province,967,genextreme,0.1539789502946775,82.87019944004857,21.8944729347555,0.10639912843136912,46.059829932295656,14.288787829521459
Sichuan Province,968,genextreme,0.13018899095197622,84.1611924075541,21.5380086650297,0.17092363193009286,47.292876961110046,14.168796420042954
Sichuan Province,969,genextreme,0.15125758113324655,85.98116229290417,20.9914134666285,0.0614474306079306,45.60998619638541,13.578861939510908
Sichuan Province,970,genextreme,0.11417838370263576,84.11010546528507,21.32345695219889,0.08179356703265545,45.95552771944024,14.617738647304968
Sichuan Province,971,genextreme,0.1304296705502781,82.89272897871257,20.47518161697856,0.1327004891314623,46.06639402246712,13.771097963889837
Sichuan Province,972,genextreme,0.10551315311240315,84.72196864731711,20.599790791333024,0.06638508065717841,45.468251478423454,13.20680280341632
Sichuan Province,973,genextreme,0.15701616482937658,84.11303708501504,22.012697493872054,0.08632972888647468,45.49664334915771,13.882641216784737
Sichuan Province,974,genextreme,0.12853676852147344,83.71983468942003,21.566694122574958,0.04523965662698572,45.31264038622386,13.84410167662919
Sichuan Province,975,genextreme,0.16542408697704983,83.91071322569599,21.199302833233155,0.059931144061474234,45.336548719528466,13.045793724944335
Sichuan Province,976,genextreme,0.20628591272851649,84.9220486616361,21.314259302809553,0.0968551563911129,45.64018329841956,14.07041653406046
Sichuan Province,977,genextreme,0.11671323400858673,83.50027045768468,21.144701898355642,0.09112522120128722,45.33140536192643,13.634782451308272
Sichuan Province,978,genextreme,0.1642854805547973,84.67798787935567,21.34191983600688,0.07574705295754407,45.49031374515559,13.06775288585726
Sichuan Province,979,genextreme,0.1334377309433345,83.71909436528092,20.8865419618324,0.0708852958945024,45.017371301633474,13.991774105637731
Sichuan Province,980,genextreme,0.18737214114151682,84.64103150895309,22.143446679021736,0.09097801337257302,46.40258443703779,13.401711925387296
Sichuan Province,981,genextreme,0.15032169112214155,84.26635596056173,21.896170793242298,0.08995184611815835,46.13308726627183,13.934565529310582
Sichuan Province,982,genextreme,0.1921318355912119,85.70053029472285,22.00176359038796,0.12687512261247805,46.21306195240939,13.942324986994397
Sichuan Province,983,genextreme,0.21535685081821299,86.32882131351931,22.967585376067646,0.0969431907330214,45.77067406016407,13.431628593071565
Sichuan Province,984,genextreme,0.15306768762178175,86.06326845648374,22.576101624100154,0.10321222981505584,45.79314805927689,14.176241031113143
Sichuan Province,985,genextreme,0.14588909491121693,82.67244973199652,20.986046339853033,0.1127756154922962,45.290312635042596,14.726536380251375
Sichuan Province,986,genextreme,0.11475461583214022,84.75273352904017,20.407579087953152,0.02151381605578731,43.945114700079316,12.929187038325262
Sichuan Province,987,genextreme,0.14781209809127357,83.79537855895725,21.110841340145868,0.07072989213204739,46.38615611398476,13.496602800571917
Sichuan Province,988,genextreme,0.15019545274088747,85.29217726106688,22.21484566411734,0.08523788172648794,45.3983225168859,13.423517256024795
Sichuan Province,989,genextreme,0.147367778936482,83.78303457780954,21.64714315223432,0.08480158980515648,45.27164597063189,13.186818749057254
Sichuan Province,990,genextreme,0.0999812270628628,82.8202031872554,21.13296621893802,0.06918443239178058,44.87897851716295,13.24351939752645
Sichuan Province,991,genextreme,0.09058511750729478,82.2023498637422,21.40937605278652,0.08946687290287034,45.38179081269472,13.686258955512255
Sichuan Province,992,genextreme,0.12114759252732785,83.6089857100055,21.84949656221004,0.07182113069882375,44.764095064136356,13.83303547691181
Sichuan Province,993,genextreme,0.12974756347144006,85.77812512069383,21.79879671210947,0.040157676960958705,45.243346593051214,14.877460641986922
Sichuan Province,994,genextreme,0.12413577314107882,83.23736364363134,21.199820069212613,0.046864757043209866,46.89393522999705,14.196650339301378
Sichuan Province,995,genextreme,0.19817064917571292,83.76142823099282,22.072206029251497,0.07871106259446672,46.21571162486549,13.250957834462223
Sichuan Province,996,genextreme,0.13902014317886435,84.68671515999472,21.864196186754384,0.04762051370076606,46.075299716423686,13.245504884346099
Sichuan Province,997,genextreme,0.13519529450573947,83.79301773844617,20.963570446562585,0.06465942440285041,44.59193308196493,13.896116156348121
Sichuan Province,998,genextreme,0.089503024757292,83.62424321700382,21.256971930893595,0.08318126813960017,45.70838441672667,13.944654129763606
Sichuan Province,999,genextreme,0.11898912092386592,83.69815208246854,19.323624795728236,0.1512601377454153,45.995859469193675,14.004495061063452
Hunan Province,0,genextreme,0.200398264748972,190.07434998175287,36.47280172605515,0.07894560168738726,110.94326401635864,27.141789931777303
Hunan Province,1,genextreme,0.22305119740250137,188.02452133420076,35.243844404549975,0.12795833665841222,111.02605257428289,27.56263855003597
Hunan Province,2,genextreme,0.22741676771130964,188.4066953635133,36.80440640727352,0.11974966605965194,111.70381821439696,26.784414972525497
Hunan Province,3,genextreme,0.24203314129200704,188.4402894824437,35.83484632563324,0.15339802224636134,111.70356381630404,26.646784110965
Hunan Province,4,genextreme,0.186341915898859,185.63121826742622,33.9516986036743,0.15305153368460786,111.92390914717396,26.47663030885498
Hunan Province,5,genextreme,0.18608605727086963,187.0469055997668,33.795707283749834,0.0845779280819858,109.97030345681532,26.50528669760299
Hunan Province,6,genextreme,0.1974826359537204,187.68920379835802,35.15301587625213,0.15325481277240305,111.55650621494311,26.884908434608114
Hunan Province,7,genextreme,0.18400605261053066,186.19956561017477,34.24527832749652,0.4221014495507771,117.34069498586649,44.47890530743439
Hunan Province,8,genextreme,0.21062735209889138,188.3768266004615,35.775979396532584,0.15208984906245715,111.70819420770135,26.774557745534914
Hunan Province,9,genextreme,0.21011252671620256,187.52801415754965,35.74440796471297,0.1025411369961236,109.52130903202948,25.483948610170913
Hunan Province,10,genextreme,0.19895571635034498,189.09020719340293,34.62888334598229,0.10531379111240191,111.61432715889515,26.372889103840013
Hunan Province,11,genextreme,0.18525895236098214,188.40059280915966,32.52377298384211,0.13477909156516335,112.60489556529171,26.596169380211897
Hunan Province,12,genextreme,0.21128257897148248,188.46800740842593,35.56065344150804,-2.8613142768071462,66.28715853702005,2.6550781202882607
Hunan Province,13,genextreme,0.2350646982000359,186.9824668456347,35.00405182752556,0.1263552945479078,112.40711864746626,26.540330722194426
Hunan Province,14,genextreme,0.20180175843263604,185.81716956265578,35.516598966392195,0.13984261094757244,110.18792911837859,27.657104777392888
Hunan Province,15,genextreme,0.20879976312058043,184.7322187179293,37.03926298707774,0.06372339897530688,110.7751729575891,24.500446027616427
Hunan Province,16,genextreme,0.26947811992511017,189.15753681237936,37.95131288917166,0.1546617359771159,112.02193563244617,26.506378113690204
Hunan Province,17,genextreme,0.21916616209475204,186.68787620765414,36.57296624049536,0.11984977063436157,110.24097857060029,25.566266024939328
Hunan Province,18,genextreme,-0.18212746527505974,178.2728699815225,38.22652355432507,0.5369402832965956,51.906088057254166,85.47195149231408
Hunan Province,19,genextreme,0.19600664948828894,184.0505966417246,35.152696700634394,0.1427401718493519,111.15014104579436,25.81506849661702
Hunan Province,20,genextreme,0.3680152397515509,198.01237911261217,45.208534543277565,0.1799118254023218,112.19248909648022,28.195191516901794
Hunan Province,21,genextreme,0.2426162510903298,186.9625659981652,36.62668143445682,0.16092077491357448,112.87791405602604,28.114280768847472
Hunan Province,22,genextreme,0.24168053652792615,185.13244651183223,36.03723390343973,0.14535365640876244,110.99070078153972,26.45208548600008
Hunan Province,23,genextreme,0.196449646495397,187.41665035695195,35.70251438184788,-0.07226277561092753,100.77047411626017,23.656998974120853
Hunan Province,24,genextreme,0.20357126201868161,187.34155578546415,35.995679281615494,0.14017884239853,110.54706167736441,25.789635215703143
Hunan Province,25,genextreme,0.05673756184023554,185.61200252455353,35.08367303425118,0.15844745230004495,112.08970176764365,26.61747945145798
Hunan Province,26,genextreme,0.1868344422367509,187.34825247364125,35.00789701418846,0.09057726141670222,110.49227228462104,25.5033948229869
Hunan Province,27,genextreme,0.23716304326671617,190.4718873288971,36.0445368231289,0.13063996610640377,113.10298486812707,26.634477112263944
Hunan Province,28,genextreme,0.25884705439546596,191.41727704952189,34.069827566874466,0.12781881131289957,112.94377233908872,27.692346761677005
Hunan Province,29,genextreme,0.32674586306528497,191.8287814622501,45.19439475439205,0.09241634297066223,109.18199540754614,25.363721262786196
Hunan Province,30,genextreme,0.14870833058268712,184.41935927561912,33.41567769814236,0.07160264544198647,109.77440201422806,27.15858338578665
Hunan Province,31,genextreme,0.2164270322483106,187.04498874008067,36.39973688148861,0.18833895047024612,109.31775213801092,26.91176270239002
Hunan Province,32,genextreme,0.47988358907279816,153.93392658238827,83.67017546987051,0.1543033245266194,113.01017788289137,26.199360008039797
Hunan Province,33,genextreme,0.2540222188219492,188.50638849216506,34.071021168570574,0.07427295767421166,110.71306506022586,25.340131306129575
Hunan Province,34,genextreme,0.19809618936891593,186.22002846348153,36.552110305801534,0.14414395320979306,110.6971988620709,25.44003495736839
Hunan Province,35,genextreme,-0.009369450970186044,184.36953055427398,34.57403249710791,0.1634415773466238,112.05594565962664,27.514630893065466
Hunan Province,36,genextreme,0.19609852109202996,185.32689307826882,35.33211069858777,0.11141973807422034,110.85922701186644,27.273762997965783
Hunan Province,37,genextreme,0.2172764238083145,186.00693977989042,35.523455233820954,0.1261960580343951,112.46804508705418,26.20958473150736
Hunan Province,38,genextreme,0.2212178569273261,190.22745871062534,35.73236070500046,0.1173033259010265,110.4082075488584,26.53635967722217
Hunan Province,39,genextreme,0.2633666669350537,188.88860642514203,36.47416991704527,0.12332374294397011,110.38343639212914,26.603469863753563
Hunan Province,40,genextreme,0.21277886722077072,186.83234212939618,33.67713859417992,0.15497681256675244,110.51584017916144,25.27636717211503
Hunan Province,41,genextreme,0.22551715912580866,186.30734366832047,35.71024171182544,0.11445182839147403,113.24461215545134,26.32654995501204
Hunan Province,42,genextreme,0.22638911477643486,190.0940599365265,36.659450286253346,0.13879375069910632,110.10160283303884,26.164181035305162
Hunan Province,43,genextreme,0.22193129594275673,186.89384410692497,36.08704316224168,0.16175289461901604,110.80199108904999,26.39659887974684
Hunan Province,44,genextreme,0.17303444824404646,189.3700955188796,32.93147601104418,0.14693866859712704,112.29740816736694,26.80699441869578
Hunan Province,45,genextreme,0.23828981047453485,189.24955585923087,36.852670255738204,0.138800004168606,111.01289601482276,26.857683380366282
Hunan Province,46,genextreme,0.23315436076138824,186.96578302711174,38.042658416576614,0.14952631658448529,111.29594916608987,26.105547333965827
Hunan Province,47,genextreme,0.20940935354046064,185.97120181802194,34.57569534931551,0.1833600075202491,113.69998631405656,27.420211299091562
Hunan Province,48,genextreme,0.21136505813783474,187.6092310907731,34.83949211851809,0.11541668135369287,109.8557514121585,26.191069606994834
Hunan Province,49,genextreme,0.21703291711605277,190.03843703673564,35.19787826176409,0.10680654057809286,110.9565057276576,25.438076151883948
Hunan Province,50,genextreme,0.19244213409656508,187.66404328010782,35.26284080504489,0.08671296793484437,109.71319815837869,26.400233989483745
Hunan Province,51,genextreme,0.2008467719225392,186.45111920241686,34.945487401853896,0.18579563066053084,112.98898190227453,27.06250487525085
Hunan Province,52,genextreme,0.1940680912910283,186.33547697007106,37.428995070218804,0.11235976230013692,110.97629656789493,26.257628068498164
Hunan Province,53,genextreme,0.1848382302178143,186.24927178662722,34.59675269195439,0.12252049396555328,109.17600481375308,24.799697413297014
Hunan Province,54,genextreme,0.22082632115921247,189.0496312078559,33.3516373516743,0.10251507270865026,110.63726166565053,25.760294250127572
Hunan Province,55,genextreme,0.23789491129558016,185.61435903625465,35.68120813902788,0.12951031938604202,110.9994683517883,27.48060796414267
Hunan Province,56,genextreme,0.24986190727897212,188.1956837579956,34.59214021142357,0.12568585935316212,110.05654166961997,26.338847082042527
Hunan Province,57,genextreme,0.2167525409638471,185.48993318993126,36.12802250521588,0.14337824484222034,109.59486004966391,26.444696886323378
Hunan Province,58,genextreme,0.23977817286974135,188.1718085839167,36.52455733525217,0.14730807925456055,114.06567491730627,25.900143662246244
Hunan Province,59,genextreme,0.2598274792806331,189.30878772095062,36.90969689666886,0.15407268467147017,110.81272201844375,25.788996233504307
Hunan Province,60,genextreme,0.2242294889916441,189.31806341324165,37.141473134794495,0.13178311427340403,108.20739590627426,27.857595649398263
Hunan Province,61,genextreme,0.24221274406135018,185.97661483534006,35.519928353787066,0.13419210726721162,110.36482332973111,25.483061174672436
Hunan Province,62,genextreme,0.2177470695700453,186.72748252569454,36.201315204229786,0.06880241415879186,109.51287681567638,24.839384030060483
Hunan Province,63,genextreme,0.21219783598483477,183.46173992288482,34.73141504004148,0.17476995169582848,110.06034177030544,26.23373815500632
Hunan Province,64,genextreme,0.22275849004505272,186.10335860640453,36.68246942450075,0.14390009618572178,110.21118660024072,26.053833445753256
Hunan Province,65,genextreme,0.19619277751119418,188.0903069133235,34.27888748103454,0.11042913423417709,108.93117178263904,25.122597922249334
Hunan Province,66,genextreme,0.24598021839366363,188.52805710343034,34.642758908773786,0.06555783281148267,108.82315077437033,24.8080600151246
Hunan Province,67,genextreme,0.20318233468382096,188.00367607154487,35.84939761806574,0.1202608474853406,110.01664965036167,26.158350237663925
Hunan Province,68,genextreme,-0.18571555212251345,177.833616773823,35.298105685421206,0.10139863695133439,110.4142819987658,24.988630621665028
Hunan Province,69,genextreme,0.14933862377401277,186.84782155525363,32.87496064858513,0.08706243532056321,109.57723353302502,26.09323222033511
Hunan Province,70,genextreme,0.15409633217697435,187.36180512508798,34.022443999259735,0.11780856405539004,111.00308262741044,26.91266689482878
Hunan Province,71,genextreme,0.2611755970107462,187.7885155994608,35.67358098532092,0.06373160026324157,109.57301048802647,25.163997882345647
Hunan Province,72,genextreme,0.22100180221426102,187.3317154587519,36.45257968422642,0.16854132566716598,110.71103185764152,28.634270055156204
Hunan Province,73,genextreme,0.2625210095439164,189.87422139193666,37.48563672305295,0.09635971469933485,110.68190527167232,24.68926654672098
Hunan Province,74,genextreme,0.18910599345080886,184.99571202189156,36.26714057164135,0.11809016509653936,110.52049417015499,25.881112298720183
Hunan Province,75,genextreme,0.18746151405703593,185.8821754761361,37.3478476920653,0.16002043821367845,109.11995220032178,28.85868402750478
Hunan Province,76,genextreme,0.24674468446405567,190.75295729440202,37.003276576367725,0.11627514450281962,111.61355251400998,25.8407109580713
Hunan Province,77,genextreme,0.19459915720142143,186.83077265585558,33.748199093239876,0.1407050851659161,110.10112801634892,25.48749868195101
Hunan Province,78,genextreme,0.23995141952240925,188.2206464522329,36.49836192287957,0.14908532524384702,113.57830744565106,26.415014397374577
Hunan Province,79,genextreme,0.2288776723641669,188.22787778352176,36.05505403296817,0.4586301264379806,108.36743918720822,56.67569606365012
Hunan Province,80,genextreme,0.21986051771119364,189.7606408620524,35.658334214547104,0.1287599552054548,111.10772994796852,26.986313823052413
Hunan Province,81,genextreme,0.23474337758425648,190.7794116130615,36.63355127618196,0.12618216916505867,109.99807216017842,26.890009472070275
Hunan Province,82,genextreme,0.26239486757139907,188.3911613722102,36.47560576695624,0.13982974505063173,110.59167594992363,26.8840905487963
Hunan Province,83,genextreme,0.25469143195866295,188.9700443966723,36.78077602036837,0.126095920864918,109.59363238925314,26.067443845381412
Hunan Province,84,genextreme,0.21931098940957555,188.0477308308529,34.53776370664542,0.13511636384641962,110.85719820475275,26.805222296324068
Hunan Province,85,genextreme,0.1915947619610092,187.16407629652238,37.39385285270661,0.12577186547021968,110.79054200452404,27.343233318918493
Hunan Province,86,genextreme,0.19924150208050484,189.3117200399126,35.90771346481803,0.08271946637928046,110.30921825222512,25.14907461918841
Hunan Province,87,genextreme,-0.024758945554513856,180.36909864622208,36.68579211960855,0.13618614433381077,111.44745141401697,27.907444659763787
Hunan Province,88,genextreme,0.24515230163570748,187.95474179798535,36.43380734427319,0.13381959267843196,111.29784454860697,28.183256948121915
Hunan Province,89,genextreme,0.24778342060456743,188.08287241335154,36.92469723710467,0.11669892992176176,109.52298878826127,27.018147618699413
Hunan Province,90,genextreme,0.2863514809415202,185.04142162932538,39.42172469527115,0.1429031941873259,111.06972424794496,26.651642282843262
Hunan Province,91,genextreme,0.24496519507579256,186.12776128475676,34.8057780618869,0.08603915751823576,110.69147825316139,27.03126114363291
Hunan Province,92,genextreme,0.1850561020226805,185.92658684482774,33.487736635075365,0.09936296044669923,108.83605686487924,27.671848204959915
Hunan Province,93,genextreme,0.24925413162541923,184.0389335090058,37.67279592223491,0.09056739705459588,112.02959127102224,25.429586150472666
Hunan Province,94,genextreme,0.20147175886332125,186.38728494406186,34.373153753703704,0.1347348002249532,110.79286954046555,25.936696600523128
Hunan Province,95,genextreme,0.23818436485933153,186.87645769454122,32.778115817191704,0.1101032339505574,109.51500330677156,26.079378025200164
Hunan Province,96,genextreme,0.21833082418298558,188.79849191284757,35.02442101921032,0.16446860756642712,110.3489678509032,27.210067171599427
Hunan Province,97,genextreme,0.24336874938808994,184.19228059619866,37.700847384567254,-2.7724575878159583,46.88128333768132,4.056292528954721
Hunan Province,98,genextreme,0.19447968919698327,187.81710216391514,34.83251639191015,0.13045436724545856,111.3861413018212,27.896700173550123
Hunan Province,99,genextreme,0.23404347384706112,189.23232320283245,34.99780680038713,0.1516193967931369,111.35828258371777,25.765405105630666
Hunan Province,100,genextreme,0.4045312763268254,195.13028444444285,42.73328587943257,0.13262767150390353,111.95256589311789,26.042281465127772
Hunan Province,101,genextreme,0.22383685976136777,189.2338974670048,33.70043438701961,0.10766132879939284,111.09180896124553,27.409404563346637
Hunan Province,102,genextreme,0.17968676053534705,185.36168152759302,35.01904196482306,-3.3782350346501424,44.83289099632456,3.225524535249254
Hunan Province,103,genextreme,0.20320861914240185,186.8464124341558,34.84116185408581,0.11117881003520802,109.45974670510972,25.51883055397461
Hunan Province,104,genextreme,0.45555681716069285,144.66059972194176,77.958963210724,0.09637166893953344,109.05557944832577,25.40143178374229
Hunan Province,105,genextreme,0.20100163169146507,187.20554817558877,35.35693667325002,0.0779129426712612,109.50063635602766,24.78961752747736
Hunan Province,106,genextreme,0.24345752863041376,188.81614080428523,36.73310520025218,0.12734661172901704,110.07380852509237,26.949342218973367
Hunan Province,107,genextreme,0.21011972532638212,187.5515963939718,34.07780610963499,0.09069643726869242,112.66950050077796,25.425027365959913
Hunan Province,108,genextreme,0.22862413602402393,189.73319628094708,34.70514514728801,0.09418027008058255,110.4954193544784,26.086316206232645
Hunan Province,109,genextreme,0.41634743804321683,125.96640046931748,79.177968819238,0.14317785580027084,111.28292961167753,26.618968384093428
Hunan Province,110,genextreme,-0.2714946548017244,176.5822581071684,37.466163324134044,0.11813952800709204,111.3165883675966,26.930883270878397
Hunan Province,111,genextreme,0.2355323134476607,188.1160333592374,36.82498042920206,0.19000679198803808,110.44478677964173,27.656109018924738
Hunan Province,112,genextreme,0.23209410406978664,182.4323661835661,36.30818886427332,0.1254403322524223,109.28200450897765,25.92670875699352
Hunan Province,113,genextreme,0.21149096160167724,185.00475362042897,35.34282398524605,0.12255972884528665,109.5500533469515,25.064123695182474
Hunan Province,114,genextreme,0.17419391646043653,187.07421153261737,32.44405726022475,0.12193399598845536,111.29926427528463,25.950039003993382
Hunan Province,115,genextreme,0.189437560506156,185.32561187020744,33.973419404282346,0.1474253579726158,109.96133582313557,27.644169931619018
Hunan Province,116,genextreme,0.183524881369113,187.556091920837,33.526489623598216,0.1290765989130851,111.33450391421658,26.253050012584744
Hunan Province,117,genextreme,0.24606940359268417,187.66043427495342,36.827146401397655,0.1345194310192504,111.74322858183422,25.784699903206857
Hunan Province,118,genextreme,0.16620047665527538,184.32324123300094,35.256119502936706,0.16381074894277342,111.80700186552582,26.803260039846464
Hunan Province,119,genextreme,0.21756351867429424,188.03744203327568,36.14290001215198,0.12105107239035592,109.57858747401724,26.306104657092803
Hunan Province,120,genextreme,0.24020022924650425,187.13120282469828,36.8807538934243,0.12096127571794227,111.47159476204158,25.44268192153195
Hunan Province,121,genextreme,0.23092933156967585,189.62897870707934,35.01197438826553,0.16421510411249646,111.99919726429067,27.384859254986193
Hunan Province,122,genextreme,0.24335297897648123,184.1813950941787,37.2888300699385,0.14977175265182777,111.75579609516603,26.278281963916406
Hunan Province,123,genextreme,0.20457267168506682,188.3443963702736,35.475877361180885,0.10113010366503127,110.80611211750698,26.55459011117147
Hunan Province,124,genextreme,0.21602735980037818,189.87501447389928,33.7258950577113,0.10573435718732851,112.32713316899904,26.989892447777592
Hunan Province,125,genextreme,0.26001138964182946,188.73585534674436,37.11962216723438,0.13334935700767547,110.64635509392289,25.694387866716035
Hunan Province,126,genextreme,0.23850558137351072,190.45823628817197,33.953963752350376,0.10450387252393231,110.63658064842879,26.49923175287214
Hunan Province,127,genextreme,0.24462203881358527,188.71284135124426,37.891930453316725,0.13728393501302566,112.44559760482835,26.82504237840775
Hunan Province,128,genextreme,0.21583732472662503,188.5778948083307,37.538745630096855,0.10509686400595544,109.68414230449957,26.546688059736933
Hunan Province,129,genextreme,0.23931420988660546,182.9187049060236,38.41948000517155,0.13240748962577023,110.14763579885837,26.061361075221804
Hunan Province,130,genextreme,0.2385033907556675,188.1450748707612,36.04114612375577,0.1309874019099031,112.66274612290115,26.31386727519123
Hunan Province,131,genextreme,0.131241648489882,185.59686997673725,33.866121588355355,0.1111802247563955,110.16179646691974,26.756195461575782
Hunan Province,132,genextreme,0.20897177800872846,186.1047879659322,34.98986632253414,0.1290708396963826,110.0926733825854,26.471584846772146
Hunan Province,133,genextreme,-0.14695215886492563,173.95416430177517,39.91291095707712,0.10405583013221716,111.18104234644161,25.306282591372053
Hunan Province,134,genextreme,0.243692715682105,189.48782526850596,36.21788049654904,0.11502476039040468,111.13785053829812,27.375748436235355
Hunan Province,135,genextreme,0.23774211066681117,187.39783977932854,35.88536199153681,0.10920069613139793,108.94374303032882,26.6612548689339
Hunan Province,136,genextreme,0.29177561417955933,188.1712745492723,36.92077522117138,0.1055973359615171,110.30785015243984,27.0111857975612
Hunan Province,137,genextreme,0.22209145017652432,187.3607822850352,36.195945917746016,0.15010033421367602,111.38056575246185,27.87128063680305
Hunan Province,138,genextreme,0.2918314426154155,190.7013440323874,37.63082583519332,0.10887287628313916,112.89625484384052,26.019804089582944
Hunan Province,139,genextreme,0.22034645831797522,188.46997921293627,34.56175472984725,0.13876832487098234,111.27232928497735,26.202585856735894
Hunan Province,140,genextreme,0.22421120245461246,187.47547267206636,35.75538917848364,0.10511756491450808,111.68223507107459,27.41036515379224
Hunan Province,141,genextreme,0.2379822649936657,188.35029779127564,35.16496405404989,0.1011806712798548,111.65980066437442,26.717604829644614
Hunan Province,142,genextreme,0.1900681580405387,187.27471423895645,35.192900605525296,0.13799485068356848,111.41783983307326,27.920647998034056
Hunan Province,143,genextreme,-0.013760917209808982,181.65537035235957,36.611138878917444,0.07379423579963046,109.65195661502526,26.756533665549743
Hunan Province,144,genextreme,0.19610085739475483,187.619855079368,36.726147617777215,0.1224280349599399,111.46139162653338,26.142891765163302
Hunan Province,145,genextreme,0.11455900051004697,183.94001102605716,35.00728533714911,0.11884937627743405,111.94799222438454,26.641857148753786
Hunan Province,146,genextreme,5.672158545691441,295.2869632884626,4.941841383798419,0.1270981487450777,110.37755440591258,26.56425430638189
Hunan Province,147,genextreme,0.2589484848802486,187.29162255996798,39.14110454239221,0.148182699919565,113.78788171933888,26.011852113268347
Hunan Province,148,genextreme,0.22560371483379732,189.64478900996068,36.28893238221451,0.1153359228067467,112.643009961314,27.179754104457558
Hunan Province,149,genextreme,0.17476705864283243,187.1160369678235,36.33041263294825,0.11588008035740632,108.81283775037626,27.053538648818677
Hunan Province,150,genextreme,0.21094856610523938,189.61025343787267,36.00540749351466,0.12619051123342523,110.97110227398488,26.166257695039306
Hunan Province,151,genextreme,0.22491279283823307,189.5229616482104,35.760572630076396,0.08751563170073848,110.74074428282987,25.525425290590725
Hunan Province,152,genextreme,0.24636972141088054,188.95453833050215,35.72605944285463,0.11616879010846945,110.6511479006868,25.468782730944376
Hunan Province,153,genextreme,0.20819243099593965,187.71017516971892,35.161606408799884,0.10834238075926715,111.90655898417889,26.95336931839362
Hunan Province,154,genextreme,0.2169666716316927,184.34467637778107,35.88336412771402,0.12709183261070037,111.26400641296141,25.25073765393698
Hunan Province,155,genextreme,0.19433903484210072,186.29025224464561,35.52711594236614,0.12636501857755808,110.10435823251147,26.334019472332038
Hunan Province,156,genextreme,0.19767647748250142,188.3977162355236,35.45975356338799,0.19133606588218793,110.68249536553483,27.977948394643356
Hunan Province,157,genextreme,0.19883363671189835,188.9454859997407,35.78303850881824,0.13990111141892675,110.97244574493135,27.42257243911854
Hunan Province,158,genextreme,0.51222713054932,195.40234928547767,58.20724282895367,0.15475847975083357,108.70317057288636,27.0025473203787
Hunan Province,159,genextreme,0.146639108135424,182.9697780628248,36.64630954006013,0.1148717487835583,110.36866457664311,27.309874562067108
Hunan Province,160,genextreme,0.2364293837469295,189.24801446772076,37.227145804675565,0.1324903044830545,109.38561841670906,26.969622292529067
Hunan Province,161,genextreme,0.20052921863470236,187.04704566452972,35.73624359144158,0.13161583306373004,109.02956160643103,25.735081499959087
Hunan Province,162,genextreme,0.19983911835307075,184.16388440136654,35.25325239122765,0.11508612633050594,112.2060047104405,26.293833398209102
Hunan Province,163,genextreme,0.21846588763714397,186.9377612775127,34.202338775343534,0.1785715575863814,108.9522434390303,27.1075770264627
Hunan Province,164,genextreme,0.2110324312895962,189.73295210534747,34.37340523628092,0.1909177533526691,110.82300706725235,27.492704578719724
Hunan Province,165,genextreme,0.18497113260119685,186.51755094550475,34.147744493047085,0.12320844861901567,110.53564457842499,26.311735464038858
Hunan Province,166,genextreme,0.20749967530662972,185.51648188210478,35.970834530372905,0.13179982264425527,110.14456751214036,26.162394614291177
Hunan Province,167,genextreme,0.21838671553350925,188.42404717891935,34.682999363048374,0.06439294313909932,106.11825223709815,23.60341360175383
Hunan Province,168,genextreme,0.1957910759910752,188.72800543508913,35.22444464766497,0.09661160606029448,110.78776318063429,27.21242443802217
Hunan Province,169,genextreme,0.1743182619538348,185.79242672328823,33.98310415681029,0.08362037953426432,110.83218753222789,26.7710258034433
Hunan Province,170,genextreme,0.2300741686674489,190.03621876790683,34.97053513032732,0.15423343731343034,113.91971324308213,26.497576647648074
Hunan Province,171,genextreme,0.22554522016640738,187.17593174089097,35.05339081736406,0.12398928702365125,110.18819042538384,27.237253090990862
Hunan Province,172,genextreme,0.21982511463132987,185.7524295693628,36.70929131582808,0.10899496885602672,114.54799901844072,27.30631728461668
Hunan Province,173,genextreme,0.20783957503320355,188.677777262019,34.85264347427883,0.11972741430644004,110.57057201721358,26.626426680916097
Hunan Province,174,genextreme,0.20581404388459124,187.39656554185572,35.49949290265332,0.11540679784914734,109.45572909934234,24.454119037663105
Hunan Province,175,genextreme,0.2338175821941255,189.3871960209861,35.49386346715036,0.16323771878419446,110.56071744493002,27.222985209608275
Hunan Province,176,genextreme,0.209013636931356,187.53211814303614,35.91522371308283,0.11268503625174106,112.52267568206472,26.931909815254727
Hunan Province,177,genextreme,0.24969528125141505,188.23824758708528,36.3812491785103,0.16322199746577964,111.65753854432671,27.266869847562543
Hunan Province,178,genextreme,2.9491014700434635,291.6202748952808,7.078756375878636,0.12785546341253376,110.44487500992679,26.535582473147798
Hunan Province,179,genextreme,0.19571272178874904,186.7048423369132,33.93499894253935,0.14993161339457445,111.7349114126456,26.618602995402828
Hunan Province,180,genextreme,0.2083451525254758,186.622352053851,34.622046888565094,0.1056496062346681,111.45544440709602,25.650802494251337
Hunan Province,181,genextreme,0.18382029912234835,185.04400999762828,35.39620989393546,0.09259107887833407,109.10318999468134,24.105757569811377
Hunan Province,182,genextreme,0.22909481018629194,189.8085738755218,34.40530819569067,0.11792419950618067,111.99186598701343,26.935919257552335
Hunan Province,183,genextreme,0.1835919933353105,185.66918126834582,34.83827160186848,0.1473329696302399,110.81121983684923,26.437844377571523
Hunan Province,184,genextreme,0.21332332423273326,186.74867603751665,34.684221277421564,0.16531136518548029,112.00656895557364,26.225028164128716
Hunan Province,185,genextreme,0.2355583135311295,190.3955389543903,35.63651319373619,0.11816545117571699,111.6092798896315,25.141064385765464
Hunan Province,186,genextreme,0.18031746044446156,187.00960064829428,34.17314317892681,-3.2577662383579202,46.77363050230982,3.049235552170253
Hunan Province,187,genextreme,0.24950500155332328,191.09582378532696,36.49993346942989,0.10178177767875393,111.77039693089756,25.752752811721905
Hunan Province,188,genextreme,0.22455205359976926,187.3545887622687,35.41838614941874,0.14215583531742765,111.85831461628254,27.179377298683093
Hunan Province,189,genextreme,7.841962719556072,307.5684664575359,1.235873248505402,0.17406808634345705,109.54355233412684,25.92539097828407
Hunan Province,190,genextreme,0.2311405786489913,187.61561411325567,34.96091030337091,0.19269400269944592,112.79333708343799,26.006530873584445
Hunan Province,191,genextreme,0.2312298574742551,187.1895788795172,36.474244997182296,0.1485152704435459,111.42773118025488,27.240638139391663
Hunan Province,192,genextreme,0.19985894815395694,190.1612750442103,33.90019636914273,0.12018521057013826,111.4070389506951,26.028302735607753
Hunan Province,193,genextreme,0.16993634849110145,186.42216515512519,31.819416697496422,0.10429636524014191,110.39248587372026,26.8567703162032
Hunan Province,194,genextreme,0.20744021569838764,186.3401438488176,34.73518650304558,0.14657146263950024,112.48206132233362,27.205659326230535
Hunan Province,195,genextreme,0.2422424611930502,187.24326172275545,36.4815733957837,0.13401134753882304,111.63501138749776,26.872438582312235
Hunan Province,196,genextreme,0.25555168982746884,188.9199068996394,36.92586306687897,0.10769428972810155,110.3285469488386,24.699659619395156
Hunan Province,197,genextreme,0.22296296186954506,186.78577829890287,36.89107844472916,0.14355215030200003,113.16548359779665,28.80474462382754
Hunan Province,198,genextreme,0.16258332406124504,183.50452990567445,34.79565036143158,0.18613990972458255,112.97523022227958,27.510539910628182
Hunan Province,199,genextreme,0.20265255476046437,189.24799997578089,36.50842217809442,0.12798424198748146,110.26254802516394,26.55826100384189
Hunan Province,200,genextreme,0.2429524412225441,187.76067839397686,37.068431658334696,0.09842157058538709,111.3660779401051,26.64017304672317
Hunan Province,201,genextreme,0.15840389400953625,184.91485622632183,33.63353504269736,0.1885831626232446,112.18914382709323,27.403058770252954
Hunan Province,202,genextreme,0.23364634648539123,187.56903334037526,37.261722961198224,0.1716172851232426,112.21000578984973,26.152933632048075
Hunan Province,203,genextreme,0.21912428298583422,189.80400894851132,34.96450544367215,0.138449075711365,110.18949577469503,25.128965754929055
Hunan Province,204,genextreme,0.04744314422434881,185.16453597157192,35.900584358626276,0.16811244284587942,110.9246451951787,26.53120799102951
Hunan Province,205,genextreme,0.24241447535189017,185.86891725031495,36.394081475443045,0.0754274285795512,109.04129621575942,24.914187341028093
Hunan Province,206,genextreme,0.2233250568977318,186.75082950910752,36.08579461311791,0.06905543486223831,108.34353244495306,25.603154479464536
Hunan Province,207,genextreme,0.21487471627954685,188.02609526317596,34.37806593719988,0.1647332925490046,111.79221939530382,27.0846080074205
Hunan Province,208,genextreme,0.21472575858916598,183.87019093679828,33.45622773591761,0.12321450289213458,110.62422799264178,24.65729677559267
Hunan Province,209,genextreme,0.3070329172330718,186.8696756487115,38.04586379308283,0.1142849244876645,110.81268887736566,26.901409714330708
Hunan Province,210,genextreme,0.20121792534281385,186.75242752501606,35.0969083721629,0.14229334118467785,111.85671376275522,26.743690165977306
Hunan Province,211,genextreme,0.22041485748752826,185.8060336131748,35.34849422943802,0.0819898598698805,110.52130111792954,23.760712259234985
Hunan Province,212,genextreme,0.25084361383093134,188.33898572323685,36.085906252174404,0.12221522197248635,110.90647385893402,25.489992609419218
Hunan Province,213,genextreme,0.2201025629222329,186.64202299547867,36.82023382906219,0.12941288454537686,109.4107731271169,26.267155175626108
Hunan Province,214,genextreme,0.20856748547532883,182.72162371129824,35.888443725996,0.13228720409125472,110.4559739390009,27.250437880343917
Hunan Province,215,genextreme,0.2784583286982796,187.38574907623774,37.375410504586995,0.1611918531242151,111.78619420477445,27.508455475521345
Hunan Province,216,genextreme,0.19325535772855046,186.99808580353823,33.69054956443297,-2.9730876935194237,53.65127579614041,3.0205885418656724
Hunan Province,217,genextreme,0.28857984928119484,174.5551922307036,45.047120961609096,0.16729115393841643,111.84137124263418,28.800065647719443
Hunan Province,218,genextreme,0.24193121438069495,186.61964274282272,38.05668444762681,0.0764512065169725,111.05597605580378,26.89876497352062
Hunan Province,219,genextreme,0.18127666634252898,185.98989370171114,36.072278804804895,0.12651047821847772,111.14410245312033,27.57723796426064
Hunan Province,220,genextreme,0.20641764776836458,185.5241258000024,34.83443679264562,0.12567063202840364,111.01973390802297,26.239038835460924
Hunan Province,221,genextreme,0.22246029575880027,185.10882968632194,34.72779251554496,0.17619324935184175,113.44359199128857,27.25642197032817
Hunan Province,222,genextreme,0.2514611471449508,191.7501781472235,37.9282512186392,0.15509424985645925,110.23724835617875,26.57932213633832
Hunan Province,223,genextreme,0.1915738364926195,185.20153027797738,35.28987152648526,0.1588103951936613,111.13641434615533,26.739993385872104
Hunan Province,224,genextreme,0.2332454090301767,187.6082577865568,36.0539824301402,0.2125860714482608,111.6684349825342,25.94318252183782
Hunan Province,225,genextreme,0.21748351907278868,187.94461085686112,35.504385942863976,0.07884621094824436,112.66147225633935,27.1576855631749
Hunan Province,226,genextreme,0.24269642799681823,186.93334996113845,35.038939653802345,0.08087128852725811,111.06320478469459,26.275667615529457
Hunan Province,227,genextreme,0.274823871139807,190.36200836245314,36.88413574275505,0.1425337060116377,111.55566028347872,27.520799549644693
Hunan Province,228,genextreme,0.4924535057425514,186.49085469768795,59.72605390901643,0.1156239127625818,109.26766162854705,26.12053134113271
Hunan Province,229,genextreme,0.2648036924060418,185.36189716002343,36.019330091076014,0.13720447202633407,110.3648538100013,26.70772270037933
Hunan Province,230,genextreme,0.18354071396017474,185.0437394995196,35.34102325684216,0.12311301567661384,111.83798363687342,25.735274467640266
Hunan Province,231,genextreme,0.2148678833185184,185.7417566567177,34.28278034184835,0.12724261463676848,109.4333167006763,27.699282284203097
Hunan Province,232,genextreme,0.24080223252974947,187.4183399386725,36.818680533575375,0.1404605827422056,109.45136270851947,27.083731586766064
Hunan Province,233,genextreme,0.20600060418323018,188.37391520129916,36.423244117815344,0.15217235396882745,111.18062293169749,27.302549360340148
Hunan Province,234,genextreme,0.22013039169147702,187.6857302486954,35.428085951164555,0.11799833989931519,110.78231050435504,27.06123242648545
Hunan Province,235,genextreme,0.16342599103873168,185.80442226256127,35.513451519307125,0.14444835802595174,109.23313214257655,26.73994194933496
Hunan Province,236,genextreme,0.2039796661339302,188.35016663169984,34.617402891153034,0.1270771130144543,108.94696898128916,26.66310816384442
Hunan Province,237,genextreme,0.2956048766896218,188.5497333537323,38.41200735382949,0.11019479390140519,110.42761061254414,24.604333485129157
Hunan Province,238,genextreme,0.20449112983185824,187.68037019304117,37.00278194251834,0.11354277101172336,111.04306613509289,27.05743996682322
Hunan Province,239,genextreme,0.4027978701416983,146.5754344849879,76.10172358351122,0.14665775378905305,111.14836622895577,26.764857804306853
Hunan Province,240,genextreme,0.19056531734270832,187.59178072065788,35.66525448287854,0.12987938485026107,110.42242260230137,25.323082535810933
Hunan Province,241,genextreme,0.531885445204157,196.48093088363316,63.16253880473238,0.06145408241049494,110.24535955653866,25.494370280038687
Hunan Province,242,genextreme,0.19412019278454523,187.7739822654642,34.30340349408945,0.1202200743839802,111.21473819546355,26.239168000736083
Hunan Province,243,genextreme,0.20890446054180511,186.25633146454143,35.94782202292172,0.14904403784792813,112.54032276143964,25.101884757647866
Hunan Province,244,genextreme,0.20673733687691864,185.62410608168884,35.90675247574882,0.12374866874234494,109.64216106126344,27.688945590062758
Hunan Province,245,genextreme,0.6331662076559565,186.72351852741542,76.39518603562189,0.12442704831540971,111.07995997235678,26.262687279963245
Hunan Province,246,genextreme,0.2979403471772474,188.97992100701475,36.284833581720505,0.07457729209376995,111.27667089411545,25.18761401202943
Hunan Province,247,genextreme,0.6796729810963167,201.9857961525862,71.55271456263978,0.16084263200262683,111.5511531310068,27.160183953847593
Hunan Province,248,genextreme,0.24652570059596463,186.65258362662686,36.512190491809974,0.06537586966545333,111.01562218722688,25.369564015027635
Hunan Province,249,genextreme,0.22669536174425503,185.71648590764352,37.143733901667495,0.13825629783129242,113.2912894230633,28.008926422924574
Hunan Province,250,genextreme,0.24366606233467533,190.17416152549117,36.09210545306645,-3.93066825018522,45.19341569715136,4.021397917382538
Hunan Province,251,genextreme,0.2353504950769466,186.84291833188104,37.74355425830578,0.14478934740541718,109.4708565876397,26.003169411420714
Hunan Province,252,genextreme,0.21117710080094598,189.1089284834132,35.551236604597804,0.13105430174318067,109.97288408776643,26.83717688312997
Hunan Province,253,genextreme,-3.7137354820518325,116.03555850019919,1.781155016636652,0.10720515079628512,111.5517654523664,27.794068018104525
Hunan Province,254,genextreme,0.18037883104474964,185.97083116339206,34.42505157429976,0.13341876143195947,109.7683132663717,25.653921553159925
Hunan Province,255,genextreme,0.2403869267396116,189.9347471261884,35.69558026879213,0.14401818628455,110.34483079196625,26.98373292995095
Hunan Province,256,genextreme,0.20794427703665108,190.94550733446044,36.16950975795643,0.13088200882959894,113.1301742103708,25.75639459509179
Hunan Province,257,genextreme,0.22237780886742572,187.49052420039834,36.78950871082236,0.1365071844120418,110.52054854547619,26.551564012460112
Hunan Province,258,genextreme,0.23238143802606545,189.9045284669582,35.632804914849544,0.07659684994227772,110.0598335003865,25.53770319502184
Hunan Province,259,genextreme,0.22594762285871522,186.02423323429412,38.34593037648111,0.12015732386682546,109.135186376327,26.22995320141477
Hunan Province,260,genextreme,0.18550512494882862,186.10275365743755,36.22386463360746,0.10350144775973563,110.58204496432433,27.19854245341335
Hunan Province,261,genextreme,0.19606638643253865,183.37955895516944,35.65702604270122,0.14418362774356985,110.95681269749025,27.085768352718006
Hunan Province,262,genextreme,0.2565509788854534,186.77637357004704,34.818368693397105,0.08478624651962915,109.59575366647215,25.43083396626232
Hunan Province,263,genextreme,0.2143837911748402,188.39889431420863,33.95272966965629,0.1442877230087044,110.18254490904901,26.53477703239301
Hunan Province,264,genextreme,0.19974652926686307,186.2851378759985,35.86456454035057,0.22984079094875642,111.28217251871365,28.252760361265658
Hunan Province,265,genextreme,0.20010028349854297,186.60564819017156,35.32891736623364,0.15967840353742094,111.93443124420867,26.91171065487459
Hunan Province,266,genextreme,0.21464227760973964,185.16729036840684,36.93270625794021,0.13525112005251033,110.5073428922324,26.294861554602893
Hunan Province,267,genextreme,0.20805237706691443,187.04247582151044,35.65048098510418,0.07038893380849168,110.19031871860602,25.21839497681204
Hunan Province,268,genextreme,0.19381355953114707,189.11600423805618,34.4997865135943,0.08851535359503546,109.20007283960271,26.179949742973847
Hunan Province,269,genextreme,0.1865334620150007,188.12792024494857,34.60104172025494,0.13205981843563624,111.3915620114976,26.578193281357315
Hunan Province,270,genextreme,0.17914439623740447,184.22072509249466,34.39663144239785,0.13599292828423076,110.12084128840903,26.407449925435834
Hunan Province,271,genextreme,0.2991390436823904,194.5652217493277,37.42262811951109,0.12318255193206612,110.31170369939449,26.71715706945835
Hunan Province,272,genextreme,0.19457992575493854,186.62472531076173,34.507452128660226,0.16659010479580968,113.47689888767582,26.093423702844014
Hunan Province,273,genextreme,0.2193100566317091,186.113450206734,35.42209475182635,0.0910782220084854,109.94526219593895,25.968341197293718
Hunan Province,274,genextreme,0.19799509329975779,190.53624006436448,33.75141751022039,0.14491121124479212,112.63442172461643,26.513003955383535
Hunan Province,275,genextreme,0.24162498889851974,190.08194547687276,37.42543311715063,0.13109513701158865,113.1573551959398,27.743787499407972
Hunan Province,276,genextreme,0.20387440517740651,188.74628370878963,35.63770477293919,0.1252368443627274,110.59587609091733,26.20693919401131
Hunan Province,277,genextreme,0.2235062039736229,188.63674714364882,34.036746156874926,0.19251509491572344,111.44468728031894,26.93509272867545
Hunan Province,278,genextreme,0.22591749995148058,186.2746802750998,35.19024360055805,0.12401996513449798,111.22723223148526,27.161076223420853
Hunan Province,279,genextreme,0.19678913998753414,189.1812116247354,35.62899208491769,0.11427738046335334,110.80110864937943,26.687691491426925
Hunan Province,280,genextreme,0.22464390450523386,185.0499582898321,35.87978846347616,0.12424427261115067,111.4308600061937,26.990776000804342
Hunan Province,281,genextreme,0.2330500428134284,189.35574199098178,35.670671202562005,0.16053967616482784,112.35815082811177,26.71189352323595
Hunan Province,282,genextreme,0.22859449129242856,187.91941770346995,36.785346332738314,0.1425393792247545,107.99697182357389,25.461252971927543
Hunan Province,283,genextreme,0.2129574951642328,185.68722799884358,34.90678288777387,0.13487009998294325,110.41064881709035,26.110182936937555
Hunan Province,284,genextreme,0.23614115988334722,185.46405574106655,37.00685136562197,0.14830855379762048,111.36330258070558,26.00931044567409
Hunan Province,285,genextreme,0.20895002384886652,184.10952788405788,36.79191639329899,0.13728576321201513,110.09417765011568,26.679925421218655
Hunan Province,286,genextreme,0.03644245360013514,183.3240372249278,37.835398377169525,0.13598587727000028,111.7675052231756,26.164039939776416
Hunan Province,287,genextreme,0.26631644704776436,186.65481841561956,37.91905628984655,0.1329984571130815,110.354595535582,25.533773000917492
Hunan Province,288,genextreme,0.14471236737447948,183.72287126377546,32.83990946507345,0.11022002503010225,112.31140456230632,26.312488026015146
Hunan Province,289,genextreme,0.21604644684540453,188.4898362938079,35.88313353812404,0.0996635058599189,110.08621586609162,26.452261454199537
Hunan Province,290,genextreme,0.2100085957574111,186.17530992563695,36.01093688131124,0.1559431435364826,110.08087857234108,25.62303510555988
Hunan Province,291,genextreme,0.19872935705612566,188.6095165554238,35.39964260298008,0.11927257847266032,109.82512018108685,26.223351579709863
Hunan Province,292,genextreme,0.20187873457676064,189.44100392983268,34.72445722719747,0.12017386482156446,108.9789424706278,25.54058243429527
Hunan Province,293,genextreme,-3.4470778286090136,102.48117622405377,2.1579024887498317,0.1276914525150608,112.08560324903604,26.35072341444939
Hunan Province,294,genextreme,0.18404057624469966,187.0333776343975,34.83969892163029,0.15659361643141334,113.57263543665192,27.808916972641526
Hunan Province,295,genextreme,0.20672840567026368,186.7578966749278,35.66955496521683,0.11452807047639472,109.66724238263026,25.01012037300484
Hunan Province,296,genextreme,0.23235624592500329,187.19277261466584,38.2162881438141,0.14755898350274377,109.96588910533362,26.865375671526678
Hunan Province,297,genextreme,0.19817647353126067,189.3456045393177,34.61573273143409,0.12147240046868028,111.15591779335747,25.956417884256233
Hunan Province,298,genextreme,0.21635213459872138,188.73989071593235,35.651164985306934,0.13552610300857176,110.58506193077523,26.83503863669523
Hunan Province,299,genextreme,0.20421603286025258,186.33634828712223,35.49260729824326,0.10996195945896459,111.42519600756465,27.239749919473468
Hunan Province,300,genextreme,0.20266241298202808,187.33502346755915,35.089729164793376,0.13838077661684117,110.69308894626099,25.94002392942706
Hunan Province,301,genextreme,0.23036713538545528,189.20973898798434,36.03231705603902,0.12151280117618636,112.42438372609965,27.334385814237237
Hunan Province,302,genextreme,0.21504942969968519,186.26328296237546,34.94017333622871,0.12514267609221513,109.77346962972729,27.005880426457704
Hunan Province,303,genextreme,0.1712972421107522,183.36779878754373,36.714391938039235,0.09101996253482478,109.75591831188908,25.575850131632563
Hunan Province,304,genextreme,0.2685431224540116,188.1326465713365,38.394222374184,0.126005718037571,112.60241549684822,26.40891658888073
Hunan Province,305,genextreme,0.2246803482143628,188.81164205477214,35.65616548502895,0.188895778350329,113.77618449574265,26.30670540030409
Hunan Province,306,genextreme,0.05878183588216217,187.1529968083131,36.54963034963775,0.2102617414728104,112.59027230409967,27.646052927390727
Hunan Province,307,genextreme,0.2261652360243998,189.78086970433793,36.501366308751045,0.10887888653412928,110.5788916310427,25.080438332011838
Hunan Province,308,genextreme,0.2304848516861261,189.28798987555194,36.17402248182297,0.0893265478560917,109.18908480656103,25.70458959809497
Hunan Province,309,genextreme,0.2367471426409466,186.2968638138341,37.66138200607345,0.1597700915255832,112.72691871984208,27.816445608392783
Hunan Province,310,genextreme,0.1640832133051949,185.8966968064598,35.24144169587301,0.11124532199080951,110.1206708178427,25.659018974183013
Hunan Province,311,genextreme,0.20042383683760118,188.56866341600835,34.46292478922511,0.12125971710407879,111.65577324371571,25.560143067724603
Hunan Province,312,genextreme,0.22327295330777153,185.8901556146859,35.58381996616487,0.09283953182626695,111.97276208067423,26.634881246646447
Hunan Province,313,genextreme,0.2181621404585855,188.83233885630102,37.1151130234453,0.1660130251994537,111.27545225035615,27.30320537881215
Hunan Province,314,genextreme,0.29301180168076735,186.8378551916656,37.17263227418603,0.14379933556892177,109.3616592185392,24.29771243532074
Hunan Province,315,genextreme,0.23868033141485862,185.77514363601927,36.18249698289861,0.12468982621084791,111.07841336590144,28.310137109689997
Hunan Province,316,genextreme,0.19896159485655246,187.00291050426677,35.40599805041228,0.12759289589030798,111.68170113063141,26.778835186465272
Hunan Province,317,genextreme,0.1906551870426402,184.94472583065053,34.58070776836372,0.16072754536821116,110.97694612646626,27.162336502186456
Hunan Province,318,genextreme,0.21796649546478636,187.8877998304582,36.642200189476895,0.1361208719234875,111.54299962629227,26.48579165483543
Hunan Province,319,genextreme,0.23190215401282302,187.62047524073387,35.01088725650531,0.14956180713064512,113.83994696758123,26.68806043843582
Hunan Province,320,genextreme,0.1883802343202834,188.82463342193358,34.85030749818391,0.13829401439843492,111.11011367489438,26.923632822219876
Hunan Province,321,genextreme,0.17658534846153462,183.93263835623162,36.572388123916284,0.10077053545739983,112.27122883115439,25.577084921007632
Hunan Province,322,genextreme,0.22304631766251795,188.67903825456102,35.46047998891173,0.1401101460359723,111.93697128117756,25.71390462679464
Hunan Province,323,genextreme,0.15769914527209425,185.76493479649352,33.6364386917792,0.15801923979095522,111.12300769386991,26.752562026508823
Hunan Province,324,genextreme,0.23670025815377738,188.795259623498,35.58659337326145,0.1728968606584811,110.93999102660351,26.577475313081035
Hunan Province,325,genextreme,0.2848191606834235,188.99028840950413,37.008346737154724,0.15326223953660434,111.04478777224409,26.82146066384032
Hunan Province,326,genextreme,0.1981394119699555,186.44304279153152,34.90711409271573,0.13002537742113868,108.85657432536959,26.763547041037985
Hunan Province,327,genextreme,0.23612801921843363,187.95075078656095,36.590379627111524,0.1540656233516528,110.22090060668705,26.679529558088177
Hunan Province,328,genextreme,0.1726829483653202,186.2602157673864,33.57797132586711,0.10643442097462652,111.22102152193285,25.511178071817447
Hunan Province,329,genextreme,0.25221595707595085,188.9756203806402,36.765597877912086,0.16239511875563117,110.99643713062056,27.24159135468085
Hunan Province,330,genextreme,0.238148921992035,187.14552250032222,34.63567830462006,0.10682681847413286,110.96912102200281,25.629084782595953
Hunan Province,331,genextreme,0.2565085867402813,188.5792338935779,35.75853228196191,0.14523020238848533,111.46280234478341,26.178410091487688
Hunan Province,332,genextreme,0.22652101995112914,187.74549118087901,35.49711446271998,0.09196308846718598,109.37374112937096,25.93398511664651
Hunan Province,333,genextreme,0.24212401529724942,188.5055830953582,36.284385541701056,0.16280527564307098,109.14540008847257,27.0858347682654
Hunan Province,334,genextreme,0.19886724553552776,185.97798883626518,35.71271917190394,0.11079361948795494,110.52136202273032,26.40421438908502
Hunan Province,335,genextreme,0.30038600372229807,190.17410028352128,37.503012388826,0.1229623940991168,112.10433651908443,26.169081100697166
Hunan Province,336,genextreme,0.25075198690629574,185.47617410292003,33.81175137872161,0.09697155057061135,111.61414420549639,26.81944999498873
Hunan Province,337,genextreme,0.1356526699325562,186.01748871500592,34.600868413194405,0.15247855839091362,110.60153963817982,28.376685549567654
Hunan Province,338,genextreme,0.21105145925434465,187.74373574319077,35.09796604834574,0.07450833532287403,109.68215717682145,26.899721062006968
Hunan Province,339,genextreme,0.1906825732595761,185.43201225104633,34.75566827385779,0.13976202475532715,109.9747234370098,27.278642963948297
Hunan Province,340,genextreme,0.21215574187185268,186.3578213900546,37.50053667110297,0.08455033351181476,111.52585892839237,25.868090665694872
Hunan Province,341,genextreme,0.18924927884953568,187.6939072014464,35.14014575977643,0.14587001070073669,109.89707904271638,27.49550122792038
Hunan Province,342,genextreme,0.22275134717991346,185.38581681341816,37.19783565100819,0.10429078342567635,111.00993625179511,24.41735340726872
Hunan Province,343,genextreme,0.22132927857373114,186.4740597340915,35.29289719082118,0.14262862773107535,110.34803484461395,25.764816751421055
Hunan Province,344,genextreme,0.16686967568750627,190.20103870870525,41.83200392860519,0.1652362797446764,110.74807483259126,27.490248149812608
Hunan Province,345,genextreme,0.268408675689212,187.62541051101368,38.43345822089863,0.14679790453436628,113.94303626107609,26.24181139467587
Hunan Province,346,genextreme,0.23324651173823444,187.58176005790398,37.55794292689744,0.116334249189603,110.92927678103682,27.156642385863993
Hunan Province,347,genextreme,0.21851208526220003,189.09404588256652,36.06802744912437,0.13162982295943187,110.73577910810548,26.257751096755765
Hunan Province,348,genextreme,0.21341606063546864,184.48730483779565,35.539670287194774,0.14343492110759615,114.20085945828586,25.782939561215027
Hunan Province,349,genextreme,0.21990130338825709,187.062509326287,35.59348363327956,0.07092637033932073,111.34397825052673,26.57801499507668
Hunan Province,350,genextreme,0.16591110043803653,186.10531861186493,35.32762091202423,0.14320330172821671,112.9694772956688,26.311011692029346
Hunan Province,351,genextreme,0.2572673626947792,186.56467698852532,35.267283736003684,0.15671479524567394,112.2016975594191,25.894656592891167
Hunan Province,352,genextreme,0.255796595667634,188.80120915223006,36.80240736607219,0.11064887734518129,112.97226046010263,27.36928147115212
Hunan Province,353,genextreme,0.2855682781204484,186.53418691809293,34.32251051925446,0.11897071004781845,111.33424096588425,26.96334289483022
Hunan Province,354,genextreme,0.20188668038800872,188.13959657216526,36.18674231859991,0.10243104855417601,111.00426152161981,24.206106031901015
Hunan Province,355,genextreme,0.24480905368469189,187.70997014626903,38.09954610268494,0.1396022144756065,110.62723370696622,24.935612641188968
Hunan Province,356,genextreme,0.14656900988217741,187.22880590322626,33.026632355148706,0.1368984025271641,110.4436090036318,26.477462812478166
Hunan Province,357,genextreme,0.21113332506142898,187.91299290020558,34.541678247563716,0.12696858493837127,111.12417685880564,24.666082311016012
Hunan Province,358,genextreme,0.23907650131373018,187.1176620101964,38.06733088532823,0.14055566017402452,109.77022119705501,26.278425641885946
Hunan Province,359,genextreme,0.24782114582179493,187.46026795095702,36.765381443023514,0.10502066214887534,111.7442064322207,25.370386193417584
Hunan Province,360,genextreme,0.25628252686042285,185.70550558909963,36.91518603840244,0.18300729531363863,111.35416667515148,26.098585998077034
Hunan Province,361,genextreme,0.2679705679690832,186.97866153532811,35.9597612523516,0.15255133874043963,112.41323612834447,28.01427950856573
Hunan Province,362,genextreme,0.1984111551535967,186.29187322094046,35.56204515391874,0.14936373590970442,111.18291888573236,26.592124849465577
Hunan Province,363,genextreme,0.24367188515639976,187.53049567673781,35.04023788413316,0.16823357720733806,113.06741665057422,28.41911379418832
Hunan Province,364,genextreme,0.3201157869162743,187.95528403790712,37.054075457635236,0.14383208236921535,110.88231004273143,25.37852191788044
Hunan Province,365,genextreme,0.21235383236835778,188.4961801778795,33.93730170904487,0.09573558030808427,108.1856283505004,25.975564623611575
Hunan Province,366,genextreme,0.2189410008728339,188.14931442615028,36.13926517971994,0.13626371278055244,112.7361816598461,27.05834609509288
Hunan Province,367,genextreme,0.19723910280379608,186.1018301605926,35.15483062656533,0.11871538256600464,110.45159576210317,27.314429959927352
Hunan Province,368,genextreme,0.2790510462440867,190.71999059881693,36.57154579460107,0.10865333876804427,111.18288836769342,26.281005464767873
Hunan Province,369,genextreme,0.2190310328699451,186.08840173769624,35.072409194498846,0.1655755657417318,111.93979650901338,26.440586555997406
Hunan Province,370,genextreme,0.25946882395532817,187.83819574222315,36.26052697983804,0.14531707771157665,110.90416531721195,27.538029830431675
Hunan Province,371,genextreme,0.22113844382403652,188.19605625330044,35.093940331299166,0.1157999808805235,111.07706044387245,26.37486364222181
Hunan Province,372,genextreme,0.2688573439339501,188.14305981115575,35.71342302517873,0.11320493145023303,112.19834141111778,26.31859129887077
Hunan Province,373,genextreme,0.21512961241182238,186.18765932195242,33.93865718975717,0.12450517442180203,112.09442313158263,27.82238314585687
Hunan Province,374,genextreme,0.22856432428635998,187.65673391773612,35.04503793887048,0.10590960567848798,110.16905510587141,26.561110516151622
Hunan Province,375,genextreme,0.22675803689156743,188.82056912143224,34.773345800088855,0.1281567772752763,111.22862137017728,27.11891986469456
Hunan Province,376,genextreme,0.1745071561695602,190.3674940947138,33.161929842903966,0.16646031192719557,111.37366481874429,27.02790010818184
Hunan Province,377,genextreme,0.21015397023631643,186.8553499453606,34.40564215369071,0.11541681626561492,110.723320352981,25.422901542152978
Hunan Province,378,genextreme,0.18688527137448713,183.67426041364917,36.180609449935744,0.17900204843474965,108.68316066661657,25.71177035250682
Hunan Province,379,genextreme,0.21097854020469697,185.73802026892676,35.198111069032805,0.1283887448943387,111.24060710378546,27.906618889269367
Hunan Province,380,genextreme,0.19766094532281325,186.88372909344622,33.58913837161225,0.0810701698851957,110.5001961569289,24.217576494699156
Hunan Province,381,genextreme,0.22912112437097726,186.11816211274942,34.25832635441412,0.11752815457401375,112.91353554332542,26.43647577780744
Hunan Province,382,genextreme,0.21668137760996448,187.6513056858081,35.46409828652901,0.12901778105089767,111.57965151159996,28.467450257405392
Hunan Province,383,genextreme,0.18975187552916123,186.15568872669795,36.84102570088531,0.1249366044497458,110.94690314133743,26.60652300797608
Hunan Province,384,genextreme,0.25417351783822306,190.48963415346685,35.71356321115818,0.15840364985436733,110.52982380507149,26.19105396512959
Hunan Province,385,genextreme,0.24754267824498832,185.08543150936134,34.21126918794005,0.1528516682318269,110.56193913939066,26.780498372063853
Hunan Province,386,genextreme,0.2278237467629015,185.2849914737909,35.32383310478309,0.15639150680938452,112.6755824302987,27.418693244108525
Hunan Province,387,genextreme,0.1943092255281279,184.20226667866578,35.36826700483937,0.1032649976738555,110.05784049580848,25.663659933241384
Hunan Province,388,genextreme,0.033553530383997165,189.52668378431179,35.49830075066984,0.1269141135279733,110.49918698541757,27.466617670691967
Hunan Province,389,genextreme,0.18409552874667484,187.0310788499345,35.07802534798101,0.07060302506250568,109.11083921710667,26.23380185436884
Hunan Province,390,genextreme,0.22064130507670499,184.84817808136387,35.86064194459786,0.12319128110270484,110.00988605332606,27.185422353483634
Hunan Province,391,genextreme,0.24250980679386408,184.37067903924066,35.779426613153575,0.1127074909697664,110.80760519541155,26.05442930266866
Hunan Province,392,genextreme,0.2153717742608272,188.25596585562903,35.298059202025584,0.10130328886967008,111.47420730509407,25.77489254170222
Hunan Province,393,genextreme,0.21683512076425904,187.96601770145787,36.61163837670839,0.11225485462648926,113.65162275559766,26.077553883489493
Hunan Province,394,genextreme,0.3009896300089301,187.21301431636914,38.286355741395596,0.1843070706918971,108.75684103932197,26.638075454714297
Hunan Province,395,genextreme,5.775106253422036,298.1080539896278,4.953385541532414,0.17878941577251134,111.48931091966705,27.698735134013354
Hunan Province,396,genextreme,0.20813481971029799,189.73757311066655,36.60929926119903,0.1275238345616167,111.01710182366108,27.368234857417292
Hunan Province,397,genextreme,0.18476679274138438,188.84858864134785,35.99685683445917,0.0729709060662361,110.88258870540272,26.561162555751455
Hunan Province,398,genextreme,0.23180973113364928,187.1929892333252,35.06224583640792,0.14483451084208177,112.50889062810003,25.50891304811975
Hunan Province,399,genextreme,7.836330632521916,292.5663093329474,0.48948504972928386,0.1386066755514878,113.62752149262825,27.076878586623238
Hunan Province,400,genextreme,0.22860064491695836,187.06765229255257,34.66809821714379,0.12444254058017765,110.17076400533146,26.560240475271584
Hunan Province,401,genextreme,0.20282752109949692,186.83296180708584,35.90388432948906,0.10262828086806322,111.7419122653537,26.82381076186135
Hunan Province,402,genextreme,0.21758676749686218,187.30812688873317,35.38393524979591,0.14200319095425915,111.34190321244478,26.16100546627215
Hunan Province,403,genextreme,0.20272950629772002,187.21508789725044,36.93621085652241,0.09215085235572029,109.0134037947025,27.028642270049538
Hunan Province,404,genextreme,0.20059842481324935,187.4121608616643,36.46020548497637,0.06948383215075635,110.8144088117641,26.57600918625022
Hunan Province,405,genextreme,0.23069805908327096,189.5743443881155,38.3502453073928,0.09828836999208657,111.45046797886593,26.768673955762743
Hunan Province,406,genextreme,0.23502467000581756,187.36400974784448,36.68975326795524,0.14226348125997185,109.71664299804323,26.013112881167395
Hunan Province,407,genextreme,0.2098723546428526,187.05038118173482,35.595872839813836,0.1466365337157966,111.35205244351229,26.782399894937225
Hunan Province,408,genextreme,0.20001420901906264,188.681600946865,35.993695832014225,0.1457416137931056,111.47045188217413,27.192400077731932
Hunan Province,409,genextreme,0.2229588717754593,188.9897394035653,36.448491368029806,0.13847906709552082,113.54878278119726,27.295580401474915
Hunan Province,410,genextreme,0.21953617633877792,190.61394223126382,36.309347990507874,0.12531533938941117,112.06165536622666,26.36172219090407
Hunan Province,411,genextreme,0.25539524939238,187.24904497400473,37.486901823857075,0.10892462082512522,110.39202008149003,26.91239380409123
Hunan Province,412,genextreme,0.21750102438086855,188.60293101666912,34.77696435488765,0.12793650747430882,110.54091787703106,26.233250415492275
Hunan Province,413,genextreme,0.20996498048592552,188.34971598985572,35.805624808056905,0.1372925556504076,110.78985004910872,27.006499453295785
Hunan Province,414,genextreme,0.23941933589449427,186.5825648462062,39.73157704196723,0.12801429030311384,111.33966876198663,25.171169975804318
Hunan Province,415,genextreme,0.5044185625833675,195.6059099982183,53.59553312219052,0.08427601907232675,108.09936072325034,25.403746516485665
Hunan Province,416,genextreme,0.23447545170953515,185.47144294734997,36.24561912497804,0.18495215581559454,111.39154292839899,27.785182041101745
Hunan Province,417,genextreme,2.1923186266964,294.8394118590919,19.653381646354468,0.15114633690190227,109.61016164688633,27.645698242538963
Hunan Province,418,genextreme,0.21583658405222444,187.3137751118163,33.73633517688893,0.16317080865631278,111.68972698031587,26.800436022358124
Hunan Province,419,genextreme,0.2045141068853749,187.76757777136606,36.30874903482703,0.0977026684554407,108.59684601781129,26.05042816253247
Hunan Province,420,genextreme,0.24105727002752197,188.3975796134025,36.48642991114845,0.11013671513064924,110.79435180155518,26.781065786828556
Hunan Province,421,genextreme,0.2195613115208671,185.42068537793352,34.02141977573697,0.11794488895421838,110.04063314560088,27.080845242151753
Hunan Province,422,genextreme,0.21311830644650454,187.73672477811897,36.061663828442875,0.14907821390510906,110.71351094186454,26.385645848246625
Hunan Province,423,genextreme,0.22107498536660924,187.91842349734605,37.145293083117934,0.18078304279124732,112.71517139320773,24.975855935152147
Hunan Province,424,genextreme,0.21542066966929863,188.85805723421123,36.4516834679934,0.1464442967581585,109.98762820524244,25.502592405998094
Hunan Province,425,genextreme,0.25966223716291925,189.6130017160179,35.44910077004292,0.19287747070678554,113.54735299414112,26.72927496532141
Hunan Province,426,genextreme,0.24176992890953197,189.9032523660955,33.89720564017409,0.13517119473349437,111.18721673305943,26.723416799612867
Hunan Province,427,genextreme,0.22583160356169124,188.80050326207552,35.75746592381968,0.12823452324890094,110.62646715567071,25.995906926652886
Hunan Province,428,genextreme,0.22857685431585412,184.57208227851987,36.909601641652216,0.13848040611683876,112.48089693064401,26.682878120051026
Hunan Province,429,genextreme,0.2305030147826175,186.5852726650591,37.64272680470095,0.1575017862406407,111.27002468511459,26.538333857284314
Hunan Province,430,genextreme,0.20553285843627056,188.54498789555288,36.42942751910243,-0.11797578789284557,102.300958012303,35.4419491711468
Hunan Province,431,genextreme,0.23579430467261137,186.35309748661592,36.27097901095338,0.18734152650926575,110.37153757027743,27.134303217397985
Hunan Province,432,genextreme,0.24258997692913334,187.23458815033212,36.72293992892558,0.14073159981109543,111.4759439523616,27.298866352344778
Hunan Province,433,genextreme,0.2195419657381992,189.33704589705883,34.38402154890284,0.07846584587016464,112.58084139045084,24.884156200242934
Hunan Province,434,genextreme,0.2194052368997249,187.32275396462882,36.94193795635677,0.16713300629822508,112.80588473878774,27.31853049193353
Hunan Province,435,genextreme,0.22083012448882217,189.42222087405332,36.304227701899926,0.08883595824683704,110.9776072187552,25.946460912856786
Hunan Province,436,genextreme,0.23501678728495828,187.3160680955603,35.349526867080655,0.13846000611279607,110.37816960939111,25.363188603124563
Hunan Province,437,genextreme,0.19137186384899788,186.78241590497902,37.245171240580916,0.1150393782937153,111.16186081127859,26.69777121197449
Hunan Province,438,genextreme,0.248448185141541,188.90071137309315,36.161140887131154,0.1629637766914046,111.49719821213094,25.134678295751712
Hunan Province,439,genextreme,0.2586394062113213,189.15822127756564,35.81809342702685,0.026856641917470808,108.6383676126514,24.82133103155105
Hunan Province,440,genextreme,0.2047225258121924,186.3673523112842,34.160256763986396,0.1129139227726358,109.10330916714358,25.694646333196367
Hunan Province,441,genextreme,0.23088780324197694,188.6558519056876,35.67775705329194,0.10404139845337029,110.79854462958212,25.804731913551777
Hunan Province,442,genextreme,0.20558210942476324,185.76815099807874,34.376896505364385,0.10860536060467882,109.216881816512,25.662364771045706
Hunan Province,443,genextreme,0.22300991017050414,187.2570037595412,36.2970602774395,0.13093753105413575,109.97768419205912,26.631348773231693
Hunan Province,444,genextreme,0.22259022333245854,186.44248257307487,35.76858196050852,0.13107825031978235,110.0360305955567,27.407620770909826
Hunan Province,445,genextreme,0.16407610172701262,185.70643253299414,34.17546577091463,0.39420410529127037,115.63303543418726,43.7901763119483
Hunan Province,446,genextreme,0.19135999474401855,186.72415332031778,35.2429926912683,0.14207362185583666,111.17100697846143,25.73473616836915
Hunan Province,447,genextreme,-3.4557498124089694,101.05642409104783,2.1606768247069192,0.11578721426607833,111.3207283234392,27.344049744681385
Hunan Province,448,genextreme,0.17563319316514403,187.19882815098106,33.35817024184534,0.10736799992283438,109.41234275629859,26.54133136234615
Hunan Province,449,genextreme,0.21327690299399502,188.35319464226615,36.17206370951981,0.16210514682269825,111.08524566870084,26.402886684956755
Hunan Province,450,genextreme,0.26142788039153725,191.2253142287385,37.77110187133117,0.10188055231813362,109.90859720161163,25.63755201273814
Hunan Province,451,genextreme,0.21369224383394897,185.60611781983368,35.76740505686408,0.14704584006869537,112.285463078997,29.24925893690387
Hunan Province,452,genextreme,0.23147173072304678,189.13004024757893,34.93687813917461,0.12754743977437394,109.23314591026285,27.513155187217528
Hunan Province,453,genextreme,0.22301639473487495,189.2989359278671,35.68803745354697,0.12334758865439682,111.9356034994218,26.207442751740793
Hunan Province,454,genextreme,0.23731408916320096,188.84330521643244,37.365712834966644,0.09743439559284997,112.32118344685583,25.289505395280006
Hunan Province,455,genextreme,0.19435442593049884,186.4354202468948,34.02632367534497,0.09099148499210624,109.5606308272511,26.223354538286806
Hunan Province,456,genextreme,0.23977705989660364,186.96880637784017,36.2670249202365,0.1225351598115596,108.38052135723254,28.052591059187776
Hunan Province,457,genextreme,0.17977191587706054,186.0870447953024,33.442392400178875,0.08359101469029706,110.46072606886251,27.471904894716673
Hunan Province,458,genextreme,0.26499109462223036,190.43114311231972,36.5281495742944,0.10676443870915929,110.16389956321856,26.20598137731561
Hunan Province,459,genextreme,0.24004914860738663,189.49500886748405,35.339946744784044,0.09861910165510247,109.63792112014383,26.239109646496626
Hunan Province,460,genextreme,0.20659955012547054,185.27223526038722,35.77713986582935,0.1395553923287267,111.62373872860883,26.61641669024023
Hunan Province,461,genextreme,0.2333954053886192,186.31991968138547,37.41651687481913,0.13749045536007104,111.09432248316332,27.045035645465994
Hunan Province,462,genextreme,0.22061094506136825,187.5699311778576,35.96761973222148,0.09909934584811793,110.26018366324027,25.260018041586868
Hunan Province,463,genextreme,0.19555530675830138,187.0845370948963,33.868440224260226,0.11115942840120764,110.2111223778798,26.690738742772965
Hunan Province,464,genextreme,0.19289063592245598,187.29733777449496,34.90761060683613,0.0982839233309304,110.49114765679977,26.48789127332475
Hunan Province,465,genextreme,0.22950238477285634,186.77246219086635,36.27801284411017,0.12238684057092458,109.53292936236846,24.704845998291262
Hunan Province,466,genextreme,0.1895311767630493,187.0910372866814,34.30933554778889,0.1235339011999515,109.73121963999458,26.244865827237213
Hunan Province,467,genextreme,0.24164280769211796,188.84245544870936,35.23054926063308,0.1504363020040319,111.29527751142679,26.864744278281137
Hunan Province,468,genextreme,0.2535020082417182,189.2212486049363,38.539321187643,0.1406904013013635,110.51254636811528,27.152966026815882
Hunan Province,469,genextreme,0.23482390180289825,186.9325153747431,36.78951435816284,0.11201168648807996,111.58393711910963,27.214116431942628
Hunan Province,470,genextreme,0.2316258901170941,190.56852438434265,35.967576428278406,0.09053206582910142,110.97643022461415,24.939657238270172
Hunan Province,471,genextreme,0.1929200735450408,186.76752650213746,34.11031726934347,-3.372490328258335,46.5443884795295,3.2170844369194427
Hunan Province,472,genextreme,0.23949656443277018,188.15746277572578,36.257088392515584,0.12249636134861827,109.34021799639024,27.39732969393325
Hunan Province,473,genextreme,0.24970172781626604,187.75786103880938,37.44534515382993,0.18002923918414943,110.79309534883032,26.113434589935167
Hunan Province,474,genextreme,0.09028028488811132,183.34800124951738,30.142604719979182,0.07736901286366388,111.902549434539,26.177655448270393
Hunan Province,475,genextreme,0.2621816732409684,187.01028630137182,36.47212625200281,0.13442233676065357,111.02301293850164,25.518706742576825
Hunan Province,476,genextreme,0.22754142166022467,186.495987350392,35.883089795439304,0.1396885361367975,110.04039751426706,27.701643650480776
Hunan Province,477,genextreme,0.2209244010481486,186.5341125282933,35.67441525486799,0.11198924211466747,110.67122316362054,26.915522595531847
Hunan Province,478,genextreme,0.24930310761464533,188.4539736625293,37.506837907856045,0.1423660497891274,111.39298363812179,26.266084620003685
Hunan Province,479,genextreme,0.13545885151394793,184.46740195409714,33.906689094314004,0.15408726600685646,110.45984074380542,27.303411337471154
Hunan Province,480,genextreme,0.22461358360468012,186.6063206016394,35.35522718290102,0.12765863644450393,109.97374121669753,25.891213885575226
Hunan Province,481,genextreme,0.19869649918479715,186.54404408519514,33.73323106121218,0.06867213076753262,110.24782542850727,25.502050141318907
Hunan Province,482,genextreme,0.5102620597972551,188.30524154896943,55.582853998347716,0.1230136980776732,109.20715926369198,26.635136364476068
Hunan Province,483,genextreme,0.21920190781866744,187.62929024964492,36.10609381110278,0.14041045502385224,110.24039954067408,27.444265502366846
Hunan Province,484,genextreme,0.25050748678431917,187.59423613899764,37.220234278514496,0.13748445898844275,110.59112693676815,25.520117401143054
Hunan Province,485,genextreme,0.22047735021234866,188.1459812945066,35.565313696173746,0.14759022537082223,111.15509461173454,26.354315336876375
Hunan Province,486,genextreme,0.16118081080305008,185.46108038625175,33.79048911620826,0.1776658425341497,111.1209480120177,25.56520567589721
Hunan Province,487,genextreme,0.19586803546160286,185.76385182077604,34.537920143471055,0.144858090766589,112.095399785473,26.322369772015648
Hunan Province,488,genextreme,0.20873555097469126,187.8943505775471,35.54957595752923,0.14510823744892254,112.14685183808456,27.791430397899653
Hunan Province,489,genextreme,0.2360623983344195,185.53635700369801,35.275970801750134,0.11754524229991635,111.02563570040002,26.64701184999634
Hunan Province,490,genextreme,0.21093824127374144,188.2742010196118,35.47732320488138,0.059905633272878865,109.75979937857468,23.988397162074104
Hunan Province,491,genextreme,0.24362922458342906,186.1589373425823,36.90190250569949,0.14049207430385963,109.54326700101736,26.280657950021606
Hunan Province,492,genextreme,0.3304110458981535,182.39366259816939,45.83459854352685,0.15095010024643846,111.27857190389835,25.535242677231146
Hunan Province,493,genextreme,0.21177908104256007,188.0778788040428,36.05369421500476,0.16933597811555234,114.62013972043107,27.456089329460134
Hunan Province,494,genextreme,0.23773129052073944,186.83662037116358,36.537385301615956,0.16719882952332565,110.80385507629853,26.668276846347172
Hunan Province,495,genextreme,0.20839709285929414,186.78050764704307,35.05219850163798,0.11369838990701485,110.34115751547469,25.13163047363708
Hunan Province,496,genextreme,0.20346842418249356,187.5095811000924,36.37765810096663,0.12484009719950762,110.51741669638943,26.60811778901859
Hunan Province,497,genextreme,0.30041126288296816,182.59314597569312,43.97327589023101,0.1622502062412491,111.61296256253254,25.579359473756323
Hunan Province,498,genextreme,0.19975606695658074,185.13684690915352,35.722769441701224,0.11309943264789787,109.83964197474039,25.369561283775106
Hunan Province,499,genextreme,0.22328771143577408,188.71178729474275,35.16569240259808,0.15712241266766874,109.38451703586429,26.101105177265417
Hunan Province,500,genextreme,0.06674333150161468,187.89056067664472,35.40284552132593,0.16572820189986406,109.49173382670563,27.5734054178273
Hunan Province,501,genextreme,0.26498151208848064,187.24035087084445,37.56206446190633,0.09327202134576995,110.89774489990154,25.921732027183474
Hunan Province,502,genextreme,0.19135899670513234,186.6579720419297,34.29880611273701,0.12099902754069995,109.57128986653592,26.469816869110467
Hunan Province,503,genextreme,0.19316101522546342,185.5242746246846,34.474580608713254,0.18440750776479814,112.76124473168971,27.774544758776397
Hunan Province,504,genextreme,0.18793338969845824,186.32146122895102,34.563943901276545,0.12968860829811618,112.5544784751255,25.924494509391877
Hunan Province,505,genextreme,0.18740294212943853,186.34658956590624,35.536595244650556,0.1259176489832159,109.68458470704995,26.698178612395303
Hunan Province,506,genextreme,0.2580796854194304,187.92283066866105,36.62160076787096,0.14678035348820218,110.68419286148074,27.031519068770905
Hunan Province,507,genextreme,0.24689390349916776,191.2090613720915,36.709476994348925,0.15694431782271462,113.04497837187654,26.3590132569215
Hunan Province,508,genextreme,0.20675394265458635,185.602795070428,36.077866218384386,0.14629407780698667,110.0803582474785,27.620609028705815
Hunan Province,509,genextreme,0.16238665140356168,186.92080206011033,34.59786109056951,-3.287997472152066,46.22999537115299,2.9833636608419556
Hunan Province,510,genextreme,0.23628440328217634,188.82592292253435,35.04908314034162,0.15070746401993346,111.6967994607997,26.36310978614498
Hunan Province,511,genextreme,0.219299014769054,184.79506834880002,35.41924027849079,0.1419224865925679,112.38166936528465,26.020942402061685
Hunan Province,512,genextreme,0.2304638042942136,190.4638155585374,35.809213261097,0.1628117350536115,111.00530705804451,25.566262762003298
Hunan Province,513,genextreme,0.1935783573441413,188.4623303480127,34.991117823626304,0.1250825692942719,109.86855342844822,26.76892800836851
Hunan Province,514,genextreme,0.21170996976693313,187.33663216584182,35.05237269467878,0.15386113795172734,112.61448736654756,27.85118510797797
Hunan Province,515,genextreme,0.2436275056723743,187.6313379777962,37.015454511520936,0.122938773307075,110.44401651045467,25.795876577640207
Hunan Province,516,genextreme,0.23776349209822004,188.01594235148673,37.22351264174227,0.12911638866818914,112.55847095371772,26.18535625212658
Hunan Province,517,genextreme,0.2769387243282502,185.20621358697997,38.00284953575522,0.14196445024200202,112.40762268957687,26.742741746829335
Hunan Province,518,genextreme,0.2072696982965449,186.83066797101753,35.93131335209614,0.1002286759817742,110.00894625366098,23.999559368960597
Hunan Province,519,genextreme,0.2297750291858667,186.44098615647573,37.54936792738214,0.1508512555706841,111.63577401646845,27.26843326631169
Hunan Province,520,genextreme,0.193654036958815,186.8306380674506,34.20719281240313,0.12504549765663825,111.01426628861192,26.415131287886762
Hunan Province,521,genextreme,0.21897383988743319,187.94087296247932,37.35511370529285,0.17483127271136123,111.68009770470988,27.166671502458787
Hunan Province,522,genextreme,0.28775865865308803,191.78003707735246,35.87029088961084,0.16249880735498107,111.9965990779547,27.31079259641963
Hunan Province,523,genextreme,0.1899629099020966,183.99925650426633,34.67930795412549,0.14858187050500538,111.94654373967234,27.45055979824258
Hunan Province,524,genextreme,0.21321203865639077,186.30848476948523,35.943847529407165,0.15106145895266354,111.66862602802345,27.22645286370288
Hunan Province,525,genextreme,0.18144530721013014,187.26587351924184,34.00422248261311,0.14920608864283535,111.36811044153663,26.98021552218828
Hunan Province,526,genextreme,0.2390483181720338,187.68503220595932,36.11172918407976,0.08815522294875022,110.03571963321404,26.401594483950163
Hunan Province,527,genextreme,0.19813635180478334,184.087374191918,37.44591500502001,0.12217201524437077,108.95772630704592,25.228327054570357
Hunan Province,528,genextreme,0.21623407918616072,187.6992841019595,34.58101835427331,0.1687581778184176,111.21318018730022,27.55625361497375
Hunan Province,529,genextreme,0.1895880599700345,188.05856557323432,35.38301819281797,0.1406525942878047,113.11805813340229,27.63307196583608
Hunan Province,530,genextreme,0.19710705491092023,185.9094680094053,35.573854321918105,0.11974187466515436,110.1361102593456,25.753368400032528
Hunan Province,531,genextreme,0.1510717248886022,188.01234929603618,35.43772882563695,0.16972388488569365,111.43981597925013,26.637060572264673
Hunan Province,532,genextreme,0.2140392638679402,185.34165947534433,35.86286070573429,0.13539882487499588,111.57018156113111,27.84002829370621
Hunan Province,533,genextreme,0.22678190173587953,189.5518944599503,35.291204322930085,0.145153462996795,112.32451926859042,25.885747201546085
Hunan Province,534,genextreme,0.20032260769270036,185.5128752558153,34.74041896417236,0.11595235650204631,110.52333753842046,26.48089037143958
Hunan Province,535,genextreme,0.5068039322498432,204.81937697085732,53.01741635972354,0.14119152505979676,110.51918159171592,26.45891377554966
Hunan Province,536,genextreme,0.3387425836659902,186.47868584800494,36.9112863976506,0.0874835628958953,112.28122851783411,25.965563787326474
Hunan Province,537,genextreme,0.16778058061010404,187.25060429614325,34.10298762387853,0.12675799437979546,110.22560017605606,26.91510207990111
Hunan Province,538,genextreme,0.2409465742396335,185.62673361664127,37.12843250584733,0.1316585783148168,111.96527528387682,26.604374747758186
Hunan Province,539,genextreme,0.2509443725353667,186.4057535355126,37.977260474652326,0.1797586954089863,111.67898447369413,28.373959529683
Hunan Province,540,genextreme,0.1925004895381966,185.2751797275738,35.305489437252135,0.1588625132395699,112.55561060371784,27.89283471136698
Hunan Province,541,genextreme,0.20999581750026816,185.5230348198055,36.83452897580311,0.14874494831238053,112.17343658101991,26.598802645675917
Hunan Province,542,genextreme,0.2104090893739345,182.15251154031512,35.721581371963445,0.14637105912463616,110.7299587455337,28.521273863303847
Hunan Province,543,genextreme,0.2456300136987512,187.99088836426228,38.44114806174382,0.12361345699965354,112.4927723887451,25.690670211671566
Hunan Province,544,genextreme,0.2587014680663704,188.31636849072493,35.96523545411176,0.09457125399040353,109.45916179595007,26.247470951892165
Hunan Province,545,genextreme,0.195477908828269,187.1155112698711,35.10622954296636,0.12838359428056903,109.4793371811566,26.350389468062147
Hunan Province,546,genextreme,0.24961669900750627,189.53756953511493,35.77551780651595,0.18778330646957464,110.88024512006655,28.400174621816717
Hunan Province,547,genextreme,0.25689669805817406,189.06736035153824,36.27840047776556,0.1414750229328895,111.20821901739492,28.385194184749825
Hunan Province,548,genextreme,0.20389784592039212,186.12087755604603,35.62394973878255,0.13468202056772452,110.4110056226279,26.672110502395107
Hunan Province,549,genextreme,0.4602065922608518,173.14405371710308,65.18573153051068,0.11722022995465459,111.46080781464676,25.001149554143353
Hunan Province,550,genextreme,0.2604158125372238,187.96138622653646,37.149240150877134,0.09130271003474,110.76067746330808,25.377419233714274
Hunan Province,551,genextreme,0.24207070046371093,186.7711783127619,36.48806399029101,0.14429347168892315,110.01399318145653,25.811799649790775
Hunan Province,552,genextreme,0.16695985082354042,184.3864316149315,36.161670294186706,0.20441849756153885,112.12628814858635,28.488745656137723
Hunan Province,553,genextreme,0.21780531153705096,187.50621450421767,36.606293405467525,0.11000613572617308,110.0220943643005,26.971225257362512
Hunan Province,554,genextreme,0.2365651780911259,188.1613037672112,37.36217337192396,0.1040032819565879,108.91163657610053,24.83278004385065
Hunan Province,555,genextreme,0.18933062241429177,183.65009416973686,33.59399976810772,0.12192036826742648,111.59131505207512,26.556912406246767
Hunan Province,556,genextreme,0.31875646561572313,196.25181616259601,41.42896519199252,0.17334934305679972,109.08620932177757,26.611200720655397
Hunan Province,557,genextreme,0.17656955609710784,187.74873364938782,34.21127666647578,0.12606652525262677,112.27728063131028,27.56252467013516
Hunan Province,558,genextreme,0.2352257724424781,187.18912897980954,36.86682429318352,0.10387352904641747,113.06838893984062,25.06366253735736
Hunan Province,559,genextreme,0.23805019069590794,187.17575233254365,36.18085545525753,0.13463678500819992,110.55981717339046,25.87511829761703
Hunan Province,560,genextreme,0.19639232367832155,186.89072899094128,35.73937174637862,0.10551795433481473,111.25925309343265,27.127769804159307
Hunan Province,561,genextreme,0.22457170008523536,187.66128185022913,33.59102579356271,0.1728719291231557,109.92447934288373,25.337704662745818
Hunan Province,562,genextreme,0.20232577772470284,185.16651410297803,36.3111346432423,0.13735335607553423,111.37680770051381,26.512021842262747
Hunan Province,563,genextreme,0.1955225455505438,185.33985949150087,35.26835522029822,0.0843309987104789,111.75527272356742,26.993806308627555
Hunan Province,564,genextreme,0.21100461841023016,186.5924000960289,36.302379187725904,0.18698657337564717,111.66596164642826,26.21817554685269
Hunan Province,565,genextreme,0.23315232872270325,187.34891889824115,34.852013689199424,0.16823903634400483,111.39785272641029,27.429521955213055
Hunan Province,566,genextreme,0.27324027263305184,190.92375130050576,35.004087828076024,0.18223949813581614,111.16093392925004,27.4227839605958
Hunan Province,567,genextreme,0.23919611662613277,186.86066686755032,35.329583636548904,0.11307742638375928,109.92029561689546,26.76961667271386
Hunan Province,568,genextreme,0.19838643572413062,187.33011266265584,34.90845760914446,0.40758686730040905,119.84703640116629,39.86803003832354
Hunan Province,569,genextreme,0.2664473890215321,190.36508423796317,35.68142550248267,0.08021884736472182,110.26779890036799,24.387103391384386
Hunan Province,570,genextreme,0.20365752851616,186.3916261200718,33.89720160447863,0.10923185359573417,110.13914622710374,24.851063633832148
Hunan Province,571,genextreme,0.5582563339839455,120.76774474840124,103.19889788283024,0.15091092784877105,111.0700475485566,27.23885084241755
Hunan Province,572,genextreme,0.23741687860180669,187.9809377970313,35.89894893227701,0.07473528681426853,112.21529487704105,27.032716593720355
Hunan Province,573,genextreme,0.20605861128873948,187.20739510022787,36.58296824644886,0.12078516927499969,112.69524079751221,24.951552156938334
Hunan Province,574,genextreme,0.2613876071459948,186.7884241616261,37.32329049540161,0.15300757717610391,111.83972886632787,28.74512708729041
Hunan Province,575,genextreme,0.2077013023025557,186.53860058111505,36.08346818715004,0.12851051374505984,109.40596953779315,25.7574036048875
Hunan Province,576,genextreme,0.1990548432320845,190.25175419019826,36.08828122137675,0.11460778119317834,109.8152389174468,26.28786152790225
Hunan Province,577,genextreme,0.2296450700976081,189.4502789907898,35.98414106790193,0.13246511989295184,110.3858884765402,27.283944622197467
Hunan Province,578,genextreme,0.22539234719759343,183.64292151606634,34.789462948957905,0.14317017770857918,111.39841117257356,25.494628865976544
Hunan Province,579,genextreme,0.27538427555356926,188.91683644466474,35.466512965628255,0.13602671087634266,109.65489060122226,27.05105414261553
Hunan Province,580,genextreme,0.18470514232136928,186.25664451104296,35.59301769575379,0.10419879203987577,109.19166462414825,25.390490742365373
Hunan Province,581,genextreme,0.24286932092253463,187.46568364287498,36.69428446059275,-3.1419248299047284,56.85792486150952,2.3711999363298597
Hunan Province,582,genextreme,0.5031557071990953,167.0128030764243,67.41303494264673,0.13767614974525516,110.91622820390313,25.768397436377988
Hunan Province,583,genextreme,0.2050960608431699,187.2181815292532,37.28963641145734,0.13581568464385804,111.58081326719832,27.161562918944366
Hunan Province,584,genextreme,0.22623992618050354,184.17588077026855,35.330934793652844,0.1333163710829029,112.17476577319181,25.246744212716003
Hunan Province,585,genextreme,0.2245813906037285,187.2364554035061,34.833352780032335,0.1503792809434795,111.4555775740041,25.4327246163217
Hunan Province,586,genextreme,0.223848618917885,190.12457959998073,34.997861248276095,0.13833836368830404,111.09599620725993,27.057944995093585
Hunan Province,587,genextreme,0.234194295671171,188.93622458783733,35.458042762275845,0.14895264779194373,111.82186980663036,25.916747223734234
Hunan Province,588,genextreme,-3.8612590686709645,113.78340687388007,1.2641283989533134,0.12389701396485475,111.28707857096367,26.154470559862677
Hunan Province,589,genextreme,-3.15181866624643,96.72108530049701,4.524257807430015,0.12407550632992659,109.47372180207157,25.316874339614387
Hunan Province,590,genextreme,0.22545628342148646,189.1478768167383,34.18805173000389,0.18053623439044697,110.27813780977277,26.842428795101178
Hunan Province,591,genextreme,0.2022659585917833,187.9227379404888,36.28220111163911,0.11901252918069269,113.38590254400071,27.463902948772535
Hunan Province,592,genextreme,0.18729414084679585,187.07432751600584,34.842498935501524,0.14256187078118804,110.76961625881137,26.244017466767268
Hunan Province,593,genextreme,0.06275011104177956,182.8746918842519,34.16166724384988,0.14726488942836674,112.07480363643967,26.18426184643304
Hunan Province,594,genextreme,0.25812287826031777,186.79468193667776,37.54964157411578,0.09360580734959426,109.0035028671924,25.619645840472927
Hunan Province,595,genextreme,0.18188708233730655,187.64208726008388,34.979271900032906,0.14465916778189347,112.51862912831392,26.23174033324815
Hunan Province,596,genextreme,0.20073582145354585,186.2844547281461,36.520781633398656,0.13229861800941778,111.10057646526064,26.50566619331409
Hunan Province,597,genextreme,0.21605930181181288,189.74488767982692,35.113588130678934,0.09173312729339538,110.17199696791533,25.996298892249932
Hunan Province,598,genextreme,0.1875560539226238,185.48684969293345,35.25667535459934,0.09259981271246087,112.10533002330675,26.95241854780457
Hunan Province,599,genextreme,0.6367209152124009,126.48585539589567,109.41562538971539,0.13121105258798021,112.49296964983353,25.010475152367682
Hunan Province,600,genextreme,0.2502153149151526,187.79722475524932,35.66281319257369,0.149227751744864,110.90293242341582,27.3830685451557
Hunan Province,601,genextreme,0.25272033826404733,186.81455156404127,36.19586246567139,0.09341034453988176,109.28966464959679,24.992506053092853
Hunan Province,602,genextreme,0.21252886061796084,185.8719356673127,34.71517879291979,0.10836000054665956,111.71398982659218,26.07673615416821
Hunan Province,603,genextreme,-0.022186144614061924,184.8824141186712,34.9411658125956,0.16849356879598504,110.03569147297816,27.70683768373712
Hunan Province,604,genextreme,0.1870106876952044,185.601255432539,35.39640401226315,0.13575012795383784,110.14448405926643,26.48206968237622
Hunan Province,605,genextreme,6.229856647818238,300.67106655548446,0.192345418001021,0.13512682094778838,111.09031529948591,26.419703520466012
Hunan Province,606,genextreme,0.20332247832099637,183.09617514635502,34.42415785386134,0.09361952940650922,110.47381507857997,25.39055001490491
Hunan Province,607,genextreme,0.2769743006867983,190.412217898071,39.113781913755176,0.1301870098510024,108.82585812522092,27.175388692448877
Hunan Province,608,genextreme,0.2706635516934444,189.16319839185246,35.804968265095596,0.07258455525169032,109.03720641101944,24.666398012458103
Hunan Province,609,genextreme,0.23322592915564183,187.83219856970618,36.215480694579476,0.19933496586184474,114.38908343885481,28.590069484095785
Hunan Province,610,genextreme,0.3304072378466739,189.38599513610257,39.16065014026499,0.11465569128185209,111.82534794361817,26.518119647598272
Hunan Province,611,genextreme,0.2266026524666756,185.16473272432933,37.29460868888515,0.12617416720283947,112.92299112666406,27.365015894134643
Hunan Province,612,genextreme,0.21556760799775398,188.94575990003673,35.32846015603104,0.1293218776713987,109.87325595542151,25.56612539480924
Hunan Province,613,genextreme,0.2064233528400808,189.29424035060006,35.69693187041328,0.10930752074730163,111.16085759050932,26.512452279243966
Hunan Province,614,genextreme,0.24421943104653784,184.23131929844385,35.601304088657216,0.10452929688342083,110.50235943177893,26.46902731026404
Hunan Province,615,genextreme,0.1630646900874661,186.2699125230111,33.971905162519775,0.140111060909557,110.3848216952386,26.918201889506705
Hunan Province,616,genextreme,0.21480258216818765,187.45623012782346,34.47219099068418,0.14163910114721473,111.2099714296219,26.575667305910876
Hunan Province,617,genextreme,0.2224217387904183,188.5361644993102,35.27406051155228,0.1287062496671595,112.77340270354264,27.173592345963442
Hunan Province,618,genextreme,0.20548528968064816,187.39652460888095,35.53460277121738,0.11380747069238561,108.08379305037153,24.947933069607394
Hunan Province,619,genextreme,0.21109875309220205,185.07029875542895,35.21958907661907,0.11632684858344954,112.09474379933113,26.436314476455237
Hunan Province,620,genextreme,0.23266648982575677,188.37843339921227,36.56683197944874,0.16567236394747428,112.12964513828683,27.25298371574153
Hunan Province,621,genextreme,0.187887771956574,188.29420874172712,33.30776610487291,0.13276137860324047,110.80476939689555,26.962465795161854
Hunan Province,622,genextreme,0.23027058446009765,187.9428555192622,37.085262935173404,0.5417604260013382,73.07241499973026,82.6701986907774
Hunan Province,623,genextreme,0.23423739946562866,187.9200493745756,35.83074020170236,0.1045423451340769,110.57862889452534,26.979053318699755
Hunan Province,624,genextreme,0.1920956926760714,188.49347807198905,35.274239838799225,0.15199298040423775,110.94752891535984,27.00659107610044
Hunan Province,625,genextreme,0.21097844331323193,185.59340054109293,36.02933957933675,0.17103265661834227,110.42119414107778,28.629917797363348
Hunan Province,626,genextreme,0.2254476883779844,189.90367719004655,35.68072289893311,0.2058074015549064,110.8575969564017,26.752265967381994
Hunan Province,627,genextreme,0.23959013832908882,189.88152874540705,35.84430552391795,0.14238628856800545,110.9177809251764,27.992303994433435
Hunan Province,628,genextreme,0.2116720447782829,186.6001069913749,37.57057849649968,0.12032089335478671,111.38357751933391,25.96726591006889
Hunan Province,629,genextreme,5.485023904533891,287.4597154891135,5.113054183527757,0.1462751169094642,111.54453315734239,26.383530111035284
Hunan Province,630,genextreme,0.22404626166487185,187.81339345443925,34.3330710125462,0.17201575013822806,111.04974101506562,25.51487276563224
Hunan Province,631,genextreme,0.17781538875827113,185.6173675538875,33.86137123883445,0.1388583320964213,108.14111610811099,25.6319170650145
Hunan Province,632,genextreme,0.20391725678560213,186.77889310295757,36.729066682699596,0.12494697878985661,111.96423921060834,26.1552209901005
Hunan Province,633,genextreme,0.21340587759975221,187.33701883680902,34.809249853032554,0.14437911342524756,111.88039636188006,25.699514932470763
Hunan Province,634,genextreme,0.2622281034892401,186.016463956978,34.84386488275754,0.13856039141557203,109.96072325135803,27.941525232253355
Hunan Province,635,genextreme,0.21705468325586474,189.14372542217689,36.371086049612344,0.17251594292379818,112.58896488241544,27.279073738685604
Hunan Province,636,genextreme,0.23869295671899346,187.47637307164223,38.23409011826026,0.13007681999716114,109.75172473359066,28.161619999667643
Hunan Province,637,genextreme,0.21022036703845276,188.47440845789745,38.0928991727736,0.1280365140558655,109.46502637809232,24.504507751419062
Hunan Province,638,genextreme,0.2832573280118979,190.75278174186207,36.37955210454753,0.18147118982692279,111.67437365309809,25.90512402279079
Hunan Province,639,genextreme,0.2480311109513862,189.89164526299248,36.71134504228817,0.19289890495676337,111.19436197349853,26.41221568532344
Hunan Province,640,genextreme,0.23372276061902883,188.05250465029275,33.66575885758908,0.1300518370215781,111.02547518212046,25.493943525287897
Hunan Province,641,genextreme,0.25843990233177483,187.46914207771945,36.85483055295138,0.12187141063323392,111.13495666573382,25.648838515278204
Hunan Province,642,genextreme,0.22565054385281447,185.80564135913406,37.057057498212025,0.18003415624711677,111.61538567238966,27.33877576600954
Hunan Province,643,genextreme,0.2597195683683793,185.50862605146884,37.63266226285239,0.08809175612502218,109.60026084673555,25.532719320439664
Hunan Province,644,genextreme,0.23678691708504646,188.11074558871195,38.360768885225085,0.13746423272277158,111.2920590716926,26.629016309179956
Hunan Province,645,genextreme,0.2453835468294252,188.20083691767223,37.20760728083465,0.11369516173008223,110.70331708495412,25.88473490321048
Hunan Province,646,genextreme,0.232105126065291,188.07757627777784,36.129728459044316,0.13780804579233663,109.65194833500846,26.127700553250314
Hunan Province,647,genextreme,0.20821542187448108,186.36395510778362,36.60829473544378,0.08902354586651325,110.72842165197875,26.295780311893825
Hunan Province,648,genextreme,0.20485003382443184,186.46845737177932,34.906380333325515,0.1275371726299223,110.87998656248206,26.153849782658
Hunan Province,649,genextreme,0.2538579396292753,187.35277981073645,36.861204740802904,0.13282730086626865,112.41434841033501,27.598728014495027
Hunan Province,650,genextreme,0.19802125321254724,187.79772098717575,36.089663444569936,0.09554564748354316,108.3864143951773,23.508867331715834
Hunan Province,651,genextreme,0.21634520173236238,186.61136607236548,35.01547404960344,0.14568677581930223,112.79664928492312,27.38284154404225
Hunan Province,652,genextreme,0.18405590629824845,187.79068668743554,36.061381175453036,0.15306534062800864,110.98231776710901,26.233243153184176
Hunan Province,653,genextreme,0.25646765977797403,188.59434182036642,37.03178565809702,0.1475816583781383,109.42732902130138,25.34621467975015
Hunan Province,654,genextreme,0.17615129377505784,183.35624174360595,35.034462308881956,0.11495508033867416,110.61144483411506,27.66878908240834
Hunan Province,655,genextreme,0.2294684935879726,188.53347069972273,37.919349157570196,0.16168319856797725,111.49738006311004,28.117412483265774
Hunan Province,656,genextreme,0.22066679226578587,187.12106714930653,36.84720963574762,0.190982214029635,110.74656153188161,27.1571089862709
Hunan Province,657,genextreme,0.028268276537349896,183.4840458873682,34.707976859413776,0.16928803343758808,110.58999016114163,27.402742844225116
Hunan Province,658,genextreme,0.1988806902833022,186.1405699276949,36.2778429103216,0.1185733292819302,112.88915183393819,26.174785071486145
Hunan Province,659,genextreme,0.21274472135860684,190.59513666502357,37.311149385244946,0.17542420008936696,112.75520589440741,27.856511867172348
Hunan Province,660,genextreme,0.23793226535965967,190.53764943741476,36.12390713521954,0.1545407311564468,107.67131852374965,26.668283432397345
Hunan Province,661,genextreme,0.12412536850325782,184.32769456392424,33.3375317315767,0.13341190345752085,111.17468195025867,27.335342687271556
Hunan Province,662,genextreme,0.24912984088749257,188.78454177732524,36.51862015775372,0.15444862405509135,110.37198641638417,26.241868529858728
Hunan Province,663,genextreme,0.23413856253781848,187.62466488609198,35.06156118872455,0.13497701858604333,110.74330968888415,26.637555328203653
Hunan Province,664,genextreme,0.21987699983254777,190.5476714409735,34.70150937442733,0.15576051313988518,110.98307322799268,27.79348184727143
Hunan Province,665,genextreme,-0.21965817901818568,176.99348795176945,43.83420888930698,0.15028106310243539,113.96612935806007,26.64593318770985
Hunan Province,666,genextreme,0.26270109674537245,189.36988112634307,36.517098343305506,0.1300195923678159,112.06814161515086,27.489846241180583
Hunan Province,667,genextreme,0.2673938325573171,184.9833922396328,36.31259783481871,0.2494061904035465,107.21660786534596,31.231213056765313
Hunan Province,668,genextreme,0.44285459465195165,194.7311464886127,47.44005332600403,0.14150942480980044,111.03991614914284,25.979587861196823
Hunan Province,669,genextreme,0.21474204059938012,188.37065891334976,37.004533254223446,0.13673207372381518,108.59782198611461,26.248236656149324
Hunan Province,670,genextreme,0.1951756787374847,185.80310669854694,36.4717218566427,0.11838464184823325,110.03131876325814,26.752765004304674
Hunan Province,671,genextreme,0.22836824893501034,188.22942268824812,34.544110138609305,0.13236539914068915,112.14272082549768,25.44595261215816
Hunan Province,672,genextreme,0.22822398668885369,188.72379387115132,36.50474898118789,0.08819070109286585,109.5815048366052,26.429651815119033
Hunan Province,673,genextreme,0.22978012700415848,188.05535070797345,34.876285200450326,0.17532845840374722,112.13552266816055,26.86243713546714
Hunan Province,674,genextreme,0.21120056532533577,187.3225018045688,36.20599211262892,0.09752842266522474,106.9199831597196,25.010767031596796
Hunan Province,675,genextreme,0.20062535324151443,184.85057900322914,34.88102638988792,0.10093772278526286,110.1847146690882,27.046082665169777
Hunan Province,676,genextreme,0.23978286940445223,186.41047483324732,36.562690450659204,0.11451697592834918,110.31492368427985,27.257114900162982
Hunan Province,677,genextreme,0.18790863101070046,189.14758072600893,33.71328212337123,0.17141088011208055,110.4592069589223,25.069668893915036
Hunan Province,678,genextreme,0.18182884077361605,187.56166831394654,34.62787854880304,0.16953367257361107,111.917157108817,26.736536027060453
Hunan Province,679,genextreme,0.2262712348323109,187.11962586383856,36.09246254577539,0.1378128452825218,111.03079555338184,25.323480687387153
Hunan Province,680,genextreme,0.26539749378999533,187.9040095442071,35.89351013502369,0.11645300763480668,110.03648348806419,26.256874215614026
Hunan Province,681,genextreme,0.17933376916436655,186.7836902716041,34.800208634484136,0.11972552717881879,109.87216912435207,27.21481927444855
Hunan Province,682,genextreme,0.19005326413401485,188.32936147787663,35.69540951740884,0.10470632719679326,111.15911021382105,26.486640736385958
Hunan Province,683,genextreme,0.27137551131659693,186.59000206375734,35.87693769581706,0.12238206980005764,110.03075800671937,26.556105536342507
Hunan Province,684,genextreme,0.24113668484670786,189.05176363685388,35.67294944967812,0.1363480409071457,111.46511004970169,26.39447642306247
Hunan Province,685,genextreme,0.22168075498079817,185.61414881413967,35.70699168958662,0.17108083926282697,111.56137114960455,27.171406009704178
Hunan Province,686,genextreme,0.21378434045030797,185.63043101752726,37.46012641838695,0.11341070269810408,109.19736853567782,26.17603946354376
Hunan Province,687,genextreme,0.17983526197328592,186.11981042211852,33.988831356642486,0.12501191256932925,111.07883183599449,25.19498750159937
Hunan Province,688,genextreme,0.25020151068899815,187.26067227326416,37.21681626099563,0.17291068444011062,110.2635490598677,26.651083142346653
Hunan Province,689,genextreme,5.323687426969271,298.58854186925237,6.758556190185994,0.12606437865943218,111.55694206249277,26.321423222623928
Hunan Province,690,genextreme,0.6758024784436945,197.03538294395662,77.66216996931438,0.12108483710760883,110.10640575524553,27.26420725840466
Hunan Province,691,genextreme,0.19547683963964968,183.68492095028893,35.22643032001734,0.11282592790882555,111.64850847929071,26.696745088660844
Hunan Province,692,genextreme,0.180120031719874,182.03461238524062,34.36269821639815,0.1460184794472175,111.08984095597191,27.021196282572397
Hunan Province,693,genextreme,0.41525988429358096,192.91578136865763,49.560709494277475,0.12991256331959888,112.97526148610275,25.923645888652295
Hunan Province,694,genextreme,0.21232703637644934,185.82251576674804,36.30991046745064,0.15733808254853146,111.84892178404456,26.23567592941341
Hunan Province,695,genextreme,0.21535767265158864,188.98142145892746,36.006349751110825,0.15940424894446975,112.62215323864783,26.91004217662372
Hunan Province,696,genextreme,0.18705213557962014,188.5328767342558,36.32993787318506,0.12549244024369482,110.65166991199152,25.393412984396438
Hunan Province,697,genextreme,0.20339307895766218,183.635379581322,34.26501840972453,0.13567268249892817,108.90601226828656,25.118222231201916
Hunan Province,698,genextreme,0.22782058785987674,188.29231562418153,36.22132723856629,0.11378090412419387,109.39367123031431,27.05719301179941
Hunan Province,699,genextreme,0.17509102729318365,186.01446129018422,35.26464140647131,0.10068417082001853,110.73105805390244,27.595311666980336
Hunan Province,700,genextreme,0.21779539754970634,186.12495034535414,36.11769662231785,0.14282132193039215,111.78272089736404,25.993145769919884
Hunan Province,701,genextreme,0.22024947143319346,185.99840764984134,35.50815421558053,0.10062149900130685,108.6229718225575,26.36538326712941
Hunan Province,702,genextreme,0.20362335543954266,185.74372916092506,36.00397940080691,0.16927096023701138,110.02855353046446,27.014165281629506
Hunan Province,703,genextreme,0.26949297258497085,190.1500593673191,33.81702681589528,0.11642052961049595,110.82420022803899,28.851709692214403
Hunan Province,704,genextreme,0.22272603408802888,186.5127873024657,34.483656013908686,0.11580835368601097,108.47465495920436,25.8100205917984
Hunan Province,705,genextreme,0.18643580939425786,189.50173583053595,34.71295483867319,0.18288914307796997,111.16065531150267,27.812885739954417
Hunan Province,706,genextreme,0.21968498103068526,187.30102613208214,36.599743945653444,0.1462114340587848,110.93722747785327,28.323276076055112
Hunan Province,707,genextreme,0.2177030168865083,185.6918559466552,36.51961160047182,0.07464507033102975,110.2359641537308,26.332107159483552
Hunan Province,708,genextreme,0.22550633436973802,184.54544319549944,38.34191338479906,0.13446542913296067,110.24997084981536,25.23464384145307
Hunan Province,709,genextreme,0.24054545153331186,190.6545764603627,37.01506696640835,0.13301411124864143,112.90978465083275,24.24751732883606
Hunan Province,710,genextreme,0.26073324017773203,184.755876113202,36.35382149451091,0.11494595619030304,108.95755404393992,26.256148090578044
Hunan Province,711,genextreme,0.23257857071679433,184.70013708531485,35.33809964831526,0.15797157627858557,112.0985598891636,25.77924830430677
Hunan Province,712,genextreme,0.23108124113315248,188.50676330484086,36.33732538494935,0.10232627810953698,110.08147287504164,26.004630792340812
Hunan Province,713,genextreme,0.053886336696339104,183.69202251671476,35.648629999242345,0.13719651288902784,110.41045227743359,25.476464398806705
Hunan Province,714,genextreme,0.24251408500324703,189.9212445527699,36.97486855497017,0.10618362056300365,108.61817375626833,26.48208904242412
Hunan Province,715,genextreme,0.21075707581641923,187.49473330797034,35.75480278496903,0.12230317574310215,110.82487637843397,25.88753796894042
Hunan Province,716,genextreme,0.20602385448823743,189.0098487663086,36.02409640220878,0.14511107831571377,112.32001575350898,26.352457987752985
Hunan Province,717,genextreme,-3.3462819873337004,109.71560302687254,2.1499769715756543,0.13665788482685765,110.39406989019028,27.287703685887628
Hunan Province,718,genextreme,0.17980804177002058,187.08397240939917,33.987501731685484,0.08572520094089192,108.47789417535483,25.14156973520642
Hunan Province,719,genextreme,0.2375086874151685,190.5365264027235,36.55297354148611,0.11290252705622965,110.22873401459832,25.44096304761502
Hunan Province,720,genextreme,0.22260393949227694,187.92171201884076,35.78132721660872,0.10272313293008845,112.97555171688583,25.86946112715246
Hunan Province,721,genextreme,0.23591289166526558,188.78087532967803,35.46487182539405,0.12657512968735912,108.21228424980654,26.033341714281157
Hunan Province,722,genextreme,0.26073899978459303,189.23642266133328,34.56304701866378,0.11002480859252714,109.41965198733732,26.411230966517685
Hunan Province,723,genextreme,0.23739076706354856,188.84995378579572,37.140396981224214,0.13578640196231884,111.94876199239633,26.300516033968336
Hunan Province,724,genextreme,0.21368780292308656,190.74064066605166,34.37235443609454,0.11173035748484383,111.59833399957043,26.416127899822182
Hunan Province,725,genextreme,0.19418825960942682,186.90442297201298,33.505796549530984,0.1508489069423411,112.22873836618149,27.77772780141515
Hunan Province,726,genextreme,0.2413453308010971,190.46790981281595,35.51740045595923,0.14112921373802345,112.46697788223094,25.48721164857129
Hunan Province,727,genextreme,0.20878811628321653,186.09116216078297,34.95419376864028,0.09871360764878445,110.68739117084223,26.00098030560574
Hunan Province,728,genextreme,0.23411487688745924,187.59922872483253,36.95164541073362,0.1480639358823505,109.76277705901158,26.321728572471606
Hunan Province,729,genextreme,0.20819772118552943,185.73706302073822,35.239690488269005,0.16847833700126433,110.90136154718371,27.271953965008148
Hunan Province,730,genextreme,0.20651824627588886,185.04690400203526,34.01228997681401,0.12888222769700253,111.9216566839737,27.92123234825477
Hunan Province,731,genextreme,0.22420097563328323,188.61907810773872,34.96211254439632,0.10636624203446324,109.7494778551737,25.618926471009555
Hunan Province,732,genextreme,0.176963992379887,188.6596273295599,33.95472106143119,0.12349896919414877,107.97600227569586,26.90057721413828
Hunan Province,733,genextreme,0.18415318509305262,185.01350493625972,34.46241731488468,0.192732643019371,110.18750754133129,26.64585104436882
Hunan Province,734,genextreme,0.2602644175489061,192.1988349098706,36.09967000348752,0.14188565511242435,111.55309068260019,28.095526545865724
Hunan Province,735,genextreme,0.22301759928713688,184.9607906952167,37.2565930117797,0.06399869237296647,109.92485735386924,26.28007894785849
Hunan Province,736,genextreme,0.23329367314486976,186.67646810186326,38.29066551867687,0.1368661833835681,109.77322498900125,26.55104698650338
Hunan Province,737,genextreme,0.21642971572956118,185.93314871296053,37.76229798669377,0.10908076273862012,112.07000483440908,24.97094640209196
Hunan Province,738,genextreme,0.2124451755833842,188.25317583421725,34.70813740499598,0.10006487873303849,109.96529870693236,25.79778920140764
Hunan Province,739,genextreme,0.24283307512834612,185.45981404120369,36.611279227855576,0.13088021509649403,113.24170111611922,27.115366266538945
Hunan Province,740,genextreme,0.23619850915837587,187.62509543266648,36.526594545775296,0.08400927206634878,110.78674889724456,27.635737661900343
Hunan Province,741,genextreme,0.1709846487976852,186.8643389591483,36.01879045898897,0.12985723887874595,108.71109084933457,24.199878309873828
Hunan Province,742,genextreme,0.1872981235134102,188.48576129536207,34.11486204058646,0.1558363577105655,111.41851928389266,26.139042663458845
Hunan Province,743,genextreme,0.24077449799141393,187.5833881777378,35.80679469561558,-0.26716750624408314,102.95779628998781,30.44962797264128
Hunan Province,744,genextreme,0.20104683278013047,186.85372966600858,34.421402778681326,0.17059046415650736,111.62659361513738,27.088666406270654
Hunan Province,745,genextreme,0.20287675122003637,184.50196902156233,35.723203694185116,0.18408189713409795,111.85627198009864,27.305848933304155
Hunan Province,746,genextreme,0.17313006774934975,184.9625334357333,34.683790721302984,0.17282486190850194,109.08001243954163,27.722042975769025
Hunan Province,747,genextreme,0.24571984195332502,187.9758354489668,35.372363367757956,0.13911650465160075,111.91473570544446,28.773203036078485
Hunan Province,748,genextreme,0.18136808819911954,184.66654636749337,35.798917758961565,0.1419628653942742,110.0850413598102,25.88837297807102
Hunan Province,749,genextreme,0.194592598771421,185.3249372334893,34.731638436981186,0.11821319646118628,109.45291375940933,27.08409845515859
Hunan Province,750,genextreme,0.2574255889309251,189.52434154863613,37.296065774365076,0.1745861699264878,111.18701693667441,27.386683700828257
Hunan Province,751,genextreme,0.2120775653514373,188.66614338627681,34.71665481071304,0.10979189155271388,107.77024571399843,26.149447739155395
Hunan Province,752,genextreme,0.21781173980832436,188.3503158380811,35.95277111572253,0.15046970643431246,111.69435404311233,27.569826804147326
Hunan Province,753,genextreme,0.19290747371910594,185.06753265896745,35.140753666291005,0.12811094849448706,109.14120595713558,25.720747265339362
Hunan Province,754,genextreme,0.23559990561310556,186.49337597665283,37.74073629040042,0.12138078749504755,111.29522577038786,26.739517318214958
Hunan Province,755,genextreme,0.2089170405462699,188.20134667752407,34.19453203564059,0.20411125991291235,112.17347524601581,27.459365146201037
Hunan Province,756,genextreme,0.2575636827137372,190.53571186781977,37.145432442080846,0.13675665944477142,111.0222393775137,25.42043892197365
Hunan Province,757,genextreme,0.232257137579321,188.70344971003604,35.825651065789096,0.15567092234423577,113.41659006318513,25.73464765413786
Hunan Province,758,genextreme,0.23396775601515535,186.8079119077952,36.39106446587985,0.07718509478243915,111.58358648761158,25.35937291152787
Hunan Province,759,genextreme,0.21941301733970014,187.53855286341684,36.65984092845454,0.12738045215184024,112.22211316028748,25.21868290434784
Hunan Province,760,genextreme,0.1822637987605342,187.4494536483631,34.03727436115899,0.12889271571538075,108.69331467651625,25.834271574774007
Hunan Province,761,genextreme,0.2069115194965288,186.12565580323422,35.19688455170348,0.11563391661196548,110.66891665436691,26.686119987598026
Hunan Province,762,genextreme,0.21610464106438027,189.70076943316622,37.61150435014786,0.14191822987380798,111.27687351364335,27.88721276442488
Hunan Province,763,genextreme,0.20711344536538,188.21469781679968,35.34599575989236,0.0923776809852069,111.03473523594624,26.091266807339696
Hunan Province,764,genextreme,0.218306340459249,186.12876367339828,34.568494245817206,0.11929542900229081,112.29111347054823,26.19460055968412
Hunan Province,765,genextreme,0.19244049140240826,188.7858719912972,34.64937245221035,0.14579123629674356,110.6638418654266,26.322354968287314
Hunan Province,766,genextreme,0.20722662166320227,187.83172133689658,35.65180129069566,0.1281616894410393,111.49503441133308,26.76967884755178
Hunan Province,767,genextreme,0.21332439444680423,185.69650533444934,35.84162561264587,0.09192710053224165,109.184902355483,26.17263750298241
Hunan Province,768,genextreme,0.1981879352436807,184.30984306927118,34.06327854333763,0.149622488774642,111.86265745954628,26.125290590397924
Hunan Province,769,genextreme,0.2545492704539013,190.3024979228876,37.82690096448246,0.1086931793306816,111.72719601988851,26.530114138543592
Hunan Province,770,genextreme,0.17794091089465702,189.03179368775596,35.585195057017614,0.15602627026098642,108.62485069193937,26.81120534432668
Hunan Province,771,genextreme,0.4292686342114501,194.79696506409732,46.52139362189166,0.12721787966482334,109.46241688152125,27.23193211833221
Hunan Province,772,genextreme,0.15674088321658475,186.48879664547536,35.42750262612735,0.1332589019804466,112.03701826951273,28.396573908803518
Hunan Province,773,genextreme,0.19860521583562452,185.2784341962622,34.69469196353921,-3.290970192055522,45.271019402026965,3.0680539403998672
Hunan Province,774,genextreme,0.2529762818611978,188.85051100152313,34.46576538148827,0.1635842369635041,112.61997099556248,28.049547783470693
Hunan Province,775,genextreme,0.24182969574763785,186.11334085845124,36.31424005420618,0.12057415760192952,109.44828062509242,25.54555093284629
Hunan Province,776,genextreme,0.1745248588200374,188.88220280642344,35.222875670503726,0.14553155310922306,112.17610878284745,26.40225303464932
Hunan Province,777,genextreme,0.18992664869738374,186.01898821893946,34.39440596130261,0.07274743731703114,108.69501660593426,25.688008082518166
Hunan Province,778,genextreme,0.2323970820828543,186.89458549815944,35.0546315176441,0.2891541576422605,111.84235313310052,32.644834731178804
Hunan Province,779,genextreme,0.22756149431963468,185.02059931482972,34.72090966808011,0.12028320604853492,110.6664783492377,25.12505435098246
Hunan Province,780,genextreme,0.295136029151596,192.33649469777765,37.11320645972907,0.13164232536203557,111.18341076628474,26.02391986426018
Hunan Province,781,genextreme,0.2183026392909453,187.3103098433051,36.57515381418307,0.1538564327466072,111.11417085368967,26.606340237180117
Hunan Province,782,genextreme,0.25710754070154457,187.47541533685313,37.85701228361701,0.1205872298448963,109.27330031457763,25.97861928588156
Hunan Province,783,genextreme,0.23377073260308745,184.68775440375788,35.971202973990856,0.16898472690737168,110.37312975797929,28.27471428893376
Hunan Province,784,genextreme,0.21147092277121193,188.80610358807843,34.85419495953015,0.12285142993248471,112.56319326918756,26.347803688125744
Hunan Province,785,genextreme,0.23179384347337428,188.87376322252476,35.59582271162351,0.11228372107316767,109.41654383269943,25.373549703387155
Hunan Province,786,genextreme,0.2269444245245437,186.44092878023423,35.0238440493022,0.17077888825849308,113.27907782682834,27.03936800465806
Hunan Province,787,genextreme,0.18137888494731383,183.09867167166828,34.99324413433996,0.09207227689793437,108.5138970209239,26.32685665592637
Hunan Province,788,genextreme,0.20981936535287074,187.50534124501308,34.492897325967206,0.07841023599266962,110.22739836258347,25.931823245116853
Hunan Province,789,genextreme,0.19529908675763602,187.32045106068261,34.67154677594857,0.09913676113801301,111.35263656581607,25.415519975212504
Hunan Province,790,genextreme,0.24933968694662303,188.70061875087654,37.31818106685094,0.1201376073407231,112.96919379260137,27.13099076254474
Hunan Province,791,genextreme,0.20323412932808355,185.2108295908808,34.90304327511993,0.09484570245784002,108.97114825255082,25.849755362419597
Hunan Province,792,genextreme,0.21835727980775319,188.4449745948889,36.18823243926889,0.1285620676167394,110.03975240127325,25.744078431937204
Hunan Province,793,genextreme,0.27871167765615257,184.31877667601958,37.23474365785569,0.1578251691343624,110.90975511907396,26.84339289115279
Hunan Province,794,genextreme,0.19403362712707437,187.49476169564974,36.00299255353758,0.10022627605981256,111.08691690492321,26.02937950979471
Hunan Province,795,genextreme,0.21073471668717395,188.35232610445036,37.55631915776368,0.1216932414105803,111.21715211311837,25.31040103579683
Hunan Province,796,genextreme,0.22478391562504377,188.32846436914986,36.749625283886324,0.16670337156022288,111.56154504491474,27.35019745607802
Hunan Province,797,genextreme,0.1708966805067575,188.87926562482977,33.975577057839836,0.15476078725003495,111.10572133755768,26.80726413469215
Hunan Province,798,genextreme,0.20893156005964142,186.42594721621222,35.99153044893804,0.08559094729827525,109.00015580364747,26.463862468073152
Hunan Province,799,genextreme,0.24323713458842472,189.04700421885366,36.15231998975885,0.13023089356511697,113.2086712212135,25.149071545602514
Hunan Province,800,genextreme,0.2445343873705631,186.3565262326345,36.67010843555887,0.11471800103602114,110.72899019109934,26.488109675361144
Hunan Province,801,genextreme,0.22607818592333873,183.63395667664122,37.10238300549362,0.1282193444454095,109.68653211353518,25.997753013372055
Hunan Province,802,genextreme,0.1902464617789676,187.3412373483128,36.35304168634711,0.18885758445774797,110.17489397786744,27.61298899164131
Hunan Province,803,genextreme,0.18166018165958345,185.2868226135813,34.847638924737424,0.10380487541019442,111.22903658152947,27.681019478153708
Hunan Province,804,genextreme,0.21290100872511286,187.66167674127615,35.09810755304988,0.1738522278606861,113.31311885690496,27.73120802463022
Hunan Province,805,genextreme,0.25691120560025327,186.81675089993428,38.58084974467869,0.11909750437588609,112.1768833698242,26.762164659857632
Hunan Province,806,genextreme,0.2583304953922965,188.57847247186248,37.92483217830232,0.12274552880541167,112.12370449355879,26.07021656693223
Hunan Province,807,genextreme,0.21335935294569064,186.87688973988287,34.574150787166616,0.11486156826889186,113.74132868682827,27.820689075698322
Hunan Province,808,genextreme,0.2579697302794438,187.7475696648199,37.77558671124987,0.14009770071937588,111.25878348806755,26.047627890070622
Hunan Province,809,genextreme,0.2383736795612536,191.8352662227967,35.06334090653091,0.13659236078998288,110.43083712993752,26.273261602324
Hunan Province,810,genextreme,0.1841794920581299,187.45339006030932,33.27087970678282,0.1549629181938993,112.6534373790935,27.595052966970904
Hunan Province,811,genextreme,0.22899259721184828,188.1973648990937,36.51936936844767,0.13643628516183498,110.48617355515101,26.406488784980674
Hunan Province,812,genextreme,0.21883973197505624,191.8627868242105,34.84408683148562,0.15946597291524123,112.64228246149565,27.19225958363782
Hunan Province,813,genextreme,0.18715651045667564,189.29206972179048,36.377222684241744,0.15317441541329468,111.71237947645281,26.159310767720527
Hunan Province,814,genextreme,0.23418403732384788,189.16757512703498,35.33213620041207,0.12232487204196865,110.34935729178221,25.58128543631159
Hunan Province,815,genextreme,0.1658601744580096,187.05512596138806,33.38749539672596,0.0851691721119697,109.52463482239969,26.639362798079226
Hunan Province,816,genextreme,0.2445226082018625,190.15383335117153,36.70857893815902,0.15996262474444117,111.04042887233521,26.542441586187202
Hunan Province,817,genextreme,0.24181799876911364,184.90823236454327,36.31212141705296,0.16497039317027806,110.62677056917536,26.802244293755066
Hunan Province,818,genextreme,0.2317058677186542,186.5219381386844,37.569175698595146,0.16367529351204407,110.13071297105321,26.392535763634406
Hunan Province,819,genextreme,0.21671824597849215,186.25777887858135,35.05179945845968,0.11769434500354273,109.93793091226979,27.020556558311235
Hunan Province,820,genextreme,0.24993600399997734,185.54297560410362,38.03279226211466,0.1570496016264667,112.31058342172184,28.723900627217915
Hunan Province,821,genextreme,0.24816545517746014,187.80753427564633,36.00200650407437,0.10507087500272952,110.99072716302635,27.273542500345194
Hunan Province,822,genextreme,0.23448493738919288,190.13452341336705,36.04818704342374,0.15597890085422356,111.88784641309633,27.046514488460716
Hunan Province,823,genextreme,0.18850948425830197,183.60311737761214,36.15780401189924,0.11483625548975844,111.59451515965173,26.26802289208782
Hunan Province,824,genextreme,0.23586255169172904,185.69963258699818,36.59080718604709,0.1150784268108217,108.91455915372086,26.68257523877144
Hunan Province,825,genextreme,0.25181082706699365,189.7250367407277,36.77538799245965,0.13553256053517337,110.86262386669952,27.674785700169387
Hunan Province,826,genextreme,0.2338983282531361,186.5985953817925,34.96209945252687,0.15819857580751157,113.498168117684,27.510427047942567
Hunan Province,827,genextreme,0.19034500350287553,186.56570532208406,36.403393733809494,0.1708752160347901,112.79776237219275,26.846656749506472
Hunan Province,828,genextreme,0.19576925208882073,187.6952795444132,35.74110601509645,0.15504312780034457,110.70357351614828,27.565429732433984
Hunan Province,829,genextreme,0.22635381064999796,189.13205541855257,35.87783578491147,0.1344860860714725,110.69384410297019,25.888691528021297
Hunan Province,830,genextreme,0.1833493981922133,184.74121682846175,33.96379906534695,0.13540401267539603,112.15021003762135,25.7496565419288
Hunan Province,831,genextreme,0.2020855723944892,187.73129715485254,35.72411476472291,0.10440407103166974,108.30244000023069,25.49012223957054
Hunan Province,832,genextreme,0.21746886907161225,185.7373153876173,37.0942740805325,0.13415550735448586,112.03385739138136,28.402785985289718
Hunan Province,833,genextreme,0.22438914047385322,186.56167956972877,36.65604981800374,-2.940968255941608,58.55297478394818,2.979322818527869
Hunan Province,834,genextreme,0.2766893267544426,188.50787459115662,37.905435597826894,0.1882798724924584,111.74643345234068,26.997632261115037
Hunan Province,835,genextreme,0.15292031988463328,185.1131419281519,33.57555721976087,0.1232447425576209,110.37963853878367,27.697270586215275
Hunan Province,836,genextreme,0.18641388238491796,186.80884728586432,35.08144936887521,0.13586432927884695,111.25759915314802,28.002128628818912
Hunan Province,837,genextreme,0.23924999519932993,187.36167361777183,36.84887535453996,0.07687509966197492,111.26150731865677,26.61995477526049
Hunan Province,838,genextreme,0.24527852890586627,186.46442743553865,37.22905649688673,0.1475483452020321,111.53748228525608,26.95970374505363
Hunan Province,839,genextreme,0.21008038966331694,185.3417752618439,34.73751684994497,0.09711567377942452,111.85975306342584,25.358066783322666
Hunan Province,840,genextreme,0.2187932874368771,184.93665447282808,34.02016135576271,0.13997042088361555,111.69851133833895,27.643151823999773
Hunan Province,841,genextreme,0.228431456985227,187.38065835010485,37.94238758864619,0.0849803513322144,109.84610375914849,25.581923796916932
Hunan Province,842,genextreme,0.21150851428638004,186.88290926356257,35.86472515789677,0.16639006001282197,112.75471201657174,28.359379111529744
Hunan Province,843,genextreme,0.16112321190600823,185.18166686878078,35.335555682520464,0.15304724859055846,110.95541320058638,28.064273341944634
Hunan Province,844,genextreme,0.22698010396568502,186.11156425954977,35.3764717654435,0.07816690798058656,108.90383469583414,26.789218217384843
Hunan Province,845,genextreme,0.18495321230195055,186.07736764759517,34.43231830242139,0.1682010682652108,110.13488692013186,26.16181187537434
Hunan Province,846,genextreme,0.20547021914538366,187.60521935506537,35.30364816853695,0.13856022500245652,111.12001853709337,28.50764315717778
Hunan Province,847,genextreme,0.20545798438974172,189.50177537858602,35.71453851116472,0.1496640476100808,110.97785396603554,25.446572295224396
Hunan Province,848,genextreme,0.24644988043059932,185.12452406041274,36.83420866211955,0.12286211107681606,108.52435236443567,26.968136405323833
Hunan Province,849,genextreme,0.18374735356190552,185.43330430421258,35.21455689862178,0.14248306944777647,111.66452407060356,27.924641606834207
Hunan Province,850,genextreme,0.19737408992227407,185.42896224963306,35.84066710166664,0.09780248126556368,107.80057263825691,26.32401442231493
Hunan Province,851,genextreme,0.18509979920728994,188.2372035242824,34.30103468663094,0.13049159134136334,111.28959887281259,26.798254058176774
Hunan Province,852,genextreme,0.22716704935824178,191.00654134649787,35.56589454877248,0.1539564177662564,111.63952592606826,26.27884321539895
Hunan Province,853,genextreme,0.24412284741787882,187.0520531356579,35.7657001075586,0.1325537950214265,112.07917248133472,26.377739757907428
Hunan Province,854,genextreme,0.22712147660707072,186.8373630433287,35.8773041880115,0.09481729722399032,110.69616282246639,24.437496888628296
Hunan Province,855,genextreme,0.20157432005510617,185.65311999215334,35.82661375758856,0.1288636221300437,108.68151144873983,26.664197625783146
Hunan Province,856,genextreme,0.2614281278807029,188.1528199016426,36.07639318363982,0.13513386610806793,112.14377494786632,26.792762929159913
Hunan Province,857,genextreme,0.2346445945794281,188.2088349551408,35.90090585956861,0.07946633528248404,111.08587426404796,25.14171881532603
Hunan Province,858,genextreme,-3.611875941390026,116.29625120577691,1.7655987939419755,0.12701906063065552,111.46710378232993,24.970880402625994
Hunan Province,859,genextreme,0.24651593525961552,186.71721935469031,37.37985314014248,0.11712686259084437,109.7966355759774,26.248106612561287
Hunan Province,860,genextreme,0.2343726547386249,187.63538024996708,38.580504693968166,0.11424709354579712,109.05752068849878,24.987989713058482
Hunan Province,861,genextreme,0.1876422216221545,184.53187580013594,34.94566035189787,0.12990916813045789,109.80647363945607,26.772460951371002
Hunan Province,862,genextreme,0.2059526516915853,188.79345099919954,36.0642779496535,0.07005408582751897,109.21031368836321,26.328862078951126
Hunan Province,863,genextreme,0.22753663260663384,186.29379647032,36.33633421499299,0.16518045914818802,111.53354651654712,26.68465436675679
Hunan Province,864,genextreme,0.21815008144319062,190.3433136648158,36.2910120630858,0.13910399344494107,112.06045609050453,26.644495250708488
Hunan Province,865,genextreme,0.4665399439704878,195.0789638180961,53.085041581771065,0.13108120989852495,111.16903706604184,26.00751221441959
Hunan Province,866,genextreme,0.19526514094213537,186.9158116211119,35.15095802939795,0.09995096051546398,108.20940372262612,26.379554522068638
Hunan Province,867,genextreme,0.21633429603098306,185.7760919759245,35.76717978374462,0.12278053699270536,110.99964408185042,24.53620612288558
Hunan Province,868,genextreme,0.16494713894179872,185.80654405552067,33.83099018143279,0.1538985862954077,112.88711281988378,25.662161006425272
Hunan Province,869,genextreme,0.2010556687688708,186.5823277426279,35.63805307586472,0.13571277587050895,109.34015203215168,25.873107797723144
Hunan Province,870,genextreme,-0.3038448714934666,170.3144315341524,37.81482045147901,0.14799462646028988,111.32533946560716,25.61550804278076
Hunan Province,871,genextreme,0.2173038070825267,184.82712540327788,35.94937917552389,0.08851429116362411,111.4183181082537,24.246595879386632
Hunan Province,872,genextreme,0.233147628091247,186.8651211613256,37.25412104428372,0.13747039648246226,111.1435649539699,26.336967344519923
Hunan Province,873,genextreme,0.19840766116648406,188.78908836906464,36.88349329418242,0.2150464050661618,113.34570692953088,27.38887900190251
Hunan Province,874,genextreme,0.24020358128854516,185.32656551678497,36.55125950198652,0.12369798596189613,111.5399114611042,24.9445029754885
Hunan Province,875,genextreme,0.1950794780584073,183.2955685487949,35.29248480015583,0.09064938799196756,108.57101988995768,25.783808711588264
Hunan Province,876,genextreme,7.813455920999999,305.1578783493465,1.1143196064960148,0.11879340703114642,107.318122051806,26.035684121192666
Hunan Province,877,genextreme,0.1550142953174507,185.94864726550816,33.688176983294596,0.14109902551284687,108.90615195719536,25.718082868180645
Hunan Province,878,genextreme,0.2757034479674965,189.32557890362165,36.4937266906818,0.18279944520178343,113.64837464075666,26.477655950177997
Hunan Province,879,genextreme,0.22501982815099075,185.663841829453,36.99976400159459,0.12734878754359563,109.83595172394004,26.39772009577195
Hunan Province,880,genextreme,-3.721341781543198,111.50636104098051,1.7840290971179948,0.14308601995050668,111.13415287856103,26.077166836484956
Hunan Province,881,genextreme,0.14470959593146765,183.78964891895032,33.303390896660915,0.06734296875780252,109.84961521114627,25.923685971823197
Hunan Province,882,genextreme,0.2159424667012147,188.33896860924511,34.449710707715866,0.11086995432609147,109.7403825249955,26.198403785987587
Hunan Province,883,genextreme,0.21449371480914342,190.77213177288252,37.166772976609636,0.12054315578609934,109.47672915454214,26.731083967526708
Hunan Province,884,genextreme,0.21084270436997632,186.92089115284594,33.85072174497175,0.14491200196883436,111.72356749196551,27.92422894381074
Hunan Province,885,genextreme,0.19012753145139877,188.19888506741503,35.808212242187544,0.11243361274386926,110.21743549550538,26.05707281668216
Hunan Province,886,genextreme,0.20986636399856418,186.3932775179234,34.58076863671629,0.10481438768578344,110.22138629487517,24.716004093529296
Hunan Province,887,genextreme,0.26806052378480766,188.902886762371,34.932611420177366,0.1084695666063562,110.54696205177787,25.15234472821287
Hunan Province,888,genextreme,0.1817825801629947,187.7137357070054,33.91949138523792,0.13418961039334587,111.10976146987895,27.31020311187071
Hunan Province,889,genextreme,0.2535148891276273,189.02085661264755,35.190069918826524,0.11242624350513833,111.25562207424156,27.622294954286676
Hunan Province,890,genextreme,0.22733157491530764,186.5805214613967,34.424408375992215,0.06980572891670264,109.68862289763825,25.068866337148577
Hunan Province,891,genextreme,0.21476208638207614,184.58930020924953,36.24558852202857,0.11912773558842041,109.97061255063917,25.53230050210113
Hunan Province,892,genextreme,0.22418188697081914,189.11337447776083,35.61971111463381,0.13142770282469624,110.60990332943325,27.051744900056512
Hunan Province,893,genextreme,0.26976998535149377,186.7627671874866,36.682422882246456,0.1044336660301522,110.40536975184943,25.610515449556864
Hunan Province,894,genextreme,0.24748473823967884,188.36555178069318,36.58452852035086,0.13390462213468682,110.6930388498827,25.786189851921236
Hunan Province,895,genextreme,0.17924593072399148,186.02573194975832,37.16881665162485,0.15431416027944683,108.55914982289205,25.518372721167836
Hunan Province,896,genextreme,0.26256669787775855,185.8890326338711,36.78159979797475,0.11444595706179383,110.54060894426843,28.12309589742114
Hunan Province,897,genextreme,0.21187036056227793,188.25606229268925,36.99686515005892,0.14587509739513055,114.08816267465555,27.113969293489518
Hunan Province,898,genextreme,0.20128173721417839,190.05958744791138,35.41675578386128,0.18751135349878587,114.0165900691562,28.237237263342063
Hunan Province,899,genextreme,0.20760931218181056,186.27754826006333,34.82789357183603,0.1665185579413005,112.61651630646222,28.312231338605677
Hunan Province,900,genextreme,0.22365591027833254,189.33876106163513,36.09647781673513,0.1492725684584087,110.41904692750121,26.34402200800372
Hunan Province,901,genextreme,0.2592240353648928,191.71880361471685,36.16876555877502,0.10469183431236034,109.47781519223423,26.326181656875114
Hunan Province,902,genextreme,0.25396677944516505,186.1776704349981,36.830593733677986,0.09665262311150724,111.70533351852075,25.87784911878674
Hunan Province,903,genextreme,0.2053645230527688,187.92153539199757,36.53412676186464,0.1455249007769495,112.68905759980179,25.719233520828816
Hunan Province,904,genextreme,0.25409587307103476,188.4556800075922,37.472636609877796,0.13457142136532152,111.01764541981247,25.641168354507094
Hunan Province,905,genextreme,0.20025026063865517,189.46241907842398,35.95285770461639,0.12298791712299881,112.19427399500103,25.04846295636917
Hunan Province,906,genextreme,0.23212541539117054,186.79411523221694,35.03970471556039,0.1343428988475212,110.03484944241058,27.3387993641894
Hunan Province,907,genextreme,0.20078373496871071,187.36242151129525,35.047596198143665,0.11416286144193329,111.29356740241147,26.752906376245004
Hunan Province,908,genextreme,0.17079740862020829,183.7519512267806,35.719757598960584,0.10226960408843487,110.3421213319524,25.89910205927808
Hunan Province,909,genextreme,0.22557056947817689,191.36218024327616,35.98489006624885,0.10865627948458653,108.5482871064413,26.276967886088563
Hunan Province,910,genextreme,0.22446838942295233,188.55191857681757,37.64370524659054,0.13627063740052808,111.1076630608554,25.981221286634252
Hunan Province,911,genextreme,0.23338230646895838,184.95445379015567,35.219451174463096,0.10494505534802095,109.15126247523119,28.2404611893115
Hunan Province,912,genextreme,0.21496563653236422,187.88203851146193,36.06642325613005,0.1591039654808198,113.43920319321288,27.107050638294105
Hunan Province,913,genextreme,0.21123517258767735,187.24710310582748,35.67461090301528,0.07950849314337749,111.36434394214783,27.077512787159655
Hunan Province,914,genextreme,0.2484116726952189,187.04392577778844,38.00000294780243,0.1374522129889627,110.64296633324679,26.18390345846077
Hunan Province,915,genextreme,0.19911435380035553,183.3588277933328,35.84540598260443,0.15494528472655172,109.51375475609149,26.780356750704186
Hunan Province,916,genextreme,0.2589833092125209,187.29933656304138,37.758053345017935,0.09006741260547449,109.6817696334646,25.756569534612353
Hunan Province,917,genextreme,0.20030115807120435,185.24088933264488,36.36118517836108,0.13237843437494798,109.82327408040095,24.81942494462811
Hunan Province,918,genextreme,0.24643722356289527,187.7177505106414,37.77488750516551,0.13196345829782527,109.04223041403026,26.48699148126464
Hunan Province,919,genextreme,0.18388360568308082,188.41321775714474,34.71181633977933,0.13562551610364112,110.47020525230387,26.2846475025484
Hunan Province,920,genextreme,0.2871653447910395,185.51134386373758,35.59073148897832,0.14646333702371533,112.4578748462177,25.326127852523534
Hunan Province,921,genextreme,0.27401310480793917,190.23413523606348,36.79495521705665,0.10330719873761536,110.38917779418708,26.01057201598865
Hunan Province,922,genextreme,0.22291807718016832,186.94976957786747,36.34356731771224,0.18527027881210362,111.2121744592051,28.094176943850144
Hunan Province,923,genextreme,0.22193053123501907,186.92956920892624,35.10442987266086,0.1288129003193492,110.27724635212758,27.05023947707678
Hunan Province,924,genextreme,0.16448254882888563,186.00235816870622,35.75097656140289,0.18257629633386271,110.87880225489872,27.079558782676564
Hunan Province,925,genextreme,0.21929587939594525,190.87562968159216,36.47022934789682,0.13823129690404096,111.80357628727006,27.531013860589724
Hunan Province,926,genextreme,0.18806343576787604,185.28165901064548,35.86421776463356,0.15172679869046482,111.24556917900838,27.988756489496083
Hunan Province,927,genextreme,0.21112832020316663,190.0446390822687,35.737769842945916,0.13542175158472708,110.63103475774457,27.052408983732114
Hunan Province,928,genextreme,0.18410908572300075,188.5055475496323,34.69162746592869,0.11276589132703772,111.71883299303289,26.739981533596097
Hunan Province,929,genextreme,0.18267287348872663,187.8710329584893,35.40956211785749,0.14850778645297247,112.04459881670542,26.550091076550604
Hunan Province,930,genextreme,0.17744957856546045,185.6224425208066,35.15772054726065,0.15345617389071037,112.65367390593377,24.761283533431254
Hunan Province,931,genextreme,0.2016234627747724,189.0369277840652,34.51356480794603,0.14895234202716842,110.06416288144575,26.821974429865847
Hunan Province,932,genextreme,0.17202574351911387,186.300614828199,36.065371176699855,0.11204284342875134,108.96780468888713,25.431539028883115
Hunan Province,933,genextreme,0.2195393910561248,188.42417461755622,37.78485602606126,0.14385574570379628,112.91616840220802,27.198454390796655
Hunan Province,934,genextreme,-0.22393773117178684,179.2629533120097,38.503369252263525,0.09920100738396953,112.50777378800825,26.18666162548571
Hunan Province,935,genextreme,0.18820064367671663,186.67504416122753,35.817635688938154,0.09841418751718264,109.03122805071982,26.168934692122306
Hunan Province,936,genextreme,0.22229231727593501,187.58242562703742,34.469583641054335,0.17935274684921296,111.28027453848982,27.915834804379664
Hunan Province,937,genextreme,0.2632014498998141,186.5762471576657,36.66364986253107,0.13908699070420133,111.35009036374092,26.716520642298757
Hunan Province,938,genextreme,0.9217847810480271,203.82406142919842,101.93988635283986,0.11943450016338356,110.15154433015553,25.56363981512017
Hunan Province,939,genextreme,0.20723502532393312,186.2089756572914,36.66753330436585,0.1216451534269875,110.00663623521174,27.999362771103073
Hunan Province,940,genextreme,0.20351642039532564,185.3528725585736,34.79191062463893,0.16741365223891763,110.93511308367397,26.15051686160946
Hunan Province,941,genextreme,0.23331815122984872,189.81652042232548,37.48477619932176,0.12509446473429875,110.48226198148515,26.50077702524989
Hunan Province,942,genextreme,0.17868963239122662,188.83294245458882,35.24395937394854,0.22270557559003334,112.97764704180355,28.16840839168588
Hunan Province,943,genextreme,0.26315905414937346,187.05288650064918,36.802621389376796,0.14600582951062102,110.75404866963379,26.810997422001847
Hunan Province,944,genextreme,0.24252577930991237,190.0373817681342,34.37477228309827,0.12914894681827077,109.03346159662541,27.112444852103337
Hunan Province,945,genextreme,0.22427873269738496,188.24161334525454,38.44575178061593,0.1667865488431597,109.63350592864364,27.57332822870758
Hunan Province,946,genextreme,0.26299392388868015,191.18091786196675,34.135785732964635,0.14589902109177455,111.1693906017679,26.01692402564526
Hunan Province,947,genextreme,0.23639681713312022,186.83577910597018,38.650418612612974,0.10059124376164358,110.27969532263475,27.3797455777529
Hunan Province,948,genextreme,0.06812015937386551,181.77194074865565,35.23093167608536,0.16386800656316336,111.85285672090066,27.872521416491352
Hunan Province,949,genextreme,7.575667997669264,316.5784033173487,1.0951356799058138,0.13728652471077907,111.0902288924814,27.909852443239878
Hunan Province,950,genextreme,0.2023218046734498,187.02057772532663,35.41280950911043,0.178209298704348,111.74572771635033,26.043098895387267
Hunan Province,951,genextreme,0.201550718042178,186.7566488127663,35.54420074718571,0.15757640833439418,112.19206821476658,26.21764638601529
Hunan Province,952,genextreme,0.2359870250330357,187.7943239003389,35.95055403151872,0.13103657325071683,110.37077595746972,26.827000051473775
Hunan Province,953,genextreme,0.1970525684967903,186.62436034572505,35.39467324456888,0.10498603158070882,110.6559298195236,26.813199829533357
Hunan Province,954,genextreme,0.23109821933769753,185.93315934377384,34.329932310486946,0.15145299038072152,111.08291353641181,26.155782616229995
Hunan Province,955,genextreme,-3.182458824810462,112.21646430197535,3.692540352441833,0.1505331253426851,108.88389084173303,25.755032630006987
Hunan Province,956,genextreme,0.2210044325137982,188.0573847671638,37.62884923392017,0.18540484586931844,110.6676890678832,25.98720033387312
Hunan Province,957,genextreme,0.263710157482724,190.12660797312236,38.12331555056509,0.11727204049886489,112.17316713473886,26.33870939698653
Hunan Province,958,genextreme,0.25054806243468863,185.6168324887949,36.223832198467356,0.1648864567000038,112.21660410488758,26.512016450484673
Hunan Province,959,genextreme,0.20504375945279896,188.07159467561405,34.06126055791674,0.1228355383843196,112.07742943258792,25.309887657695448
Hunan Province,960,genextreme,5.755534874719483,311.1464622380987,5.8948396909139005,0.12764364348228713,108.46809050329472,27.502563286124698
Hunan Province,961,genextreme,0.24398272211703997,184.86008533920023,35.79574908116815,0.10911486971379056,110.91704853927669,26.899039695469035
Hunan Province,962,genextreme,0.2320305547001308,187.96723811363856,36.22631043491435,0.13046382301495713,110.6590335233804,26.23122434839145
Hunan Province,963,genextreme,0.2453758730526604,188.58600773878163,36.526515159502594,0.08637674417039971,110.22088211469551,25.306032451250474
Hunan Province,964,genextreme,0.2487234336604202,188.64847022619614,35.04356784396073,0.10367252816784267,113.24852053288777,27.37634860520108
Hunan Province,965,genextreme,0.1930122691729756,188.05643133409566,32.67337162116954,0.15926726583917936,110.7669579426997,25.366230663756397
Hunan Province,966,genextreme,0.3024424171510254,186.49316342953034,38.14731113133536,0.11738454041520321,112.29517310446775,26.468829730787373
Hunan Province,967,genextreme,0.21370741127011317,186.98924214376984,34.883585866631435,0.14354112978704317,109.52705840113472,27.542746749095002
Hunan Province,968,genextreme,0.22657981179135284,187.1914776403271,36.6506382222171,0.14022687860131897,108.40849820782972,27.865756162109612
Hunan Province,969,genextreme,0.21342405350441054,188.71617359510824,35.751183659007104,0.15267063272762715,110.14575111565513,25.503362434268407
Hunan Province,970,genextreme,0.23130347755324004,187.43257038618214,36.4853075851471,0.04562576735757734,109.21677426736078,24.056096746339716
Hunan Province,971,genextreme,0.2609129591600195,188.21608166114527,35.1795433779047,0.11488584933254346,110.00363811655686,26.657269724304108
Hunan Province,972,genextreme,0.19590193386950872,187.1113599600048,35.14478115448267,0.20559247995244828,114.03942822175081,28.200527836409368
Hunan Province,973,genextreme,0.5459439300624584,130.04581038705135,96.060528264293,0.12983015150399496,111.75975466712212,26.79440719234794
Hunan Province,974,genextreme,0.2481856446114778,187.297002085712,37.11869068485906,0.1287280947596675,112.40122291641084,26.25147930921608
Hunan Province,975,genextreme,0.2697626567054008,189.1133344138919,35.5917454474977,0.16230305607563522,112.4465238274477,26.062457591232466
Hunan Province,976,genextreme,0.22641175782856723,187.17881259781154,36.669299094632066,0.12529933168186907,111.62606708132103,27.693780688522207
Hunan Province,977,genextreme,0.23081883733105685,188.04012620677582,34.80175537674285,0.1455074637629577,112.81252441171495,26.175639375319
Hunan Province,978,genextreme,0.21815635674444686,190.750989786664,35.667599054810395,0.1398216095910968,111.45636995782093,25.289620310213767
Hunan Province,979,genextreme,0.21180161116824034,184.86033549709362,34.94329401889682,0.10339814202816752,112.93854021674173,28.263213191862178
Hunan Province,980,genextreme,0.22521019549945664,189.29428633705086,33.824437127558866,0.1574980412320816,111.70255715839384,26.90127793213732
Hunan Province,981,genextreme,0.22785066981269503,188.2545474242283,35.42103760950404,0.1564698086446292,112.73556647101097,26.3752403700162
Hunan Province,982,genextreme,0.29113511029254735,188.01865332757615,35.35736153510621,0.11851560173955406,111.74950648981681,25.626852766022843
Hunan Province,983,genextreme,0.19096975492429014,183.93435265328515,34.95511015951682,0.14007303547040467,110.3747216540969,26.45505276739244
Hunan Province,984,genextreme,0.24105446569945504,189.38466319844798,35.335847569468356,0.11117615819817842,108.99906902873755,25.880518126774156
Hunan Province,985,genextreme,0.2142432408850156,185.7388099480964,34.230450772077646,-0.45631841323694267,101.72730751202914,38.64500400417491
Hunan Province,986,genextreme,0.19739901383879027,186.52371609410852,35.505677864335276,0.11511149118317156,110.17037931411552,26.45003184722295
Hunan Province,987,genextreme,0.2269016861087409,187.7731679985107,34.31120014818889,0.17867048153850673,112.16974498333727,27.27071460018407
Hunan Province,988,genextreme,0.24585632828818582,188.6647227895353,36.492042969743494,0.11580021828632131,110.7459821887588,26.231492201590335
Hunan Province,989,genextreme,0.18081476067671695,185.0328106564757,34.295953598626525,0.06408725860827631,109.79953289620926,24.49618055460447
Hunan Province,990,genextreme,0.2722815010286338,188.14859175780373,36.39955863747906,0.18450623884597733,111.50411354919183,28.2771219550645
Hunan Province,991,genextreme,0.22818096117332454,185.0850391291755,35.415898749070095,0.11514293959977506,112.07452658967796,26.80502064025258
Hunan Province,992,genextreme,0.206985423790341,187.50646864040476,35.01241390394947,0.15457413698456524,112.98198546554687,28.614423948748758
Hunan Province,993,genextreme,0.21006751316955385,188.04376881779774,36.838537827930104,0.1331361236096628,111.94402737011453,28.843177166043862
Hunan Province,994,genextreme,0.1852283046132208,184.67877282589703,35.290321913775486,0.09089194110251467,109.60895352127898,26.017040266232755
Hunan Province,995,genextreme,0.24043376253746004,186.26283491920364,36.68095247445213,0.1403597153266045,110.36640569490942,26.885211882382244
Hunan Province,996,genextreme,0.2340033913222801,186.7588276080349,34.614692318304115,0.090218051523281,109.7483458874766,27.022044497157324
Hunan Province,997,genextreme,0.2468130590742681,189.47345498413716,39.04242553014109,0.06723564338726497,109.7476906148126,24.801935168512657
Hunan Province,998,genextreme,0.2087086163867401,189.62987632759683,36.00154484889202,0.0885674739556898,110.84056835761373,26.670306817632508
Hunan Province,999,genextreme,0.19027293587986133,187.92119787364703,34.322991707676735,0.11552300567499024,111.04953410351561,26.648960295399057
Hubei Province,0,genextreme,0.16659518541484586,156.2440458791449,33.873986494938045,0.16675550535214523,95.18098534111036,25.065397509438952
Hubei Province,1,genextreme,0.13679986956755774,155.2741550995408,33.35648592494215,0.14492331190630015,94.8370839651821,24.897492961475876
Hubei Province,2,genextreme,0.16630132381983576,155.98215649826443,34.711017338456884,0.18775753969002157,96.48995043701066,26.389722395957705
Hubei Province,3,genextreme,0.16467836219894993,156.69709380514195,33.981338499332,0.13079829509241225,96.06037699879613,25.850120895123972
Hubei Province,4,genextreme,0.13776488463079967,158.45336073321386,33.99066989320188,0.1164308168718704,97.94110701314077,25.742078152555237
Hubei Province,5,genextreme,0.13893665360244115,158.20582191633585,33.72061614773089,0.16701062456884636,95.63383055880303,26.724378871204898
Hubei Province,6,genextreme,0.12994378376185728,156.7628208874475,33.5523559521896,0.15572005617443369,96.20979659274302,26.25544862815127
Hubei Province,7,genextreme,0.204037957633178,159.2136759800697,38.44856107623943,0.15621458330059576,96.67066419256557,25.237346842312903
Hubei Province,8,genextreme,0.17690314716569117,158.4809449158235,35.809578913595935,0.20172831162498472,97.57307586245173,26.224419205752934
Hubei Province,9,genextreme,0.2607922237678515,155.40518531419738,37.70926749439806,0.210032437322568,97.80269387762826,25.994384371440287
Hubei Province,10,genextreme,0.1700425976306416,155.56430235613914,33.0401503390562,0.14777799312081144,94.66010179207142,25.834620712020058
Hubei Province,11,genextreme,0.16220333631614722,157.06486614554484,32.90162792741113,0.1276611181996482,93.47085433887382,26.524630750339302
Hubei Province,12,genextreme,0.17420658542077225,159.61140835897015,33.942633672400504,0.16450647724435408,95.83453752212675,25.546788467487083
Hubei Province,13,genextreme,0.18498885747241575,159.38205504829006,35.30243982344781,0.18282157136147476,96.72328282387369,26.893155851414498
Hubei Province,14,genextreme,0.11962893202721377,154.7907163868834,34.85941294635367,0.2237648615690231,96.309472032381,27.29733522631153
Hubei Province,15,genextreme,0.1927288573097017,159.84004806787598,35.52802389602868,0.16581970572429744,96.4554491535148,25.549358550017075
Hubei Province,16,genextreme,0.16085401797190796,156.81456244620807,35.35727031548941,0.16266048348548806,96.68266359102903,26.39764710166681
Hubei Province,17,genextreme,0.2054931584578066,156.1380542736777,34.93799704206786,0.14794907102826949,96.5854566909561,24.458531743475483
Hubei Province,18,genextreme,0.1514087424412689,159.54440428296743,35.22168506771778,0.1314333569007024,97.30097026240495,25.864734447571365
Hubei Province,19,genextreme,0.21565496475111318,153.67508040972194,33.28041937709037,0.11994371023248061,95.32041167151627,26.50091648555469
Hubei Province,20,genextreme,0.16504408805958135,158.9675552453834,34.71522185138248,0.20041534252434196,96.74802793257528,26.929202245789035
Hubei Province,21,genextreme,0.17924533828485006,156.0739209128225,36.726140153933585,0.15972077829975728,97.07829638569844,24.679477677480108
Hubei Province,22,genextreme,0.2060037917574447,155.76957849217322,33.695499981561156,0.13120531795653725,95.3595713654567,25.856784363740935
Hubei Province,23,genextreme,0.1765637463412702,160.32827285309673,34.9750407043889,0.15384155603449073,94.8893160129526,25.645597222578314
Hubei Province,24,genextreme,0.19211379531729933,155.6500579673135,34.25285934728632,0.1649652333006643,95.16596475024357,25.967137589792717
Hubei Province,25,genextreme,-0.023205476564002014,151.2717075124168,33.64804324998724,0.16399410902849737,95.71459834971586,24.895320059393626
Hubei Province,26,genextreme,0.19752033291980042,158.83819552362763,34.089282963853336,0.20440593669513774,94.67433542333117,27.424615932236392
Hubei Province,27,genextreme,0.18827864425063162,155.1817052854873,36.269452473368894,0.1760483133708444,96.40671525301909,25.524128528355483
Hubei Province,28,genextreme,0.1572549235809117,159.10589053226536,35.48303996670642,0.13205754163362438,96.02283278707644,24.605097871459456
Hubei Province,29,genextreme,0.14579559746195458,157.92771710400945,33.268961359199174,0.15143278450965825,94.39681437827818,25.931744603276613
Hubei Province,30,genextreme,0.1826001379209301,158.68401125389175,33.06228360152505,0.14183053475839913,96.06302985005631,25.699384367215167
Hubei Province,31,genextreme,0.17561574083461107,158.5797522350759,33.625657976475736,0.2106521438299483,95.84808168649859,25.898763486819156
Hubei Province,32,genextreme,0.14053872932813952,158.68439523378976,32.352441987212,0.17424689324423648,95.03202405350973,26.440338825782938
Hubei Province,33,genextreme,0.14943316262336756,154.87778684063983,35.76815477872685,0.14837718606730793,93.70086522247948,26.321391131076567
Hubei Province,34,genextreme,0.21186187390890485,157.1585321305891,34.26769908183347,0.22041341331459147,96.7070005542717,26.993673325747764
Hubei Province,35,genextreme,0.20666993157133937,155.58478579232064,34.62817363909351,0.1353403870486793,95.89159074225515,25.637442643534087
Hubei Province,36,genextreme,0.18010638015736852,158.32261596995218,34.84613317056955,0.20229739719586373,95.43759653187331,26.182581210658384
Hubei Province,37,genextreme,0.15268617020812214,160.70789058732305,32.94663408458458,0.1603797614475752,99.04151671069073,25.27860557559835
Hubei Province,38,genextreme,0.19099654449634132,156.64480984246163,34.96114083722739,0.14014475445931257,94.75706347723286,25.007396212968565
Hubei Province,39,genextreme,0.11574378430714431,157.06105632726687,34.24280615804018,0.13959738444127068,93.8002373759748,24.815947805852453
Hubei Province,40,genextreme,0.2099992205610472,157.9910872041803,32.84204757583222,0.10406481984197548,96.4303236827786,23.579363382440697
Hubei Province,41,genextreme,0.183938709452661,157.49646897568408,33.80744056993148,0.11420556484902462,94.67773613155063,25.473376122007565
Hubei Province,42,genextreme,0.19146714261773987,156.058767404786,35.06690771396656,0.16311427407668005,96.46801767884654,25.107494309715044
Hubei Province,43,genextreme,0.18545661429747773,157.0309860691891,36.25977807267013,0.14511370199541487,93.86279146011012,25.401020095672692
Hubei Province,44,genextreme,0.20697442552403633,158.8827649530554,36.25616966529887,0.15691103763544206,94.76977606248943,26.933694913473865
Hubei Province,45,genextreme,0.16551202310476507,156.60174420652686,34.45977140557457,0.17562490572541645,97.60366142468698,26.394558968192108
Hubei Province,46,genextreme,0.18166599028642305,156.73754895852275,35.041568010279164,0.12693154034297435,94.17414486433917,26.245313874913514
Hubei Province,47,genextreme,0.21771964784528153,158.66227829728535,34.957032621154056,0.10652725220819281,94.27089103682496,25.080393360478595
Hubei Province,48,genextreme,0.19787398531610875,157.2587827305798,33.01571648603105,0.14004707526186339,94.2027295307912,26.659718682774603
Hubei Province,49,genextreme,0.20670550012860017,159.0689812936161,35.6860460497676,0.13538442706197007,95.6797031738997,25.698275043028
Hubei Province,50,genextreme,0.20042670964676906,140.97184120303552,39.96619351805663,0.1733644926401848,96.36134378775313,26.720006201103025
Hubei Province,51,genextreme,0.13640785812449613,155.7758235143329,33.8363354037309,0.18030459409391286,93.87695924567578,25.35140725162385
Hubei Province,52,genextreme,0.15708945465997357,156.7136358080618,34.258222456518,0.18753896381584384,95.65196038174182,28.22266877152239
Hubei Province,53,genextreme,0.13457233674866237,155.11764718817932,34.63729455190547,0.24457723690714894,91.46815886450827,29.49317936838989
Hubei Province,54,genextreme,0.14875938640626313,155.40810075165086,34.26033895613163,0.13807256947497928,97.0692538219319,24.79959317939081
Hubei Province,55,genextreme,0.20644872129448022,158.13669990243648,34.27747502592376,0.15046861322424565,95.50154750476838,25.421548142152233
Hubei Province,56,genextreme,0.1833381350920196,159.5602241554986,33.715621516686525,0.13729378502863576,96.01493750092033,25.634882287474753
Hubei Province,57,genextreme,0.21517132650258403,158.08965449839573,34.69372608709401,0.1616710674406565,96.70521309913832,25.841651879432234
Hubei Province,58,genextreme,0.19571808108522315,157.45751952413826,34.95907617472822,0.16701296702649596,96.52136469166162,27.008183356642668
Hubei Province,59,genextreme,0.1315648373360045,158.67033330077027,34.85909219421454,0.15296527796246817,94.59403419264913,26.55389615395672
Hubei Province,60,genextreme,0.13554366677219515,157.83453784042507,36.24406625071621,0.1387232779656593,94.40876398114693,25.813087015959077
Hubei Province,61,genextreme,0.15854831423200985,154.96393859843607,35.47401409356774,0.1676055536102808,95.36078966800231,25.94818871698263
Hubei Province,62,genextreme,0.13474104022891548,157.42404478511082,34.192641143024446,0.10082074815388908,96.99882715448592,24.334081528082137
Hubei Province,63,genextreme,0.16090470870438653,156.9863379875353,35.54818570888493,0.127687309623767,94.12933216479261,24.273715123815453
Hubei Province,64,genextreme,0.1940121800077459,156.65644056385733,35.56402640891548,0.14955627585741543,96.44345429129395,25.260182855075207
Hubei Province,65,genextreme,0.18574936038209136,157.64699357921788,34.80243203275539,0.1657172130363272,92.95527357943372,24.859678672545407
Hubei Province,66,genextreme,-3.188118451116856,80.34561681151871,3.198245217690001,0.1597904678899451,96.19262153546163,26.315772058972488
Hubei Province,67,genextreme,0.1481238416367523,159.57304558022156,33.02940644728947,0.1793156964739078,96.94255477882191,26.963212217597636
Hubei Province,68,genextreme,0.12972341663456516,155.67852582194246,33.45826287281685,0.1135912403657765,95.09583254752582,24.16668770226905
Hubei Province,69,genextreme,0.14737137248524967,155.23240635734257,33.98747502866867,0.15614279548621296,93.9650570476401,25.684874856204083
Hubei Province,70,genextreme,0.1876026497249201,157.90105169086843,33.96021023342948,0.14915537676326213,94.4336664033423,25.276004680121343
Hubei Province,71,genextreme,0.10785561399677858,154.10106117168903,32.185587934848385,0.11817973023952968,94.17658018089796,26.364763639680838
Hubei Province,72,genextreme,0.13810244461067575,151.20219900366936,35.62182135948444,0.13406161433707325,96.39351809603932,25.471461138379578
Hubei Province,73,genextreme,0.1766127576419857,156.94463913983014,35.58717784239593,0.1672943410539362,96.12187282378653,27.23672261690141
Hubei Province,74,genextreme,0.20451927410605353,157.22733867442412,36.7344128403866,0.15597191557346968,95.4133314826309,26.098062211901752
Hubei Province,75,genextreme,0.18163982361108,155.66897455194925,35.49698297054736,0.13774752121817652,97.00560999866829,24.682072392394097
Hubei Province,76,genextreme,0.3537744511170855,98.47090473909634,81.48661090349219,0.1601091032812244,94.4380259775574,26.08569272299003
Hubei Province,77,genextreme,0.21570211302325748,158.30303250636715,33.407056298593076,0.1509022334479384,94.48044014399323,25.188065100607876
Hubei Province,78,genextreme,0.13922803003487466,157.0776276116909,35.032711071570084,0.16379401063601456,95.99416411640001,26.080119106736646
Hubei Province,79,genextreme,0.18786383318382355,158.28307090893395,34.46065057702175,0.15381882046961962,95.36037990191974,26.219710198056234
Hubei Province,80,genextreme,0.22330136372477272,158.0834820713764,33.7198109095084,0.14475492160605574,93.18326955098415,25.206789837226935
Hubei Province,81,genextreme,0.12669953039492154,157.24934886214194,33.039102292921314,0.13053823847598434,96.23393073044141,25.90262012262612
Hubei Province,82,genextreme,0.1379766343271756,152.93799015402234,33.97346095669724,0.1775896356134931,95.25585883511812,25.908919556365134
Hubei Province,83,genextreme,0.20303683259840666,159.84173577190342,35.38291169715802,0.15731158954408145,95.9851087358392,26.150072137341525
Hubei Province,84,genextreme,0.14490980962655897,157.09912137597985,34.69175251466765,0.18294054761222805,94.78729030840177,25.855391500999886
Hubei Province,85,genextreme,0.25819527492489114,152.0863893431125,37.53799284126933,0.14506283752726332,95.98343476043226,25.560481134248555
Hubei Province,86,genextreme,0.1823661321693624,156.04979142680492,34.79650008700594,0.11595744651526194,95.09785069711604,24.55488611721254
Hubei Province,87,genextreme,0.14820912507552325,157.54949894189332,34.150108156204865,0.16227908741854669,95.41308888238353,24.58065496231716
Hubei Province,88,genextreme,0.18115788717552506,156.72506486980325,33.90997736367854,0.15760007203200066,95.17259078605358,25.858230228258506
Hubei Province,89,genextreme,0.20992291232039764,157.41847812612764,35.30504835337459,0.12379386364129022,95.69112491703854,25.564298129815306
Hubei Province,90,genextreme,0.19093048717036182,157.90186029648657,34.148245825667715,0.1829588826385567,95.94751332257508,26.63581645425198
Hubei Province,91,genextreme,0.17403771284199204,154.48861941263624,33.643320751796665,0.13202604406642435,96.26204567871753,25.251503904727215
Hubei Province,92,genextreme,0.16535594419735533,158.97486095699094,32.58932803436904,0.14623063228110456,95.45538440032738,25.560146685158934
Hubei Province,93,genextreme,0.20474359717660517,158.64563159047975,35.761074238605104,0.14262443287434967,95.78073213254865,25.05802948323244
Hubei Province,94,genextreme,0.22343208552181115,157.83540203298116,36.347798450465774,0.11953046726072994,96.183981288263,25.345762875702256
Hubei Province,95,genextreme,0.11402162978455403,157.8446910901466,33.98207009314021,0.17959675129078212,96.79239907163361,26.513888317782868
Hubei Province,96,genextreme,0.1335231789845629,156.28949176230435,33.30828995846003,0.12537120656218792,91.99209702232258,27.37924227047109
Hubei Province,97,genextreme,0.2169247068968973,157.94383745755823,37.40829474584385,0.17036376619666474,95.37211481165062,25.000639617224742
Hubei Province,98,genextreme,0.1874621248841011,158.3456362054805,32.70311565603957,0.18860992601933196,96.13835077541114,23.95225870283252
Hubei Province,99,genextreme,0.18015823300894723,156.97574620741227,34.98826355095646,0.18701434370416614,95.35263539702217,25.81366382777457
Hubei Province,100,genextreme,0.14798560364417684,159.17107802890362,35.33675329670096,0.15068063571322973,94.7283627381903,25.001889197760775
Hubei Province,101,genextreme,0.1619804999249494,156.45295062074632,33.40717496500862,0.14961407709295502,95.25957793311235,27.027776576309932
Hubei Province,102,genextreme,0.12768742180934894,155.5955591337198,34.6059586254748,0.15897617099829786,96.27012553164363,26.487543816669913
Hubei Province,103,genextreme,0.2163205914389173,155.6265365453799,35.93289556588118,0.15962528337811765,96.00597466097955,25.53992108582866
Hubei Province,104,genextreme,0.13634054049504968,154.7811070577379,32.80887900944418,0.1689854045397597,97.16741454263473,26.690432551453284
Hubei Province,105,genextreme,0.19041379299363234,157.4573460998543,33.31760907094298,0.14556341070737364,94.34428529559591,25.814287969563345
Hubei Province,106,genextreme,-3.4058283131125497,85.43418808941229,1.787589818821731,0.26037601747064154,98.03946970724826,28.062418058464537
Hubei Province,107,genextreme,0.19033985614616009,157.35512565580234,33.8940041625423,0.1521677684894433,95.68625520371197,25.641213885393483
Hubei Province,108,genextreme,0.16360804090054676,157.8626921785817,33.901222710994126,0.1978689085150246,96.28605540852178,26.234564380403153
Hubei Province,109,genextreme,0.17124215553776223,157.2182739927863,33.911178711871216,0.17444095328176687,96.2638958335684,25.170985221343585
Hubei Province,110,genextreme,0.1926933050631485,157.97528271027153,33.41913516434194,0.09245119416748643,95.32408521368333,23.351237772244637
Hubei Province,111,genextreme,0.13405618739260056,158.22301507620475,32.9247739840946,0.16638078255793792,95.45812261006016,25.007629294331643
Hubei Province,112,genextreme,0.1550473677482903,154.32000213963988,34.586696711684496,-3.2177936665018,39.30649305631978,3.0264379331000724
Hubei Province,113,genextreme,0.10448302868773493,155.017794573937,32.35107597782944,0.20810410361708515,95.99117702657387,26.14527055548826
Hubei Province,114,genextreme,0.480544531789894,171.51343487071006,49.22979522486682,0.16328672129928667,96.28604028692507,23.92522162717215
Hubei Province,115,genextreme,0.17576154744643463,155.9474553346878,33.66098276498674,0.16686593622600282,95.8951645326708,26.76811435790601
Hubei Province,116,genextreme,0.23686158993930062,157.93239834712892,34.50011199949947,0.16580050584802725,92.25337398400583,26.57722844602847
Hubei Province,117,genextreme,0.1756720773981336,156.12104869304116,34.5896772094733,0.1508838149732793,93.99207518310075,25.760690590863888
Hubei Province,118,genextreme,0.1687944965952915,160.33979862730115,32.09372414578179,0.17170136203770353,95.41245410701652,26.399866477568516
Hubei Province,119,genextreme,0.16452719223179796,158.5661729568514,34.47562345143264,0.19202968793675396,94.76497577622962,26.836416626763896
Hubei Province,120,genextreme,0.18523177967216115,159.17839910771994,34.675044316362346,0.1633548135155689,96.82051778800096,25.661194893244954
Hubei Province,121,genextreme,0.16482472399633752,157.71861280899822,33.226105599311396,0.20170580011700712,94.59219237834384,27.990505266357264
Hubei Province,122,genextreme,0.15735428870718388,154.6409231243228,35.09312049697061,0.1438549259350494,96.09147507955373,25.326248190879156
Hubei Province,123,genextreme,0.14995741788824002,153.82135730223962,35.12709345720371,0.09192324618075742,96.04803978676935,23.460711763499212
Hubei Province,124,genextreme,0.20579926834717976,158.32663876772733,35.41118386699506,0.11839646805779047,95.01459451819784,25.244599608230445
Hubei Province,125,genextreme,0.14772612271871954,157.22072651208023,33.58214918045076,0.16727685055238595,96.01894438336615,26.466779672602115
Hubei Province,126,genextreme,0.18891178125297298,160.03391191552726,33.826839105255004,0.15953970940000495,95.63799234511707,25.453741950858035
Hubei Province,127,genextreme,0.20189809276181042,157.44603584204276,34.718019535345704,0.17039512077578206,96.71551097471249,25.43924802170309
Hubei Province,128,genextreme,0.1582513872368349,156.30628250695844,32.90371055485462,0.20388009467986445,96.42416428947001,25.94749459782191
Hubei Province,129,genextreme,0.2213768988996308,158.04252154281275,35.31541405276485,0.16480478589926928,95.71725609564808,25.75188041973228
Hubei Province,130,genextreme,0.12100535555621023,158.42600441928806,33.328112854787584,0.2052315669418754,96.95642305500597,25.598184075730547
Hubei Province,131,genextreme,0.2210613297683211,159.2270576117358,38.008553766183226,0.14968616684635533,95.55195450769973,27.06450547666776
Hubei Province,132,genextreme,0.4303448155471866,161.70516933728106,54.79253965203584,0.1732201851470896,95.59606046689372,26.729565603199525
Hubei Province,133,genextreme,0.21229844926521224,157.89721379307747,34.585001712733714,0.17632477953106088,95.38733934121726,27.128180896968082
Hubei Province,134,genextreme,0.1458489857129054,155.72295062060124,32.803714534959525,0.13411686638028514,96.03289822229277,24.495634798534326
Hubei Province,135,genextreme,0.22432230367214467,156.5747851911646,35.22917770389353,0.2163583128627719,97.18417262635934,25.535994551232825
Hubei Province,136,genextreme,0.17687087709605714,156.15695544946124,34.691090660086275,0.15003070962226356,93.45359543948047,26.140354157977942
Hubei Province,137,genextreme,0.20695000973571365,156.30522928338007,33.779075572494165,0.1217422486506359,94.2518525026102,25.191062825466187
Hubei Province,138,genextreme,0.17493283002881937,159.36433649608745,33.66130684190979,0.09830841939443452,95.9141165312621,24.91235016519066
Hubei Province,139,genextreme,0.13991896799833015,156.5586162391623,33.98700684735759,0.17137359045952438,95.47593719321031,26.366149684661057
Hubei Province,140,genextreme,0.18711672157582265,157.86419803829227,34.257348272405665,0.1776325874126058,95.69427372480982,26.684801353036406
Hubei Province,141,genextreme,0.17521275095722286,156.4819738010599,33.76866923922086,0.18672662073259227,97.32378739224617,26.962235208473672
Hubei Province,142,genextreme,0.19011257540507373,156.14973734112215,35.3745126151144,0.17116204526230203,94.31786201287926,26.490125645683136
Hubei Province,143,genextreme,0.20258567660830112,156.59800103348596,33.30012660288925,0.13666900201487575,94.95987117438258,26.910505230324787
Hubei Province,144,genextreme,0.16146916500314965,155.95375141341412,33.51590116096198,0.14116223039622006,96.93167265096457,26.415184569753173
Hubei Province,145,genextreme,0.16715631922651847,156.50677836280067,33.55428196565471,0.16627789500484885,95.14127137532188,26.413732652228088
Hubei Province,146,genextreme,0.14378058871081,156.3308229373643,36.86652151041986,0.15860545062511341,96.31505347743106,26.921370251240383
Hubei Province,147,genextreme,0.19339954560554126,158.0111773782877,36.34757466466212,0.1529595832285468,98.18718415593307,25.106062110059497
Hubei Province,148,genextreme,0.15037868478449531,158.0628132273107,33.1069324529116,0.15335217043171073,94.66183500263878,25.60774551813214
Hubei Province,149,genextreme,0.19663931035788607,156.9904122557926,35.19505565345986,0.19014626595874728,95.60122404227141,25.64163034661449
Hubei Province,150,genextreme,0.1471423092339193,156.02333328424024,33.56712549750836,0.1292492038353391,95.53294571720889,24.972821013350973
Hubei Province,151,genextreme,0.3933411340621584,159.42401871565232,50.49071742191154,0.244525702930946,96.24451675213749,25.767380338363523
Hubei Province,152,genextreme,0.1877860785191309,156.30867059736784,35.87472299582295,0.17300134379710647,95.65560600130621,25.731659703571303
Hubei Province,153,genextreme,0.1734805647960377,158.17796524476742,33.95557054476916,0.1672037421417174,95.21161252110686,25.543572632504485
Hubei Province,154,genextreme,0.1740884234301424,158.7084476549726,33.58252286836257,0.16824434356307183,95.20290299704683,26.56808648251183
Hubei Province,155,genextreme,0.1752976588057897,157.1733249148195,34.49744787962295,0.20812664839723255,96.14905432998624,25.384339535964436
Hubei Province,156,genextreme,0.1640609292875953,156.449523012005,33.61482066480278,0.16312612495449758,96.32092137940256,26.160661358544594
Hubei Province,157,genextreme,0.35199052451335133,127.82788236905057,61.96768802738808,0.19659038424824554,96.67441919324557,27.104656057231466
Hubei Province,158,genextreme,0.2011233676350377,156.3753024045322,34.11785982604214,0.13189839923293656,96.02826623033894,24.96436700088624
Hubei Province,159,genextreme,0.15839255158975113,155.7876319492755,34.433733908050684,0.1484597698401925,92.28212137300248,26.899023853133457
Hubei Province,160,genextreme,0.15425661093458348,160.15349249488617,35.88216735274948,0.13073243673522852,97.37382458234687,25.914076945976106
Hubei Province,161,genextreme,0.15588467439931364,152.4861218875161,32.476105847820975,0.19757617686868728,94.30237872935761,27.22366723219108
Hubei Province,162,genextreme,0.16898279626959667,158.08495140388106,34.79003761008079,0.1881229144261447,94.82155634913191,26.619181087321234
Hubei Province,163,genextreme,0.14625983100741236,161.06564359750763,34.64157689410434,0.12085527071490065,96.34699126709764,25.295568265633797
Hubei Province,164,genextreme,0.11845540857338119,152.63163727271345,35.601544275188196,0.16355450463960136,96.20352041280574,26.679931350458627
Hubei Province,165,genextreme,0.20714480130687613,160.6535994917654,35.05260419543192,0.15264178469249062,94.43267347139178,26.75393731027668
Hubei Province,166,genextreme,0.19143247274015157,156.98843255837687,34.17107436795897,0.14469122503609622,95.07164838247309,26.379294612851073
Hubei Province,167,genextreme,0.15692753608154233,156.4053789257066,33.33208680610886,0.15077868802522237,96.65041170031903,26.347042701682064
Hubei Province,168,genextreme,0.16068091568818788,159.0559988837167,33.74688783902313,0.15510451664732378,96.40445250572137,24.703067318415943
Hubei Province,169,genextreme,0.1863436286348631,155.97538069772776,33.62860785738303,0.006602738847318074,95.22741724311675,24.010254213759183
Hubei Province,170,genextreme,0.2434125469491606,159.4909774377164,36.395047207225275,0.14249627372827312,94.76324376842246,25.289893915033808
Hubei Province,171,genextreme,0.1635733524893147,158.09808121925013,33.59300931778937,0.18328137043586867,95.48219842120773,25.641465118361026
Hubei Province,172,genextreme,0.14102717079093458,158.63067583393942,31.85571908569952,0.13507465948759634,96.20675298378701,25.650398083531584
Hubei Province,173,genextreme,0.14069211703983722,155.1476621855603,32.33658710533634,0.16376022328994203,96.18462169200166,24.517655430924812
Hubei Province,174,genextreme,0.18875984604081353,155.92005358269546,36.23386614661064,0.12845843855417727,96.60579558421304,25.58664429474282
Hubei Province,175,genextreme,0.12683830918426098,153.3312278923268,33.97064990305886,0.17263203076394135,95.59124642917081,25.71753009424849
Hubei Province,176,genextreme,0.16730275759108287,157.46857740309255,35.3144645792068,0.15215940115737325,97.26119866062328,25.5573764168426
Hubei Province,177,genextreme,0.1195060431301763,160.56101387660019,33.912923990929855,0.18189564137520864,97.50678846480747,26.644635380821143
Hubei Province,178,genextreme,0.16427631454112757,158.63473567928895,34.26619536643477,0.16659764312950648,96.72308489073316,25.790093769216163
Hubei Province,179,genextreme,0.1620230977996509,155.9242568206587,33.727954310494525,0.152351969112757,93.66888072350018,25.41517251112171
Hubei Province,180,genextreme,0.21552504994468302,153.7721653497477,36.836850611290515,0.15945371858603358,93.31854380856116,24.90481426539514
Hubei Province,181,genextreme,0.2091763741517513,158.45035499511343,35.337330714490186,0.1694924985009963,94.4496333784636,25.40488397028127
Hubei Province,182,genextreme,0.10650062112487643,155.47100213543223,32.58772456137358,-3.220846463655795,38.05590689149818,3.004161217813232
Hubei Province,183,genextreme,0.15233384145768208,155.11683116377677,35.10107121575767,0.17438375840861814,94.31781817266483,25.573097159607293
Hubei Province,184,genextreme,0.1566674319202752,158.97937270591348,32.932543897666065,0.11742427414401505,97.20872099330083,25.22260863572783
Hubei Province,185,genextreme,0.14550456736180087,158.60178024079505,33.66294093871475,0.174365707797137,97.54283552764412,28.118528778250948
Hubei Province,186,genextreme,0.12762193681580436,155.93131184230134,33.95074026327369,0.21638339190172698,96.30210411631884,26.121343705445234
Hubei Province,187,genextreme,0.21301697246292836,159.21635474667391,33.15944630760163,0.1448876932195565,96.9846532480272,26.796952074714316
Hubei Province,188,genextreme,0.17854585435254156,157.21280663481912,33.59800909875615,0.1703253630479434,94.20714666441589,27.1470012055202
Hubei Province,189,genextreme,0.18669825303604431,158.10781242128985,34.35445816743412,0.13031244326852456,94.52921431742121,25.960905996521163
Hubei Province,190,genextreme,0.14564345855872596,155.8734890687865,33.13707085014661,0.13811536816711306,96.23575308099788,25.847036962160693
Hubei Province,191,genextreme,0.21273244507043926,157.5304708952414,35.78650667813444,0.08388312061049746,92.70447803124249,26.29121051477587
Hubei Province,192,genextreme,0.1448642958362556,155.82979593113112,33.076595428571366,0.2535602138628329,99.45935697196194,25.764874897047136
Hubei Province,193,genextreme,0.1918471888150716,156.1058340499573,36.36931801037443,0.20283824119290295,94.91226667776797,28.338165078266925
Hubei Province,194,genextreme,0.14019442426298168,156.91077305393992,33.40273981230061,0.1695282308763555,95.48755129187538,27.365062862976558
Hubei Province,195,genextreme,0.16542001278232848,156.55380907184306,33.625445861256594,-3.215092617597966,40.16852192504989,3.0232789101776136
Hubei Province,196,genextreme,0.40693400883834135,166.65799524005618,54.85826029523379,0.18205683537289452,95.213032724803,28.5344824614389
Hubei Province,197,genextreme,0.11214342683941275,157.48114881988164,32.59036209971745,0.1417949970372027,95.42097477787223,26.270007705485973
Hubei Province,198,genextreme,0.19121460614762076,158.25471788750738,36.55298512549963,0.15207882650634053,95.05800380844417,25.486460343372613
Hubei Province,199,genextreme,0.16574908237501895,155.94847481192153,33.82689558431369,0.17546097908480052,95.76846058161277,27.248131189266473
Hubei Province,200,genextreme,0.0025664544772456086,151.59961623635024,35.37725830346081,0.1433818328086795,96.33454297271675,25.635984746189706
Hubei Province,201,genextreme,0.21326417520074958,159.14724836071633,35.24992601724657,0.1704240177036408,94.56469792876868,26.815138191742328
Hubei Province,202,genextreme,0.16526675321994644,157.20222157582614,32.58973050092743,0.19984095374357397,97.22500830774817,26.672165264787704
Hubei Province,203,genextreme,0.1762963291917276,156.78894824663564,32.08674551702241,0.1730619644858091,98.70027855175539,26.161227583904946
Hubei Province,204,genextreme,0.16587019491579091,156.92020814034737,35.55187676694388,0.20167018945740073,94.70238354053609,25.585576024937193
Hubei Province,205,genextreme,0.16667192316561158,156.48214360250714,33.106193932930836,0.18293030783324665,95.96446158623027,25.814683036324936
Hubei Province,206,genextreme,0.14604394045537653,157.77558435030787,34.8203469183878,-3.303247984543242,33.610001618422885,2.1493618895585045
Hubei Province,207,genextreme,0.09300388742205128,155.5862804955018,31.35211573146558,0.16394888967702528,94.75629532235756,26.001274451477485
Hubei Province,208,genextreme,0.17655198300186775,158.25904800211453,35.279286259576935,0.17320604932560274,96.46123716070133,25.81321392925539
Hubei Province,209,genextreme,0.17509309016077526,161.0151824894183,33.95544045552063,0.16531927488764908,93.0708622293812,26.00077853613422
Hubei Province,210,genextreme,0.2413777745721814,157.55939863163098,34.7699152988484,-3.314385511064799,33.386908850066305,2.1541243963814583
Hubei Province,211,genextreme,0.14288763801400192,158.29589415438022,31.67920089864075,0.15782509071449202,95.3795146043143,26.689656248840038
Hubei Province,212,genextreme,0.17060013440666766,159.5205931211282,33.589330739163884,0.14449633237507992,95.1215117666339,26.226579786642034
Hubei Province,213,genextreme,0.11968434835429874,156.76958784290855,32.753989499742225,0.2435397777929134,96.94223062972907,28.68586133293379
Hubei Province,214,genextreme,0.1759023369670007,157.66539890927015,34.18222119325449,0.13427442704249995,95.79107221518714,25.60712917905175
Hubei Province,215,genextreme,0.13680423283393572,156.64816304780024,34.3377621821938,0.17264071618452587,94.95305965345251,24.653795109589524
Hubei Province,216,genextreme,0.23015558690659332,160.20493321075884,36.041530862450415,0.17860862012766587,94.8053385607505,26.217769397591766
Hubei Province,217,genextreme,0.1954789001493723,158.62926006003113,34.236215740878606,0.18451242092024409,96.42309855661591,26.149458903584915
Hubei Province,218,genextreme,0.2145585546505804,158.30012002863506,34.51241126304465,0.16490400871976912,97.90303546474978,27.028057505552116
Hubei Province,219,genextreme,-0.29485995648669117,133.12286457800906,28.196383281497987,0.19114419750856831,96.6719836751823,27.166836638489695
Hubei Province,220,genextreme,0.16806647724490492,155.9581491468569,35.39867852036679,0.18122256198946152,95.63274042804301,25.784987546098776
Hubei Province,221,genextreme,0.1585617174279605,157.88160228003053,35.686804915437975,0.1352303109457777,95.61468401500423,25.523601008548667
Hubei Province,222,genextreme,0.1592851348621171,156.59699084514375,32.448307130474745,0.14149622677266271,94.26488886613981,25.906433167295795
Hubei Province,223,genextreme,0.18745142424179057,159.3406408850883,33.02646920962337,0.14723680249073173,95.78150560017949,26.912570629673546
Hubei Province,224,genextreme,-3.630765901559908,56.82046263687792,3.6213106625789013,0.16856842150718726,94.79251923603053,27.073948504027825
Hubei Province,225,genextreme,0.12668350761421548,156.5583418385371,32.701549606109666,0.1523459294202305,94.73265287073934,26.096609973220094
Hubei Province,226,genextreme,0.17493653726238628,157.91437600320057,34.93246842282393,0.09056912328003489,96.7510786712352,24.181428707258455
Hubei Province,227,genextreme,0.10873592397955227,157.49748974316057,32.87818203943627,0.1897923655478131,96.91161830911713,27.28413117402946
Hubei Province,228,genextreme,0.23798936380557378,157.6988188440357,37.13044268560424,0.18799740937367487,96.83047896086482,27.295822356964912
Hubei Province,229,genextreme,0.18845645228757618,156.9500398099016,33.37524944669326,0.1548651436369755,95.71441394157898,25.318728536865727
Hubei Province,230,genextreme,0.13871692874179528,155.54113248414208,32.333278323349354,0.18542662070366117,95.52742734870553,27.564726504002614
Hubei Province,231,genextreme,0.21159017812740855,157.56259667890137,35.24403412659495,0.1323186251984968,96.00289363355337,25.515314669332668
Hubei Province,232,genextreme,0.17400544115756378,158.82408821200164,35.028839071718885,0.18161219259307262,95.4943331044035,25.70428259697693
Hubei Province,233,genextreme,0.17930866304716858,156.60364954466888,34.61264396132377,0.16918720027405015,94.20121410647789,25.313624872843555
Hubei Province,234,genextreme,0.172090203008886,157.88340123300458,34.620388698695166,0.17382039366219154,96.8800249331654,25.681258175603745
Hubei Province,235,genextreme,0.17202925650756434,155.7046236484402,35.00110887756618,0.17935234709823034,94.15897450580249,25.286356959629515
Hubei Province,236,genextreme,0.1475683218378393,156.46476944439001,33.10749146375238,0.14666028110674473,95.37813882297532,26.03639409965333
Hubei Province,237,genextreme,0.1439602587693528,156.73631138343433,35.410328504131186,0.14515918795497784,95.34699969510766,24.961264074115945
Hubei Province,238,genextreme,0.1607792125021451,160.2607012714929,34.25543968472506,0.17743165454660798,96.14996324924587,26.93577267291039
Hubei Province,239,genextreme,0.19675824597707509,157.60377401581434,33.88008396090453,0.16753081900816175,95.80643364314378,25.479904338790103
Hubei Province,240,genextreme,0.14102369191425052,156.93880032380218,33.24506881148957,0.17297462933891994,96.95761914847749,24.45183889440892
Hubei Province,241,genextreme,0.1849770813555079,159.1535171786254,34.838409472541514,0.14115849220560747,93.53757750487497,25.379765852623596
Hubei Province,242,genextreme,0.1887458410078339,157.68500655794816,33.76498303475486,0.14222021268463456,95.47551343629803,24.184917513513994
Hubei Province,243,genextreme,0.17284615016944338,155.3017516825193,35.569942767879596,0.1375463300958561,95.93595729986373,24.809715231060515
Hubei Province,244,genextreme,0.1568247561778449,157.16624124115154,33.77189155600428,0.135914560431786,95.25795820013624,26.018514840902668
Hubei Province,245,genextreme,0.1797547821614507,157.93963492212038,33.2399228782533,0.13970202040414587,95.0797069175398,24.08960823809275
Hubei Province,246,genextreme,0.1525937476216225,159.3216694721736,34.105611710337534,0.18331648176700427,98.5735859507188,26.724282994633263
Hubei Province,247,genextreme,0.1769856742234214,153.52755566567066,34.1059461267392,0.1842797926682507,96.53008837325194,26.644474145355133
Hubei Province,248,genextreme,0.1564039479429956,159.08643727939307,34.302875383624595,0.15702526313162873,96.3791807562682,26.370964487150495
Hubei Province,249,genextreme,0.1447882577413306,154.9235451323828,33.24469703945549,0.11410697890699903,94.90729342428328,25.719130832545247
Hubei Province,250,genextreme,0.1929067481885366,157.29628385524535,34.75040186412222,0.18652501766739116,95.83611000610806,26.542216611040068
Hubei Province,251,genextreme,0.19559351395741403,156.34480151478382,35.050909909792196,0.14979599514021016,97.82986407864092,26.271694526482804
Hubei Province,252,genextreme,0.19860813617486409,158.0826789635774,34.92741685810472,0.1670423682532553,97.0016937989605,25.18405083318619
Hubei Province,253,genextreme,0.21305574574878133,159.09492373577484,36.376282382223195,0.14232126709274112,95.65047661185795,25.907015084922453
Hubei Province,254,genextreme,0.1917578409005749,158.0630431781364,33.72870731277379,0.20714208543102475,97.85543062163858,26.16033564914146
Hubei Province,255,genextreme,0.19330207722939746,159.41115408154275,34.753743311204076,0.16829001341407376,94.28178981619261,25.064739067532848
Hubei Province,256,genextreme,0.1931677183463938,155.87930618811225,34.277238484399675,0.16808096094835323,94.49814443649726,26.500093960396025
Hubei Province,257,genextreme,0.11302996123221866,157.06220228423012,32.07367605292923,0.20739508042169524,99.6887822727822,26.615627114260864
Hubei Province,258,genextreme,0.1516937795047945,157.53842734591996,33.42767121929724,0.17308823770895573,93.07617745577923,26.920075513986788
Hubei Province,259,genextreme,0.2188296515759111,157.6117826098724,35.34678935142476,0.16197819657881346,95.55266555903569,25.637565002669668
Hubei Province,260,genextreme,0.1705167788333608,156.7777522797587,34.3925384109114,0.1561914977391758,95.73928181115541,22.909296703632158
Hubei Province,261,genextreme,0.15038685759555612,156.57068725662333,32.59171849829588,0.20601524825511064,94.22502783248726,24.778505308835165
Hubei Province,262,genextreme,0.1744646580312551,157.30328626679858,35.06721423961937,0.21256197465642956,96.93898742634155,26.442276270488264
Hubei Province,263,genextreme,0.2249807152569589,156.04773616591632,33.22207377461656,0.1762744652505998,96.45523518997253,27.446606243167896
Hubei Province,264,genextreme,0.16021486663844597,158.30921366751105,35.09731565132827,0.17231597530481596,95.8010257301531,26.096414590899567
Hubei Province,265,genextreme,0.13550393099843336,157.02716600890815,32.44211322469498,0.16315899908312703,96.30604345552021,25.96989154621449
Hubei Province,266,genextreme,0.17279675664050728,156.68156198279124,35.5774150959562,0.1591085808911567,96.48843370852583,25.71701597630352
Hubei Province,267,genextreme,0.2205036176050459,158.95556984291858,35.97743494706934,0.21232155568748318,97.12432994121134,27.141857494907683
Hubei Province,268,genextreme,0.14002457819940287,155.8827859882328,34.61199563597758,0.17242308138256912,95.03557100867023,26.11768395546265
Hubei Province,269,genextreme,0.20681508110074043,158.73817712620962,35.33870632675848,0.17513387106685474,95.52142952608612,25.80313078806978
Hubei Province,270,genextreme,0.1270131021871894,154.25660218676595,33.09853954924077,0.14817694011001015,94.60622095797521,25.540103359424528
Hubei Province,271,genextreme,0.17372888236394785,160.08613027737334,34.0159895797722,0.12757112278757565,95.62045826508077,25.42251551466389
Hubei Province,272,genextreme,0.1967947416980257,160.30716023549377,33.1756931775149,0.14236712073162755,96.33876965957226,26.41788316904885
Hubei Province,273,genextreme,0.2321481765781428,161.21605390265142,36.13294393639143,0.1831516404036203,94.45262003451845,26.880988127439196
Hubei Province,274,genextreme,0.1708933680876789,157.436289276893,34.18410762009931,0.1525038738664474,93.81583377522273,25.015479065451004
Hubei Province,275,genextreme,0.2083269783783377,158.42034303697073,35.09956793128796,0.1655569573007476,93.03542743057614,27.933325422773216
Hubei Province,276,genextreme,0.1321644699763943,154.74376876486693,35.06597163657656,0.1006108226266927,95.62024094755506,25.724916066221297
Hubei Province,277,genextreme,0.1320098309994284,155.75078368979206,33.97915119898272,0.16015096828050934,95.60269635686925,25.421820356358634
Hubei Province,278,genextreme,0.16669843159525405,157.11160882886804,31.849154505184927,0.19489720911265357,97.15903542025649,26.794608989552835
Hubei Province,279,genextreme,0.14892059570758642,157.05299262545645,36.65480254699495,0.15498246540622237,93.78812907718955,27.946552221939598
Hubei Province,280,genextreme,0.12124707704996834,157.4386278496232,32.24674334572729,0.1496070526825944,95.66406186923075,25.807752932340865
Hubei Province,281,genextreme,0.1447163771747741,156.32361944397127,34.88684124025272,0.10542683303817643,95.04935448116592,23.88709085985269
Hubei Province,282,genextreme,0.16288918330609425,156.2359410060471,35.16692579649738,0.18562053860367195,93.89723323690737,26.391239033177847
Hubei Province,283,genextreme,0.18160392682316787,156.7721504271717,34.57132970019036,0.28981588490771837,96.11695928969004,27.650049664143964
Hubei Province,284,genextreme,0.14928410576684076,156.39935159324983,34.67391076718732,0.18234057429642941,96.7488466414749,25.637262907084
Hubei Province,285,genextreme,0.1533854292322724,156.33489014922225,34.26182444093122,0.1288872869128817,95.21446048733124,25.201477985560594
Hubei Province,286,genextreme,0.14694149168217335,155.6403472824274,34.49165748500238,0.1517634398830386,95.54979868970645,25.683536026034453
Hubei Province,287,genextreme,0.15796177344861956,160.23846249403195,34.243039228259846,1.1649546447598216,34.260138312632094,180.89833810361162
Hubei Province,288,genextreme,0.2388435066878972,158.8343176788931,35.551340628447946,0.21586578010624963,96.29332576891638,25.73163694855851
Hubei Province,289,genextreme,0.3845080505160313,156.6033791029525,45.72621886678854,0.20335655331686184,97.412998497849,25.30202517798513
Hubei Province,290,genextreme,0.18025900044319798,156.8826992978592,37.015884410550385,0.13189871879464327,94.92621687819522,25.737167096962246
Hubei Province,291,genextreme,0.4059865817356665,160.46294362339495,59.00579146811472,0.2649855163997017,89.75938410548736,29.2547467180363
Hubei Province,292,genextreme,0.13053310334023036,156.36926893421247,32.8282839682999,0.1433064860469306,96.46986998259737,26.913655497664244
Hubei Province,293,genextreme,0.16958872582399073,159.47236905439667,33.31159054775384,0.14528047118214776,95.15257589295075,25.29951616939077
Hubei Province,294,genextreme,0.1817442765276563,157.6162562840745,35.05085941650787,0.173422451268404,93.756294084663,25.118188400115706
Hubei Province,295,genextreme,0.18386181430702325,157.83973123873272,33.16466306655225,0.1656969008677256,97.34564726396502,25.45959331917733
Hubei Province,296,genextreme,0.1479855467874236,154.85226779645228,33.28270040221179,0.15871120229214447,95.06340852560498,26.31170195263544
Hubei Province,297,genextreme,0.1822264726720833,158.24719992803256,34.55859766389063,0.17876867798590465,97.3074685173138,26.565850003282886
Hubei Province,298,genextreme,0.23715750241180056,160.20952687613135,34.32322206773037,0.1395210418393593,95.35757630507189,24.696110774975885
Hubei Province,299,genextreme,0.1857443963555379,159.32643701903498,34.49657174300884,0.16698762504016265,95.35712191146746,26.31206773501672
Hubei Province,300,genextreme,0.16091854798812633,157.04869963186627,35.51231790220981,0.1198851510837553,96.89825770628039,25.60838713851779
Hubei Province,301,genextreme,0.18618607220869487,156.01751906252048,35.057348519768595,0.1958075348134063,95.84906910431661,25.945709280433164
Hubei Province,302,genextreme,0.13429589697063538,158.30772348763298,34.26646803325437,0.17339173123618165,95.73734578248403,26.23246392877673
Hubei Province,303,genextreme,0.19509026937881652,157.10895948535295,34.829664483334085,0.15292759447052945,95.74371098966571,27.693378570796444
Hubei Province,304,genextreme,0.15139434267222002,156.3997665623239,34.405069520299506,0.15069020784446868,95.61083661507479,25.485390460555585
Hubei Province,305,genextreme,0.1523191564306819,157.2029658301076,34.18674436636272,0.14311189438313437,96.81725451790035,25.863389581453
Hubei Province,306,genextreme,0.18682516139184105,158.79769054036018,36.68979677713709,0.16700362720090328,94.10237618494034,26.6466686795127
Hubei Province,307,genextreme,0.21964723853514448,159.68540172630725,34.81631163558305,0.1471312724484602,97.23457165667523,24.582503051133052
Hubei Province,308,genextreme,0.23136027743870657,160.15642523982842,36.22266150786784,0.1964762130440436,97.72396793041924,26.53964812092142
Hubei Province,309,genextreme,0.1332579499987613,156.02641667598357,33.100606614238146,0.15282056138166064,94.7997904840129,25.56621483722789
Hubei Province,310,genextreme,0.14422047612878158,156.22085854565023,34.78094518803091,0.17258755180625718,96.81419554478691,26.317948182597597
Hubei Province,311,genextreme,0.19881833885366446,158.59881472559044,35.96108955369279,0.18786785339910217,96.82397086796453,26.916125821372574
Hubei Province,312,genextreme,0.18495558276819313,157.12919625638085,35.67940093790213,-0.12279447104453989,92.70240488905176,26.5621972727111
Hubei Province,313,genextreme,0.1264579593789975,155.61470817950172,34.742082597497514,0.1464875078895319,97.27938562314742,26.364986792045617
Hubei Province,314,genextreme,0.17819286652438227,157.36442968895807,33.296065579626394,0.16516046465742001,94.96851428596375,27.068266367447734
Hubei Province,315,genextreme,0.18562780947611657,159.3606727075648,34.398956519795036,0.13655745731923197,95.98204703417753,25.159436399953044
Hubei Province,316,genextreme,0.15154020538920587,158.47836254590396,33.40801792458896,0.14334729474518865,93.45198121242433,24.01532500443387
Hubei Province,317,genextreme,0.13229396594972365,157.3383478290113,34.42292103824397,-3.2955555562121646,37.125078556538966,3.124850610912647
Hubei Province,318,genextreme,0.14452004361276644,156.6992974147314,34.682875579945744,0.12103273442157034,94.45426626892642,24.488281903395283
Hubei Province,319,genextreme,0.1402133346100095,155.6305659296995,33.45921043860808,0.15744491422800203,97.40256886920041,27.207287649071358
Hubei Province,320,genextreme,0.1865567013363422,156.18316485316961,35.72196286864058,0.1851935821797419,95.6063910685443,24.945115338015427
Hubei Province,321,genextreme,0.17145631249940735,157.67776931790416,35.33992887914715,0.15294248838759128,93.56335953531618,26.30138428984359
Hubei Province,322,genextreme,0.19734930063579098,157.06705559093163,34.543172375759085,0.18774601703937807,96.44566237327913,25.532137973737242
Hubei Province,323,genextreme,0.203316599738422,158.82826306895703,33.66252889243496,0.13592213269112133,95.09527989575014,25.183303649738278
Hubei Province,324,genextreme,0.16663961740723932,156.14572434760015,32.99091895385072,0.1395198234747414,95.96502796733256,24.388138888759343
Hubei Province,325,genextreme,0.1624657732023862,156.67401101019317,34.91921400687224,0.16043367366243305,97.6366485544188,25.705365353114793
Hubei Province,326,genextreme,0.13734749195697227,155.2468694130103,34.085602814972674,0.1853100369950042,97.04928704859776,27.290964667456763
Hubei Province,327,genextreme,0.15078128544327887,157.1614614736481,34.349546632335574,0.14588622894358694,94.95822710723169,24.833780864805536
Hubei Province,328,genextreme,0.12605033772027363,155.49844369593262,34.87019867061325,0.17777000195908982,94.819894621083,25.289727900969183
Hubei Province,329,genextreme,0.17503737453505788,158.27586588856605,34.01153043580115,0.15716668097627606,97.23161100957255,26.328177373887435
Hubei Province,330,genextreme,0.1850159382478761,158.2373999624396,36.96624077767538,0.16428450137375478,95.97535351423136,26.706899097929995
Hubei Province,331,genextreme,0.12690470637402676,159.52793963993565,33.376661605426065,0.1834605330350907,96.17563832327673,25.576770103459253
Hubei Province,332,genextreme,0.11796496819297783,157.12961517046529,32.62489667682641,0.19992883390189292,96.32002582615152,24.367055668908975
Hubei Province,333,genextreme,0.18479370352954844,157.58351678884588,34.50714800213247,0.17805808380449095,95.12086193997982,24.45593555403707
Hubei Province,334,genextreme,0.17390227409270953,157.89879807818704,33.7331356625134,0.12496438174213431,95.86926230687214,25.190686026527136
Hubei Province,335,genextreme,0.24859957590789222,157.7282033765484,35.582794020858586,-3.2609311910885563,35.56855365296036,3.0733621167281813
Hubei Province,336,genextreme,0.16546679654971325,156.14737978741346,34.29270659743206,0.13436242564375522,92.88415553743971,26.12224327384178
Hubei Province,337,genextreme,0.12802039340965787,154.4123571337446,33.476987598043024,0.21714921275411908,96.41295632865695,25.42481820585899
Hubei Province,338,genextreme,0.2352000716499616,155.91942936044546,36.67555059979287,0.15632582175653847,98.2591113704909,25.89471110863584
Hubei Province,339,genextreme,0.219024232490723,158.3179335139052,36.54815324718783,0.23090604809292245,97.81862248375666,27.400491487513925
Hubei Province,340,genextreme,0.16942770523052814,157.98059507190442,34.21616060321847,0.18083552784842005,97.46240205890504,25.428603431738537
Hubei Province,341,genextreme,0.22043734702794981,158.48938402150426,36.62639282706391,-0.060259377720856766,89.05450231242077,25.871211020400693
Hubei Province,342,genextreme,0.1416252832494063,154.44970763317792,33.10274681735987,0.08707648673195831,95.12439648180377,23.941828534144847
Hubei Province,343,genextreme,0.18665962247281603,158.37932170923483,34.863116874818985,0.11709672881619461,94.56110756548898,25.81854862692354
Hubei Province,344,genextreme,0.18014307384375272,156.11363118995354,34.76558988800623,0.1551404759522718,95.69202285405385,25.519230809650793
Hubei Province,345,genextreme,0.17884786518851362,156.80533867470365,35.15016463652109,0.14001400709977724,97.06261457360922,26.452694576325168
Hubei Province,346,genextreme,0.14574126489775469,155.26244316383242,33.134441711953016,0.1488948500554257,96.74353768969154,26.331792077993903
Hubei Province,347,genextreme,0.17884280387232812,155.6981277351808,34.80681748662917,0.1173368650550769,94.48233294396098,25.00942611382868
Hubei Province,348,genextreme,0.20940196818206563,157.8068687460149,35.235668783643035,0.14171311328816688,96.5710496647039,25.433778971512204
Hubei Province,349,genextreme,0.14605837654987294,156.75915836955267,32.44276184725298,0.1774744012842543,98.78660353446368,27.32409436113956
Hubei Province,350,genextreme,0.38403672951236767,162.76537845230632,49.519240432761606,0.18261651540376173,93.96653523200757,27.168141588920946
Hubei Province,351,genextreme,0.1435349992906442,156.88460044780433,34.606457085635185,0.12457328319436634,94.4048840177079,25.99180698783239
Hubei Province,352,genextreme,0.18274051188329332,155.85835054530583,33.79148685743949,0.17956979865945116,97.29342443919228,25.98007006160559
Hubei Province,353,genextreme,0.1464366747648051,155.80824910779242,32.830149050875534,0.1785421371855212,96.40197949641194,26.89988771394032
Hubei Province,354,genextreme,0.12765350452451196,155.43535018939667,34.94690003763074,0.1541772790845679,95.50393215111302,25.387299509872136
Hubei Province,355,genextreme,0.16763192208166505,157.3822542989903,33.867149312843296,0.5312132520447805,100.92153623032306,51.61133527568578
Hubei Province,356,genextreme,0.20343695746318033,158.57968776551076,33.21497204626425,0.1217973020790038,95.27936195393414,24.34963591826715
Hubei Province,357,genextreme,0.17672724749365482,162.47111843066898,35.44021476901035,0.21226715924754588,97.12069696005963,27.892438696435654
Hubei Province,358,genextreme,0.19381961845717027,159.6124313451336,34.100110136943584,0.14778005956601226,95.40512287481384,25.129549202083815
Hubei Province,359,genextreme,0.13886697249676805,157.0318284625125,35.22075472592803,0.15248103051336503,96.63397781652384,24.191336999305165
Hubei Province,360,genextreme,0.068904656129819,154.73182652525549,30.85251536490703,0.23650694378694798,97.5725159199002,26.044121876359362
Hubei Province,361,genextreme,0.14940451661008539,154.54634400907798,33.45167188001238,0.13330421207468884,96.09239378079914,25.3430696158986
Hubei Province,362,genextreme,0.1939607608747902,157.56717517517117,35.391676497666346,0.48409766120680553,102.00375557002235,46.80408966967744
Hubei Province,363,genextreme,0.16397277913260774,155.9133965662531,34.3246397159693,0.1986360487981909,96.23471930382698,26.040978011954742
Hubei Province,364,genextreme,0.18203107925425788,157.3641947401477,35.01405899615948,0.1690836483504844,96.5471667146843,25.91885942257999
Hubei Province,365,genextreme,0.13710448070115963,156.87957712393703,34.50810684958584,0.14263152229237325,96.14115334223868,26.931522192576377
Hubei Province,366,genextreme,0.17102003514972047,158.1302448510172,34.667710394621324,0.1771097071358583,95.42429673094168,26.935571539054465
Hubei Province,367,genextreme,0.15178784551866178,158.58173992287396,34.684148769907594,0.1372001348176372,93.17595850319476,25.568803517041623
Hubei Province,368,genextreme,0.16447551039560082,158.0592872187887,34.347693509058516,0.1533986875512977,96.68529736734395,26.187285834511666
Hubei Province,369,genextreme,0.18232445642479633,156.32140885356262,35.29607546777767,0.16191782348914263,95.63767467128446,25.548427675756926
Hubei Province,370,genextreme,0.20631320288008476,158.61867911511794,35.25082105651579,0.46932206397691933,50.757009586487186,71.1993031401716
Hubei Province,371,genextreme,0.1111094605155406,156.3492769653842,34.56356753088402,0.14106102641627327,95.79180580069686,25.296032001533714
Hubei Province,372,genextreme,0.16490387297172474,154.64317490980181,34.787918118348095,0.1748322165218559,95.36739748455376,24.903664012895277
Hubei Province,373,genextreme,0.23045938156032558,159.24693825238614,34.39072834560402,0.18081757332345522,96.56039954687826,25.85933011943644
Hubei Province,374,genextreme,0.2003205307087319,157.61546824857436,37.46228738598897,0.2197418926172614,95.8655834137888,26.36578183522129
Hubei Province,375,genextreme,0.14702480173407756,153.76705370849373,34.94755803415933,0.15024961571517043,96.8130509298408,25.998235308125988
Hubei Province,376,genextreme,0.14576059723707657,156.40401507133686,34.82637432482678,0.19689357791381074,97.72441215050131,27.5756073086513
Hubei Province,377,genextreme,0.1767449917560393,156.4169101911196,34.54832201834596,0.12576986260882972,97.1065418099975,25.21524314579805
Hubei Province,378,genextreme,0.17094668515730468,157.3439573976366,35.121294018807546,0.16016032215044518,96.83555379369938,24.703918632722644
Hubei Province,379,genextreme,0.12204740356360418,159.59565423479046,32.87056837830271,0.1369572637763765,94.39750344110374,26.222726884447205
Hubei Province,380,genextreme,0.22639395105049653,160.0408366857839,36.126387682632895,0.1793000306126769,97.40683955715086,26.473126691401106
Hubei Province,381,genextreme,0.1487281112278573,157.51054906090414,33.33285759010052,0.20458547029346907,95.06382268175724,27.59279610939973
Hubei Province,382,genextreme,0.1213242576920661,152.9283551454982,33.755832990469145,0.18240610695175297,95.03961932707233,26.637487589927687
Hubei Province,383,genextreme,0.20303943669270608,155.54251950236423,35.07911900093279,0.177642394455979,95.76617040664216,26.542044708992798
Hubei Province,384,genextreme,0.14908971854855602,160.42750354280074,33.92957629622373,0.15358267723657265,94.79250544107437,25.894990938679527
Hubei Province,385,genextreme,0.17786699725180183,158.02041895029456,33.37870321404782,0.13737292296680825,93.62455278673008,25.530234834571058
Hubei Province,386,genextreme,0.1777462329556172,157.9147699404747,31.94005368821626,0.15791350875401855,96.01921388555454,25.674303429515085
Hubei Province,387,genextreme,0.18094662325268168,158.48488985715335,33.91699026836842,0.16557424592856596,92.59366409485875,25.648519879570152
Hubei Province,388,genextreme,0.14107690251991628,155.79318994633024,32.89418721922702,0.16935951599514532,95.924603301051,26.13960153762359
Hubei Province,389,genextreme,0.1495286483967471,156.37244850334565,32.3920059974267,0.1493943140406953,95.91865918224985,24.843627692723146
Hubei Province,390,genextreme,0.18135093962084503,157.40736194021673,33.6211472144648,0.18764356200884563,96.73323826298272,26.090904186597804
Hubei Province,391,genextreme,0.13556429576246673,158.96666942756804,33.51025324482842,0.17902644265981554,97.51243771767996,25.71562653656202
Hubei Province,392,genextreme,0.18740403291436775,157.16970586079162,36.82744036840807,0.14239291438231869,96.48131754531099,25.3692878000665
Hubei Province,393,genextreme,0.16624262605752532,156.1292963269903,33.746837278995585,0.17724988386025897,95.90031560147075,25.400653688056508
Hubei Province,394,genextreme,-3.5703255259218354,56.85579390534147,3.4902313722668,0.18268204110642294,96.81645726678313,25.609165181562545
Hubei Province,395,genextreme,0.12566031120407659,155.77284589713895,32.82282534172991,0.1535769081567407,96.27295632219642,24.94274589619598
Hubei Province,396,genextreme,0.19467603379172954,156.96800186129937,34.25669675539177,0.14551107841520888,95.55140123014482,25.660522260984557
Hubei Province,397,genextreme,0.207706767783067,155.70357477323202,36.062188832339295,0.16890669889614748,94.63567965624576,26.546915313222186
Hubei Province,398,genextreme,0.14077707237228326,157.26072073622956,34.49438253081931,0.16370876776467252,94.24011905994281,25.271491393823087
Hubei Province,399,genextreme,0.12116041913769127,155.9435324915014,35.294690925930865,0.16049122593526194,95.14446192458563,26.236400922767473
Hubei Province,400,genextreme,0.17967851889411643,155.37768698269394,35.72886317913118,0.1109699690480628,94.38973599624217,25.75686356609706
Hubei Province,401,genextreme,0.18776589422312245,159.63962166200332,35.29980132859717,0.18315338665072395,96.32832898859905,25.841544406938333
Hubei Province,402,genextreme,0.1473267063449944,158.13441488983472,31.86742961855949,0.21924374353324577,96.08566559189498,26.930036452296847
Hubei Province,403,genextreme,0.1234347660645941,154.3627337118927,33.693525478610425,0.2150606241511568,98.73014115389353,26.873192084735862
Hubei Province,404,genextreme,-0.18026354201421835,146.14344001084294,38.64158986036044,0.18364678511250365,93.46418711773282,26.44608753339319
Hubei Province,405,genextreme,0.165782002557524,155.383691964301,34.72127569260244,0.12021719912808942,94.69544049315992,24.617389274924534
Hubei Province,406,genextreme,0.21513963057550534,158.83058832483675,35.19658392094494,0.1827658182215442,95.72111693871457,26.831045412489043
Hubei Province,407,genextreme,0.16088886177892137,155.16979958202705,34.44845720560563,0.21064401177215025,97.7418842442604,26.693889858298174
Hubei Province,408,genextreme,0.16384042678030947,154.02400348375056,32.658027555584866,0.17770261158519346,94.1743108978786,27.32469619247453
Hubei Province,409,genextreme,0.15668014021334128,156.47582643113935,34.394611650445206,0.16797936614669717,94.82620071252734,26.681508948382977
Hubei Province,410,genextreme,0.16525560917905174,155.31234649204032,35.61003222846222,0.12606712248921112,92.46004880353857,24.953087400244417
Hubei Province,411,genextreme,0.14693530853693187,153.38761496574483,33.36751332882186,0.1844860833349207,96.84074353103772,25.793642084176803
Hubei Province,412,genextreme,0.16943620394469563,158.75899208395492,33.3068752303314,0.17305922098679222,95.9326840229009,25.468808035110577
Hubei Province,413,genextreme,0.15228522101211894,159.20999978191037,34.15851035857757,0.16451441725510407,96.1390793871073,26.896239968526604
Hubei Province,414,genextreme,0.10059815495280845,155.63711929058383,32.61609698193518,0.1652261017935224,94.13744733631117,25.92945335006244
Hubei Province,415,genextreme,0.19761792382819898,157.19905231453785,32.9580023574439,0.16043807010563993,94.26232182485165,27.20400860705949
Hubei Province,416,genextreme,0.1779807268783464,159.86505194393624,34.87927210329854,0.11165348615210083,93.82163252795662,23.986621522536616
Hubei Province,417,genextreme,0.19681384989112305,154.27960380623557,32.87149871735437,0.15259556743022368,97.09496487817913,25.682425231633097
Hubei Province,418,genextreme,0.14600590896115617,161.82809171146926,36.73542201104382,0.17256240718267923,96.16781142388646,25.711292929142818
Hubei Province,419,genextreme,0.2058484586053573,156.45054842218218,35.526401572211824,0.15450843347436366,95.93828520363789,26.51524561318339
Hubei Province,420,genextreme,0.19608105805246245,159.29923418303534,33.91801347367857,0.14474565274436613,94.49213563988708,27.10204184454036
Hubei Province,421,genextreme,0.17541191667603837,156.07916276052833,35.2595496409799,0.1867492702003734,94.84347456173857,25.674303111497984
Hubei Province,422,genextreme,0.16811226392684658,156.76550056729963,32.66654758498784,0.1009184098505696,95.95922992918022,25.6241267309509
Hubei Province,423,genextreme,0.12797685393104913,156.30455597932507,33.66370680250138,0.19469964397898423,94.87808127028379,26.636732736112993
Hubei Province,424,genextreme,0.14376562617443886,156.74405429327456,33.489333815798204,0.15738847124655148,95.33912654964453,26.102326292850293
Hubei Province,425,genextreme,0.18406711531671038,156.3002780961556,35.00707320737653,0.19019821837569645,98.78062080865827,25.450839622116874
Hubei Province,426,genextreme,0.10907652109924446,158.37686344880194,34.20039632448521,0.13874641768423712,95.07545233561828,25.611005293213847
Hubei Province,427,genextreme,0.11738951991505608,156.23484833219317,33.04895227190717,0.16378359713538393,95.85682226215918,27.146345234570838
Hubei Province,428,genextreme,0.14294094742146923,156.25249137596967,33.59129880965904,0.15358356230232012,96.76843785928368,25.628309891270906
Hubei Province,429,genextreme,-0.3324131741587819,141.56356591646426,37.53558326357151,0.18441975401462252,97.25052435963903,26.472238594205237
Hubei Province,430,genextreme,0.412425013016247,165.24007567622743,52.246580303614195,0.1187678189578644,96.45216971422204,24.611438656370055
Hubei Province,431,genextreme,0.18787698439623202,157.59882976333563,35.86768391803662,0.15934794107738784,95.49113812180774,25.404655565396453
Hubei Province,432,genextreme,0.2158544137989319,155.932804850479,33.502279530589085,0.15278200876657344,96.60517630086035,25.87137408119805
Hubei Province,433,genextreme,0.1803413456032909,156.2646762118569,33.20066642119501,0.1986935596239795,94.8498596577491,25.33665620090187
Hubei Province,434,genextreme,0.16348075716119717,155.85973327011155,33.65994563461054,0.1766845709082145,95.10679597339285,26.317848679771572
Hubei Province,435,genextreme,0.177725151824571,158.0740006766531,35.86166095207314,0.1784849272884364,94.46399534055051,26.74606911629124
Hubei Province,436,genextreme,0.1638113407742206,154.2861801384664,33.71096476201495,0.155672246055227,94.70223149489661,26.01108042788303
Hubei Province,437,genextreme,0.1218657749731866,156.5715672394018,31.930521207974877,0.1981690299281798,98.15185132362745,25.867031235995945
Hubei Province,438,genextreme,-3.0923699913925757,85.19387980995216,3.428027268554464,0.16123294252099812,94.37177807664621,25.90488275441443
Hubei Province,439,genextreme,0.1496454783139609,157.53201842172757,36.22840922653867,0.11723203373916732,94.62958205189203,25.705321298424263
Hubei Province,440,genextreme,0.15935759582034292,159.49388270541453,34.41518035892348,0.15192215457744818,94.69447745432507,25.679448826066945
Hubei Province,441,genextreme,0.18146469735155968,157.7972758731783,34.08353767428699,0.15078828583015125,95.14968804338196,25.549208372881946
Hubei Province,442,genextreme,-0.012433531625763515,152.45111226202482,35.30401048971444,0.13764919246706908,96.78437384237586,26.209800681703403
Hubei Province,443,genextreme,0.15786813465928615,158.11327616864241,35.59350656221406,0.12757794030966219,96.40159826317236,26.522507789260658
Hubei Province,444,genextreme,0.20382030117331904,159.2777220962487,33.874626420923455,0.19439492399273683,96.08918066332001,26.966517879471482
Hubei Province,445,genextreme,0.14674689606055238,155.1941195447984,34.931594899462254,0.1601389208213847,95.55674472029955,24.662318163292383
Hubei Province,446,genextreme,0.20623217318539783,157.0997417221271,35.9375447541072,0.16390670823283432,96.50775731311006,25.13284737078922
Hubei Province,447,genextreme,0.1487724186072628,156.3181096656778,33.02746535827437,0.14380994255588242,97.20197211145921,25.366017113300124
Hubei Province,448,genextreme,0.11460519748310205,155.59542991269058,35.242306975753465,0.19599670475537567,96.36135848660771,27.46462176673559
Hubei Province,449,genextreme,0.19969165363249403,155.0662767582433,34.83708174750403,0.13724805280173885,93.55000546728729,25.038045765581046
Hubei Province,450,genextreme,0.1575136804543012,157.04280398961853,35.786420597743145,0.1394843303141437,96.5582767221251,25.92500307918343
Hubei Province,451,genextreme,0.14695170333750232,159.0116951305386,35.75529766173207,0.1274522474151149,95.85525577847054,25.131904266318266
Hubei Province,452,genextreme,0.22456732706986993,158.50435192321368,34.56257174019261,0.14191835480547366,95.8683886433542,25.986612658630968
Hubei Province,453,genextreme,0.14713484959037104,155.76406705928883,33.56901291315484,0.15470416747204718,95.08370053100862,24.873092569752327
Hubei Province,454,genextreme,0.14981428992886756,155.4548527261351,33.86611906867582,0.13142336903439428,93.96931809397404,25.013422182313782
Hubei Province,455,genextreme,0.2100186804518983,155.54181915693806,35.733133395250434,0.15138270616838745,95.7237165997538,26.582512694217865
Hubei Province,456,genextreme,-3.260227789633692,92.33807073862766,2.124609382220406,-3.2488263399583976,39.199780046260656,2.891499339666745
Hubei Province,457,genextreme,0.13035076243749716,155.98751196286702,34.447010561934135,-0.06795029022520527,89.3886033118826,25.12039922146947
Hubei Province,458,genextreme,0.1598862446121863,158.0411664081962,33.01283155737762,0.1840287232309622,96.28869366518941,26.04217982543299
Hubei Province,459,genextreme,0.16260631459155978,156.6387927086202,33.246533304716124,0.22531123229918815,96.5979833457393,26.47341309469146
Hubei Province,460,genextreme,0.21378056257844258,157.28077067481183,33.646637722639056,0.1243290943997667,94.37039773799918,24.33112574278065
Hubei Province,461,genextreme,0.147174660584862,158.57783040511634,34.03589957823539,0.17392202875721607,96.69353114925539,25.81808624429793
Hubei Province,462,genextreme,0.16990264121665094,157.44363776654282,35.913901527734694,0.11767393161943632,95.19120671110525,25.77525251078559
Hubei Province,463,genextreme,0.15046600325144152,157.340009987715,34.15040310613944,0.14080253584174274,94.1079195119191,26.40865321863187
Hubei Province,464,genextreme,0.1892983391537964,156.10521649269026,34.35497457488367,0.1581446829352227,94.99538366110878,25.802394780500848
Hubei Province,465,genextreme,0.4795748302299365,89.40537617981585,101.7985598270082,0.17389779972926722,93.90555188850938,24.812376133381704
Hubei Province,466,genextreme,0.17187423323972184,157.24840476354615,35.24287381050178,0.12369965744580069,95.72064360379834,23.870260326049202
Hubei Province,467,genextreme,0.17784573652795582,157.84048843332857,35.12230427571978,0.19302136328680353,96.26245643914834,26.46937958785621
Hubei Province,468,genextreme,0.17291061639396166,157.93360543851134,33.79350070717209,0.15685798261239758,94.63855158289834,25.66092985417955
Hubei Province,469,genextreme,0.15881050958736093,153.14110209165574,34.76991692778185,0.18941702339211164,95.42794959520984,27.06493703596692
Hubei Province,470,genextreme,-3.31788350989226,87.70110640214936,2.096530965780081,0.14860544546614293,96.17258140829836,26.326104460607965
Hubei Province,471,genextreme,0.17195314732281514,156.66325709667632,34.225657212094376,0.17121750372159023,95.41736161996334,25.232982469403208
Hubei Province,472,genextreme,0.18147088059584474,157.30119068137503,34.31983852732168,0.140616392582035,95.62505965655052,25.375430336050965
Hubei Province,473,genextreme,0.16095808387511573,154.09563916258116,35.50867429854517,0.17553523969887655,96.62108173104578,25.56550119687995
Hubei Province,474,genextreme,0.12029143471813127,155.75753786809994,33.9557206919891,0.1805551468800094,96.19473536543202,26.16230462528975
Hubei Province,475,genextreme,0.1754268407080214,156.22663875458232,33.74119897935125,0.12743503004463863,92.8906551088445,27.247570272174933
Hubei Province,476,genextreme,0.16967909649637664,157.53090842100545,33.51896863920871,0.17218107539455157,95.56562744490532,25.038402742978903
Hubei Province,477,genextreme,0.1245175686706547,156.72026577849624,35.066719607519495,0.16519986161598313,97.00549323372876,24.768911147853075
Hubei Province,478,genextreme,0.12719739104971406,155.64546330492874,35.42726359577824,0.20026099518712148,94.17998097386585,25.38169768415602
Hubei Province,479,genextreme,0.1915404058207366,156.82070993964382,35.67198993373485,0.14347006877267043,95.78169039684965,25.58404324359389
Hubei Province,480,genextreme,-3.5582029646293165,64.22394321678274,3.577893819942811,-3.278109737590233,39.88188098500106,3.1013186781749353
Hubei Province,481,genextreme,0.15506545091011886,156.62249382304975,34.41864173944822,0.19617997628885564,95.04656797951304,26.807655575564656
Hubei Province,482,genextreme,0.1662911103806865,157.76889362812025,34.803721270250165,0.1465671684382231,95.52965472220068,24.247626115807975
Hubei Province,483,genextreme,0.1103119044434345,155.88144544103636,33.36282789121145,0.1840913507473274,96.69445577916721,25.687448892059308
Hubei Province,484,genextreme,0.15972497031458552,155.39200443620632,33.18774444434074,0.14156972396402895,94.10125461750471,26.204497276377296
Hubei Province,485,genextreme,0.2105483434960968,158.0476460111152,37.1639280183893,0.15193000972002998,96.24923296664407,25.345316626073608
Hubei Province,486,genextreme,0.16283918444705026,155.4852841119555,34.238562669467,0.11998484997061594,96.58069269817346,25.866881915823015
Hubei Province,487,genextreme,0.17908572077060353,154.4656363830618,34.74701491234376,0.1297931773430689,95.38334695483394,25.112872067778287
Hubei Province,488,genextreme,0.14455489857245035,156.19752705646178,33.40452183669583,0.16459638755612763,95.94651670034784,26.01964279357076
Hubei Province,489,genextreme,0.202965050426508,157.97257669770926,35.5739452553119,0.17562477049427155,94.37373849672136,27.950443271292364
Hubei Province,490,genextreme,0.17061021437334523,155.05017950925134,33.939305243147075,0.16353853585419537,94.01124416283517,25.474325027140274
Hubei Province,491,genextreme,0.18651793460669652,158.96639287786314,35.99108294035318,0.18506099476183657,97.18120866665288,26.202270683265652
Hubei Province,492,genextreme,0.1541723897288942,156.03845760400895,33.97091949041173,0.1289748435773322,97.41577477788806,26.35614876956046
Hubei Province,493,genextreme,0.16807306037695596,155.23358930529486,34.43822965947466,0.1221366613388843,94.67634072216893,25.39988868686548
Hubei Province,494,genextreme,0.16484959234766777,156.5376352041244,34.68203934024774,0.1329856209650921,94.80571674702952,25.60028394484918
Hubei Province,495,genextreme,0.16875972389940658,155.46022092937855,34.32423099740838,-3.2719893666498687,37.301994486920506,3.0954173293135008
Hubei Province,496,genextreme,0.2602452814939924,157.73338941575975,36.39096233473235,0.16190586537424229,95.53921776369546,25.727969005697567
Hubei Province,497,genextreme,0.19470729927278943,155.8461447152561,35.44116906314634,0.18562827543128155,96.71816003662403,26.005653479265696
Hubei Province,498,genextreme,0.17516047221993164,156.6018338881282,33.58032976038011,0.17511156710782888,94.73071932867569,26.45461393179349
Hubei Province,499,genextreme,0.10438178025628395,152.70669731982235,33.33038406493007,0.19857713486606127,94.76870603310599,27.41732937970218
Hubei Province,500,genextreme,0.17205431228444384,158.844972286121,34.38301967516021,0.13405858037712687,94.67596960107409,27.022374931417197
Hubei Province,501,genextreme,0.15084093121880032,158.35198873538556,34.73112119256584,0.17087306762251764,96.90600724809778,24.748397446692348
Hubei Province,502,genextreme,0.16582180082241602,155.55014460837583,35.35136531077205,0.1817202905635559,96.32125436839709,25.500114514762302
Hubei Province,503,genextreme,0.12265744879400374,155.56463975437637,33.77060029772417,0.11798173793773432,95.07023860964853,25.314043094517995
Hubei Province,504,genextreme,0.16966029409499317,158.69327225512205,33.61281890471203,0.1444360661694596,96.85973086298948,26.373436436132263
Hubei Province,505,genextreme,0.25354595632456306,157.57483297729817,35.558074303155024,0.1855689242937834,96.64583748960553,25.391079924731677
Hubei Province,506,genextreme,0.17016176225276491,155.40620872863343,35.31028600220229,-0.041293487530235845,94.94465282152373,22.69717467540203
Hubei Province,507,genextreme,0.1472314900476016,155.73962973041654,32.23036671278912,0.17000519028161598,95.80282310646639,24.89175086631114
Hubei Province,508,genextreme,0.2444073005863247,158.8784528353873,33.84308458134158,0.1577460449850566,96.57764915394534,25.277133577217846
Hubei Province,509,genextreme,0.13872395896911005,157.20651869979258,34.31585415052743,-3.2276155365744206,37.61123735976284,3.0045970502049095
Hubei Province,510,genextreme,0.5742733918270813,79.71668229593723,121.10178383778128,0.13132737252824284,96.80629973313266,26.13178804524933
Hubei Province,511,genextreme,0.24498102288706158,159.2718138585658,36.99559680553567,0.11489827617001694,93.32249738867557,25.219332618150403
Hubei Province,512,genextreme,0.1320516696036675,156.89005861450025,33.71597105509704,0.12885837640015677,95.35426227723012,24.506639628243136
Hubei Province,513,genextreme,0.10988319423548615,155.36535964391754,33.903575676362635,0.19715125220912963,96.4788873096459,25.121435218160464
Hubei Province,514,genextreme,0.2066640785739557,158.70089357171653,36.01544694909494,0.16987304259590297,95.58121398548249,24.84413401649057
Hubei Province,515,genextreme,0.18332645145500914,157.91765355233156,34.31639906796203,0.15430391339232996,95.41729840707136,25.39818369673205
Hubei Province,516,genextreme,0.14946863796239102,156.3656857110366,34.61503574133923,0.13295852603064445,94.79401502811939,25.804890924867458
Hubei Province,517,genextreme,0.1642719711867915,152.78540826824204,36.75700165267398,0.20948805486490552,94.9872179744986,25.705732746889566
Hubei Province,518,genextreme,0.15854269826363382,158.07733557208394,35.68750277108576,0.2176676132550126,97.30964456090848,26.5982874099823
Hubei Province,519,genextreme,0.17397180949266933,156.4910122402992,32.17279072881509,0.11997964103323891,94.91921259244373,24.11533504174505
Hubei Province,520,genextreme,0.1948354545557811,155.9313071275344,36.80614612917163,0.1656862501571177,97.12330902807611,26.526666687713778
Hubei Province,521,genextreme,0.14578400895242602,157.18883599629515,32.46331476223167,0.18754114751659598,95.58134157875116,25.774877937350052
Hubei Province,522,genextreme,0.16015484356487042,158.62115627016885,33.70032414883765,0.12441924669191265,94.97177313168709,25.34477695760831
Hubei Province,523,genextreme,0.17227769342576055,155.98919521728715,33.55013568135574,0.1794787127585873,92.85517207625256,26.021960953959955
Hubei Province,524,genextreme,0.1861465609761255,158.7333712316995,35.36339650544531,0.14695887171436944,97.1230180835269,26.81316747300645
Hubei Province,525,genextreme,0.18002543160517784,157.20054101158962,35.604303304974756,-3.207551666440943,39.591532783552225,2.982051560217851
Hubei Province,526,genextreme,0.15975978064410312,157.37446438328288,34.70401864245816,0.21999434007511126,94.85737813474739,26.100165454449233
Hubei Province,527,genextreme,0.16599981925638696,155.63988601205884,34.07156052343078,0.06530526262208061,95.62704057063154,26.237622016519285
Hubei Province,528,genextreme,0.17020660225273268,156.770314734718,35.38809631699209,0.1608059827135827,95.75140140993005,26.5850808115399
Hubei Province,529,genextreme,0.17896965245451657,156.46608391812293,36.68486257812256,0.13372055436539032,95.29495828743651,26.35048069947227
Hubei Province,530,genextreme,0.18160011170465878,155.15631370697537,35.421488795431216,0.16106484608482724,97.2155761835941,26.095101567501395
Hubei Province,531,genextreme,0.19650189710971794,160.66639078104697,35.77263547520424,0.15889839025512875,96.02581376063554,27.380733786499448
Hubei Province,532,genextreme,0.17614867734869588,156.60109743443968,37.14334268320822,-3.303889105720451,38.47740331641394,3.136003586910851
Hubei Province,533,genextreme,0.19900495074411534,160.10992743833248,36.21245350337993,0.21854571870567316,95.98235335722167,25.714127651615616
Hubei Province,534,genextreme,0.10777887345392836,154.53844795675826,33.99900655853603,0.1271140423888091,94.01284569444692,24.969679146748874
Hubei Province,535,genextreme,0.15142409608565022,156.87425155710895,34.49106868121843,0.17662447401089293,95.58430328549638,26.403586015477217
Hubei Province,536,genextreme,0.2045025174828653,157.09920419488364,35.91332171929206,0.17809865521332474,95.08711785600832,26.135375870865417
Hubei Province,537,genextreme,0.16651899706588302,155.07353049706109,34.204897148127145,0.17225708146510674,96.98738805938117,24.234173221861045
Hubei Province,538,genextreme,0.1498068047307557,156.95705239428491,34.82807237982746,0.12690468498957874,96.41648308346188,25.95097069379968
Hubei Province,539,genextreme,0.18021157669562038,157.9510778113971,33.927158128408365,0.13131964508372973,94.85239301040653,26.106100902460486
Hubei Province,540,genextreme,0.16202365579136252,157.35967902332007,33.50880209759472,0.17259385041081415,96.65732464088808,26.481642221823304
Hubei Province,541,genextreme,0.1949286871466322,160.83707127526077,36.64791329191735,0.09378920089163643,94.05700054774346,25.048898157503842
Hubei Province,542,genextreme,0.18964160495014656,155.79179385750473,34.70649450787343,0.1945899962094238,97.81831373286687,26.73998600603046
Hubei Province,543,genextreme,0.16774046327805386,158.50967443953903,36.888170492981104,0.1471705256382968,95.41566587617027,25.07241834860423
Hubei Province,544,genextreme,0.09669014580043916,155.10632949157494,33.14748964696142,0.1346956182864032,94.25830632683952,25.160620975447166
Hubei Province,545,genextreme,0.1802392443383002,156.90492162189787,35.21831877969623,0.1419976041599889,97.16696273561104,24.51674475183743
Hubei Province,546,genextreme,0.14291296398985986,153.95653948427847,34.175835521112845,0.18396729595521683,97.27253326134304,25.98878273513217
Hubei Province,547,genextreme,0.19390172426856067,156.1874765214782,36.23144796374565,0.12589061503080873,95.03766847650095,24.987241675453603
Hubei Province,548,genextreme,0.16073490858851014,155.1270756717372,35.18428618032672,0.14234276764938175,96.52363553324079,25.68064330410771
Hubei Province,549,genextreme,0.1719489958658355,158.62046280396657,33.54816798628832,0.14677577711194933,97.06370763275231,25.84170562371725
Hubei Province,550,genextreme,0.17268153293369232,158.15711402007372,35.42725823990605,0.19304342169809263,96.92093866947107,26.103167935877366
Hubei Province,551,genextreme,0.21730345786699326,159.412800636831,32.324557332564424,0.20342906654452025,96.70685949422537,26.4743085837515
Hubei Province,552,genextreme,0.14430853950153882,157.2111834661497,33.07645851965822,-3.2934811457903033,37.86507498330844,3.1103157841350018
Hubei Province,553,genextreme,0.14954099409177102,156.0918893585894,34.07389663959089,0.13895060981740975,93.05057020759119,25.972274630376997
Hubei Province,554,genextreme,0.4257336254823726,162.6357388249196,50.87363280640479,0.16483383330628548,97.00340941263292,27.180860168478183
Hubei Province,555,genextreme,0.12967833712364013,155.27977653874993,33.496305279238456,0.1615313077083324,95.03891137198025,24.63199946130614
Hubei Province,556,genextreme,0.17042128714125546,156.4665950596892,35.69958425511268,0.15315139781649445,96.03494195493406,26.227317462935183
Hubei Province,557,genextreme,0.18300871894965273,160.20493898200309,35.439880056059515,0.14723552175636148,94.7020052547847,24.234607238176338
Hubei Province,558,genextreme,0.19157440687040994,156.75316518070963,35.28978706612,0.21731871993067392,94.94668693843661,27.431832480322598
Hubei Province,559,genextreme,0.1935768505990908,158.34237924433364,33.439689941966634,0.19218650686967115,98.14574819617552,26.26885193961376
Hubei Province,560,genextreme,0.16828703528781888,155.48794327257013,34.17157987280383,0.08261467708339645,94.57759413457227,24.893192771157395
Hubei Province,561,genextreme,0.15169843618531306,157.4121661728849,34.53522367767812,0.15398382624023332,95.38289324021449,25.854108625300977
Hubei Province,562,genextreme,0.19357423422761155,159.89758035280465,33.330362976860016,0.14846245622053633,94.71698122982232,24.54933929241782
Hubei Province,563,genextreme,0.19264662143795802,157.88741368188806,35.007697634725446,0.15896037087320614,96.45144055061121,25.286838537535026
Hubei Province,564,genextreme,0.12736010437481815,155.09453968970962,33.377819502812685,0.13973810903170097,94.73091923494378,24.724466943384922
Hubei Province,565,genextreme,0.24797831691169853,156.9791720790555,34.604060813748546,0.162266916016727,96.58480442501461,26.262627976138933
Hubei Province,566,genextreme,0.18860480783144787,162.21554471266722,35.07911610840706,0.15254175625217561,97.20653400323746,24.83987017787975
Hubei Province,567,genextreme,0.18248372598146545,155.0992126100315,35.22459981156078,0.1404279934908677,94.60152791762042,25.235562868167086
Hubei Province,568,genextreme,0.19551662951797733,158.20606341083044,35.65722206588289,0.15302269952153108,95.74728190451455,26.543695861301266
Hubei Province,569,genextreme,0.13036368233819393,158.3968789468804,32.79806861552298,0.13535158634569555,96.20808702000183,24.286417196320144
Hubei Province,570,genextreme,0.21017964037855108,160.2417948385076,35.81123675739755,0.13469864006826804,94.85777491916022,25.61534064664837
Hubei Province,571,genextreme,0.1784095971884791,157.1523985398168,33.8586598646838,0.21717868190494666,95.41778714830971,26.747455880716217
Hubei Province,572,genextreme,0.15539475661400118,153.47198874497207,34.78034202842311,0.20208069791633743,95.45846794682879,27.449830629908874
Hubei Province,573,genextreme,0.1500390319615147,154.62901186094012,34.058119515597056,0.19224297309490224,95.08525912705767,25.044624767928738
Hubei Province,574,genextreme,0.13483202423669657,157.4539420768653,32.55467827343494,0.20408593844635253,97.12598893241645,26.57753065285746
Hubei Province,575,genextreme,0.16950393452835216,154.57525326439992,33.27474778979473,0.13120630316366622,95.24413193827829,26.879138525266722
Hubei Province,576,genextreme,0.15365368587544728,154.95619032798447,35.962079896678965,0.1472143941026458,95.51945412640612,25.391302281620355
Hubei Province,577,genextreme,0.13976722132065036,154.63916403352636,33.260672104523394,0.16459425460285648,96.32027951214877,25.698261371810744
Hubei Province,578,genextreme,0.16998270501595303,156.45352056354903,35.26416878496066,0.11173741886841759,93.36278523340889,24.084394081793747
Hubei Province,579,genextreme,0.2070129050703199,159.00886025552165,35.8428269175441,0.14796303188587373,94.00222325219093,25.199727330773747
Hubei Province,580,genextreme,0.1458840033334473,154.48402911823092,34.63972468107164,-3.208559046282014,37.88407557974495,2.9830412096310925
Hubei Province,581,genextreme,0.16294931232161766,157.64562406789992,33.15237694268845,0.16594497644670642,94.66916552532356,25.904351313954486
Hubei Province,582,genextreme,0.15804043348781727,158.84602685273927,33.738730535823564,0.19443374690136972,95.82668573039467,26.715757448337854
Hubei Province,583,genextreme,0.2167157297151609,161.87271833027893,35.58206399545823,0.1751477725418284,96.4142023020737,26.391260842358864
Hubei Province,584,genextreme,0.2034667325645232,156.4846843267666,34.48886835697523,0.16078531067315605,95.85418367584666,25.69758420502162
Hubei Province,585,genextreme,0.1934323835858967,158.47487300441028,35.43443276160043,0.19780764648858876,98.80331575650169,27.521886861225305
Hubei Province,586,genextreme,0.18555544804852153,157.86435828584604,35.94784872994555,0.14634889145426477,96.55816935414066,25.387214638581558
Hubei Province,587,genextreme,-0.23500789712771913,147.70694641787537,42.32128562484206,0.14220706486852197,96.93116336587408,25.79902685767518
Hubei Province,588,genextreme,0.17858115273157554,157.0043636963229,34.85013787097989,0.1738716108478303,96.91261210392665,24.608803095056924
Hubei Province,589,genextreme,0.14823833449386986,156.74921942447912,34.15815532646674,0.16279516492185206,95.60417867723547,26.08133534854442
Hubei Province,590,genextreme,0.15374344750111346,154.11455034800946,35.47807069296263,0.15230463669180203,93.26786725058818,25.246058029359098
Hubei Province,591,genextreme,0.5369420608139823,163.58431761642555,65.34971150775704,0.18008341205971157,95.1318323557085,26.70356799470607
Hubei Province,592,genextreme,0.12875882460310545,157.8948645237473,31.8997840332159,0.18538053379618846,93.41068835843222,25.120360436005924
Hubei Province,593,genextreme,0.15179479327161857,158.98931332897268,33.23867747914064,0.13239145588629309,96.13950489436647,25.75523987114278
Hubei Province,594,genextreme,0.20502745575623532,156.38374820767746,36.16822180830826,0.17085121674988119,96.81218735476152,25.603248563518857
Hubei Province,595,genextreme,0.15517500270812795,159.06165775979366,33.76190435213755,0.21137482677376696,98.96105421972621,27.054084065126226
Hubei Province,596,genextreme,0.15975676547756668,157.50643952793007,35.761889150733964,0.15274110424382462,92.85137049287911,24.693057826593794
Hubei Province,597,genextreme,0.1556919633714966,157.07566881348862,35.10332069556007,0.17321518502978794,96.78013844331173,25.41059495724037
Hubei Province,598,genextreme,0.18946862472320214,158.3095907577902,33.5369507308197,0.18596042882207173,96.42186280619347,25.96957035521679
Hubei Province,599,genextreme,0.1594338314186709,157.82086704852844,34.5698052098682,0.18034353192354854,96.36820603077572,25.233156604050144
Hubei Province,600,genextreme,0.21203226074376827,156.81425891593577,34.809392355250125,0.18983868528084535,95.62643058966651,25.577275327226594
Hubei Province,601,genextreme,0.14812225397533285,155.38384896509,33.48384139449442,0.16628572098245098,96.36540499101932,26.502511468870637
Hubei Province,602,genextreme,0.16909769992032953,160.27745156180617,34.61802203944451,0.16958477938623348,96.49373627078333,26.322543739946003
Hubei Province,603,genextreme,0.14536957891166088,157.12026241073588,36.57814877684682,0.13918685781766335,96.28226248737846,25.38434411690531
Hubei Province,604,genextreme,0.14816211895339887,154.41366180956504,32.58482555295048,0.1493587826304993,95.71962723155985,25.57001025821019
Hubei Province,605,genextreme,0.1533166122350358,159.3932718195736,33.69946534563145,0.14535344729540534,97.22322014768076,26.722612324969624
Hubei Province,606,genextreme,0.17644324662058497,156.40771750762406,34.99274836509986,0.2986152826921953,99.17294756410558,30.320109417015885
Hubei Province,607,genextreme,0.12723256874929723,154.36817213166728,33.23993851962062,0.1321181483697645,94.10312499148424,25.936713586609187
Hubei Province,608,genextreme,0.17684459707529784,158.4632080900139,33.23627798918142,0.10330476106217987,95.59462621994699,25.708018317191026
Hubei Province,609,genextreme,0.17893272419460593,157.09619606893315,35.20698904951129,0.18422734058104312,95.79605588633908,24.935689529771377
Hubei Province,610,genextreme,0.1756331078965857,158.05264797571851,34.62273402733373,0.14855401610927496,94.90506374192543,25.41659473734614
Hubei Province,611,genextreme,0.17866613902770945,157.84581831256696,33.61863962254082,0.1532401930358402,94.87316096781338,26.88384892292674
Hubei Province,612,genextreme,0.12202132662021446,157.48851589718862,35.55505444983842,0.1428411364046949,96.26522606692173,25.845967579948354
Hubei Province,613,genextreme,0.12858255858759896,154.93402659638724,33.2634031555458,0.15028186068566807,96.8652095110468,26.28470036946375
Hubei Province,614,genextreme,0.16043346382570295,155.78253779089226,35.291171030590064,0.20050113570697103,97.28614218555084,26.533751092159324
Hubei Province,615,genextreme,0.16500356999292531,155.92020606328356,35.586534131757524,0.1088283818212562,95.56841080479705,26.2755618171279
Hubei Province,616,genextreme,0.19059332315208127,156.9127306653608,32.998068730596955,0.1851928627466844,96.8755917297427,24.743714074371226
Hubei Province,617,genextreme,0.18340927856960937,158.49788453850528,35.551742563471926,0.13668384356615368,94.0711012520786,23.806072819033496
Hubei Province,618,genextreme,0.2032420785103772,156.94428559289662,36.30090378796805,0.15987519628419444,94.76204900142238,26.998971894879837
Hubei Province,619,genextreme,0.20986675531134275,156.31420091522102,35.300160138835366,0.15145261951773414,95.17669754054086,26.36051173527195
Hubei Province,620,genextreme,0.16879832226100908,157.94359124749025,35.8299385006618,0.13087382160815958,94.71581106115491,24.885621006112352
Hubei Province,621,genextreme,0.18101324360693405,158.62232198737576,34.048201487951644,0.11578307777135118,96.42428061688753,24.90080658064218
Hubei Province,622,genextreme,0.17711800710766967,156.88502894673223,34.53066138987968,0.17554351234479065,96.94413649370252,25.71164982072529
Hubei Province,623,genextreme,0.1962991966220539,157.5069363786835,35.57806077031326,0.17585962954575035,96.37630156502175,26.02599371668707
Hubei Province,624,genextreme,0.20993505838728005,156.4185907852043,35.295535310717085,0.16190989019060342,96.6265908486596,25.267898145033953
Hubei Province,625,genextreme,0.18960182986843915,157.8228051915588,34.7392823860047,0.20087619536313034,95.2789941301275,26.868912001178064
Hubei Province,626,genextreme,0.21110055712114412,158.29408924242466,35.98944888716468,0.18184758104373983,96.9745967925717,27.18119128488607
Hubei Province,627,genextreme,0.23057972688236314,158.5263595653057,35.296065414733526,0.20675889961100435,97.5191280470525,27.577234129339388
Hubei Province,628,genextreme,0.13071991654140147,155.06080045467812,32.5512131588806,0.1936083737156239,95.57113755136436,25.849788329663035
Hubei Province,629,genextreme,0.1764476023277614,159.1387771591144,35.43441204813445,0.13630268916398694,94.04027539254545,26.13101824017977
Hubei Province,630,genextreme,-3.1594831501056984,78.6219450569458,3.458593568827631,0.14663296068692178,98.69258168863212,26.298323992021537
Hubei Province,631,genextreme,0.17885880873820623,154.4327651157232,35.91020746207107,0.13074869693953103,95.6258709178968,25.760467482189952
Hubei Province,632,genextreme,0.2027721295369067,155.89221960467205,35.201465978510015,0.16662481569096776,97.35914085984254,25.047986738675146
Hubei Province,633,genextreme,0.1917283393893477,157.22094307920383,34.649829874457325,0.15791275455016063,96.4407390319772,24.650714794766934
Hubei Province,634,genextreme,0.14989317072319316,154.47684769597018,34.02239237511339,0.14167148875986127,95.35826700644634,24.80678012757134
Hubei Province,635,genextreme,0.19201588302455141,158.38491614677878,34.5101705684666,0.17645877588765807,95.83488773127651,25.532228579432147
Hubei Province,636,genextreme,0.1599907175799373,157.9518270130791,33.92955403364674,0.18881119022171627,95.3551325905037,26.9209941207111
Hubei Province,637,genextreme,0.13693988656515943,155.3336307295936,32.93452975807385,0.13191196130358157,93.82818683430237,26.6294336555614
Hubei Province,638,genextreme,0.19496044030100793,157.3022256491805,35.63425489986894,0.10177193612136667,96.39093026639443,24.797285110635094
Hubei Province,639,genextreme,0.19864346389326093,157.68844990148114,35.72563938334682,0.16419042468127643,96.03510966888003,26.700425848325214
Hubei Province,640,genextreme,0.15623932136288687,158.97630508823846,33.593515964550534,0.1836505387520756,98.84524193488022,25.23083962512569
Hubei Province,641,genextreme,0.19757358909160866,159.21131845897162,35.50714480214951,0.17227540968582572,96.22114191284035,25.556761935197912
Hubei Province,642,genextreme,0.20024904742921745,159.1201750698209,35.38823353534302,0.17194979717663667,96.58306260313137,27.9227549958678
Hubei Province,643,genextreme,-3.2753057136957335,77.0634330116635,3.235696787514562,0.15598629814975012,95.37142758743269,24.981821173226756
Hubei Province,644,genextreme,0.13755497865090308,155.84233894950057,32.764566162228476,0.13987369167315367,95.8985834592786,25.382073084168994
Hubei Province,645,genextreme,0.17918022273698225,159.60564778875687,34.17250964355763,0.1511037311132239,94.09033872484542,24.34881677041459
Hubei Province,646,genextreme,0.1913480738766215,154.79848385894678,33.30834976414752,0.1261939738567821,96.72895562823547,25.361556214492516
Hubei Province,647,genextreme,0.25842132089726605,157.08924141650536,39.4507529152167,0.1975027335656904,96.8172969095777,26.925892924612427
Hubei Province,648,genextreme,0.1372377617137819,156.44218195054677,34.28030711032035,0.15956486210174303,94.93713182678485,24.70179307968778
Hubei Province,649,genextreme,0.2828657727448465,160.03402716137407,33.626556064956276,0.1633136911149087,93.54086266540362,25.38181632801922
Hubei Province,650,genextreme,0.21347701188566082,159.91633207513047,33.85504103128535,0.18031292674600172,95.59502415393146,26.205889844989123
Hubei Province,651,genextreme,0.16181726753133818,157.27961957971647,35.46014625892943,0.1257593557008819,94.74657902775931,25.694900808801975
Hubei Province,652,genextreme,0.1858321337758443,158.2421464520839,33.610964635666875,0.17681794125601052,95.08626128309959,25.264034187800625
Hubei Province,653,genextreme,0.1646019745786318,158.16061796932632,35.49728384328904,-3.195261735769499,39.034531462906116,2.9854770566970736
Hubei Province,654,genextreme,0.14919500502163713,156.40034915270076,34.98519560472545,0.1353612281281306,94.91244798337397,24.88972789103567
Hubei Province,655,genextreme,0.1600982543859399,159.22755700569428,35.36876846046031,0.20726797492413307,94.73383415307288,26.759995653336823
Hubei Province,656,genextreme,0.12450285307559716,155.14618577427035,33.29768637175458,0.15414968589175215,94.02011035040431,25.001116983252686
Hubei Province,657,genextreme,0.13500929854200566,155.44615009631963,34.12623548639346,0.16508843052287475,95.58138096194662,27.745628004914856
Hubei Province,658,genextreme,0.17872475836493484,154.6753226320306,33.288807926762786,0.11610529934751398,95.43832365910654,24.784319426022805
Hubei Province,659,genextreme,0.13638906024493375,157.89398941869047,33.972787364835355,0.10326761455849237,95.79456355582138,24.14593337057453
Hubei Province,660,genextreme,0.14442525313478838,155.41230327868817,34.0811326176956,0.1925333124698953,96.16441022667593,25.85242323911675
Hubei Province,661,genextreme,0.1655565481832249,155.1122696968671,34.11972696669853,-0.08044085388320182,90.89301456323581,26.172108125445156
Hubei Province,662,genextreme,0.14196139348415912,158.62697922197717,35.19706986086675,0.1576189578488671,95.02859589199878,27.28368515373389
Hubei Province,663,genextreme,0.1964134985489065,156.9610345551273,34.44750901773268,0.2075656806045479,96.64669894920368,26.733402471510885
Hubei Province,664,genextreme,0.159028647477295,158.65958904310173,34.79061466490245,0.17192174252645442,95.90951434921988,26.304638387009916
Hubei Province,665,genextreme,0.17724092415452128,157.31261154376594,35.78322324557129,0.1288123986358365,92.89982670731398,26.251105110091217
Hubei Province,666,genextreme,0.1837136740605376,156.6451978929529,35.22664033168576,0.18674042936644564,97.4768182299201,26.751069962234332
Hubei Province,667,genextreme,0.12680242640276537,154.41883228999978,34.36353845360573,0.12172817755745688,95.8831876919595,24.633348374435897
Hubei Province,668,genextreme,0.14148356367070314,156.02869717952535,35.391038713882836,0.17238455873496228,95.9005698812243,26.344197380766374
Hubei Province,669,genextreme,0.17106243563675602,156.20211581149726,33.53777887613196,0.21123988417899825,95.14926654175528,26.26308890970354
Hubei Province,670,genextreme,0.18690748657312312,155.19705520528905,35.27593807641578,0.23948550488602896,98.45384229281761,26.56419928411505
Hubei Province,671,genextreme,0.18645359478757775,158.81725022195508,33.5284037953214,0.16967287392437966,97.98232084149029,25.11522213839161
Hubei Province,672,genextreme,0.1633126730154007,156.6845536357327,35.70892185994184,0.16650924123129962,95.81081967065825,26.711738016548743
Hubei Province,673,genextreme,0.14354676986710813,156.09378383498932,33.569382221322186,0.1481902114507777,97.30705572920091,26.34817451711438
Hubei Province,674,genextreme,-3.2023761989803337,78.79745851237132,3.3495495630880217,0.1403240994710037,95.38709858290142,25.64421458372569
Hubei Province,675,genextreme,0.16829101269681163,156.59174232472867,34.313438463593684,0.12266506754804285,95.55530363417566,24.7654043673976
Hubei Province,676,genextreme,0.22534641437106728,156.48761824251991,35.82196829806284,0.1259420331717628,94.90116315940018,25.472499390541238
Hubei Province,677,genextreme,0.19714735269399303,162.17037712892744,33.89544428075189,0.11736476573332849,95.39736217970402,26.745558613223302
Hubei Province,678,genextreme,0.1745715937172183,159.52886567668367,32.51114762378086,0.19603829496662012,95.87546830618851,25.82817727646078
Hubei Province,679,genextreme,0.09760781302854671,156.78423879363498,32.46300268144918,0.17494372696044727,96.66862095951728,26.985552556355756
Hubei Province,680,genextreme,0.15243883628927873,156.18034820420382,33.31057256619242,0.2005059797753817,97.36997563131843,26.705060850894732
Hubei Province,681,genextreme,0.15418075284890265,155.4331442783785,33.324058689609636,0.14489364012119554,94.85625852218581,24.227571205890264
Hubei Province,682,genextreme,0.1993582043702432,156.35009204660793,35.00298085313024,0.13794812170010767,95.20115074576339,24.999219947474895
Hubei Province,683,genextreme,0.19924939869973063,158.05251197918693,34.771046190262034,0.16436982443473208,95.83602999627604,25.870786949982477
Hubei Province,684,genextreme,0.17320087474040152,157.31034354252586,34.49361533066242,0.17035934495614402,96.99719694278221,25.324987970678855
Hubei Province,685,genextreme,0.15537870047606936,142.96409963793099,41.17267622152266,0.18975036088567632,95.93097171626732,27.1516963473779
Hubei Province,686,genextreme,0.17815859803159728,156.9074257348026,35.18641255547902,0.17268127691797874,96.02625592892522,25.708585027614753
Hubei Province,687,genextreme,0.12319929577084449,152.47976904593358,33.677427234144716,1.075554772119696,6.688320684837968,190.9972950338563
Hubei Province,688,genextreme,0.12056052580632753,159.54127453229364,34.72510358040202,-3.2203925254721018,39.19349962826471,3.030090930687672
Hubei Province,689,genextreme,0.15761210434124934,157.86012824241868,35.20395794647178,0.1605160931904046,95.05878541631677,27.712933745496404
Hubei Province,690,genextreme,0.2115943218721909,159.10630764085823,35.177416902435084,0.140905930425503,96.49034430298053,25.222239829455503
Hubei Province,691,genextreme,0.1721813031740782,156.75122840194643,34.06543756614552,0.1318918509907885,96.99009958225123,24.35308815672893
Hubei Province,692,genextreme,0.15656372156956389,155.98752971110594,32.67488358707519,0.12020292628396492,95.83577978342149,24.912064012487882
Hubei Province,693,genextreme,0.1890151492090892,159.5135624321145,33.901935781823525,0.16357120066409492,95.41938632917105,25.407640356186725
Hubei Province,694,genextreme,0.1759622518329036,157.48124566440043,36.566213705424445,0.17599473849989716,96.38482448897938,26.53522968169215
Hubei Province,695,genextreme,0.1886795208848187,154.2078714099764,35.74280482062454,0.1527468016829292,96.11744478770368,26.554788934396946
Hubei Province,696,genextreme,0.16378513981444115,154.80839792521186,34.06993744110147,0.1557384452376548,94.18770971562299,25.26439829935875
Hubei Province,697,genextreme,0.19139739443339354,157.6027285943384,35.14254418312514,0.1255014647444708,97.70873568238844,26.217005558720036
Hubei Province,698,genextreme,0.18135399033703087,157.48009022896497,34.560029741241465,0.1633817278285284,95.07737233846998,27.406474350393214
Hubei Province,699,genextreme,0.22250963678013397,156.88564913505115,36.88719806115932,0.11525236062455332,95.61720977939103,25.398853441647066
Hubei Province,700,genextreme,0.19080173014114374,156.48684534989226,32.94836681815059,0.19070462326859047,96.14566540397763,27.260995231611318
Hubei Province,701,genextreme,0.1485982666994402,155.94920279549842,34.959772571833625,0.1676088925506412,96.14020263780026,25.241116306239075
Hubei Province,702,genextreme,0.1840829697918409,155.9641195644159,35.489925265263764,0.15302500861525348,93.8618864860689,25.212068624567465
Hubei Province,703,genextreme,0.20219466189167937,160.2226263875396,35.31506929222216,0.24332149613317622,98.01427868296352,26.45881209559171
Hubei Province,704,genextreme,0.1606415011983096,156.64875281539037,34.649779529189544,-3.217844341897636,39.49222261503981,2.977536161797106
Hubei Province,705,genextreme,0.20412832417680218,154.7191391045215,35.378653360334134,0.30267745062421997,95.79231863817697,30.706166829842466
Hubei Province,706,genextreme,0.10870423806460462,156.0351711442142,31.108321386311793,0.18198941321675333,97.4595577653666,27.09513284261864
Hubei Province,707,genextreme,0.2227315940214339,158.2698237377752,35.344568210398144,0.16202938597182592,96.53362403426866,26.021383416859855
Hubei Province,708,genextreme,0.20357782899250437,155.91865820917377,34.51239275322601,0.18052170050118366,96.26778205707643,25.054938278077515
Hubei Province,709,genextreme,0.13477226017235217,156.44050144881186,32.037499149859975,0.1663512830858828,96.33836518684336,25.61789845288874
Hubei Province,710,genextreme,0.24618425210226047,162.07655960541604,35.831657007606424,0.1909501189974001,96.63876989321784,25.328883386685064
Hubei Province,711,genextreme,0.15268432846565175,159.3336318347616,36.594851038688354,0.17325004046819292,97.93327740442714,25.253800934922065
Hubei Province,712,genextreme,0.17110761145590664,156.69774290394776,33.61434685933362,0.16376191359566117,94.95291995822753,26.989591255427207
Hubei Province,713,genextreme,0.20381848705079125,160.22911290322293,34.348067750822146,0.15261702497378538,95.33094225344664,25.78405556288776
Hubei Province,714,genextreme,0.14653243654370557,151.8041703901257,33.34745250536962,0.12916866933326746,96.36495447503472,25.827942055427187
Hubei Province,715,genextreme,0.200013908006226,158.4808864303742,35.26154958338752,0.21998737010232683,99.33993697728246,27.044280897810445
Hubei Province,716,genextreme,0.1648074418321919,156.16365826522804,36.01034938769685,0.17823271563455362,94.91404736775837,25.397244361288756
Hubei Province,717,genextreme,0.16904024206591392,154.85292905693132,35.83693443010401,0.2942158683326538,92.94943962789458,28.473438590478075
Hubei Province,718,genextreme,0.18286232031804578,158.74460084542858,33.795780651354406,0.16002342150430524,93.74713079582006,26.57462936446577
Hubei Province,719,genextreme,0.2040553637404125,160.60535257403814,35.526864400374095,0.21246864253451053,97.30716706167868,26.216442462204604
Hubei Province,720,genextreme,0.18232762251542667,160.223163547853,33.768505704907525,0.1646083224397733,95.80090739707566,26.624712779010892
Hubei Province,721,genextreme,0.1416985978833036,154.7083189478274,34.606717623146636,0.16242394949817568,94.26599954709283,25.41455693306829
Hubei Province,722,genextreme,0.1824321838483684,158.33909883424587,35.063653973540525,0.17227363289672998,95.6500359475771,26.169772068101246
Hubei Province,723,genextreme,0.16215483736548825,157.46900644321988,34.29880800220662,0.1777570644157252,93.87218921445853,25.727866522568867
Hubei Province,724,genextreme,0.23811875127453203,160.64522786853752,36.485144254542575,0.16341256654661002,95.86414487287371,25.83662267497309
Hubei Province,725,genextreme,0.15261541120599725,153.84762378725085,34.11392998591715,0.16348254594054346,96.61251358404621,25.53539240032616
Hubei Province,726,genextreme,0.1794079112857206,158.44308723851418,32.47680751930979,0.181494109580728,96.20945204489607,25.12189348834452
Hubei Province,727,genextreme,0.12079971195566469,153.97996261871435,33.138702441678575,0.16736691198561598,95.58953368707861,26.03645057638154
Hubei Province,728,genextreme,0.15703894887050604,156.4594347428892,35.573773027875504,0.9631011111887862,109.41138540074988,80.801912051518
Hubei Province,729,genextreme,0.16491253191080193,160.1755972678074,34.0920588260053,0.14599598191179136,96.46061931134756,25.98124886072529
Hubei Province,730,genextreme,0.15263480711165023,155.92055225039923,34.13483788370077,0.14634675786744,96.32936223918523,25.00450178462608
Hubei Province,731,genextreme,0.1659116485368954,157.8732155266843,35.10962469785214,0.1896195311828892,95.63629925462482,26.31315059060178
Hubei Province,732,genextreme,0.16542880882643266,160.06368143767378,34.328890814834054,0.16725564255184155,95.74991417218676,25.979655137081487
Hubei Province,733,genextreme,0.20313398118244558,156.97002147800887,35.24458968953516,0.15041966008743934,96.03762072928347,24.44477623465695
Hubei Province,734,genextreme,0.1779352280902288,156.97787244070724,35.234197724135385,0.16582971154859805,98.17092470565436,25.532298339489373
Hubei Province,735,genextreme,0.1842008165822011,158.53448937723843,35.795538254541526,0.1470682434072041,95.21577624050437,27.551344594490434
Hubei Province,736,genextreme,0.1802861570299849,159.13639252342236,35.02703531934405,0.1614690119818259,96.07152577654921,24.854253856327503
Hubei Province,737,genextreme,0.16514448799917272,158.13146002025275,35.22719342985652,0.11533077946552796,96.1195747644742,24.870135305722414
Hubei Province,738,genextreme,0.1762413656010778,156.54731752922032,32.25379446166162,0.16544923808281017,95.58542774617773,25.942166776649138
Hubei Province,739,genextreme,0.15192823155912585,156.90568556468043,36.14228016889612,0.19827355652149165,96.6031027306415,25.97938307035688
Hubei Province,740,genextreme,0.1721062457720532,158.95900884773826,34.60744550054909,0.16565773148426077,96.3188077717846,26.45069403526894
Hubei Province,741,genextreme,0.16181864512767766,157.10327375881843,32.99162933471037,0.18245918144096182,96.18588901623991,25.18495085387823
Hubei Province,742,genextreme,0.16512043605949606,155.07955949357645,35.41458576172742,0.18272093592756322,95.93429021824107,28.321702071269172
Hubei Province,743,genextreme,0.15051328122232793,155.47828339316533,34.10646303819813,0.18712247205699442,97.44237126727096,25.784374702877827
Hubei Province,744,genextreme,0.10242316817329095,152.89946468555362,32.18246936578165,0.14934197703745242,95.77885917947077,24.37633833167649
Hubei Province,745,genextreme,0.19518961346455527,157.3845060106359,35.56737996628699,0.20084977524686246,97.46075034301262,27.321375257991797
Hubei Province,746,genextreme,0.22967472193008343,144.0469715296448,35.85086893638416,-3.278450982930698,36.688031094402234,3.1053261971833273
Hubei Province,747,genextreme,0.17832539511058265,154.91318261147768,35.577449982386334,0.1920912525286579,98.57565964405919,25.54340501496948
Hubei Province,748,genextreme,0.16277296830178872,156.76982197778608,32.779944979551146,0.20073969584351498,97.59923376270842,25.51267621803281
Hubei Province,749,genextreme,0.1679392612765031,155.689538934381,34.00658103287776,-0.30326299643645244,89.68523874090573,28.552358494497962
Hubei Province,750,genextreme,0.12323824603142554,158.56871658065972,34.9046473999328,0.165824591863094,98.34498145415648,26.58512345025909
Hubei Province,751,genextreme,0.1622419353025255,156.40015679923408,34.32953813728581,0.14503368454585902,93.59637016501253,24.575302921929854
Hubei Province,752,genextreme,0.13570285895058493,158.41318948880283,33.81793406860501,0.21142014623235295,97.27339625867441,25.991595617313436
Hubei Province,753,genextreme,0.2975422028620024,154.50931829329488,49.37162664088072,0.14219573030412114,96.13400934870421,26.10849081722381
Hubei Province,754,genextreme,0.18298964766981687,156.708000228483,35.531557508393135,0.21302707511776367,96.85000972332912,27.2501205396095
Hubei Province,755,genextreme,0.23185843484991436,157.74055863416282,36.16049428364627,0.15726826708386932,94.5685121985135,25.979935991488357
Hubei Province,756,genextreme,0.13816280721286583,158.807981143279,31.152842280137826,0.16136282417042203,94.8299526259196,26.370131674720916
Hubei Province,757,genextreme,-3.156675092412039,78.78834387187185,3.4533194289960507,0.14684133537283905,95.75101794496666,26.717118564802487
Hubei Province,758,genextreme,0.1904021032736441,159.01989289035419,35.74388272157431,0.2593124866161608,96.19683568700972,25.824942538910477
Hubei Province,759,genextreme,0.23105175432552919,157.81258007471052,34.90529154680604,0.15756429210487932,97.00220067141635,24.37915600745071
Hubei Province,760,genextreme,0.14898309079662586,155.58547627859775,36.65632697039783,0.13920928880770772,92.5825716644613,26.674573426477814
Hubei Province,761,genextreme,0.2269381757405971,161.83140728144613,35.64561782927406,0.20694626278124864,96.59889764930071,27.465141278573093
Hubei Province,762,genextreme,0.16120996851022673,156.63420043156316,32.899282606473236,0.19890690150888285,95.83439543344905,27.635232398267828
Hubei Province,763,genextreme,0.17874616814086264,156.64766480378216,34.428199376363025,0.14422294026943183,95.678879703253,24.185942401974856
Hubei Province,764,genextreme,0.21394354570431762,160.77541701720176,35.84798749270158,0.14343611322392286,96.1000740315917,26.012989140248912
Hubei Province,765,genextreme,0.2034997604982035,155.50482650654982,35.06712322351808,0.17987579750952487,96.44330043069749,26.162661616375246
Hubei Province,766,genextreme,0.15730278678182646,158.99799332363034,34.485895270878274,0.19937971899909,98.8169107671802,26.410556384543817
Hubei Province,767,genextreme,0.15277308548067509,158.8103773818099,33.07642199358528,0.14950585318441872,95.44110163807068,25.369278662786073
Hubei Province,768,genextreme,0.20052846008529362,157.43503574844658,34.87068834761965,0.17362717699431496,95.0164387520812,26.52467055316011
Hubei Province,769,genextreme,0.10980329920116483,154.25487202927758,32.48235514667017,0.17195292634329878,95.86417499974192,26.538296656366665
Hubei Province,770,genextreme,0.1618045783461723,158.77713079547672,35.99171840960055,0.16550237373668678,97.66889561024112,25.83326520060013
Hubei Province,771,genextreme,0.17401983377549912,157.10130792058567,33.94740951474441,0.15227063402398022,97.19910439549452,26.156538504126807
Hubei Province,772,genextreme,0.26942170235454643,156.22320335414008,36.7939362702848,0.10783124872441176,94.62514903348298,23.346476374854788
Hubei Province,773,genextreme,0.12114762416265548,159.40870690520097,34.56805029552494,0.15882826343024506,95.92488457583482,25.65669226502173
Hubei Province,774,genextreme,0.19046454550305209,156.52383152530473,33.15475938073842,0.20835333349465016,98.32585437524787,26.614447456055032
Hubei Province,775,genextreme,0.13805194781528374,156.35882478037752,33.35303269220571,0.150249010169658,94.72405627016825,24.986999743437465
Hubei Province,776,genextreme,0.21829977339432377,160.10387722899978,35.0171800882824,0.19052979405800774,95.0068431827249,25.294850159248195
Hubei Province,777,genextreme,0.1565729924506442,157.64429434060733,33.723597935343605,0.15588281992889286,94.83347752834189,26.26317311668322
Hubei Province,778,genextreme,0.18522524675390006,154.15332805532262,35.31356452510457,0.20824983156652152,96.49743831386708,24.694364748784725
Hubei Province,779,genextreme,0.17403564710351782,158.6535919889293,34.75523493976349,0.14195848507918832,95.80223987946792,24.441828982901715
Hubei Province,780,genextreme,0.16946458658779123,157.28775625504065,34.418746043488966,0.1698685056346632,95.41345844738845,23.992912699303336
Hubei Province,781,genextreme,0.13993561427795242,157.67846057913874,33.9762953015316,0.14336797779165528,95.10729546840955,25.86775182207438
Hubei Province,782,genextreme,0.13325414948209302,153.72215591051662,31.70080018532292,0.18029342833910042,96.05955092801881,26.874029061609328
Hubei Province,783,genextreme,0.16851348384778553,157.14198810865634,34.33562764453596,0.18729465815604573,96.95084801633006,25.973205345489788
Hubei Province,784,genextreme,0.20852745798387926,157.57043203714454,36.27150842125515,0.09963771695188692,94.38556541773568,24.24161448718095
Hubei Province,785,genextreme,0.15217803989052048,157.43797803222986,34.78446432378807,0.14142466270319165,96.43401134688727,25.579038978752106
Hubei Province,786,genextreme,0.17991265502942788,156.4523926251008,34.73867866985405,0.1813227724643412,96.88600271321499,25.30987330613727
Hubei Province,787,genextreme,0.1704736520749592,157.998185613315,34.493612161703794,0.1705785766739177,96.33349730295447,26.30994221952252
Hubei Province,788,genextreme,0.11912302225604618,157.76274818367136,32.37594842729973,0.20079926077395702,96.3190468491867,25.337802411815105
Hubei Province,789,genextreme,0.16302232163661773,153.7371750598133,33.48757512481548,0.16981793845147225,95.32505752208765,26.89672356375725
Hubei Province,790,genextreme,-3.155301575919173,82.68570109934842,3.3932842851206266,-3.2964337235494376,33.641133240570866,2.1794535517913634
Hubei Province,791,genextreme,0.19389902021375416,157.19887001873292,35.63547408372247,0.16527663131472475,96.65034485807566,26.402006120405147
Hubei Province,792,genextreme,0.17930299650476744,154.87982035980846,33.91656304646138,0.1885240513985021,95.04341963348902,24.8015153212625
Hubei Province,793,genextreme,-3.208976195021733,81.09609119452367,3.4414394652989486,-3.2925541085096413,37.25437947259975,3.1199750411503926
Hubei Province,794,genextreme,0.27169441333674865,157.66404716033227,36.47862689218127,0.13827478462935802,95.80437069610065,25.232097829353393
Hubei Province,795,genextreme,0.1989805150928111,158.68658083764257,34.348329968199664,0.14297750505718393,96.67385299989806,27.212571137513468
Hubei Province,796,genextreme,0.14610110867555898,157.87546257959917,33.214566987457644,0.15585720492137378,96.52611213580172,26.26427949771803
Hubei Province,797,genextreme,0.20352077783632133,158.61661878965455,33.71919537744423,0.1438209125201011,95.70798365989903,25.362891847792163
Hubei Province,798,genextreme,0.14474581898852534,156.8423938133982,33.790610403538025,0.14189183565286062,96.74164633533917,26.44363142976201
Hubei Province,799,genextreme,0.17678163358666815,158.03945270638349,34.457136520459954,0.1934769835252888,95.55936763170477,27.34640035277613
Hubei Province,800,genextreme,0.14888717527191647,154.5178520504439,35.87761174007324,0.14489560683176594,94.91726484024517,24.947116778405523
Hubei Province,801,genextreme,0.1929964153821062,156.89652076170165,34.35372345417979,0.17603720069658269,95.72131695212137,25.5049422202476
Hubei Province,802,genextreme,0.18319285559696963,156.55132735835122,34.87648822338444,0.15673482727717541,95.27179924450786,27.023238984726525
Hubei Province,803,genextreme,0.04796306394282435,128.47114236747973,61.461457499136316,0.12304942401313113,95.73228043278154,23.901416376230095
Hubei Province,804,genextreme,0.11991399387828966,156.6113137205993,35.59761141220015,0.16066341938078163,96.9076752252314,26.34921558531864
Hubei Province,805,genextreme,0.17306848589062468,157.38860943977647,34.7599894033271,0.10969998772455161,94.9734577325317,24.65106387533674
Hubei Province,806,genextreme,0.1718977902237805,156.19838446267414,34.661412480963065,0.15332247553064288,96.71835379622325,24.28843165309366
Hubei Province,807,genextreme,0.25901707805019847,155.06544069615768,37.34010496000516,0.17113201922251517,96.30019020904953,26.372983207030458
Hubei Province,808,genextreme,0.20381268168516556,158.41182973730446,34.91744707358741,0.1748505225772603,95.69199509472223,25.350551857557484
Hubei Province,809,genextreme,0.20946958513793654,156.80524747842253,35.378166564628415,0.17741372565507474,96.86786577129814,27.05593866092142
Hubei Province,810,genextreme,0.17481308024699022,156.70147122586954,34.47990826775417,0.13289920055396603,94.20552157695947,23.74760668414909
Hubei Province,811,genextreme,0.15152168623400677,159.41912819259676,35.26248733663924,0.1357042656588705,95.37712892352869,26.301304404475037
Hubei Province,812,genextreme,0.17424978755332415,157.89662620344615,33.91222533017006,0.28177294119815066,98.54791905104139,30.727963263900023
Hubei Province,813,genextreme,0.1357516111644354,154.88501643760074,33.28200682748411,0.1855526105469099,96.36658136857062,24.70004842199204
Hubei Province,814,genextreme,0.13226911283337467,159.87664402879673,33.68985261075295,0.13054372298419986,94.12573586450952,24.113487669374763
Hubei Province,815,genextreme,0.1783594944028128,158.05616923522766,34.109636192857266,0.18087196287862295,96.25054824155745,25.19926389102185
Hubei Province,816,genextreme,0.16012651025735664,154.78871253667987,34.777342338326626,0.18606786689075228,96.82367401263501,26.06764874880686
Hubei Province,817,genextreme,0.20801472810776375,159.81797639378442,34.92875266795334,0.15969017216797332,95.32648031204317,24.865411104146666
Hubei Province,818,genextreme,-3.6115995924141,86.39579943626174,2.541813165204017,0.21091262944658373,97.06537759955276,26.06730440346638
Hubei Province,819,genextreme,0.17328790192134097,160.17510404486478,35.03419833832767,0.14338085433424252,94.80298945249689,25.479615798633382
Hubei Province,820,genextreme,0.13615573525193442,156.8932061774526,33.004528587566455,0.22402231122413455,97.0735232906479,26.4601119692171
Hubei Province,821,genextreme,0.1269391321261074,156.1246981087591,33.56888321296425,0.15126607809863984,96.89499182597845,25.288715566988166
Hubei Province,822,genextreme,0.15396152217871426,155.8780371922589,33.04940828275557,0.15027844384343186,96.44903514744875,25.656986669378043
Hubei Province,823,genextreme,-3.2598909158060247,92.19957300161663,2.08307270178034,0.22828113921760285,96.26766813248554,28.690620603636958
Hubei Province,824,genextreme,0.1930890138405544,158.90558045478087,34.95893680551772,0.17593667594982354,94.53441136583032,27.47534582396453
Hubei Province,825,genextreme,0.1391478669466596,154.66651715589046,35.62734386876208,0.16741612385427024,95.56712309912288,25.765580913797773
Hubei Province,826,genextreme,0.14653678554981542,159.398351616012,32.6763799384354,0.1393069944319891,95.24554393638246,26.28342178355195
Hubei Province,827,genextreme,0.1737972426302052,158.78159361637427,35.03186324508626,0.13970578346008627,95.44522512674811,26.123206457805722
Hubei Province,828,genextreme,0.145814711847071,154.54730355763343,32.52006516160182,0.20375769570096858,97.1261210534299,25.76050503704517
Hubei Province,829,genextreme,0.1786574067407949,156.3120443159076,34.7895826456145,0.138587553949317,97.55108048450325,25.372615707816397
Hubei Province,830,genextreme,0.17990905279648706,156.98027681931976,33.39988254293691,0.14453687187132236,93.68285023878644,26.786154382875072
Hubei Province,831,genextreme,0.19051918493414996,158.15671159488613,35.021471432289346,0.1417830969241087,95.01324268795844,25.342087961025882
Hubei Province,832,genextreme,0.21971213671527204,155.4344972658896,35.638211451835616,0.13464835517732507,94.92624835436986,26.528956061209346
Hubei Province,833,genextreme,0.1490594605342647,154.31786000188754,35.14060231467596,0.14434646361597692,95.26942128246483,25.1755688162786
Hubei Province,834,genextreme,0.15452413753025035,160.70067358433698,34.206609933889595,0.16109108748624779,96.46497156734387,26.14107515231965
Hubei Province,835,genextreme,0.15987985280997602,157.71663831595816,30.620356880702573,0.12607791704551902,93.84753228072277,24.972472051722754
Hubei Province,836,genextreme,-3.2650910081169258,78.8295677837952,3.2327915288012994,0.19171230015645657,97.10369140432469,27.59082074297433
Hubei Province,837,genextreme,0.15339828276255163,156.982739083,34.382577266582345,0.15615891833113082,96.36273581360457,26.329484991772084
Hubei Province,838,genextreme,0.21878967121754372,157.7138809809316,36.30655625964493,0.19454866738976684,97.085303387252,25.506572369856755
Hubei Province,839,genextreme,0.12168428199262663,156.79865696875714,31.85009086598364,0.141919525459145,95.32918002803785,24.374656809148835
Hubei Province,840,genextreme,0.18976451789842796,157.28213553050767,35.68521129504883,0.1896605990440217,96.46358130334504,26.39275472961296
Hubei Province,841,genextreme,0.16358438012439758,157.43486261685877,34.670387196447976,0.1747769555264518,96.19074756488752,26.064477708805498
Hubei Province,842,genextreme,0.1694075432376667,160.29314883375787,36.312061087443396,0.18732742494596138,96.58119000462659,26.837246565155503
Hubei Province,843,genextreme,0.22641775655137092,155.87233042453613,36.25724612245209,0.14806100950187218,95.70003039916563,25.65444973761232
Hubei Province,844,genextreme,0.20387634199484406,156.8366528815621,33.88172820531207,-3.2007388911470187,38.25500141590332,2.9864877236252587
Hubei Province,845,genextreme,0.18735744595528148,157.99250456857828,34.33842520708194,0.11281416882919196,96.68599675342404,25.049131587238378
Hubei Province,846,genextreme,0.15166141211717826,157.36572298141897,31.885671126926333,0.1735831826577771,95.112091461335,26.009096870810055
Hubei Province,847,genextreme,0.1729386156465949,160.0652815715365,32.37854761907965,0.16132753240908682,94.13514066905736,26.41979462717526
Hubei Province,848,genextreme,0.19871689876296555,157.7786976440953,35.268529621013,0.1567189405303303,95.29623497368766,25.79604604495816
Hubei Province,849,genextreme,0.1669026237176817,154.47524018655037,33.60894605838147,0.17711679753960827,95.19591608253134,26.156350373247776
Hubei Province,850,genextreme,0.15990894868399574,156.00202898454486,33.534186379926766,0.16716159838184613,94.85257173720643,24.823642678604507
Hubei Province,851,genextreme,0.18685572382348387,158.9119248809079,34.91548876459734,0.13192062745401983,95.1467552375118,25.784812327751084
Hubei Province,852,genextreme,0.2106924916602116,155.48089550447116,37.13621266530509,0.10416423201812797,94.48337109454462,24.542832357418085
Hubei Province,853,genextreme,0.1660568978987805,156.8022962945596,34.13844924140547,0.10081225926864135,95.810502533559,24.953986652036036
Hubei Province,854,genextreme,0.16169426974952816,156.4450933830723,33.34211775965774,0.13519549946920645,94.52654743521356,27.318689279339587
Hubei Province,855,genextreme,0.1603427990332166,157.0201262936908,31.976153721800245,0.1953021473189074,95.13263541154222,26.531637111629962
Hubei Province,856,genextreme,0.17643940646864265,156.02209955341488,34.664818086628046,0.17277784752756908,96.2637763059741,26.70609780907693
Hubei Province,857,genextreme,0.21486750725124565,159.89301458328055,34.27437876593085,0.15043103332181118,95.36036364072169,25.49074643033243
Hubei Province,858,genextreme,0.18295293015810407,158.84338448933886,34.72495578860287,0.2313278687498082,96.45261395787452,26.330492867400423
Hubei Province,859,genextreme,0.17663196299911182,158.55370614159847,35.519800498353604,0.16987428941405563,97.24734428156617,25.00998176846103
Hubei Province,860,genextreme,0.1256966481015236,157.91329362923997,33.58006601329056,0.1409031424330605,95.39367183236928,25.65133672590457
Hubei Province,861,genextreme,0.197250288221671,159.6084987164277,34.07610372236191,0.13379741709131182,95.63273183182677,25.920524761171492
Hubei Province,862,genextreme,0.13903573574664915,157.35698236300453,32.75660489568684,0.17120174378427297,97.19343412420537,25.97857818271735
Hubei Province,863,genextreme,0.18402076094265807,158.49682078117291,32.879826849063484,0.1723544736659267,95.0744569402251,25.585758922062773
Hubei Province,864,genextreme,0.17759986467087446,156.43323491753557,35.028596555067686,0.15135095046693298,96.14796433227664,24.975500410353064
Hubei Province,865,genextreme,0.1638429236567011,155.8079850599233,32.60717735051561,0.21620914775515276,96.27759703430888,26.866913454879956
Hubei Province,866,genextreme,0.20840933180021037,157.34578168089706,35.42916350336871,0.16112100378506633,95.34607048610376,26.073899659769822
Hubei Province,867,genextreme,-3.2744177154940024,79.34267687047864,3.241555378282108,0.13871229646869646,94.95049763998878,25.478592228511925
Hubei Province,868,genextreme,0.17428775467937602,154.94675815883159,34.21170034287791,0.144607369587341,97.26527935386318,25.77323110787957
Hubei Province,869,genextreme,0.2040753001724661,156.65472982296924,34.35228460751198,0.21072015105295006,97.48471009742909,25.143760424705995
Hubei Province,870,genextreme,0.16219106995335786,156.79982234990553,35.839318441320586,0.19262654040293442,95.82699114921911,25.646295002914222
Hubei Province,871,genextreme,0.19742495291361523,157.65154834727565,33.51019132077414,0.16623318688375754,96.08496230896213,25.091496213659827
Hubei Province,872,genextreme,0.17942723001735267,157.1072684883511,33.66927631764608,0.1783737808388703,95.11238560206607,25.543957293825162
Hubei Province,873,genextreme,0.17122524585732535,158.82005705053342,34.92719350882041,0.1715163079592946,98.2459129001486,25.826414335123374
Hubei Province,874,genextreme,0.17931596115933301,157.29452214019017,33.26622964436442,0.1627023801395046,97.09535942868834,25.060617033880995
Hubei Province,875,genextreme,0.15574170554850914,156.3681725146148,33.58323342468419,0.16107503015008584,95.53883999922729,26.53754681975815
Hubei Province,876,genextreme,0.13165655833745527,156.40147789422937,33.398188078964694,0.185646053049022,95.19319088579297,25.79594712638621
Hubei Province,877,genextreme,0.18082022520283647,158.13780234627825,35.42923265411359,0.14392305692225957,95.53692703555465,26.878843556573536
Hubei Province,878,genextreme,0.16173478314519002,158.89584238086644,35.32716180775537,0.1726256415389309,99.65320613399243,26.89575203929292
Hubei Province,879,genextreme,0.21202358375570196,159.51197919198808,36.14839500575734,0.14796070953359108,96.32319523842452,25.504744312662496
Hubei Province,880,genextreme,0.15677746635483586,160.016722728599,33.794189236505815,0.16532872182017405,97.67323990078432,25.846967922639795
Hubei Province,881,genextreme,0.21967879931071363,159.38555354709808,34.668384468650416,0.16832980351664606,96.9510024913624,24.893566548035473
Hubei Province,882,genextreme,0.17417687514149893,159.40220778150027,33.54125055330956,0.12195351818103989,94.83225099346106,25.73270387007292
Hubei Province,883,genextreme,0.21492290953864462,159.97668118205388,35.39400523404012,0.2176400614345883,95.08836140256322,26.678549192146697
Hubei Province,884,genextreme,0.14766658957894946,155.82770774062266,34.51533239132363,0.15942157098758217,95.86680586251812,26.20089094111524
Hubei Province,885,genextreme,0.23382115894158428,156.63234902539267,35.05622381962686,-0.24027679536219654,84.52521259133425,24.942948630957176
Hubei Province,886,genextreme,0.17889845601092597,155.61824700712532,34.84647871733569,-3.2746822252154395,39.18661354970483,3.100948438309816
Hubei Province,887,genextreme,0.1326466750676764,154.69775825392816,34.390551873487254,0.17021451297432494,99.1427875395456,25.025435193026567
Hubei Province,888,genextreme,0.17921783644148193,158.33801997947876,33.728905419018254,0.12361909811108454,96.51034445636272,25.133182887284796
Hubei Province,889,genextreme,0.1069778143021552,155.36742697790402,33.36083582399522,0.12904778721748433,94.72945359095834,24.53526560463736
Hubei Province,890,genextreme,0.14861874130713454,155.6416213506261,35.67649067591007,0.1587999629970998,94.39605776540411,25.66832447025364
Hubei Province,891,genextreme,0.08050823415065722,156.98591591438958,31.301745878906786,0.1585978959792788,95.02462983318173,25.990130114833004
Hubei Province,892,genextreme,0.15479337875408894,156.97955391231568,33.27708383783575,0.1838501822609237,95.78271702977291,26.721755351476315
Hubei Province,893,genextreme,0.18887250695202307,159.33697460504015,34.38747656810378,0.176246404189568,95.43348932995124,26.89852025078144
Hubei Province,894,genextreme,0.13534758144107426,153.58316070878024,33.599052279220984,0.18112861318367537,96.53181716273002,26.127919796616965
Hubei Province,895,genextreme,0.1229262342521047,155.70746928385967,33.30568022540908,0.12411059779361652,94.8998602257883,26.263533592161558
Hubei Province,896,genextreme,0.16327269032283037,155.74969856307928,35.81613406967141,0.12351389936734389,94.58333194450843,27.22391686131792
Hubei Province,897,genextreme,0.190611606075972,158.709834588224,34.66375399444578,0.1599226022677147,95.64582218093062,27.49847617167884
Hubei Province,898,genextreme,0.22178778371470698,155.7868721665834,35.58320088002225,0.13894747185962075,98.36958973424181,24.84397190867143
Hubei Province,899,genextreme,0.1971617268872976,150.99290181429888,38.80225397023884,0.2439078959039811,98.92971659495515,25.48334478097422
Hubei Province,900,genextreme,0.19552528088373913,157.76418565561204,36.20661128427995,0.1519178436007975,96.68873544610581,26.09524995372699
Hubei Province,901,genextreme,0.16973982623161538,156.97413293014978,34.43334380845451,0.17687877308364847,96.82764100320242,26.023112991993607
Hubei Province,902,genextreme,0.1651256819437566,157.17956427817614,36.32741817604827,0.2253430424838266,95.58514542843398,26.878688682736534
Hubei Province,903,genextreme,0.22215059674438364,157.51691150711105,36.98813855409372,0.1349801008229543,95.49140036222127,25.12010754190834
Hubei Province,904,genextreme,0.1299637755049053,154.50891695502173,34.8285177369161,0.16431315652086448,94.61298190130447,24.334819368775605
Hubei Province,905,genextreme,0.15972168722367552,157.410127683297,34.83067841466317,0.20042632215343734,95.35544540038103,25.67265412574053
Hubei Province,906,genextreme,0.1940732948409475,159.08334953486056,35.901318290722884,0.1588896973919805,95.66668756144045,25.32025893480767
Hubei Province,907,genextreme,0.18544177985410576,157.88218714966735,35.678822267036054,0.05766647313621262,90.80990398125118,24.12382762289016
Hubei Province,908,genextreme,0.14839821518598575,155.7939281729628,34.643955931478615,0.16716163687811264,95.42778472160977,25.987977373752706
Hubei Province,909,genextreme,0.10333382962042471,158.2032233090436,34.726432938444944,0.1553871277876407,97.32907188690416,25.86653010038892
Hubei Province,910,genextreme,0.18146018363478608,155.80216569835358,33.93027977401853,0.14769276944849205,94.76628695656446,25.665521058007243
Hubei Province,911,genextreme,0.09517772264257235,156.10314726897886,34.12071233481541,0.17323175270685381,95.21354305178367,26.77475518439999
Hubei Province,912,genextreme,0.1527083056046291,157.95225011096517,33.22734676410344,0.13293466493668413,93.16526536976966,25.92429598029387
Hubei Province,913,genextreme,0.19120331427141066,159.29880851105656,34.6637561531834,-3.2272977276023536,38.01198394319597,3.037506969762763
Hubei Province,914,genextreme,0.1482156077921609,155.93970088001151,35.38705764913182,0.1694648169062536,92.66684417537869,27.272779159199345
Hubei Province,915,genextreme,0.14755038460263775,155.59091737496556,32.93880844833372,0.14324092134351718,96.08901740363521,25.953982610334336
Hubei Province,916,genextreme,0.172076503172223,156.52307260785904,31.471508892419266,0.08170846715185336,93.4342174145547,26.40707666788811
Hubei Province,917,genextreme,0.20073305287620655,157.79222080676146,35.47673268741673,0.15376893597346136,95.23040872025179,25.197010582151226
Hubei Province,918,genextreme,0.16016817334596023,157.21706138777495,32.19591976564236,0.12711740202518002,95.91872929757048,25.235997932684462
Hubei Province,919,genextreme,0.20699630073087327,158.8006451809981,33.751961669528974,0.16869141772650853,94.360928380773,26.701817056223952
Hubei Province,920,genextreme,0.17407457491207845,157.27684091808518,34.23185924895338,0.1910160661631064,96.69862742862816,26.7630243107632
Hubei Province,921,genextreme,0.14119431219294787,157.44111591946998,34.27668583657423,0.13525975932262066,96.65595416123261,24.782319924462946
Hubei Province,922,genextreme,0.13073685477630898,158.89057058507572,33.49277689148012,0.1692763835587235,93.76956136427657,26.415408776977962
Hubei Province,923,genextreme,0.16711872588912258,156.97986476740985,35.34174292865225,0.21580200618934764,97.62936269250179,27.21877085794668
Hubei Province,924,genextreme,0.17379713894959886,157.61390149314022,34.312607572469105,0.14606048128470267,94.47797062750527,25.466836814526566
Hubei Province,925,genextreme,0.16337860521116843,157.6953559528688,33.248111571592304,0.19415408790285005,97.43345987140245,27.32487428985549
Hubei Province,926,genextreme,0.1681657901289815,158.63488490636627,34.43659796775211,0.15813221866152705,96.36490632271446,26.161477902353482
Hubei Province,927,genextreme,0.14071007074851738,157.18210220119153,34.374424494234674,0.14232810429479892,95.17855636575086,25.668001926363836
Hubei Province,928,genextreme,0.18956629654243284,159.2198595904623,35.38659201987716,0.14687249339371522,93.69898217257447,26.675475872747988
Hubei Province,929,genextreme,0.14501096660371088,157.38124064283085,33.298278835681735,0.18308345217393412,97.19180227025733,25.704973687176796
Hubei Province,930,genextreme,0.13809183854042842,157.1303261681809,32.95756887315538,0.13007306449471584,95.63561902124975,26.45826801176819
Hubei Province,931,genextreme,0.20723125616406265,156.03490121563175,33.590625762181546,0.1711578354497595,95.88264541539257,27.96730032510605
Hubei Province,932,genextreme,0.08294295445844571,156.04264868378687,34.448398951550246,0.20569355898858593,95.08652365024591,27.118863218764098
Hubei Province,933,genextreme,0.2020658139494096,155.85505063710718,36.35595625941599,0.13641654530144037,95.34135196093985,26.15634827507239
Hubei Province,934,genextreme,0.14416689261430327,156.547274477413,33.082761503254574,0.15686656380446412,93.95096147000045,26.687195930703368
Hubei Province,935,genextreme,0.16057548427286905,154.92142550455134,34.727150679600626,0.1651743036871082,96.84404122687874,24.870734451288357
Hubei Province,936,genextreme,0.15794564652116827,153.56515471242557,33.364260652194794,0.1348892221703108,94.863889568509,25.148640846052793
Hubei Province,937,genextreme,0.1832201189850371,155.31942773652742,34.14351693324192,0.12889551720045705,96.46085116149277,25.45855412786168
Hubei Province,938,genextreme,0.14879521356517955,154.95922999227992,34.40053841081253,0.13093855587622646,97.62456872048524,25.511046927431686
Hubei Province,939,genextreme,0.16984743027083776,156.37139218296892,36.04738057656733,0.1702773021419683,96.74324822421617,25.16009070080577
Hubei Province,940,genextreme,0.17560640450884657,155.76202532054305,33.23142177009059,0.12205754454948758,95.89251671317706,25.047668464964676
Hubei Province,941,genextreme,0.1069897592831954,156.55795888434992,34.210715438902646,0.1401477230912805,96.49009547300484,26.104084347240658
Hubei Province,942,genextreme,0.1825975832322816,159.52522085185853,35.285734555085455,0.14392176368032222,94.28326260046475,25.704604987931923
Hubei Province,943,genextreme,0.11074520025753437,152.82331553610823,32.32118716836035,0.14211509751097517,94.9045789237385,26.163051732282938
Hubei Province,944,genextreme,0.1347261794348028,155.38215402495004,33.75762306549163,0.20206303478791837,97.90481978873945,27.53781607382553
Hubei Province,945,genextreme,0.13992594632843264,155.7296078358871,34.45452937694334,0.17800011428900175,97.43790141898472,26.266875355982577
Hubei Province,946,genextreme,0.11855901688355025,156.5503449717051,33.29891889850157,0.23762709663371717,97.17672499130504,28.221200097581175
Hubei Province,947,genextreme,0.1604449602835355,156.01200883907075,35.44321772237261,0.14655760274975668,95.35046990673226,26.278160853572125
Hubei Province,948,genextreme,0.10657212292259231,158.4433043175829,33.82263255207176,0.2761897318052797,93.65652742239473,27.948659101101015
Hubei Province,949,genextreme,0.18797896356360227,158.43690751762227,33.613094879378906,0.16634898658263375,96.56593217116617,26.60010456925726
Hubei Province,950,genextreme,0.15703134692095383,154.73562608240616,36.73855860978058,0.16235932704230932,95.31378437439622,26.394648259997965
Hubei Province,951,genextreme,0.20954208489704151,158.19451351362864,34.639292367679644,0.16293557793961716,94.89060904834184,24.78331032290943
Hubei Province,952,genextreme,0.11738576703464051,156.9287161192146,32.80309194894134,0.15344227762431112,96.34644888818535,25.048328820137453
Hubei Province,953,genextreme,0.16680288346466737,157.34158834173434,33.448113377769204,0.19201048632898468,96.17689147221587,23.769477558878727
Hubei Province,954,genextreme,0.1941113224687443,156.44375811638673,36.54901595757042,0.17575081558792005,95.93955707007962,26.544513738117352
Hubei Province,955,genextreme,0.16076631801393104,159.2819772957916,33.82754339250668,-3.3144009300810144,34.207296718898355,2.1535374731002017
Hubei Province,956,genextreme,0.17048934601712668,158.03928403245467,33.07873361892025,0.124055275599669,95.98097863950824,25.554829410858723
Hubei Province,957,genextreme,0.13163830348191363,157.080889069643,34.4038200317246,0.12886787233075647,94.45157073695114,23.960386762325278
Hubei Province,958,genextreme,0.21837878232555594,156.6540002670727,34.72866683405162,0.15850071785135394,95.86371257149437,26.710250960188482
Hubei Province,959,genextreme,0.13961594672311173,155.32106404535378,34.656721610551976,0.17960047223305747,98.4175378786066,25.839450022113162
Hubei Province,960,genextreme,0.2125176426312528,158.59147479980737,33.741577145480534,0.14867051241184576,96.09487923733693,25.582923708961026
Hubei Province,961,genextreme,0.13005599265213585,153.7635154966917,33.508149095284715,0.139368631910867,95.9685792463317,26.981784359859446
Hubei Province,962,genextreme,0.1683304428396108,157.05289668523903,34.358022626773064,0.18505700322880891,96.94877090626028,27.12815791114885
Hubei Province,963,genextreme,0.1774812029544332,158.93363391122642,33.81266297152516,0.18745668107889504,97.46575308445784,27.539304807943665
Hubei Province,964,genextreme,0.14695537502922928,155.84824043278854,33.16291672615942,0.17209383989199845,96.85617822865426,26.342058778942942
Hubei Province,965,genextreme,0.19205785010459492,158.4160558944668,33.5209622274773,0.17589540010485125,95.76292024898368,26.04648867174233
Hubei Province,966,genextreme,0.15017514175332652,158.13937429062204,34.83665622979327,0.10548343291475909,94.90819759856416,23.504316961489426
Hubei Province,967,genextreme,0.1546416454148512,156.51713085548892,34.15350877094505,0.15851913410442553,95.08807818754882,27.26543290725902
Hubei Province,968,genextreme,0.2062686376559153,159.451374708216,35.2127906939547,0.18572122846875533,96.93406172344422,26.567329495615695
Hubei Province,969,genextreme,0.1879391556245646,156.59968412627188,33.99780184946968,0.18191287685004665,95.95790175523851,27.22042925189146
Hubei Province,970,genextreme,0.17011382067348613,156.46042023075103,34.341526226004035,0.18691008839968254,97.28503185314727,25.88498786697967
Hubei Province,971,genextreme,0.17701752286387323,157.5832391121013,35.520238180624816,0.18561813620871281,96.98371792437507,26.787308074283715
Hubei Province,972,genextreme,0.13472678298910434,155.50295854213726,34.06141351813921,0.08447943000868896,93.48186712957255,24.997139209995026
Hubei Province,973,genextreme,0.16442376555157895,157.61866781830204,33.744572245720505,0.16751250591272332,94.96712259606244,26.775715686883238
Hubei Province,974,genextreme,0.19030524443073332,159.75245974048997,34.120821086485726,0.19957101053344434,98.58298947828803,26.493583860159802
Hubei Province,975,genextreme,0.1693748785879518,157.83041723835623,33.74487267562394,0.13786848567850196,95.90396123306004,26.248370043809732
Hubei Province,976,genextreme,0.1518343136947318,154.8567401467311,34.59041364766473,0.12880157536070902,94.78894444261095,26.139811903189816
Hubei Province,977,genextreme,-3.1800884429460243,80.06295799286745,3.471521466889265,0.1324019891428398,94.91139300028624,26.233218915333588
Hubei Province,978,genextreme,0.1865422529316959,155.75003237120507,35.083620065527626,0.1813452000612621,96.5744923419401,26.805346735440246
Hubei Province,979,genextreme,0.15111919794999598,155.49546053908244,33.87204395848974,0.049031503499155714,93.43798830224375,24.840757219290822
Hubei Province,980,genextreme,0.2925519935056671,114.03159857424811,58.82418255770594,0.18939535143231245,93.60028208431001,26.229297972405377
Hubei Province,981,genextreme,0.15818236364064736,159.1752278838292,33.30700221334126,0.16962540438824886,95.65317732677966,25.86721134297724
Hubei Province,982,genextreme,0.15679962926512345,156.6559265138996,34.59231072869637,0.18570340920285494,97.94159018105036,26.52372802228149
Hubei Province,983,genextreme,0.18044880883437933,158.1172851107629,34.83061830118999,0.1748237813729426,95.67582063672046,26.07124199266502
Hubei Province,984,genextreme,0.21703360729520318,157.3303719824549,35.15353409468666,0.15775481758991516,96.64733663496344,25.99706111486794
Hubei Province,985,genextreme,0.18668288489357499,155.7434420392996,36.07996564006691,0.17274167020979225,92.80785548087928,26.98723205821483
Hubei Province,986,genextreme,0.20241332962962613,158.48138275422104,35.634753540768195,0.16986064825247293,94.55561883521796,25.089412972544896
Hubei Province,987,genextreme,0.1643426563226948,155.75830816659118,36.49167137590524,0.2182650898645706,97.00183329941318,26.455301254875778
Hubei Province,988,genextreme,0.21793256077782897,158.79359221730715,33.280852378410174,0.16088564382138248,96.08399615456108,25.82405280829603
Hubei Province,989,genextreme,0.1695765079780368,152.76737443376254,35.248951708965436,0.1537192215410558,95.57848722127594,25.617244770134818
Hubei Province,990,genextreme,0.17370329885152302,155.87430531464204,33.89879082570299,0.405630678980637,104.66924982568776,43.68102180780009
Hubei Province,991,genextreme,0.17795318505651816,156.3236255832636,36.080174648758366,0.16155925498144985,94.68482970071263,26.23679762100339
Hubei Province,992,genextreme,0.15772830986962127,154.5837700409484,33.41630692467187,0.11333456699630563,96.21029508769377,24.592016693553546
Hubei Province,993,genextreme,0.14026167758109068,157.58853280354822,33.68351636473,0.14232275475842804,94.16621143492844,25.69264342969215
Hubei Province,994,genextreme,0.16221624190248884,155.9675466639934,33.55088004348283,0.23343698375172758,96.01999446588093,26.660471733933303
Hubei Province,995,genextreme,0.2366554644444393,159.84870069528034,37.10318129018154,0.159652075493459,93.799761135631,26.08379953253972
Hubei Province,996,genextreme,0.17564918464566265,157.43973306121967,35.81225379723964,0.14465087662934023,95.69936852995782,26.206220487553082
Hubei Province,997,genextreme,0.18426863092089252,156.0711437013492,32.97184437546777,0.2247524301596882,96.80536312103791,29.450448089112985
Hubei Province,998,genextreme,0.16776851836285356,161.1291941421876,32.430732671182476,0.14962748676936416,95.63851432226625,25.85164459502152
Hubei Province,999,genextreme,0.1738496091850724,158.99182792915911,35.78054495374484,0.1443702514411897,96.43734943737378,26.305068318866375
Chongqing Municipality,0,genextreme,0.20844376460471192,128.42406229993884,33.46537248419757,0.0878863856434959,63.749514805457906,18.912248673661026
Chongqing Municipality,1,genextreme,0.1505064849516972,126.80641122624021,32.97018498753111,0.06889565540297274,63.02837034143597,18.79947949243867
Chongqing Municipality,2,genextreme,-0.22412169075056543,111.70645566487957,29.314590764229166,0.13883983251515236,64.38543052737924,19.969011976889295
Chongqing Municipality,3,genextreme,0.1146524179213555,124.21745558510105,32.748433091148144,0.12624561438759863,65.21208800450566,19.752354921725374
Chongqing Municipality,4,genextreme,0.2376120762464884,134.87037395633666,34.40336247255365,0.10171807909358752,64.54957854095049,19.335861893226642
Chongqing Municipality,5,genextreme,0.12548880327916623,124.41723761060314,32.63353828200293,0.09500667302236943,63.969296592022815,20.217480406312845
Chongqing Municipality,6,genextreme,0.13373472678521367,127.27371073933739,33.56936111624394,0.11794040910560907,63.69972126059285,20.171779062105514
Chongqing Municipality,7,genextreme,-3.087294680717534,62.19122134281652,2.87590894248566,0.08038033211197439,63.81852405626792,19.165204173168007
Chongqing Municipality,8,genextreme,0.21272842793907698,131.74745805567218,34.304720929065795,0.10593266165503792,64.93511332724322,19.424097213384115
Chongqing Municipality,9,genextreme,0.11972393914853795,127.47761126763778,32.790873183041086,0.07509124471028134,64.8452835348201,20.69189180305976
Chongqing Municipality,10,genextreme,0.1392027357047177,125.26833195255824,33.05586928614993,0.09062315575153648,64.91778936428074,19.58696866740538
Chongqing Municipality,11,genextreme,0.19184430858746535,127.015565239479,32.90217174566831,0.08548364666277816,64.3529892371551,20.51904812459781
Chongqing Municipality,12,genextreme,0.11143229651616549,125.63755596720782,33.65935169355181,0.09625609135338584,64.30262848455796,19.42788445339187
Chongqing Municipality,13,genextreme,0.1563560270649922,127.97012476090923,31.862781840870106,0.042249981469530316,65.60980376134613,20.014192189251208
Chongqing Municipality,14,genextreme,0.1899293533647134,126.43499513188769,33.20769181020128,0.07002904963624533,64.21804267734112,19.631944065410906
Chongqing Municipality,15,genextreme,0.14568927409922205,124.28601838217875,32.21538596826747,0.11392264477684864,65.09012778338285,19.783094789400373
Chongqing Municipality,16,genextreme,0.15844217163623464,128.5427998981185,34.01139325342023,0.09715365814852484,65.15883728978429,19.59338581244628
Chongqing Municipality,17,genextreme,0.11934681439697697,128.04433700023355,33.342414532691606,0.07396601587957548,63.79730390220634,19.32125775025726
Chongqing Municipality,18,genextreme,0.16142088659167397,125.65451711121642,32.33951556210004,0.09994679781008403,66.35541061427466,19.79299462856227
Chongqing Municipality,19,genextreme,0.16259172135989897,124.59044312726263,34.01181329525693,0.09284750748652587,65.98616718959735,19.723968316277112
Chongqing Municipality,20,genextreme,0.147788480915104,126.80891956247524,33.12309096369107,0.10576991650585212,65.76330235854367,19.97453522883051
Chongqing Municipality,21,genextreme,0.515942028692788,63.65252002730952,100.39429375715576,0.11229745133148936,66.09643895244066,21.212778613883053
Chongqing Municipality,22,genextreme,0.16026884046447695,127.74638054823157,32.82108877388863,0.09534231524404779,65.3724443765741,20.588964156648473
Chongqing Municipality,23,genextreme,0.1152634474539263,126.30184985817569,32.48238273822406,0.08922868291216979,65.54719751795466,20.00733256655139
Chongqing Municipality,24,genextreme,0.1540865524650507,125.63570318443374,33.33443590329661,0.07776065342687138,63.85985803324546,18.989162889792134
Chongqing Municipality,25,genextreme,0.1945652311913264,126.03365388918547,33.369076595647016,0.1333775438662813,65.55811015711788,19.906541353349134
Chongqing Municipality,26,genextreme,0.17044317257160166,127.55458114584533,36.15636782477944,0.059701633899179304,62.97599403082071,19.853785088045292
Chongqing Municipality,27,genextreme,0.14471416203807946,127.17862457763066,31.659455390411896,0.058606712699425925,65.25007532422254,19.667775225209393
Chongqing Municipality,28,genextreme,0.12653002729354496,129.0041991977257,31.77281373485141,0.13941910788635098,64.44008567257019,19.77861256092623
Chongqing Municipality,29,genextreme,0.14521591670650214,125.5419093962965,34.31778981756806,0.06496475476658561,64.6155718471124,18.65289084491708
Chongqing Municipality,30,genextreme,0.1470941174855201,125.63574744611955,32.29525288835601,0.07415104364062736,63.61373753520982,18.48948282462265
Chongqing Municipality,31,genextreme,0.13733242595603024,124.74085611650547,33.03911717449974,0.1004234321061275,65.06050290476489,20.090432352624624
Chongqing Municipality,32,genextreme,0.1438501760752083,127.2380926493322,32.92483914958393,0.07388729642594283,65.5855099574085,19.55888619050062
Chongqing Municipality,33,genextreme,0.15447241122473152,124.47817161195758,31.89685318074888,0.10241123834700165,64.51665865648451,19.112512142802416
Chongqing Municipality,34,genextreme,0.12350597406961993,125.58683912208225,33.72435388268072,0.162109131408296,66.41321361841243,20.600231600079546
Chongqing Municipality,35,genextreme,0.10627955317846588,125.72678246424363,31.093498930770686,0.08137107418417364,64.76934030610235,19.994689886715925
Chongqing Municipality,36,genextreme,0.1754836535662136,126.20855073934311,33.003221436291085,0.10634728325551103,64.0626813286207,18.08414663384242
Chongqing Municipality,37,genextreme,-3.9847432287610314,41.07926932854076,0.9150990168659159,0.10554658504052358,65.67519336843408,19.287103299941087
Chongqing Municipality,38,genextreme,0.12735805956530846,126.65508415604977,31.463203968243498,0.08272411884649547,64.91952430467904,18.89684631878478
Chongqing Municipality,39,genextreme,0.12514993076036574,127.18080487074036,32.04638616006409,0.12544105920291865,64.690658060385,19.408334380781184
Chongqing Municipality,40,genextreme,0.10982250472701333,129.65828162228615,33.489082146772034,0.07811640556151189,63.31382924269215,19.116996266847206
Chongqing Municipality,41,genextreme,0.15844372129335377,127.71619054974902,33.81424328264328,0.12334467119894674,65.40693264441549,19.87867474531405
Chongqing Municipality,42,genextreme,0.15316905603243003,125.44761560466353,33.25103121545641,0.11622297901848491,66.64008252480508,18.705206156587963
Chongqing Municipality,43,genextreme,0.14415653620971106,126.00500026270961,33.440976100600196,0.09875251935669416,64.24321768661392,19.47305589167396
Chongqing Municipality,44,genextreme,0.16487541866264527,125.40947038487977,32.530480796492995,0.08942434707490654,64.70233865520257,20.87405872999237
Chongqing Municipality,45,genextreme,0.19087596475578888,128.2020794500294,33.2696273386097,0.12391974135006655,64.63542464353424,18.98469101007959
Chongqing Municipality,46,genextreme,0.15700047411494955,125.85957399724902,33.94854074616981,0.10870453244571031,65.78090486359422,19.946489098255498
Chongqing Municipality,47,genextreme,0.14257099171816978,126.57806587729922,32.17787681046577,0.11865051866979745,64.93880529456096,20.117093062199906
Chongqing Municipality,48,genextreme,0.15448969340214044,127.74060311773357,31.73885057451512,0.05032492019248319,65.26899203205858,18.672787263423196
Chongqing Municipality,49,genextreme,0.16773327873447558,127.81067784388631,34.95615157943446,0.1143251549263661,64.59474148865948,20.58220525314472
Chongqing Municipality,50,genextreme,0.1482693467310322,124.2825055249393,32.709294073842315,0.1391290390824586,66.44267213716114,19.47892780179025
Chongqing Municipality,51,genextreme,0.18539379706783413,127.16395650949885,35.417831543623684,0.08573843898824446,65.30919394498255,19.326118707928707
Chongqing Municipality,52,genextreme,0.18290685849586574,129.33760690357462,31.452948951502762,0.09150321427172887,64.54041657181797,18.53390098596405
Chongqing Municipality,53,genextreme,0.10966039642903294,124.41367916404636,30.895754668181503,0.10187931056051508,63.75525021911473,18.830843155621587
Chongqing Municipality,54,genextreme,0.16532852095623557,126.13733439305321,32.625985973305006,0.07888100622828491,64.40787903024663,20.451911660229314
Chongqing Municipality,55,genextreme,0.1403635042069386,126.59016362889297,31.66413119194965,0.09946815354495243,65.30107342805674,19.740413807233438
Chongqing Municipality,56,genextreme,0.16163694957373087,126.58249069064385,33.46093590923729,0.03926388973691272,63.99138134330623,20.074343367161262
Chongqing Municipality,57,genextreme,0.18298338928254837,129.13989738707636,32.87949887370854,0.02251215858999215,63.18622772848913,19.808363041844792
Chongqing Municipality,58,genextreme,0.13019151145481794,126.95581961565918,33.760731484607284,0.12645931006455463,65.22182368028635,19.72718019679329
Chongqing Municipality,59,genextreme,0.14396679957044922,127.79654147041651,30.241994433889893,0.05575242397158066,66.33497439252713,19.513815538615525
Chongqing Municipality,60,genextreme,0.15582192539201833,128.58294976031303,33.437306933660224,0.08359630225084358,66.34239829637579,19.270756751334275
Chongqing Municipality,61,genextreme,0.1502457293268241,124.01852430700283,32.73933609733144,0.0511237520263859,64.9601273025355,18.939329706190463
Chongqing Municipality,62,genextreme,0.12389732635679071,126.08629793412946,32.34973036319777,0.10123306848419517,64.76319433283297,19.78964194854722
Chongqing Municipality,63,genextreme,0.1486141384780555,123.3973055820683,33.93363188259954,0.0880094299464317,64.03506846210648,19.060996447441482
Chongqing Municipality,64,genextreme,0.10943485102334943,126.59670605845204,33.82148098088206,0.1525758141957922,65.06095661560366,19.9099622743255
Chongqing Municipality,65,genextreme,0.12646048000423296,124.17482722728312,33.127358142031,0.10854635982097698,65.96959340483191,18.71492783774419
Chongqing Municipality,66,genextreme,0.1985785599881656,128.7400393848406,35.699092062510815,0.062337599988555426,64.90216642423076,19.40791468721632
Chongqing Municipality,67,genextreme,0.18909315066188073,129.27268301210555,35.03790865326563,0.09754826216185833,65.27654547774135,19.358519715512095
Chongqing Municipality,68,genextreme,0.12962859532609328,124.1790675392472,33.042730233845276,0.05233590674287264,64.38492913333044,19.65502892681694
Chongqing Municipality,69,genextreme,0.13772858929489945,122.41979471674156,33.542311945777854,0.05777942045707826,65.33917529352229,18.810780213208865
Chongqing Municipality,70,genextreme,0.07509163400170007,124.96610971857368,31.544050401933752,0.05548733863547492,63.48955583910654,19.376444475391683
Chongqing Municipality,71,genextreme,0.13629896930038635,124.02939041721041,32.78401888434935,0.08611678907753292,66.3163813221554,19.342634156217688
Chongqing Municipality,72,genextreme,0.1474741531908384,128.90499615189148,32.03428219659031,0.08176169280340931,65.30339867624659,21.000986757151665
Chongqing Municipality,73,genextreme,0.17641030909900302,126.87935993384164,30.243107108605635,0.09530292729429991,64.90370367706421,19.39999868416345
Chongqing Municipality,74,genextreme,0.10579924778588035,123.82253538923169,32.85716689719867,0.06835554857961881,63.67159220427869,18.988408971638748
Chongqing Municipality,75,genextreme,0.21766779969700178,130.35682337703435,34.98299257271401,0.10966433307712228,66.03619769522606,19.03996956815483
Chongqing Municipality,76,genextreme,0.109745618090201,123.64355940649195,33.44085403710847,0.11193054741350839,63.742115379144565,19.90114284909044
Chongqing Municipality,77,genextreme,0.387153991705497,134.22114274741125,46.09946134655269,0.06329698551766184,64.4876955958842,19.717390240949694
Chongqing Municipality,78,genextreme,0.13265224120000485,125.75542354970699,33.54542673750746,0.06413459182016083,65.1976996159314,18.940343671776525
Chongqing Municipality,79,genextreme,0.16255341006297153,127.82808366531981,33.114632145153855,0.08311414446683224,63.87396568963035,19.647659849708603
Chongqing Municipality,80,genextreme,0.16026167426100385,129.25275743361826,32.51407547374359,0.07494792508617962,64.6176407347208,19.426611086413907
Chongqing Municipality,81,genextreme,0.1563068175517674,124.56966666698236,31.490181180487582,0.09569449863483251,65.23183655964004,20.333364256014374
Chongqing Municipality,82,genextreme,0.1712254231900086,126.54377137726104,32.618427340722135,0.07434194040608369,64.18235854299192,19.293147867223915
Chongqing Municipality,83,genextreme,0.14936196459810785,124.66964003231979,33.75421645813154,0.07281950371067752,64.24523584059408,19.05157629821789
Chongqing Municipality,84,genextreme,0.15718012076820775,127.38339512321738,34.24567936407189,0.08835917251151698,64.52856998924653,20.10931482494393
Chongqing Municipality,85,genextreme,0.16739547927886622,124.42569140024659,31.85273801031113,0.09810915865730219,64.18167546095259,19.063617904368737
Chongqing Municipality,86,genextreme,0.16468577777255688,127.80274072494895,32.888781111312085,0.09527089854996738,64.48732161167952,19.795105831832977
Chongqing Municipality,87,genextreme,0.15430829016919073,126.18137013983542,34.67083202521634,0.04345595648946127,63.31505183597376,19.870181176255436
Chongqing Municipality,88,genextreme,0.12704496355968975,128.07530682849477,33.68497114029014,0.06119670099842635,64.29081155957627,19.107354335773245
Chongqing Municipality,89,genextreme,0.17301222737773678,127.9738910601283,36.21301311721125,0.07510878524315569,64.66649414736753,20.674574609985704
Chongqing Municipality,90,genextreme,0.12216706744865093,123.60706068279887,32.574362736008766,0.09794611154775518,66.14334555902184,18.941011195803686
Chongqing Municipality,91,genextreme,0.16681088531845148,128.19280643188395,32.364938332208915,0.06549421391129437,63.556691709217986,19.69622606456066
Chongqing Municipality,92,genextreme,0.12413948284314777,126.57419176117179,32.53973968661657,0.1117814273129884,64.29580791413616,19.859666066249666
Chongqing Municipality,93,genextreme,0.11424838005623601,121.80482822194887,30.983385722475546,0.09485123352007548,64.40317678972418,20.250295321132345
Chongqing Municipality,94,genextreme,0.142015912736414,127.75517956489446,33.512787091031555,0.09444246584463092,66.16337404393543,20.162063526009433
Chongqing Municipality,95,genextreme,0.15199752606950637,127.88624245717796,31.899054750774255,0.11366378468114652,64.50785679975323,19.997480445445078
Chongqing Municipality,96,genextreme,0.14046218844841596,126.64468311786803,32.90466372110951,0.06866867294835874,64.64056923290767,18.80419954207627
Chongqing Municipality,97,genextreme,0.1283005008167366,125.98829631652606,31.80622324423976,0.07778699824648101,65.51549416215762,18.75408922243964
Chongqing Municipality,98,genextreme,0.1474998531918168,126.52842479443979,32.0753327295513,0.10287781564035917,64.04819144651626,20.086282972067334
Chongqing Municipality,99,genextreme,0.15105157021457977,123.68892859069271,33.355579356890516,0.09859833014507613,64.44139016389306,19.740930623619164
Chongqing Municipality,100,genextreme,0.1448606877186178,127.9804486948895,31.750465782878845,0.04863717734118806,65.13735425803728,19.718719377150446
Chongqing Municipality,101,genextreme,0.07862608306456781,124.59185191108492,30.6748225089785,0.15149248103358587,65.57959314025523,19.299726374550694
Chongqing Municipality,102,genextreme,0.1369498515737389,127.867261378141,33.35091533369729,0.05205931356890299,65.4468928876043,20.682556036631507
Chongqing Municipality,103,genextreme,0.1562446370897494,127.26502538345255,33.45929468240059,0.10274963736722448,66.24040785208139,19.96691642225467
Chongqing Municipality,104,genextreme,0.2785828684861542,129.5279351734941,41.024023576953056,0.09064837238298903,63.99030940310982,19.3706512204272
Chongqing Municipality,105,genextreme,0.19580390439562312,129.10712600681677,33.84000379786369,0.07373081625674702,63.713472592720656,18.757397215936134
Chongqing Municipality,106,genextreme,-0.24296203420051532,118.36627023352715,38.206226090957514,0.10346388313532519,66.47088265843884,18.930017234391972
Chongqing Municipality,107,genextreme,0.09817436201867843,125.41476337235224,31.856741257902883,0.0984240164608085,65.62388369177796,19.47371741345065
Chongqing Municipality,108,genextreme,0.16524314204885285,124.94324179155892,34.88930252519573,0.07331818390552197,63.95291476422858,18.180661175433382
Chongqing Municipality,109,genextreme,0.14276092355718406,126.99058779570174,33.39875482901999,0.019620228151928466,65.29192765582582,19.59961635280401
Chongqing Municipality,110,genextreme,0.15472506423880888,127.05595601400577,33.22493982440406,0.09850964398884118,64.27702747062956,19.571181436229086
Chongqing Municipality,111,genextreme,0.18655625668006248,129.97379767613836,34.55983557168533,0.07874329058028418,63.99326507539943,19.435386357472808
Chongqing Municipality,112,genextreme,0.1764325276800176,84.06477491982514,43.81046630665702,0.06959656244331264,64.36443515521427,19.089019711617148
Chongqing Municipality,113,genextreme,0.16254346032245076,124.9410134960714,32.50518827957877,0.14083332452307912,65.68824246642004,19.72374369831276
Chongqing Municipality,114,genextreme,0.12398102155823892,124.81951863915455,32.845207887830426,0.10572061849973594,65.3005001139276,19.13225562780863
Chongqing Municipality,115,genextreme,0.14312597787014508,124.63947360723859,32.48774415151981,0.08493464440034226,63.425915973996055,18.942081434524276
Chongqing Municipality,116,genextreme,0.16368394082395624,129.4158134615758,30.969055214281653,0.1533474623814471,65.71146064684882,21.186685987964715
Chongqing Municipality,117,genextreme,0.12664507277891773,127.54267032991953,31.866751481185858,0.12048336762645867,65.98267206231537,19.46052734857259
Chongqing Municipality,118,genextreme,0.18829479238025693,127.6719497275354,35.00080066896794,0.05190809509612609,64.58564961493991,19.73480218360386
Chongqing Municipality,119,genextreme,0.13597299493597867,125.77811788726993,30.83907008753085,0.09811638858684377,64.54829975403109,19.643959035885864
Chongqing Municipality,120,genextreme,0.18410119255645752,127.49128399724023,33.45647760652042,0.12107570363286627,66.25555179902295,19.564545868941916
Chongqing Municipality,121,genextreme,0.12997903947790204,126.24873008861617,33.02383873326952,0.08386041343516687,64.43625164734519,18.94113945128921
Chongqing Municipality,122,genextreme,0.10993859331191298,123.5727018693611,32.092629900469355,0.05889223469919412,65.35029014350278,17.808786297322932
Chongqing Municipality,123,genextreme,0.45283468589746123,62.332777035234955,95.65049217891743,0.10606819321094049,63.7571273441074,19.667341743224192
Chongqing Municipality,124,genextreme,0.10224404916204419,126.53702578938005,31.227943496605548,0.09092852930069241,63.993425562662864,19.955333476247958
Chongqing Municipality,125,genextreme,0.12625006452626705,127.71625026567412,31.738473245721444,0.10846894985541106,66.52166953419808,19.841151650593805
Chongqing Municipality,126,genextreme,0.14066396784408622,124.1309504996923,33.83040172615402,0.07852635437556148,66.29034585494351,20.250312393823023
Chongqing Municipality,127,genextreme,-2.7913773468970904,63.46862250930616,4.075551146878977,0.10895286462967715,66.38366913884781,19.798903866826723
Chongqing Municipality,128,genextreme,0.16002895451459964,126.67285296719174,32.45992435252373,0.029817969377324123,63.77807093363348,17.882383724225466
Chongqing Municipality,129,genextreme,0.10498069595345277,126.16029225214021,30.84979284811851,0.0796352146347589,65.18921831851517,19.59678066653398
Chongqing Municipality,130,genextreme,0.17731496488555176,125.06968536613289,33.4525674914113,0.022637341940516656,65.26792923765264,18.707369311709083
Chongqing Municipality,131,genextreme,0.1319242551106134,125.42985880230796,30.220906383930235,0.11522274546732808,64.05351377038241,20.43719187642155
Chongqing Municipality,132,genextreme,0.11313140787363493,127.81215262094372,32.66166210451375,0.0752272668927879,63.15240689458962,20.47629919036411
Chongqing Municipality,133,genextreme,0.08353891161767364,126.1848164575604,31.637480013983478,0.0988022420424553,64.07000620999327,19.391781899031876
Chongqing Municipality,134,genextreme,0.21332863198577423,128.74416171845985,34.01963221417428,0.11802799218258592,64.29231919593016,20.568869499478623
Chongqing Municipality,135,genextreme,0.1600161140448083,125.97558282425216,34.5638184624496,0.1089118534903975,65.55442015120875,19.193593968177666
Chongqing Municipality,136,genextreme,0.18246157297405025,128.5317119987884,32.7962245426548,0.054107199863332386,66.05289417008571,19.630541665643754
Chongqing Municipality,137,genextreme,0.12893295929295678,127.56390436459475,32.54302307426168,0.08976916538069593,65.40547664449078,20.233898660045256
Chongqing Municipality,138,genextreme,0.1259008810250147,126.3426076187009,32.63360942950603,0.07735734902543234,65.40565664633385,20.151830243588243
Chongqing Municipality,139,genextreme,0.1068729018928099,123.67084389052945,31.13014384504634,0.12247256183963469,65.09722533950792,20.340776465042822
Chongqing Municipality,140,genextreme,0.1123529626654495,123.85396492295321,31.59600011950816,0.07113224310908353,64.54886773505945,18.703750010399283
Chongqing Municipality,141,genextreme,0.14226865330776406,127.62269680702695,32.186104384627896,0.10869460828213531,64.24008726059131,17.87015388378888
Chongqing Municipality,142,genextreme,0.13886876527027503,124.3927265891569,32.156348956034684,0.12393518931294634,65.66949069269867,19.904829928176497
Chongqing Municipality,143,genextreme,0.19083193572337587,127.50044236123858,33.89061535473067,0.10956744403482124,65.00720476659195,19.71443436564016
Chongqing Municipality,144,genextreme,0.1780469038362476,125.95734086875609,30.850281863042,0.09507839573881581,65.09131140362146,18.602622618625126
Chongqing Municipality,145,genextreme,0.15386190278898754,126.428804258034,33.46045071997638,0.09157717742483559,65.41262313679978,19.279007791913855
Chongqing Municipality,146,genextreme,0.1600308015186615,129.35086724787635,34.25859384278689,0.10664342755178294,64.21307503007137,20.39407077854603
Chongqing Municipality,147,genextreme,0.04353603862806557,133.0323797171557,35.544587524390366,0.09123299312245818,64.46924349882195,21.343147386020462
Chongqing Municipality,148,genextreme,0.1301328592508585,125.50442659552436,31.8851031962149,0.04394682274594906,64.17988744563793,18.74679537786217
Chongqing Municipality,149,genextreme,0.18622863256414546,127.68549868247428,35.34742140113198,0.11580284948271774,64.83359833281165,19.63933282281376
Chongqing Municipality,150,genextreme,0.15046763117650352,126.80372707513699,33.20187332853514,0.10065765858463879,66.2076306168506,19.596458165339993
Chongqing Municipality,151,genextreme,0.20558193726152024,129.29001620466425,30.237450312632348,0.10142205063005483,64.83311789174586,20.05614947699842
Chongqing Municipality,152,genextreme,0.17028657294527144,128.08647698083405,33.10940553849424,0.12878847854454994,65.58870253193419,19.17032350064808
Chongqing Municipality,153,genextreme,0.17155829467531086,125.1623379317561,33.58933171344723,0.15943858849583747,66.55084405866623,19.247939656661416
Chongqing Municipality,154,genextreme,0.14179461526238724,124.45638502236207,33.16039638047275,0.0327792702521896,64.04677263673135,18.956572894764598
Chongqing Municipality,155,genextreme,0.17504096611227682,124.72409505227125,34.33930224513253,0.10014320289160988,66.61079206526779,19.658714044201464
Chongqing Municipality,156,genextreme,0.151568055873219,128.11030665555728,32.12780826791851,0.09104947568931193,66.39814447999362,19.944197087096732
Chongqing Municipality,157,genextreme,0.1564500646541272,128.38437531801662,32.228342193829114,0.13719596502183462,65.4712984127808,19.136091130387474
Chongqing Municipality,158,genextreme,0.1667100482863988,124.92521384555084,31.794429215272327,0.10325410618451894,63.91695343670156,19.027734696113267
Chongqing Municipality,159,genextreme,0.07875266318780366,126.9784417235833,33.03348673622735,0.10057796258051933,65.24253502342242,20.17562716229685
Chongqing Municipality,160,genextreme,0.14511121059765159,126.20605015854402,32.73257675670972,0.06876805208290618,63.895888089956564,18.233296638376032
Chongqing Municipality,161,genextreme,0.13795897130908563,127.34213181699005,33.10684777396661,0.06053950346818017,66.27463818499496,19.08905697870555
Chongqing Municipality,162,genextreme,0.18467752760289152,129.28620465487506,33.47029809825705,0.08210452178678565,63.21829528076829,19.146875779101954
Chongqing Municipality,163,genextreme,0.1285626233744681,125.0140320971245,33.00719040120728,0.0634312971961557,65.12522436325952,19.49465311219666
Chongqing Municipality,164,genextreme,0.16721767905863144,123.82216570114886,31.221166291376942,0.10739563776228359,64.99070855438403,19.428622427098986
Chongqing Municipality,165,genextreme,0.1367058827859835,123.32154794028074,32.61381310029335,0.09283800131957767,64.54824946263227,19.370031257226678
Chongqing Municipality,166,genextreme,0.17584554721217158,128.59782413342663,32.909794796182,0.09733514960540449,66.27701004287478,19.928532625193064
Chongqing Municipality,167,genextreme,0.12388206696770446,124.70886355778538,33.98234657547741,0.09829167329412308,64.75218033241197,18.740943306508036
Chongqing Municipality,168,genextreme,0.17932131736020068,127.53407921763525,31.403462764892172,0.07520489088302595,64.25306004343867,19.800480505747743
Chongqing Municipality,169,genextreme,0.20440955049118498,126.8864884501175,33.4439686795818,0.049728175360115756,63.93455038862618,19.627084012822667
Chongqing Municipality,170,genextreme,0.1053017974267656,126.44195576211672,32.43409611406844,0.09047195822419368,64.11059712631193,18.24767560796174
Chongqing Municipality,171,genextreme,0.17165118314837235,124.98449329166056,31.87003443331762,0.07747518856208707,65.03041887782334,18.014368450282753
Chongqing Municipality,172,genextreme,0.14165340401794407,125.48001810908582,33.508368147007076,0.09959110902341708,64.54284001246367,19.02475501269424
Chongqing Municipality,173,genextreme,0.2609852442760625,129.31825377793075,38.29007215249308,0.06927549979208408,64.1070341838879,19.021227615794622
Chongqing Municipality,174,genextreme,0.12849159324501436,125.89268190600566,32.4802695674324,0.10728588968301828,64.67477985863025,19.08758450354512
Chongqing Municipality,175,genextreme,0.18222424861612677,128.9756828045318,32.74618130686069,0.12290496924546013,63.63302167407649,20.50536296722057
Chongqing Municipality,176,genextreme,0.09537241546634488,125.59235819206398,30.921934437121408,0.070746742482322,64.41232614885752,19.45851958707182
Chongqing Municipality,177,genextreme,0.10922899037565323,124.75193735412233,32.36674836495297,0.07333823483903606,65.00698924195912,18.458679753357295
Chongqing Municipality,178,genextreme,0.1465357291182567,127.39190384210725,33.234510248200095,0.11841879616261211,66.74980125721169,20.09417098978099
Chongqing Municipality,179,genextreme,0.17834135497048725,126.45535962480804,33.14450901781257,0.13027465918613962,64.23475827565812,19.4151408682093
Chongqing Municipality,180,genextreme,0.16279891827686493,128.27669299988418,33.213022189693945,0.08196610737932504,64.55081989700264,19.119385608693154
Chongqing Municipality,181,genextreme,0.13100763769444063,127.37826723761819,34.27817366099879,0.08922179596583467,64.81092611976295,19.435548853698336
Chongqing Municipality,182,genextreme,0.12782699774840406,126.96798357508074,32.51975234561874,0.0819001607400934,64.50685864070962,19.91327902751781
Chongqing Municipality,183,genextreme,0.2998970434000223,132.39654585057383,41.0282660009363,0.1291236491461179,65.65204174270335,19.303914722405757
Chongqing Municipality,184,genextreme,0.09594516876122652,126.53466348759046,31.835954106958397,0.06875512548875441,66.2453678291624,20.882182103941975
Chongqing Municipality,185,genextreme,0.1125640585836978,125.21161317404002,31.289812396002443,0.11680713156568398,65.51857551997432,20.22820044310582
Chongqing Municipality,186,genextreme,0.12408184593988728,126.36940881997532,32.92989242422861,0.11698548037153683,65.44783132725232,20.373507292145753
Chongqing Municipality,187,genextreme,0.11030478814196605,125.91043357835633,32.478032543023545,0.07836307451098293,64.59947113834076,19.42622954770176
Chongqing Municipality,188,genextreme,0.11585363355885078,131.35189303810492,32.268305916728266,0.04552225450541979,64.35904502041461,18.308615589524948
Chongqing Municipality,189,genextreme,0.13771539038519362,127.35838284287479,30.88532399660579,0.02731448931035653,64.20142362680463,18.922151898064662
Chongqing Municipality,190,genextreme,0.15472419971656096,126.66714176149674,33.56451040872127,0.06448146791240174,65.08671181932209,19.195027282104334
Chongqing Municipality,191,genextreme,-3.1982764911663386,55.01388799497292,3.2135664130399655,0.0702887654500935,65.15829783038947,19.93855255753539
Chongqing Municipality,192,genextreme,0.11309544708736813,126.53459901262693,32.36841171030353,0.09352792835958398,64.62813230088594,18.807541792836673
Chongqing Municipality,193,genextreme,0.10817347036877756,125.69070620694593,31.99872114147143,0.1263270355321111,63.92341426747856,19.62657665445262
Chongqing Municipality,194,genextreme,0.10492656664738073,126.44301951397992,31.188106502933447,0.12935242057717228,64.65760320769408,19.14405776712197
Chongqing Municipality,195,genextreme,0.16288358574619705,128.61402351062455,33.68489742117245,0.11672039864719305,64.45413992419049,19.236380799123644
Chongqing Municipality,196,genextreme,0.11978205706106963,130.08380750780327,32.982209578926216,0.07687971435392368,65.19736680768698,19.85883098166537
Chongqing Municipality,197,genextreme,0.1379875795967791,124.72044062496488,35.18695915235217,0.07558237580321188,64.80170754970277,19.96019434059668
Chongqing Municipality,198,genextreme,0.1782092387071079,126.16008940060206,33.92760371070894,0.05342934260390488,64.21726127149178,19.85444646738948
Chongqing Municipality,199,genextreme,0.5623476813847994,61.87716671601663,100.9598732490058,0.030610862823651927,65.08578667206544,18.888262386879713
Chongqing Municipality,200,genextreme,0.13717304108319073,129.33272191244984,32.4197400837608,0.11120063160666743,66.88013158961115,19.49922448135393
Chongqing Municipality,201,genextreme,0.09629249008861374,125.89403345037155,32.90476253283043,0.14152179009167876,64.59500068213347,20.134955896733366
Chongqing Municipality,202,genextreme,0.1558236611279452,124.91630318071424,33.231720089647936,0.07928288763705617,64.80003523412654,19.854414621928935
Chongqing Municipality,203,genextreme,0.1487442666263467,123.3205002206337,33.84300207079414,0.1048501208206033,64.7752923432167,19.37724041578023
Chongqing Municipality,204,genextreme,0.18717363444910484,128.25787480795964,34.43998443967777,0.11610337373997576,64.01194261362653,20.1201189773637
Chongqing Municipality,205,genextreme,0.13377759708809822,124.92230681326961,34.50447123056152,0.07284608001583073,64.69800959680902,20.022316764355377
Chongqing Municipality,206,genextreme,0.1895732295096007,126.79939540902012,34.39939976564504,0.0817150524596103,65.35004691001973,19.325815857525917
Chongqing Municipality,207,genextreme,0.13415714889515834,126.5387342327125,32.88439716570484,0.05974327264952085,63.60115057040333,19.360663055020517
Chongqing Municipality,208,genextreme,0.17184899747173638,128.73018339243185,35.31994493364742,0.08362900183084473,64.96620153019417,19.283876711414635
Chongqing Municipality,209,genextreme,0.2197242169242265,128.48029281938682,35.62091194328685,0.06898912270131578,64.77094180328208,19.87690367846845
Chongqing Municipality,210,genextreme,0.15661390275702075,126.52969532381633,32.758822223311626,0.051906057072034564,63.6500723585233,19.155836384185868
Chongqing Municipality,211,genextreme,-3.1563382415229686,57.97819016804536,3.203863954679112,0.11778216784305681,64.93905343823012,19.557777225148648
Chongqing Municipality,212,genextreme,0.14264953213839715,125.327529603369,31.83881056377558,0.12419673224038708,64.47301374279317,19.24641565180882
Chongqing Municipality,213,genextreme,0.13617513643414172,123.59017897343678,33.34323418413078,0.14890122813662848,66.94987619873103,19.80520090082772
Chongqing Municipality,214,genextreme,0.1814471908378137,124.7930821517007,32.37101161516098,0.09265461253023115,65.60741526129897,20.47740816666669
Chongqing Municipality,215,genextreme,0.12454986295399045,126.03513442591064,32.13805440552554,0.10624464125929509,64.96584059295415,19.973033122809184
Chongqing Municipality,216,genextreme,0.14202853885332328,129.71186815937628,34.11210688857924,0.10961550316862538,64.8932373134555,20.705876301666656
Chongqing Municipality,217,genextreme,0.15030111667573093,128.35589928034784,35.202515268602056,0.07108502578963397,66.11646889312175,18.53504459941678
Chongqing Municipality,218,genextreme,0.09144391074576969,127.07299208621252,30.80495517666361,0.12144483560443174,63.936356081133994,18.90036832243669
Chongqing Municipality,219,genextreme,0.10964773773298289,125.19587627066016,30.85674238450415,0.10194573066769361,65.94753006879978,19.063318240327916
Chongqing Municipality,220,genextreme,0.09230523325048068,124.48958583265654,32.08648795936064,0.10331490996108461,65.36551609688647,19.469517605996206
Chongqing Municipality,221,genextreme,0.12769876177266692,125.64004050207171,33.38110292235001,0.1221991501834706,64.30861386146086,18.319075926787665
Chongqing Municipality,222,genextreme,0.13864675654901862,125.91510920916085,31.016574398403854,0.16176262542151837,66.18489180232291,20.174971904762636
Chongqing Municipality,223,genextreme,0.09401624122095167,125.27836671282002,31.52515155278047,0.05462929751422922,63.82169393574247,18.693945241920417
Chongqing Municipality,224,genextreme,0.15609271244013267,125.97827872800113,34.68800259222544,0.13199219483460456,64.60437190634981,19.629577890952227
Chongqing Municipality,225,genextreme,0.12951529859342237,124.89945293154244,33.562634614012936,0.07059632454532061,64.21876497070096,19.621919847631293
Chongqing Municipality,226,genextreme,0.13396408836640755,128.40653726185639,31.561383997260535,0.0908367543350301,63.82695909968553,19.378551632913783
Chongqing Municipality,227,genextreme,0.14581168615987353,127.6442612025134,32.85169169882187,0.08599571477248524,64.646779174978,19.814882819652126
Chongqing Municipality,228,genextreme,0.16416386294893076,124.58246896696866,33.7545158453051,0.07175350329074487,64.40156034895018,19.457434297603257
Chongqing Municipality,229,genextreme,0.13517799847663353,125.58854354389713,32.635517450066594,0.11517989837466971,63.21942942146842,20.13980839204757
Chongqing Municipality,230,genextreme,0.13683519501181715,126.13810733838375,33.35206148708065,0.12563837343940956,66.55553777185824,19.328800936052595
Chongqing Municipality,231,genextreme,0.18502351271095763,125.41765224885128,32.40149569613048,0.059481673427626086,65.70221690493311,20.394326477545484
Chongqing Municipality,232,genextreme,0.17506782495841083,126.16383737525948,31.176958252103866,0.08614381162556864,63.322027324496005,19.67234466006409
Chongqing Municipality,233,genextreme,0.11406221521693476,125.50302957615264,33.40191567190486,0.11895385586157245,62.822812028756424,19.598674779190254
Chongqing Municipality,234,genextreme,0.09265150234335459,125.73125020132656,32.09010734962285,0.09142043414022055,65.18775316030313,20.640152148642066
Chongqing Municipality,235,genextreme,0.165555223016482,125.93565423020343,31.948577623319345,0.10895085500138868,64.70562558647732,20.031106316297844
Chongqing Municipality,236,genextreme,0.13889071741241596,128.50556021176882,31.519241459812662,0.13411618033989597,64.75825134177447,19.54580675662654
Chongqing Municipality,237,genextreme,-4.170488097964368,43.15024800491503,0.9728228007159774,0.051120021441606815,63.36236808782027,18.5147101100043
Chongqing Municipality,238,genextreme,-3.1865440373377343,53.92088900385491,3.1981711845207084,0.06966177424962008,65.60799726813566,19.088598189226083
Chongqing Municipality,239,genextreme,0.13344008318189549,126.0572582435452,32.78890770223882,0.13089920123886217,64.67677246979254,19.903573373719226
Chongqing Municipality,240,genextreme,0.1295189622836468,125.28942243267318,32.17350548571177,0.07441754983253465,65.64065190452366,19.95901139443541
Chongqing Municipality,241,genextreme,0.14659302918279854,128.30021433015764,33.88627060612383,0.08020020099054016,64.24044903805634,19.649574787158475
Chongqing Municipality,242,genextreme,0.020688238080665,124.34923879530362,32.86308061175485,0.07618271790285705,64.08438844051963,19.07023333493375
Chongqing Municipality,243,genextreme,0.17976868226961412,127.68749219466498,34.06283430154798,0.10309953062142958,64.99793570566214,19.066980111016825
Chongqing Municipality,244,genextreme,0.13552452314419366,124.89272825279815,32.47180699459862,0.08250722789132164,64.82531436837883,19.655076283104172
Chongqing Municipality,245,genextreme,0.1863407016275853,128.50082754623114,33.443580145946605,0.041991917509606,63.289246626015384,19.775544343606562
Chongqing Municipality,246,genextreme,0.08949730002185602,126.10680789635532,32.920025354564416,0.12154589086784354,64.30969271723788,19.516902367767877
Chongqing Municipality,247,genextreme,0.12198945475789402,127.72514352049222,32.50407993424011,0.12775407847636042,65.52064207144642,21.31350684045225
Chongqing Municipality,248,genextreme,0.13528676763344416,127.65510948168671,31.75071678185411,0.0985373896990617,64.69084103617934,20.430050852090456
Chongqing Municipality,249,genextreme,0.15467380405499997,127.39383730833873,33.869994132112076,0.10716420847949507,64.56689721747625,19.714638133514427
Chongqing Municipality,250,genextreme,0.12786747531215148,124.75497592153468,33.42625897015973,0.11412011251746856,65.79407961255498,20.007290035145594
Chongqing Municipality,251,genextreme,0.15105082466596642,124.76342278251059,34.43259591140722,0.06242700561791566,63.34730040782382,19.79176561205533
Chongqing Municipality,252,genextreme,0.16885874433521056,126.37434267430802,33.39435353005964,0.0989699413201082,65.12048498270529,18.834623929714205
Chongqing Municipality,253,genextreme,0.15536940384484238,126.88170538579018,33.20780616237717,0.10085391395253755,63.21790636377745,18.88522979342205
Chongqing Municipality,254,genextreme,-2.7615840829498435,59.806327194466874,3.761883331166386,0.11327539122178815,65.95291365149646,19.975414250728235
Chongqing Municipality,255,genextreme,-0.08242672845581525,119.06887902647667,33.12462390181601,0.0887658109802153,65.2678681769292,18.484556187454643
Chongqing Municipality,256,genextreme,0.12056005653715647,127.14191076093942,31.257879740675037,0.10160812543999981,66.08020326002985,20.25224152285945
Chongqing Municipality,257,genextreme,0.1385808033802629,126.14390457464648,32.79917756747906,0.07649728913711709,64.59224912586035,21.285541382357003
Chongqing Municipality,258,genextreme,0.14289070510911073,124.51121608474158,33.271091967567756,0.09319031665193805,65.16557799419502,19.63587066710616
Chongqing Municipality,259,genextreme,0.14018901352223284,124.47267543358939,31.413003946258293,0.08063950665696465,64.5879735733321,20.12803847323906
Chongqing Municipality,260,genextreme,0.13039134478917766,125.28069155931085,33.776341839790575,0.11365173452692927,65.35673230874482,19.54594974942868
Chongqing Municipality,261,genextreme,0.14520118707237956,126.4336095654723,31.98057184346585,0.07068051173659368,63.81350107555437,19.627669252770545
Chongqing Municipality,262,genextreme,0.1385717113338698,127.39146326362713,33.64620209864871,0.099645073825878,62.79921937282853,20.011220104721875
Chongqing Municipality,263,genextreme,0.14894815590990546,128.7413958474765,32.458070996868436,0.10864550175037872,64.28484116244663,20.366979028593327
Chongqing Municipality,264,genextreme,0.1521727279278636,128.32956918133513,32.061264051911905,0.1131331026842814,63.87846727705785,19.70467785941782
Chongqing Municipality,265,genextreme,0.16553378094376833,127.27704911621277,33.03849465354679,0.062059085790870605,64.6293654411036,19.707515726622397
Chongqing Municipality,266,genextreme,0.12748686758922867,124.1982479338009,34.31434907429147,0.12157834591140676,64.9746638922881,20.141559080385534
Chongqing Municipality,267,genextreme,0.16488288859024974,127.03991430342292,33.6854602548693,0.1180139093176921,65.40366983791078,20.41774588103855
Chongqing Municipality,268,genextreme,0.12412869494447629,125.86495587657025,33.42913165009777,0.06895894805504088,63.047942374832004,19.82839269772449
Chongqing Municipality,269,genextreme,0.13182283294091152,125.55216806517916,32.627676821163845,0.583069741833081,26.185811093450344,73.6063850116781
Chongqing Municipality,270,genextreme,0.1829289356328317,128.3520542479028,33.67022983226064,0.04722038891151622,63.56563196160235,19.6272574522678
Chongqing Municipality,271,genextreme,0.13769377496983798,127.6612420537238,32.15044891381259,0.08110667230221105,64.10325490700717,19.9418549419744
Chongqing Municipality,272,genextreme,0.125329114813237,123.94004916374735,33.1740861482851,0.061185505061171236,64.80933489254386,19.294438269417245
Chongqing Municipality,273,genextreme,0.12894961827175117,127.55396420562205,32.38324324259801,0.08292893276964,64.66581688195924,19.896936037560145
Chongqing Municipality,274,genextreme,0.162370416944579,124.97522368600815,34.366099270551345,0.11220699685452894,64.50117508038397,19.782702162991484
Chongqing Municipality,275,genextreme,0.15896645079608085,126.6333389332504,35.0662506539869,0.064679987915709,66.51864707716416,19.166916638273122
Chongqing Municipality,276,genextreme,0.10878237030151167,128.21793610969343,31.315108981954317,0.07969547518975281,63.16963688425123,18.65380714951762
Chongqing Municipality,277,genextreme,0.15181411706397335,123.53373863153764,33.50843032552534,0.06014597437256605,65.52318578804156,18.45564387133892
Chongqing Municipality,278,genextreme,0.14418773282231206,124.70987659380532,31.462833593445865,0.09518136624649537,65.49886155099239,19.985682876517437
Chongqing Municipality,279,genextreme,0.08001323048205888,125.2585628648491,31.035205640517816,0.09887622654260587,65.28473027228188,19.313282354494987
Chongqing Municipality,280,genextreme,0.14656178394287445,125.31128820586059,32.96252980501954,0.06574988678776202,65.42251914752333,19.0779844490877
Chongqing Municipality,281,genextreme,0.27400126220128773,87.55286065692897,51.144048659137454,0.049518692329743444,64.00053846892337,19.6306571701203
Chongqing Municipality,282,genextreme,0.3950494898389598,53.22535629085772,95.72884110979919,0.08298634028628615,65.51601254543489,18.7374603544882
Chongqing Municipality,283,genextreme,0.15508580224125396,127.16392372372013,33.2444288810714,0.11643083537959506,65.61100334604245,19.32459600761722
Chongqing Municipality,284,genextreme,-0.2728925511834981,118.38223065346199,35.22410870803503,0.08827842051052426,64.54580907638211,18.808891330797678
Chongqing Municipality,285,genextreme,0.15315833963447475,128.7965881374129,33.67374849346298,0.06642166547267578,64.86970908228571,20.022972926700305
Chongqing Municipality,286,genextreme,0.1341113048367669,126.09783728308027,33.81887870440395,0.10344323927094955,64.8259708059299,19.972062993847313
Chongqing Municipality,287,genextreme,0.14188027697174377,128.11820117672545,32.40088878095284,0.05901454951497767,64.3968616592513,20.286169218556672
Chongqing Municipality,288,genextreme,0.14891535709355302,126.1223066990928,33.23226085939088,0.07823834632414521,63.99728797458148,20.723105210091312
Chongqing Municipality,289,genextreme,0.1175239148503632,126.39618460360498,32.832548669049764,0.06848560887845041,64.35437950008318,19.57710472881587
Chongqing Municipality,290,genextreme,0.18966747000058776,128.1402357454608,33.96479976979762,0.09601964931375909,66.46080468212978,19.543867961701025
Chongqing Municipality,291,genextreme,0.14516997122139397,125.77601514332687,31.434157770895023,0.09021316115878616,65.03117341720636,19.734903348756927
Chongqing Municipality,292,genextreme,0.09916901209897638,127.3359845987334,33.32776495021986,0.0883531377806166,64.97559914875652,19.13998274857461
Chongqing Municipality,293,genextreme,0.18156130026556186,127.84348447367839,32.30085533851038,0.3269409833836914,65.5586839712027,29.38512538701788
Chongqing Municipality,294,genextreme,0.11497102949489328,126.39503734549314,31.721404979709632,0.07919008210812237,65.40599902577051,19.305199202747232
Chongqing Municipality,295,genextreme,0.10078924248804713,124.8391600506661,32.333844483090814,0.08648835782624473,64.75157981148536,19.872682714348784
Chongqing Municipality,296,genextreme,0.38571499442490564,53.89141678627777,90.09400022391515,0.06253597257622354,64.28379639307795,19.942639641645954
Chongqing Municipality,297,genextreme,0.13910414496028084,126.48623040523022,32.556224721250146,0.07456412688455125,63.557858357980265,18.62089343726343
Chongqing Municipality,298,genextreme,0.24191730105938614,129.25752078586166,35.73981753594748,0.10427622585041835,64.24462147350832,20.55249840743049
Chongqing Municipality,299,genextreme,0.15077828725053777,125.72004286345435,32.19445173739274,0.12228889940661983,65.65046391103131,19.148668922200947
Chongqing Municipality,300,genextreme,0.11037467047662985,125.78214823917764,32.90772120810283,0.07467513491452846,64.36554630529446,19.49230882423724
Chongqing Municipality,301,genextreme,0.1792870684219966,127.55441807717983,33.12640389090574,0.14144757647369438,65.66253920034003,20.692117636094267
Chongqing Municipality,302,genextreme,0.1750365198584789,129.50799712496905,33.54743405932615,0.050732039575687116,64.3432925195545,18.12371147596888
Chongqing Municipality,303,genextreme,0.16906856208286597,126.63904691053676,33.15006902033206,0.09772006953438646,64.55141387670778,18.553181813330305
Chongqing Municipality,304,genextreme,0.151698434252737,125.90226558370203,33.50662056886419,0.043243921148825096,65.57934874238981,18.73451365064276
Chongqing Municipality,305,genextreme,0.2341359516134629,129.22930999944808,34.69862173062231,0.14326146492228853,66.0653526292345,20.223733647151253
Chongqing Municipality,306,genextreme,0.1196728787026094,127.01327219274829,32.72148572726527,0.09215379830466458,62.89372178066243,19.18259614716146
Chongqing Municipality,307,genextreme,0.18335894338796604,126.26212944019932,31.771167960114866,0.1118546194483066,65.97743647804288,21.105342658314427
Chongqing Municipality,308,genextreme,-0.37542250322825155,115.17868943228166,38.16326964089184,0.12871228167261417,67.02052315549604,20.000015173528148
Chongqing Municipality,309,genextreme,0.15904998468458795,126.97992229862533,32.804365476795255,0.0915624345517346,66.1901890784389,19.80456009595378
Chongqing Municipality,310,genextreme,0.13961177712915349,128.44173220566793,32.61278372345997,0.06697225031538113,64.07640115003082,19.779334923695817
Chongqing Municipality,311,genextreme,0.14678836416835198,125.11138275121937,32.082724450065214,0.08009282763758119,65.1336631243011,20.47077404389807
Chongqing Municipality,312,genextreme,0.12984346589775886,123.63064967312772,33.53226509644249,0.04479194421707003,64.7936933814685,18.807261270262313
Chongqing Municipality,313,genextreme,0.09984156305219621,126.49540437935775,32.591489834534585,0.113868398556118,64.09926168677751,19.452815295761397
Chongqing Municipality,314,genextreme,0.17363898705830708,124.95041107337552,33.15119579539117,0.10429485965267171,66.01365428874024,20.993154002123525
Chongqing Municipality,315,genextreme,0.1597726500494345,127.88180484238455,32.16668814930807,0.1419896485602867,65.90477712255318,19.53291856467029
Chongqing Municipality,316,genextreme,0.13970100377153205,127.78574222908463,33.221809068259475,0.10748744903084895,64.32364303419118,18.61837241746786
Chongqing Municipality,317,genextreme,0.12524544044245722,127.18613874557298,30.595214978329903,0.1506181604999718,65.15979986224113,18.31586843886158
Chongqing Municipality,318,genextreme,0.1273788413948314,129.26996989695138,32.873256881166924,0.06077664559926356,63.46773252825919,19.187954474080783
Chongqing Municipality,319,genextreme,0.12711769136839646,125.56285376085435,32.05398343412884,0.15420148334526906,65.03153562607818,19.47175695182913
Chongqing Municipality,320,genextreme,0.1773800745686711,123.31090334097192,33.771789114708724,0.07846752440720572,64.56535218606734,19.386797994117963
Chongqing Municipality,321,genextreme,0.15588506624405007,127.44720733809135,33.38199861934639,0.12447306127609205,64.94583247497546,18.99190957835886
Chongqing Municipality,322,genextreme,0.1350345016945349,125.17706318378794,31.327880770833154,0.0703491668480668,63.81990844617208,19.825032779272217
Chongqing Municipality,323,genextreme,0.1171416576076774,126.1439015775196,32.44774247358432,0.046842200437715795,64.74893732121683,20.642343768683475
Chongqing Municipality,324,genextreme,0.11269060288103303,124.711692119617,34.699704328164266,0.12282618877043575,64.06558148780591,19.580316312690563
Chongqing Municipality,325,genextreme,0.55363472612152,61.476831108170984,104.06086747305437,0.07788719828974977,64.57659067463509,19.95549971623456
Chongqing Municipality,326,genextreme,0.12658439298697208,123.51970266550653,31.725055157426908,0.06711381886624343,65.10054111938139,19.289242865799615
Chongqing Municipality,327,genextreme,0.16818427992977392,127.33115942567332,31.489236117354924,0.07289851643982273,64.49878093466029,19.281064838307678
Chongqing Municipality,328,genextreme,0.15387934061616942,123.71682937517917,31.23415319384062,0.04828651513387853,65.22466982235382,19.19156821362776
Chongqing Municipality,329,genextreme,0.16445375688385389,123.07773936598511,32.914744709575714,0.10310301574062788,65.99185039326287,19.302177040720338
Chongqing Municipality,330,genextreme,0.11029129795623906,129.50242500064448,31.954294980592753,0.05938497770838247,64.18085658016926,18.934201779431902
Chongqing Municipality,331,genextreme,0.20524027253898547,127.1324570818906,32.74173507373182,0.07094650911319833,63.96746030830994,20.037391801158925
Chongqing Municipality,332,genextreme,0.14233315686789938,125.8666318453217,33.4158390683189,0.10174167186620166,64.84133185867307,20.260410222963856
Chongqing Municipality,333,genextreme,0.19005811560390418,129.95104707063535,34.27390431298123,0.10069410163549206,63.860122058224086,19.517371252490236
Chongqing Municipality,334,genextreme,0.13238807924903814,126.87473975922305,32.555362717637934,0.06285263329307904,65.16321622009988,19.81315208852461
Chongqing Municipality,335,genextreme,0.13207483504402256,125.2884645052457,31.677721633484396,0.0478201057538175,63.553460309005914,18.551095505233306
Chongqing Municipality,336,genextreme,0.101513934730694,125.26311456161832,31.73560787651661,0.16333315412774654,65.65687356305651,20.361304786237575
Chongqing Municipality,337,genextreme,0.16283224362044507,128.67507713311124,32.79192706568819,0.11487739287811385,65.43607394378131,19.657409993985077
Chongqing Municipality,338,genextreme,-3.188909779020933,54.51041357803865,3.2058109669177073,0.09558830755867642,65.07381048912097,19.874527251409454
Chongqing Municipality,339,genextreme,0.21186294810724132,128.94577827310906,33.87732829927308,0.06687166580273486,64.70581512680616,19.029525920379363
Chongqing Municipality,340,genextreme,0.12160668835505128,124.74545117263384,34.26932448757326,0.06426492522799719,64.90187116902726,19.362706480928896
Chongqing Municipality,341,genextreme,0.15650628017556031,126.41305815902388,31.939590110787552,0.12531804307162253,65.3075963304104,19.37640625027013
Chongqing Municipality,342,genextreme,0.1129956893721744,128.17563808171457,32.05220159130707,0.10944463159188011,64.29979416557677,19.306255569301527
Chongqing Municipality,343,genextreme,0.14168628591873453,125.24647153872331,32.60950409642146,0.06802702651483336,65.02311231892847,20.830269890218585
Chongqing Municipality,344,genextreme,0.15205351903027514,128.92013707447222,34.24105222473949,0.06775507829781116,64.91131788171316,19.76304650949735
Chongqing Municipality,345,genextreme,0.150491487266718,127.25137067386814,33.21749043462471,0.07220386436262037,64.3154210243327,20.449718119175444
Chongqing Municipality,346,genextreme,0.17594281762565667,124.50494699476408,33.14857456226223,0.04072513681687042,63.22640575846687,19.786304014981297
Chongqing Municipality,347,genextreme,0.17944631374823294,125.910162587223,33.96855708782178,0.09435498745005191,64.22947805012828,19.176632728526734
Chongqing Municipality,348,genextreme,0.1751335695904802,126.73714633794475,32.9420581403529,0.12468894280963753,67.11657003760033,19.251676159592854
Chongqing Municipality,349,genextreme,0.11076876402893351,126.06966056779393,32.9174562733611,0.07865746065930271,64.14273634685173,18.935216865527337
Chongqing Municipality,350,genextreme,0.1429605235562672,125.46468206951837,33.0436733585649,0.10899871413487089,65.26043667052429,20.1303687300002
Chongqing Municipality,351,genextreme,0.09304948307181615,124.3667216477326,33.605461902578966,0.09543039050711324,65.49139836331138,20.32140057155963
Chongqing Municipality,352,genextreme,0.11043302458421282,124.62779491004684,33.42678599035743,0.12566797000848856,63.79308561299436,18.587081797803442
Chongqing Municipality,353,genextreme,-3.95577243445232,53.990522138064264,4.084380231947788,0.1321788415527187,65.73444965147117,18.62717410465187
Chongqing Municipality,354,genextreme,0.18127442946821304,125.92547994478696,32.681846134377295,0.046027858458900325,63.16021430225565,19.75173593855957
Chongqing Municipality,355,genextreme,0.15089118351805864,125.80040475548773,31.28589481397501,0.11364521078646211,64.29700952149793,20.294597458614565
Chongqing Municipality,356,genextreme,0.1329078860430477,125.89225723500451,33.59354746578266,0.09735048680188398,65.20855830489512,18.97853966093144
Chongqing Municipality,357,genextreme,0.18919532076496604,127.45654797672199,33.51400312293441,0.08250466135650178,65.36984514117108,19.08644565304921
Chongqing Municipality,358,genextreme,0.10041454145677849,124.88191412506534,30.738053838450817,0.07303101106428321,63.39820873183429,19.338625585095926
Chongqing Municipality,359,genextreme,0.14122006622512484,127.34713514632048,32.46928875206805,0.06590510823895615,64.05340979064403,18.697722556637615
Chongqing Municipality,360,genextreme,0.16405526519967517,125.20714638844075,32.589075663011585,0.11173452050636803,65.77241302449849,19.718751116168
Chongqing Municipality,361,genextreme,0.18850397340325548,128.21644475307508,32.66748019186275,0.047912254917600296,63.862371796335786,19.312142904303236
Chongqing Municipality,362,genextreme,0.09317893621839912,127.9262469871968,32.39475733733994,0.10757934789512937,63.80410262431609,20.095632985216806
Chongqing Municipality,363,genextreme,0.12293197503585912,124.6777446557129,30.65844731875007,0.10527739971127843,64.89993095635715,20.19843359660324
Chongqing Municipality,364,genextreme,0.14225526805718283,128.96082709779182,32.69467458321655,0.06087217627543123,64.93169434303749,20.34020285177537
Chongqing Municipality,365,genextreme,0.12953490685150348,125.63899267245326,33.78849855680712,0.04884530371428861,63.9300011719262,18.502373143724576
Chongqing Municipality,366,genextreme,0.18390449256766983,128.350870253871,34.16971650657972,0.09724822000655085,63.83586132055943,19.632037796205225
Chongqing Municipality,367,genextreme,0.5804991713545795,51.94635940753689,111.58164283734178,0.08749076311264453,64.9572182182774,19.876258695809206
Chongqing Municipality,368,genextreme,0.1701210967819527,125.82075235827969,32.85451634005323,0.10060928429053653,64.79248441364915,19.502719073278783
Chongqing Municipality,369,genextreme,0.451667839820842,135.3517269101839,72.09602129761066,0.055148299306066906,64.36783577486123,19.410196476877132
Chongqing Municipality,370,genextreme,0.17588786935447676,126.88960453606461,33.178895284483914,0.09515088721620918,62.01171919180232,20.093278509419086
Chongqing Municipality,371,genextreme,-0.13438266310716784,121.35653460058248,36.60052632407262,0.05929567588457377,63.76144463948103,19.647653725901215
Chongqing Municipality,372,genextreme,0.18577799181571292,132.5567329430919,34.00503185937844,0.1643623394705082,65.91463451119864,19.804439788637225
Chongqing Municipality,373,genextreme,0.15058191563539716,128.70294216075516,34.06794091204665,0.062252993140090175,64.74451601885718,18.713799892440864
Chongqing Municipality,374,genextreme,0.1255774847300225,128.02320661043768,33.9432293109748,0.10041194996398017,63.7895815903965,20.140885632629796
Chongqing Municipality,375,genextreme,0.14016773402216454,127.3274123345941,32.32486651414159,0.089217532675872,64.7395511606976,19.998355695457466
Chongqing Municipality,376,genextreme,0.173359562457568,126.05833496490945,34.3233593820875,0.05906403519807515,63.16771046507837,19.714537125738303
Chongqing Municipality,377,genextreme,0.19736554305177106,129.21297882393924,33.35763816941383,0.09778006029372842,65.06854712693746,20.318503685830393
Chongqing Municipality,378,genextreme,0.13998358280301992,125.34636912624939,32.447961655178204,0.07404232435821678,63.84922615456434,19.883776870382007
Chongqing Municipality,379,genextreme,0.11221462687931161,124.84406296273426,32.472885245728406,0.08665243248672125,64.65090549755112,18.000501882379915
Chongqing Municipality,380,genextreme,0.1044360227317078,123.88940578587153,32.862894705937144,0.11403883762897997,65.31696598647946,18.620014950181798
Chongqing Municipality,381,genextreme,0.1294800461167678,127.49123783346423,32.35181297960035,0.11577575536274205,64.67037048418189,19.234205989665867
Chongqing Municipality,382,genextreme,0.14911234827664782,127.26949874227682,33.52852326088748,0.10668743067194975,64.73314378335714,20.78467927135062
Chongqing Municipality,383,genextreme,0.12178185810234943,128.70587004433003,31.596391102368123,0.05154705287375133,64.54816127530493,19.093592882472727
Chongqing Municipality,384,genextreme,0.12142465150447043,126.38489179999091,33.07133522008513,0.0539290052401464,64.10127374978194,18.60042077754017
Chongqing Municipality,385,genextreme,0.17970985769139702,127.28514802441242,33.21466273323352,0.10870118155507902,64.22029107143975,20.171759182774956
Chongqing Municipality,386,genextreme,-3.186283411215298,54.484429799169675,3.20340808669018,0.13521539980450226,66.6591991453906,20.08284629851532
Chongqing Municipality,387,genextreme,0.14333538581289312,127.34086211408253,34.221561170457285,0.13157736173512408,64.84934556435167,20.563467509839125
Chongqing Municipality,388,genextreme,0.11932455098416324,125.70688171658318,30.38889540935228,0.08968949163084664,65.5350973159862,18.907377591726792
Chongqing Municipality,389,genextreme,0.1519533973746215,127.25922224926529,33.791567441741826,0.0859852730677278,64.35788048084193,19.264529187544497
Chongqing Municipality,390,genextreme,0.10883243690830668,124.91381581326928,31.520878869351257,0.10857165213326642,64.0637465552312,20.361177115059192
Chongqing Municipality,391,genextreme,0.14714534372989524,126.80641962684454,33.46448643272731,0.07213211676031021,64.85791400112639,18.977804313232717
Chongqing Municipality,392,genextreme,0.17442449497127893,126.96429629679972,32.69314068137299,0.12528102312198447,65.41574081351322,19.615485970544448
Chongqing Municipality,393,genextreme,0.1403002839644524,126.20616204135548,33.29831566073718,0.09189039474770316,67.48644715388474,19.641174640214608
Chongqing Municipality,394,genextreme,0.5845670321445011,125.29318297797295,81.58846193800736,0.10322491159979169,65.78891504412877,20.12155667131345
Chongqing Municipality,395,genextreme,0.15960551439317022,123.92185979656506,33.196038679536485,0.096745258408305,65.4439228732684,20.012356437104977
Chongqing Municipality,396,genextreme,0.08449453797672243,125.12217982088418,30.697363796180245,0.07599768124960463,64.28380241346437,20.16142559216459
Chongqing Municipality,397,genextreme,0.08854462196585447,125.58990101756751,32.4597667511504,0.08576030485368466,64.37535473984676,20.370607903912017
Chongqing Municipality,398,genextreme,0.11487664834235423,126.33770630103149,32.660280941645354,0.047126361715479,63.54575261382457,19.134545644788282
Chongqing Municipality,399,genextreme,0.1642120533871254,124.85988635128513,33.274361572087585,0.0597178048657694,65.22963272063879,20.206467594667327
Chongqing Municipality,400,genextreme,-3.187735907320616,54.379137610872036,3.204764846386648,0.06726207014354224,63.072069068555635,20.47404066968361
Chongqing Municipality,401,genextreme,0.09841082252899962,123.51324908077729,32.90217470989083,0.08906483919300251,64.35689894404865,19.480595087878164
Chongqing Municipality,402,genextreme,0.17479433145783563,127.83716377765765,32.64686189531878,0.1066176951574608,66.85106066748097,20.50265501937589
Chongqing Municipality,403,genextreme,0.145250660580665,126.80049418702737,33.73930410639241,0.05703253575071161,64.10308619147366,18.944564215650544
Chongqing Municipality,404,genextreme,0.5658306211460791,111.79189103292856,90.34809929041364,0.08554212713374845,65.60319705921916,19.018608798667657
Chongqing Municipality,405,genextreme,0.13429653773037373,124.71889274957331,33.09626630123945,0.09965454046347809,65.31905847880455,20.401038381322536
Chongqing Municipality,406,genextreme,0.15003309108362417,125.46664768528437,32.788426071340595,0.12451231241286709,63.971972275208415,19.757572738440466
Chongqing Municipality,407,genextreme,0.11925152218411697,127.38440272441116,32.62272801718696,0.10405485754532065,65.63201393656249,20.009531925924115
Chongqing Municipality,408,genextreme,0.14056178189082658,125.25622870397922,33.49423606390577,0.09619476694238852,64.85588671590546,20.083435782380484
Chongqing Municipality,409,genextreme,0.17969695335007516,127.0106818870558,32.14507384591328,0.11984877033035324,65.03785814145402,19.712104682422677
Chongqing Municipality,410,genextreme,0.13464721553773457,127.4894454849265,33.958807719202866,0.13673250040985335,66.60511593640095,19.92923677546765
Chongqing Municipality,411,genextreme,-3.1357291375493634,54.78622891831375,2.876222150458304,0.11778204496137706,66.21926865826309,21.11131278532193
Chongqing Municipality,412,genextreme,0.1590418087735892,124.49679262266699,32.82231879986321,0.06846885378783456,64.98708946076204,19.943713300914247
Chongqing Municipality,413,genextreme,0.12616128812257316,127.01595194653021,33.16341937536332,0.05918503015176861,65.93751305285286,19.288750523330172
Chongqing Municipality,414,genextreme,0.1476081853451691,125.8972255367691,33.61473870045384,0.07150521699918808,65.3916864363799,20.719284456665
Chongqing Municipality,415,genextreme,0.1630387414793282,128.250039761305,33.698889194531745,0.0873822693373866,64.72769766164501,18.437216884576337
Chongqing Municipality,416,genextreme,0.16384520436274794,126.3000266516523,31.583040033394298,0.06376449692064579,62.6320044720712,20.505492855351186
Chongqing Municipality,417,genextreme,0.1164175027472534,128.4187054127193,32.078096217416274,0.08184968007057915,64.34196569666997,19.50141582668324
Chongqing Municipality,418,genextreme,0.14402182247114725,126.41459286736773,33.400992684411,0.07817643012286674,62.89284513503034,19.659472145148012
Chongqing Municipality,419,genextreme,0.10398539560749064,126.80819257109337,32.60548807846418,0.08917517728794036,65.54936350091944,19.975149720275112
Chongqing Municipality,420,genextreme,0.1548990552940061,126.48256864606716,33.576969646421006,0.08512649877866947,65.60906740382379,19.980568584223864
Chongqing Municipality,421,genextreme,0.18298115865842657,128.37382950245149,33.93770297294361,0.099470553457909,64.91490645103161,20.188836855038176
Chongqing Municipality,422,genextreme,0.13354301449614958,126.60206513092822,33.521346791451705,0.06580558290049993,64.02107377674983,19.855707835191517
Chongqing Municipality,423,genextreme,0.16809563899514174,125.9367141979419,33.765150416468515,0.09122280730371488,64.91255887920806,19.744381236889684
Chongqing Municipality,424,genextreme,0.10618201716653514,126.49112646696145,31.796682169149598,0.09904678234195918,66.39116682014816,20.76838092843657
Chongqing Municipality,425,genextreme,0.1327010867397578,125.87350706157503,33.04338177912768,0.12636363204465254,64.86709591085157,20.359792891826512
Chongqing Municipality,426,genextreme,0.15662059320201094,122.818421590472,32.08218459499344,0.11566731746856687,65.57565315872532,19.79634132654259
Chongqing Municipality,427,genextreme,0.14186722744784142,126.94736295896146,33.53159592417552,0.08119753487858959,64.39837340139019,18.606045135997604
Chongqing Municipality,428,genextreme,0.17110263388970826,127.94033797078063,33.86494091412844,0.06755695482845564,63.57320880952582,18.511216952185123
Chongqing Municipality,429,genextreme,0.10336256851236836,125.20382453018499,33.58438506572701,0.11261294826722984,65.00914699693925,18.82563872987411
Chongqing Municipality,430,genextreme,0.1593646844001207,124.77569287896729,32.26838967298025,0.08148415685590238,63.327155869915366,19.229839376043877
Chongqing Municipality,431,genextreme,0.15981610263770096,126.97875408727377,32.5875965779622,0.10983311612806596,64.56822116641862,19.030105932676754
Chongqing Municipality,432,genextreme,0.06294612547554962,123.69143073311062,30.030960573360737,0.09838978485078151,63.27467907283791,20.056248412279064
Chongqing Municipality,433,genextreme,0.18133517364198926,128.90868310163032,32.189862326549644,0.013908326694496837,63.95214634924325,19.287594626220603
Chongqing Municipality,434,genextreme,0.18758331883630663,129.47037262024045,33.97624012196037,0.0880172601674662,63.933941081924715,17.882444532812038
Chongqing Municipality,435,genextreme,0.12252280019873252,125.31655632510768,33.24338082508558,0.08561039126822062,64.91903348232982,19.723895859711394
Chongqing Municipality,436,genextreme,0.18044894563823713,125.01384614242596,34.4641271588345,0.06558746398710914,64.11413964565114,18.535001256329714
Chongqing Municipality,437,genextreme,0.1622458578649433,130.1680389429054,33.080269506359805,0.1297975009763166,64.49415341461575,20.61001202149943
Chongqing Municipality,438,genextreme,0.13130667792282044,125.77720931749911,34.994154212333356,0.11029171753891101,65.33712211274789,20.18391319809314
Chongqing Municipality,439,genextreme,0.12490132562071166,124.56996625785213,32.39460211576564,0.09917769665681012,64.22243859117157,18.666306707596895
Chongqing Municipality,440,genextreme,0.12362406987733524,124.78370284349094,32.86996468694727,0.10034972684955284,64.03165577420562,19.587490858491986
Chongqing Municipality,441,genextreme,0.1255875763313783,128.89710643490793,31.500128196389113,0.13140479043560757,64.724692466949,20.464827436850612
Chongqing Municipality,442,genextreme,0.11490734804570785,125.61055509406665,32.22366067129641,0.08897740455334748,63.57114413931602,20.433496091282628
Chongqing Municipality,443,genextreme,0.1555900043756907,126.43917711093405,31.672070401744627,0.10619852755902742,64.14971754918659,20.315141216563404
Chongqing Municipality,444,genextreme,0.1377757950778723,127.49175310536488,32.04377807283828,0.10106037199574795,64.84218487349692,19.592085108816953
Chongqing Municipality,445,genextreme,-2.6256290390879378,59.4596968808785,3.521527509383536,0.09684674186504105,65.17386205870125,20.446831057068636
Chongqing Municipality,446,genextreme,0.12401945187416513,127.48519957632345,30.781738757308467,0.09101626206305088,64.28966848608317,19.17562107860405
Chongqing Municipality,447,genextreme,0.16733163113823252,128.50405090409078,33.46843034621725,0.07466295855523908,65.19032718631098,19.51794260256308
Chongqing Municipality,448,genextreme,0.11787521317334607,126.00990777608773,32.640194449767726,0.10190315108541517,65.17900031466894,19.523838848951108
Chongqing Municipality,449,genextreme,0.11515568983846478,124.82292685869481,30.037986762896978,0.12480661880185441,64.29903196700494,20.294373120772903
Chongqing Municipality,450,genextreme,0.11291567302118057,126.0471957922182,31.23640641453704,0.10562330118646741,63.194177112830346,20.086688966577263
Chongqing Municipality,451,genextreme,0.1195731841740901,124.53647692457425,33.397487913833956,0.07261444136450003,64.18002548338325,19.689257789445435
Chongqing Municipality,452,genextreme,0.16799137900496391,128.62388112671218,33.66678686406392,0.1159047261337128,67.80149894941817,20.41370017114145
Chongqing Municipality,453,genextreme,0.16609508951069257,126.44648314090458,34.494377992337775,0.0805247046079528,65.68472255472997,19.869077593356984
Chongqing Municipality,454,genextreme,0.15365888136787703,123.90341134066705,30.919420931507197,0.11450962167899431,64.86983009842572,19.23792336253389
Chongqing Municipality,455,genextreme,0.12783657443415183,125.73952135842002,33.66780889529972,0.14890486928492738,64.55571362109018,19.05853521130779
Chongqing Municipality,456,genextreme,-3.320345579568021,55.00208905753479,4.698399397635235,0.09326486142564966,64.2798013928217,19.759274512572098
Chongqing Municipality,457,genextreme,0.13489725357655286,125.44172908951464,34.17900847162478,0.0752727963599838,64.58665068217013,19.722220599376165
Chongqing Municipality,458,genextreme,0.16020061659405616,128.1571093406029,34.50626588323496,0.04651467799596287,64.41249393788416,18.734376769170858
Chongqing Municipality,459,genextreme,0.1728815769700623,129.28894793442979,32.70610990645942,0.10546757809678384,64.35603908386258,19.720109749066893
Chongqing Municipality,460,genextreme,0.12383296265609084,128.01851375133236,31.637565865725474,0.12164825571461974,64.49920660348548,19.515558082273273
Chongqing Municipality,461,genextreme,0.1660493592139886,127.85919945872013,33.79966774344299,0.1136475011537217,65.29532164757757,20.381106339852593
Chongqing Municipality,462,genextreme,0.12016929068748064,126.79137047005224,32.459330542007336,0.04553715804835823,63.81049754396612,18.990153655231968
Chongqing Municipality,463,genextreme,0.10551424325953054,128.38076813298528,31.84702156999228,0.022047125386110783,63.72630198085949,18.382457395213216
Chongqing Municipality,464,genextreme,0.11444168634739679,126.54968904155953,33.660326519281725,0.08416763366123732,64.07560058707031,19.759491330680426
Chongqing Municipality,465,genextreme,0.15586818480068532,127.50378713141652,33.84115185307721,0.08986393132135959,66.00416087575448,20.15999410382907
Chongqing Municipality,466,genextreme,0.1875875842881941,126.43860833854184,34.569004760424264,0.1342050816066478,66.00844637891674,19.997733763924423
Chongqing Municipality,467,genextreme,0.171347013677616,127.19077110829883,34.500533794181976,0.12683208047481667,66.85360306398465,20.090577522474746
Chongqing Municipality,468,genextreme,0.13017126696173087,127.62425639857628,33.5651395273286,0.0769169017086215,63.57736368501453,19.585369828824557
Chongqing Municipality,469,genextreme,0.11896349474616455,125.218925290134,32.06600887421146,0.12676013475639963,64.55849778228409,18.692688521770663
Chongqing Municipality,470,genextreme,0.19783274644010945,128.3861907388728,32.785543039122935,0.11170885988299828,64.85181934441218,19.33771051742876
Chongqing Municipality,471,genextreme,0.1536823982783817,129.74123700576,33.17467034871922,0.06331618537402012,65.84565400736776,19.54558729602718
Chongqing Municipality,472,genextreme,0.11044376882710549,123.67082096075775,32.14569174555937,0.1055047483785268,66.03083763202557,20.45020405730788
Chongqing Municipality,473,genextreme,0.19682291012737063,129.57050971465057,34.19697265740565,0.09670756828774266,65.02485839788125,19.548622036404254
Chongqing Municipality,474,genextreme,0.15700964288468186,122.09913208430501,32.90498822385943,0.10319654940280323,64.34595320540625,19.53352382959141
Chongqing Municipality,475,genextreme,0.15016205726434206,127.29334149370689,34.42194627325431,0.03791039056093492,63.33529616973178,19.705209491810106
Chongqing Municipality,476,genextreme,0.17217785372062652,125.68467890384245,33.36820485533124,0.1103558658325866,65.25145389778021,19.17800231237718
Chongqing Municipality,477,genextreme,0.13056583328388954,126.24156987321598,33.32874767253736,0.10507150026091604,65.56483100738328,19.3427408715371
Chongqing Municipality,478,genextreme,0.14054567321231026,126.55348566884129,34.17582535016261,0.08600433798651748,64.9197627141501,20.039903838967405
Chongqing Municipality,479,genextreme,0.16157433954196493,130.7275428664491,32.612380017634905,0.017240373236719432,63.238019770913695,19.067575535889425
Chongqing Municipality,480,genextreme,0.15997928658284605,128.22946204894006,34.604472494134434,0.07029084992376604,64.53357015739851,19.502457383789228
Chongqing Municipality,481,genextreme,0.13012381672800488,126.12962325411621,33.62268219604099,0.12208517684339779,65.88494567398553,19.908975385949127
Chongqing Municipality,482,genextreme,0.22490993187252462,128.17189470576542,34.1182443478873,0.0791313480233584,65.87679856482143,20.442804757889633
Chongqing Municipality,483,genextreme,0.24560041090646434,124.5994849510484,33.757387828708346,0.10606595989013115,63.10615955171343,19.638242095636443
Chongqing Municipality,484,genextreme,0.14519880535657087,125.60065796060276,33.19035650218518,0.08928533514612419,64.18618012500691,18.919409155062347
Chongqing Municipality,485,genextreme,0.1123334021507386,126.31907944508205,32.8467322729806,0.10810578598696197,65.0401266713884,19.81675085808672
Chongqing Municipality,486,genextreme,0.1436228471564307,125.96560717550679,33.837281452383074,0.07422545431571471,63.67653442808653,18.77563400340266
Chongqing Municipality,487,genextreme,-4.156106258224446,37.18270661420502,1.0572328678580734,0.09789864728653627,66.25380355868498,19.283148968616437
Chongqing Municipality,488,genextreme,0.1587992087254933,127.23238691873053,33.35161731700953,0.07399632297128225,66.78289886803593,19.31624033124893
Chongqing Municipality,489,genextreme,0.17587198484080402,127.92196484094492,32.32145563819941,0.05664623450556504,63.261573188181174,18.811635184013916
Chongqing Municipality,490,genextreme,0.11467292159674683,124.5746306560846,32.71631788318757,0.06428266919274128,64.47401351929733,20.183163828678822
Chongqing Municipality,491,genextreme,0.12391800688293635,127.9920379031796,32.024188056120984,0.06550118396668105,63.3707192876729,19.342040715293866
Chongqing Municipality,492,genextreme,0.09844756535299123,125.31479267888685,31.670247129570882,0.06695011808640294,62.41588313937398,20.05523452616573
Chongqing Municipality,493,genextreme,0.18139506206461076,125.94222442893025,33.15285455700722,0.13564589336174038,64.0872243310134,19.368216375966597
Chongqing Municipality,494,genextreme,0.1750513076575433,129.72479454484218,33.023618932954875,0.1270202077427789,64.95682740745053,19.36851816918425
Chongqing Municipality,495,genextreme,0.107887912377165,121.63126617923446,30.7565275473141,0.1102785844938528,63.6274386503636,19.055488297154398
Chongqing Municipality,496,genextreme,0.11673696192174304,127.8805988650611,31.76997672012233,0.11783067098951325,66.7813575437402,20.84729281631097
Chongqing Municipality,497,genextreme,0.127517776228953,125.87351014514641,32.70347048769294,0.07377823986542396,64.586217981272,19.03231014321588
Chongqing Municipality,498,genextreme,0.18383947965101322,126.80247199996859,34.70196673263433,0.036784501058678754,63.86057656691341,18.55097767525165
Chongqing Municipality,499,genextreme,0.1493492778589613,126.99258145634468,32.93631880904843,0.08397959223464534,64.24143941085231,19.8176818272006
Chongqing Municipality,500,genextreme,0.1791653074518094,129.8218842021725,33.894498722273795,0.11953905501611006,64.55848049059509,20.82225042659029
Chongqing Municipality,501,genextreme,0.18398068464053124,128.0470911854922,31.661195942370576,0.0898143586257614,65.19923649341827,20.227603163755294
Chongqing Municipality,502,genextreme,0.1467740811345573,127.2814411563777,32.53391424410955,0.059871339345738926,64.3919089463023,19.048787979673968
Chongqing Municipality,503,genextreme,0.13589263857568934,125.2074121669522,34.005348950847825,0.02585823783734456,64.07903364754114,18.92539959397606
Chongqing Municipality,504,genextreme,0.11499560122753476,126.80717656229386,32.384996053061144,0.11729800155572452,66.6474910528159,19.80618542926518
Chongqing Municipality,505,genextreme,0.13306167311486958,129.50029095083897,33.13180426545472,0.05733646151424286,63.753322200595534,19.132620100740866
Chongqing Municipality,506,genextreme,0.1431318605198016,126.72016033165539,33.509451811912086,0.07337939470745877,64.38700485205007,20.465918784735443
Chongqing Municipality,507,genextreme,0.16349224770403226,125.22944335993068,33.213235639815935,0.10056228448487167,64.49872536467541,18.758484721273724
Chongqing Municipality,508,genextreme,0.14209132010390574,126.62361109360978,33.15161832476831,0.09730329605549784,63.97551961304062,19.88009499610598
Chongqing Municipality,509,genextreme,0.14082041986318206,126.68352224120326,33.82208728057286,0.06655302496822621,63.97656483042079,19.588554927122168
Chongqing Municipality,510,genextreme,0.15945469255456235,127.6819517666856,30.721976389072122,0.09819068093295888,66.08065920719051,20.50536157912901
Chongqing Municipality,511,genextreme,0.11417083828662403,126.69054649332487,33.61837848495341,0.055543295056285705,62.58474393389279,18.2803350491289
Chongqing Municipality,512,genextreme,0.5882990534728463,136.19875957092825,72.0012096399104,0.1295236901530169,65.84861092332198,19.005013564086163
Chongqing Municipality,513,genextreme,0.2188787264377478,128.2935552804094,34.22080877574557,0.10284960229828542,64.70814049172478,18.691165532527847
Chongqing Municipality,514,genextreme,0.12393922733456927,126.22990128724507,34.356939338044185,0.08418795918793369,64.50779004607853,19.24689565492715
Chongqing Municipality,515,genextreme,0.12994330380591557,122.99118874162693,32.271557617977095,0.16655702498131036,66.3055389724038,20.3040140524324
Chongqing Municipality,516,genextreme,0.16965433138556113,131.0009618804147,32.753695489380945,0.10459990638532743,65.15805737634545,19.39995169117264
Chongqing Municipality,517,genextreme,0.22859100744041144,122.357062488199,39.666777772133344,0.08745013000704317,64.92428326381432,19.40890949942139
Chongqing Municipality,518,genextreme,0.1770814263103952,126.38421460314359,33.033956411744064,0.1220009168990952,69.1605987061422,20.693223345776318
Chongqing Municipality,519,genextreme,0.1467119667730125,126.2289006077697,31.45447956384487,0.08866128377976892,64.4074978065079,18.874431719320043
Chongqing Municipality,520,genextreme,0.14000362922651774,126.8747663096884,32.55753585223705,0.09593676829873943,63.15887768689943,19.351736747778578
Chongqing Municipality,521,genextreme,0.1472826651516811,127.01330812086653,33.866386399482764,0.12422367490980513,64.87475810490014,19.571044485971598
Chongqing Municipality,522,genextreme,0.18254337959598987,128.86603025921204,34.21421084251931,0.07747349320733368,63.54212003034155,20.43533087097947
Chongqing Municipality,523,genextreme,0.12970252699183896,123.46671095673183,32.13127966421388,0.0967315998352481,66.11274653528291,19.334811619311125
Chongqing Municipality,524,genextreme,-3.995379450645909,37.94613372949836,1.0334877122583572,0.10847782257533736,63.50195014061188,19.545060328079032
Chongqing Municipality,525,genextreme,0.12699452010734769,126.03619292436414,31.049486965233363,0.06441652329613043,65.16292275619882,19.82072157474721
Chongqing Municipality,526,genextreme,0.09928778958803619,124.06422091202684,32.67010739640513,0.09171807717806368,64.42534746479521,19.745812161342165
Chongqing Municipality,527,genextreme,0.1312539072787694,124.40256276851417,34.40407007698927,0.11975635197419801,66.73546179639337,19.477291475952576
Chongqing Municipality,528,genextreme,0.10344903179592366,123.14355738379899,31.982577462891463,0.05043422699552222,63.63073133440467,19.533154126056516
Chongqing Municipality,529,genextreme,0.1286288147938942,125.06568939795855,32.99387643674916,0.1431045860940598,66.7740800959475,19.71710627270354
Chongqing Municipality,530,genextreme,0.1626777130640889,127.31755095071048,34.62797358001636,0.059342022354000545,64.74453264501949,19.21179024905259
Chongqing Municipality,531,genextreme,0.17305876893778366,127.52546170068038,32.811580091102975,0.0882261861212355,63.53088500211568,19.879050337821383
Chongqing Municipality,532,genextreme,0.14912433968097,127.56034581067638,34.38225015755195,0.11013065387310986,66.7129432470719,19.891525273009968
Chongqing Municipality,533,genextreme,0.13203570744832638,125.49213345429217,32.38329445603611,0.1352871227315845,64.49112272383266,19.689563590379457
Chongqing Municipality,534,genextreme,0.13444800256638836,125.51484734141627,32.99544525738148,0.06524064059842302,65.49370199791352,19.26776148243961
Chongqing Municipality,535,genextreme,0.1903409262232869,128.58362270167527,33.88293428889246,0.07954591146326243,63.455796932041046,21.088359925702775
Chongqing Municipality,536,genextreme,0.13499162292704417,127.2648806315996,30.07052952258116,0.10399085744252529,64.50635499827204,19.194541532840677
Chongqing Municipality,537,genextreme,0.18905128606845734,126.68073498103251,33.185454151356595,0.04847125636960478,63.01367940425956,19.55519683774201
Chongqing Municipality,538,genextreme,0.1600365967961528,128.622757534786,33.98912225874702,0.11876816663907591,64.67014946758269,19.48811623260524
Chongqing Municipality,539,genextreme,0.1570413925641253,128.14262215752967,33.65029659101842,0.10284309913853798,65.2569149583212,19.254167133224602
Chongqing Municipality,540,genextreme,0.1300504139541358,128.10210783724028,33.559487079736755,0.07045558552054451,65.44388790846068,20.13488428890068
Chongqing Municipality,541,genextreme,0.05099926717964388,125.4447835712727,32.156658106705805,0.06233124384900575,64.18674543686541,18.98368476737561
Chongqing Municipality,542,genextreme,0.14314546252043228,127.125115466403,31.82733665928987,0.09444370156634677,62.18463137157092,19.29307340111967
Chongqing Municipality,543,genextreme,0.10964611037472105,125.5916428705728,34.545063974901836,0.112834253832742,65.13701784742892,18.681618126323094
Chongqing Municipality,544,genextreme,0.15123515400122295,126.72618284554231,31.85341778519585,0.0972625378148452,64.40385252334822,19.011157864100937
Chongqing Municipality,545,genextreme,0.15097991384508694,126.67493340954945,31.551617106801693,0.06918914569405296,64.196332763843,19.285007127186937
Chongqing Municipality,546,genextreme,0.36724829472723797,129.2980159526275,39.38770454876362,0.08641832868749433,65.03358158769859,20.06643090856119
Chongqing Municipality,547,genextreme,0.1641005483940094,128.3321660170284,33.43243739175013,0.09855131634312932,63.86839338863325,19.60100138957201
Chongqing Municipality,548,genextreme,0.17697462952057036,127.19204067715643,35.33846817094273,0.11555317891236755,65.20266091471056,20.655548301978037
Chongqing Municipality,549,genextreme,0.13368367606005677,128.88238617579952,33.42803939451657,0.12267394028309858,65.00110718707913,20.725782025588963
Chongqing Municipality,550,genextreme,0.14246514294788137,124.61009071389331,32.63648385777155,0.06009944837950707,65.04231255547742,19.90543129477591
Chongqing Municipality,551,genextreme,0.15858583370973495,126.89398738373644,34.59462086898756,0.10342704127968365,65.76801946893805,21.05159375532277
Chongqing Municipality,552,genextreme,0.12115408606296471,127.62724204306255,30.883164898421633,0.11731157704860991,66.62883896457444,19.40879053200211
Chongqing Municipality,553,genextreme,0.1607697404459124,125.61781525122902,32.94188007251458,0.14943291864735286,64.38296330733533,19.90215595882382
Chongqing Municipality,554,genextreme,0.15231370346511203,126.79924622222006,33.08082467124137,0.1003211719568417,65.43221593937923,20.006956059446097
Chongqing Municipality,555,genextreme,0.1309064797122444,125.35610224969102,31.78079134338793,0.09003633963249538,63.77511165515911,19.25137988683781
Chongqing Municipality,556,genextreme,0.21725332470651776,126.2482312522239,34.45370905746678,0.09884813793334779,64.90384028313008,20.300992051064974
Chongqing Municipality,557,genextreme,0.13804369644999193,125.63216975000859,32.706653474316184,0.07944451431866711,65.7442996957223,19.398723173912764
Chongqing Municipality,558,genextreme,0.11848510757435,126.06661560411055,32.93651005511326,0.09857913297697166,65.02550944166016,19.73863984536988
Chongqing Municipality,559,genextreme,0.1587716061002377,125.84740906781963,32.676491422034815,0.06332953473345662,66.37280198053213,20.132652532716566
Chongqing Municipality,560,genextreme,0.12987201736097415,126.99181800065062,32.14129949045349,0.04934995302995236,66.59059858532103,19.52970283701904
Chongqing Municipality,561,genextreme,0.13462466144547372,124.40582191657859,31.67380255426562,0.048404425440315674,64.32790488278917,19.5654738163339
Chongqing Municipality,562,genextreme,0.10803690622306587,127.69277127248901,32.04254832214477,0.08528420085489544,65.46521962975211,19.710804990477442
Chongqing Municipality,563,genextreme,0.15548595694855838,125.82927386770362,31.66381051376714,0.11312518493477355,63.61158796521214,19.02128375382847
Chongqing Municipality,564,genextreme,0.12971528428580714,126.1403078103749,33.31362572375538,0.13532295349310783,65.4253860048137,18.814684278285412
Chongqing Municipality,565,genextreme,0.16627656512280337,125.56839468444875,33.58638849557944,0.05127641610710435,65.45027198429324,18.9957315261177
Chongqing Municipality,566,genextreme,0.16561337489368247,124.41809148170823,33.86542914199939,0.10537888491041192,64.37790127598225,19.597541941775937
Chongqing Municipality,567,genextreme,0.13106074772069973,129.93644593302267,30.136713718486845,0.07455423723536658,64.51997385357569,19.2648819789489
Chongqing Municipality,568,genextreme,0.10656017538791408,125.7544444926485,31.59981050980948,0.07840878144125568,63.58134533951416,19.163184016952194
Chongqing Municipality,569,genextreme,0.18024992614136415,126.78016461908751,34.29239159623701,0.08851720829647121,63.918688741819366,19.291503684445537
Chongqing Municipality,570,genextreme,0.16589429030608444,130.05417850104985,33.81077113287768,0.12984389672346833,66.97219246689545,20.744627287779046
Chongqing Municipality,571,genextreme,0.14848703839119948,126.49688284159694,33.53129069373458,0.05985861653475848,65.91735183512914,19.90479863799181
Chongqing Municipality,572,genextreme,0.12342224779684563,123.87414546065718,30.692423724427435,0.09172810772685339,64.39689039141321,20.578643034291595
Chongqing Municipality,573,genextreme,0.13901435192418046,125.67726543935945,33.537670251951084,0.0704783836912277,64.492215028419,18.965725394825554
Chongqing Municipality,574,genextreme,0.11272460776841511,124.12476348629514,31.484242571027025,0.09117707512716283,63.9509799819656,19.664060103633574
Chongqing Municipality,575,genextreme,0.16845576032224646,127.64712047573227,32.625336759884064,0.11947172344568509,64.96035541479577,20.931894365005036
Chongqing Municipality,576,genextreme,0.16935563944820753,125.99972044276058,31.291394663227656,0.056233811205222944,64.04286265129065,20.06581509569714
Chongqing Municipality,577,genextreme,0.1400120264321359,126.57685400155754,32.45757773901299,0.09696566533888462,64.96506035614141,20.617825130447805
Chongqing Municipality,578,genextreme,0.10399243553123334,126.32308621366002,33.82778578817123,0.10060464130479033,65.51059907041835,18.504602087500807
Chongqing Municipality,579,genextreme,0.15180961313241445,128.6773958505965,33.21918518099683,0.017329514799430366,63.68870990320562,19.16874277817719
Chongqing Municipality,580,genextreme,0.15984375838565573,124.59568736270315,32.59673432077772,0.07493490954036527,64.74675809453191,19.463831297461844
Chongqing Municipality,581,genextreme,-0.14658985422954202,114.75164869988367,32.39887551834644,0.13934668800757655,65.76229493774548,20.118853360458786
Chongqing Municipality,582,genextreme,0.13945269981948732,128.83669912212792,33.85982443127915,0.07317247905012711,64.22905493621757,18.661553202073353
Chongqing Municipality,583,genextreme,0.1470078762502709,124.380237073084,33.28723822230758,0.13316953110396482,65.67582224530133,19.73602369928612
Chongqing Municipality,584,genextreme,0.13105443850049953,128.1190780954115,33.8053176904896,0.10304030177853318,64.44974937028486,20.733952597735815
Chongqing Municipality,585,genextreme,0.15463395900929738,125.76631096166687,32.41034256506718,0.12545492950607667,63.96330807320595,20.817494309495604
Chongqing Municipality,586,genextreme,0.11181343524839618,125.50457659438666,32.08688798597683,0.11810407922845922,66.05315510148178,19.590756814258995
Chongqing Municipality,587,genextreme,0.11581000011356463,126.51705440874592,34.14023037622143,0.07259024733812919,66.34260040826094,18.488153145746104
Chongqing Municipality,588,genextreme,0.1530666630634084,127.74775878893895,32.25728129421591,0.07256102343467072,64.1800642167519,19.42396317580522
Chongqing Municipality,589,genextreme,0.12083229965833155,128.37104804376554,32.00537702951533,0.04658472435726258,64.18086460546317,18.98801646380005
Chongqing Municipality,590,genextreme,0.17726052469158848,123.87779357710397,32.65383566737267,0.13304283643967235,66.65413665170504,20.72134960824465
Chongqing Municipality,591,genextreme,0.13042047028553133,128.4117417164863,31.86862640720161,0.07597622365441084,64.78592843702504,18.72539906243745
Chongqing Municipality,592,genextreme,-3.1909249175938474,53.38441190537309,3.207173009898022,0.06382940426429429,65.55748311393984,19.927338904519953
Chongqing Municipality,593,genextreme,0.17170810019301186,125.21201330886447,32.89673399047239,0.054238168208302545,62.96891716016071,20.383609314798193
Chongqing Municipality,594,genextreme,0.17236442351352083,126.58078267203112,32.21537305958374,0.04487258078777469,63.868195445863755,18.709392925750933
Chongqing Municipality,595,genextreme,-0.042423755475810676,126.7810012574327,38.07603509583578,0.11807424753336379,63.590586674452,18.989457003654003
Chongqing Municipality,596,genextreme,0.1403567545765521,124.0831656194236,31.976802841429542,0.10278925323560682,64.00688132188208,19.397777477387955
Chongqing Municipality,597,genextreme,0.18407127337490453,127.13036249149283,33.88292834752727,0.06533357036458098,64.6036361167422,19.895249134318007
Chongqing Municipality,598,genextreme,0.18542784401788986,128.26474802495684,32.734882079623944,0.06907514882826692,66.39476222632578,19.19517242885933
Chongqing Municipality,599,genextreme,0.11121414090365755,125.3080867270664,31.98443250678349,0.10797941871783973,66.35091654542786,21.058720463417146
Chongqing Municipality,600,genextreme,0.15677843462427193,125.33122780753826,32.032102741446536,0.0951240201868511,63.055297801133925,18.738963235888143
Chongqing Municipality,601,genextreme,0.13035558102196915,125.04027114616032,33.3707531696201,0.04790654553863427,64.58291852581078,19.467087730987394
Chongqing Municipality,602,genextreme,0.1152469229720958,126.4409558124704,32.79442349676174,0.07737190565398756,65.86206562918078,20.133017447886857
Chongqing Municipality,603,genextreme,0.05396740765812412,125.72225463179913,30.809250897732824,0.09553594107652566,64.76377522657219,19.9298661472315
Chongqing Municipality,604,genextreme,0.1632986133480674,128.06571625932145,33.192443981633886,0.055591237060344995,64.47935564872546,19.472901648067577
Chongqing Municipality,605,genextreme,0.15078474212545917,129.70910017321998,34.49033604089882,0.1291229048014024,65.93651829597496,20.27222937969828
Chongqing Municipality,606,genextreme,0.1641016632715963,126.12661300157494,33.95371589034481,0.08342657642671344,65.36485691380587,20.22505555907899
Chongqing Municipality,607,genextreme,0.13801274377406722,128.3338123983254,34.033872099972214,0.07120457205190553,63.98572651011303,19.461180132539475
Chongqing Municipality,608,genextreme,0.110300274594578,127.53979422469416,33.15279181447785,0.11252121171762747,65.02984918169395,20.730029540496083
Chongqing Municipality,609,genextreme,-3.2399198728568153,61.00987953206734,2.4285759966656153,0.08725229810517772,64.65570690824268,20.547599395118496
Chongqing Municipality,610,genextreme,0.13617842904391264,126.09264253785696,35.465901740113466,0.08144539905892323,65.79049764177427,19.465723303768414
Chongqing Municipality,611,genextreme,0.14326755776788458,126.11597791890678,31.789569559358736,0.09046782904216719,67.08043713989892,19.793976720487123
Chongqing Municipality,612,genextreme,0.14111141741413163,125.2426844656676,32.393669269209454,0.06693354924678274,63.66346030817627,19.36507884980108
Chongqing Municipality,613,genextreme,0.18407643018416975,128.89164179595647,33.387031142635564,0.10563322792487279,65.49932489572959,19.199939850159755
Chongqing Municipality,614,genextreme,-0.11822235658439673,131.61451934805734,36.22024409384542,0.09989280888886343,64.07755704171689,19.450411571895692
Chongqing Municipality,615,genextreme,0.1320622274529179,125.42312078068134,33.680521719719735,0.0004287069820257715,63.826328567220166,19.014342340069803
Chongqing Municipality,616,genextreme,0.18260754343109997,127.62684713430554,33.40030164283988,0.0737090431967122,65.02258993150801,18.430975850436376
Chongqing Municipality,617,genextreme,0.17489140692860772,125.30853910859634,34.58628811514123,0.05470495434874206,63.091102823138286,19.110255513686248
Chongqing Municipality,618,genextreme,0.12608754159708913,125.83496986378096,31.068046325181577,0.07368572214430202,64.26596692955351,19.519629361468823
Chongqing Municipality,619,genextreme,0.12430278713078988,126.26438811039552,33.87126935612028,0.09944806654249497,64.19489566877812,19.88103362179426
Chongqing Municipality,620,genextreme,-4.0378223529179404,41.839327173890595,0.9923514348356698,0.09365515579889097,64.49217702983233,20.140779751737366
Chongqing Municipality,621,genextreme,0.17235945402822722,127.4137364147615,32.911316123149085,0.06485100768618951,63.69153406684781,19.308097700394605
Chongqing Municipality,622,genextreme,0.11449094460214462,125.90826310674758,32.517621904679714,0.09141772352788906,63.56425334668536,19.410728358625683
Chongqing Municipality,623,genextreme,-0.2728776366154503,117.67433987597585,40.25760844686728,0.12102454424100073,63.0938838411445,20.13805649391059
Chongqing Municipality,624,genextreme,0.1351884686125273,130.17948735166792,33.23469450905233,0.09644972929888805,64.86951478205046,19.634176029244728
Chongqing Municipality,625,genextreme,0.1821682767283671,128.61525356937142,34.63175483151751,0.08758621609672515,64.32713243397353,18.977731833162423
Chongqing Municipality,626,genextreme,0.17294511825050302,128.91205806785666,32.778914137475695,0.06126983953077428,63.6673795190942,19.574053507803683
Chongqing Municipality,627,genextreme,0.20521633774292353,129.00553049109106,33.73166214098882,0.0832224998666995,63.70830485474943,19.382301265732472
Chongqing Municipality,628,genextreme,0.14668760499157696,127.0732312947948,34.292564432636645,0.11611611114767273,64.79310070965178,19.49288942527812
Chongqing Municipality,629,genextreme,0.16577306255145002,126.70393409279644,34.81281493761319,0.07598847108397558,63.69358762664845,19.470081752775123
Chongqing Municipality,630,genextreme,0.17359433187276557,124.41278523856917,33.58616429362361,0.14333593673580403,64.11969360336352,20.228744354155793
Chongqing Municipality,631,genextreme,0.1598424656686226,125.37083435657507,32.56662180124293,0.09453882980036857,64.58538201699227,19.638739154102105
Chongqing Municipality,632,genextreme,0.15448915169983013,124.38819466681042,32.546670591071575,0.09953721303321407,65.29964358738717,20.136787337842158
Chongqing Municipality,633,genextreme,-4.029040834837213,42.67396538920687,0.9909656560267603,0.07773848697918026,65.18440027255966,19.906177939719505
Chongqing Municipality,634,genextreme,0.14442474767044328,127.94262165884993,32.02402676551412,0.06170096350253769,65.41901134706055,18.60596487704361
Chongqing Municipality,635,genextreme,0.18706202031065927,129.42470791032935,30.321796347172288,0.09145672434436747,64.98519581985778,18.03724530554016
Chongqing Municipality,636,genextreme,0.10482504408428198,123.23825531341825,32.84777380657604,0.08378754612305249,64.28981038075271,19.960335540277338
Chongqing Municipality,637,genextreme,0.12805641637132698,123.90430826807965,34.236329347964855,0.09338337086944348,66.09507711648266,20.074167806566514
Chongqing Municipality,638,genextreme,0.1962415817755364,125.84639816909684,34.680264680168534,0.055649776419218644,64.04363506654084,18.366659120155084
Chongqing Municipality,639,genextreme,0.14952040029903024,126.65425398653144,33.63051604289224,0.12195280878849771,65.64386684096712,20.813215334801004
Chongqing Municipality,640,genextreme,0.055416538488055014,125.15038654279587,30.490414412957932,0.11425023083334149,65.93435539177281,18.714008472951733
Chongqing Municipality,641,genextreme,0.18272040385209756,128.4582498389939,34.18248350110699,0.08367187494446507,65.18257480084358,18.703771691457376
Chongqing Municipality,642,genextreme,0.18000396624398457,129.2804958660015,33.35495702926395,0.09076499248254699,62.88534446485153,18.322119650872757
Chongqing Municipality,643,genextreme,0.1338196659694989,126.82625287990672,32.27111381000674,0.07172463389492385,64.01600160753927,18.414905165316988
Chongqing Municipality,644,genextreme,0.15371127959533532,128.053414791941,33.536665019840896,0.09845351756850414,64.54223847804343,19.33865591829268
Chongqing Municipality,645,genextreme,0.15076979062336254,128.74142663568006,33.39073124404389,0.11966136726289343,67.43256747450533,19.133938856752753
Chongqing Municipality,646,genextreme,0.1283535528301465,126.96502939849105,32.56342496753567,0.08308642224864704,63.61461190160382,19.4312915238675
Chongqing Municipality,647,genextreme,0.11859801142996895,126.18707250894118,32.772643674179335,0.11261887450129698,64.615933497177,19.369194862516785
Chongqing Municipality,648,genextreme,0.17966159035367707,124.49641953253376,33.818915534246344,0.12710706855135495,65.20427833617461,20.57431026052444
Chongqing Municipality,649,genextreme,0.19795672712595233,125.31511984598711,32.94651703631568,0.11583518792188754,64.83741730520379,19.60022839320934
Chongqing Municipality,650,genextreme,0.1344141512858287,128.93399408980696,33.47873256485098,0.12059217859397016,65.18082849444353,20.132058660049122
Chongqing Municipality,651,genextreme,0.14449759993609115,125.1890933231401,32.83165546235079,0.10518481328867423,64.98454391888086,19.67399756202861
Chongqing Municipality,652,genextreme,0.3567460713893771,127.77015616338255,44.321740774814415,0.10024925102239582,65.78411544007736,18.81100539654812
Chongqing Municipality,653,genextreme,0.13477767292995124,125.10147552722026,33.57984041207166,0.07769011823439897,65.23295175273066,19.109820895631362
Chongqing Municipality,654,genextreme,0.1909810655670357,129.01699147749576,34.38168789020947,0.1121043653017933,66.09968381834392,20.467005713820676
Chongqing Municipality,655,genextreme,0.15644761855368505,125.4095753508055,30.89511597984702,0.0642655231925623,63.92562173513983,19.312895874849758
Chongqing Municipality,656,genextreme,0.4031093432965348,133.96219615728393,49.033577853096205,0.12085071346473894,66.46077284314623,19.405265696879354
Chongqing Municipality,657,genextreme,0.15032583485221862,127.51161078718499,33.287373617398984,0.06146443287522474,64.33310028225347,18.843765163509836
Chongqing Municipality,658,genextreme,0.6205747017339704,113.89601201541524,93.14487648699117,0.11037983713777741,66.46619752163194,20.40569526414278
Chongqing Municipality,659,genextreme,0.15339782319477904,126.08640229322504,33.2234125394489,0.05604277961618836,63.68348231854695,19.166694010517766
Chongqing Municipality,660,genextreme,0.17428229638985754,124.6161758179428,33.923864283892165,0.09691429186664374,63.94012547187421,19.133935317718688
Chongqing Municipality,661,genextreme,0.128440434734496,124.30031609582815,32.81924710207895,0.0686845937313573,63.43081323099035,19.188684868134644
Chongqing Municipality,662,genextreme,-3.2077334718425714,54.268657264819566,3.2192691346257156,0.07880353247527735,65.29406190360342,20.15732280856855
Chongqing Municipality,663,genextreme,0.17165286369199423,128.8752080886526,32.30804319655503,0.11851049111404235,63.8333400153798,19.63052492396135
Chongqing Municipality,664,genextreme,0.21900486501142957,131.18848077174204,33.96102849831891,0.10544333712252799,65.74386705235247,20.13419490340104
Chongqing Municipality,665,genextreme,0.1889384076019419,128.25718519084717,33.56897312242401,0.02870331084593644,63.20437456045586,19.371347740838033
Chongqing Municipality,666,genextreme,0.1437841406119323,127.34732048104482,32.02525877640022,0.1250597738677726,66.06162712452178,20.98641916000591
Chongqing Municipality,667,genextreme,0.13613507293139893,126.51039624862563,32.94715779605724,0.106548131167866,66.50936179553482,19.547239744750335
Chongqing Municipality,668,genextreme,0.14321364086657506,127.79143567418531,31.982378808977778,0.0727513953766566,63.56758061054901,19.10538623721139
Chongqing Municipality,669,genextreme,0.18593428781369065,128.8984608312961,33.716286782473404,0.06888296093151638,65.4777515625359,17.596452247979453
Chongqing Municipality,670,genextreme,0.19153982618077797,128.43800983046515,32.3257856671112,0.1483709226275147,66.29394357459871,21.24965331724175
Chongqing Municipality,671,genextreme,0.14872108892721903,125.50941853439932,32.16561545536312,0.1235669873388423,66.31857555878734,19.841502338608592
Chongqing Municipality,672,genextreme,0.21330756891429709,129.68468780751908,33.92589957009076,0.06424102831506329,65.06347304184638,19.132501686162676
Chongqing Municipality,673,genextreme,0.1295143450950505,127.67177104562435,30.59767314919091,0.12923463664741514,65.98936191941588,21.29416922344585
Chongqing Municipality,674,genextreme,0.13905793690318458,126.95300658077267,31.1988474364245,0.022680606411304677,63.65023471169374,18.792611306982813
Chongqing Municipality,675,genextreme,0.142147541708871,127.42234746499076,32.09126679223492,0.05294728457921018,63.135518269238744,18.215512592350905
Chongqing Municipality,676,genextreme,0.16037791888976405,125.55448809694025,31.75902446384824,0.07014008385054844,64.47027634808252,19.03963290842661
Chongqing Municipality,677,genextreme,0.1694757239878981,124.11955846296587,33.27452488628617,0.08586937644717685,64.65789318806546,20.003114568279237
Chongqing Municipality,678,genextreme,0.13030297107106031,127.59979086600438,31.064619331384797,0.09935129835482795,63.90241561232875,19.009625117315174
Chongqing Municipality,679,genextreme,0.19464967331904404,129.43200932263971,35.28296228776442,0.315593904069589,65.26544973623686,32.078606661392115
Chongqing Municipality,680,genextreme,0.12807431331848473,125.36196253319369,32.612175902523624,0.0539583405649514,64.04433037183047,19.25694873232992
Chongqing Municipality,681,genextreme,0.05454766286036848,121.7190625271235,29.9982720257411,0.1013764042568707,63.378819857835936,19.94200627976133
Chongqing Municipality,682,genextreme,0.08845571419410256,124.08743854170407,30.986308604902472,0.036170127831981515,62.504347158268274,19.92758083921222
Chongqing Municipality,683,genextreme,0.08923980985199839,124.33156396253173,30.16340465212759,0.13044270903453614,64.08733935260324,18.666765642832146
Chongqing Municipality,684,genextreme,0.17608978551076537,126.85461291821218,35.863010027257644,0.09632566715608866,64.80179716315547,19.315911895187064
Chongqing Municipality,685,genextreme,0.12443654317202538,127.16503583514378,31.886297493568833,0.10522997151730534,64.05059856598908,19.686129276998138
Chongqing Municipality,686,genextreme,0.12863372703457687,127.77914488368401,33.441903305464386,0.10317328788484523,64.80851943488511,19.79081734351417
Chongqing Municipality,687,genextreme,0.13410085940828814,124.06017109334513,32.12021303829442,0.036058255787380936,63.31232542250673,18.552354889072213
Chongqing Municipality,688,genextreme,0.13477055598056387,128.95474460071543,31.077516535089842,0.1415650038491481,65.14595896395184,20.405340882917315
Chongqing Municipality,689,genextreme,-3.2112430726075223,53.50080749193028,2.668239154313607,0.10173238275477386,65.56864713832528,19.89195411254989
Chongqing Municipality,690,genextreme,0.118367297436195,126.31907611920005,32.277737179112734,0.07178572143551984,65.65864732127295,18.911597297373415
Chongqing Municipality,691,genextreme,0.16205870233505892,127.14259173354733,32.3406170259417,0.6630011669961939,95.21669052156528,41.29287886024494
Chongqing Municipality,692,genextreme,0.10684663728878435,121.55759432066486,31.176360647314937,0.08745664386435892,65.1031249257986,19.382886926322687
Chongqing Municipality,693,genextreme,0.16714740310051227,125.98488764046009,32.52805852252083,0.1367897810223212,65.57867258523862,19.31691229132737
Chongqing Municipality,694,genextreme,0.14471134201704708,128.6511066550632,32.814547304233315,0.12024793516149745,66.80852861811475,20.053761506683607
Chongqing Municipality,695,genextreme,0.17109656702110615,125.26137305034248,34.4932842420191,0.11470608445763003,66.50619390511049,18.70577200984981
Chongqing Municipality,696,genextreme,0.12005089533727016,127.53103925887146,32.02679211185414,0.10536904020176675,65.201384000244,19.45220674238169
Chongqing Municipality,697,genextreme,0.23635323479235892,126.7566388041086,32.7698212287969,0.08185560712203266,64.25045638626696,19.91999721208584
Chongqing Municipality,698,genextreme,0.2006912269199114,129.77305163678662,32.059230218675125,0.11656584014839588,64.02847206119866,20.098957082718492
Chongqing Municipality,699,genextreme,0.11422992202669631,125.81480120317491,34.00662667215876,0.043711760855555594,63.188588246182434,19.435605172728415
Chongqing Municipality,700,genextreme,0.3506038617227274,131.33794897271957,43.940831680949316,0.08023600347835225,66.04618212039753,18.46496478249974
Chongqing Municipality,701,genextreme,0.15185149552473987,128.813235365171,33.2636881530041,0.09829170315500252,63.226944023632115,19.593820207703878
Chongqing Municipality,702,genextreme,0.1337270930366844,126.79774408030039,32.89163812735008,0.10782248881362627,64.75225121731248,19.71416457802092
Chongqing Municipality,703,genextreme,0.12142509617598062,127.98239393996556,32.89493199685979,0.043381845332272864,65.2602925096954,19.356393949876797
Chongqing Municipality,704,genextreme,-2.8708331608082087,53.59488894837166,4.1231976392512735,0.1354939882553155,66.44943723776021,19.641055809599777
Chongqing Municipality,705,genextreme,0.08370900275793697,128.4473719860888,38.51774849326543,0.12417691085907764,66.0588062850785,19.10801984640997
Chongqing Municipality,706,genextreme,0.1278213084327981,126.07299528992553,32.20214876528139,0.06792395041924965,64.21163600792335,19.258819324103662
Chongqing Municipality,707,genextreme,0.1837612675318756,128.52333714720814,34.10896626580984,0.08973452355808427,64.74248405457581,20.01309081320589
Chongqing Municipality,708,genextreme,0.1149010965391618,127.1771193883477,33.02769466277786,0.14257651289858905,66.26000088295697,21.053597618655076
Chongqing Municipality,709,genextreme,0.09343560260619543,123.78688595444655,31.364837417260624,0.07135521400392617,65.2711928823459,20.344067476699934
Chongqing Municipality,710,genextreme,0.1199023054990748,126.38404794397049,31.76795903296312,0.1240758855775536,66.47826390479977,19.799377641497692
Chongqing Municipality,711,genextreme,0.1967163346233317,128.33470515504575,33.413238061407725,0.07454168682584145,64.36636001052177,18.842721807051365
Chongqing Municipality,712,genextreme,0.12950150567103974,125.48046419182886,33.83233626590514,0.07792295676869701,64.95864285889243,18.83022089585097
Chongqing Municipality,713,genextreme,0.14971365003461973,127.52712851821701,31.155709862109845,0.0964832975785896,65.09910212371506,18.0748035159711
Chongqing Municipality,714,genextreme,0.13111720359564485,126.612507509123,33.09727212560618,0.056152892467306134,63.543721430496845,19.20839799727184
Chongqing Municipality,715,genextreme,0.10407685247985636,126.63595351816937,33.052040241299174,0.0731507190795775,64.79569250770462,19.698328003941867
Chongqing Municipality,716,genextreme,0.16131245533176783,126.41839448312385,32.86810431112814,0.12867764570406928,64.90823751772578,20.29080359770985
Chongqing Municipality,717,genextreme,0.1066959938938947,126.46619000556404,31.518855783449254,0.16223353036875854,65.53081835471974,20.094131351235767
Chongqing Municipality,718,genextreme,0.1630093720866934,126.37975413869319,32.39646185455391,0.04945745655730738,64.45916292838372,18.088543347069006
Chongqing Municipality,719,genextreme,0.13841653954717748,125.548403854224,33.41875135126446,0.09791219819081959,64.73860337358423,18.802232216544148
Chongqing Municipality,720,genextreme,0.13095185760020506,124.63893694201056,33.60245928139745,0.07988442727447202,64.90781615392399,19.077926238970164
Chongqing Municipality,721,genextreme,0.16193158211885395,127.20119411102705,34.34166367252982,0.14279366219401202,65.87427340285024,20.650062197326708
Chongqing Municipality,722,genextreme,0.11272949071210706,124.64453202940912,32.03601283759417,0.088844598039588,65.34419674421758,19.177821639594107
Chongqing Municipality,723,genextreme,0.1385155094851907,125.8709989973988,32.31245103942652,0.12386718088724158,64.63521108827644,20.27492440123495
Chongqing Municipality,724,genextreme,0.16554454003065597,126.54575936554687,31.514988051833768,0.04409316164576782,64.12142680410851,19.604041983900693
Chongqing Municipality,725,genextreme,0.1671444386456335,127.81116489803041,34.51468378758953,0.10196332298708069,64.80913845284793,18.64886883043411
Chongqing Municipality,726,genextreme,0.13330638364030623,126.49244325121788,32.19792799041565,0.05677379260584642,64.86481431434495,19.697932881789683
Chongqing Municipality,727,genextreme,0.11312283093706227,126.09322491462903,31.02558246720793,0.14018768472702905,65.89910433640065,19.515056376642363
Chongqing Municipality,728,genextreme,0.14605228170487772,126.97008851932698,32.960877134508905,0.1296007323730566,65.45848903264243,18.843610477774224
Chongqing Municipality,729,genextreme,0.1421303381854887,126.41060317830765,31.68779354227481,0.05677997954152103,64.20946316535105,20.13997731142063
Chongqing Municipality,730,genextreme,0.09034002280120376,126.23207082207328,30.836401795016926,0.08763614582253773,63.03407380000175,19.40886047285526
Chongqing Municipality,731,genextreme,0.11479290507495887,128.10620918107804,31.833318039968436,0.13031321802646484,65.62006949531514,20.18901062151403
Chongqing Municipality,732,genextreme,0.11378950580565544,127.39454355477048,33.146332190951746,0.08326997866787153,63.12337982672216,20.07159408250117
Chongqing Municipality,733,genextreme,0.13095318220306323,125.56931367109773,30.763116225720694,0.13663851127884463,65.50961209339349,19.8835015518956
Chongqing Municipality,734,genextreme,0.15059590043026777,124.75399615431057,32.92826142990218,0.09755253341276149,63.19064862430994,19.015903131265375
Chongqing Municipality,735,genextreme,0.11713206503825535,125.0750429146951,31.96140838535871,0.10692493327474946,63.51856294359719,19.366611288742718
Chongqing Municipality,736,genextreme,0.1463729964145794,128.67786236381514,32.58764406923849,0.11829234400345359,66.55721954706743,19.64517499739023
Chongqing Municipality,737,genextreme,0.1258531834052267,124.26490084605791,34.77199417551817,0.10617723081223565,66.39207719073676,19.719498135572863
Chongqing Municipality,738,genextreme,0.2179162343173549,129.58973121786732,33.743221674451775,0.09952505843902347,65.381910149659,20.304167616085444
Chongqing Municipality,739,genextreme,0.14615006339790948,125.44708352934242,31.282145291642095,0.05934915807324913,63.42181566193268,20.128082456841142
Chongqing Municipality,740,genextreme,0.16350686282509486,128.74952744765017,33.96466484660857,0.11442573499208128,65.29780534491123,19.025134041363557
Chongqing Municipality,741,genextreme,0.13707975011722595,124.650474190728,32.85331720049959,0.09629726957410917,64.90883906063843,19.25360761387288
Chongqing Municipality,742,genextreme,0.11769802990288064,126.16923189043722,31.472069277155388,0.11419062112518341,65.31032488618257,19.86669975745806
Chongqing Municipality,743,genextreme,0.21672362246964938,130.8615236343965,32.73406101831313,0.07875046423437689,65.0665399556971,20.479688056451963
Chongqing Municipality,744,genextreme,0.17580754456331596,132.4976473497301,32.93955618260971,0.08219310920026193,65.43154845884729,20.123824675717135
Chongqing Municipality,745,genextreme,0.14249294947721564,127.32690604041707,32.3258613986645,0.10641217428199692,63.33419938664688,18.334993224108167
Chongqing Municipality,746,genextreme,0.15967544525449728,128.22768100952297,33.30342408523437,0.17073327198474592,65.2692112824924,20.717327917347713
Chongqing Municipality,747,genextreme,0.12471833183061411,126.3878738440414,33.61017539173355,0.12294494230998493,64.71647421548558,20.0796941148501
Chongqing Municipality,748,genextreme,0.1367675499801408,126.40750049588036,31.09120438772348,0.0914275655725499,63.348090159693484,20.08826981518441
Chongqing Municipality,749,genextreme,0.11287197150418082,127.9699461142483,33.45074938359998,0.06805151656173722,64.43763224938262,19.663102097963545
Chongqing Municipality,750,genextreme,0.12982920074736148,123.65549535821245,34.05783110312544,0.07452354177980736,65.65663331026042,18.72021668583842
Chongqing Municipality,751,genextreme,0.16545131917687017,126.47137890191965,33.938076358877204,0.086401193364382,62.79053689368715,19.70877773393193
Chongqing Municipality,752,genextreme,0.15857600756582915,128.9778917129758,33.75982175723287,0.06783910951759184,64.46230453796537,18.713324008221598
Chongqing Municipality,753,genextreme,0.14415720169998847,127.00354424139482,32.53996563489399,0.06513641679201793,64.1417251795543,19.072492627635206
Chongqing Municipality,754,genextreme,0.0760566851596247,125.34994718913569,31.61975641574179,0.05526377178408987,65.17753716893199,19.804690303705925
Chongqing Municipality,755,genextreme,0.15367673170941254,125.7373465698642,33.4541228880168,0.07830428690834279,64.07325848148162,18.83725764429545
Chongqing Municipality,756,genextreme,0.15880289139033832,124.26954372806912,33.36516645318487,0.08558041810374342,64.05491550276278,20.047207841944818
Chongqing Municipality,757,genextreme,0.14118670372934286,125.80345127943268,36.62466326623117,0.07780879652641166,65.29446606389266,19.955612938531594
Chongqing Municipality,758,genextreme,0.17425106407968927,126.31104171659825,33.5568720811968,0.12182638526265521,65.26867521951964,19.461957641503183
Chongqing Municipality,759,genextreme,0.163640734582724,127.54459620684338,31.547304682888637,0.053444614534984336,64.89486579122979,20.20289447619802
Chongqing Municipality,760,genextreme,0.16446386142868907,125.78383865223857,31.33451839130997,0.10474750829446577,64.02813160802744,19.74700084335468
Chongqing Municipality,761,genextreme,0.14403010184250914,126.22851866235882,33.16696602384047,0.1811655203342164,67.06689776361368,20.714240277278343
Chongqing Municipality,762,genextreme,0.10449515028802212,128.65006766052028,33.366661065152435,0.0805720426325969,64.16759968481955,18.862623663446158
Chongqing Municipality,763,genextreme,0.14342382298041795,127.64485212724992,33.96715084107177,0.11899618783762043,64.81478319517149,21.146158736736705
Chongqing Municipality,764,genextreme,0.1519617728733881,128.2891703214635,34.20937278867362,0.057653529268566955,64.72327292449035,18.84447783862028
Chongqing Municipality,765,genextreme,0.1456220115273419,125.68874216809297,33.94003863847104,0.14722197695063585,64.70243130444067,20.2749578921197
Chongqing Municipality,766,genextreme,0.19011062878554325,127.18777096805167,34.1916106169662,0.10256483294350689,66.25294823508014,20.674658577746598
Chongqing Municipality,767,genextreme,0.19161021286407381,127.22067500949507,32.92712689844333,0.08208067290175905,63.693117462352696,19.54754649221318
Chongqing Municipality,768,genextreme,0.16984685653326412,127.47698617681696,33.640630223602685,0.05669337824022807,64.51695792692865,19.18904134388621
Chongqing Municipality,769,genextreme,0.11258496454241512,125.38971481120734,32.67550200597741,0.12591671500057885,65.55464943800455,19.17875797184052
Chongqing Municipality,770,genextreme,0.12406898245480426,124.40978000531558,32.99220151125651,0.10383208847163183,64.99703738490697,19.69549846438673
Chongqing Municipality,771,genextreme,0.14740821603059323,127.07124067823301,32.51234282971156,0.06926927988906013,64.71531500190703,18.325896120125318
Chongqing Municipality,772,genextreme,0.1435614826177703,128.42957558677722,33.236245381609045,0.1109467481823217,64.69576252562717,19.995575493818386
Chongqing Municipality,773,genextreme,0.41091541641629026,128.87049170581702,50.589116601724584,0.12314018140829816,64.78504176091772,18.923917899612185
Chongqing Municipality,774,genextreme,0.19901454401210122,128.22108398708187,33.7706583900025,0.046489514431874684,63.88396668280683,20.096065898007915
Chongqing Municipality,775,genextreme,0.18493478728254759,127.70297224754029,34.03360497920178,0.10024430455699038,65.69512630421133,19.854669404192634
Chongqing Municipality,776,genextreme,0.11322034971120415,124.22736790220937,32.43680969458259,0.09444231676191828,64.81884130514362,19.288037331571473
Chongqing Municipality,777,genextreme,0.1966207448696713,128.88808883767814,32.926454468718916,0.04996549247310185,64.01631316964243,18.661337943391093
Chongqing Municipality,778,genextreme,0.16536699246485276,128.9346847333612,33.16948577236038,0.03106310488030565,64.1204269446192,19.03902290682911
Chongqing Municipality,779,genextreme,0.14463760248542787,125.00732453300381,33.719529120362566,0.10963628504282133,65.1930229640297,19.745324481323
Chongqing Municipality,780,genextreme,0.09605511001718736,124.78636578565695,33.19715789762838,0.07555580791670216,64.04985603942704,19.312161592061074
Chongqing Municipality,781,genextreme,0.10554363689378579,126.25922583795585,32.45665410771926,0.011263000616428667,63.03187247834837,19.501404717120437
Chongqing Municipality,782,genextreme,0.1456208875123144,125.97207342291335,31.229763995088668,0.12019648025198706,66.73349403860709,19.494898675662988
Chongqing Municipality,783,genextreme,0.16281407780388057,128.01120793804935,34.56831574827454,0.07815815826954688,65.61467502439707,19.241232739102273
Chongqing Municipality,784,genextreme,0.16279338271787924,126.86676504180971,30.579369265661498,0.09161030282127136,63.85202575907173,19.538114519210744
Chongqing Municipality,785,genextreme,0.1449981034018657,129.04392662319924,32.05616024419248,0.11947534969295483,65.72512878008425,19.76419897312102
Chongqing Municipality,786,genextreme,0.19663712844319264,125.19900627694182,33.46634768994959,0.02415332646238494,65.57479095343874,18.832111812465577
Chongqing Municipality,787,genextreme,0.16946094963968983,126.2512186880655,33.50089251179685,0.10382432479971562,66.15768712035168,20.116866556132642
Chongqing Municipality,788,genextreme,0.1468430122556396,125.67686101909575,33.63751525907074,0.0809911819123312,63.9475756242131,19.204229210963014
Chongqing Municipality,789,genextreme,0.21253103762961728,129.37135758212793,32.91140827296887,0.0578409761752728,65.11978823580188,20.20470022281563
Chongqing Municipality,790,genextreme,0.1051831010359967,127.0609316548249,31.196959346642195,0.06052968517707989,64.35804257588757,20.32956359686927
Chongqing Municipality,791,genextreme,0.15802287320145492,130.02730158890347,34.61961135213082,0.049883271180155286,65.55804084119298,19.430581879302203
Chongqing Municipality,792,genextreme,0.15474864586070616,125.25776592834204,31.700014225121365,0.06427824295497224,63.998251761020725,19.281621247615924
Chongqing Municipality,793,genextreme,0.1557764481125081,124.77629799028202,32.8497841757962,0.0319627423169892,63.87770169513017,18.30618775080361
Chongqing Municipality,794,genextreme,0.16808878416518497,128.6178799020566,33.55114451696083,0.10998569334895818,65.2559013670578,18.562583003942905
Chongqing Municipality,795,genextreme,0.18239513602168544,125.58194697517281,35.40808640078936,0.1096944862687064,65.10110578462262,19.09214240981385
Chongqing Municipality,796,genextreme,0.1699623712542846,125.15956728684941,33.65273376399935,0.11378690965202731,64.13072744846903,19.298626661522093
Chongqing Municipality,797,genextreme,0.10916031364140776,126.40170178854905,32.0826855682586,0.06856764221877565,65.36549862549114,19.538791578264735
Chongqing Municipality,798,genextreme,0.13832217257941526,124.80875252988628,32.77484236197921,0.043017308699830524,66.08932628589395,19.621529692785145
Chongqing Municipality,799,genextreme,-0.24712921782578418,121.54266460836433,38.12347840130123,0.06576930579726703,65.84940155571056,19.814873613361506
Chongqing Municipality,800,genextreme,-4.131956138755957,42.48428515488446,0.9052259138280888,0.05818317973819344,63.81085473997412,20.105959847322545
Chongqing Municipality,801,genextreme,0.14761173350462065,123.73900825158833,32.93959913315133,0.10172677708036829,64.94533251077823,19.61597800154529
Chongqing Municipality,802,genextreme,0.19389185102187761,124.65668859144293,36.74084036850611,0.0580709523255443,65.2444625671352,19.174959753971585
Chongqing Municipality,803,genextreme,0.13195914023725158,126.81754869063354,33.12691683430487,0.10318582452035988,63.823093366006205,18.591955791389232
Chongqing Municipality,804,genextreme,0.14811998829890954,122.60757241849986,33.44190138791215,0.12052101041101855,64.57048462909589,20.306862316229186
Chongqing Municipality,805,genextreme,0.17763766693822053,128.48339463126956,34.854573968979054,0.09024443746980687,63.472459033233186,19.6072360055049
Chongqing Municipality,806,genextreme,0.16191306071485548,124.41409047451177,33.82751300883132,0.10932269863961049,66.70524818574849,20.275855643786606
Chongqing Municipality,807,genextreme,0.11085270709031103,125.75406686753465,31.465541746109675,0.0901552077568753,63.53493098931189,20.146232092043128
Chongqing Municipality,808,genextreme,0.14495209693591815,127.5235975327111,32.85323894451429,0.13560485472224554,65.57623155050518,20.42445627027743
Chongqing Municipality,809,genextreme,0.17373331998849356,124.79235685822732,32.293986651487714,0.10169483295694771,65.82385400792212,19.54614510876554
Chongqing Municipality,810,genextreme,0.1454985305286351,129.15588319745606,34.59787422701203,0.07294706715961712,63.07500736621868,19.34941730250826
Chongqing Municipality,811,genextreme,0.09545376196267441,124.93723691930228,32.03861646836501,0.11639121153325355,63.2562263738867,19.100446980363003
Chongqing Municipality,812,genextreme,0.1416072541503421,126.93602387967927,33.87515912418556,0.025878931801676254,63.70236223054194,19.037335163236875
Chongqing Municipality,813,genextreme,0.06387227365517077,123.29984016623678,31.010607073163584,0.08103720963586336,65.4855938506382,19.222381518684575
Chongqing Municipality,814,genextreme,0.15193105188582567,128.64508608915446,34.32556406734122,0.13181757534045524,65.15599108474441,19.81651794717356
Chongqing Municipality,815,genextreme,0.16470124583756582,124.74693359194852,32.48775905326045,0.09025290517349185,65.4410232041322,20.843100239462906
Chongqing Municipality,816,genextreme,0.09471404026103827,122.48034910323989,31.09704327970922,0.0814318958583902,65.48351940298099,19.615804077463686
Chongqing Municipality,817,genextreme,0.17920878290493403,126.30063246542244,34.36877891995509,0.053277544842126004,62.87528547561486,20.604311756422867
Chongqing Municipality,818,genextreme,0.1230164452504325,125.30540224111986,32.55082610676955,0.11574448383796385,64.91588476561412,21.47857026778084
Chongqing Municipality,819,genextreme,0.1296041109828831,124.44871551815612,31.035119970428873,0.09549747781545859,63.38637876539711,20.819446399771152
Chongqing Municipality,820,genextreme,0.19285311993186677,129.80040046037553,32.6259422293422,0.08903769058514055,65.11187712922154,18.99120742512919
Chongqing Municipality,821,genextreme,0.1407473565221098,130.27009709605,31.244062657197134,0.07280403134700353,65.23440624192119,19.483584626850543
Chongqing Municipality,822,genextreme,0.15219063904366173,126.34247830994391,33.92480074187718,0.07142815709977052,63.832477171031314,20.496918100613964
Chongqing Municipality,823,genextreme,0.11336792018881853,124.29593911515707,31.442888839440343,0.10305510257557463,64.16038594730242,20.16260852529031
Chongqing Municipality,824,genextreme,0.15710120907970138,126.99550705568663,34.32265950332465,0.0765243249917775,63.48309969299743,19.642288646553553
Chongqing Municipality,825,genextreme,-0.4253007692693367,113.74021020983133,35.84736444105022,0.10991360551881289,64.85418279765979,19.864441648189718
Chongqing Municipality,826,genextreme,0.10696585538202719,68.5445783238963,58.81462091616794,0.046995281012947976,62.967395881125725,19.016653483495084
Chongqing Municipality,827,genextreme,0.13851731709087478,126.81694478100762,31.316362244870273,0.2908633205228366,40.337817608515536,39.088793237395834
Chongqing Municipality,828,genextreme,0.14250656515412502,124.32577357293499,33.499026973795296,0.08970973696647346,63.772030791540445,19.68120713928719
Chongqing Municipality,829,genextreme,0.17222896473922977,125.37429627623925,32.516597014881164,0.09690405640365807,64.25484644913129,18.889230339101054
Chongqing Municipality,830,genextreme,0.20957016040581125,125.86663783541817,34.03335204680731,0.09915758729576651,66.29485818660004,19.88008265693416
Chongqing Municipality,831,genextreme,0.17394352604569296,128.3454650893584,32.98924705158015,0.09338874383618999,64.53424139770036,21.03577026578742
Chongqing Municipality,832,genextreme,0.09632338315929245,125.47850723165197,32.98303449181253,0.018947563471140443,64.37442610434766,17.923046159921693
Chongqing Municipality,833,genextreme,0.14313118016507703,126.98397520048974,32.897549343057634,0.1346406570691705,66.23302085438516,19.100497128574318
Chongqing Municipality,834,genextreme,0.1538202966156651,123.31962376894245,33.97458641904521,0.12256171969570658,64.8949242555078,18.956559592685565
Chongqing Municipality,835,genextreme,0.14246632095675993,128.63627495807475,34.304183510478595,0.09316929108741487,63.707199655106464,19.571077156395425
Chongqing Municipality,836,genextreme,0.14132083248011368,126.53341486795962,34.34760105649339,0.10830290588003272,65.21000696674885,19.09406895607341
Chongqing Municipality,837,genextreme,0.19021101918752228,128.13054182533756,32.241280184076054,0.08371291319202248,63.32363679322971,20.024414133069886
Chongqing Municipality,838,genextreme,0.1500149318416195,126.30046932967952,32.19180965677653,0.09976021473304347,63.618934828281425,20.626507587151476
Chongqing Municipality,839,genextreme,0.11845065895437185,122.65807127195501,31.476330537648778,0.11900221165887469,64.90714743430672,19.832050778675978
Chongqing Municipality,840,genextreme,0.1576563154597962,127.11506726417723,33.886056564027314,0.07904194602129258,64.06853229134077,19.579880765773932
Chongqing Municipality,841,genextreme,0.11320304454180553,125.35710322865009,31.908577615116783,0.10183477389651927,63.09003703981813,19.397598937002204
Chongqing Municipality,842,genextreme,0.1581596615165864,127.54296280521001,32.66162337833114,0.08425566841478174,64.57275171667351,19.88776752815746
Chongqing Municipality,843,genextreme,0.1101521464141893,126.7161862381181,32.23968374735176,0.06528099983987898,65.66831818903282,19.23160999941387
Chongqing Municipality,844,genextreme,0.13433545001784702,127.48944563108522,33.64410121114747,0.07085138919989009,62.52439975672033,19.40564151781793
Chongqing Municipality,845,genextreme,0.2446334268884497,125.47751864222857,34.81108955478226,0.11985972493232352,64.45320676437706,19.644730401725663
Chongqing Municipality,846,genextreme,0.15284769452984998,125.02207884482678,34.937368136322405,0.07408470260053235,63.624218371090336,19.754959071187855
Chongqing Municipality,847,genextreme,0.06197944136251825,125.31990677929532,31.406750180870304,0.10623208365818285,65.6408395820981,18.75277102990034
Chongqing Municipality,848,genextreme,0.15251374592925415,125.6051399048232,34.421107748752846,0.09291118250307759,64.45779994758115,19.37482867565742
Chongqing Municipality,849,genextreme,0.2163581435299453,129.78816468036757,35.97319055103594,0.1046682063860883,66.1713835303647,18.396409900017332
Chongqing Municipality,850,genextreme,0.09535572419629074,125.33712964566682,31.48518487098731,0.09662134040770126,65.47005099889999,17.603307924188506
Chongqing Municipality,851,genextreme,0.12525082723724654,125.64074710958874,33.91131026992847,0.161488996670609,66.49843094882026,21.030246399802046
Chongqing Municipality,852,genextreme,0.15495534235453867,128.26382208351023,32.32127571637996,0.08651448268757454,64.42860741062442,19.57770021688065
Chongqing Municipality,853,genextreme,0.19684100003365784,126.54522201444766,32.038143044331804,0.10952365704482069,64.01278603183482,19.660975515977608
Chongqing Municipality,854,genextreme,0.14849164425172542,124.5749455238554,32.58533418869909,0.06503069627786369,64.82012683105818,18.551192117699948
Chongqing Municipality,855,genextreme,0.15583931049556043,127.92008523058004,31.902095953070692,0.12378013857290247,64.75735134842253,19.587962162941306
Chongqing Municipality,856,genextreme,0.14435028453412918,127.07123923505023,34.12761857788987,0.06401442865922635,64.12024567360892,19.703685499997356
Chongqing Municipality,857,genextreme,0.14152904080600048,128.63891854194378,34.56233407991306,0.10776394768292585,65.29072490425048,19.183483610210516
Chongqing Municipality,858,genextreme,0.13875083355383633,127.13367742334151,32.094719126025794,0.10138906570318831,64.92632777304405,20.09268535637427
Chongqing Municipality,859,genextreme,0.10272494110907826,126.57178250426469,32.24578533207146,0.09450302612918313,65.33767644502561,19.65663735892364
Chongqing Municipality,860,genextreme,0.15369954255429874,126.87518866187378,32.74848394403797,0.10223305114660422,65.07245540139925,19.59106419062563
Chongqing Municipality,861,genextreme,0.1552468901895721,125.72991224400522,32.72084802243015,0.10909224620825836,65.71068808371557,19.595500740498046
Chongqing Municipality,862,genextreme,0.1333988599825322,125.15062610739264,35.24029285745347,0.1350974056458582,67.80922954519758,20.84860090619036
Chongqing Municipality,863,genextreme,-3.4808596323480376,42.40814537343125,3.532003131650341,0.0963507790466959,64.43235540942379,20.19314142435765
Chongqing Municipality,864,genextreme,0.1474297945487678,126.02998652408019,32.48054429208388,0.07551304377066256,64.49231699643205,20.166351137735443
Chongqing Municipality,865,genextreme,0.1421079463561471,126.60861806417645,31.447561937912347,0.0919741383941696,64.85592531580156,18.34348615931045
Chongqing Municipality,866,genextreme,-2.7408727810087954,58.715051970436434,3.7475659102627543,0.12557294026686505,65.65182172279236,19.89075582249258
Chongqing Municipality,867,genextreme,0.18468115953351572,129.4618193325896,31.750800332513464,0.07116438640602038,65.37220798767221,18.45105299739614
Chongqing Municipality,868,genextreme,0.12099663470793211,124.00269678747864,32.43452388553668,0.02194006024829278,64.34347347239745,19.658527888615808
Chongqing Municipality,869,genextreme,0.11342073114500188,125.07848772689576,32.056636180359206,0.0987756937971327,64.75818567071838,19.39345888560982
Chongqing Municipality,870,genextreme,0.12141218466420561,125.66987151979849,33.73822753628026,0.11920381724232426,65.36432836835712,19.69142147023635
Chongqing Municipality,871,genextreme,0.19796641558707728,88.6336480604914,55.21780044248101,0.10717450644752649,64.66932174475757,19.867172971561974
Chongqing Municipality,872,genextreme,0.12148212083134691,125.70545968225383,32.80562425309353,0.1242713384569356,64.15855643815262,19.47505241941029
Chongqing Municipality,873,genextreme,0.19061605598624534,129.10969226372936,33.856524112480926,0.06723899803246264,64.80729844643068,19.53261997758549
Chongqing Municipality,874,genextreme,0.09229823544000881,124.74132569867467,31.77384675665032,0.1236175960843352,65.9887646124588,18.996712677015303
Chongqing Municipality,875,genextreme,0.1655421588469409,124.12602446607704,32.80737452522885,0.08628738132074437,64.55264071475287,19.998063587134922
Chongqing Municipality,876,genextreme,0.15956417474169718,129.60380416853644,35.08355830284441,0.09461958596796394,62.91037085356436,19.51306572355054
Chongqing Municipality,877,genextreme,0.09752836939619114,126.85551697987805,32.62562137080008,0.0988073226496712,65.65475846258576,19.343477252309548
Chongqing Municipality,878,genextreme,0.11061221571905858,125.3223626891681,32.4231901932591,0.053843085726480125,63.3054996668543,18.838927054324557
Chongqing Municipality,879,genextreme,0.12968299520421817,128.2475265115495,33.183412713249304,0.06886168066479341,64.95919669718498,19.772660618331763
Chongqing Municipality,880,genextreme,0.16819624680606154,125.81383400226113,34.56309940402444,0.10326523670689203,64.90306508030119,19.422038047289412
Chongqing Municipality,881,genextreme,0.14006576226858114,125.87397107175934,32.970549970266916,0.0475325735987132,64.34972972128992,20.462299610899265
Chongqing Municipality,882,genextreme,0.21705915431823014,125.88033471744149,37.5204563565903,0.089297505908284,65.11969207874321,19.309557917664826
Chongqing Municipality,883,genextreme,0.15643770412140295,125.28365893283686,32.79240684713423,0.08479237092364647,64.25710302569685,19.92064412182062
Chongqing Municipality,884,genextreme,0.09799399866738495,126.05445413186317,34.48912977120831,0.05122094023246486,64.7268775036803,18.255730244339897
Chongqing Municipality,885,genextreme,0.1842619964769539,127.37024443416732,37.16766132109724,0.14802326953957434,66.89678076854227,19.744909119464722
Chongqing Municipality,886,genextreme,0.09917952072554087,126.36568830554103,33.70434898343144,0.08564944229906953,64.88346496541436,18.656421554593145
Chongqing Municipality,887,genextreme,0.1546061770980371,124.74593278159321,33.42389163878146,0.03355643001794228,63.46855823089773,19.4939067525725
Chongqing Municipality,888,genextreme,0.13983058995723632,126.44839423906731,34.06307523640535,0.12468021280218192,65.85057175371935,19.196572525046392
Chongqing Municipality,889,genextreme,0.16831149528022155,126.11699021318475,32.69215198599286,0.05645835067008277,65.3910017996343,18.832356939565415
Chongqing Municipality,890,genextreme,0.12430842447557328,127.32904197696328,32.41702148811048,0.14298925254683809,66.75735545823946,20.694724027283996
Chongqing Municipality,891,genextreme,0.1544577391845703,125.10602196344809,33.87418922896336,0.07369431143544275,64.15292704890706,19.42974313757591
Chongqing Municipality,892,genextreme,0.14932611094976933,126.22113397633414,31.76591583853811,0.10694730271213024,64.61425643610352,19.61855829916823
Chongqing Municipality,893,genextreme,0.18486556272753663,127.21630272508949,35.00086217488037,0.09637402291133756,64.19346550839921,19.439770444579537
Chongqing Municipality,894,genextreme,0.14498533048554174,125.60393740504693,31.381225625549817,0.09694921983073079,65.46866702175896,20.108761112768008
Chongqing Municipality,895,genextreme,0.16323669525554654,126.7841300604261,34.51585186615475,0.05130675339826633,62.375278217743656,19.605973046240024
Chongqing Municipality,896,genextreme,0.11339446910529956,127.03136791779447,32.45352267533361,0.06838173218771161,64.97223488169476,18.948469731713466
Chongqing Municipality,897,genextreme,0.15798956277839926,127.80421316043959,33.38985829690931,0.10370629809333534,63.191703358153106,18.363778226667
Chongqing Municipality,898,genextreme,0.22686788593449358,130.0334862351899,34.72235456885039,0.16347672768003205,65.50005010019547,19.784326755675234
Chongqing Municipality,899,genextreme,0.14580250065614114,128.42045061742198,34.442644291387246,0.05105373104456354,63.48577938064087,19.33241170545707
Chongqing Municipality,900,genextreme,0.13470653028612878,125.57113647184806,32.27093161973358,0.06636825498164506,65.33877535666899,19.27532330516445
Chongqing Municipality,901,genextreme,0.4094696320217752,59.684578975359955,93.64964167046764,0.14053056280151993,63.69841191711636,19.11270291669776
Chongqing Municipality,902,genextreme,0.15175824309897146,126.04159496275645,33.61335391646749,0.1254723744680719,65.19246972216584,20.219461126951146
Chongqing Municipality,903,genextreme,0.15446250767011455,126.07987765822713,31.635762522178048,0.05993786925840347,64.4339822387299,19.39751301026643
Chongqing Municipality,904,genextreme,0.1701266614276774,126.04666273414192,35.039115546953944,0.08785808136986198,63.87948708521682,19.47229149599064
Chongqing Municipality,905,genextreme,0.15824208243646315,126.79838259214318,33.83565079580099,0.04696436858416966,62.473378170135,20.397679325417784
Chongqing Municipality,906,genextreme,0.13329988676296745,126.6360635403091,31.655347172012327,0.0732735876470941,64.18027116363699,19.335738145873165
Chongqing Municipality,907,genextreme,0.2202308147055147,129.01825254334977,32.279306668788976,0.05529010584248263,63.565725269428206,19.214362197164263
Chongqing Municipality,908,genextreme,0.11335909860935664,127.68839295198333,32.77946305198341,0.09840824060925282,64.88759571506515,20.297942675651232
Chongqing Municipality,909,genextreme,0.14759370860024495,126.84521891058048,32.16107906375764,0.11618771866910126,66.10719488131974,19.46144245464408
Chongqing Municipality,910,genextreme,0.16083051616533267,126.93397726440844,35.10369065489245,0.0827129360217726,64.98608647154376,19.067810601851217
Chongqing Municipality,911,genextreme,0.1763967216281286,125.95398613522153,33.71559038562151,0.11919726409816422,65.13390271782319,20.3863236872723
Chongqing Municipality,912,genextreme,0.11095107014584521,124.44705853030896,32.60090948968827,0.09723974071435934,65.46638331809649,18.575385441866636
Chongqing Municipality,913,genextreme,0.12581333865165487,124.77447977830954,33.14879806242251,0.11307891213589484,65.01444400194912,19.782472453024212
Chongqing Municipality,914,genextreme,0.14557233444546758,125.16181347323624,33.13627580777283,0.05907566276314373,65.21168878539419,18.64060830686826
Chongqing Municipality,915,genextreme,0.15587602865528138,126.1960715949287,33.072243630138985,0.09496901806039211,64.63778914403761,19.12675856494453
Chongqing Municipality,916,genextreme,0.10749365729234113,127.78320650448003,32.42020820761411,0.07542565279402501,64.58459479310301,18.324967302527703
Chongqing Municipality,917,genextreme,0.13657048050827247,125.81644167911566,31.531679695904263,0.18411778972749915,63.97659001958229,21.390064386456764
Chongqing Municipality,918,genextreme,0.16680710330224302,130.63166408593088,33.82820919221112,0.10346867963838957,65.79864414817919,19.834183888506423
Chongqing Municipality,919,genextreme,0.14701201250178328,128.8330583019835,33.43456820858906,0.1232992216357332,66.60353924126787,19.239401139611992
Chongqing Municipality,920,genextreme,0.1478322216565135,127.56591876837805,32.59492864998727,0.10100413616450848,65.76331406158732,20.395110797969522
Chongqing Municipality,921,genextreme,0.14509667475026655,126.30967545003548,33.7650968201747,0.10728060127452266,65.69387990546801,20.03581938727715
Chongqing Municipality,922,genextreme,0.18304017752140408,125.98305797977983,33.47176243647094,0.06547567099210408,64.53951011972012,19.81054448977628
Chongqing Municipality,923,genextreme,0.10402456391819125,123.33475563760825,30.981507772773554,0.08976819811490222,63.97932758780508,19.634712046498855
Chongqing Municipality,924,genextreme,0.18037312364148333,128.49998812263732,33.05965959205484,0.12693609489194474,64.82909640774938,19.303969061535362
Chongqing Municipality,925,genextreme,0.1556994313036792,126.72023858329908,33.468677911399766,0.12812143206994653,65.20874675003365,19.78042800690969
Chongqing Municipality,926,genextreme,0.3266572698709116,102.59522245207063,55.51594108131542,0.0765430990802527,65.56166803063769,18.757689858477903
Chongqing Municipality,927,genextreme,0.2004096357013247,128.86760764258713,33.84708114774459,0.09150588537367205,65.80629856410944,19.808392848034046
Chongqing Municipality,928,genextreme,0.17328943187361145,128.36209883317463,34.618608662795964,0.11004151320465254,64.75940425712926,21.075016682682985
Chongqing Municipality,929,genextreme,0.16135750438742585,128.80013324200024,34.04524555481095,0.09037411791427133,64.72078747374972,20.866035450003448
Chongqing Municipality,930,genextreme,-2.7259360636277563,58.69416725727598,3.736640447664831,0.09047310500522793,64.69625678572643,19.910726820847195
Chongqing Municipality,931,genextreme,0.16977996073540136,128.9553881195019,35.71738566098429,0.1264672336238527,65.27598487763242,20.202522188947597
Chongqing Municipality,932,genextreme,-0.4279111551435769,113.55739480581141,43.27655291423007,0.018588577123335906,63.90678082513006,18.82996021379533
Chongqing Municipality,933,genextreme,0.1715859177829261,128.247701780181,31.632492441524676,0.07367110480031963,66.67905624829596,19.447550513291795
Chongqing Municipality,934,genextreme,0.16617799871035355,127.33420460284057,33.342975413348526,0.0679809877187319,64.39227578588222,18.867073825625724
Chongqing Municipality,935,genextreme,0.13844955568043654,125.55249862269467,33.09526730045985,0.08098299810986612,64.2742950873446,19.919928771169367
Chongqing Municipality,936,genextreme,0.11685898869965014,122.295403172933,34.679182417091255,0.0623755688349611,64.87056007982213,19.479083673031088
Chongqing Municipality,937,genextreme,0.1398071425828275,124.68430944578137,32.857503560972276,0.05955930032629299,65.38911348779416,18.06909643368013
Chongqing Municipality,938,genextreme,0.101693803728832,126.4198175717842,30.997500566192876,0.028988892111277618,63.637291884257706,19.181413286593475
Chongqing Municipality,939,genextreme,0.09697633875915118,127.39506618542875,32.375619964915586,0.11348378068730106,65.05919342625762,20.293235563016538
Chongqing Municipality,940,genextreme,0.10274273630719055,124.73600340970967,31.498698902000882,0.12369372536711737,64.52862702095933,18.721904505419122
Chongqing Municipality,941,genextreme,-3.208069682313079,54.86389243073742,3.222576646558041,0.05336642429456949,64.5063618718077,19.019205266001357
Chongqing Municipality,942,genextreme,0.1287619400360627,126.6818894586705,31.713534511797707,0.09107563553283148,63.82430577781044,19.805111358800012
Chongqing Municipality,943,genextreme,0.19628135863343726,127.80057107747326,33.20247214158952,0.0634430431228949,63.88489263270972,18.9254309175341
Chongqing Municipality,944,genextreme,0.2420262506401878,138.2048614300096,44.289386394562,0.06405504552511551,63.153976465212,18.57608023529817
Chongqing Municipality,945,genextreme,0.1480597296140601,127.57476637095266,34.06567533121091,0.06557956127102743,64.09647915344392,18.596432692098972
Chongqing Municipality,946,genextreme,0.0991144346560181,125.89094529313698,30.60994689233111,0.07262736150661606,65.1008495468654,19.19364361744161
Chongqing Municipality,947,genextreme,0.11400469443698391,124.66637452880249,33.55507858148806,0.060835609273986235,64.67008006581298,18.80991363680775
Chongqing Municipality,948,genextreme,0.14280771210931092,124.69284632633159,33.97676950599382,0.10685133200298605,65.25374907270168,18.51531070701595
Chongqing Municipality,949,genextreme,0.141862034826625,126.1150543881017,31.92811560341601,0.028429559258597914,62.813162799077716,18.349488149823493
Chongqing Municipality,950,genextreme,0.15734168695345607,125.60312471601483,32.93412566780833,0.07681684229361793,63.39598394304265,18.089519503531108
Chongqing Municipality,951,genextreme,0.16580695098053289,125.7824830858024,33.48514456145081,0.0835053066963202,64.23423001025381,19.412260277124645
Chongqing Municipality,952,genextreme,0.13594412481984625,126.12206381705124,34.7714021191977,0.09924688092229725,63.959604397064915,19.916566625780305
Chongqing Municipality,953,genextreme,0.15801382835547007,125.46622964471561,34.67630039393387,0.07769162170624508,64.9229946467429,19.66519160213033
Chongqing Municipality,954,genextreme,0.11814038838187238,124.82864990319774,32.13066612144472,0.07984244427280887,65.16132538130461,19.171169681015762
Chongqing Municipality,955,genextreme,0.1338597217863638,125.28868879297582,29.987167724334213,0.06297639418776346,64.49368553339168,18.802994552717507
Chongqing Municipality,956,genextreme,0.13690898993148282,125.40996466523656,32.25636349280943,0.09392801592177752,63.590187113803275,19.88689420240832
Chongqing Municipality,957,genextreme,0.14730880980404007,125.4030685604933,31.786423843590466,0.0855185143189979,64.72185838147412,19.39887717297809
Chongqing Municipality,958,genextreme,0.11906847775002133,126.86593090681853,32.63202848673366,0.08359227520920656,63.98329509353027,20.37482114665042
Chongqing Municipality,959,genextreme,0.13535683873163068,126.3725927881158,32.62942241113798,0.09528725052503795,64.06795015152952,19.599764021782413
Chongqing Municipality,960,genextreme,0.14073771687523956,125.04298336259154,34.225260051382605,0.049479301891510515,64.73980441795456,19.995260784117495
Chongqing Municipality,961,genextreme,0.10652040374666949,125.7652197319068,30.986330458888453,0.13813337774982715,66.4510636339779,20.092275623185323
Chongqing Municipality,962,genextreme,0.1099764007379603,126.65373290924083,31.00566781441227,0.1214234973554795,65.12541351723686,19.891168644218723
Chongqing Municipality,963,genextreme,0.11833911557859132,128.42615965238608,34.42662585452444,0.1134423271075648,64.77920852009706,19.41571170879579
Chongqing Municipality,964,genextreme,0.13495320289232476,126.25567881528457,34.539288226707654,0.04373225486917065,63.499496461238266,18.61828976674756
Chongqing Municipality,965,genextreme,0.0937183697884631,124.86284658043152,32.40823437838755,0.11855217515931273,64.757784020267,20.547107805818385
Chongqing Municipality,966,genextreme,0.11883066902251604,126.23907142552086,31.206917581283882,0.04840044444951819,66.86636437886774,19.63874182225606
Chongqing Municipality,967,genextreme,0.12087028173416539,126.20332068637364,31.501447981740338,0.12516980862246357,64.41772140419626,19.65111775125783
Chongqing Municipality,968,genextreme,0.18641966437187737,126.10334328110036,35.4372991877529,0.0727430121666449,66.0499165133275,20.50381155547567
Chongqing Municipality,969,genextreme,0.20917472102186407,128.40545058600952,34.52559953355428,0.09137686695770353,65.09643061470645,19.996806880926947
Chongqing Municipality,970,genextreme,0.09778496135058004,124.04359899696352,31.1593714220381,0.16790324984881574,65.9156667362675,20.190285065936507
Chongqing Municipality,971,genextreme,0.08430676724976338,124.41469822656013,31.217875108256145,0.0620578728426258,64.91542392179483,19.346338583316232
Chongqing Municipality,972,genextreme,0.16008857909555996,125.15612325997256,33.766543939066565,0.06995939396923279,64.66654527776475,18.800068457821588
Chongqing Municipality,973,genextreme,-0.3034393220998879,107.44846279314379,36.75348716956783,0.09379973933900318,62.936109449202945,19.23788244917042
Chongqing Municipality,974,genextreme,0.15364199168796752,125.86369978351294,33.815054270906366,0.09817840695754097,65.93462234755447,19.71676421472852
Chongqing Municipality,975,genextreme,0.12975353923890254,128.2748966474005,32.748987665092145,0.12897744826672494,65.82780401866754,19.98274655692127
Chongqing Municipality,976,genextreme,0.17173221394258203,129.12760686977052,33.541102832076774,0.012985387602349064,65.36396254825847,18.664117196171375
Chongqing Municipality,977,genextreme,0.14966887033129875,129.74949530825046,32.879587803976655,0.08098136467680017,63.9879932519069,18.389514126912193
Chongqing Municipality,978,genextreme,0.1506085541253952,126.39637265223637,31.781691969786785,0.13658767878702666,66.10485470828652,20.315127417238532
Chongqing Municipality,979,genextreme,0.13307326063217206,128.2782442248703,33.769913310461575,0.09958066246742389,65.83681256731262,20.393365824511953
Chongqing Municipality,980,genextreme,0.1762455938352203,126.45733213957897,32.764240085719976,0.11073421374900616,64.98053046730149,18.894299113007943
Chongqing Municipality,981,genextreme,0.2044223014100151,130.33661677347112,34.58052894854693,0.09222014640590893,63.068463553719546,19.0184216962273
Chongqing Municipality,982,genextreme,0.09728906064368492,127.65396749839718,33.417097948838,0.07822698968072418,63.71777853580192,18.727566123169577
Chongqing Municipality,983,genextreme,0.15618270850074933,126.33971193468389,31.95564470263601,0.12992381614395487,64.45980021817795,20.400677236536346
Chongqing Municipality,984,genextreme,0.1725516441808045,127.52605590955126,33.22965088725735,0.04238287624500686,62.37875512517739,18.60327184580383
Chongqing Municipality,985,genextreme,0.1617368079247613,128.3515224371721,32.67863844012372,0.08731923863514468,63.95718168931795,19.24527760209209
Chongqing Municipality,986,genextreme,0.14490225743642554,128.12905012555984,32.47137672645441,0.06434469159110251,65.23869069375004,19.136053382336762
Chongqing Municipality,987,genextreme,0.13497262872450733,127.85863780544385,33.36194415976017,0.10256801931907622,65.87574247251379,20.629262446804574
Chongqing Municipality,988,genextreme,0.17046564111076096,128.15755853081913,33.80513593554253,0.09184120327744735,64.14446396036234,19.91189777265062
Chongqing Municipality,989,genextreme,0.10170279478589292,127.14197934165699,33.779908676684244,0.06974957567593312,64.67877724932447,19.64597367738525
Chongqing Municipality,990,genextreme,0.19618828982597747,126.79931376722479,33.20458169740046,0.07194454398620258,65.73780243433102,19.25464951538358
Chongqing Municipality,991,genextreme,0.12895516208065166,127.44935140342788,34.29486410010636,0.08047283349892391,64.12369678567453,18.911960776743854
Chongqing Municipality,992,genextreme,0.11537307030654648,123.52076718618548,32.65835116134801,0.14346687279346626,65.55186956431405,19.739824473070378
Chongqing Municipality,993,genextreme,0.15180586417875397,125.72585946010597,33.290808416691604,0.11094374449345878,65.50919996992405,20.542792904536277
Chongqing Municipality,994,genextreme,0.2572197456352061,125.30314536781043,37.780317544049836,0.10969881179302908,65.45136644968417,19.167520703093345
Chongqing Municipality,995,genextreme,0.15796930485265143,127.51313428418695,34.08967942044733,0.0527464563931424,64.90252624112316,20.420920721076712
Chongqing Municipality,996,genextreme,0.14688124795103347,124.38818452353333,32.55426616741062,0.05620108180422606,63.22110019379315,18.74227823390474
Chongqing Municipality,997,genextreme,0.1197329160015756,126.88290381734416,33.70669200393183,0.08852670412596506,65.47155949882875,20.106062488586808
Chongqing Municipality,998,genextreme,0.1756031019149653,128.37659518179998,35.13935577913573,0.08601585556216898,64.52933991978168,19.62385822811711
Chongqing Municipality,999,genextreme,-0.25649619954457226,114.51981052427902,32.9572840667027,0.08110399176783237,65.81212980511027,20.450782138375178
