province,return_period,factual_original,factual_bootstrap_median,factual_lower_95,factual_upper_95,factual_valid_bootstraps,counterfactual_original,counterfactual_bootstrap_median,counterfactual_lower_95,counterfactual_upper_95,counterfactual_valid_bootstraps
Sichuan Province,1.01,1.2335791256421471,1.2260662400394258,1.1215069690204518,1.3271050999826823,1000,1.4637288341102825,1.458849186899457,1.3635650251155333,1.553967032711148,1000
Sichuan Province,1.0335597921543838,0.9906825697997071,0.9859221675802989,0.9096078581828266,1.0599328024333114,1000,1.2243939466853098,1.2228030725973977,1.1484640628512792,1.2954139952108454,1000
Sichuan Province,1.0576691524338744,0.8657137158906903,0.8625095031262033,0.7912786471165204,0.92834518266785,1000,1.1016659646556048,1.1004791254258246,1.0340789330654523,1.1660538824476117,1000
Sichuan Province,1.0823409003541173,0.7767082530020185,0.7740076860239508,0.7055496207220819,0.8380322881679605,1000,1.0144424991129108,1.0139801126895462,0.9511629929641533,1.0757337885097311,1000
Sichuan Province,1.1075881544655348,0.7059279326115763,0.704029612424506,0.6375624630492169,0.7663258229268222,1000,0.9451961708625682,0.9453629445870053,0.8832632997392503,1.00469422419863,1000
Sichuan Province,1.133424339328768,0.6463431887089384,0.6450237285810188,0.580930775028048,0.7072001382225871,1000,0.8869863875495021,0.8874457762516101,0.8244728996471343,0.9475113044012259,1000
Sichuan Province,1.1598631926528329,0.5944039338153424,0.5929273533896138,0.5316122604779872,0.6553579554963758,1000,0.8363099534228333,0.8368484764141828,0.7745223628975145,0.8952948028725479,1000
Sichuan Province,1.1869187725997843,0.5480516940033048,0.5466739122504036,0.48730925787746576,0.6074889901655535,1000,0.791136453196037,0.7918478605359909,0.7310440713780453,0.8500629597026742,1000
Sichuan Province,1.2146054652597715,0.5059798121899344,0.504674883136216,0.4466879440087171,0.5646295579372458,1000,0.7501774694915841,0.7511670990901798,0.690382510194708,0.808059361400748,1000
Sichuan Province,1.2429379923004635,0.4673038318315078,0.46669072578888904,0.40872421629395045,0.5247766455049668,1000,0.7125611139384636,0.7132332503984459,0.6542827298994544,0.7694436053278859,1000
Sichuan Province,1.2719314187949051,0.4313956034000323,0.4308719596059284,0.3722929257603692,0.4880667964382487,1000,0.6776682770030225,0.6781667293032039,0.6195139864664212,0.7337674349630344,1000
Sichuan Province,1.3016011612319731,0.39779203974065697,0.39736200813847383,0.33974631826235363,0.455105701133692,1000,0.6450425890191058,0.6455249920794073,0.5874752216875758,0.7012526388882032,1000
Sichuan Province,1.3319629957136858,0.3661414049572421,0.36565301752076096,0.3082725944989968,0.4232704258430914,1000,0.6143374327222082,0.6147324680445405,0.556800322658412,0.6703506851021113,1000
Sichuan Province,1.3630330663437302,0.3361699524678272,0.3358343455053855,0.27977076099301235,0.3918251136055507,1000,0.5852830385081869,0.5857011923311175,0.5286745800142959,0.6404680660065744,1000
Sichuan Province,1.3948278938116616,0.30766027832937587,0.30739386376790745,0.25056274850593246,0.3625771579814041,1000,0.5576651389025109,0.5581595983640284,0.5016160944514653,0.6121586831835554,1000
Sichuan Province,1.4273643841773445,0.2804367584293287,0.2801810915916264,0.22370751958787735,0.3347445733111126,1000,0.5313106110601027,0.5317469285144241,0.4757049221574259,0.5848838178017147,1000
Sichuan Province,1.4606598378603033,0.2543554479907702,0.25438137757146784,0.19937272377805068,0.3076243854417737,1000,0.5060775203536939,0.5067731663659978,0.4511693397671578,0.5588184182662567,1000
Sichuan Province,1.4947319588387633,0.22929689122780617,0.2292181893448217,0.17595439086363832,0.28154977527866787,1000,0.4818480336648818,0.482542690220483,0.42796231267820295,0.5338233746345654,1000
Sichuan Province,1.5295988640632745,0.20516088634749471,0.2050017340881708,0.15241556902298767,0.2572507224227343,1000,0.4585232605173124,0.459113494731823,0.406161504665075,0.5097066188210085,1000
Sichuan Province,1.5652790930899205,0.1818625989294446,0.18179702239521173,0.1299521058305017,0.2337093183023571,1000,0.4360194234054919,0.4366777610399292,0.38407571696898124,0.48597700619587414,1000
Sichuan Province,1.601791617938238,0.15932962666879028,0.15954415052635829,0.10898717663116932,0.2104148041489268,1000,0.4142649658040424,0.4148545560474223,0.3633252912981744,0.4636015457500996,1000
Sichuan Province,1.6391558531790886,0.13749974926306346,0.1376491865238443,0.0874424931414454,0.18852988654657146,1000,0.3931983353567664,0.3937441813404463,0.3445096189500452,0.44151144893213357,1000
Sichuan Province,1.6773916662578423,0.11631918103959132,0.11633717697900987,0.06681761486799213,0.1669450590169445,1000,0.372766262405083,0.3729911962584719,0.3238634973704034,0.4207606904609797,1000
Sichuan Province,1.7165193880583673,0.09574119905634738,0.09551636751766468,0.04659841012384753,0.14601122723995683,1000,0.35292240837866307,0.35291057201163467,0.30435929150015834,0.3998172027279536,1000
Sichuan Province,1.7565598237134417,0.0757250566448229,0.07534755271985905,0.026760614649164592,0.12559955709718557,1000,0.33362629527153626,0.33369503412815216,0.2848249793708228,0.38079066719967675,1000
Sichuan Province,1.7975342636673326,0.056235118314957075,0.05582435950986207,0.00800140147246617,0.10586844910790198,1000,0.31484245298846814,0.3146656325407684,0.26675126432402446,0.3624056757245997,1000
Sichuan Province,1.8394644949964274,0.0372401709796218,0.03686851548545937,-0.010001147681125753,0.08682643916828914,1000,0.2965397400727343,0.29648042412724923,0.24815830051242002,0.34432717431999266,1000
Sichuan Province,1.8823728129939368,0.018712882095249298,0.0180448805619028,-0.02922007599155302,0.06809315217108018,1000,0.27869080867130164,0.2786907686035407,0.23093867335700075,0.325934136057685,1000
Sichuan Province,1.926282033024828,0.0006293922720809475,0.00015222649439414378,-0.04684819285925814,0.04973422758385796,1000,0.2612717011866114,0.2614728461894985,0.212965511267471,0.30818194842748015,1000
Sichuan Province,1.971215502657292,-0.017030937803724597,-0.017179668669764267,-0.06533221081817608,0.031054292533883844,1000,0.24426159776949824,0.24428185730659305,0.1963749852136381,0.2912039237412111,1000
Sichuan Province,2.0171971140771983,-0.03428544789653021,-0.034486589437106877,-0.08255074707173476,0.01438060117185982,1000,0.22764289387454867,0.2273854785887849,0.18015533047561025,0.27462981686376925,1000
Sichuan Province,2.0642513167921304,-0.05114830055565665,-0.05164427562284933,-0.09945297485379256,-0.002510468751941158,1000,0.21140113427814436,0.21116013616336082,0.16431365133618633,0.2586342492312568,1000
Sichuan Province,2.11240313063177,-0.0676339957042292,-0.06847309882723038,-0.11598364596052067,-0.018915036759154298,1000,0.1955216543241573,0.19526756499681008,0.14877502012737423,0.24250273245696233,1000
Sichuan Province,2.1616781590515264,-0.08375763180912194,-0.08472042279008654,-0.13214325795319323,-0.03465104616873426,1000,0.17998936094327683,0.17973555044834977,0.13332791223229587,0.22644172141630065,1000
Sichuan Province,2.2121026027465014,-0.09953412899259755,-0.10055706312666807,-0.14849767415488396,-0.05048108582109404,1000,0.1647894648799586,0.16449914777301472,0.11792360048382103,0.21099153861676148,1000
Sichuan Province,2.2637032735830154,-0.11497795898642715,-0.11593539813562331,-0.16458316817013333,-0.06600187333982317,1000,0.1499077143873901,0.14956581007758224,0.10265702056213408,0.19603273301608465,1000
Sichuan Province,2.3165076088551086,-0.130103025405416,-0.13104300467236296,-0.18056323527982715,-0.08120267647120215,1000,0.13533048901013273,0.13496907200492303,0.0877087452884018,0.18104559899857825,1000
Sichuan Province,2.370543685873599,-0.14492261135629553,-0.1460434297352355,-0.19560149095037085,-0.09609558827664319,1000,0.1210448329199838,0.12068653336170883,0.07307174814066605,0.16727121184665392,1000
Sichuan Province,2.4258402368954495,-0.1594493627269181,-0.1608681856570442,-0.2104333601720172,-0.11067851426393131,1000,0.1070384573854791,0.1066085704165913,0.05875554305679035,0.15437942242755,1000
Sichuan Province,2.482426664401388,-0.17369529180422844,-0.17490353934243685,-0.22461718214887627,-0.12507662470018902,1000,0.09329972640621464,0.09324012279039359,0.04471178029181171,0.14091585209155114,1000
Sichuan Province,2.5403330567299,-0.1876717927941757,-0.1889074864408099,-0.23894215211713515,-0.13949681663811322,1000,0.07981763304319253,0.07989633066709002,0.03094137506067153,0.12782772468008408,1000
Sichuan Province,2.5995902040759065,-0.20138966426531305,-0.20248878100232504,-0.2529948807527314,-0.1529251745419739,1000,0.06658177078910654,0.06676188545571766,0.01745876577206519,0.11570351974779061,1000
Sichuan Province,2.66022961486264,-0.2148591354384383,-0.21618445177281803,-0.26669310458360757,-0.16629934718574785,1000,0.05358230259348343,0.053814461603736846,0.004320863316082289,0.10373895307328436,1000
Sichuan Province,2.7222835324954127,-0.2280898943667789,-0.22961141481186517,-0.280352582963021,-0.17896509466643917,1000,0.04080992915351009,0.04115251398583901,-0.008541284940289617,0.09206459698704111,1000
Sichuan Province,2.7857849525061984,-0.24109111674665928,-0.2423415368702635,-0.29371353926848437,-0.1913862300863846,1000,0.0282558574699657,0.028432549930990494,-0.021335668794451822,0.08022888610157429,1000
Sichuan Province,2.850767640098135,-0.2538714945447174,-0.2550956094318979,-0.30682595699477055,-0.20379401350180967,1000,0.015911770282817733,0.01603581324662437,-0.034170603471766266,0.0683615944091899,1000
Sichuan Province,2.9172661480992788,-0.2664392639210975,-0.26748040110985993,-0.31955809228590065,-0.21614449807107305,1000,0.0037697967532216714,0.004066936560279497,-0.0468166744689526,0.05701989979336242,1000
Sichuan Province,2.985315835335159,-0.2788022321242289,-0.27970493163258825,-0.3324331048668473,-0.2283107494437338,1000,-0.00817751540321171,-0.0077826654854101646,-0.05923036524406966,0.04535926945410749,1000
Sichuan Province,3.0549528854298984,-0.29096780316545556,-0.2919739936627306,-0.3449515927847649,-0.24029951653043358,1000,-0.019937226233495975,-0.019608253081347907,-0.07208581245497808,0.03365675453075558,1000
Sichuan Province,3.1262143260459023,-0.3029430021719029,-0.30387057798586836,-0.35728125286382967,-0.251371788743939,1000,-0.031516028286327435,-0.031096973028142696,-0.08446740149162657,0.022230838116868216,1000
Sichuan Province,3.199138048572336,-0.31473449837720663,-0.31587634200378956,-0.3696134147156612,-0.2626675351402869,1000,-0.04292026979037783,-0.04244344592586184,-0.09652813295966081,0.010948932264787157,1000
Sichuan Province,3.2737628282728757,-0.3263486267510411,-0.32742812830550205,-0.3817188902004751,-0.2741640236106279,1000,-0.054155976318242705,-0.05367953518132974,-0.10838654812118478,-0.0001380489500986842,1000
Sichuan Province,3.350128344903427,-0.3377914082958497,-0.33914727306777614,-0.3933852732888795,-0.2854787638381158,1000,-0.06522887100039915,-0.06486315902499075,-0.12006279043771657,-0.011153999610774422,1000
Sichuan Province,3.4282752038107884,-0.34906856905697087,-0.3501464137538415,-0.4052426772669106,-0.2965694397700403,1000,-0.0761443933638089,-0.07574226332014505,-0.131231442576312,-0.0219907755216591,1000
Sichuan Province,3.508244957523471,-0.36018555790334655,-0.3613522534239698,-0.41630000597082617,-0.3073141690011136,1000,-0.0869077168748732,-0.08645288266825894,-0.1419133653233167,-0.03268533089587071,1000
Sichuan Province,3.590080127846162,-0.3711475631422328,-0.3724495990707379,-0.4277769900908164,-0.31785968615949456,1000,-0.09752376526798445,-0.09702496130934171,-0.15245711653019295,-0.04324692452900064,1000
Sichuan Province,3.673824228469568,-0.3819595280342437,-0.38320057547885117,-0.4388947618438055,-0.32817264592140205,1000,-0.1079972277400838,-0.10728140858271595,-0.16286706834549433,-0.053690555958313624,1000
Sichuan Province,3.7595217881076692,-0.3926261652756664,-0.3937356888083046,-0.4503801749276611,-0.3386183556685461,1000,-0.11833257308927991,-0.11756924263323999,-0.1733001851558459,-0.06400973793330712,1000
Sichuan Province,3.847218374174693,-0.4031519705140265,-0.4042843680423669,-0.4616853985078521,-0.34880532453858826,1000,-0.1285340628722496,-0.12775575952227314,-0.1840056568382014,-0.07412296215867775,1000
Sichuan Province,3.936960617014379,-0.4135412349608697,-0.41476306933811635,-0.4728072295158848,-0.3588687351205192,1000,-0.13860576365122768,-0.13784423462976242,-0.19408850005732525,-0.08427684735967876,1000
Sichuan Province,4.028796234694432,-0.4237980571630597,-0.4250934555901826,-0.48380445362108987,-0.3688141870272661,1000,-0.14855155839721595,-0.1477994132378451,-0.2040285444958423,-0.09370331944171921,1000
Sichuan Province,4.122774058379347,-0.43392635399080215,-0.4351847554390892,-0.4944555265529232,-0.3786358851574895,1000,-0.15837515711174366,-0.1576994799356789,-0.21443711871697269,-0.10354161574018637,1000
Sichuan Province,4.218944058295092,-0.44392987089732433,-0.4450876641180868,-0.504364447046905,-0.38835765558159524,1000,-0.16808010672524948,-0.16742131729813586,-0.22451358695098614,-0.11261507415560182,1000
Sichuan Province,4.3173573702994545,-0.4538121915017674,-0.45498162432357836,-0.5148509704619053,-0.397905889809301,1000,-0.17766980032602442,-0.17694960294455941,-0.2343013099433212,-0.1218856182841899,1000
Sichuan Province,4.418066323072179,-0.4635767465435061,-0.4646248525950092,-0.5252092505412322,-0.40727012399924245,1000,-0.1871474857696761,-0.18645086618549223,-0.2443868032722733,-0.13104669642869657,1000
Sichuan Province,4.52112446593937,-0.47322682225284224,-0.47427672105607777,-0.5354428877796137,-0.4163772980901199,1000,-0.19651627371532698,-0.19586366591591228,-0.25434838915145813,-0.1400818211921877,1000
Sichuan Province,4.626586597346926,-0.4827655681798697,-0.48372251611513256,-0.5455553334480644,-0.4253997389295488,1000,-0.20577914513121293,-0.20506515166301076,-0.26418083955507093,-0.1489945898945886,1000
Sichuan Province,4.734508793998165,-0.4921960045203216,-0.493156267017034,-0.555194315463925,-0.4343351977287852,1000,-0.2149389583090489,-0.2142338366298766,-0.27384939728452673,-0.15782694166029715,1000
Sichuan Province,4.844948440671135,-0.5015210289743784,-0.5024689889273792,-0.5644216088831243,-0.4435887539480596,1000,-0.2239984554234502,-0.2234185708640602,-0.28300145624694734,-0.1667926416954743,1000
Sichuan Province,4.9579642607314485,-0.5107434231717534,-0.511573256818441,-0.5735382494204799,-0.45274686970606653,1000,-0.2329602686698552,-0.23232583524691586,-0.2920388628637025,-0.175664178653258,1000
Sichuan Province,5.073616347356891,-0.5198658586938946,-0.5207555072029514,-0.5829842409848682,-0.46181289546779297,1000,-0.24182692601174777,-0.24118917944720908,-0.30096471268014047,-0.18421964684767053,1000
Sichuan Province,5.191966195490369,-0.5288909027218174,-0.5295645010504504,-0.5925215179427014,-0.47080553105456246,1000,-0.2506008565655581,-0.24997772343982258,-0.3097819813328581,-0.19237102960524868,1000
Sichuan Province,5.31307673453823,-0.537821023335947,-0.5384654444260673,-0.6019499288762101,-0.47953957767256267,1000,-0.2592843956493814,-0.2585526067527524,-0.3186331264034448,-0.20056591469055715,1000
Sichuan Province,5.437012361831313,-0.5466585944923323,-0.5471612959900285,-0.6111638624018607,-0.48848674511566925,1000,-0.26787978951958763,-0.267166643796548,-0.3275206994772022,-0.2085703262306956,1000
Sichuan Province,5.5638389768665215,-0.555405900697776,-0.5558548617898722,-0.6199039516627174,-0.4972270131016634,1000,-0.27638919981751014,-0.275657610848696,-0.3363132566910649,-0.2164986184962676,1000
Sichuan Province,5.69362401634715,-0.5640651414047045,-0.5646730844219164,-0.6283133573315652,-0.5057733353007067,1000,-0.28481470774666756,-0.2840019937437559,-0.34501314755574763,-0.22460171198038073,1000
Sichuan Province,5.826436490040564,-0.5726384351450284,-0.573321997811729,-0.6368873414150084,-0.5142145034361263,1000,-0.2931583179993639,-0.29220351521448107,-0.35362263502962055,-0.2326665836429156,1000
Sichuan Province,5.962347017472319,-0.5811278234208052,-0.5815616019033059,-0.6455942993057936,-0.5225798980710695,1000,-0.3014219624500734,-0.30053919993899636,-0.36214389963903654,-0.24065939063116998,1000
Sichuan Province,6.1014278654762375,-0.5895352743681705,-0.589716558993232,-0.6539986092756236,-0.531010525222809,1000,-0.30960750363164175,-0.308705887604256,-0.37058900957061247,-0.24857147242976868,1000
Sichuan Province,6.243752986620382,-0.5978626862097757,-0.5980958337446292,-0.6623218117468003,-0.5390775015512521,1000,-0.31771673800914074,-0.3167105873765612,-0.3790320078772637,-0.2565525604727614,1000
Sichuan Province,6.389398058529382,-0.6061118905098314,-0.6063641996393403,-0.6705657716229786,-0.5471094324517716,1000,-0.3257513990650504,-0.3248162186878949,-0.3873944168277736,-0.26456716246971207,1000
Sichuan Province,6.5384405241240104,-0.6142846552448236,-0.614662452676239,-0.6787322889883064,-0.555074878247116,1000,-0.33371316020842473,-0.3327366627516586,-0.3956780687884342,-0.27226543349312116,1000
Sichuan Province,6.6909596327994185,-0.6223826877019892,-0.6225939839934106,-0.6868231020570189,-0.5629778147453572,1000,-0.34160363751974226,-0.34060805515317355,-0.4038847331314243,-0.2797156710844426,1000
Sichuan Province,6.847036482563901,-0.6304076372167691,-0.6304189191459489,-0.6948332994800511,-0.5708253414256461,1000,-0.34942439234226114,-0.34846671017345965,-0.41201611907102026,-0.28709883567179856,1000
Sichuan Province,7.006754063160622,-0.6383610977596276,-0.6382708199319449,-0.7027604280542894,-0.5786185657893862,1000,-0.3571769337299044,-0.3561372253723164,-0.4202270165758149,-0.29441638890468447,1000
Sichuan Province,7.170197300195224,-0.6462446103818877,-0.6457026688358571,-0.7106164193498885,-0.5863585596637121,1000,-0.3648627207609581,-0.3638639687038844,-0.42806794006612947,-0.30176255548319336,1000
Sichuan Province,7.337453100292774,-0.6540596655295233,-0.6534501143765115,-0.7184028010760534,-0.594058917118223,1000,-0.3724831647261864,-0.371407791805777,-0.43599883653378385,-0.3090766836470527,1000
Sichuan Province,7.508610397308058,-0.6618077052332264,-0.6612367147151643,-0.7261210511825629,-0.6017126248915027,1000,-0.38003963119934575,-0.3788351691500652,-0.4438602608232921,-0.3164107188174131,1000
Sichuan Province,7.683760199613822,-0.6694901251824672,-0.6688813864939542,-0.734445666872402,-0.6092992624344118,1000,-0.38753344199750545,-0.3862353888392065,-0.45158401202518755,-0.3240629317216388,1000
Sichuan Province,7.862995638492068,-0.6771082766907274,-0.6763637046543328,-0.7417274181014784,-0.6165705456177023,1000,-0.394965877038052,-0.3936894777722407,-0.4588515231044772,-0.3316655047101907,1000
Sichuan Province,8.046412017654148,-0.6846634685585807,-0.6840152704758238,-0.7489213538229889,-0.6240484156975188,1000,-0.40233817609876804,-0.4010629458608297,-0.4665397837951114,-0.33915712970682405,1000
Sichuan Province,8.234106863915997,-0.6921569688408384,-0.6916326765730643,-0.7567348099410416,-0.6311286750293365,1000,-0.40965154048692737,-0.40812143398333955,-0.47416630861040193,-0.34666394303012305,1000
Sichuan Province,8.426179979055448,-0.6995900065235416,-0.699028269458305,-0.7644993895532372,-0.6381515071409124,1000,-0.41690713462293655,-0.4153753997369531,-0.48173231944171635,-0.35378417316466393,1000
Sichuan Province,8.622733492879188,-0.7069637731161938,-0.7062655979587618,-0.7714208228905095,-0.6451505579484617,1000,-0.42410608754366425,-0.42243281378098096,-0.4892328089026153,-0.36044951177032813,1000
Sichuan Province,8.823871917527581,-0.7142794241642557,-0.7133832547138854,-0.7784313504525675,-0.6525660917232705,1000,-0.431249494330255,-0.4295449121044779,-0.49650064621215007,-0.367060284041888,1000
Sichuan Province,9.029702203046249,-0.7215380806865928,-0.7203612910645234,-0.7860626702567036,-0.6599275119040562,1000,-0.43833841746489216,-0.4368338764616675,-0.5040227225224185,-0.37432738476230026,1000
Sichuan Province,9.240333794253923,-0.7287408305422467,-0.7276175274788759,-0.7936521853118398,-0.6670336575342852,1000,-0.4453738881206764,-0.44381974498846277,-0.5110201823469334,-0.38140434750765356,1000
Sichuan Province,9.455878688936846,-0.7358887297306139,-0.7347564072592417,-0.8006163275099312,-0.6739105224499522,1000,-0.45235690738850637,-0.4507855738295101,-0.5178042435043132,-0.3883741580366366,1000
Sichuan Province,9.676451497400627,-0.742982803628849,-0.7418146764358141,-0.8072937898096413,-0.6807343087611006,1000,-0.45928844744458847,-0.45759511908074785,-0.5251087859120094,-0.3952371092098148,1000
Sichuan Province,9.902169503411255,-0.7500240481700577,-0.7487049664768756,-0.8140106208292021,-0.6877357183310481,1000,-0.4661694526619706,-0.4645582537903695,-0.5317226879968594,-0.40166558199987995,1000
Sichuan Province,10.133152726557643,-0.7570134309656169,-0.755519884223603,-0.8209646624481921,-0.6947767769355323,1000,-0.47300084066926257,-0.4714014859887853,-0.5382791488338453,-0.40806076726754903,1000
Sichuan Province,10.369523986068852,-0.7639518923747367,-0.7623440679809748,-0.8278670761486998,-0.7013220519570122,1000,-0.47978350335950976,-0.47813930371748714,-0.544779108483413,-0.414441451754089,1000
Sichuan Province,10.611408966120022,-0.7708403465241975,-0.769346772499774,-0.8348123941021612,-0.7079625636696983,1000,-0.48651830785199607,-0.4848535520872601,-0.5514471801198287,-0.42129506025472147,1000
Sichuan Province,10.858936282661562,-0.7776796822809884,-0.7762917246811775,-0.8418473798855154,-0.7142638883314668,1000,-0.4932060974095634,-0.49147608269953524,-0.5581513009947353,-0.42810575995954586,1000
Sichuan Province,11.112237551807304,-0.7844707641804187,-0.783015450651483,-0.8482982791409698,-0.7206684759891738,1000,-0.4998476923138911,-0.49805203770715745,-0.5647040844308908,-0.4348742677284297,1000
Sichuan Province,11.37144745981792,-0.7912144333121073,-0.7898840540505593,-0.8550171742094026,-0.7270359799501637,1000,-0.506443890701008,-0.5044491927133676,-0.5711717456596551,-0.4416012814917352,1000
Sichuan Province,11.636703834716739,-0.7979115081661066,-0.7963358800732112,-0.8616889240674721,-0.7334283864831143,1000,-0.5129954693591763,-0.5110652623258735,-0.5776420873655747,-0.4479311305979076,1000
Sichuan Province,11.908147719576188,-0.8045627854412777,-0.8029303188271146,-0.8683143401070879,-0.739786937980762,1000,-0.5195031844911564,-0.5174096107927195,-0.5838269174289732,-0.45365017357757154,1000
Sichuan Province,12.18592344751373,-0.8111690408179117,-0.8095817626484068,-0.8748942122400234,-0.7462204722385715,1000,-0.5259677724427327,-0.5238695375798897,-0.5898841990761494,-0.459325231370611,1000
Sichuan Province,12.470178718437154,-0.8177310296964603,-0.8158952995899826,-0.8814293096539346,-0.7527958345548431,1000,-0.53238995039927,-0.5302104614855383,-0.596484248856623,-0.46530254859872244,1000
Sichuan Province,12.76106467758012,-0.8242494879041382,-0.822567059849882,-0.8881108717658526,-0.7592434354562059,1000,-0.5387704170519656,-0.536476809267701,-0.6030915193752875,-0.4717312996631122,1000
Sichuan Province,13.058735995869664,-0.8307251323710488,-0.8289026355944393,-0.894772832004728,-0.7655827149306553,1000,-0.5451098532353582,-0.5427156011230484,-0.6093425151654849,-0.4781220796796975,1000
Sichuan Province,13.36335095216834,-0.8371586617773876,-0.8353398882820502,-0.9013878670473612,-0.7714957504133567,1000,-0.551408922537562,-0.5489340803547063,-0.6157419983404124,-0.484475481589787,1000
Sichuan Province,13.675071517434843,-0.8435507571731901,-0.8416752496225166,-0.9079567627349585,-0.7776704844543928,1000,-0.5576682718846155,-0.5552783264054066,-0.6218693491579574,-0.490792083729295,1000
Sichuan Province,13.994063440847814,-0.8499020825719997,-0.8481484604384588,-0.9144802848642772,-0.783985000366565,1000,-0.5638885321002423,-0.5617676144750541,-0.6279398617347987,-0.4970724503149291,1000
Sichuan Province,14.320496337938545,-0.8562132855197624,-0.8545018791344268,-0.9210073058503966,-0.7899465041938716,1000,-0.5700703184422569,-0.5677492094145673,-0.6341032210458607,-0.5033171319101128,1000
Sichuan Province,14.654543780779578,-0.8624849976401628,-0.860770034447943,-0.9276144946505933,-0.7961272303247758,1000,-0.5762142311167664,-0.5736778892469145,-0.6399574497843106,-0.5094582109801391,1000
Sichuan Province,14.99638339027709,-0.8687178351575685,-0.8670819177636291,-0.9345959192715306,-0.8022699428356135,1000,-0.5823208557712674,-0.5797130886589874,-0.6459556069229503,-0.5156426737694302,1000
Sichuan Province,15.346196930616085,-0.8749123993986676,-0.8732715697492439,-0.9412422427737624,-0.808160411348442,1000,-0.5883907639676573,-0.5857755791050576,-0.652072807156762,-0.5218003949388796,1000
Sichuan Province,15.70417040590871,-0.8810692772738251,-0.8792511765551824,-0.9471663616357163,-0.8140144044397324,1000,-0.5944245136361443,-0.5917248129755286,-0.6585710238937855,-0.527708163657745,1000
Sichuan Province,16.070494159097066,-0.8871890417391421,-0.8853457442974879,-0.9537158258041459,-0.8198327779309197,1000,-0.600422649510959,-0.5974585174942919,-0.6644730294514948,-0.5332771769748145,1000
Sichuan Province,16.44536297316297,-0.8932722522401232,-0.8915390150581339,-0.9601482029778973,-0.8256221837886151,1000,-0.6063857035487472,-0.6034335232816633,-0.6703488177347076,-0.5394521060435851,1000
Sichuan Province,16.82897617469873,-0.8993194551378259,-0.8974313529255469,-0.9666226600001112,-0.8313767678032806,1000,-0.6123141953304532,-0.6091694007635199,-0.6762904441950087,-0.5451734363679909,1000
Sichuan Province,17.221537739893765,-0.9053311841183216,-0.9032774954975424,-0.9730621970513623,-0.8370258253459092,1000,-0.6182086324474765,-0.6151261808788056,-0.6828427514363272,-0.5508649313185193,1000
Sichuan Province,17.623256402993533,-0.9113079605862279,-0.9092779450680906,-0.9794673092591383,-0.8423535706828911,1000,-0.6240695108728223,-0.6210699126607299,-0.6892617735549886,-0.5565511266597171,1000
Sichuan Province,18.034345767288528,-0.9172502940430576,-0.9151632136861954,-0.9858384806831673,-0.8476469808445403,1000,-0.6298973153179637,-0.626995828191006,-0.6952132699091822,-0.5619759103883653,1000
Sichuan Province,18.455024418692105,-0.923158682451092,-0.9209907510660091,-0.9920587246252872,-0.8532239652085815,1000,-0.6356925195760215,-0.6329502618862911,-0.7016748216257291,-0.5674363763799086,1000
Sichuan Province,18.885516041967808,-0.9290336125834029,-0.9267672923256796,-0.9979117724596331,-0.8589946296170623,1000,-0.6414555868519602,-0.6385592219202535,-0.7073998784609129,-0.5728931193204796,1000
Sichuan Province,19.326049539667853,-0.9348755603606876,-0.9323951356945502,-1.0037301933562828,-0.8648090489661332,1000,-0.6471869700803086,-0.6443477930579897,-0.7135751966301576,-0.578330242584099,1000
Sichuan Province,19.776859153845976,-0.9406849911754864,-0.9378704414112342,-1.0095034582437137,-0.8705944438287342,1000,-0.6528871122310131,-0.650021182706478,-0.7193103552126511,-0.5837392146003801,1000
Sichuan Province,20.238184590609468,-0.9464623602043505,-0.943302622198857,-1.0155009872288139,-0.8762197939362466,1000,-0.6585564466039466,-0.6554899681729995,-0.7250124984130751,-0.5891197221104361,1000
Sichuan Province,20.710271147576613,-0.9522081127084902,-0.9489811098221446,-1.0215188814816376,-0.8816830040281185,1000,-0.6641953971125456,-0.6610938351468153,-0.7306820936532606,-0.594472152267274,1000
Sichuan Province,21.19336984430715,-0.9579226843234071,-0.9547804027731808,-1.0275205160257395,-0.8871160911381217,1000,-0.6698043785570997,-0.666720706828956,-0.7363195981304385,-0.5997968839589255,1000
Sichuan Province,21.68773755577532,-0.9636065013380058,-0.9605698565522864,-1.0336767436648042,-0.8925194700362068,1000,-0.6753837968881067,-0.6720649796608397,-0.7420726394186418,-0.6050942880462887,1000
Sichuan Province,22.193637148956405,-0.9692599809636208,-0.9664215107685559,-1.039581233439435,-0.8976634595301233,1000,-0.6809340494601217,-0.6774032548164569,-0.7480220815650493,-0.6102567612703388,1000
Sichuan Province,22.711337622599206,-0.9748835315933871,-0.971810621766638,-1.045336684196343,-0.9025673705049808,1000,-0.6864555252765561,-0.6827893740676234,-0.752974265315456,-0.6152790911860199,1000
Sichuan Province,23.241114250259074,-0.9804775530524097,-0.9774666531456988,-1.0511940731233709,-0.9078856918357294,1000,-0.6919486052257378,-0.6881621356559529,-0.7584848509624961,-0.6205516176804978,1000
Sichuan Province,23.783248726667388,-0.9860424368390635,-0.9830971880998499,-1.0570429406970003,-0.9131789712008904,1000,-0.6974136623086846,-0.6935524419647531,-0.7639654426063298,-0.6255674719638745,1000
Sichuan Province,24.3380293175152,-0.9915785663578414,-0.9887052738813583,-1.063341970005519,-0.9184544313591839,1000,-0.7028510618588628,-0.6989992711146411,-0.769631624290527,-0.6302717287371704,1000
Sichuan Province,24.905751012731002,-0.9970863171440785,-0.9940640113550954,-1.068883932794517,-0.9237020868351438,1000,-0.7082611617543262,-0.7044199321219032,-0.775543615396361,-0.63522740639648,1000
Sichuan Province,25.486715683333756,-1.0025660570809003,-0.9995557146849948,-1.0748001182655762,-0.9289223026811789,1000,-0.713644312622512,-0.7098427210342821,-0.7814283890347965,-0.6405034537135983,1000
Sichuan Province,26.081232241944857,-1.00801814660872,-1.0049248874976224,-1.0801982947139313,-0.9341154365051482,1000,-0.7190008580380358,-0.7153060610178102,-0.787270629007183,-0.6449438387666021,1000
Sichuan Province,26.6896168070443,-1.0134429389275772,-1.0103213793441672,-1.0858396681934521,-0.9391556022208866,1000,-0.7243311347137065,-0.7206698401472225,-0.7930813486194633,-0.6496924189161145,1000
Sichuan Province,27.31219287105828,-1.0188407801926185,-1.0156538367664134,-1.0913167871431504,-0.9440113477842057,1000,-0.7296354726851195,-0.7259252018979949,-0.798281566935237,-0.6544911205377004,1000
Sichuan Province,27.94929147236775,-1.0242120097029963,-1.020849191078354,-1.096786183424191,-0.9489546924935541,1000,-0.7349141954890244,-0.7311132872365697,-0.8034561850315262,-0.659264390600213,1000
Sichuan Province,28.601251371329415,-1.029556960084445,-1.0261556506261966,-1.1024956383670015,-0.9540808625594084,1000,-0.7401676203357423,-0.7362295613081384,-0.8090244342031986,-0.6640231662053073,1000
Sichuan Province,29.268419230402497,-1.034875957465794,-1.0315546714420916,-1.1083881682178818,-0.9591839099006817,1000,-0.7453960582758725,-0.7416123189900179,-0.8145670691954356,-0.6687701572506116,1000
Sichuan Province,29.951149798477392,-1.0401693216496528,-1.036591127788173,-1.1142549839325664,-0.9642369127139312,1000,-0.7505998143615018,-0.7469439420179462,-0.8200843981413889,-0.6734927920637507,1000
Sichuan Province,30.649806099504072,-1.0454373662775,-1.0417003824268383,-1.1204685968864871,-0.9688331309577024,1000,-0.7557791878021427,-0.751902124560422,-0.825570871544784,-0.6780471428258525,1000
Sichuan Province,31.364759625520396,-1.05068039898939,-1.0471118631119285,-1.1266909294307252,-0.9734045577965792,1000,-0.7609344721156039,-0.7570921894430063,-0.8310262025522824,-0.6828466902982787,1000
Sichuan Province,32.09639053418323,-1.055898721578497,-1.0525400547446608,-1.1321746293727935,-0.9779515108882048,1000,-0.7660659552739881,-0.7621368233567928,-0.8364571162016127,-0.6874931573586449,1000
Sichuan Province,32.845087850907284,-1.0610926301406938,-1.057863211305829,-1.1376008028279203,-0.9824834619196484,1000,-0.7711739198450089,-0.7672602561955798,-0.8418638984207477,-0.6921588463469492,1000
Sichuan Province,33.61124967571902,-1.066262415219326,-1.063160931281116,-1.1431697856321767,-0.9874487083425687,1000,-0.7762586431287997,-0.772379186918399,-0.8473107488756747,-0.6970059248265673,1000
Sichuan Province,34.39528339493589,-1.071408361945432,-1.0682369844695452,-1.1488548290306189,-0.9914545648844149,1000,-0.7813203972903913,-0.777607685175772,-0.8528894457723459,-0.7016468416094238,1000
Sichuan Province,35.197605897783234,-1.0765307501734962,-1.073338771564587,-1.1543828569685446,-0.9959007241203844,1000,-0.7863594494880255,-0.7827493003578043,-0.8581444038748107,-0.7065343432470864,1000
Sichuan Province,36.01864379806412,-1.0816298546129857,-1.078109860438818,-1.1601233480741884,-1.0003298607299793,1000,-0.7913760619974544,-0.787750679318798,-0.8641222819438424,-0.7107273728650823,1000
Sichuan Province,36.85883366099993,-1.0867059449557617,-1.083194840043863,-1.1658613276146845,-1.004796171923782,1000,-0.7963704923323749,-0.7926262740877661,-0.8685934517515286,-0.7151498668874656,1000
Sichuan Province,37.718622235362474,-1.091759285999555,-1.0881695096181587,-1.1715812065704745,-1.0093067934941522,1000,-0.8013429933611436,-0.797615345488502,-0.8740003846221404,-0.7199052384100869,1000
Sichuan Province,38.59846669102074,-1.0967901377676676,-1.0930904097646523,-1.177278335736605,-1.0134877530475341,1000,-0.8062938134199285,-0.8026694149100257,-0.8796143171332182,-0.7241622205442616,1000
Sichuan Province,39.49883486202902,-1.1017987556249667,-1.097966823924132,-1.1829515875435697,-1.0179200078684356,1000,-0.8112231964223839,-0.8075290734723689,-0.8849079686787956,-0.7282454850996942,1000
Sichuan Province,40.4202054953852,-1.1067853903903992,-1.102723102793214,-1.188583254256975,-1.0223316501248467,1000,-0.8161313819660219,-0.8124989704313983,-0.8903532039271111,-0.7331079460546268,1000
Sichuan Province,41.363068505591876,-1.1117502884460893,-1.1075430530740342,-1.1940561329650217,-1.026441795535857,1000,-0.8210186054353736,-0.8175936506858688,-0.8957743715189582,-0.7379773532453084,1000
Sichuan Province,42.32792523515553,-1.1166936918431565,-1.1124931090267998,-1.1991981556816738,-1.0306842052297236,1000,-0.8258850981020602,-0.8226186193770164,-0.9007821426865918,-0.742827795563722,1000
Sichuan Province,43.315288721162034,-1.1216158384043913,-1.1172647330983145,-1.2048282077649721,-1.0349412267285443,1000,-0.8307310872218947,-0.8274681127198542,-0.9052701850246605,-0.7475112165065969,1000
Sichuan Province,44.325683968070635,-1.1265169618238773,-1.1220127562530087,-1.2106582740755811,-1.0391866371865857,1000,-0.8355567961291039,-0.8321012681155331,-0.9101945608185552,-0.7516900277124808,1000
Sichuan Province,45.359648226871286,-1.1313972917636774,-1.1268304065614712,-1.2155850260417436,-1.043384323028272,1000,-0.8403624443277817,-0.8369957798748566,-0.9153974546423547,-0.7558482505542715,1000
Sichuan Province,46.41773128075353,-1.1362570539476868,-1.131432630184582,-1.220998149284477,-1.0475736204269017,1000,-0.8451482475806813,-0.8416886802445293,-0.9206047133704941,-0.75998608201371,1000
Sichuan Province,47.500495737439245,-1.1410964702527597,-1.1361757289640038,-1.2263984726652764,-1.0516653258374644,1000,-0.8499144179954106,-0.846310335808623,-0.9257898296998908,-0.7641037586868542,1000
Sichuan Province,48.608517328334564,-1.145915758797183,-1.1408947604844901,-1.231591606332124,-1.0557139746658704,1000,-0.8546611641081547,-0.8510006102270662,-0.9309560397349471,-0.768201512962371,1000
Sichuan Province,49.74238521465965,-1.1507151340266204,-1.1456123035587285,-1.236346138477546,-1.0600229426874823,1000,-0.8593886909649828,-0.8556882876507261,-0.9361035336419552,-0.7722795731210946,1000
Sichuan Province,50.90270230071971,-1.1554948067975805,-1.1503751493594678,-1.2416557498518643,-1.0641339361567455,1000,-0.8640972002008476,-0.8604436495645162,-0.9412324985204417,-0.7765098362386739,1000
Sichuan Province,52.09008555448351,-1.160254984458519,-1.1551078092760971,-1.2465601712473733,-1.0682259010043593,1000,-0.8687868901163331,-0.8650842590113079,-0.9462711710094753,-0.7808175510839728,1000
Sichuan Province,53.30516633563966,-1.1649958709286496,-1.1596894225724426,-1.2514404183349332,-1.0722990486343553,1000,-0.8734579557522371,-0.8698357746701009,-0.9514698774963137,-0.7846769014021892,1000
Sichuan Province,54.54859073130552,-1.1697176667745253,-1.1641742713061314,-1.2562968372721213,-1.0763535868322622,1000,-0.8781105889620715,-0.8745822510044269,-0.9565497447803768,-0.7883724345007425,1000
Sichuan Province,55.82101989956701,-1.174420569284489,-1.168712657905222,-1.2611316740639424,-1.0803897198478016,1000,-0.8827449784825323,-0.8792117106835662,-0.9616084160661832,-0.7924795142333607,1000
Sichuan Province,57.12313042103187,-1.1791047725410515,-1.173078100210616,-1.2659461876177633,-1.0844076484752239,1000,-0.8873613100020219,-0.8839231497852177,-0.9664558418074888,-0.7966150395109592,1000
Sichuan Province,58.455614658583634,-1.183770467491265,-1.177823852437716,-1.2707412909710976,-1.0884075701313856,1000,-0.8919597662272685,-0.888457214962947,-0.9711867949500254,-0.8011318035587928,1000
Sichuan Province,59.81918112552719,-1.1884178420151614,-1.1825730087581068,-1.2755800676967863,-1.0923896789316307,1000,-0.8965405269481441,-0.8930958159236313,-0.9766707997590589,-0.8054756353030873,1000
Sichuan Province,61.21455486232208,-1.1930470809923226,-1.187310335731365,-1.2806768485682818,-1.0961026002324585,1000,-0.901103769100688,-0.8973731573572302,-0.9817086335403145,-0.8092839054401317,1000
Sichuan Province,62.642477822103714,-1.1976583663666391,-1.1920497771409106,-1.2857548314624143,-1.0996933147250207,1000,-0.9056496668284397,-0.9018284550941509,-0.9867009745237314,-0.8130745438390833,1000
Sichuan Province,64.10370926519715,-1.2022518772093127,-1.1965411271212116,-1.2908183849562884,-1.103502787743629,1000,-0.9101783915421136,-0.9060676221716497,-0.9916765440332289,-0.8170229876009426,1000
Sichuan Province,65.59902616283385,-1.2068277897801694,-1.200949773714656,-1.2962649055454694,-1.107586878778689,1000,-0.9146901119776667,-0.910573917525058,-0.9966354986432797,-0.821047685849875,1000
Sichuan Province,67.1292236102857,-1.211386277587336,-1.2054634029900066,-1.3015696996897297,-1.1117243920166797,1000,-0.9191849942528312,-0.9149081605320144,-1.001743285798324,-0.8250559630296224,1000
Sichuan Province,68.6951152496357,-1.215927511445317,-1.209836862192136,-1.3066213163340992,-1.1153756993210155,1000,-0.9236632019221351,-0.9192848245842637,-1.0069264404001241,-0.8290513495842019,1000
Sichuan Province,70.29753370241079,-1.2204516595315462,-1.214370698763196,-1.3118515962934552,-1.119445228307828,1000,-0.9281248960304773,-0.9235465040354798,-1.0120862558802228,-0.8330386181288427,1000
Sichuan Province,71.93733101230643,-1.224958887441446,-1.218603833138709,-1.317060478133135,-1.1235413035901074,1000,-0.9325702351652998,-0.9280163820905329,-1.017220117059242,-0.8370099865796616,1000
Sichuan Province,73.61537909823818,-1.2294493582420414,-1.223013097879301,-1.322287049957872,-1.1274681683595602,1000,-0.9369993755073911,-0.9324420339146438,-1.0223387366194885,-0.840965612865067,1000
Sichuan Province,75.33257021796157,-1.2339232325241856,-1.2274519715723784,-1.3275617186493076,-1.1312880317584009,1000,-0.9414124708803744,-0.9370297726391069,-1.027442247281008,-0.8449056524661244,1000
Sichuan Province,77.08981744250684,-1.238380668453425,-1.231813562140057,-1.3328206518074963,-1.1350920197651129,1000,-0.9458096727989254,-0.9415236053607505,-1.032530779880503,-0.8488302584675881,1000
Sichuan Province,78.88805514167998,-1.2428218218195626,-1.2360690901857008,-1.338063985772107,-1.1388802919697447,1000,-0.9501911305157378,-0.9458478490449932,-1.0373481966533562,-0.8528528958844415,1000
Sichuan Province,80.7282394808894,-1.247246846084938,-1.240335785658588,-1.343291854961887,-1.1427361478174034,1000,-0.9545569910672991,-0.9502877913266614,-1.0419061927138837,-0.856910328046779,1000
Sichuan Province,82.61134892956177,-1.2516558924314944,-1.2445433650983606,-1.348491176263482,-1.1463957090442973,1000,-0.9589073993184993,-0.9546013454136708,-1.0464403489381389,-0.8609532490846836,1000
Sichuan Province,84.53838478141695,-1.2560491098066349,-1.248611004359346,-1.35367452653665,-1.150125277258564,1000,-0.9632424980061165,-0.9587950061039506,-1.0509513504154004,-0.864981793689251,1000
Sichuan Province,86.51037168687985,-1.2604266449679309,-1.2531213166569244,-1.3585782995686346,-1.1538559934020798,1000,-0.9675624277811994,-0.9630918952705001,-1.0558399762730204,-0.8687492680318335,1000
Sichuan Province,88.52835819791093,-1.2647886425267059,-1.2573080059550352,-1.3633821655459315,-1.1577386204583489,1000,-0.9718673272503986,-0.9673627829630131,-1.0607223147659877,-0.8721721451063897,1000
Sichuan Province,90.59341732554617,-1.269135244990532,-1.2614061964448076,-1.368699809339442,-1.1617794159029333,1000,-0.976157333016265,-0.9715295719050898,-1.0651206860721083,-0.8758467958057271,1000
Sichuan Province,92.70664711044245,-1.273466592804668,-1.2658064336422694,-1.3741379166370336,-1.1653972766042258,1000,-0.9804325797165503,-0.9755938207700733,-1.0695122750145283,-0.8796463976831583,1000
Sichuan Province,94.86917120673141,-1.277782824392476,-1.2704069777730762,-1.3789491843393806,-1.1688767831108797,1000,-0.984693200062541,-0.9799298612153398,-1.0744039398182617,-0.8834390324043058,1000
Sichuan Province,97.08213947949301,-1.282084076194841,-1.2749531828892728,-1.3843580658634507,-1.1726545916828028,1000,-0.9889393248764493,-0.9840200130167487,-1.079405130874769,-0.8872246438096595,1000
Sichuan Province,99.34672861616605,-1.286370482708628,-1.2791291750850229,-1.3895751645379484,-1.1764639386240636,1000,-0.9931710831278939,-0.988106211615317,-1.0845787394378774,-0.8911720060893152,1000
Sichuan Province,101.66414275222037,-1.290642176524202,-1.2837481142311393,-1.3944087546483839,-1.180259417195384,1000,-0.9973886019694984,-0.9924769792491595,-1.0897169030375204,-0.8951058508644929,1000
Sichuan Province,104.03561411142427,-1.2948992883620403,-1.2882424216365984,-1.399227501103122,-1.184041154069398,1000,-1.0015920067716229,-0.9965270273730092,-1.0945169972913014,-0.8990262981150632,1000
Sichuan Province,106.46240366104679,-1.299141947108457,-1.292377452153175,-1.4040315290776317,-1.18780927410767,1000,-1.0057814211562683,-1.0003456075697263,-1.0992740757353179,-0.9029334661385543,1000
Sichuan Province,108.9458017823442,-1.3033702798504772,-1.2963712008378774,-1.408820962053783,-1.1915639003956082,1000,-1.0099569670301651,-1.0044013205664712,-1.1042079000413956,-0.9065755718364638,1000
Sichuan Province,111.48712895668554,-1.3075844119098745,-1.3004724224451054,-1.4135959218511602,-1.195305154276537,1000,-1.0141187646170795,-1.0083784845497976,-1.1091285717997958,-0.9099671295105023,1000
Sichuan Province,114.08773646768408,-1.311784466876399,-1.304655912696579,-1.418356528657644,-1.1990331553849456,1000,-1.0182669324893452,-1.0124013750278755,-1.1140361947113158,-0.9133454203848781,1000
Sichuan Province,116.74900711970662,-1.3159705666402255,-1.308681995399117,-1.423227759203876,-1.202748021678953,1000,-1.0224015875986685,-1.016453069173087,-1.1189301586317757,-0.9167718602965249,1000
Sichuan Province,119.47235597314324,-1.3201428314236283,-1.312716273082895,-1.4281253775591969,-1.2064498694719932,1000,-1.026522845306192,-1.0205724924650155,-1.1235765084717002,-0.9202915802738296,1000
Sichuan Province,122.2592310968281,-1.3243013798119312,-1.3168923129987677,-1.43300952898337,-1.2101388134637487,1000,-1.0306308194118732,-1.0245655140846308,-1.128027543752165,-0.924155750743709,1000
Sichuan Province,125.11111433801233,-1.3284463287837103,-1.32076308228792,-1.437880319741365,-1.213814966770366,1000,-1.0347256221831689,-1.0289707659723426,-1.133058064937538,-0.9278117577784536,1000
Sichuan Province,128.02952211029643,-1.3325777937403238,-1.3248600530534875,-1.442748935720945,-1.2171759511636708,1000,-1.0388073643830642,-1.0328131823728586,-1.138076084325647,-0.9312122145076854,1000
Sichuan Province,131.01600619994366,-1.3366958885347437,-1.32925045727022,-1.4476792452954195,-1.2205101404608287,1000,-1.0428761552974544,-1.0368955827424813,-1.1430792766776174,-0.9345187124672599,1000
Sichuan Province,134.07215459100124,-1.340800725499729,-1.3336529956405065,-1.4525964804417402,-1.2240983195791983,1000,-1.046932102761899,-1.040864806629624,-1.1476562273606001,-0.9378187179348308,1000
Sichuan Province,137.199592309669,-1.3448924154753565,-1.337620513777503,-1.457500741692325,-1.2276738884176337,1000,-1.050975313187765,-1.045113804727658,-1.152194278790687,-0.941110420085243,1000
Sichuan Province,140.39998228836393,-1.3489710678359212,-1.3416687076325817,-1.4623354647939062,-1.2310246021520606,1000,-1.055005891587786,-1.0492218016319526,-1.1567189760848644,-0.944389858960908,1000
Sichuan Province,143.6750262499412,-1.3530367905162357,-1.3455185063006798,-1.4667829811646749,-1.2341355593364587,1000,-1.059023941601028,-1.0533767359458215,-1.1612304259450499,-0.947816590829097,1000
Sichuan Province,147.0264656125395,-1.3570896900373246,-1.3494103122168337,-1.4715635144236556,-1.2372340838031834,1000,-1.0630295655173132,-1.0572462968768583,-1.165728733708434,-0.9514365688040809,1000
Sichuan Province,150.45608241553467,-1.361129871531553,-1.3530753690009782,-1.4763314872143787,-1.240326318173401,1000,-1.0670228643010802,-1.061144132722205,-1.1702140033713158,-0.954768352290838,1000
Sichuan Province,153.96570026709196,-1.3651574387671868,-1.3569093404025698,-1.4810843633168742,-1.2434091191222272,1000,-1.0710039376147291,-1.0649929304984749,-1.1746863376124033,-0.9580375268632336,1000
Sichuan Province,157.55718531382155,-1.369172494172412,-1.3610329952693723,-1.4858140633212216,-1.2464798266648602,1000,-1.0749728838414356,-1.0688338430058828,-1.1791441637721054,-0.9614666320660169,1000
Sichuan Province,161.23244723305245,-1.373175138858817,-1.365026765666769,-1.490375956858937,-1.2495385505445105,1000,-1.07892980010747,-1.072922290293392,-1.1835835751192194,-0.9649548315090202,1000
Sichuan Province,164.99344024825385,-1.3771654726443632,-1.368975139903431,-1.4946652492081567,-1.2525853989813396,1000,-1.0828747823040241,-1.0767889423968047,-1.1880103305846992,-0.9684313901385244,1000
Sichuan Province,168.8421641681406,-1.3811435940758483,-1.3727696658731168,-1.4989420591500253,-1.255827312373185,1000,-1.0868079251085607,-1.080672301634677,-1.1924245280789534,-0.9718964048097224,1000
Sichuan Province,172.78066545001963,-1.3851096004508767,-1.376686648253982,-1.5032054544021085,-1.2591483798308032,1000,-1.0907293220056975,-1.0845483424659337,-1.1968262642995586,-0.9753499711169075,1000
Sichuan Province,176.81103828793903,-1.3890635878393605,-1.3806645055549551,-1.5074461612113188,-1.2624580515941695,1000,-1.0946390653076428,-1.0883313256402118,-1.2012156347517642,-0.9787921834156146,1000
Sichuan Province,180.93542572622073,-1.3930056511045452,-1.3848126097047406,-1.5116746609839717,-1.2657564231393528,1000,-1.0985372461741842,-1.0922902232258331,-1.205592733768576,-0.9822231348442693,1000
Sichuan Province,185.156020798968,-1.3969358839235924,-1.3888595187285708,-1.5158910476164524,-1.269043588698176,1000,-1.1024239546322532,-1.0962679183212383,-1.2099576545304045,-0.9856429173453665,1000
Sichuan Province,189.47506769615262,-1.4008543788077104,-1.392733301343299,-1.5200954138531044,-1.2723196412800093,1000,-1.1062992795950721,-1.1001198288962202,-1.2143104890842993,-0.9890536843206653,1000
Sichuan Province,193.89486295690432,-1.404761227121865,-1.3962823059903877,-1.5242878513054887,-1.2755846726930975,1000,-1.1101633088808862,-1.1041660434587839,-1.2186513283627751,-0.9924611713130256,1000
Sichuan Province,198.41775669063443,-1.408656519104065,-1.3999736584295652,-1.5284684504712474,-1.2787395180607908,1000,-1.1140161292313102,-1.1077129391783924,-1.2229802622022474,-0.9958577594186753,1000
Sichuan Province,203.04615382664483,-1.4125403438842412,-1.4037794909259502,-1.532855037987057,-1.2817309180069096,1000,-1.1178578263292773,-1.111485199019588,-1.2272973793610837,-0.9992435358587164,1000
Sichuan Province,207.78251539288505,-1.4164127895027285,-1.4073943556979083,-1.5372662870474594,-1.2847163358742237,1000,-1.1216884848166198,-1.115285747003962,-1.2319400610437403,-1.002618586760454,1000
Sichuan Province,212.62935982453996,-1.4202739429283573,-1.4111194523526416,-1.541665893005768,-1.2876925672100161,1000,-1.125508188311275,-1.1192446008242842,-1.2368807424560715,-1.0059829971759158,1000
Sichuan Province,217.58926430313986,-1.4241238900761723,-1.4148626085177614,-1.5460539406039115,-1.2906578935864303,1000,-1.1293170194241375,-1.122956375309926,-1.2418112256377896,-1.0091648137802958,1000
Sichuan Province,222.66486612690946,-1.4279627158247736,-1.418450576187411,-1.55043178611839,-1.2936124077367575,1000,-1.133115059775561,-1.1266767805758715,-1.246525088238872,-1.0121595595583326,1000
Sichuan Province,227.85886411308147,-1.4317905040333143,-1.422148738148966,-1.554809998525724,-1.2965562011857168,1000,-1.136902390011519,-1.130450281315866,-1.250794707420512,-1.0151441635650023,1000
Sichuan Province,233.1740200329213,-1.435607337558124,-1.4259705401767926,-1.559176907481551,-1.2994893642704626,1000,-1.1406790898194343,-1.1342151124370246,-1.255053286623423,-1.0184255806927955,1000
Sichuan Province,238.6131600802258,-1.4394132982690158,-1.42992208603285,-1.5635325936830766,-1.3024119861611323,1000,-1.1444452379436816,-1.1377787970472708,-1.2593009047604646,-1.0218577657356624,1000
Sichuan Province,244.17917637407817,-1.4432084670652439,-1.4338926329847106,-1.567877136900036,-1.3053241548809609,1000,-1.1482009122007804,-1.1416117362792777,-1.2635376398366749,-1.0252372091310167,1000
Sichuan Province,249.87502849665435,-1.446992923891141,-1.437515206396769,-1.5722106159892908,-1.308225957325956,1000,-1.151946189494271,-1.1452531834704684,-1.2677635689635587,-1.0282988245863955,1000
Sichuan Province,255.70374506690382,-1.4507667477514377,-1.4408924147471394,-1.576533108909137,-1.3111174792841584,1000,-1.155681145829301,-1.149020159098297,-1.2724451101814689,-1.0313506049633605,1000
Sichuan Province,261.66842535093735,-1.4545300167262736,-1.4444801156844933,-1.5808446927333364,-1.3140169999105669,1000,-1.1594058563269036,-1.152782604071152,-1.2772922777900815,-1.0343926272819184,1000
Sichuan Province,267.77224090997964,-1.4582828079859071,-1.4485911718263742,-1.585145443664857,-1.3171030741943903,1000,-1.1631203952380058,-1.1562904679862096,-1.2821298793390337,-1.037424967623351,1000
Sichuan Province,274.0184372867646,-1.46202519780513,-1.452324784878292,-1.5894354370493566,-1.3201794831973113,1000,-1.1668248359571456,-1.1599370392402584,-1.28695797528407,-1.0404477011456048,1000
Sichuan Province,280.41033573126487,-1.465757261577391,-1.4558452423157693,-1.5937147473883908,-1.3232463012057465,1000,-1.1705192510359204,-1.163639394561483,-1.2917571035050741,-1.0434609020983707,1000
Sichuan Province,286.95133496668035,-1.4694790738286456,-1.4593553333873048,-1.5979834483523756,-1.3263036016156418,1000,-1.17420371219617,-1.1672287538989665,-1.2965457140476637,-1.046464643837849,1000
Sichuan Province,293.644912996619,-1.4731907082309244,-1.4628551350652468,-1.602289553734358,-1.3293514569468508,1000,-1.1778782903428995,-1.1705969014021673,-1.3013249698938636,-1.049458998841221,1000
Sichuan Province,300.4946289544333,-1.4768922376156437,-1.4664143525094326,-1.6066391761434344,-1.3323899388572213,1000,-1.1815430555769464,-1.1741600771573404,-1.3060949293807254,-1.0524440387208212,1000
Sichuan Province,307.50412499569563,-1.4805837339866426,-1.4700971736463404,-1.6109785625940927,-1.3354236548943774,1000,-1.1851980772074031,-1.1778407148117376,-1.3107437518575604,-1.0554198342380303,1000
Sichuan Province,314.67712823481867,-1.4842652685329787,-1.4736258401522022,-1.6152993185451443,-1.338451105165204,1000,-1.1888434237637955,-1.1814338554588772,-1.3147162021980183,-1.0583864553168836,1000
Sichuan Province,322.01745272684917,-1.487936911641461,-1.4771061063952522,-1.619609387021117,-1.3414693983776902,1000,-1.1924791630080276,-1.1848340485513875,-1.3186706495015772,-1.0613439710574089,1000
Sichuan Province,329.52900149549146,-1.4915987329089535,-1.4805844294548773,-1.6239623646599104,-1.344478602709454,1000,-1.1961053619460902,-1.1883881758089698,-1.322615027007431,-1.064292449748702,1000
Sichuan Province,337.2157686084375,-1.4952508011544305,-1.4842506408379386,-1.6289153780305077,-1.3474787855454124,1000,-1.1997220868395526,-1.1919626246376833,-1.3265494037185177,-1.0672319588817365,1000
Sichuan Province,345.08184130110646,-1.4988931844308075,-1.4876792151824825,-1.6338596366604679,-1.3504700134902066,1000,-1.2033294032168254,-1.195398580733742,-1.3309039128060152,-1.070162565161927,1000
Sichuan Province,353.1314021499241,-1.5025259500365367,-1.4913078372225024,-1.6385514551156906,-1.3534523523803834,1000,-1.206927375884217,-1.1989706656001549,-1.335212181981329,-1.073084334521439,1000
Sichuan Province,361.36873129629873,-1.5061491645269953,-1.4947903099513817,-1.6426169039259122,-1.3563608276955172,1000,-1.2105160689367707,-1.202586231512477,-1.3391964224627826,-1.0759973321312613,1000
Sichuan Province,369.79820872247126,-1.5097628937256424,-1.4983114409673266,-1.646672556873402,-1.358926396933534,1000,-1.2140955457689049,-1.2061822315269208,-1.3431708100787125,-1.0789016224130437,1000
Sichuan Province,378.4243165804564,-1.5133672027349734,-1.5018232131526992,-1.6507184788196259,-1.3615756100203475,1000,-1.2176658690848485,-1.209764666827831,-1.3471259328172256,-1.081797269050698,1000
Sichuan Province,387.2516415753082,-1.5169621559472664,-1.505116720203549,-1.6552296718776773,-1.3645800346814774,1000,-1.2212271009088804,-1.213300464738511,-1.3510659681432846,-1.0846843350017825,1000
Sichuan Province,396.28487740397935,-1.5205478170551254,-1.508395213314325,-1.6598302611882865,-1.3671183173284704,1000,-1.2247793025953773,-1.216901591750096,-1.3549963319860148,-1.0875628825086605,1000
Sichuan Province,405.52882725107173,-1.5241242490618285,-1.5117590155933858,-1.6644219489726253,-1.3694955758505858,1000,-1.228322534838676,-1.2204261184973308,-1.3589170884123636,-1.090432973109447,1000
Sichuan Province,414.9884063428008,-1.5276915142914798,-1.5152519954587569,-1.6690047885952257,-1.3718643972378453,1000,-1.2318568576827515,-1.2239380899609376,-1.3628283008095583,-1.093294667648744,1000
Sichuan Province,424.66864456053884,-1.5312496743989763,-1.5188260680357835,-1.6735788328914132,-1.3743817748456297,1000,-1.2353823305307159,-1.2274380896662496,-1.366730031894967,-1.095718324671907,1000
Sichuan Province,434.5746891153213,-1.5347987903797904,-1.5223263363418726,-1.678144134174602,-1.3774312779296694,1000,-1.238899012154143,-1.2309447927563724,-1.3706223437257645,-1.0978960056122995,1000
Sichuan Province,444.71180728474013,-1.5383389225795678,-1.5259063916897737,-1.6827007442434472,-1.3804795637228726,1000,-1.2424069607022181,-1.234356205369226,-1.3745052977084335,-1.1000659409850828,1000
Sichuan Province,455.0853892136792,-1.5418701307035547,-1.5293820679186214,-1.6872487143888801,-1.3835193546453917,1000,-1.2459062337107292,-1.2376798444058479,-1.3783789546080845,-1.1022281920964452,1000
Sichuan Province,465.70095078038344,-1.5453924738258504,-1.5328248514877472,-1.6917880954010254,-1.3865507096664185,1000,-1.2493968881108843,-1.2411181226842216,-1.3822433745576157,-1.1043828195173289,1000
Sichuan Province,476.56413652937835,-1.548906010398491,-1.5363679378790127,-1.696318937575985,-1.3896055648868397,1000,-1.2528789802379763,-1.244584633835261,-1.386317258822428,-1.106529883095122,1000
Sichuan Province,487.6807226728096,-1.5524107982603674,-1.539902446106745,-1.7008412907225174,-1.3925796525398961,1000,-1.2563525658398857,-1.2478329295670991,-1.3905154126753572,-1.1086694419651246,1000
Sichuan Province,499.05662016179105,-1.5559068946459862,-1.5433689891025018,-1.7053552041685935,-1.3955679237861183,1000,-1.2598177000854343,-1.251221462432001,-1.3948406101486261,-1.1108015545617813,1000
Sichuan Province,510.69787782939613,-1.5593943561940677,-1.5467463642149637,-1.7098607267678436,-1.398448970152387,1000,-1.2632744375725884,-1.2547457794795762,-1.3989005283662057,-1.1134052361911773,1000
Sichuan Province,522.6106856069655,-1.562873238955994,-1.5501461751494667,-1.7143101602962934,-1.4011512727108006,1000,-1.2667228323365125,-1.258200155278383,-1.4030882380227918,-1.1161519100478015,1000
Sichuan Province,534.8013778154409,-1.5663435984041025,-1.5536217981255838,-1.7185648384825893,-1.40384566328491,1000,-1.2701629378574832,-1.2614868609090182,-1.4072674178279587,-1.1188907327350268,1000
Sichuan Province,547.2764365334706,-1.5698054894398341,-1.5571211567029715,-1.7228107960110297,-1.4065493293379023,1000,-1.27359480706866,-1.2647554853114449,-1.4114369121751889,-1.1216217587218655,1000
Sichuan Province,560.042495044085,-1.5732589664017358,-1.560539269670261,-1.7270480847823764,-1.4092458269856631,1000,-1.2770184923637204,-1.2680160635105353,-1.4155844591943614,-1.124345041888902,1000
Sichuan Province,573.1063413617694,-1.5767040830733237,-1.563984767132475,-1.731276756193595,-1.411934572143709,1000,-1.280434045604361,-1.2713702950268633,-1.4197236164774876,-1.1270606355368504,1000
Sichuan Province,586.4749218418111,-1.5801408926908038,-1.5674718623191461,-1.735496861144597,-1.4146156184721912,1000,-1.2838415181276623,-1.2748852608212944,-1.4237713579885547,-1.1297685923949585,1000
Sichuan Province,600.1553448738425,-1.5835694479506601,-1.570993061468183,-1.7397084500448716,-1.4172890190542045,1000,-1.2872409607533342,-1.2781946224302958,-1.4275500028544539,-1.1324689646292603,1000
Sichuan Province,614.154884661536,-1.5869898010171122,-1.57440968705478,-1.7439057544084389,-1.4200143835586552,1000,-1.2906324237908235,-1.281609315124653,-1.4313202825323748,-1.1351618038506766,1000
Sichuan Province,628.480985090472,-1.590402003529436,-1.577860744941712,-1.7481675967271366,-1.4226179924969398,1000,-1.2940159570463095,-1.2850070345643703,-1.4351650723825398,-1.1378471611229715,1000
Sichuan Province,643.1412636862285,-1.5938061066091644,-1.5813039894411813,-1.7525062494735784,-1.4252408342568705,1000,-1.2973916098295695,-1.2882882902152324,-1.4392585571171361,-1.140525086970567,1000
Sichuan Province,658.1435156647983,-1.5972021608671607,-1.5844879855324066,-1.7568365996065947,-1.4278713032524493,1000,-1.3007594309607293,-1.2916837259695884,-1.4433527457795567,-1.1431956313862155,1000
Sichuan Province,673.4957180774888,-1.6005902164105692,-1.5876536568654234,-1.7606669234202523,-1.4303456833940273,1000,-1.3041194687769022,-1.2951409738404176,-1.447511043721065,-1.1458588438385375,1000
Sichuan Province,689.2060340525119,-1.6039703228496474,-1.5909790664418115,-1.7647452253634157,-1.4327157541968236,1000,-1.307471771138707,-1.2986168463086665,-1.451661492922218,-1.1485147732794259,1000
Sichuan Province,705.2828171355064,-1.6073425293044818,-1.5943656475955503,-1.7688965731955462,-1.435078613796368,1000,-1.31081638543668,-1.301817478932919,-1.455804137596909,-1.1511634681513174,1000
Sichuan Province,721.7346157313193,-1.610706884411589,-1.5977375242576033,-1.7730397809854712,-1.437434312825716,1000,-1.314153358597574,-1.3050617378337257,-1.4599390215501238,-1.1538049763943372,1000
Sichuan Province,738.5701776493927,-1.6140634363304038,-1.6010041618349762,-1.777174895096537,-1.4398675680565924,1000,-1.3174827370905573,-1.3083958691528355,-1.4640661881831716,-1.1564393454533188,1000
Sichuan Province,755.798454755181,-1.6174122327496576,-1.6042099525099296,-1.7813019614611711,-1.4423007160579573,1000,-1.3208045669332995,-1.311782927307887,-1.4681856804988382,-1.1590666222846986,1000
Sichuan Province,773.4286077300679,-1.6207533208936513,-1.6075164956836363,-1.7854198277038602,-1.4447267825723398,1000,-1.3241188936979635,-1.3151624427971187,-1.4722975411064432,-1.161686853363294,1000
Sichuan Province,791.4700109423204,-1.6240867475284206,-1.6107620273253782,-1.7895234044467194,-1.4471458158344825,1000,-1.3274257625170904,-1.3185344607044613,-1.4764018122268265,-1.1643000846889588,1000
Sichuan Province,809.9322574316561,-1.6274125589677961,-1.6140339085109154,-1.7936190673161962,-1.449561775780245,1000,-1.3307252180893898,-1.3217987113886043,-1.4804965086209512,-1.1669063617931295,1000
Sichuan Province,828.8251640100926,-1.6307308010793689,-1.6170784372602507,-1.7977068606191835,-1.4520291416832953,1000,-1.3340173046854331,-1.325125501588965,-1.4845798491690627,-1.1695057297452534,1000
Sichuan Province,848.1587764817768,-1.6340415192903495,-1.620249695619652,-1.8017868282577834,-1.4547914923853842,1000,-1.3373020661532518,-1.328281092843301,-1.4884532273069813,-1.1720982331591083,1000
Sichuan Province,867.9433749845753,-1.637344758593334,-1.6235515638233264,-1.8058590137344102,-1.4575468068576014,1000,-1.340579545923845,-1.3313797042897804,-1.492228815090567,-1.1745213460006338,1000
Sichuan Province,888.1894794562695,-1.6406405635519747,-1.626717209420605,-1.8099234601568113,-1.460295129491592,1000,-1.343849787016594,-1.3345750810223942,-1.4959924876810022,-1.1769003547853831,1000
Sichuan Province,908.9078552282499,-1.6439289783065556,-1.629817979920311,-1.8139802102430056,-1.4630365042399471,1000,-1.3471128320445898,-1.3375998557131112,-1.4997486693573572,-1.1792729297872189,1000
Sichuan Province,930.1095187497,-1.6472100465794772,-1.6328898228478335,-1.818029306326147,-1.465770974622079,1000,-1.350368723219872,-1.3408009854765133,-1.5036619009841956,-1.1816398353881234,1000
Sichuan Province,951.805743445301,-1.6504838116806526,-1.6359613578006096,-1.8220707903593083,-1.4684985837299869,1000,-1.3536175023585841,-1.3441627056187426,-1.5076191198218964,-1.184003164855564,1000
Sichuan Province,974.0080657095784,-1.6537503165128142,-1.639134083413024,-1.8261047039201912,-1.4712193742339368,1000,-1.356859210886045,-1.3475949519637704,-1.5115689837776476,-1.1863601784799431,1000
Sichuan Province,996.7282910410737,-1.6570096035767359,-1.6423827041996897,-1.8301310882157582,-1.4736176978933506,1000,-1.3600938898417352,-1.3510204420088157,-1.5153597395560818,-1.1887109167327556,1000
Sichuan Province,1019.9785003196105,-1.6602617149763683,-1.6455354453727353,-1.834149984086801,-1.4757463137828806,1000,-1.3633215798842087,-1.3544067842543082,-1.5191224443864688,-1.1910554196825822,1000
Sichuan Province,1043.7710562299771,-1.663506692423894,-1.6487461090910562,-1.838166227420541,-1.4778686192537855,1000,-1.3665423212959185,-1.3574724480757892,-1.522877700389716,-1.1933937270004853,1000
Sichuan Province,1068.1186098354624,-1.6667445772446996,-1.6520726185921712,-1.8421761272081945,-1.479984656847378,1000,-1.3697561539879717,-1.3604072435441725,-1.526625548811318,-1.1957258779653166,1000
Sichuan Province,1093.034107304723,-1.6699754103822684,-1.6552321477360734,-1.846178660784896,-1.4820944686664048,1000,-1.3729631175048043,-1.3635526221942604,-1.5303660305272009,-1.198220702388191,1000
Sichuan Province,1118.5307967955664,-1.6731992324029963,-1.658172660447106,-1.850173867533558,-1.4841980963810808,1000,-1.3761632510287833,-1.3666148550081911,-1.5340991860482727,-1.2007805302731667,1000
Sichuan Province,1144.6222354993088,-1.676416083500928,-1.6611386565045156,-1.8541617864931674,-1.4862955812350147,1000,-1.3793565933847352,-1.3698316269266582,-1.5378250555249018,-1.2033339769383067,1000
Sichuan Province,1171.3222968494574,-1.6796260035024222,-1.664237445565088,-1.8581424563629392,-1.4883869640510385,1000,-1.3825431830444048,-1.372969699820568,-1.541541219184218,-1.20588108140158,1000
Sichuan Province,1198.6451778985356,-1.682829031870739,-1.6672524752231532,-1.8621159155063929,-1.4904722852369336,1000,-1.3857230581308393,-1.3762908594296095,-1.5452472562595247,-1.2084218823077681,1000
Sichuan Province,1226.605406866995,-1.6860252077105584,-1.6704077578097007,-1.866082201955375,-1.49255711316272,1000,-1.3888962564227099,-1.3795311356040987,-1.5489461235406718,-1.2108723010692253,1000
Sichuan Province,1255.217850868213,-1.6892145697724257,-1.6735930547050426,-1.870041353414018,-1.4946439820045834,1000,-1.3920628153585595,-1.382632400839654,-1.5527807131656097,-1.213036757813196,1000
Sichuan Province,1284.497723813686,-1.692397156457128,-1.6767715010335558,-1.8739903225657728,-1.4971625362898715,1000,-1.3952227720409895,-1.3857270380285795,-1.5567766248910289,-1.2151981479600467,1000
Sichuan Province,1314.460594502625,-1.6955730058200023,-1.679943135491617,-1.877931427424084,-1.4996749524229493,1000,-1.3983761632407754,-1.388759667667098,-1.5607657671094697,-1.2173608732047119,1000
Sichuan Province,1345.1223949002585,-1.6987421555751756,-1.6831079964272724,-1.8818655097416581,-1.5021864252424155,1000,-1.4015230254009277,-1.3918604506115457,-1.5647481743169673,-1.2195711065028123,1000
Sichuan Province,1376.4994286092262,-1.7019046430997427,-1.6862661218445125,-1.885792605955131,-1.5046922153020603,1000,-1.4046633946406797,-1.3947903970077447,-1.5684301722894507,-1.2222197502700511,1000
Sichuan Province,1408.6083795385944,-1.7050605054378756,-1.6894588442674925,-1.889712752192233,-1.5071919716525866,1000,-1.4077973067594207,-1.3978698962709113,-1.5720652324110913,-1.2248624589700703,1000
Sichuan Province,1441.4663207750823,-1.70820977930487,-1.6925267907562231,-1.893625984275403,-1.509689378249438,1000,-1.410924797240568,-1.4009883103999266,-1.5756935064253696,-1.227500826637985,1000
Sichuan Province,1475.090723661225,-1.711352501091134,-1.6955837879393825,-1.8975323377253526,-1.5121843522544247,1000,-1.4140459012553763,-1.4040446544364538,-1.5793150300290413,-1.2301390533373022,1000
Sichuan Province,1509.4994670853025,-1.7144887068661068,-1.6986342559997005,-1.901431847764574,-1.514673395027937,1000,-1.4171606536666943,-1.4071218278432036,-1.5829298386143542,-1.2327714419701838,1000
Sichuan Province,1544.710846987959,-1.7176184323821304,-1.7017121610659474,-1.9053245493207993,-1.5171565412991483,1000,-1.420269089032658,-1.4102751578298542,-1.5865379672726228,-1.2353980255548505,1000
Sichuan Province,1580.7435860905916,-1.7207417130782507,-1.7047974090864222,-1.9092104770304046,-1.5196338254786188,1000,-1.4233712416103337,-1.4134221696746607,-1.5901394507977478,-1.2380188368139793,1000
Sichuan Province,1617.6168438506609,-1.7238585840839655,-1.7078399354508318,-1.9130896652417682,-1.5221052816622467,1000,-1.426467145359303,-1.4165628974007416,-1.5937343236896844,-1.2406339081782956,1000
Sichuan Province,1655.3502266492274,-1.7269690802229183,-1.7110198644582777,-1.9169621480185763,-1.5245709436351587,1000,-1.4295568339451945,-1.419752257847465,-1.5973226201578588,-1.2431024502424894,1000
Sichuan Province,1693.963798216125,-1.7300732360165323,-1.7142019341344648,-1.920827959143084,-1.5270308448755396,1000,-1.4326403407431612,-1.4229428980715606,-1.6009043741245335,-1.2452536633716336,1000
Sichuan Province,1733.4780902983257,-1.7331710856875928,-1.7172999224372523,-1.9246871321193246,-1.5294850185584021,1000,-1.4357176988413085,-1.4260403936762238,-1.6044779939944414,-1.2473994328366789,1000
Sichuan Province,1773.9141135771447,-1.7362626631637748,-1.7203801694038403,-1.9285397001762752,-1.5319334975592998,1000,-1.4387889410440697,-1.429063637371161,-1.6080433470470097,-1.2495397912412085,1000
Sichuan Province,1815.2933688401208,-1.7393480020811163,-1.7235748352790932,-1.9323856962709753,-1.5343763144579823,1000,-1.44185409987553,-1.4321371825105218,-1.611602255738904,-1.2516747708862443,1000
Sichuan Province,1857.6378584134918,-1.7424271357874435,-1.7265026537711883,-1.9362251530916008,-1.5368135015419946,1000,-1.444913207582704,-1.4351475411969645,-1.6151547529006587,-1.2538044037740237,1000
Sichuan Province,1900.9700978613503,-1.7455000973457433,-1.7296015361113368,-1.9400581030604953,-1.5392450908102207,1000,-1.4479662961387625,-1.4381931166365975,-1.618700871091478,-1.2559287216117114,1000
Sichuan Province,1945.3131279576971,-1.7485669195374842,-1.7325633300522219,-1.9438845783371523,-1.5416711139763748,1000,-1.4510133972462111,-1.4412867830513827,-1.6222406426023206,-1.2580477558150596,1000
Sichuan Province,1990.6905269377744,-1.7516276348658928,-1.7356178657102188,-1.9476942389326777,-1.5440916024724378,1000,-1.4540545423400275,-1.4443743815520387,-1.6257740994589396,-1.260161537512006,1000
Sichuan Province,2037.1264230351558,-1.7546822755591762,-1.73870255121598,-1.9514619484232762,-1.5465065874520443,1000,-1.4570897625907449,-1.4474492569118458,-1.629301273424881,-1.2622700975462204,1000
Sichuan Province,2084.645507311306,-1.757730873573703,-1.741781186605441,-1.9552233587703065,-1.5489160997938132,1000,-1.460119088907497,-1.4504691941711294,-1.6328221960044387,-1.2643734664805937,1000
Sichuan Province,2133.2730467844,-1.7607734605971341,-1.744869241821915,-1.958978500709905,-1.5513201701046366,1000,-1.463142551941015,-1.4534931513570162,-1.636336898445565,-1.266471674600675,1000
Sichuan Province,2183.034897864388,-1.7638100680515099,-1.7479863972090004,-1.9627274047329066,-1.5537188287229104,1000,-1.4661601820865826,-1.456511864008403,-1.6398454117427437,-1.2685647519180552,1000
Sichuan Province,2233.957520101469,-1.7668407270962896,-1.7510262387347049,-1.9664701010875518,-1.5561121057217238,1000,-1.4691720094869476,-1.4595780889555163,-1.6433477666398164,-1.2708432082710026,1000
Sichuan Province,2286.067990255245,-1.7698654686313515,-1.7539980080417292,-1.9702066197821508,-1.558500030911996,1000,-1.4721780640351925,-1.4625638803656416,-1.6468439936327752,-1.2731449770596557,1000
Sichuan Province,2339.3940166920806,-1.7728843232999463,-1.7568834781588576,-1.9739369905877135,-1.5608826338455708,1000,-1.4751783753775636,-1.4654810768537596,-1.6503341229725121,-1.275441542894756,1000
Sichuan Province,2393.9639541182933,-1.7758973214916087,-1.7597937844428788,-1.9776612430405447,-1.5632599438182608,1000,-1.478172972916257,-1.4684661038328757,-1.6538181846675288,-1.2776448651611112,1000
Sichuan Province,2449.8068186570204,-1.7789044933450278,-1.7625676844197185,-1.9813794064447983,-1.565631989872851,1000,-1.4811618858121702,-1.4714454168543598,-1.6572962084866127,-1.2797484842413598,1000
Sichuan Province,2506.9523032767725,-1.781905868750875,-1.765309834161386,-1.985091509874999,-1.5679988008020551,1000,-1.4841451429876085,-1.4744758064515455,-1.6607682239614714,-1.2818472705775767,1000
Sichuan Province,2565.430793579896,-1.7849014773545946,-1.7680819123106803,-1.988797582178532,-1.5703604051514297,1000,-1.4871227731289576,-1.477317149560871,-1.6644046150065481,-1.28394510776759,1000
Sichuan Province,2625.273383959301,-1.7878913485591523,-1.770983310404406,-1.9924976519780904,-1.5726904893896863,1000,-1.4900948046893145,-1.4803216905530503,-1.6681398732285249,-1.2860379030825553,1000
Sichuan Province,2686.5118941320907,-1.7908755115277437,-1.773873844444803,-1.9961917476740973,-1.5749106778095463,1000,-1.4930612658910862,-1.4833845556869174,-1.6718682202999542,-1.2881256851524447,1000
Sichuan Province,2749.1788860588554,-1.793853995186469,-1.7766590080384825,-1.9998798974470888,-1.5771257744955163,1000,-1.496022184728546,-1.48640966397623,-1.6755876381535206,-1.2902084823552786,1000
Sichuan Province,2813.307681257635,-1.7968268282269644,-1.77958337134058,-2.0035621292600707,-1.5793358075857524,1000,-1.4989775889703587,-1.489346107178546,-1.679301274138745,-1.2922863228201076,1000
Sichuan Province,2878.932378521753,-1.7997940391090004,-1.7825671937141916,-2.0072384708608326,-1.581540804976033,1000,-1.5019275061620672,-1.4922770881465786,-1.6830091550249697,-1.2943592344299497,1000
Sichuan Province,2946.08787205096,-1.8027556560630453,-1.7855951693225998,-2.0109089497842447,-1.5838736889490157,1000,-1.5048719636285472,-1.4951267386824623,-1.6867113073778466,-1.2964817325596105,1000
Sichuan Province,3014.8098700054866,-1.805711707092784,-1.7886084477561832,-2.0145735933545112,-1.586233054235965,1000,-1.5078109884764257,-1.4979587484497103,-1.6904077575614809,-1.2986715969345117,1000
Sichuan Province,3085.134913492927,-1.8086622199776161,-1.7914507874576655,-2.018232428687399,-1.5885873633616296,1000,-1.5107446075964663,-1.5010036289299027,-1.6940985317405473,-1.3008566523499625,1000
Sichuan Province,3157.100395998003,-1.811607222275103,-1.7942876790961122,-2.0218854826924364,-1.5909366431344691,1000,-1.5136728476659216,-1.504043253492267,-1.697783655882382,-1.3030369246161533,1000
Sichuan Province,3230.744583265561,-1.8145467413233964,-1.7971191500697152,-2.02553278207508,-1.5932809201397025,1000,-1.5165957351508543,-1.5069958609786065,-1.7014631557590432,-1.3052124393264495,1000
Sichuan Province,3306.106633647381,-1.8174808042436221,-1.7999308335887438,-2.0291730164664354,-1.595620220741824,1000,-1.5195132963084261,-1.5100386288690435,-1.705137056949345,-1.307383221859854,1000
Sichuan Province,3383.2266189235816,-1.820409437942235,-1.80276251424579,-2.032807323557531,-1.597954571087087,1000,-1.5224255571891518,-1.5131102322946142,-1.7088053848408653,-1.3095515202081025,1000
Sichuan Province,3462.1455456097387,-1.8233326691133458,-1.8057027005591466,-2.036541719352889,-1.6002839971059473,1000,-1.5253325436391283,-1.516024071481006,-1.7124681646319242,-1.3117173534840703,1000
Sichuan Province,3542.905376761018,-1.8262505242410065,-1.8088212858365562,-2.040564296288035,-1.6026085245154769,1000,-1.5282342813022278,-1.5189327535632722,-1.7161254213335408,-1.313878529048565,1000
Sichuan Province,3625.549054284918,-1.8291630296014765,-1.8118401907309398,-2.0445814191704454,-1.6049281788217427,1000,-1.531130795622266,-1.5218363033425595,-1.719777179771361,-1.3160350714234987,1000
Sichuan Province,3710.1205217744946,-1.8320702112654441,-1.8147972428319963,-2.0481965000236495,-1.6072429853221502,1000,-1.5340221118451378,-1.5247236350428333,-1.7234234645875586,-1.3181870049285707,1000
Sichuan Province,3796.6647478742193,-1.8349720951002337,-1.8174945704577463,-2.0517888865904053,-1.6094878065726068,1000,-1.5369082550209234,-1.5274935052624135,-1.7270643002427182,-1.3203343536835224,1000
Sichuan Province,3885.227750190846,-1.8378687067719675,-1.8202514415148876,-2.055375760618235,-1.611667886617123,1000,-1.5397892500059704,-1.5302582331020473,-1.7306997110176843,-1.3224771416103585,1000
Sichuan Province,3975.8566197620753,-1.8407600717477104,-1.823182646223588,-2.0589571468874843,-1.613843294458061,1000,-1.5426651214649425,-1.5330497915589247,-1.7343297210153934,-1.3246153924355415,1000
Sichuan Province,4068.5995460959625,-1.8436462152975786,-1.8261085496247351,-2.0625330699960336,-1.6160140544767059,1000,-1.5455358938728438,-1.535835784695788,-1.737954354162681,-1.3267491296921532,1000
Sichuan Province,4163.5058427944205,-1.8465271624968222,-1.8291522088815726,-2.066334821258516,-1.618180190855327,1000,-1.5484015915170175,-1.538661756898435,-1.7415736342120607,-1.328878376722025,1000
Sichuan Province,4260.625973774416,-1.849402938227882,-1.8321670127317895,-2.0702886089520027,-1.6203417275793757,1000,-1.5512622384991135,-1.5415396015333065,-1.7451875847434877,-1.3310031566778413,1000
Sichuan Province,4360.011580100847,-1.8522735671824146,-1.8350834031415078,-2.074010389652861,-1.62249868843965,1000,-1.5541178587370343,-1.5443760534546622,-1.7487962291660932,-1.3331234925252131,1000
Sichuan Province,4461.715507445286,-1.8551390738632947,-1.8379821023797411,-2.077632781328059,-1.6246510970344272,1000,-1.5569684759668523,-1.5471804359280052,-1.7523995907199,-1.3352394070447224,1000
Sichuan Province,4565.791834185288,-1.857999482586588,-1.8407456213417925,-2.0812497304973308,-1.626798976771574,1000,-1.5598141137447015,-1.5499303474694597,-1.7559976924775145,-1.3373509228339369,1000
Sichuan Province,4672.295900159139,-1.8608548174835007,-1.8434785248480798,-2.084861261140128,-1.628942350870619,1000,-1.5626547954486483,-1.552560999432925,-1.7595905573457988,-1.3394580623094028,1000
Sichuan Province,4781.284336091342,-1.8637051025022981,-1.846186404688435,-2.0884673970627805,-1.6310812423648033,1000,-1.565490544280532,-1.5552417033986734,-1.7631782080675196,-1.3415608477086034,1000
Sichuan Province,4892.815093704534,-1.8665503614102068,-1.8488892940491333,-2.0920681619002277,-1.6332156741031005,1000,-1.5683213832677876,-1.5580577272504579,-1.7667606672229776,-1.3436593010918965,1000
Sichuan Province,5006.947476533754,-1.8693906177952817,-1.8515872168279977,-2.0956635791177245,-1.635345668752209,1000,-1.5711473352652363,-1.5609649387840059,-1.7703379572316158,-1.3457534443444215,1000
Sichuan Province,5123.742171459548,-1.8722258950682569,-1.8543458687690506,-2.099253672012525,-1.637471248798518,1000,-1.5739684229568613,-1.5639217899641562,-1.7739101003536073,-1.3478572714913288,1000
Sichuan Province,5243.261280976617,-1.8750562164643674,-1.8571289932846602,-2.102838463715548,-1.639592436550047,1000,-1.5767846688575566,-1.5668937021628158,-1.777477118691423,-1.3499838127103956,1000
Sichuan Province,5365.56835621517,-1.8778816050451488,-1.8598029465881325,-2.1064179771930203,-1.6417092541383584,1000,-1.5795960953148511,-1.5696757818647415,-1.7810390341913804,-1.3521060639903575,1000
Sichuan Province,5490.72843073256,-1.880702083700215,-1.86240717995957,-2.109992235248096,-1.6438217235204458,1000,-1.5824027245106145,-1.5725455847150802,-1.7845369519874565,-1.3542240466600433,1000
Sichuan Province,5618.808055093179,-1.8835176751490117,-1.865157252953468,-2.113561260522461,-1.645931935392188,1000,-1.5852045784627404,-1.5754288054082097,-1.787870505765008,-1.3563377818817843,1000
Sichuan Province,5749.8753322549355,-1.8863284019425446,-1.8679133592862263,-2.1171250754979147,-1.648038076980341,1000,-1.5880016790268026,-1.5783072929309452,-1.7911991107298801,-1.3584472906531713,1000
Sichuan Province,5883.999953781219,-1.8891342864650909,-1.870664691252164,-2.1206837024979275,-1.6501399357783555,1000,-1.5907940478976992,-1.5811183744513961,-1.7945227882260968,-1.3605525938087932,1000
Sichuan Province,6021.253236897546,-1.8919353509358834,-1.8734518348840052,-2.1242371636891892,-1.6522375330475239,1000,-1.593581706611268,-1.583891330172737,-1.7978415594471155,-1.3626537120219497,1000
Sichuan Province,6161.708162412614,-1.894731617410778,-1.8762351261149286,-2.12778548108313,-1.654330889883831,1000,-1.5963646765458845,-1.5866595688870955,-1.801155445437295,-1.3647506658063437,1000
Sichuan Province,6305.439413523907,-1.897523107783896,-1.8790136842953857,-2.1313286765374237,-1.656420027219688,1000,-1.599142978924039,-1.5894231120575348,-1.8044644670933465,-1.366843475517748,1000
Sichuan Province,6452.523415528545,-1.9003098437892456,-1.8818085767727395,-2.134866771757476,-1.6585049658256503,1000,-1.601916634813895,-1.5921819809904587,-1.807768645165763,-1.3689321613556549,1000
Sichuan Province,6603.038376460375,-1.9030918470023277,-1.8846349491742844,-2.1383997882978902,-1.6605857263121093,1000,-1.6046856651308248,-1.594936196837175,-1.8110680002602353,-1.3710167433648996,1000
Sichuan Province,6757.064328675056,-1.9058691388417144,-1.8874124141701683,-2.141927747563918,-1.6626623291309643,1000,-1.60745009063893,-1.5975965614783347,-1.8143625528390475,-1.3730972414372644,1000
Sichuan Province,6914.683171405141,-1.9086417405706122,-1.890145699819056,-2.1454506708128904,-1.6647347945772704,1000,-1.6102099319525383,-1.6003475003565317,-1.817652323222457,-1.3751736753130626,1000
Sichuan Province,7075.978714307829,-1.9114096732984056,-1.8928744185680824,-2.1489685791556337,-1.6668031427908656,1000,-1.6129652095376854,-1.603086912313529,-1.8209373315900559,-1.3772460645827014,1000
Sichuan Province,7241.03672202856,-1.9141729579821778,-1.8955985908477277,-2.152481493557865,-1.668867393757978,1000,-1.6157159437135764,-1.6057790677526786,-1.8242175979821202,-1.3793144286882226,1000
Sichuan Province,7409.94495980406,-1.9169316154282154,-1.8983328526447512,-2.155989434841573,-1.6709275673128094,1000,-1.6184621546540274,-1.6084647042842342,-1.8274931423009355,-1.3813787869248257,1000
Sichuan Province,7582.793240129217,-1.9196856662934947,-1.901074307475883,-2.1594924236863813,-1.6729836831391005,1000,-1.6212038623888958,-1.6110460570238763,-1.8307885159156183,-1.383439158442372,1000
Sichuan Province,7759.673470512497,-1.922435131087146,-1.9038112172509054,-2.1629904806308957,-1.675035760771677,1000,-1.6239410868054807,-1.613814044018155,-1.834279445856616,-1.3854955622468652,1000
Sichuan Province,7940.679702345331,-1.925180030171903,-1.90649517995584,-2.166483626074035,-1.6770838195979711,1000,-1.6266738476499207,-1.6165340536265922,-1.8377806019234513,-1.3875480172019181,1000
Sichuan Province,8125.908180911453,-1.9279203837655352,-1.9091250811060871,-2.1699718802763446,-1.679127878859528,1000,-1.6294021645285626,-1.6192826836327558,-1.8412769968351324,-1.389596542030197,1000
Sichuan Province,8315.457396562822,-1.9306562119422552,-1.9117504706613948,-2.1734532839783323,-1.681167957653493,1000,-1.632126056909319,-1.6220268927165733,-1.844768649951516,-1.3916411553148502,1000
Sichuan Province,8509.428137089213,-1.9333875346341198,-1.9143713688435096,-2.1769259319629173,-1.6832040749340733,1000,-1.6348455441230074,-1.624766700126194,-1.8482555805028467,-1.393681875500914,1000
Sichuan Province,8707.9235413095,-1.9361143716324054,-1.9169877957295869,-2.180393745018834,-1.6852362495139923,1000,-1.6375606453646756,-1.6275021249748964,-1.8517378075909547,-1.3957187208967072,1000
Sichuan Province,8911.049153912983,-1.9388367425889679,-1.9195997712536035,-2.183864777938151,-1.6872645000659134,1000,-1.6402713796949042,-1.6301033517761971,-1.8552153501904505,-1.3977517096752026,1000
Sichuan Province,9118.912981580002,-1.9415546670175907,-1.9222073152077503,-2.187523274935127,-1.6892888451238544,1000,-1.642977766041103,-1.63269097481838,-1.8586882271498981,-1.399780859875383,1000
Sichuan Province,9331.625550411616,-1.9442681642953088,-1.9247958067429463,-2.191177222738647,-1.6913093030845796,1000,-1.645679823198781,-1.6352912796537424,-1.8621564571929738,-1.4018061894035825,1000
Sichuan Province,9549.29996469898,-1.9469772536637233,-1.9274196235578849,-2.1948266390560818,-1.6933258922089771,1000,-1.648377569832812,-1.6380061363863574,-1.8656200589196161,-1.4038277160348043,1000
Sichuan Province,9772.05196706351,-1.9496819542302988,-1.9300846709104316,-2.198471541480211,-1.6953386306234148,1000,-1.6510710244786748,-1.6407167291923423,-1.8690790508071602,-1.4058454574140309,1000
Sichuan Province,10000.0,-1.9523822849696384,-1.9327729868471648,-2.202111947490257,-1.6973475363210844,1000,-1.6537602055436846,-1.6434230762568731,-1.8725334512114555,-1.4078594310575103,1000
Chongqing Municipality,1.01,1.2845044117074567,1.2804156680295167,1.1620726829511383,1.3948171037308872,1000,1.314423903607592,1.310939627115948,1.201823221949089,1.4242906825173762,1000
Chongqing Municipality,1.0335597921543838,0.9870725747851361,0.9854857619327274,0.9011426327537685,1.0637866585541216,1000,1.0455472428036172,1.0422581639054345,0.9599045694322467,1.1247082414065503,1000
Chongqing Municipality,1.0576691524338744,0.8397136982940138,0.8399042383973268,0.7634703497738378,0.9129103257768212,1000,0.9095353946019653,0.9071304935192552,0.8332421801808476,0.9781423110744517,1000
Chongqing Municipality,1.0823409003541173,0.7372558806880178,0.7380508020955734,0.6664126420544865,0.8080789331702655,1000,0.8137087930825292,0.8122569111117648,0.7430916916494459,0.8790538380511798,1000
Chongqing Municipality,1.1075881544655348,0.6573109998677681,0.6579392145943634,0.5882198827680496,0.7253749935379931,1000,0.7381543482969068,0.7371924012679913,0.6697557158403905,0.8017257314285313,1000
Chongqing Municipality,1.133424339328768,0.5910896414620429,0.591604537334653,0.5223542231742907,0.6581819158340702,1000,0.6750126693240065,0.6736709251413325,0.6088839334726697,0.7396816409593475,1000
Chongqing Municipality,1.1598631926528329,0.5341832872828762,0.5353236301885265,0.4661648768768534,0.6012405449670221,1000,0.6203262575449291,0.6192624416380612,0.5561309100180184,0.6826869502040241,1000
Chongqing Municipality,1.1869187725997843,0.48404946407516297,0.485347734636963,0.4164376722333789,0.5501806158077203,1000,0.5718056394263464,0.5704948778712842,0.5067774745355507,0.6329504012674685,1000
Chongqing Municipality,1.2146054652597715,0.43908132501116587,0.4404881600193429,0.37223966414257664,0.5043453217546852,1000,0.528000155067797,0.5276378989937476,0.4646986110105369,0.5879459481467992,1000
Chongqing Municipality,1.2429379923004635,0.3981950920383239,0.3994022453047622,0.33339278198060857,0.4615857210416219,1000,0.4879292770071115,0.48740774088313854,0.42608360375199017,0.5471379514965639,1000
Chongqing Municipality,1.2719314187949051,0.36062326786943283,0.3618705640437212,0.29642044381001587,0.42453052387056767,1000,0.4508973859409756,0.4503133924818232,0.39154422646442094,0.509058196699003,1000
Chongqing Municipality,1.3016011612319731,0.3258013047560159,0.3273108700862106,0.26329609613717153,0.39000834782571375,1000,0.41639205175039623,0.4157382034574899,0.35750761061065417,0.4739496270392109,1000
Chongqing Municipality,1.3319629957136858,0.2933011031858381,0.29467096190957653,0.2319943921480244,0.3567399890983923,1000,0.38402423873728697,0.3833494128644536,0.3256917040575606,0.44099111677982245,1000
Chongqing Municipality,1.3630330663437302,0.26278982213321644,0.2638700404642379,0.2031186250575045,0.32532044136551336,1000,0.3534912102561228,0.35248233397642154,0.2949168336238188,0.4097716273931925,1000
Chongqing Municipality,1.3948278938116616,0.23400322076560987,0.23531793645663823,0.17573304371587875,0.2949561209364289,1000,0.32455248586907426,0.3236047311957568,0.2685058322403347,0.379776192191169,1000
Chongqing Municipality,1.4273643841773445,0.20672776412575622,0.20794045502598046,0.14933741538446074,0.2660579360001888,1000,0.2970136821733531,0.2962492832677685,0.24219676885793187,0.3514143260019997,1000
Chongqing Municipality,1.4606598378603033,0.18078823597841664,0.18203103324345976,0.12402625039478249,0.23917663101422082,1000,0.27071531459101333,0.27006217916230546,0.21661211531046867,0.32475830617202545,1000
Chongqing Municipality,1.4947319588387633,0.15603893472040659,0.15734113010297296,0.1001064825359429,0.21364027507822594,1000,0.24552483130423258,0.2447942290142703,0.19230607848046835,0.2987230502373419,1000
Chongqing Municipality,1.5295988640632745,0.13235727103937833,0.13314794782573353,0.0777987072458184,0.18850418921663425,1000,0.22133081678690758,0.220823714948172,0.1691051297956535,0.2736641965513201,1000
Chongqing Municipality,1.5652790930899205,0.10963901757395096,0.1103900019054769,0.056537144323079366,0.16455318926725004,1000,0.19803868998549048,0.19761819518425694,0.14645822226006916,0.24987208297486888,1000
Chongqing Municipality,1.601791617938238,0.0877947207212638,0.08866948558624563,0.0356525700014456,0.14204862178470146,1000,0.175567455943897,0.1752358919719001,0.12462685282278908,0.22633824336063374,1000
Chongqing Municipality,1.6391558531790886,0.06674694619009484,0.06742444183386073,0.015355909239744166,0.12072174953240097,1000,0.15384721513233482,0.15326821830392695,0.10357301957220921,0.20403969714212944,1000
Chongqing Municipality,1.6773916662578423,0.04642813292810284,0.04729296035438311,-0.004229534465959184,0.09967051707977514,1000,0.13281722783384792,0.132328816951645,0.08307660661674829,0.18220319436209984,1000
Chongqing Municipality,1.7165193880583673,0.02677889729792235,0.027125535049770846,-0.02239832851470033,0.0790081757904853,1000,0.1124243920515476,0.11189261380107189,0.06318259293504483,0.16149520712698587,1000
Chongqing Municipality,1.7565598237134417,0.007746673991588043,0.0079204257942719,-0.04084811054173251,0.05940521729577268,1000,0.09262203449432857,0.09203289843240825,0.04379544510613632,0.14178985520705362,1000
Chongqing Municipality,1.7975342636673326,-0.010715390130579178,-0.01077167181651164,-0.05911029113520351,0.041372153168624845,1000,0.07336894256003636,0.07276753111535694,0.024509647469346824,0.12245765706618486,1000
Chongqing Municipality,1.8394644949964274,-0.028649354050728784,-0.029056935817421085,-0.07709758388879132,0.02340510000050889,1000,0.054628585528940954,0.0542321961411152,0.0053621531565421,0.10399766467712386,1000
Chongqing Municipality,1.8823728129939368,-0.046093267580966005,-0.046562340726019086,-0.09347077022965125,0.0048406480693198705,1000,0.03636848882079162,0.03594060499555689,-0.01262245107599318,0.08512828430731449,1000
Chongqing Municipality,1.926282033024828,-0.06308188239885988,-0.06352677562057128,-0.11029498508044117,-0.012568423733212665,1000,0.018559739923671503,0.01810369204515553,-0.03020433352540883,0.06673149126329234,1000
Chongqing Municipality,1.971215502657292,-0.07964739347278796,-0.07992655404117528,-0.127033672816713,-0.029323615428140944,1000,0.0011766283017724862,0.0005138947101619639,-0.047352291178328905,0.05001908791864966,1000
Chongqing Municipality,2.0171971140771983,-0.09582075957097473,-0.09584173221617533,-0.14329903376832678,-0.04512030374352254,1000,-0.01580345827583749,-0.01642360025746399,-0.06456552332556192,0.033323733358542024,1000
Chongqing Municipality,2.0642513167921304,-0.1116335156602484,-0.11191354684107413,-0.15894901999164004,-0.06041355239283738,1000,-0.032400081377946865,-0.03271455648990282,-0.08151721124367928,0.018059497393981865,1000
Chongqing Municipality,2.11240313063177,-0.12711164952997153,-0.1270190692510426,-0.17381234701326145,-0.0761971954329779,1000,-0.04863193895000681,-0.04898629429995413,-0.09854986506788381,0.0003599924153427763,1000
Chongqing Municipality,2.1616781590515264,-0.1422765044165027,-0.1420727510293247,-0.18970025945075555,-0.09158447961260589,1000,-0.06451701644066657,-0.06481146117712261,-0.11487975717212293,-0.015868837662590007,1000
Chongqing Municipality,2.2121026027465014,-0.15714673139410196,-0.15707727412425693,-0.20452228303383785,-0.10665743306415995,1000,-0.0800722366326476,-0.08045113978023988,-0.13148423862966532,-0.030765788202103447,1000
Chongqing Municipality,2.2637032735830154,-0.1717389414508166,-0.17182256580574762,-0.2195577742657372,-0.12207141810980107,1000,-0.09531343551687053,-0.09555527139358796,-0.14817144511676902,-0.04509801888255488,1000
Chongqing Municipality,2.3165076088551086,-0.18606808919374496,-0.1864365441355084,-0.2344672049685032,-0.136127603885634,1000,-0.11025540494420424,-0.11071215295342945,-0.16401528244355293,-0.05917901059789227,1000
Chongqing Municipality,2.370543685873599,-0.20014773930567054,-0.20064167746175504,-0.24912002049654555,-0.14974113739960623,1000,-0.12491195580337837,-0.12535238285190553,-0.17933858201751599,-0.07302899699515782,1000
Chongqing Municipality,2.4258402368954495,-0.21399026665597196,-0.21469837423466043,-0.2633891484812834,-0.16317876864810069,1000,-0.139295986746485,-0.1396748857580392,-0.1937513299659068,-0.08665289433261915,1000
Chongqing Municipality,2.482426664401388,-0.22760701357744367,-0.2284656351204305,-0.2775808442098293,-0.17631466276614471,1000,-0.15341955241568325,-0.15361965013485093,-0.2079648366376864,-0.10118404519700694,1000
Chongqing Municipality,2.5403330567299,-0.241008417191655,-0.2419116200720875,-0.29106568846293185,-0.18956691565884903,1000,-0.16729392855191139,-0.16756370201773885,-0.22233918651265092,-0.11506786345194032,1000
Chongqing Municipality,2.5995902040759065,-0.25420411465742077,-0.2548176359294921,-0.3046272572329574,-0.2024571229926487,1000,-0.18092967289067297,-0.18129563574648155,-0.2357590790076815,-0.12838735469590576,1000
Chongqing Municipality,2.66022961486264,-0.2672030315334274,-0.2677884575760826,-0.3176182947400003,-0.21469120604609163,1000,-0.19433668148488475,-0.19447875105895124,-0.24934784803653037,-0.14203085424950304,1000
Chongqing Municipality,2.7222835324954127,-0.2800134568692864,-0.280333533334811,-0.33071507304764286,-0.2276772828356558,1000,-0.20752424046255014,-0.20761249833740691,-0.2635519635906015,-0.1552137210925379,1000
Chongqing Municipality,2.7857849525061984,-0.29264310764661877,-0.29306060026853376,-0.34454888270178724,-0.23952816903247795,1000,-0.2205010734106979,-0.22063165992286404,-0.2772523002399652,-0.16671488447850533,1000
Chongqing Municipality,2.850767640098135,-0.30509918453265417,-0.3054583530187744,-0.3577113200523286,-0.2518292220856944,1000,-0.2332753846637523,-0.23339214398429853,-0.29054919360386394,-0.17924816473892982,1000
Chongqing Municipality,2.9172661480992788,-0.31738842045243143,-0.317956777319757,-0.3696796600921202,-0.26421056810195603,1000,-0.24585489880873188,-0.2460622880934211,-0.30336949279090875,-0.1908941639513567,1000
Chongqing Municipality,2.985315835335159,-0.32951712315885245,-0.33003135449470633,-0.38146856113098593,-0.27603891412728593,1000,-0.25824689672520945,-0.2585252542870466,-0.3158994210755644,-0.20238076330413363,1000
Chongqing Municipality,3.0549528854298984,-0.34149121273926264,-0.34186824969695195,-0.39362238736766403,-0.28735387467449913,1000,-0.2704582484680521,-0.27109522559722565,-0.32771378372347687,-0.2141619566077158,1000
Chongqing Municipality,3.1262143260459023,-0.35331625481610845,-0.3536559731327523,-0.40572756930653237,-0.2985424907926697,1000,-0.28249544328308646,-0.2831132380949685,-0.3396815520679649,-0.22618803255993078,1000
Chongqing Municipality,3.199138048572336,-0.3649974900602188,-0.3651513331843127,-0.41768023360904355,-0.30941907642721,1000,-0.294364617024344,-0.2951652392910743,-0.35240631389620003,-0.23782692165512317,1000
Chongqing Municipality,3.2737628282728757,-0.3765398605268872,-0.37670743066788187,-0.42949506505704976,-0.3205365826790645,1000,-0.30607157721893175,-0.3067730057699539,-0.36453765769543667,-0.24918216649370512,1000
Chongqing Municipality,3.350128344903427,-0.3879480332392257,-0.38823170423630937,-0.4411996904129942,-0.33139313241919494,1000,-0.3176218260032345,-0.31845992245466603,-0.37662524921359364,-0.260709143915464,1000
Chongqing Municipality,3.4282752038107884,-0.39922642137471304,-0.3993532434700844,-0.4527840132766432,-0.34214522422519406,1000,-0.32902058113289734,-0.3300548490905444,-0.38881223167014495,-0.27195648538466066,1000
Chongqing Municipality,3.508244957523471,-0.4103792033554198,-0.41038340937814577,-0.46459509320446674,-0.35352927145743923,1000,-0.3402727952492254,-0.3415435935668797,-0.4005608318526193,-0.28249427586709586,1000
Chongqing Municipality,3.590080127846162,-0.4214103400971584,-0.42127050041396086,-0.4763453214759847,-0.36468701962992445,1000,-0.3513831735664343,-0.35270988485913096,-0.41178262117169473,-0.2930383211858457,1000
Chongqing Municipality,3.673824228469568,-0.43232359063560094,-0.431955095250549,-0.4877841241635875,-0.3751811652880068,1000,-0.3623561901276509,-0.3637200138016399,-0.42318114424907816,-0.3040042196538354,1000
Chongqing Municipality,3.7595217881076692,-0.4431225263165527,-0.44262090413346433,-0.4986903165969298,-0.38533641750776465,1000,-0.37319610276258397,-0.37461747502594234,-0.43459150909456495,-0.3148401076884783,1000
Chongqing Municipality,3.847218374174693,-0.45381054371184865,-0.4531774173563021,-0.5096209153180182,-0.3954137641081267,1000,-0.3839069668663412,-0.38541609838358526,-0.4458038110691301,-0.32556169900835874,1000
Chongqing Municipality,3.936960617014379,-0.46439087640074017,-0.46376418771858285,-0.5202411302732673,-0.40541522119524714,1000,-0.3944926481067786,-0.39613041392493487,-0.45636081423515934,-0.33616129100473724,1000
Chongqing Municipality,4.028796234694432,-0.474866605738392,-0.47409251339880204,-0.5309294580687398,-0.4153428407838379,1000,-0.40495683415696143,-0.4066736421185092,-0.4667817542359578,-0.3466415971145794,1000
Chongqing Municipality,4.122774058379347,-0.485240670717684,-0.4844336161682411,-0.541811272400125,-0.42519857855446325,1000,-0.41530304553964026,-0.4168728695331817,-0.47704890888506163,-0.3563844271154051,1000
Chongqing Municipality,4.218944058295092,-0.49551587701729,-0.4945490647558595,-0.5523665529450648,-0.4350290957873072,1000,-0.4255346456620056,-0.4271124822185183,-0.48710994442062017,-0.3660138374956567,1000
Chongqing Municipality,4.3173573702994545,-0.5056949053177571,-0.5046949979543556,-0.5626694579959556,-0.4446917926590967,1000,-0.4356548501112512,-0.43697335179228314,-0.4970435296604164,-0.3755573356643047,1000
Chongqing Municipality,4.418066323072179,-0.5157803189575968,-0.5148102202504944,-0.5732847995867982,-0.4543317824936396,1000,-0.44566673527458556,-0.44674522483071566,-0.5068533082210941,-0.3854815458036595,1000
Chongqing Municipality,4.52112446593937,-0.5257745709930478,-0.5247181598976332,-0.5837827745229158,-0.4640124117522512,1000,-0.4555732463411524,-0.45676209631880793,-0.516541459816575,-0.39525821697563723,1000
Chongqing Municipality,4.626586597346926,-0.5356800107179144,-0.534557789810579,-0.5941750759077965,-0.4739452723350112,1000,-0.46537720473780375,-0.46656940223830784,-0.5261120942030624,-0.4051117518905593,1000
Chongqing Municipality,4.734508793998165,-0.5454988896936109,-0.5442852781090124,-0.6044646872565962,-0.48376262810942144,1000,-0.4750813150457279,-0.4763492126992882,-0.5358410253415439,-0.4139888017062329,1000
Chongqing Municipality,4.844948440671135,-0.555233367334055,-0.5540782535435906,-0.6145982882312989,-0.49316249266977136,1000,-0.4846881714405217,-0.4858766900436957,-0.5456141398861514,-0.423258979134672,1000
Chongqing Municipality,4.9579642607314485,-0.5648855160852551,-0.5637418900673791,-0.6241786719448214,-0.5028129807427218,1000,-0.4942002636943142,-0.49518715360526283,-0.5553109362195849,-0.43273033539994443,1000
Chongqing Municipality,5.073616347356891,-0.5744573262352634,-0.5731598695218962,-0.6342553484900003,-0.5124619833538463,1000,-0.5036199827750072,-0.5044483954682686,-0.5649991782986898,-0.44210117946095623,1000
Chongqing Municipality,5.191966195490369,-0.5839507103864444,-0.5827061633703287,-0.6439233607906072,-0.5217331576135337,1000,-0.5129496260744866,-0.5136358723626773,-0.574430524547013,-0.45112696283457165,1000
Chongqing Municipality,5.31307673453823,-0.5933675076187972,-0.5920871381554952,-0.6532973471930893,-0.5309185301474024,1000,-0.5221914022948096,-0.522812514305923,-0.583540013425702,-0.46038777155629,1000
Chongqing Municipality,5.437012361831313,-0.6027094873701639,-0.6015182669037608,-0.662899668675522,-0.5395818294110556,1000,-0.5313474360187568,-0.531790686764976,-0.592547419016918,-0.4693849071485877,1000
Chongqing Municipality,5.5638389768665215,-0.6119783530566459,-0.6107396522346692,-0.6725642995661942,-0.5481694035345037,1000,-0.5404197719888377,-0.5409502095136769,-0.6014623781672884,-0.47804187566038464,1000
Chongqing Municipality,5.69362401634715,-0.6211757454542748,-0.6197551138440688,-0.682142887909609,-0.5566874332170999,1000,-0.5494103791167226,-0.5500041606086601,-0.6102874282618702,-0.4866239578147444,1000
Chongqing Municipality,5.826436490040564,-0.6303032458610048,-0.6288383452257406,-0.6916374235764117,-0.5654404857291808,1000,-0.5583211542431842,-0.558855661399786,-0.619368782154943,-0.49514033361259385,1000
Chongqing Municipality,5.962347017472319,-0.6393623790562788,-0.6378518831236719,-0.7010446529191982,-0.5743012548930466,1000,-0.5671539256669105,-0.5676751368566868,-0.6282147323164844,-0.5035940961909523,1000
Chongqing Municipality,6.1014278654762375,-0.6483546160738612,-0.6468573580482269,-0.7101994505061441,-0.5831113041922392,1000,-0.5759104564590235,-0.5766447712869609,-0.6367821147406733,-0.5119777007956835,1000
Chongqing Municipality,6.243752986620382,-0.6572813768021809,-0.6558318570619643,-0.7190299838791137,-0.5917676834573179,1000,-0.5845924475786956,-0.5850757947274285,-0.6454593724552353,-0.5204901666530302,1000
Chongqing Municipality,6.389398058529382,-0.6661440324251657,-0.6646110120206727,-0.7277661801690608,-0.6004367721635088,1000,-0.5932015408040285,-0.5937491987165135,-0.6546851964250423,-0.5292179358940633,1000
Chongqing Municipality,6.5384405241240104,-0.6749439077154006,-0.6732963791276536,-0.736596162359794,-0.609216557483886,1000,-0.6017393214911694,-0.6022726618635124,-0.6636390880631282,-0.5374086654259761,1000
Chongqing Municipality,6.6909596327994185,-0.6836822831904138,-0.682158844553336,-0.7456335773049463,-0.6179926900931655,1000,-0.6102073211736073,-0.610645443936119,-0.6724424878708094,-0.545525498896495,1000
Chongqing Municipality,6.847036482563901,-0.6923603971419682,-0.6909229091283606,-0.7546104640435399,-0.6266072693948439,1000,-0.6186070200126348,-0.6189172668308598,-0.6808768841416,-0.5535722568517811,1000
Chongqing Municipality,7.006754063160622,-0.7009794475474004,-0.6994210336119449,-0.763528014687145,-0.635214952787906,1000,-0.6269398491090921,-0.6271456960631219,-0.6888796851076541,-0.5615504434679092,1000
Chongqing Municipality,7.170197300195224,-0.7095405938712986,-0.7077834857905727,-0.7723787298704042,-0.6437759377051144,1000,-0.6352071926857178,-0.6351722037925392,-0.6973067778525245,-0.5695657008865125,1000
Chongqing Municipality,7.337453100292774,-0.718044958765119,-0.7160809992073185,-0.7811716417324323,-0.652297890918092,1000,-0.6434103901487123,-0.643444363680671,-0.7058986794381827,-0.5781647822517257,1000
Chongqing Municipality,7.508610397308058,-0.7264936296717346,-0.7246674232123225,-0.7899084281708003,-0.660776707417222,1000,-0.651550738036457,-0.6512606819845628,-0.7140253619744001,-0.5861294909413934,1000
Chongqing Municipality,7.683760199613822,-0.7348876603413415,-0.7329522995003668,-0.7985901424726454,-0.6692164363126952,1000,-0.6596294918627338,-0.6593646333156211,-0.7225304901339117,-0.5939876941265576,1000
Chongqing Municipality,7.862995638492068,-0.7432280722646409,-0.7407961979861533,-0.8072178057848468,-0.6776105689904529,1000,-0.667647867861237,-0.6673974357328836,-0.7309586360010188,-0.6015255157777647,1000
Chongqing Municipality,8.046412017654148,-0.7515158560287534,-0.7494566607640887,-0.8157924084644629,-0.6858077844728157,1000,-0.6756070446376659,-0.6755064609516012,-0.7390213591222324,-0.6092021769604404,1000
Chongqing Municipality,8.234106863915997,-0.7597519726009005,-0.7575945814243579,-0.8243149113570917,-0.6935903905524642,1000,-0.683508164735223,-0.6836650227592505,-0.746931038649112,-0.6171894586025464,1000
Chongqing Municipality,8.426179979055448,-0.7679373545445027,-0.7659177533932642,-0.8327862470078169,-0.7020934278282382,1000,-0.6913523361189243,-0.6916659259269111,-0.7547759334889866,-0.6247587262598157,1000
Chongqing Municipality,8.622733492879188,-0.7760729071719948,-0.7737277538789796,-0.8412073208090444,-0.7099814368206652,1000,-0.6991406335837305,-0.6993707961556587,-0.7630277195107478,-0.6318334694642977,1000
Chongqing Municipality,8.823871917527581,-0.7841595096383367,-0.7816646199550221,-0.8495790120892039,-0.7176092542838879,1000,-0.7068741000911575,-0.7071599725753581,-0.7712420516912242,-0.6389341016064044,1000
Chongqing Municipality,9.029702203046249,-0.7921980159789087,-0.7900046104968084,-0.8579021751460136,-0.7251891985494302,1000,-0.7145537480386963,-0.7147430226890457,-0.7793988881749826,-0.646278016702929,1000
Chongqing Municipality,9.240333794253923,-0.800189256095207,-0.7978852945393513,-0.8661776402277148,-0.732724690424794,1000,-0.7221805604660617,-0.7223413745443531,-0.7874959720704616,-0.6533393596125676,1000
Chongqing Municipality,9.455878688936846,-0.8081340366915138,-0.8056067635730413,-0.8744062144654541,-0.7402293984422345,1000,-0.7297554922020214,-0.7299309236222069,-0.7955380609898631,-0.6606354884966827,1000
Chongqing Municipality,9.676451497400627,-0.8160331421654858,-0.813719660692298,-0.8824907611878845,-0.7480255929616441,1000,-0.7372794709552944,-0.7373375827180866,-0.8034607807667857,-0.6680328964237363,1000
Chongqing Municipality,9.902169503411255,-0.8238873354554052,-0.8214975779538327,-0.890384602095168,-0.7556903988259138,1000,-0.744753398352769,-0.7445478885895684,-0.8109040700067287,-0.6752007156272288,1000
Chongqing Municipality,10.133152726557643,-0.8316973588466355,-0.8294353365315891,-0.8983910648194786,-0.76301315830096,1000,-0.7521781509280772,-0.7517812946613671,-0.8184002269456158,-0.6823218647793745,1000
Chongqing Municipality,10.369523986068852,-0.839463934739661,-0.8371504744908012,-0.9062741123866013,-0.770234792325835,1000,-0.7595545810633554,-0.7591129487011454,-0.8263933411590871,-0.6897523083530558,1000
Chongqing Municipality,10.611408966120022,-0.8471877663819203,-0.8447971623712207,-0.9140952238594975,-0.777715348357722,1000,-0.7668835178868417,-0.7662645044766833,-0.8339044660904835,-0.6971765352722861,1000
Chongqing Municipality,10.858936282661562,-0.8548695385654921,-0.8523413874002996,-0.9215014010299146,-0.7852201455767666,1000,-0.7741657681287727,-0.7734535640545295,-0.841382132142994,-0.7045644629258975,1000
Chongqing Municipality,11.112237551807304,-0.8625099182925647,-0.8599780113302301,-0.9285672283577221,-0.7924224906604191,1000,-0.7814021169379013,-0.780714735023432,-0.8490405045946776,-0.7118128391480407,1000
Chongqing Municipality,11.37144745981792,-0.870109555410484,-0.8675313844123687,-0.9367311554104314,-0.7995989928713867,1000,-0.7885933286607942,-0.7876767074901017,-0.8566528435851661,-0.7185461291126994,1000
Chongqing Municipality,11.636703834716739,-0.8776690832180589,-0.8748901645013447,-0.9448536858485796,-0.8069994109083943,1000,-0.7957401475859363,-0.7947754944558383,-0.8642032679652026,-0.7250618301312556,1000
Chongqing Municipality,11.908147719576188,-0.8851891190446997,-0.8823241838703477,-0.9524865193438806,-0.8142011232213021,1000,-0.8028432986545395,-0.8019519838854574,-0.8717726986317725,-0.7319223622206816,1000
Chongqing Municipality,12.18592344751373,-0.8926702648038581,-0.8896098104290795,-0.9600325310975051,-0.8213461906039069,1000,-0.8099034881398381,-0.8090136536125748,-0.8792696058834545,-0.7390566459950122,1000
Chongqing Municipality,12.470178718437154,-0.9001131075221502,-0.8968096040339448,-0.9675174322601128,-0.8284562652320919,1000,-0.8169214042965387,-0.8161056254357921,-0.886718777447925,-0.745942980906649,1000
Chongqing Municipality,12.76106467758012,-0.9075182198454455,-0.90426726474772,-0.9749581913562896,-0.8353872102534593,1000,-0.8238977179819893,-0.8230855624897091,-0.8941068848499033,-0.752438449546066,1000
Chongqing Municipality,13.058735995869664,-0.9148861605231458,-0.9114728371915437,-0.9821099572734513,-0.8419363737337843,1000,-0.8308330832505463,-0.8297309725341763,-0.901490432480315,-0.7588951286019895,1000
Chongqing Municipality,13.36335095216834,-0.9222174748717799,-0.9189740647066471,-0.9891256697778993,-0.8486130047746687,1000,-0.8377281379225134,-0.8364983534937819,-0.908819638476088,-0.7653146660006557,1000
Chongqing Municipality,13.675071517434843,-0.9295126952189898,-0.9261270967012994,-0.9960924707975627,-0.8554637143189657,1000,-0.8445835041289617,-0.8432960568514691,-0.915995365698674,-0.7717016963020001,1000
Chongqing Municipality,13.994063440847814,-0.9367723413288926,-0.9331876151557126,-1.0031143084701046,-0.8622799875297563,1000,-0.8513997888336454,-0.8501063827683828,-0.9233418855496722,-0.7780512030673289,1000
Chongqing Municipality,14.320496337938545,-0.943996920809809,-0.9403716749698161,-1.010266526355438,-0.8690704172944153,1000,-0.858177584333173,-0.8567035073973663,-0.9303534642872957,-0.7848353726241198,1000
Chongqing Municipality,14.654543780779578,-0.9511869295051547,-0.9477497078758013,-1.0171140652452073,-0.8758464224269027,1000,-0.8649174687365089,-0.8632183166817367,-0.93696675033637,-0.79184757021661,1000
Chongqing Municipality,14.99638339027709,-0.9583428518684604,-0.9547463912423925,-1.0250114198354912,-0.8829533039453311,1000,-0.8716200064248388,-0.8699970059594511,-0.9437883772036092,-0.7988576919194273,1000
Chongqing Municipality,15.346196930616085,-0.9654651613231616,-0.9617421908357113,-1.0328784312268735,-0.8902122588963489,1000,-0.878285748492749,-0.8767046488078767,-0.951274229848737,-0.8058364330034727,1000
Chongqing Municipality,15.70417040590871,-0.9725543206080162,-0.968870897280208,-1.0401408612539869,-0.8967875130311682,1000,-0.8849152331716291,-0.8832872834818997,-0.9585809409075422,-0.8122877209550811,1000
Chongqing Municipality,16.070494159097066,-0.9796107821087777,-0.9759133586813358,-1.0472921612810429,-0.9033303804437306,1000,-0.8915089862361801,-0.8897219100698207,-0.9654628127262629,-0.8185424449376498,1000
Chongqing Municipality,16.44536297316297,-0.9866349881768284,-0.9828472715572718,-1.0545528449556956,-0.9098413103456057,1000,-0.8980675213947891,-0.8962252936918615,-0.9723050044241537,-0.8250804333551858,1000
Chongqing Municipality,16.82897617469873,-0.9936273714353488,-0.9896171976831483,-1.0615844312403173,-0.9163216987285209,1000,-0.9045913406645817,-0.9027012269129298,-0.9793522743451983,-0.831493851448759,1000
Chongqing Municipality,17.221537739893765,-1.0005883550736532,-0.9964334037061852,-1.06837010750526,-0.9227809819230249,1000,-0.9110809347318456,-0.9093963064997036,-0.9864506698595966,-0.8380371426634038,1000
Chongqing Municipality,17.623256402993533,-1.0075183531302163,-1.0033038840683774,-1.075170722180323,-0.9296724459128076,1000,-0.9175367832985138,-0.9156308394025185,-0.9932209289053543,-0.8445507911364707,1000
Chongqing Municipality,18.034345767288528,-1.0144177707649427,-1.010080225655095,-1.0824971192961848,-0.9365735567240147,1000,-0.9239593554153653,-0.9219905279651989,-1.000155706833475,-0.8510351870694672,1000
Chongqing Municipality,18.455024418692105,-1.0212870045211266,-1.0168261550995743,-1.0897901351208061,-0.9434455008964243,1000,-0.9303491098025427,-0.9282820879505727,-1.0070983591102636,-0.857490712333897,1000
Chongqing Municipality,18.885516041967808,-1.0281264425776497,-1.0237398272855298,-1.0970502056711933,-0.9502587346273897,1000,-0.9367064951579533,-0.9349164247537995,-1.0132369292452224,-0.8638494601088006,1000
Chongqing Municipality,19.326049539667853,-1.0349364649917587,-1.0304296332400706,-1.1039498630974365,-0.9563775816076124,1000,-0.9430319504541337,-0.9412344933556878,-1.0199815324770412,-0.8701068592918834,1000
Chongqing Municipality,19.776859153845976,-1.0417174439329542,-1.0371277869252393,-1.1107126871558157,-0.9624748861457303,1000,-0.9493259052240658,-0.9475816475456327,-1.0271692813174318,-0.8761200132660648,1000
Chongqing Municipality,20.238184590609468,-1.0484697439083028,-1.0436077979037803,-1.1178574172886124,-0.968541760795522,1000,-0.9555887798364459,-0.953601059682956,-1.0342867351040224,-0.882100581513217,1000
Chongqing Municipality,20.710271147576613,-1.0551937219795668,-1.050700368381666,-1.1243654291922136,-0.9748640828280462,1000,-0.9618209857608879,-0.959420853543022,-1.040939551246654,-0.8880490129358602,1000
Chongqing Municipality,21.19336984430715,-1.0618897279725743,-1.057656724437396,-1.1308303423552428,-0.9815323000162283,1000,-0.968022925823483,-0.9656872311645501,-1.0475595152946986,-0.8939657467793236,1000
Chongqing Municipality,21.68773755577532,-1.0685581046790626,-1.0641410236309627,-1.1374604622337623,-0.9881929576993123,1000,-0.97419499445314,-0.9720978584513871,-1.0541489371262531,-0.8998512129109573,1000
Chongqing Municipality,22.193637148956405,-1.0751991880514098,-1.0708519705339419,-1.1451795886224152,-0.9948300526040357,1000,-0.980337577919099,-0.9784061494992626,-1.0610926464040238,-0.9057058320892214,1000
Chongqing Municipality,22.711337622599206,-1.0818133073905165,-1.0774817108227412,-1.1524152879421494,-1.001443854446162,1000,-0.9864510545600427,-0.9844150436028973,-1.0678665237792562,-0.9115300162232364,1000
Chongqing Municipality,23.241114250259074,-1.0884007855271327,-1.084257185591146,-1.1601341343373788,-1.0080346277996866,1000,-0.9925357950050757,-0.9904084713091035,-1.074472212949928,-0.917324168623019,1000
Chongqing Municipality,23.783248726667388,-1.0949619389969014,-1.090582059639225,-1.1674818987356441,-1.0137678394412133,1000,-0.9985921623870071,-0.9966656037912842,-1.081016918769564,-0.9230886842409418,1000
Chongqing Municipality,24.3380293175152,-1.101497078209414,-1.0968971317864562,-1.1739770594184247,-1.0202931107537343,1000,-1.0046205125482015,-1.0025626337595401,-1.0873159800045413,-0.9288239499047238,1000
Chongqing Municipality,24.905751012731002,-1.1080065076114798,-1.103414228328564,-1.1808878416306132,-1.026676163495898,1000,-1.0106211942393304,-1.0084437037995861,-1.0935835334330914,-0.9343611376159339,1000
Chongqing Municipality,25.486715683333756,-1.1144905258448794,-1.1099682528071777,-1.1881575526538575,-1.0324799310285384,1000,-1.0165945493113098,-1.014168585463795,-1.0994910470034396,-0.93962596764361,1000
Chongqing Municipality,26.081232241944857,-1.1209494258988237,-1.1163592212225146,-1.19559059490008,-1.0382573283012744,1000,-1.0225409129007133,-1.0202123632969262,-1.1057831208602664,-0.9449537352580765,1000
Chongqing Municipality,26.6896168070443,-1.1273834952573227,-1.1229093171747406,-1.202439438748069,-1.0440086772647938,1000,-1.0284606136089174,-1.0264134980630844,-1.112107649283268,-0.9500807991627988,1000
Chongqing Municipality,27.31219287105828,-1.1337930160416807,-1.1292826101229587,-1.2093099974813517,-1.0499660644908702,1000,-1.0343539736752454,-1.0320699636405446,-1.118349867579977,-0.9558778100591651,1000
Chongqing Municipality,27.94929147236775,-1.1401782651482975,-1.1355954336071117,-1.216419921572334,-1.055404755243761,1000,-1.0402213091443295,-1.0378096025317458,-1.1244791643187886,-0.9611769717969825,1000
Chongqing Municipality,28.601251371329415,-1.1465395143819919,-1.1419456390440832,-1.2234546537733109,-1.0610519594399674,1000,-1.0460629300279511,-1.043659090932195,-1.1305817858317202,-0.9664603148125402,1000
Chongqing Municipality,29.268419230402497,-1.152877030584993,-1.1481481404645915,-1.230480590619457,-1.0666913731939285,1000,-1.0518791404615564,-1.0493295589061884,-1.1366580466903182,-0.9718546897872876,1000
Chongqing Municipality,29.951149798477392,-1.1591910757617774,-1.1542983183157296,-1.2374530808988307,-1.0723167237377569,1000,-1.0576702388556594,-1.055159992270883,-1.142811626398717,-0.97717370478116,1000
Chongqing Municipality,30.649806099504072,-1.1654819071999296,-1.1605220860940526,-1.2438064121422723,-1.0783762410379216,1000,-1.0634365180423568,-1.0610648296223282,-1.1492120964282428,-0.9823922866473486,1000
Chongqing Municipality,31.364759625520396,-1.171749777587163,-1.166808756864032,-1.250867708704565,-1.084642707661818,1000,-1.069178265417099,-1.0669193119937397,-1.1551256955569023,-0.9875855780199365,1000
Chongqing Municipality,32.09639053418323,-1.177994935124645,-1.1731101636882593,-1.2579704239283112,-1.0908889807770779,1000,-1.074895763075956,-1.0724774506292096,-1.1607055712777716,-0.9927530578302166,1000
Chongqing Municipality,32.845087850907284,-1.184217623636798,-1.1793157542181776,-1.2650527424211722,-1.096962956617525,1000,-1.0805892879484964,-1.077930741199713,-1.1666545457515805,-0.9978972462162812,1000
Chongqing Municipality,33.61124967571902,-1.1904180826776576,-1.1855196195479518,-1.2720542943443942,-1.1025134299986268,1000,-1.0862591119264977,-1.0833804409378298,-1.1725789279978964,-1.003017456697551,1000
Chongqing Municipality,34.39528339493589,-1.1965965476339775,-1.1915968778632613,-1.2785446128625018,-1.1080428665119864,1000,-1.091905501988606,-1.0888289583437896,-1.1786470164897533,-1.0081218573005415,1000
Chongqing Municipality,35.197605897783234,-1.202753249825144,-1.1979323237497201,-1.2849704411600993,-1.1137455715484985,1000,-1.0975287203211148,-1.0942556488586372,-1.1852705576322227,-1.0132018333117705,1000
Chongqing Municipality,36.01864379806412,-1.2088884166000797,-1.2040021166045958,-1.2913734401229604,-1.1195439937676563,1000,-1.1031290244350138,-1.099987265972524,-1.191873664497317,-1.01824053331028,1000
Chongqing Municipality,36.85883366099993,-1.2150022714311772,-1.2102686758774326,-1.2977539346562466,-1.124947858296624,1000,-1.1087066672794343,-1.105637694487693,-1.198003709162536,-1.023265437864084,1000
Chongqing Municipality,37.718622235362474,-1.2210950340054396,-1.2163201641137023,-1.303980819365193,-1.1303061612690368,1000,-1.1142618973516223,-1.1109316604612027,-1.2031444826597737,-1.0282685946783463,1000
Chongqing Municipality,38.59846669102074,-1.2271669203128865,-1.2222350579837582,-1.310185022259909,-1.1354754829388047,1000,-1.1197949588035905,-1.1166942856629896,-1.2084403540013118,-1.0332507194674037,1000
Chongqing Municipality,39.49883486202902,-1.2332181427323345,-1.2282123917969008,-1.3164600102425785,-1.140731850783455,1000,-1.1253060915455426,-1.122374470371681,-1.214662004948177,-1.0382107474649551,1000
Chongqing Municipality,40.4202054953852,-1.2392489101146522,-1.2341813936177104,-1.323080635403722,-1.1461073237659445,1000,-1.1307955313461913,-1.128013721625699,-1.2208613318915875,-1.0431489283474766,1000
Chongqing Municipality,41.363068505591876,-1.245259427863586,-1.2400612899976866,-1.329310832276257,-1.1515073023442277,1000,-1.1362635099301013,-1.1333771461524127,-1.2270385643381905,-1.0480692059426362,1000
Chongqing Municipality,42.32792523515553,-1.251249898014204,-1.2460674998263856,-1.3352933299923992,-1.1568006278108605,1000,-1.1417102550721465,-1.139028478637242,-1.2330067012812236,-1.0531711529549057,1000
Chongqing Municipality,43.315288721162034,-1.2572205193091095,-1.252037376009083,-1.3412543483319024,-1.1621051133501534,1000,-1.1471359906891836,-1.1447216100836854,-1.2382904960983536,-1.0579830416315186,1000
Chongqing Municipality,44.325683968070635,-1.2631714872724331,-1.258005433384311,-1.3480850060844032,-1.167399546139772,1000,-1.1525409369290525,-1.1500550305789328,-1.2440412541579347,-1.062945461857911,1000
Chongqing Municipality,45.359648226871286,-1.2691029942817327,-1.2640733252425393,-1.3543021834153857,-1.1726472186349177,1000,-1.1579253102569815,-1.1556785475777405,-1.2506066262194557,-1.0683476890012613,1000
Chongqing Municipality,46.41773128075353,-1.2750152296378325,-1.2700466180706251,-1.360862016285591,-1.1778613885808886,1000,-1.1632893235395103,-1.1612016198754702,-1.2565419674884966,-1.0733506980626246,1000
Chongqing Municipality,47.500495737439245,-1.2809083796327045,-1.2756585020491018,-1.367457860086708,-1.183057108111984,1000,-1.1686331861259875,-1.1666714710676243,-1.2622338224508327,-1.0779231854863447,1000
Chongqing Municipality,48.608517328334564,-1.2867826276154537,-1.2813878808685022,-1.3736135615467737,-1.1882345610972231,1000,-1.1739571039277552,-1.1720255612605763,-1.2679005261212004,-1.0824759434595603,1000
Chongqing Municipality,49.74238521465965,-1.2926381540564444,-1.2872926013399077,-1.3800649423356137,-1.1933939284517703,1000,-1.179261279495074,-1.1774138791811635,-1.273546321564403,-1.087265864302527,1000
Chongqing Municipality,50.90270230071971,-1.2984751366096596,-1.2932871743646994,-1.3866455941655198,-1.198349843039813,1000,-1.1845459120919035,-1.182613367280068,-1.2791781282050485,-1.092593458996495,1000
Chongqing Municipality,52.09008555448351,-1.3042937501733542,-1.2989665461251447,-1.3932086985847951,-1.203639700454795,1000,-1.189811197768548,-1.1877464740559789,-1.285026455045454,-1.0973707117841878,1000
Chongqing Municipality,53.30516633563966,-1.310094166949027,-1.3044814834233798,-1.3997654332879705,-1.20872826571324,1000,-1.1950573294323161,-1.192921009531259,-1.2906735732809558,-1.1020623751751448,1000
Chongqing Municipality,54.54859073130552,-1.3158765564988075,-1.3101994367420524,-1.406314558764411,-1.2138123623588915,1000,-1.2002844969161979,-1.1983764371714352,-1.2962980590389122,-1.107054906055494,1000
Chongqing Municipality,55.82101989956701,-1.3216410858012761,-1.3158613251447888,-1.4128466409341063,-1.2188821316154406,1000,-1.2054928870456547,-1.203814632909701,-1.3018910035090154,-1.1113698160698362,1000
Chongqing Municipality,57.12313042103187,-1.327387919305793,-1.32160524411389,-1.4193601789792838,-1.2237225634361835,1000,-1.210682683703592,-1.2089449847725993,-1.3077843814798618,-1.116296847770274,1000
Chongqing Municipality,58.455614658583634,-1.3331172189853733,-1.327340850211744,-1.4258362068986663,-1.228567926623869,1000,-1.2158540678935428,-1.2139926474584497,-1.313652498487719,-1.1212864982759627,1000
Chongqing Municipality,59.81918112552719,-1.3388291443881501,-1.3330477297243277,-1.4320066829380529,-1.2337725752888447,1000,-1.2210072178011568,-1.2192120805416873,-1.3190646295154729,-1.126259346644392,1000
Chongqing Municipality,61.21455486232208,-1.3445238526874796,-1.3385195357891029,-1.4379001577190234,-1.2389595999285823,1000,-1.2261423088540262,-1.2244766425954303,-1.324457065712803,-1.1306824268544642,1000
Chongqing Municipality,62.642477822103714,-1.350201498730741,-1.344020012657581,-1.444463299210761,-1.2439314129975052,1000,-1.2312595137799094,-1.229533911354204,-1.3302708580039349,-1.134918488766564,1000
Chongqing Municipality,64.10370926519715,-1.3558622350868488,-1.3495166168198556,-1.4510101780443367,-1.248886913692826,1000,-1.2363590026634061,-1.2347413442232948,-1.3362945254272145,-1.139196952908434,1000
Chongqing Municipality,65.59902616283385,-1.3615062120925328,-1.3550678587588272,-1.4575392411844208,-1.2538341364117331,1000,-1.2414409430011377,-1.239794733796367,-1.3412319149495449,-1.1439032502270936,1000
Chongqing Municipality,67.1292236102857,-1.3671335778974287,-1.3608068948153473,-1.46404995908375,-1.2584814051213407,1000,-1.2465054997554588,-1.245095229538267,-1.3471097596806985,-1.1486002576378813,1000
Chongqing Municipality,68.6951152496357,-1.3727444785080019,-1.366352222978108,-1.4704162816628579,-1.2630225102198271,1000,-1.2515528354067815,-1.2501247473569135,-1.3529660499231488,-1.1529796651024755,1000
Chongqing Municipality,70.29753370241079,-1.378339057830361,-1.3722272537094433,-1.4768299739532043,-1.2676715773817346,1000,-1.2565831100045262,-1.2550949421290132,-1.3587818434775631,-1.1570407379737944,1000
Chongqing Municipality,71.93733101230643,-1.383917457711971,-1.3777925138402558,-1.4832774691259536,-1.2729257717168803,1000,-1.2615964812167482,-1.2599776278415133,-1.3645812689014796,-1.1612759965254689,1000
Chongqing Municipality,73.61537909823818,-1.3894798179823236,-1.3833804210242215,-1.4897069497912006,-1.277944475922428,1000,-1.2665931043785015,-1.2651033743937576,-1.3696155560945542,-1.16570146627015,1000
Chongqing Municipality,75.33257021796157,-1.395026276492576,-1.388811220765028,-1.4961213564543299,-1.2825705600019097,1000,-1.2715731325389512,-1.269943709878564,-1.3745579048656347,-1.1701107272822822,1000
Chongqing Municipality,77.08981744250684,-1.400556969154205,-1.394278199569766,-1.5024581470880551,-1.287339773034969,1000,-1.2765367165072832,-1.2746290062505126,-1.3802517035631696,-1.1745135946203549,1000
Chongqing Municipality,78.88805514167998,-1.406072029976705,-1.3995862970568922,-1.5088999882431224,-1.2921034029438636,1000,-1.2814840048974665,-1.2796311898764938,-1.386256165448334,-1.1789172353560984,1000
Chongqing Municipality,80.7282394808894,-1.4115715911043454,-1.4050609101574287,-1.5152843026585492,-1.2964091388644905,1000,-1.2864151441718623,-1.2845558093052447,-1.3922459525997648,-1.1836517445791974,1000
Chongqing Municipality,82.61134892956177,-1.4170557828520243,-1.4103598680298677,-1.5216443432412725,-1.3008854874617823,1000,-1.2913302786837686,-1.2894460441342692,-1.3982211821746895,-1.1886270382392516,1000
Chongqing Municipality,84.53838478141695,-1.4225247337402542,-1.415573593292208,-1.5278638098134405,-1.3053477054113636,1000,-1.296229550718873,-1.294226668544117,-1.4041819697682925,-1.1923643014238743,1000
Chongqing Municipality,86.51037168687985,-1.427978570529291,-1.4208828158252205,-1.5337470710931234,-1.3095621700500628,1000,-1.3011131005357017,-1.2991464721264583,-1.41012842944277,-1.1963174289128775,1000
Chongqing Municipality,88.52835819791093,-1.4334174182524326,-1.426352576174466,-1.5399610109956676,-1.3137610956727637,1000,-1.305981066405056,-1.303933825595967,-1.416060673755691,-1.2006277561233465,1000
Chongqing Municipality,90.59341732554617,-1.4388414002485277,-1.431533038373563,-1.546160600411565,-1.3179446273494198,1000,-1.3108335846484833,-1.3086330967012758,-1.4219226974320296,-1.2049955752089876,1000
Chongqing Municipality,92.70664711044245,-1.4442506381936973,-1.436921121343419,-1.552345949744046,-1.322118061697295,1000,-1.3156707896758129,-1.3134266736525455,-1.4275793681977598,-1.2095885809007687,1000
Chongqing Municipality,94.86917120673141,-1.4496452521322996,-1.442173114329631,-1.5585171679718872,-1.3271632814357486,1000,-1.3204928140217698,-1.3180743855018684,-1.4331989725029306,-1.2141667956625277,1000
Chongqing Municipality,97.08213947949301,-1.4550253605071697,-1.4473019057089682,-1.5646743626751047,-1.3323048213307325,1000,-1.3252997883817117,-1.3228622218313506,-1.43844861512491,-1.2187303482736107,1000
Chongqing Municipality,99.34672861616605,-1.4603910801891364,-1.452840138017201,-1.5708150939369432,-1.3367417300380207,1000,-1.3300918416465013,-1.3273368653777537,-1.4433256571871533,-1.223279365722072,1000
Chongqing Municipality,101.66414275222037,-1.4657425265058568,-1.4582938208777687,-1.5769369073097232,-1.3408899224342332,1000,-1.3348691009365483,-1.3318517980984628,-1.4488941254043264,-1.2278139732386426,1000
Chongqing Municipality,104.03561411142427,-1.4710798132699676,-1.46356743755465,-1.5830449951436496,-1.3452442699998375,1000,-1.3396316916350315,-1.336446200027598,-1.4541100195591807,-1.2323342943298894,1000
Chongqing Municipality,106.46240366104679,-1.4764030528065895,-1.468707848110578,-1.5891394598818578,-1.3499088399723762,1000,-1.3443797374203452,-1.3410225552787076,-1.4595041269202103,-1.2368404508105846,1000
Chongqing Municipality,108.9458017823442,-1.4817123559801986,-1.474036807332373,-1.5952204026852448,-1.3544127142726674,1000,-1.3491133602977725,-1.3455570800958796,-1.4652203213715287,-1.2404790325437114,1000
Chongqing Municipality,111.48712895668554,-1.4870078322208704,-1.479371877204398,-1.6012879234549164,-1.3589705478877199,1000,-1.3538326806304148,-1.3503363392696062,-1.4709228392568114,-1.2439909557227151,1000
Chongqing Municipality,114.08773646768408,-1.492289589549932,-1.4846557905033737,-1.6073458828278802,-1.3635145197123206,1000,-1.3585378171694065,-1.3551627332764777,-1.4763808982269815,-1.2474884810428368,1000
Chongqing Municipality,116.74900711970662,-1.4975577346050284,-1.4901007095684822,-1.6135285575625329,-1.3680447448451614,1000,-1.3632288870834162,-1.359737322259845,-1.482013420093101,-1.2512193098092943,1000
Chongqing Municipality,119.47235597314324,-1.502812372664622,-1.4952318286675395,-1.6198448502451828,-1.3725613368535432,1000,-1.3679060059874786,-1.3642984112554422,-1.4872303728166958,-1.25534578775038,1000
Chongqing Municipality,122.2592310968281,-1.5080536076719355,-1.5004050176224153,-1.6261246708465047,-1.3770644078011953,1000,-1.3725692879711524,-1.368459592386114,-1.4924178879804284,-1.2594618794182653,1000
Chongqing Municipality,125.11111433801233,-1.5132815422583639,-1.5056126535489347,-1.6323861109007498,-1.3815614364772975,1000,-1.3772188456260397,-1.3727068311772705,-1.4975907782510047,-1.26368677599403,1000
Chongqing Municipality,128.02952211029643,-1.5184962777663595,-1.511156672484512,-1.637976311481382,-1.38582324280925,1000,-1.3818547900726736,-1.377134122419291,-1.5027498694110772,-1.2679409500958863,1000
Chongqing Municipality,131.01600619994366,-1.5236979142718132,-1.5162373044337598,-1.644164511783944,-1.3898506634727879,1000,-1.3864772309867992,-1.3815702524818942,-1.507918432998304,-1.2720660116072195,1000
Chongqing Municipality,134.07215459100124,-1.5288865506059377,-1.5214911921763612,-1.6503526975944152,-1.3944191879684766,1000,-1.391086276625062,-1.3860114519321725,-1.5134072403640235,-1.2762990020863236,1000
Chongqing Municipality,137.199592309669,-1.5340622843766667,-1.5266255644358298,-1.6564022353081584,-1.3989899124888359,1000,-1.395682033850118,-1.3904125412865904,-1.518605609680719,-1.2805808489135557,1000
Chongqing Municipality,140.39998228836393,-1.5392252119895955,-1.5317518012858655,-1.6622318908501803,-1.4035480049093743,1000,-1.4002646081551755,-1.3948275252820448,-1.5236646231789326,-1.2846723369455584,1000
Chongqing Municipality,143.6750262499412,-1.5443754286684557,-1.536945092654388,-1.6680466165406311,-1.408094194295369,1000,-1.4048341036880057,-1.399146996462917,-1.5287098112154534,-1.2888507969905227,1000
Chongqing Municipality,147.0264656125395,-1.549513028475149,-1.5420093850139411,-1.6738371249315132,-1.4126151896408314,1000,-1.4093906232744096,-1.4034937806727088,-1.5337412805381578,-1.2926210688067767,1000
Chongqing Municipality,150.45608241553467,-1.5546381043293518,-1.5469693813446521,-1.6796147644329968,-1.4170013788038576,1000,-1.4139342684411675,-1.4082104569315197,-1.5387591365622668,-1.2962218113025792,1000
Chongqing Municipality,153.96570026709196,-1.5597507480276933,-1.552137047684202,-1.6853796261353091,-1.4213750905347247,1000,-1.4184651394384948,-1.412603304735602,-1.5442933947756199,-1.2998671552853203,1000
Chongqing Municipality,157.55718531382155,-1.5648510502625286,-1.5574351544525649,-1.6911318000569695,-1.425736422023891,1000,-1.4229833352619936,-1.4171252003745187,-1.5498456245313106,-1.3038287002071403,1000
Chongqing Municipality,161.23244723305245,-1.5699391006403074,-1.5624021488006155,-1.6968770400998219,-1.4300854692470493,1000,-1.427488953674139,-1.4213903869484694,-1.5553855619309138,-1.307778109471058,1000
Chongqing Municipality,164.99344024825385,-1.575014987699563,-1.56716047594458,-1.702613055374853,-1.434422326985876,1000,-1.4319820912252939,-1.4258879062900243,-1.5609132931002956,-1.311724523227086,1000
Chongqing Municipality,168.8421641681406,-1.5800787989285041,-1.571896025979035,-1.7084141924928258,-1.43874708884835,1000,-1.4364628432742714,-1.4304332679240688,-1.5664289031635932,-1.3156600723953151,1000
Chongqing Municipality,172.78066545001963,-1.5851306207822606,-1.5768276539758919,-1.7142423754449772,-1.4430598472886111,1000,-1.4409313040084575,-1.4348835833986833,-1.5719324762594271,-1.3195837728509583,1000
Chongqing Municipality,176.81103828793903,-1.590170538699749,-1.5816498043376614,-1.7197339343281466,-1.4473606936264134,1000,-1.4453875664635067,-1.4392816071933168,-1.577424095556767,-1.3234957180590161,1000
Chongqing Municipality,180.93542572622073,-1.5951986371201974,-1.5865947155682698,-1.7254194385602517,-1.451649718066153,1000,-1.4498317225426123,-1.4436453300587566,-1.5829038432704756,-1.3273931242055088,1000
Chongqing Municipality,185.156020798968,-1.6002149994993278,-1.5916445273926625,-1.7312313958669086,-1.4559270097155022,1000,-1.4542638630353746,-1.4480812587986454,-1.5883718006765402,-1.3309332092105433,1000
Chongqing Municipality,189.47506769615262,-1.6052197083252018,-1.5964937294874213,-1.7370433699236227,-1.4601926566036352,1000,-1.4586840776362693,-1.4523716693998354,-1.5938280481269773,-1.3344618232363197,1000
Chongqing Municipality,193.89486295690432,-1.6102128451337432,-1.601335078623654,-1.7425540773744068,-1.4644467456990882,1000,-1.4630924549627302,-1.4566438479461064,-1.599272665064455,-1.338114457835647,1000
Chongqing Municipality,198.41775669063443,-1.615194490523941,-1.6062873216032325,-1.7480325659324967,-1.4686893629272333,1000,-1.4674890825728513,-1.4609165413683964,-1.604705730036606,-1.3414662653862222,1000
Chongqing Municipality,203.04615382664483,-1.6201647241727484,-1.6112274768737098,-1.7536593254612491,-1.4728696141595943,1000,-1.4718740469827245,-1.4652876831914328,-1.6101273207100533,-1.3449431501757563,1000
Chongqing Municipality,207.78251539288505,-1.6251236248496723,-1.6163574255697921,-1.7595990835050432,-1.4767657688593845,1000,-1.4762474336834148,-1.4695815088584594,-1.6149662867090797,-1.348408928261359,1000
Chongqing Municipality,212.62935982453996,-1.63007127043108,-1.6212284681282925,-1.7651092702828193,-1.480650790615709,1000,-1.4806093271575913,-1.4739095894746728,-1.6192419607109616,-1.3518786945571517,1000
Chongqing Municipality,217.58926430313986,-1.6350077379142043,-1.6259088880922001,-1.770447872602493,-1.4845247633503642,1000,-1.4849598108958073,-1.4781902774028044,-1.6246680250154697,-1.355339697513124,1000
Chongqing Municipality,222.66486612690946,-1.6399331034308808,-1.6306727600859974,-1.7760188933364074,-1.488406427907217,1000,-1.489298967412461,-1.4825911726633407,-1.6300838557056916,-1.3587898539820922,1000
Chongqing Municipality,227.85886411308147,-1.6448474422610087,-1.635538019822405,-1.7815527111220608,-1.4922789356845791,1000,-1.493626878261418,-1.4868167641014043,-1.6354895178737836,-1.362516206077617,1000
Chongqing Municipality,233.1740200329213,-1.6497508288457403,-1.64025382159386,-1.786896026301905,-1.4961406662677335,1000,-1.4979436240513277,-1.4911001483499318,-1.6406558742761057,-1.366257058604055,1000
Chongqing Municipality,238.6131600802258,-1.6546433368004148,-1.6451757993288738,-1.7922281071862847,-1.499991699265456,1000,-1.502249284460624,-1.495229797796466,-1.6456403679308096,-1.369987082282175,1000
Chongqing Municipality,244.17917637407817,-1.6595250389272393,-1.6500842668515103,-1.7975490274294483,-1.503832113350031,1000,-1.5065439382522323,-1.4992239456822252,-1.6506116999230112,-1.3737270884002928,1000
Chongqing Municipality,249.87502849665435,-1.6643960072277155,-1.6548497273566734,-1.8028588598862152,-1.508201865729271,1000,-1.5108276632879711,-1.5034114455134417,-1.6555615659096747,-1.3775041959754177,1000
Chongqing Municipality,255.70374506690382,-1.669256312914834,-1.659721680177598,-1.808157676624025,-1.5129257726470489,1000,-1.5151005365426793,-1.5077615628370244,-1.6604999847818058,-1.3811452511477416,1000
Chongqing Municipality,261.66842535093735,-1.6741060264250207,-1.664513635536995,-1.813634891245867,-1.5176401893365123,1000,-1.5193626341180533,-1.5121850991634698,-1.6654270338260289,-1.3848198245112124,1000
Chongqing Municipality,267.77224090997964,-1.6789452174298611,-1.669139366348075,-1.8194214660586097,-1.5216632403372456,1000,-1.5236140312562192,-1.5165195483217149,-1.6703427894777088,-1.3884855157901232,1000
Chongqing Municipality,274.0184372867646,-1.6837739548475992,-1.6736495494352899,-1.825197353129139,-1.525197128071977,1000,-1.5278548023530294,-1.5206654029241,-1.6756319349004394,-1.3921637617968359,1000
Chongqing Municipality,280.41033573126487,-1.6885923068544075,-1.678605287745703,-1.8309626182497116,-1.528720339536919,1000,-1.5320850209711074,-1.5247014497764846,-1.6808030529779692,-1.3958317256184767,1000
Chongqing Municipality,286.95133496668035,-1.6934003408954537,-1.6836420123796376,-1.8366224398305067,-1.5328007254730887,1000,-1.5363047598526318,-1.5288990578017063,-1.6855840875593537,-1.3994387188937198,1000
Chongqing Municipality,293.644912996619,-1.6981981236957469,-1.6886671612278459,-1.8420668433723393,-1.5371671639546485,1000,-1.5405140909318755,-1.5328939637231298,-1.6903542922927421,-1.402780401838784,1000
Chongqing Municipality,300.4946289544333,-1.7029857212707866,-1.6934284393399088,-1.8475192995242875,-1.5415238816734411,1000,-1.5447130853475022,-1.537067400751389,-1.6951137386197983,-1.406112318400168,1000
Chongqing Municipality,307.50412499569563,-1.7077631989370077,-1.6981448627698488,-1.8529352609823564,-1.5458709422176138,1000,-1.5489018134546224,-1.541380540221458,-1.69986249721364,-1.409434540539181,1000
Chongqing Municipality,314.67712823481867,-1.7125306213220277,-1.7027583786545293,-1.8583586015220686,-1.5498609326184904,1000,-1.553080344836623,-1.5455897643904697,-1.704600637990243,-1.4127471393836537,1000
Chongqing Municipality,322.01745272684917,-1.7172880523747063,-1.7072852206803566,-1.8637716205591415,-1.5534331445203,1000,-1.5572487483167707,-1.5497378428342392,-1.7093282301196215,-1.4164459579275572,1000
Chongqing Municipality,329.52900149549146,-1.722035555375015,-1.712188397197068,-1.8691743811481305,-1.5569955166775706,1000,-1.5614070919695884,-1.5538762127469685,-1.7140885943605078,-1.4201648699766831,1000
Chongqing Municipality,337.2157686084375,-1.7267731929437267,-1.7166630493051298,-1.8745669457018002,-1.56054811898115,1000,-1.565555443132022,-1.5580049382739583,-1.7188954416872277,-1.4238742268384703,1000
Chongqing Municipality,345.08184130110646,-1.7315010270519204,-1.7212966953868634,-1.8799335696590047,-1.5640935459760343,1000,-1.569693868414396,-1.5621877647585969,-1.7239295592166255,-1.4275851598579108,1000
Chongqing Municipality,353.1314021499241,-1.7362191190303216,-1.725890416740044,-1.8852896156127112,-1.5676332791657122,1000,-1.5738224337111613,-1.5662514207542557,-1.7289716822783918,-1.431287840521914,1000
Chongqing Municipality,361.36873129629873,-1.7409275295784612,-1.7305284005596964,-1.8906356245215592,-1.5711675103863139,1000,-1.5779412042114407,-1.5704180225439077,-1.7337357389444978,-1.4349811645295238,1000
Chongqing Municipality,369.79820872247126,-1.7456263187736714,-1.7353398702286267,-1.8966186975353714,-1.5746957516461657,1000,-1.582050244409381,-1.5746696886448865,-1.7384826270522713,-1.438665195218037,1000
Chongqing Municipality,378.4243165804564,-1.7503155460799216,-1.740166449003985,-1.902227697843659,-1.578214568187909,1000,-1.5861496181143098,-1.5787537294014082,-1.7432198190914967,-1.4423399952394895,1000
Chongqing Municipality,387.2516415753082,-1.7549952703564884,-1.7446536170060327,-1.907333702516711,-1.5817240251764553,1000,-1.590239388460707,-1.5828073024039866,-1.7479473748374945,-1.446005626570774,1000
Chongqing Municipality,396.28487740397935,-1.7596655498664742,-1.7491536505466896,-1.9124297779375656,-1.585224187062994,1000,-1.5943196179179882,-1.5869415963708615,-1.7526640569508491,-1.4496396564027874,1000
Chongqing Municipality,405.52882725107173,-1.7643264422851703,-1.7537365546703931,-1.9175159839836629,-1.5887151175956076,1000,-1.5983903683001148,-1.5909846924452835,-1.7573662769684748,-1.4531538064017715,1000
Chongqing Municipality,414.9884063428008,-1.7689780047082704,-1.758463848916856,-1.9226309940819937,-1.5921968798296948,1000,-1.602451700775022,-1.594985662803528,-1.7620590325874026,-1.4566588424027178,1000
Chongqing Municipality,424.66864456053884,-1.77362029365994,-1.7631731086633418,-1.9279222554881237,-1.595669536138193,1000,-1.6065036758738795,-1.5992061853089372,-1.7667423812684073,-1.460154826045844,1000
Chongqing Municipality,434.5746891153213,-1.7782533651007397,-1.76789013152178,-1.9332039515953119,-1.599133148221619,1000,-1.6105463535001816,-1.603321380412266,-1.7714163798985236,-1.463338125215423,1000
Chongqing Municipality,444.71180728474013,-1.7828772744354118,-1.7725648799497806,-1.938475393962108,-1.6025877771179162,1000,-1.614579792938673,-1.6073125233255237,-1.7763094960864687,-1.4668187710633525,1000
Chongqing Municipality,455.0853892136792,-1.787492076520525,-1.7772474965138216,-1.9437341256879441,-1.6063028659522862,1000,-1.6186040528641163,-1.6114739200266799,-1.781572096049184,-1.470336981085503,1000
Chongqing Municipality,465.70095078038344,-1.7920978256719928,-1.7819213361877793,-1.9489834651138536,-1.61014037290851,1000,-1.6226191913499002,-1.615538864112093,-1.7868256766293245,-1.473479985176953,1000
Chongqing Municipality,476.56413652937835,-1.7966945756724506,-1.7867045114497222,-1.9542234661067732,-1.6139690463900032,1000,-1.6266252658764935,-1.6194535787664102,-1.7920849046593121,-1.4764413003957957,1000
Chongqing Municipality,487.6807226728096,-1.8012823797785118,-1.791227363796137,-1.9598233552829007,-1.6177889423215026,1000,-1.6306223333397474,-1.623440059475463,-1.7973420682708074,-1.4793939498601913,1000
Chongqing Municipality,499.05662016179105,-1.805861290727897,-1.7958012076524708,-1.9654580396656625,-1.6216001160578193,1000,-1.6346104500590568,-1.6274227011399636,-1.8025903881289977,-1.4823379948619542,1000
Chongqing Municipality,510.69787782939613,-1.8104313607464348,-1.800348437721266,-1.9710842130921524,-1.625307098767028,1000,-1.6385896717853679,-1.6313023912938496,-1.8078209555981928,-1.4853369181256464,1000
Chongqing Municipality,522.6106856069655,-1.814992641554952,-1.8047931987311512,-1.9767019211809156,-1.6284036882214532,1000,-1.6425600537090541,-1.6351730956,-1.8130364733815252,-1.488390206980275,1000
Chongqing Municipality,534.8013778154409,-1.8195451843760353,-1.8092647474357528,-1.9823112091348967,-1.6314916535105735,1000,-1.646521650467646,-1.639034870619093,-1.8182432737398073,-1.4914351864101596,1000
Chongqing Municipality,547.2764365334706,-1.8240890399406842,-1.8139208573041397,-1.9879121217467657,-1.6348315664828899,1000,-1.6504745161534318,-1.6428877723403448,-1.8231369290743162,-1.4944719126736332,1000
Chongqing Municipality,560.042495044085,-1.8286242584948469,-1.8184345500237185,-1.9935047034041593,-1.6387082794883767,1000,-1.6544187043209222,-1.6467318561894073,-1.8280109310814425,-1.4975004414317443,1000
Chongqing Municipality,573.1063413617694,-1.8331508898058484,-1.8228623258672645,-1.99908899809483,-1.6425771299904912,1000,-1.6583542679941872,-1.6505671770361316,-1.8328762964101921,-1.5005208277568298,1000
Chongqing Municipality,586.4749218418111,-1.837668983168707,-1.8272569100782134,-2.004665049411718,-1.6464381644273365,1000,-1.6622812596740655,-1.6544741525052737,-1.8377330734108759,-1.5035331261409284,1000
Chongqing Municipality,600.1553448738425,-1.8421785874123497,-1.8315590608952714,-2.0102329005579347,-1.650291428789407,1000,-1.6661997313452508,-1.658368034832893,-1.8425813099840285,-1.5065373905040482,1000
Chongqing Municipality,614.154884661536,-1.8466797509057147,-1.8358565998882184,-2.015792594351668,-1.6541412031878087,1000,-1.6701097344832552,-1.6622072994874566,-1.8474174812738282,-1.5095336742022842,1000
Chongqing Municipality,628.480985090472,-1.8511725215637613,-1.840145680623957,-2.0213441732310082,-1.6579867715524967,1000,-1.674011320061254,-1.6661589570091155,-1.8522379072395598,-1.5125220300357893,1000
Chongqing Municipality,643.1412636862285,-1.8556569468533721,-1.8447038832414353,-2.0268876792586963,-1.6614854265338659,1000,-1.6779045385568134,-1.6701065746383592,-1.8570499300287826,-1.5155025102566084,1000
Chongqing Municipality,658.1435156647983,-1.8601330737991637,-1.8493225751571423,-2.0324231541267914,-1.6648720601148927,1000,-1.6817894399585065,-1.6740229283612305,-1.8618535958656455,-1.5184751665763694,1000
Chongqing Municipality,673.4957180774888,-1.864600948989196,-1.8537044817605053,-2.0379506391612714,-1.6682507889306737,1000,-1.6856660737724125,-1.6778851086550146,-1.8666489505518382,-1.5214400501738428,1000
Chongqing Municipality,689.2060340525119,-1.869060618580592,-1.8582176244198574,-2.043470175326554,-1.6716279922585024,1000,-1.6895344890285124,-1.6817623986290409,-1.871436039471964,-1.5243972117023663,1000
Chongqing Municipality,705.2828171355064,-1.87351212830506,-1.862593800958242,-2.048981803229948,-1.6749981527976276,1000,-1.693394734286973,-1.6855916636710933,-1.876214907598828,-1.5273477313458912,1000
Chongqing Municipality,721.7346157313193,-1.877955523474332,-1.867093697831586,-2.054485563126031,-1.678360555163848,1000,-1.697246857644326,-1.68933789338743,-1.8809855994986338,-1.5303022300298428,1000
Chongqing Municipality,738.5701776493927,-1.8823908489855068,-1.8715847557650733,-2.059981494920966,-1.6817152467092735,1000,-1.701090906739548,-1.6930760075729943,-1.8857449599408906,-1.533249157978963,1000
Chongqing Municipality,755.798454755181,-1.8868181493263154,-1.8760183342353396,-2.0654696381767423,-1.685062274324763,1000,-1.704926928760033,-1.6968060543372205,-1.8904932023176948,-1.5361885636981796,1000
Chongqing Municipality,773.4286077300679,-1.8912374685802875,-1.8804134907463836,-2.070950032115351,-1.6884016844460528,1000,-1.7087549704474725,-1.7005280813307113,-1.895233388406681,-1.5391204952041242,1000
Chongqing Municipality,791.4700109423204,-1.8956488504318503,-1.8847304582163247,-2.0764227156228987,-1.6917335230597867,1000,-1.7125750781036344,-1.7043676313031961,-1.8998041327440496,-1.5420450000317867,1000
Chongqing Municipality,809.9322574316561,-1.9000523381713337,-1.8891801210588477,-2.0819516160235056,-1.6950578357094388,1000,-1.7163872975960497,-1.708199710619985,-1.9041920881725531,-1.5452743583431248,1000
Chongqing Municipality,828.8251640100926,-1.9044479746998997,-1.893526030152261,-2.0873553379495022,-1.6983746675011415,1000,-1.720191674363602,-1.7120235322684265,-1.9085716168638889,-1.5485377644972627,1000
Chongqing Municipality,848.1587764817768,-1.9088358025343954,-1.897855347841638,-2.0928154282506797,-1.7016840631094166,1000,-1.7239882534220308,-1.7157578592441411,-1.9129427658268836,-1.5517998182478416,1000
Chongqing Municipality,867.9433749845753,-1.9132158638121222,-1.9022637683065626,-2.098267973811044,-1.7052269058956018,1000,-1.7277770793693417,-1.7193841522906546,-1.9173055816423825,-1.5550546200037774,1000
Chongqing Municipality,888.1894794562695,-1.9175882002955402,-1.9064071199566006,-2.103713011785188,-1.7089527962978688,1000,-1.7315581963911313,-1.7229596824273266,-1.9216601104686242,-1.5583022126646837,1000
Chongqing Municipality,908.9078552282499,-1.9219528533768846,-1.9105581827281513,-2.1091415812061287,-1.71267136571947,1000,-1.7353316482658219,-1.726602261945216,-1.9260063980465336,-1.5615426387246496,1000
Chongqing Municipality,930.1095187497,-1.926309864082722,-1.914799900483801,-2.114562139033401,-1.7163826550540442,1000,-1.7390974783698192,-1.7304664068720745,-1.9303440198849429,-1.5647759402774737,1000
Chongqing Municipality,951.805743445301,-1.9306592730784276,-1.919045361118299,-2.1198546008180754,-1.720086704824248,1000,-1.7428557296825777,-1.7342216358398614,-1.934671360783351,-1.5680021590218103,1000
Chongqing Municipality,974.0080657095784,-1.935001120672595,-1.9233831346314765,-2.1250233727131165,-1.723783555186389,1000,-1.746606444791595,-1.7379816006750655,-1.9389905932813958,-1.5712213362662362,1000
Chongqing Municipality,996.7282910410737,-1.9393354468213777,-1.9278123144676607,-2.13044587685464,-1.7274732459349824,1000,-1.7503496658973192,-1.7415057128939044,-1.9433017615240609,-1.5744335129342333,1000
Chongqing Municipality,1019.9785003196105,-1.9436622911327623,-1.9322558045386615,-2.1358794108199097,-1.7311558165072423,1000,-1.754085434817981,-1.7450879936841206,-1.9476049092639791,-1.5774763832498517,1000
Chongqing Municipality,1043.7710562299771,-1.9479816928707756,-1.9366920171384465,-2.1413059308436715,-1.7348386593577703,1000,-1.7578137929943494,-1.7486923136117154,-1.9521303797923328,-1.5803168494765456,1000
Chongqing Municipality,1068.1186098354624,-1.9522936909596273,-1.9410683665822877,-2.1467254701022322,-1.7385175354978424,1000,-1.761534781494414,-1.7523082362739335,-1.9570426388873834,-1.5831505035367637,1000
Chongqing Municipality,1093.034107304723,-1.9565983239877907,-1.9453431057831594,-2.1519486342601977,-1.7421894061485539,1000,-1.7652484410179887,-1.7558955103030525,-1.9619477886075811,-1.585977386509333,1000
Chongqing Municipality,1118.5307967955664,-1.960895630212016,-1.9497394795585474,-2.156890343916856,-1.7458543093216863,1000,-1.7689548119012497,-1.759298567388057,-1.9668458637210875,-1.588797539082981,1000
Chongqing Municipality,1144.6222354993088,-1.9651856475612872,-1.9541042454645186,-2.1618242773520846,-1.7495122826937728,1000,-1.7726539341211953,-1.7631526927614145,-1.9717368987095525,-1.5918030448043003,1000
Chongqing Municipality,1171.3222968494574,-1.9694684136407186,-1.9584352163972074,-2.166750473583589,-1.7531633636101709,1000,-1.7763458473000455,-1.7669436099407427,-1.9766209277714217,-1.5948796379724695,1000
Chongqing Municipality,1198.6451778985356,-1.9737439657353872,-1.9627590871056992,-2.1716689713029678,-1.7568075890890729,1000,-1.7800305907095646,-1.7707569132198455,-1.9814979848251963,-1.5979494916092207,1000
Chongqing Municipality,1226.605406866995,-1.9780123408141146,-1.9670758936027213,-2.176579808879503,-1.7604449958254487,1000,-1.7837082032753195,-1.774408465621874,-1.9863681035126421,-1.6010126443125576,1000
Chongqing Municipality,1255.217850868213,-1.982273575533184,-1.971385671598588,-2.1818078180464267,-1.7640756201949381,1000,-1.7873787235808778,-1.7780701843919302,-1.9912313172019565,-1.604069134328667,1000
Chongqing Municipality,1284.497723813686,-1.98652770624001,-1.9756884565047368,-2.187130809732471,-1.767699498257676,1000,-1.791042189871933,-1.7817412273870765,-1.9960876589908836,-1.6071189995562882,1000
Chongqing Municipality,1314.460594502625,-1.9907747689767437,-1.9799327914861193,-2.192447216807254,-1.7713166657620605,1000,-1.794698640060373,-1.7853348271677754,-2.00074903073857,-1.6101622775510176,1000
Chongqing Municipality,1345.1223949002585,-1.9950147994838352,-1.9842612471438081,-2.197757069314712,-1.774927158148466,1000,-1.798348111728281,-1.788841914238395,-2.0052217607397385,-1.6131990055295382,1000
Chongqing Municipality,1376.4994286092262,-1.9992478332035322,-1.9885341536607668,-2.2030603970640463,-1.7785310105529009,1000,-1.8019906421318819,-1.792334544467118,-2.009687362279464,-1.6162292203737916,1000
Chongqing Municipality,1408.6083795385944,-2.003473905283334,-1.9928303631932944,-2.208356356929805,-1.7821261446703216,1000,-1.8056262682054254,-1.795820172279106,-2.0141458707009354,-1.6192529586350808,1000
Chongqing Municipality,1441.4663207750823,-2.0076930505793933,-1.9969861621085732,-2.2136415233525373,-1.7851282365234626,1000,-1.8092550265650071,-1.7994637868558634,-2.0185973210568604,-1.622074351922188,1000
Chongqing Municipality,1475.090723661225,-2.0119053036598635,-2.001128147958222,-2.218920251710555,-1.788123723300345,1000,-1.8128769535123366,-1.8028392025829667,-2.023040831548721,-1.6247904517741585,1000
Chongqing Municipality,1509.4994670853025,-2.0161106988082045,-2.005263271111274,-2.224192570918246,-1.7911126423298402,1000,-1.8164920850384514,-1.806235420079376,-2.027471122374319,-1.6275001304659544,1000
Chongqing Municipality,1544.710846987959,-2.020309270026432,-2.009551461474738,-2.2294585096676394,-1.7940950306065317,1000,-1.8201004568273682,-1.8097718166249828,-2.031894451210723,-1.6302034254927376,1000
Chongqing Municipality,1580.7435860905916,-2.0245010510383263,-2.013679548805036,-2.234718096430822,-1.7970709247947854,1000,-1.8237021042596833,-1.8135391519509207,-2.036310852046168,-1.6329003740063541,1000
Chongqing Municipality,1617.6168438506609,-2.02868607529259,-2.0176638902720496,-2.239971359462315,-1.800040361232757,1000,-1.8272970624161198,-1.8173725941345396,-2.040720358593869,-1.6355910128195832,1000
Chongqing Municipality,1655.3502266492274,-2.032864375965961,-2.0216599417986547,-2.245218326801425,-1.803003375936339,1000,-1.830885366081022,-1.8211587675456276,-2.045123004295109,-1.6382753784103234,1000
Chongqing Municipality,1693.963798216125,-2.037035985966282,-2.025705566203114,-2.2504590262745534,-1.8064063925978722,1000,-1.8344670497457978,-1.8246076622097513,-2.0495188223222924,-1.6409535069257128,1000
Chongqing Municipality,1733.4780902983257,-2.041200937935525,-2.0297443749382316,-2.255693485497482,-1.8098953937080475,1000,-1.8380421476123097,-1.827911210046084,-2.0539078455819504,-1.643625434186187,1000
Chongqing Municipality,1773.9141135771447,-2.045359264252772,-2.0337969450162636,-2.2609217318776245,-1.8133781019688289,1000,-1.8416106935962178,-1.8313864694208875,-2.058290106717703,-1.6462911956894706,1000
Chongqing Municipality,1815.2933688401208,-2.0495109970371512,-2.037979557852595,-2.2661437926162433,-1.8168545494778177,1000,-1.8451727213302715,-1.835035186738896,-2.062665638113181,-1.6489508266145136,1000
Chongqing Municipality,1857.6378584134918,-2.0536561681507353,-2.0421540373733755,-2.271359694710639,-1.820324768066832,1000,-1.8487282641675546,-1.8386762533088383,-2.0670344718949054,-1.6516095975808247,1000
Chongqing Municipality,1900.9700978613503,-2.0577948092013973,-2.0462115307225317,-2.2765424810791757,-1.823788789304935,1000,-1.8522773551846845,-1.8422721955706125,-2.071396639935126,-1.6542673690122813,1000
Chongqing Municipality,1945.3131279576971,-2.061926951545622,-2.0500452226077135,-2.281545410121153,-1.8272485733269097,1000,-1.85582002718496,-1.845841789963751,-2.075752173854618,-1.6569191133899626,1000
Chongqing Municipality,1990.6905269377744,-2.066052626291286,-2.0538650621104813,-2.286541917441673,-1.830717407928134,1000,-1.8593563127014707,-1.849324017817246,-2.080101105025446,-1.659564864605164,1000
Chongqing Municipality,2037.1264230351558,-2.0701718643003875,-2.057681820291152,-2.29188861220682,-1.8341801422570554,1000,-1.862886244000157,-1.852905413960869,-2.084699237911854,-1.6622046562499284,1000
Chongqing Municipality,2084.645507311306,-2.074284696191748,-2.0617287889193117,-2.297250892354881,-1.837636806760582,1000,-1.8664098530828248,-1.8564804731487397,-2.089376665400694,-1.664838521620621,1000
Chongqing Municipality,2133.2730467844,-2.078391152343669,-2.065769374603027,-2.3025558276725904,-1.8410874316386607,1000,-1.8699271716901205,-1.8600492270531896,-2.094047908510443,-1.667663126758066,1000
Chongqing Municipality,2183.034897864388,-2.082491262896557,-2.0698065857191654,-2.3077390849482304,-1.8445320468470405,1000,-1.873438231304463,-1.8636117070896092,-2.098712994833623,-1.6706981714622064,1000
Chongqing Municipality,2233.957520101469,-2.0865850577555096,-2.0739834259270795,-2.3129164026242464,-1.8479706820999886,1000,-1.8769430631529331,-1.8671280084469937,-2.1033719517552636,-1.6737275300007102,1000
Chongqing Municipality,2286.067990255245,-2.0906725665928607,-2.078041095865091,-2.31808780588304,-1.8514033668729712,1000,-1.88044169821012,-1.8705295534757373,-2.1080248064550844,-1.6767512313408803,1000
Chongqing Municipality,2339.3940166920806,-2.0947538188507018,-2.0820437030841896,-2.323246874400969,-1.8548290724214227,1000,-1.8839341672009302,-1.8739248707178249,-2.112671585909656,-1.6797693042126274,1000
Chongqing Municipality,2393.9639541182933,-2.0988288437433575,-2.0861171258899778,-2.328398289304702,-1.8580150997272666,1000,-1.8874205006033573,-1.8772662940625333,-2.1173123168945245,-1.682781777111133,1000
Chongqing Municipality,2449.8068186570204,-2.102897670259834,-2.0902388531669676,-2.3335438458288253,-1.8611951643949853,1000,-1.8909007286512098,-1.8805259950400621,-2.1219470259863114,-1.6857886782994829,1000
Chongqing Municipality,2506.9523032767725,-2.106960327166231,-2.094269605282828,-2.3387240087103516,-1.8643692965772671,1000,-1.8943748813368035,-1.88394915616724,-2.1265757395647884,-1.6885468219147717,1000
Chongqing Municipality,2565.430793579896,-2.1110168430081195,-2.0982943235842892,-2.3438288239895333,-1.8675375261818583,1000,-1.897842988413613,-1.8874698717951803,-2.1311984838149187,-1.6911543632419337,1000
Chongqing Municipality,2625.273383959301,-2.115067246112891,-2.102313035874883,-2.3489659016791355,-1.8706998828742893,1000,-1.9013050793988915,-1.891069581123916,-2.1358152847288716,-1.6937563259266206,1000
Chongqing Municipality,2686.5118941320907,-2.119111564592074,-2.1064425774788935,-2.354097240506186,-1.873856396080559,1000,-1.9047611835762468,-1.894597132572117,-2.1404261681080143,-1.6963527398359588,1000
Chongqing Municipality,2749.1788860588554,-2.1231498263436124,-2.1105183429998045,-2.359222864217042,-1.8770070949897855,1000,-1.908211329998189,-1.898082582304557,-2.145031159564878,-1.6989436345852178,1000
Chongqing Municipality,2813.307681257635,-2.127182059054123,-2.1145528339875086,-2.364342796389629,-1.8801811978045155,1000,-1.9116555474886392,-1.9015433419659873,-2.1495226779396113,-1.7015290395406868,1000
Chongqing Municipality,2878.932378521753,-2.1312082902011182,-2.1185814755416663,-2.3694570604351246,-1.883663543263343,1000,-1.9150938646454012,-1.9048152023278662,-2.1538804059226075,-1.704108983822514,1000
Chongqing Municipality,2946.08787205096,-2.1352285470551973,-2.1225781220391373,-2.374565679599627,-1.8871403665442434,1000,-1.9185263098426066,-1.908221552438221,-2.158232078144008,-1.7066834963075064,1000
Chongqing Municipality,3014.8098700054866,-2.139242856682208,-2.1265164793146623,-2.3796686769657955,-1.8906116933322625,1000,-1.9219529112331188,-1.9116684606769672,-2.162577721374101,-1.7092526056318833,1000
Chongqing Municipality,3085.134913492927,-2.143251245945387,-2.130390007685321,-2.38476607545448,-1.8940775491167643,1000,-1.9253736967509067,-1.9150903154270598,-2.166905654655831,-1.7118163401939994,1000
Chongqing Municipality,3157.100395998003,-2.147253741507459,-2.1341942071065665,-2.3898578978263147,-1.8975379591934918,1000,-1.9287886941133905,-1.9184959684636222,-2.171226118186643,-1.7143747281570212,1000
Chongqing Municipality,3230.744583265561,-2.1512503698327192,-2.138196207264167,-2.3949441666833082,-1.9009929486666006,1000,-1.9321979308237465,-1.9217985754205613,-2.1755406204928747,-1.71692779745157,1000
Chongqing Municipality,3306.106633647381,-2.155241157189083,-2.1422280241165703,-2.4000247741364933,-1.904442584456184,1000,-1.9356014341731909,-1.925260877162912,-2.179659529517668,-1.719475575778327,1000
Chongqing Municipality,3383.2266189235816,-2.1592261296501105,-2.1461770335913304,-2.405087360254787,-1.9078952635578679,1000,-1.938999231243225,-1.9286403387195503,-2.1836964488395214,-1.7220180906106006,1000
Chongqing Municipality,3462.1455456097387,-2.1632053130970013,-2.1500401857137423,-2.4101438081445945,-1.9110330223891996,1000,-1.9423913489078521,-1.9318871526494186,-2.1877272903036658,-1.724555369196857,1000
Chongqing Municipality,3542.905376761018,-2.167178733220567,-2.1538976325511308,-2.4151947722546065,-1.9141051494104893,1000,-1.9457778138357702,-1.9351283136344142,-2.1917520812623295,-1.727087438563218,1000
Chongqing Municipality,3625.549054284918,-2.171146415523176,-2.1577493995426567,-2.4202402745388905,-1.9171051526678529,1000,-1.9491586524925237,-1.938405764798389,-2.1957708488652408,-1.729614325515922,1000
Chongqing Municipality,3710.1205217744946,-2.175108385320673,-2.1617291188135246,-2.425280336800921,-1.9200579503199677,1000,-1.9525338911426398,-1.9417335604524992,-2.1997836200617082,-1.73213605664375,1000
Chongqing Municipality,3796.6647478742193,-2.1790646677442727,-2.165665304476227,-2.430314980695041,-1.923005281666707,1000,-1.9559035558517261,-1.9450557791834764,-2.2040551154219217,-1.734652658320421,1000
Chongqing Municipality,3885.227750190846,-2.183015287742432,-2.169609142424405,-2.4353442277279016,-1.925947173390013,1000,-1.9592676724885456,-1.9483724470371269,-2.208444214057129,-1.7371641567069505,1000
Chongqing Municipality,3975.8566197620753,-2.1869602700826944,-2.173533933451202,-2.440335193219832,-1.929217218782748,1000,-1.9626262667270615,-1.9515846813295483,-2.2128276967956553,-1.7396705777539785,1000
Chongqing Municipality,4068.5995460959625,-2.1908996393535123,-2.1773405349809916,-2.4450393666718644,-1.9324021798334603,1000,-1.9659793640484604,-1.9548170433014358,-2.2173759363489567,-1.7421719472040655,1000
Chongqing Municipality,4163.5058427944205,-2.1948334199660455,-2.18098591427019,-2.449737701200355,-1.935424443836095,1000,-1.9693269897431394,-1.958178467331047,-2.222043066439654,-1.7446682905939572,1000
Chongqing Municipality,4260.625973774416,-2.1987616361559366,-2.1847243322263377,-2.4544302209239577,-1.9384413527244833,1000,-1.9726691689126756,-1.9615343990992475,-2.2267049853484115,-1.7471596332568156,1000
Chongqing Municipality,4360.011580100847,-2.2026843119850663,-2.1886002452368425,-2.459116949793781,-1.941419809888312,1000,-1.9760059264717666,-1.9648864620397446,-2.2311919983330557,-1.7496460003244236,1000
Chongqing Municipality,4461.715507445286,-2.20660147134328,-2.1925431478132094,-2.4637979115950226,-1.9442632077212172,1000,-1.979337287150146,-1.9683281787806859,-2.2354432839885994,-1.7521274167293557,1000
Chongqing Municipality,4565.791834185288,-2.210513137950099,-2.1965033795875897,-2.4684731299485745,-1.9471372904699245,1000,-1.9826632754944726,-1.971723919082853,-2.239688996380733,-1.7546039072071236,1000
Chongqing Municipality,4672.295900159139,-2.2144193353564066,-2.200458361141821,-2.4731426283126132,-1.9504062029013765,1000,-1.9859839158701975,-1.975132869653585,-2.2439291588179313,-1.7570754962982877,1000
Chongqing Municipality,4781.284336091342,-2.2183200869461137,-2.2044081144803283,-2.4778064299841693,-1.9534628802283736,1000,-1.989299232463405,-1.978441822139465,-2.248163794446078,-1.7595422083505443,1000
Chongqing Municipality,4892.815093704534,-2.2222154159378036,-2.20835266145398,-2.482464558100679,-1.9564465379782225,1000,-1.9926092492826315,-1.9817454272614496,-2.252392926250053,-1.762004067520782,1000
Chongqing Municipality,5006.947476533754,-2.226105345386355,-2.212292023761584,-2.4871896701253475,-1.9594250162425375,1000,-1.9959139901606593,-1.9850437091855737,-2.256616577055287,-1.7644610977771125,1000
Chongqing Municipality,5123.742171459548,-2.2299898981845456,-2.2162262229513607,-2.4921906026711844,-1.962255765971627,1000,-1.9992134787562887,-1.988336691900844,-2.2608347695293087,-1.766913322900872,1000
Chongqing Municipality,5243.261280976617,-2.2338690970646375,-2.220103290248691,-2.4971862867828603,-1.9650289758104194,1000,-2.0025077385560857,-1.991679705889024,-2.2650888937136444,-1.7693607664885986,1000
Chongqing Municipality,5365.56835621517,-2.2377429645999367,-2.224044304747945,-2.5021767425876438,-1.9677971672643977,1000,-2.00579679287611,-1.9948396601665557,-2.2694027041717857,-1.7718034519539814,1000
Chongqing Municipality,5490.72843073256,-2.2416115232063416,-2.2279854970464386,-2.5071619900807485,-1.9705603640218508,1000,-2.0090806648636175,-1.9979197231176085,-2.2737097636167474,-1.7742414025297826,1000
Chongqing Municipality,5618.808055093179,-2.245474795143865,-2.2319041553341425,-2.5121584286470537,-1.9733185895928447,1000,-2.0123593774987465,-2.0012565677772107,-2.278011544540667,-1.7766746412697378,1000
Chongqing Municipality,5749.8753322549355,-2.2493328025181434,-2.2357413704749245,-2.517243158004858,-1.9760060782551165,1000,-2.015632953596177,-2.004588674062132,-2.2823080681482026,-1.7791031910504285,1000
Chongqing Municipality,5883.999953781219,-2.253185567281919,-2.239654111481719,-2.5223231494170055,-1.9786710900406876,1000,-2.0189014158067686,-2.0079604209326134,-2.2865993555011355,-1.7815270745731302,1000
Chongqing Municipality,6021.253236897546,-2.257033111236516,-2.2435617819343054,-2.5273984202469504,-1.981331129909447,1000,-2.022164786619188,-2.0113923815902472,-2.290885427519721,-1.7839463143656367,1000
Chongqing Municipality,6161.708162412614,-2.2608754560332867,-2.247455592387305,-2.5324680363500187,-1.9839895301026902,1000,-2.0254230883615003,-2.0145868804095532,-2.2951663049840145,-1.786360932784061,1000
Chongqing Municipality,6305.439413523907,-2.264712623175046,-2.2512551233532925,-2.537528991445468,-1.9866445292752952,1000,-2.0286763432027533,-2.0178667960137417,-2.299442008535187,-1.7887709520146102,1000
Chongqing Municipality,6452.523415528545,-2.26854463401749,-2.255057330712205,-2.5425852673924982,-1.9894105071348782,1000,-2.031924573154536,-2.021173859264904,-2.303712558676826,-1.791176394075342,1000
Chongqing Municipality,6603.038376460375,-2.2723715097705903,-2.258936970740708,-2.5476368811763304,-1.992343041804931,1000,-2.0351678000725206,-2.02440263024679,-2.3079779757762133,-1.793581269603388,1000
Chongqing Municipality,6757.064328675056,-2.27619327149998,-2.2626910662665694,-2.552683849675449,-1.9952163078969378,1000,-2.0384060456579802,-2.027628906440655,-2.3122382800655954,-1.7959828665687336,1000
Chongqing Municipality,6914.683171405141,-2.280009940128315,-2.266413642826299,-2.5577261896625507,-1.9979324451114375,1000,-2.0416393314592938,-2.0308815723719205,-2.316493491643435,-1.7983799525295274,1000
Chongqing Municipality,7075.978714307829,-2.283821536436625,-2.270177044852951,-2.5627639178054866,-2.000643835222759,1000,-2.04486767887343,-2.0340647818919004,-2.320743630475649,-1.8007725488194772,1000
Chongqing Municipality,7241.03672202856,-2.287628081065646,-2.273946426450265,-2.567797050668194,-2.0033504999010776,1000,-2.0480911091474114,-2.0372322222636443,-2.3249887163968292,-1.803160676612911,1000
Chongqing Municipality,7409.94495980406,-2.2914295945171332,-2.277710854487904,-2.5726623881366586,-2.006052460658792,1000,-2.051309643379763,-2.0403947892500307,-2.3292287691114533,-1.8055443569263947,1000
Chongqing Municipality,7582.793240129217,-2.295226097155167,-2.2814888565568454,-2.5773599136808896,-2.0087497388520963,1000,-2.0545233025219414,-2.043479853833764,-2.3334638081950763,-1.8079236106203291,1000
Chongqing Municipality,7759.673470512497,-2.2990176092074304,-2.2852382204883117,-2.5820451279810075,-2.0114495387141966,1000,-2.0577321073797465,-2.0464535013194016,-2.3376938530955105,-1.8102984584005264,1000
Chongqing Municipality,7940.679702345331,-2.302804150766487,-2.28896272277464,-2.5867251795267108,-2.0142210010155335,1000,-2.0609360786147186,-2.0494223177530206,-2.3419189231339943,-1.8126689208197675,1000
Chongqing Municipality,8125.908180911453,-2.306585741791028,-2.2926822574402816,-2.5914000877956527,-2.0169877774844696,1000,-2.0641352367455132,-2.052386324321118,-2.346139037506341,-1.815035018279337,1000
Chongqing Municipality,8315.457396562822,-2.3103624021071183,-2.296396844537952,-2.5960698721411877,-2.019749889009836,1000,-2.0673296021492655,-2.055480972144928,-2.3503542152840815,-1.8173967710305423,1000
Chongqing Municipality,8509.428137089213,-2.314134151409416,-2.3001065039867523,-2.600861443290955,-2.0225073563315665,1000,-2.0705191950629334,-2.0586307475802643,-2.3545644754155837,-1.8197541991762127,1000
Chongqing Municipality,8707.9235413095,-2.317901009262386,-2.3037923613113485,-2.605741985994404,-2.025260200042151,1000,-2.0737040355846252,-2.0620201833846132,-2.3587698367271726,-1.8221073226721753,1000
Chongqing Municipality,8911.049153912983,-2.3216629951014953,-2.307377365193276,-2.610617705074809,-2.0280084405880676,1000,-2.0768841436749157,-2.0654050208480896,-2.3629703179242267,-1.8244561613287198,1000
Chongqing Municipality,9118.912981580002,-2.3254201282343963,-2.3109574138082314,-2.615327500684332,-2.030752098271195,1000,-2.080059539158138,-2.068785278536078,-2.367165937592262,-1.8268007348120379,1000
Chongqing Municipality,9331.625550411616,-2.3291724278420927,-2.3146681163971734,-2.619997551793178,-2.0334911932502173,1000,-2.08323024172367,-2.0721768569975962,-2.371356714198011,-1.8291410626456497,1000
Chongqing Municipality,9549.29996469898,-2.332919912980097,-2.3185020013846644,-2.6246626920252205,-2.036196771380528,1000,-2.0863962709271955,-2.075574626228094,-2.3755426660904835,-1.8314771642118104,1000
Chongqing Municipality,9772.05196706351,-2.3366626025795694,-2.322262078995938,-2.6293229393731794,-2.038759148592273,1000,-2.0895576461919596,-2.0789679457418515,-2.3797238115020143,-1.833809058752899,1000
Chongqing Municipality,10000.0,-2.340400515448449,-2.3259377916697836,-2.6339783117178945,-2.0413170423973805,1000,-2.092714386810001,-2.0823568331465916,-2.383900168549304,-1.8361367653727896,1000
Hubei Province,1.01,1.2596689111119228,1.2553420084902553,1.161901075712524,1.352528393682191,1000,1.3230653982793135,1.3164488651964228,1.2327229574191132,1.4075971892555867,1000
Hubei Province,1.0335597921543838,1.0316009569494886,1.0300695197284178,0.9577032098748781,1.1032332119394832,1000,1.1160975156914865,1.1119219649675176,1.0454380044312648,1.1839808464837283,1000
Hubei Province,1.0576691524338744,0.9130272833630195,0.9118822970737446,0.8406863892928156,0.9794814245019213,1000,1.0063111748587776,1.002548692988114,0.9404237558445274,1.070092680663069,1000
Hubei Province,1.0823409003541173,0.8280067629794227,0.8271420047951454,0.7589532123051557,0.8929378378211336,1000,0.9265628590160677,0.9240735878216481,0.8635889012364734,0.9874187853949012,1000
Hubei Province,1.1075881544655348,0.7600341266065432,0.7590244484982451,0.6940916620708137,0.8245632570386657,1000,0.8621446790470635,0.860082048677015,0.8008298473054777,0.9236786045938281,1000
Hubei Province,1.133424339328768,0.702552798429436,0.7020139326017798,0.6382654938062736,0.7657816676190295,1000,0.8071889717254246,0.8042400924232656,0.7473199395926089,0.8678555190723378,1000
Hubei Province,1.1598631926528329,0.652245942639031,0.6521488916509419,0.5896061516455754,0.7152358466699005,1000,0.7587186295704169,0.7563837545168646,0.6994783713740153,0.8180494371583529,1000
Hubei Province,1.1869187725997843,0.6071878739177231,0.6075413412589592,0.5446776583936183,0.6699749171239888,1000,0.7150015446203712,0.7124679734010991,0.6566855830987732,0.774094989065008,1000
Hubei Province,1.2146054652597715,0.5661550408376959,0.5665823719801137,0.5039526075908167,0.6291627299148497,1000,0.6749355489253512,0.6719418546517866,0.6175231100023185,0.7335121999318847,1000
Hubei Province,1.2429379923004635,0.5283186532197122,0.5289456933073056,0.4669669187309483,0.5904538225141377,1000,0.6377734115346163,0.6350847359622843,0.580955959493906,0.695466085461031,1000
Hubei Province,1.2719314187949051,0.493089820758292,0.4938789528380005,0.43404360366574973,0.5549147000251597,1000,0.6029840191488137,0.6004970979194876,0.5462563666387514,0.6598340186515177,1000
Hubei Province,1.3016011612319731,0.46003429824276476,0.4608192052747588,0.4025863481746848,0.5216084573863075,1000,0.5701758244273666,0.5678379503089719,0.514823652347826,0.6258506858679489,1000
Hubei Province,1.3319629957136858,0.4288222596779026,0.42938386595216005,0.37225447416149754,0.49034842923558725,1000,0.5390516793896276,0.5368064266358356,0.4848367006597517,0.5942327359842713,1000
Hubei Province,1.3630330663437302,0.39919707845684427,0.3996621181621919,0.3435324920739579,0.4600629112067397,1000,0.5093807214015225,0.507534180764472,0.45572852595421715,0.5637943775544035,1000
Hubei Province,1.3948278938116616,0.37095505721724514,0.37161238263018903,0.31600174393223385,0.431370854174712,1000,0.48098009539991604,0.4791387469291254,0.4281718234836461,0.5341137980712646,1000
Hubei Province,1.4273643841773445,0.34393178283102055,0.3445785290360409,0.2892188817367439,0.40279004895468123,1000,0.4537026338829168,0.4520131959754853,0.4016490184314809,0.5058587425933607,1000
Hubei Province,1.4606598378603033,0.31799265713098823,0.3186047678442275,0.2644165714520242,0.37466204402950426,1000,0.4274282953964974,0.42619034296880265,0.3761720882668273,0.4789851760037684,1000
Hubei Province,1.4947319588387633,0.2930261522966911,0.29357019123962885,0.24019744809766255,0.34820599318775725,1000,0.402058057217079,0.4005945928607063,0.35260367341389676,0.45281944399898333,1000
Hubei Province,1.5295988640632745,0.2689388977896737,0.2695209640469912,0.21684131589122335,0.321823497459474,1000,0.37750945863505125,0.3763704196078214,0.32937508981626595,0.4272343629471639,1000
Hubei Province,1.5652790930899205,0.24565203079246162,0.2463983771563386,0.19520304717031134,0.29735245223348433,1000,0.35371328321464424,0.35282605563546376,0.30615195087760994,0.4025108844345992,1000
Hubei Province,1.601791617938238,0.22309843840859456,0.22389627720698707,0.17297629874686088,0.2740547927050647,1000,0.3306110448671896,0.3299203630109731,0.2832804666981958,0.37864940122306806,1000
Hubei Province,1.6391558531790886,0.2012206422244165,0.20255024056888632,0.15152356191315586,0.25122101582228745,1000,0.30815305262341736,0.3076482467602826,0.26109987277395696,0.35604478483649504,1000
Hubei Province,1.6773916662578423,0.179969154262829,0.1809414525965562,0.13047936687410408,0.22932921049697053,1000,0.2862968995591062,0.28591096261689997,0.23948299546947222,0.33443862913574607,1000
Hubei Province,1.7165193880583673,0.15930118496496695,0.15992442032007087,0.11091676340596476,0.20815304261718048,1000,0.2650062677355744,0.2650593252016337,0.21820654055750618,0.31298821639344687,1000
Hubei Province,1.7565598237134417,0.13917961868458692,0.13957274469544145,0.09094694587539838,0.1873147982128285,1000,0.24424997226626638,0.24409557216885117,0.19751164839957944,0.2914388701624846,1000
Hubei Province,1.7975342636673326,0.11957219644261495,0.12006772390735163,0.07217712089710775,0.1671182621963354,1000,0.22400118918175374,0.224242091706861,0.17775290971113877,0.27083804498945047,1000
Hubei Province,1.8394644949964274,0.10045086341457904,0.10084676136340763,0.054319301696889866,0.14748039372772748,1000,0.20423682710164714,0.20480063088616696,0.15831813933899894,0.25104907815688404,1000
Hubei Province,1.8823728129939368,0.08179125298636379,0.08215634724629457,0.03638520338253458,0.12873100404778595,1000,0.18493701422805608,0.185636269782419,0.13945364071603342,0.23089760368674114,1000
Hubei Province,1.926282033024828,0.06357229421322827,0.06367710403767439,0.018637698354628154,0.11016884094998709,1000,0.1660846820095646,0.16700984211322373,0.120812646442031,0.21113276823519664,1000
Hubei Province,1.971215502657292,0.045775956183644766,0.04576370898157777,0.0012133847246513113,0.09200253086793604,1000,0.14766523885725444,0.1483209916699631,0.10231291373988054,0.19193385110328112,1000
Hubei Province,2.0171971140771983,0.028387258424347635,0.028258000381508115,-0.015985090042483146,0.0743765865662544,1000,0.12966635947620067,0.13041740298450472,0.08449013285475414,0.17407019312650296,1000
Hubei Province,2.0642513167921304,0.011393955774609752,0.010897634658687892,-0.03292294324581835,0.05793782868407069,1000,0.1120774370984242,0.11286048326486706,0.06705265922454429,0.15676321844978522,1000
Hubei Province,2.11240313063177,-0.005216688284269376,-0.005813536816237766,-0.049025278089055754,0.04120021326172074,1000,0.09488754198427593,0.09548907429555199,0.04961669852830282,0.139708059904339,1000
Hubei Province,2.1616781590515264,-0.021458261278856916,-0.022277383750798425,-0.06491610790918884,0.023850521205511687,1000,0.0780849995564622,0.0785574207288825,0.03290206017627352,0.12288848797097826,1000
Hubei Province,2.2121026027465014,-0.03734448970117357,-0.03813275284778985,-0.08082528531242374,0.007771017878849934,1000,0.061657770359648034,0.06221895270115954,0.015766968955171906,0.10611495609741912,1000
Hubei Province,2.2637032735830154,-0.05288893258768894,-0.053349962311373636,-0.097512865334839,-0.007838098780719893,1000,0.04559368648282422,0.04633766313995496,-0.0010081429797011543,0.09078474233454815,1000
Hubei Province,2.3165076088551086,-0.06810481778793608,-0.0684789340536866,-0.11361739304878553,-0.022982944274095224,1000,0.029880612071660456,0.03072931041501782,-0.016803865481479236,0.07476167656823675,1000
Hubei Province,2.370543685873599,-0.08300494897207376,-0.0835399872965781,-0.12866338799936577,-0.03742381032539088,1000,0.014506557055241176,0.015342629824721392,-0.03280711019866499,0.059652897296496844,1000
Hubei Province,2.4258402368954495,-0.09760165373964581,-0.09816967340514013,-0.14343547776295587,-0.05160257500532716,1000,-0.0005402414456466276,0.00036395418058007833,-0.047809098807221506,0.045291568787231465,1000
Hubei Province,2.482426664401388,-0.11190675747153213,-0.11267738501920957,-0.15800118576846886,-0.06582896271933586,1000,-0.015271261241181056,-0.014313937845411878,-0.06309546539866134,0.030721506293583674,1000
Hubei Province,2.5403330567299,-0.12593157394592686,-0.12666131403714936,-0.17201290731517113,-0.07962510419270964,1000,-0.029697654804484996,-0.02882419157590843,-0.0780553831050764,0.01614353119490356,1000
Hubei Province,2.5995902040759065,-0.13968690707156145,-0.14047080160468933,-0.1857483190668781,-0.09298239397781367,1000,-0.04383022237595113,-0.042883010947411176,-0.09268029756825476,0.002298437593295689,1000
Hubei Province,2.66022961486264,-0.15318306001682236,-0.1540741005973197,-0.19990219272764112,-0.10574626744315258,1000,-0.057679395295374275,-0.05676912941106933,-0.10677507253449073,-0.011334704278560929,1000
Hubei Province,2.7222835324954127,-0.1664298492053829,-0.16745345201887185,-0.21374074287393136,-0.1182943356890135,1000,-0.07125522717356214,-0.07027717821037259,-0.12057834653129124,-0.02411069754970521,1000
Hubei Province,2.7857849525061984,-0.1794366214239297,-0.18052209239156158,-0.22734786500581897,-0.13063507514842002,1000,-0.084567391062245,-0.08385571786604526,-0.1342650821545023,-0.036916484757482215,1000
Hubei Province,2.850767640098135,-0.19221227280960423,-0.19327908150199463,-0.24010750306834922,-0.14277647933168802,1000,-0.09762518118919439,-0.0970927987707909,-0.14748044022830217,-0.04999935871973527,1000
Hubei Province,2.9172661480992788,-0.20476526884578478,-0.2059512808486535,-0.25307394786474124,-0.15472899757010944,1000,-0.1104375181363264,-0.10990021382910024,-0.16067431380353028,-0.06182838776255719,1000
Hubei Province,2.985315835335159,-0.21710366474935477,-0.2183523853272894,-0.2661508432746294,-0.16672261791027135,1000,-0.12301295657891148,-0.12239638681516804,-0.1737193804132227,-0.07393202191742086,1000
Hubei Province,3.0549528854298984,-0.22923512581461764,-0.2305284668547382,-0.2791062296585755,-0.17885195683918068,1000,-0.13535969489178162,-0.13448211360386034,-0.18649893156958466,-0.08560541216620247,1000
Hubei Province,3.1262143260459023,-0.24116694741055872,-0.2425207818932869,-0.2915883802278098,-0.19047715853342911,1000,-0.14748558607625945,-0.14664665042396346,-0.19927618103983594,-0.0970092728651532,1000
Hubei Province,3.199138048572336,-0.25290607442383706,-0.2543194589687142,-0.30383500338563424,-0.20206272980724638,1000,-0.1593981495784914,-0.15872781673848058,-0.21194983378289872,-0.10822148794493812,1000
Hubei Province,3.2737628282728757,-0.2644591200098445,-0.2659513699360072,-0.3156672437210258,-0.21346235234025265,1000,-0.17110458366281261,-0.1705125324370773,-0.2240777688123046,-0.1192478101794384,1000
Hubei Province,3.350128344903427,-0.27583238356531925,-0.277375301155666,-0.327348310122954,-0.22440000583279543,1000,-0.18261177807773593,-0.1819099877208351,-0.23589603100473427,-0.1306136125896132,1000
Hubei Province,3.4282752038107884,-0.2870318678734278,-0.2886197911537283,-0.33894684078760867,-0.23518264368705638,1000,-0.19392632681119454,-0.1929904168889619,-0.247535655401237,-0.14160534012604162,1000
Hubei Province,3.508244957523471,-0.2980632953994329,-0.299621457644063,-0.3503777445907985,-0.24582289563207418,1000,-0.2050545407787292,-0.20410347234396287,-0.258783243734943,-0.1524104519752033,1000
Hubei Province,3.590080127846162,-0.3089321237347411,-0.3103797141715612,-0.3616852532260347,-0.2563184108640186,1000,-0.2160024603259056,-0.21495656772841873,-0.26983807372987945,-0.16301544388197378,1000
Hubei Province,3.673824228469568,-0.31964356020114093,-0.3210467841407101,-0.3727626678477466,-0.26680774488959996,1000,-0.22677586745619122,-0.2257143619226234,-0.2806923834882193,-0.17312810389414313,1000
Hubei Province,3.7595217881076692,-0.33020257563685296,-0.3314825070162417,-0.3836636961405064,-0.277249688096936,1000,-0.23738029771936597,-0.23622870154058295,-0.29136256413866407,-0.18339983390016687,1000
Hubei Province,3.847218374174693,-0.340613917392702,-0.3418195476140794,-0.3943938731490556,-0.28736790448643534,1000,-0.24782105171448743,-0.2465220469738582,-0.30205805255416596,-0.19348882613121,1000
Hubei Province,3.936960617014379,-0.35088212157101756,-0.3521072246645644,-0.4049585025929771,-0.2972390950689549,1000,-0.25810320617639737,-0.2567577884954845,-0.311908997749162,-0.20330088227481533,1000
Hubei Province,4.028796234694432,-0.3610115245424789,-0.36249464526362135,-0.41576774816908424,-0.3067983152301991,1000,-0.26823162462659306,-0.26690442099019906,-0.3223165468541282,-0.21297148816460745,1000
Hubei Province,4.122774058379347,-0.3710062737773934,-0.3723798623282207,-0.4266482925372502,-0.31631702072974505,1000,-0.27821096757851926,-0.2769678012617076,-0.3325605688908876,-0.2225989325419107,1000
Hubei Province,4.218944058295092,-0.38087033802825326,-0.3821124337396573,-0.43688016438668664,-0.3258663893993346,1000,-0.28804570229455556,-0.28678143089855096,-0.34264641967531606,-0.23222433111187343,1000
Hubei Province,4.3173573702994545,-0.39060751690007367,-0.3918134137404942,-0.44697418647184667,-0.33529922432157594,1000,-0.2977401120975023,-0.29644264168903345,-0.3525788254027284,-0.2411610862883408,1000
Hubei Province,4.418066323072179,-0.4002214498441995,-0.40150892936367155,-0.456856150461051,-0.3446236612279837,1000,-0.30729830524360807,-0.30588154045280436,-0.3623623245081356,-0.2505551027985026,1000
Hubei Province,4.52112446593937,-0.4097156246100941,-0.4110554667332744,-0.4666224160350064,-0.35383957938447225,1000,-0.3167242233673255,-0.3152405411416997,-0.37200127600928806,-0.259846107438971,1000
Hubei Province,4.626586597346926,-0.4190933851882484,-0.4203188258267922,-0.4760877626045202,-0.36295195455500295,1000,-0.3260216495102963,-0.32460925182419315,-0.3814998675228874,-0.2690110764103716,1000
Hubei Province,4.734508793998165,-0.4283579392758174,-0.4294650696062986,-0.4853209168361723,-0.3719603229122282,1000,-0.3351942157486972,-0.33389335016841265,-0.39086212295318706,-0.2780592745608171,1000
Hubei Province,4.844948440671135,-0.4375123652949909,-0.4385460792277375,-0.4944330990802633,-0.38105196795694396,1000,-0.3442454104341725,-0.3430795982076674,-0.40009190985535076,-0.28698769895339904,1000
Hubei Province,4.9579642607314485,-0.4465596189924701,-0.44748064992110315,-0.503427641371034,-0.3898175078156379,1000,-0.35317858506424354,-0.35192784799792115,-0.40919294647837495,-0.2957996572342887,1000
Hubei Province,5.073616347356891,-0.4555025396468043,-0.45626899014398803,-0.512564822843858,-0.3983664741254163,1000,-0.36199696079842236,-0.36077547419429545,-0.41814566606831965,-0.30402538109838284,1000
Hubei Province,5.191966195490369,-0.4643438559087319,-0.46490345182251974,-0.5217719709542749,-0.40698030613785513,1000,-0.37070363463633355,-0.369503147151087,-0.4269407225896982,-0.31212682932558494,1000
Hubei Province,5.31307673453823,-0.4730861912981355,-0.47339597147587076,-0.5308675667237462,-0.4155746957297158,1000,-0.3793015852740213,-0.3780808276857385,-0.43575978206701155,-0.3203619588267116,1000
Hubei Province,5.437012361831313,-0.48173206937971375,-0.48187052172520495,-0.5397930008512736,-0.4241587324865931,1000,-0.3877936786543357,-0.3865321737864767,-0.44438453503792813,-0.32860879118531294,1000
Hubei Province,5.5638389768665215,-0.4902839186380678,-0.4904303722116291,-0.5484581038002496,-0.43267656558026035,1000,-0.3961826732269132,-0.3949096444386723,-0.4528973172808929,-0.33674076451856466,1000
Hubei Province,5.69362401634715,-0.49874407707153906,-0.4989785791883622,-0.5571647931499548,-0.44120475650097357,1000,-0.4044712249327745,-0.40310612789277434,-0.46139096368907845,-0.3446819162338236,1000
Hubei Province,5.826436490040564,-0.507114796522848,-0.5073644853185258,-0.5657701762347546,-0.44947467476490877,1000,-0.4126618919280473,-0.41123684637237273,-0.4697851080052941,-0.3525140389394048,1000
Hubei Province,5.962347017472319,-0.515398246763401,-0.5157712540547728,-0.5742663387752455,-0.4577142581733891,1000,-0.42075713906073126,-0.4191475346783654,-0.4780753179200024,-0.36051189303275827,1000
Hubei Province,6.1014278654762375,-0.5235965193469807,-0.523856001270744,-0.5826521341930583,-0.4657754801849401,1000,-0.42875934211384464,-0.4270844142349846,-0.4862616466256798,-0.3682165510294255,1000
Hubei Province,6.243752986620382,-0.5317116312474863,-0.5318418634250635,-0.5909343167255248,-0.4735780817447505,1000,-0.4366707918276727,-0.4347530342362338,-0.4940003440640746,-0.37582903155177977,1000
Hubei Province,6.389398058529382,-0.5397455282943887,-0.5398237616686465,-0.5993079749256035,-0.4813719328574456,1000,-0.44449369771323405,-0.4424634121863701,-0.5018801781490904,-0.3833475690156144,1000
Hubei Province,6.5384405241240104,-0.5477000884186513,-0.5479491407221266,-0.6077767291198339,-0.4895677280993851,1000,-0.4522301916684837,-0.45025002486943566,-0.509688114237687,-0.39093678581047564,1000
Hubei Province,6.6909596327994185,-0.555577124720989,-0.5558149995717669,-0.6161649159727268,-0.4976997558687751,1000,-0.45988233140816875,-0.45797619331331246,-0.5174016579062656,-0.3986412126484682,1000
Hubei Province,6.847036482563901,-0.563378388373543,-0.5635610625711382,-0.6244467102140417,-0.5052598831467717,1000,-0.4674521037176928,-0.46546614786076984,-0.5251010283916856,-0.4060899041061272,1000
Hubei Province,7.006754063160622,-0.5711055713652892,-0.5712937757889627,-0.6324270746870163,-0.5123055233749229,1000,-0.474941427540772,-0.4728571351677617,-0.5325601572137562,-0.4136795482639749,1000
Hubei Province,7.170197300195224,-0.5787603091008117,-0.578859985978988,-0.6403273452697773,-0.5192771500004669,1000,-0.48235215691014116,-0.4801475068593807,-0.5400050912910934,-0.42137169065560764,1000
Hubei Province,7.337453100292774,-0.5863441828614094,-0.5864578657728969,-0.6481482299892207,-0.5263336123162329,1000,-0.489686083730049,-0.4873570908385596,-0.5473645745877206,-0.42881331348747714,1000
Hubei Province,7.508610397308058,-0.5938587221369149,-0.593799977348116,-0.65588153567013,-0.533713185609966,1000,-0.4969449404187872,-0.4945871674904844,-0.554640614746541,-0.43619297782106725,1000
Hubei Province,7.683760199613822,-0.6013054068360306,-0.6010894256775724,-0.6635396297542063,-0.5410296595523942,1000,-0.5041304024190361,-0.5017531113326792,-0.5617977130755702,-0.4432095588494641,1000
Hubei Province,7.862995638492068,-0.6086856693824743,-0.6083558514097032,-0.671280512367542,-0.5482865413438419,1000,-0.5112440905833577,-0.5087227066330022,-0.5689553604878351,-0.44994729775913445,1000
Hubei Province,8.046412017654148,-0.6160008967037385,-0.6156158341135295,-0.6786548749682755,-0.5555362444418324,1000,-0.5182875734417474,-0.5156477319695127,-0.5759974018752262,-0.45661782527190364,1000
Hubei Province,8.234106863915997,-0.6232524321188186,-0.622626307303979,-0.6861132310369579,-0.5631292839715623,1000,-0.5252623693577545,-0.5224137669944329,-0.582963001288739,-0.4632212074649911,1000
Hubei Province,8.426179979055448,-0.6304415771308446,-0.6298940005991291,-0.6934958200087769,-0.5704731475435714,1000,-0.5321699485793043,-0.529109248129464,-0.5898538707540036,-0.46975807336173364,1000
Hubei Province,8.622733492879188,-0.6375695931301657,-0.6371336025650624,-0.7007922242811051,-0.5771819279994378,1000,-0.5390117351899959,-0.5359115055922667,-0.5966716676534198,-0.47622985916512284,1000
Hubei Province,8.823871917527581,-0.6446377030130713,-0.6440821699225725,-0.707996277905856,-0.5838321692111826,1000,-0.5457891089663114,-0.5426393972589137,-0.603417996905854,-0.4828186947969243,1000
Hubei Province,9.029702203046249,-0.6516470927210022,-0.6510460772844693,-0.7145738160072483,-0.590415293714532,1000,-0.5525034071458579,-0.5492907749819602,-0.6100997507164235,-0.4895960881632141,1000
Hubei Province,9.240333794253923,-0.6585989127047849,-0.65827555243328,-0.7210872316621335,-0.5969365565495438,1000,-0.5591559261114616,-0.555912186297311,-0.6167335443019721,-0.4957771652739912,1000
Hubei Province,9.455878688936846,-0.6654942793181399,-0.6652168934851275,-0.7275426863542288,-0.603451346048525,1000,-0.5657479229956521,-0.5623941054883168,-0.6235822919081054,-0.5018563963811118,1000
Hubei Province,9.676451497400627,-0.6723342761444389,-0.6719931134447747,-0.7345535191753011,-0.6103741159863796,1000,-0.5722806172098089,-0.5689097178358065,-0.6305800150510815,-0.5083033611414488,1000
Hubei Province,9.902169503411255,-0.6791199552604361,-0.6788174928411894,-0.7415464274246597,-0.617263989004742,1000,-0.5787551919019982,-0.5754956547513328,-0.6370399023777357,-0.5147061868947514,1000
Hubei Province,10.133152726557643,-0.6858523384404664,-0.6853667898527993,-0.7484833494356165,-0.6241048157403071,1000,-0.5851727953472847,-0.5819441451438186,-0.6433414830034969,-0.5206923680411415,1000
Hubei Province,10.369523986068852,-0.6925324183043788,-0.6921211340104265,-0.7551728563835821,-0.6309675370843996,1000,-0.5915345422740912,-0.5883862547913524,-0.6494508091088712,-0.5266630884484481,1000
Hubei Province,10.611408966120022,-0.6991611594122832,-0.698979673951214,-0.7615205092151308,-0.6376338560094661,1000,-0.5978415151299701,-0.5948099482250827,-0.655497853750921,-0.5324422745458777,1000
Hubei Province,10.858936282661562,-0.7057394993089804,-0.7055578284299234,-0.7677945428187781,-0.6441133780450388,1000,-0.60409476528995,-0.6010015337604355,-0.6621338262780159,-0.5383414295078192,1000
Hubei Province,11.112237551807304,-0.7122683495207894,-0.7120855352833442,-0.7741655565619229,-0.6505081572610686,1000,-0.6102953142104519,-0.6072582111718632,-0.6689415905818296,-0.5440452555784864,1000
Hubei Province,11.37144745981792,-0.7187485965073058,-0.7184712485282463,-0.7809211493350019,-0.656888420397486,1000,-0.6164441545315829,-0.6133717823156726,-0.6755695205097655,-0.5501600314380967,1000
Hubei Province,11.636703834716739,-0.7251811025704771,-0.7247954390009468,-0.7874496010089196,-0.6628556407859135,1000,-0.6225422511304624,-0.6194985490369853,-0.6817462803395691,-0.5563982251203651,1000
Hubei Province,11.908147719576188,-0.7315667067232438,-0.7312486896487818,-0.7939250599204886,-0.6693092283610487,1000,-0.62859054212809,-0.6255227605679642,-0.6875777766734693,-0.5622673133788263,1000
Hubei Province,12.18592344751373,-0.7379062255198463,-0.7377539483146502,-0.8006463473908741,-0.6757217719805245,1000,-0.634589939852108,-0.6315160166080237,-0.6935642306690112,-0.568688277222907,1000
Hubei Province,12.470178718437154,-0.74420045384979,-0.7440173600150064,-0.8072165193468319,-0.6821124982018849,1000,-0.6405413317576898,-0.637586885579464,-0.6997850440259554,-0.5751659196872893,1000
Hubei Province,12.76106467758012,-0.75045016569733,-0.7504657392938776,-0.8137340717448847,-0.6880929517792833,1000,-0.6464455813086583,-0.6434785183847713,-0.7059557725683239,-0.5816145649451886,1000
Hubei Province,13.058735995869664,-0.7566561148682401,-0.7567124373542373,-0.8199700529576771,-0.6941785509081196,1000,-0.6523035288208157,-0.6493503373604343,-0.7120773158909854,-0.5875033754798061,1000
Hubei Province,13.36335095216834,-0.762819035685513,-0.7625253863269479,-0.825499330942141,-0.7001692041766617,1000,-0.6581159922693605,-0.6551396881397802,-0.718150549571691,-0.5937187735041172,1000
Hubei Province,13.675071517434843,-0.7689396436555632,-0.7686691485967705,-0.8315314902774249,-0.7059858118615248,1000,-0.6638837680621645,-0.6608511909851873,-0.7239631810018229,-0.5999306851762795,1000
Hubei Province,13.994063440847814,-0.7750186361063964,-0.7746526081432672,-0.8382658650622574,-0.7117614763216058,1000,-0.669607631780577,-0.6664910303355063,-0.7297803676979685,-0.6057148387997465,1000
Hubei Province,14.320496337938545,-0.7810566927991349,-0.7805868344072582,-0.8449607177083599,-0.7174991629408427,1000,-0.6752883388893425,-0.6722092194072837,-0.7354655587625567,-0.6114575392460785,1000
Hubei Province,14.654543780779578,-0.7870544765142125,-0.7866078074544319,-0.8516166515067308,-0.7230547974417592,1000,-0.6809266254171233,-0.6777888951269805,-0.7410952413323962,-0.6171594769373492,1000
Hubei Province,14.99638339027709,-0.7930126336134676,-0.7925227067774003,-0.8580709306857884,-0.7288652128237262,1000,-0.686523208609042,-0.6832687118158124,-0.7466933192412124,-0.6228213249135973,1000
Hubei Province,15.346196930616085,-0.7989317945793082,-0.79829894271415,-0.8642424054121658,-0.7346997563008791,1000,-0.6920787875525809,-0.6889132308035972,-0.7522477082045109,-0.6284437394082227,1000
Hubei Province,15.70417040590871,-0.8048125745320474,-0.8040471129770672,-0.8703636131900518,-0.7405066970103856,1000,-0.6975940437781014,-0.6943757385953963,-0.7577591569692387,-0.6340273604000662,1000
Hubei Province,16.070494159097066,-0.8106555737264565,-0.8097643788161994,-0.8764389912849715,-0.7462786344924855,1000,-0.7030696418351847,-0.6998331675406579,-0.7635360282810687,-0.6395728121432734,1000
Hubei Province,16.44536297316297,-0.8164613780285076,-0.8155028757340643,-0.8824721130132349,-0.7520570202154638,1000,-0.7085062298459242,-0.705340038180789,-0.7694279883721629,-0.6446888730183575,1000
Hubei Province,16.82897617469873,-0.82223055937326,-0.8208845680942916,-0.8883311956030263,-0.7577061832773837,1000,-0.7139044400362449,-0.7108259004400571,-0.7747081179533915,-0.6496810888112622,1000
Hubei Province,17.221537739893765,-0.8279636762047479,-0.8266168519890205,-0.893955594917668,-0.763356626898287,1000,-0.7192648892462679,-0.716118912665336,-0.779610725113801,-0.6546359955285347,1000
Hubei Province,17.623256402993533,-0.8336612738987192,-0.8322327625178139,-0.9001131368459283,-0.7686976764068338,1000,-0.7245881794206821,-0.7215593781750007,-0.7849829790562116,-0.6597229724265791,1000
Hubei Province,18.034345767288528,-0.8393238851690122,-0.8377796312563955,-0.9059062961213494,-0.7739884655811228,1000,-0.7298748980800447,-0.7269472501743145,-0.7905162270679252,-0.6646172260581614,1000
Hubei Province,18.455024418692105,-0.8449520304583144,-0.8433294783686602,-0.9115818575919195,-0.7795655167969902,1000,-0.7351256187738595,-0.7321991564915632,-0.7960106902252413,-0.6697818826180769,1000
Hubei Province,18.885516041967808,-0.8505462183140143,-0.8488353492854832,-0.9172186520506087,-0.7856309210823922,1000,-0.740340901516279,-0.737383300001876,-0.8013479981985198,-0.675264916338885,1000
Hubei Province,19.326049539667853,-0.856106945749835,-0.8540954094702353,-0.922834051938674,-0.7906800850980931,1000,-0.7455212932051929,-0.7426409358510788,-0.8064052064883653,-0.6807179661315367,1000
Hubei Province,19.776859153845976,-0.8616346985938327,-0.859631745757565,-0.9284433134271477,-0.7961775443020157,1000,-0.7506673280254479,-0.747525262901356,-0.8116521541256766,-0.685238848257705,1000
Hubei Province,20.238184590609468,-0.8671299518234535,-0.8652116651164611,-0.9340610726216997,-0.8016563594394569,1000,-0.7557795278369068,-0.7526310552980031,-0.8170352384800591,-0.6901683946975089,1000
Hubei Province,20.710271147576613,-0.8725931698881437,-0.8704877253399901,-0.9394230803829664,-0.8071061992136108,1000,-0.7608584025480098,-0.7576665802645628,-0.8223833275653011,-0.6952597697023418,1000
Hubei Province,21.19336984430715,-0.878024807020093,-0.8760583304308704,-0.9448789904622251,-0.8124265749086018,1000,-0.7659044504754708,-0.7626428140434389,-0.8277379447297605,-0.7002299755513807,1000
Hubei Province,21.68773755577532,-0.8834253075336094,-0.8813916984496595,-0.9504614659580993,-0.8171385339605209,1000,-0.7709181586907188,-0.7676130222276403,-0.8329660026494778,-0.7048525458800943,1000
Hubei Province,22.193637148956405,-0.888795106113656,-0.8864744629765506,-0.9557004465746595,-0.8221653496754732,1000,-0.775900003353649,-0.7726437956903234,-0.8382147676519419,-0.7094301836075104,1000
Hubei Province,22.711337622599206,-0.8941346280939786,-0.8920293822387637,-0.9610544746750894,-0.8266625982979284,1000,-0.7808504500342344,-0.7776126849397786,-0.8434256655129442,-0.7139760965712096,1000
Hubei Province,23.241114250259074,-0.8994442897252658,-0.8974427104921456,-0.9660628613593779,-0.8316732329020476,1000,-0.7857699540225107,-0.7823826563768537,-0.8486116492284907,-0.7184974453365678,1000
Hubei Province,23.783248726667388,-0.90472449843381,-0.9027785455272808,-0.9715478856339923,-0.836731413431403,1000,-0.7906589606274403,-0.7871392006477033,-0.8537600874369674,-0.7230231875690336,1000
Hubei Province,24.3380293175152,-0.9099756530709922,-0.9080586451322856,-0.9774365034967926,-0.841759903449574,1000,-0.7955179054651071,-0.7919303208587843,-0.8588047514050461,-0.7278113199828317,1000
Hubei Province,24.905751012731002,-0.9151981441540857,-0.9133929250025807,-0.9830531386061155,-0.8467992189858573,1000,-0.8003472147366875,-0.7969308568231046,-0.863964112662791,-0.7320060375064755,1000
Hubei Province,25.486715683333756,-0.920392354098597,-0.9187526978525793,-0.9886971041652288,-0.8519082871059196,1000,-0.8051473054966631,-0.8017135845615815,-0.8689606465158335,-0.7362733218502887,1000
Hubei Province,26.081232241944857,-0.9255586574426398,-0.923743245191671,-0.9945202775083013,-0.856991249129901,1000,-0.8099185859116171,-0.806374502847474,-0.8737532846456287,-0.7406361270683358,1000
Hubei Province,26.6896168070443,-0.9306974210635589,-0.9289213893866004,-1.0003166291187842,-0.8618607606725022,1000,-0.8146614555100431,-0.8110723862844542,-0.8788687118917369,-0.7449703378976387,1000
Hubei Province,27.31219287105828,-0.9358090043871775,-0.9339800038765033,-1.0060392521927208,-0.8665267557188179,1000,-0.8193763054235492,-0.8157255358745661,-0.8840088686467523,-0.7492763677624548,1000
Hubei Province,27.94929147236775,-0.940893759589941,-0.9387470184793432,-1.0112771781837417,-0.8713063379176649,1000,-0.8240635186197349,-0.8204339228207531,-0.8890868155964838,-0.7535546211768145,1000
Hubei Province,28.601251371329415,-0.9459520317942635,-0.9438285021955939,-1.0164815763226704,-0.876066985285492,1000,-0.8287234701271691,-0.8251052358978733,-0.8940164383981102,-0.7578054939952409,1000
Hubei Province,29.268419230402497,-0.950984159257338,-0.9487599584611055,-1.0216587517524283,-0.8804262508203785,1000,-0.8333565272527199,-0.8298868072469564,-0.8988699797913707,-0.7619023431931045,1000
Hubei Province,29.951149798477392,-0.9559904735536536,-0.9536451949121838,-1.0268090516643562,-0.8847459402675751,1000,-0.8379630497915564,-0.8344099707450339,-0.9036946237806593,-0.7659744139221027,1000
Hubei Province,30.649806099504072,-0.9609712997515021,-0.9585791410411493,-1.0319328164125254,-0.8893477039064597,1000,-0.8425433902301538,-0.8388423904752468,-0.9084775622746928,-0.770023985541753,1000
Hubei Province,31.364759625520396,-0.9659269565836821,-0.9635697066747229,-1.0370303796935558,-0.893978496184953,1000,-0.8470978939425011,-0.8433448430218633,-0.9132330361950144,-0.7740481073548193,1000
Hubei Province,32.09639053418323,-0.9708577566126599,-0.9686208746678224,-1.042102068720573,-0.8983641209265674,1000,-0.8516268993798624,-0.8478113754942185,-0.9179822307063197,-0.7780309723789522,1000
Hubei Province,32.845087850907284,-0.9757640063903354,-0.9736317046556744,-1.0472790523482352,-0.9026912859662368,1000,-0.8561307382542624,-0.8523000859863196,-0.9227322017185181,-0.7819844563207604,1000
Hubei Province,33.61124967571902,-0.9806460066127094,-0.9786225746102162,-1.0526969663245482,-0.9070922187250055,1000,-0.8606097357160163,-0.8568168738908277,-0.9274561007306914,-0.7859134799490339,1000
Hubei Province,34.39528339493589,-0.9855040522695766,-0.9833530805517618,-1.057854078015581,-0.9117608358919519,1000,-0.865064210525478,-0.8612833021327522,-0.9328499297069578,-0.7898183764649598,1000
Hubei Province,35.197605897783234,-0.9903384327894684,-0.9879689129956343,-1.0628770367054865,-0.9162107089976917,1000,-0.8694944752192382,-0.8656439908442275,-0.9376197794540838,-0.7937128880951222,1000
Hubei Province,36.01864379806412,-0.9951494321800161,-0.992705515619944,-1.0677208227640598,-0.920593356757606,1000,-0.8739008362710066,-0.8698909884300947,-0.9420621561585186,-0.7975917125184729,1000
Hubei Province,36.85883366099993,-0.9999373291639089,-0.9975053865406707,-1.0726777512779695,-0.9249539906379025,1000,-0.8782835942473708,-0.8741703454066735,-0.9464799557494598,-0.8014474312369744,1000
Hubei Province,37.718622235362474,-1.0047023973106024,-1.002199525938712,-1.0776103257360823,-0.9292928769959572,1000,-0.8826430439585939,-0.8785228539357728,-0.9513135823087774,-0.8054523561836697,1000
Hubei Province,38.59846669102074,-1.0094449051639498,-1.0068672753160324,-1.0826347526348616,-0.9336102772262882,1000,-0.8869794746046877,-0.8828061515914012,-0.9562133005909265,-0.8092345288753232,1000
Hubei Province,39.49883486202902,-1.014165116365897,-1.011528163458613,-1.0877564498387875,-0.937952580486848,1000,-0.8912931699168907,-0.8870858151462708,-0.9610846605682566,-0.8128700961154861,1000
Hubei Province,40.4202054953852,-1.0188632897763832,-1.0161546092797866,-1.0929276238042664,-0.9423722871834965,1000,-0.895584408294755,-0.8912751279825155,-0.965932005533035,-0.8170171482140511,1000
Hubei Province,41.363068505591876,-1.0235396795895972,-1.0208300209361898,-1.0980765170508748,-0.9467707775648515,1000,-0.8998534629389898,-0.8956827859666172,-0.9705737967108943,-0.8211433986714085,1000
Hubei Province,42.32792523515553,-1.028194535446709,-1.0254811659377852,-1.1031948934131623,-0.9508960617847383,1000,-0.9041006019802065,-0.9000933045685469,-0.9751072206464432,-0.8252490952139054,1000
Hubei Province,43.315288721162034,-1.0328281025452137,-1.0302160026155645,-1.1083378049778596,-0.9548650607566427,1000,-0.9083260886037341,-0.9041743693379904,-0.9794023092710459,-0.8293452864584686,1000
Hubei Province,44.325683968070635,-1.0374406217449996,-1.0347364550571783,-1.1137988439975168,-0.9590559060835998,1000,-0.9125301811706379,-0.9083722331700874,-0.9836670794391849,-0.8334221802377539,1000
Hubei Province,45.359648226871286,-1.042032329671264,-1.0394195107472521,-1.1192398674072122,-0.9633345708627018,1000,-0.9167131333350773,-0.912640526415776,-0.9879761498433448,-0.8374792571415391,1000
Hubei Province,46.41773128075353,-1.0466034588143944,-1.0439045655672778,-1.1240267594680022,-0.967651127407869,1000,-0.9208751941581237,-0.9167865196050419,-0.9923102304152477,-0.8415011000721083,1000
Hubei Province,47.500495737439245,-1.051154237626897,-1.0483707187081692,-1.1287236224465482,-0.971948614086768,1000,-0.9250166082182034,-0.9209681393151122,-0.996622526470604,-0.8452491356403592,1000
Hubei Province,48.608517328334564,-1.0556848906175103,-1.0530024295367175,-1.1334737866404414,-0.9762272405241098,1000,-0.9291376157182216,-0.9250307675948668,-1.0009132931549167,-0.8489769951011443,1000
Hubei Province,49.74238521465965,-1.0601956384425784,-1.0574395432949262,-1.138446795510458,-0.9804872127561711,1000,-0.933238452589549,-0.9290054678975773,-1.0053977035387074,-0.8526849227577848,1000
Hubei Province,50.90270230071971,-1.0646866979947802,-1.0619500809652935,-1.1433995907256211,-0.9846563510334013,1000,-0.9373193505929347,-0.933239206491832,-1.0099288571910292,-0.8566801138700741,1000
Hubei Province,52.09008555448351,-1.0691582824893149,-1.0664403817651733,-1.148332384061117,-0.98812395399015,1000,-0.9413805374164799,-0.9373130658555204,-1.0144396142591854,-0.8606701275291032,1000
Hubei Province,53.30516633563966,-1.0736106015476332,-1.0708379388841243,-1.1532453837999443,-0.9918757265220101,1000,-0.9454222367707499,-0.9411843297073297,-1.0189301982690997,-0.8641680132738737,1000
Hubei Province,54.54859073130552,-1.0780438612787735,-1.0751625690074327,-1.1580779371967291,-0.9955253718915981,1000,-0.9494446684811546,-0.9450182515525047,-1.0234008289558383,-0.8675046531900982,1000
Hubei Province,55.82101989956701,-1.0824582643584229,-1.0795775877468623,-1.1628730049459537,-0.9990130048032817,1000,-0.9534480485776584,-0.9489461211145731,-1.0278517223496606,-0.8711411910227002,1000
Hubei Province,57.12313042103187,-1.08685401010574,-1.0839232298772075,-1.1675510539403455,-1.0025922711992443,1000,-0.9574325893819315,-0.9528148038874376,-1.032283090859646,-0.8749903882426538,1000
Hubei Province,58.455614658583634,-1.0912312945580467,-1.088370584279486,-1.1726144516536943,-1.0067708984698156,1000,-0.9613984995920226,-0.9569922742152641,-1.0366532531369579,-0.8780433190536912,1000
Hubei Province,59.81918112552719,-1.095590310543436,-1.0925872236634393,-1.1768893242240777,-1.0109317121107904,1000,-0.9653459843646366,-0.9608515260458688,-1.0408567677890799,-0.8815834597866518,1000
Hubei Province,61.21455486232208,-1.099931247751385,-1.0968247363410792,-1.1814599048317365,-1.0150748990883067,1000,-0.9692752453950972,-0.9648824472632922,-1.0450415037545726,-0.8851079783823703,1000
Hubei Province,62.642477822103714,-1.1042542928014158,-1.1011735157464382,-1.1860499460601028,-1.0190343236762383,1000,-0.9731864809950737,-0.9686978575742994,-1.049207662035772,-0.8886320514059773,1000
Hubei Province,64.10370926519715,-1.1085596293098958,-1.1055088040149976,-1.190561402501968,-1.0226885703838253,1000,-0.9770798861681451,-0.9725163977952448,-1.0533485593603507,-0.8925187006040792,1000
Hubei Province,65.59902616283385,-1.1128474379550126,-1.1098201188095107,-1.1949254887887102,-1.0263254653313874,1000,-0.9809556526832699,-0.9764092041559437,-1.0574660820362412,-0.8964490970284825,1000
Hubei Province,67.1292236102857,-1.1171178965400008,-1.1139502804672639,-1.1997258314111963,-1.0299451986631194,1000,-0.9848139691462374,-0.980350340534502,-1.0615632724064832,-0.900362714443439,1000
Hubei Province,68.6951152496357,-1.1213711800546637,-1.118240485227854,-1.204448679983189,-1.0335479573504267,1000,-0.98865502106916,-0.9842113509632844,-1.0653749629645453,-0.9035049731275198,1000
Hubei Province,70.29753370241079,-1.1256074607352566,-1.1224106183177835,-1.2093341815485386,-1.0371339252621348,1000,-0.9924789909380713,-0.9880934210003379,-1.0691689141542733,-0.9064323770854757,1000
Hubei Province,71.93733101230643,-1.1298269081227736,-1.1265798091774721,-1.2141891128423419,-1.0408869237012268,1000,-0.996286058278695,-0.9919701849648567,-1.0735209796667815,-0.9093470010987676,1000
Hubei Province,73.61537909823818,-1.134029689119698,-1.1309216816167322,-1.2188239698477754,-1.0448532069868324,1000,-1.0000763997204387,-0.9956436834090587,-1.0778178615565848,-0.9129183833979851,1000
Hubei Province,75.33257021796157,-1.138215968045254,-1.135218142188009,-1.2231725585938256,-1.0484819741223423,1000,-1.0038501890586733,-0.9993344409116045,-1.0818457969382753,-0.9165967307602892,1000
Hubei Province,77.08981744250684,-1.1423859066892197,-1.1394169279653732,-1.2274553953492386,-1.052056037339742,1000,-1.007607597315348,-1.003009059226193,-1.0858568399688686,-0.9202595826679879,1000
Hubei Province,78.88805514167998,-1.1465396643643335,-1.1435431925805366,-1.2317212102870334,-1.0556149027615633,1000,-1.0113487927980023,-1.0067947286857102,-1.089851161247039,-0.9239070959698725,1000
Hubei Province,80.7282394808894,-1.1506773979573455,-1.1477686366690572,-1.23640554618536,-1.0591587245294574,1000,-1.0150739411572107,-1.0104789500144777,-1.0938289287101202,-0.9275394250639536,1000
Hubei Province,82.61134892956177,-1.1547992619787568,-1.1519971266255653,-1.2408764838402908,-1.0626876543770551,1000,-1.0187832054425288,-1.0141072712163695,-1.0980932853467402,-0.9310535141610072,1000
Hubei Province,84.53838478141695,-1.158905408611279,-1.1561183057919042,-1.2448323899154548,-1.0662018416802095,1000,-1.0224767461569693,-1.0175778610575754,-1.1025511139960598,-0.9342557781823139,1000
Hubei Province,86.51037168687985,-1.1629959877570653,-1.1601566646251842,-1.2493523810110971,-1.0697014335059432,1000,-1.0261547213100595,-1.021102341731699,-1.1069936996668381,-0.937443297525066,1000
Hubei Province,88.52835819791093,-1.1670711470837354,-1.1642046786262679,-1.2539233442486362,-1.0731865746601261,1000,-1.0298172864695407,-1.0245762661462559,-1.111668138900725,-0.9406162265464746,1000
Hubei Province,90.59341732554617,-1.1711310320692434,-1.168182925938229,-1.2584789256952738,-1.076657407733936,1000,-1.033464594811714,-1.0281899246159214,-1.1158287658355748,-0.9437747171520284,1000
Hubei Province,92.70664711044245,-1.1751757860456225,-1.1726786844501258,-1.2630192626812546,-1.0801140731491192,1000,-1.0370967971705194,-1.0320033290330684,-1.120231367447273,-0.9469189188470583,1000
Hubei Province,94.86917120673141,-1.179205550241629,-1.1769316284486953,-1.2674375070755455,-1.0835601345390389,1000,-1.0407140420853467,-1.0354955053717165,-1.1245182326337377,-0.9500489787869542,1000
Hubei Province,97.08213947949301,-1.1832204638243318,-1.1808657632264983,-1.2717299233317554,-1.0870049132768047,1000,-1.04431647584764,-1.039212052001298,-1.1281351113841898,-0.9531096703539768,1000
Hubei Province,99.34672861616605,-1.187220663939675,-1.1849714627849188,-1.276007328708422,-1.0904359431151893,1000,-1.0479042425463316,-1.0428204458825867,-1.131728878817444,-0.9560975447882469,1000
Hubei Province,101.66414275222037,-1.1912062857520367,-1.188868654450797,-1.280269858099017,-1.094247947852334,1000,-1.0514774841121224,-1.0463781190357646,-1.1353074595785986,-0.9590711956500032,1000
Hubei Province,104.03561411142427,-1.1951774624828198,-1.1929589149110855,-1.2845176444867326,-1.098191285825531,1000,-1.0550363403606686,-1.0499781437233047,-1.1388710031271927,-0.962030772276271,1000
Hubei Province,106.46240366104679,-1.1991343254481104,-1.1968481197971883,-1.28875081898108,-1.102121033964842,1000,-1.0585809490346845,-1.0535740688682547,-1.1424196566719418,-0.9649476881636518,1000
Hubei Province,108.9458017823442,-1.203077004095413,-1.200779229519934,-1.2929695108536314,-1.1060373126243026,1000,-1.0621114458450118,-1.0571784960049166,-1.1459535652158568,-0.9678974443583871,1000
Hubei Province,111.48712895668554,-1.2070056260395021,-1.204626434962543,-1.2971738475728911,-1.1096980977037905,1000,-1.0656279645106645,-1.0606758863286536,-1.1494728716002458,-0.9708053151275337,1000
Hubei Province,114.08773646768408,-1.210920317097419,-1.2084642109628505,-1.3013639548383433,-1.1128884195834523,1000,-1.0691306367979105,-1.0640978601609992,-1.1529777165476158,-0.9736996971914529,1000
Hubei Province,116.74900711970662,-1.214821201322624,-1.2123769321527083,-1.3058191266389727,-1.1160652361559429,1000,-1.0726195925583828,-1.0673139734939734,-1.1566047238772819,-0.976580728670898,1000
Hubei Province,119.47235597314324,-1.2187084010383422,-1.2162897940891928,-1.3105840852024666,-1.1192286786756236,1000,-1.0760949597662754,-1.071064465719504,-1.1600657522312319,-0.9794485455595577,1000
Hubei Province,122.2592310968281,-1.2225820368701155,-1.2201948778502834,-1.3153355683123982,-1.1223788764528426,1000,-1.0795568645546336,-1.074733722331879,-1.1637896738186466,-0.9823137909384665,1000
Hubei Province,125.11111433801233,-1.2264422277775928,-1.223888121300219,-1.320073683556226,-1.1255159568921846,1000,-1.0830054312507833,-1.0780559108224412,-1.16806786565993,-0.9851664334419115,1000
Hubei Province,128.02952211029643,-1.230289091085571,-1.2275685113951011,-1.324798537133131,-1.1286400455297807,1000,-1.0864407824108937,-1.0814050432998656,-1.1723327561841947,-0.9880062507025846,1000
Hubei Province,131.01600619994366,-1.2341227425143115,-1.231376677240458,-1.3294672641254803,-1.1317571911384368,1000,-1.0898630388537367,-1.0848556425287228,-1.176584455427636,-0.9908333704666383,1000
Hubei Province,134.07215459100124,-1.2379432962091597,-1.2351318343899265,-1.333796390936112,-1.1348620238253448,1000,-1.0932723196936276,-1.0882954127651814,-1.1808378624465112,-0.9937607401428062,1000
Hubei Province,137.199592309669,-1.2417508647694682,-1.2389959557994532,-1.3381025209772477,-1.137954223153829,1000,-1.0966687423726051,-1.0916867613965846,-1.1850834554307086,-0.9965225662951387,1000
Hubei Province,140.39998228836393,-1.2455455592768638,-1.2428378608035904,-1.3423870146073569,-1.1411249120554199,1000,-1.1000524226918387,-1.0949123907279634,-1.1893110185083433,-0.9992191582454055,1000
Hubei Province,143.6750262499412,-1.2493274893228652,-1.246561941714928,-1.3464084288454914,-1.1445817429892517,1000,-1.1034234748423164,-1.098154490636663,-1.1935064142149958,-1.0019829023688458,1000
Hubei Province,147.0264656125395,-1.2530967630358694,-1.2501440247261728,-1.350336624423812,-1.148026532083489,1000,-1.1067820114348086,-1.101510782500303,-1.1976873857647992,-1.0047395889489257,1000
Hubei Province,150.45608241553467,-1.256853487107524,-1.253738776549763,-1.354251421481811,-1.1514593828704154,1000,-1.1101281435291388,-1.104723250645867,-1.2014212219735267,-1.0074979404547897,1000
Hubei Province,153.96570026709196,-1.260597766818511,-1.2571187979056644,-1.358210392886154,-1.1548910976460225,1000,-1.1134619806627828,-1.107942773648892,-1.2050143309367332,-1.010434676227641,1000
Hubei Province,157.55718531382155,-1.2643297060637462,-1.260839247989857,-1.3626299370515864,-1.1583139306523513,1000,-1.1167836308788117,-1.1111887556927837,-1.2085945660349402,-1.0135796221086335,1000
Hubei Province,161.23244723305245,-1.2680494073770108,-1.2646632398143791,-1.3670371601807634,-1.1616915926099907,1000,-1.1200932007531859,-1.11440305987447,-1.2121620387179657,-1.0167131685101143,1000
Hubei Province,164.99344024825385,-1.271756971955042,-1.2683270386911913,-1.371432156919647,-1.1648212321749836,1000,-1.123390795421444,-1.1175625192008685,-1.2157168589400371,-1.019835414511167,1000
Hubei Province,168.8421641681406,-1.2754524996810837,-1.2719282101072253,-1.3758150207456155,-1.1679394252095472,1000,-1.1266765186047716,-1.1208067577180312,-1.2193597491131547,-1.0229464578590193,1000
Hubei Province,172.78066545001963,-1.2791360891479238,-1.275648329580274,-1.380185843987206,-1.1712470542638667,1000,-1.129950472635496,-1.1241028559675943,-1.2233600755104856,-1.026048137826519,1000
Hubei Province,176.81103828793903,-1.2828078376804144,-1.2793379426014493,-1.3845447178434354,-1.1746392692232148,1000,-1.1332127584819955,-1.127323753628926,-1.227094257481665,-1.0291447103046114,1000
Hubei Province,180.93542572622073,-1.2864678413575092,-1.2828279629220338,-1.3887792952449123,-1.1777234988284466,1000,-1.1364634757730603,-1.1305331057034957,-1.2307382515590222,-1.0322160065045536,1000
Hubei Province,185.156020798968,-1.2901161950338176,-1.2864346417699353,-1.3926226987222625,-1.1807964277428795,1000,-1.1397027228217103,-1.1339095530981806,-1.2345120527748488,-1.035101450761834,1000
Hubei Province,189.47506769615262,-1.2937529923606885,-1.2900421994553968,-1.3968417819409362,-1.1838581534303734,1000,-1.1429305966484826,-1.1372363709621405,-1.238274086038376,-1.0379201788852441,1000
Hubei Province,193.89486295690432,-1.2973783258068425,-1.2936585390560487,-1.4011751487363495,-1.1869087720614464,1000,-1.1461471930042026,-1.1400696819916787,-1.242024444819497,-1.0406762948961377,1000
Hubei Province,198.41775669063443,-1.300992286678559,-1.297448448251511,-1.4053925521672002,-1.1899483785362106,1000,-1.1493526063922672,-1.143229463347644,-1.2457632214190288,-1.0434219838359602,1000
Hubei Province,203.04615382664483,-1.3045949651394322,-1.3012273596534594,-1.4097610856189102,-1.1929770665068014,1000,-1.152546930090423,-1.1464079311169688,-1.2494814772848377,-1.0461573366144148,1000
Hubei Province,207.78251539288505,-1.308186450229704,-1.3047503502685356,-1.4141174157790743,-1.1959949283993092,1000,-1.1557302561720832,-1.149637916142663,-1.253187709790029,-1.0487719477542596,1000
Hubei Province,212.62935982453996,-1.3117668298851881,-1.3084532972816525,-1.4181818249968339,-1.199002055435243,1000,-1.158902675527181,-1.152860546786855,-1.2568826233468808,-1.0512771502915315,1000
Hubei Province,217.58926430313986,-1.315336190955795,-1.3118905934440406,-1.4220252046316768,-1.2019985376525126,1000,-1.162064277882564,-1.1560334348870924,-1.2605663059565309,-1.0537721549203114,1000
Hubei Province,222.66486612690946,-1.3188946192236661,-1.3153225577710905,-1.4259508107875312,-1.2049844639259646,1000,-1.1652151518219622,-1.1590411378182077,-1.2642388445425816,-1.056257677210196,1000
Hubei Province,227.85886411308147,-1.3224421994209261,-1.3185981420557227,-1.430097532642389,-1.2079599219874726,1000,-1.1683553848055181,-1.162217571860925,-1.2679003249689607,-1.058994189073952,1000
Hubei Province,233.1740200329213,-1.3259790152470714,-1.3220999374661577,-1.4342329814544108,-1.2109249984455992,1000,-1.1714850631889087,-1.165494327591599,-1.2715496014335987,-1.0620307983520723,1000
Hubei Province,238.6131600802258,-1.3295051493859877,-1.3256180822284904,-1.4382531557958584,-1.2138797788048257,1000,-1.1746042722420538,-1.1686140881171774,-1.2751872419102248,-1.0647514894876808,1000
Hubei Province,244.17917637407817,-1.3330206835226261,-1.3291019614875454,-1.4422038203710024,-1.2168243474843878,1000,-1.177713096167438,-1.1719388080089255,-1.27881407210976,-1.067326329990469,1000
Hubei Province,249.87502849665435,-1.3365256983593272,-1.3325936242101482,-1.4461434666257698,-1.219688837443199,1000,-1.1808116181180364,-1.1751615945824594,-1.2824286391804167,-1.0701019798481795,1000
Hubei Province,255.70374506690382,-1.3400202736318154,-1.3360002748887796,-1.450072175382094,-1.2225417708775732,1000,-1.1838999202148757,-1.1782993571624372,-1.2860321302224749,-1.07290288114152,1000
Hubei Province,261.66842535093735,-1.3435044881248646,-1.3394104663953432,-1.4539900265195715,-1.225384811335014,1000,-1.1869780835642179,-1.1813659996569743,-1.2895092862886823,-1.0755704106864485,1000
Hubei Province,267.77224090997964,-1.346978419687645,-1.342788315634758,-1.4579604715692758,-1.2282180392319375,1000,-1.1900461882743967,-1.184237216595038,-1.2928325265440932,-1.0781107336676827,1000
Hubei Province,274.0184372867646,-1.3504421452487618,-1.3461006959141557,-1.462024342590724,-1.2310415339792347,1000,-1.1931043134722972,-1.1872042726969194,-1.2961430416589177,-1.0805811715277167,1000
Hubei Province,280.41033573126487,-1.3538957408309846,-1.3492724755349077,-1.4660777332026886,-1.2338553739990774,1000,-1.1961525373195028,-1.1900510869236542,-1.299443315109004,-1.0830423581718727,1000
Hubei Province,286.95133496668035,-1.3573392815656886,-1.352609540851236,-1.4701207167820531,-1.2366596367413736,1000,-1.199190937028102,-1.1928188670999544,-1.3027334249571774,-1.085494371559412,1000
Hubei Province,293.644912996619,-1.3607728417070004,-1.3559360758478578,-1.4741533658821726,-1.2394543986998825,1000,-1.202219588876183,-1.195594248509785,-1.3060398281538848,-1.0879403601171742,1000
Hubei Province,300.4946289544333,-1.3641964946456666,-1.359403396337029,-1.4781757522455041,-1.2422397354279993,1000,-1.205238568223003,-1.1984079217389396,-1.3097518957747196,-1.0903963612980279,1000
Hubei Province,307.50412499569563,-1.3676103129226425,-1.3627195028878698,-1.482187946815996,-1.2450352037654515,1000,-1.2082479495238534,-1.2012116328844207,-1.3132833626958837,-1.093120875633719,1000
Hubei Province,314.67712823481867,-1.3710143682424167,-1.3661551923460549,-1.4861900197512339,-1.2477774878873884,1000,-1.2112478063446277,-1.2040787605349341,-1.3166162444473999,-1.0958426454329693,1000
Hubei Province,322.01745272684917,-1.3744087314860722,-1.3697498004859718,-1.4901820404343558,-1.250529779668024,1000,-1.2142382113760917,-1.2070493085963219,-1.3199389884679775,-1.09856435691408,1000
Hubei Province,329.52900149549146,-1.3777934727240868,-1.3731455949568283,-1.494164077485741,-1.2532729392458741,1000,-1.2172192364478684,-1.2099123801407532,-1.323250049202769,-1.1013134567215361,1000
Hubei Province,337.2157686084375,-1.381168661228894,-1.376621435631753,-1.4981361987744688,-1.2557101071546828,1000,-1.220190952542147,-1.2129750880491263,-1.3265453037961341,-1.1038360182715048,1000
Hubei Province,345.08184130110646,-1.384534365487186,-1.3799567020313597,-1.5020984714295724,-1.2580768648268064,1000,-1.2231534298071163,-1.2158852420541584,-1.330111752139171,-1.1063450813235711,1000
Hubei Province,353.1314021499241,-1.3878906532119903,-1.3832704518262107,-1.5060509618510631,-1.2606504593631382,1000,-1.2261067375701329,-1.2186774371643176,-1.3337309498287462,-1.1088456753573985,1000
Hubei Province,361.36873129629873,-1.3912375913545063,-1.3865754219869935,-1.509993735720762,-1.2632339781873019,1000,-1.2290509443506283,-1.2214370395305223,-1.3373411213336581,-1.1113054308259425,1000
Hubei Province,369.79820872247126,-1.3945752461157184,-1.3898463931149068,-1.5139268580129206,-1.266032074822351,1000,-1.2319861178727676,-1.2241252178666862,-1.3409423274124803,-1.1135727723645776,1000
Hubei Province,378.4243165804564,-1.3979036829577818,-1.3931647422015199,-1.5178448074534863,-1.2688302800309883,1000,-1.2349123250778526,-1.2269667059291285,-1.344534628168868,-1.1158319752210557,1000
Hubei Province,387.2516415753082,-1.4012229666151967,-1.396515805425477,-1.5217528732446342,-1.2717021893144247,1000,-1.2378296321364899,-1.2297528429593763,-1.3478896079637568,-1.118083104872291,1000
Hubei Province,396.28487740397935,-1.404533161105767,-1.3998579355610588,-1.5256514748870347,-1.2747080585437514,1000,-1.240738104460518,-1.2326100554965813,-1.3511988797247945,-1.1203262259954465,1000
Hubei Province,405.52882725107173,-1.407834329741353,-1.4030827280859093,-1.5294680277833466,-1.2775923895234729,1000,-1.2436378067147082,-1.2356633854205943,-1.3544959407624064,-1.122563460749104,1000
Hubei Province,414.9884063428008,-1.411126535138419,-1.406215204018461,-1.5331182089688267,-1.2802540795871662,1000,-1.2465288028282349,-1.2384358948711145,-1.3577837389047092,-1.1247984417597603,1000
Hubei Province,424.66864456053884,-1.4144098392283868,-1.4094821506217525,-1.5367588616614982,-1.2829073790498955,1000,-1.2494111560059302,-1.241335748628698,-1.3610623392136791,-1.127030330147967,1000
Hubei Province,434.5746891153213,-1.4176843032677926,-1.4127435816308849,-1.5403900503652823,-1.2855523502663349,1000,-1.25228492873932,-1.2441759098486496,-1.3643318060340661,-1.1293284119200109,1000
Hubei Province,444.71180728474013,-1.420949987848256,-1.4160643538316,-1.5440118388918807,-1.2881890548761803,1000,-1.255150182817454,-1.2470143974341301,-1.367592203004087,-1.131967581244408,1000
Hubei Province,455.0853892136792,-1.4242069529062615,-1.4192775404817102,-1.5476539848691657,-1.2909011759622582,1000,-1.2580069793375235,-1.2499877205732481,-1.3710369206072748,-1.1345989030501953,1000
Hubei Province,465.70095078038344,-1.4274552577327635,-1.4224865998478735,-1.5518883408267248,-1.2936210574268328,1000,-1.2608553787152863,-1.2529435324933214,-1.3742680811459949,-1.1372224336227041,1000
Hubei Province,476.56413652937835,-1.4306949609826105,-1.4256856400065487,-1.556114200426751,-1.296333085148866,1000,-1.2636954406952898,-1.255852700310798,-1.3774904017109373,-1.1395029063189506,1000
Hubei Province,487.6807226728096,-1.433926120683799,-1.4288751308889212,-1.560331614490164,-1.2990373144071925,1000,-1.2665272243609036,-1.2586452138270139,-1.3807039428962922,-1.1413792290335876,1000
Hubei Province,499.05662016179105,-1.4371487942465548,-1.4319310462696153,-1.5641959630086961,-1.3017337998742011,1000,-1.2693507881441652,-1.2612914841048317,-1.3839087646438455,-1.1432512168245719,1000
Hubei Province,510.69787782939613,-1.4403630384722539,-1.4350495777230752,-1.568010688173218,-1.3044225956247941,1000,-1.2721661898354442,-1.2639548240605227,-1.3871049262524795,-1.1451159637159183,1000
Hubei Province,522.6106856069655,-1.443568909562176,-1.43824673857597,-1.5718076365674707,-1.3071037551451874,1000,-1.2749734865929212,-1.2666144099799355,-1.3902924863875021,-1.1471012746098745,1000
Hubei Province,534.8013778154409,-1.4467664631261041,-1.4413568269482908,-1.575721912569837,-1.3097773313415426,1000,-1.277772734951899,-1.269356704053766,-1.3934701008963681,-1.1493708417427546,1000
Hubei Province,547.2764365334706,-1.4499557541907673,-1.444577685366451,-1.5798996594912622,-1.312443376548444,1000,-1.280563990833937,-1.272092681703434,-1.396633417619519,-1.1516401802857223,1000
Hubei Province,560.042495044085,-1.4531368372081321,-1.4478315198360008,-1.5839255145877893,-1.3151019425372186,1000,-1.28334730955582,-1.2747274667946527,-1.399792316966421,-1.1539022029605164,1000
Hubei Province,573.1063413617694,-1.456309766063545,-1.451052359569751,-1.5876901931315202,-1.3177530805241056,1000,-1.2861227458383637,-1.2773864000113435,-1.4029604324355711,-1.1561569636572833,1000
Hubei Province,586.4749218418111,-1.459474594083731,-1.4542818564408302,-1.591432895673313,-1.3203968411782772,1000,-1.2888903538150562,-1.280034422917831,-1.406120191507352,-1.1584045156591052,1000
Hubei Province,600.1553448738425,-1.4626313740446515,-1.4574399373501885,-1.5951670492914138,-1.3230332746297147,1000,-1.2916501870405508,-1.2827204950739686,-1.4092716494820705,-1.160646217405066,1000
Hubei Province,614.154884661536,-1.4657801581792196,-1.4605900357194865,-1.598745055682473,-1.325662430476943,1000,-1.2944022984989936,-1.285488535193967,-1.4124148610846978,-1.1628815700971376,1000
Hubei Province,628.480985090472,-1.4689209981848812,-1.463732203133707,-1.6021743688204275,-1.3282843577946228,1000,-1.2971467406122117,-1.2882105388117178,-1.415549880472976,-1.1651098664329604,1000
Hubei Province,643.1412636862285,-1.4720539452310644,-1.466866490651069,-1.6055952748256828,-1.3308991051410133,1000,-1.299883565247748,-1.2909330794175589,-1.4186767612453712,-1.1673311573747895,1000
Hubei Province,658.1435156647983,-1.4751790499664976,-1.4699929488103254,-1.6092793026854668,-1.333506720565295,1000,-1.3026128237267567,-1.2936880173706622,-1.4217955564488942,-1.1695454933216325,1000
Hubei Province,673.4957180774888,-1.4782963625263987,-1.4731412816600078,-1.6129237743688085,-1.3361072516147672,1000,-1.3053345668317513,-1.2963031836560057,-1.4252141749860625,-1.1717529241175526,1000
Hubei Province,689.2060340525119,-1.4814059325395408,-1.476386453668722,-1.6164305547870395,-1.3387007453419166,1000,-1.308048844814225,-1.299037156649348,-1.4287379383054932,-1.173953499059823,1000
Hubei Province,705.2828171355064,-1.4845078091351953,-1.479599114772308,-1.619927631321654,-1.3412872483113605,1000,-1.3107557074021277,-1.3017863492430743,-1.4322539459715617,-1.1761472669069295,1000
Hubei Province,721.7346157313193,-1.4876020409499568,-1.4826825881799783,-1.6234099914868778,-1.343866806606669,1000,-1.3134552038072127,-1.3044871176644721,-1.4357622444709222,-1.1783342758864261,1000
Hubei Province,738.5701776493927,-1.4906886761344467,-1.4857163873508492,-1.62688431527363,-1.346441494041683,1000,-1.3161473827322598,-1.3072049244699784,-1.4392628798425264,-1.18051457370265,1000
Hubei Province,755.798454755181,-1.493767762359907,-1.4887426168670383,-1.630324786143682,-1.3490126572678878,1000,-1.3188322923781652,-1.3098715756145396,-1.442755897683527,-1.1826882075442982,1000
Hubei Province,773.4286077300679,-1.496839346824676,-1.4917178489899081,-1.6336539746489358,-1.351577011877489,1000,-1.321509980450911,-1.3125211996693564,-1.446241343155081,-1.1848552240918666,1000
Hubei Province,791.4700109423204,-1.499903476260562,-1.4946289144436826,-1.6369750838249426,-1.3541346020408362,1000,-1.3241804941684137,-1.3151984080980823,-1.4497192609880583,-1.1870156695249552,1000
Hubei Province,809.9322574316561,-1.5029601969390982,-1.4975920859721972,-1.64028816381791,-1.3566854714805323,1000,-1.3268438802672529,-1.3178688281240576,-1.4531896954886523,-1.1891695895294414,1000
Hubei Province,828.8251640100926,-1.5060095546777024,-1.5007202111488969,-1.6435932642818936,-1.3591190024708497,1000,-1.329500185009284,-1.3206083895790302,-1.4566526905439043,-1.1911836587211329,1000
Hubei Province,848.1587764817768,-1.5090515948457257,-1.5036276754793199,-1.6473849853493132,-1.361369074133448,1000,-1.3321494541881382,-1.3231470142536255,-1.4601082896271278,-1.1931466465828935,1000
Hubei Province,867.9433749845753,-1.5120863623704035,-1.506666724281672,-1.6510108592784678,-1.3636125465073474,1000,-1.3347917331356105,-1.3258135168521865,-1.4635565358032552,-1.1951033598769103,1000
Hubei Province,888.1894794562695,-1.5151139017427058,-1.5097225794872682,-1.654437193460943,-1.3658494643790828,1000,-1.3374270667279367,-1.3285209245653593,-1.4669974717340863,-1.1970538432597273,1000
Hubei Province,908.9078552282499,-1.5181342570230913,-1.512771326330796,-1.6581616418139788,-1.3680798720680942,1000,-1.3400554993919678,-1.3312823007629282,-1.4702282389335584,-1.198998140905315,1000
Hubei Province,930.1095187497,-1.5211474718471645,-1.5158130075886547,-1.662028775206668,-1.3706638600378993,1000,-1.3426770751112347,-1.33408955431731,-1.473355197496828,-1.2009362965119987,1000
Hubei Province,951.805743445301,-1.5241535894312377,-1.5187493880811238,-1.6658884728480163,-1.3732599825006082,1000,-1.345291837431914,-1.336780951551665,-1.4764749068297078,-1.2028683533092632,1000
Hubei Province,974.0080657095784,-1.5271526525778065,-1.5216773207162522,-1.6697407757309397,-1.3758495810716282,1000,-1.347899829468692,-1.339146116098732,-1.479587410331953,-1.204794354064437,1000
Hubei Province,996.7282910410737,-1.530144703680931,-1.5245982971412393,-1.6735857244805568,-1.378432696286876,1000,-1.350501093910529,-1.3415555531673404,-1.48269275099129,-1.206716078225254,1000
Hubei Province,1019.9785003196105,-1.53312978473153,-1.527528570556823,-1.6774216275808802,-1.3810093682875297,1000,-1.3530956730263304,-1.3440768262245506,-1.4857909713887378,-1.2086337418873838,1000
Hubei Province,1043.7710562299771,-1.536107937322588,-1.5303893629242256,-1.6812424156225756,-1.3835796368252284,1000,-1.3556836086705193,-1.346591370746855,-1.4888821137038386,-1.2105454747309934,1000
Hubei Province,1068.1186098354624,-1.5390792026542806,-1.5333735042044994,-1.6849147055258256,-1.3861435412671792,1000,-1.3582649422885176,-1.3490992296104822,-1.4919662197198094,-1.2125660091159964,1000
Hubei Province,1093.034107304723,-1.5420436215390128,-1.5362961931660624,-1.6883395169030597,-1.3887011206011843,1000,-1.3608397149221398,-1.3516004452676427,-1.4950433308286035,-1.214337994378589,1000
Hubei Province,1118.5307967955664,-1.5450012344063784,-1.5393852443883662,-1.6917517034754639,-1.3912458459478727,1000,-1.3634079672148924,-1.3540869580114878,-1.4981134880358988,-1.2162255200809182,1000
Hubei Province,1144.6222354993088,-1.5479520813080396,-1.5422348043241714,-1.6951551058350753,-1.393651437442131,1000,-1.3659697394171892,-1.356583114685045,-1.5011767319659963,-1.218214145715357,1000
Hubei Province,1171.3222968494574,-1.5508962019225265,-1.5450298495746029,-1.6985512950672887,-1.3960508586572458,1000,-1.3685250713914798,-1.3591189464993172,-1.5042331028666514,-1.2202179466251681,1000
Hubei Province,1198.6451778985356,-1.5538336355599625,-1.5478442129875303,-1.7019403119370502,-1.3984483936749776,1000,-1.3710740026172965,-1.3614806137301665,-1.5072826406138164,-1.2222159718359407,1000
Hubei Province,1226.605406866995,-1.5567644211667098,-1.550458938435834,-1.7053221968407934,-1.4008401468146134,1000,-1.3736165721962152,-1.3640017795308983,-1.5103253847163167,-1.2242082593414914,1000
Hubei Province,1255.217850868213,-1.5596885973299486,-1.5532173466375336,-1.7088215384702552,-1.4032258392669488,1000,-1.3761528188567393,-1.3665876457663055,-1.5133613743204501,-1.2261948467528876,1000
Hubei Province,1284.497723813686,-1.5626062022821754,-1.55619446855716,-1.7126828970209338,-1.4056078597275206,1000,-1.378682780959102,-1.3690907724454586,-1.5163906482145106,-1.228175771303596,1000
Hubei Province,1314.460594502625,-1.5655172739056362,-1.5591950430386268,-1.7165373975637723,-1.4079879959448685,1000,-1.381206496499992,-1.3716284414271263,-1.5194051032162903,-1.2301510698545446,1000
Hubei Province,1345.1223949002585,-1.568421849736687,-1.5622073016848366,-1.7203850757081671,-1.4103621807552305,1000,-1.3837240031172042,-1.3740597412182933,-1.5224114644528444,-1.2321207788991015,1000
Hubei Province,1376.4994286092262,-1.5713199669700886,-1.5651507809858578,-1.7239747135406047,-1.4127304501918352,1000,-1.3862353380942147,-1.3765428813880236,-1.5254112223792766,-1.2340849345679683,1000
Hubei Province,1408.6083795385944,-1.5742116624632296,-1.5680681103920544,-1.7274456066086743,-1.415092839947797,1000,-1.388740538364682,-1.379019885110376,-1.5284044144624078,-1.2360435726339947,1000
Hubei Province,1441.4663207750823,-1.5770969727402901,-1.5710625133481617,-1.730903604882061,-1.4174493853804464,1000,-1.3912396405168779,-1.3812760030811118,-1.5313910778317033,-1.2379804495797955,1000
Hubei Province,1475.090723661225,-1.5799759339963324,-1.5739145406049277,-1.734354863664655,-1.4198001215155878,1000,-1.3937326807980484,-1.3837099760695,-1.5343712492834076,-1.2398468873386248,1000
Hubei Province,1509.4994670853025,-1.5828485821013392,-1.5767822056383058,-1.7377994189961414,-1.4221450830516897,1000,-1.3962196951187034,-1.3861925163770934,-1.5373449652846152,-1.2417080189019494,1000
Hubei Province,1544.710846987959,-1.5857149526041783,-1.5797839015980184,-1.741237306605636,-1.4244843043640123,1000,-1.3987007190568408,-1.3887563333147233,-1.540312261977274,-1.2435638784129566,1000
Hubei Province,1580.7435860905916,-1.5885750807365129,-1.5825824042973013,-1.744668561915356,-1.4268178195086654,1000,-1.4011757878621032,-1.3912644987327671,-1.543273175182134,-1.2454144996790963,1000
Hubei Province,1617.6168438506609,-1.5914290014166523,-1.58544057716273,-1.7480932200442352,-1.429145662226605,1000,-1.4036449364598695,-1.3937236170081029,-1.5462277404026303,-1.2472599161764795,1000
Hubei Province,1655.3502266492274,-1.5942767492533394,-1.5884419721916625,-1.7515113158114854,-1.431467865947568,1000,-1.4061081994552835,-1.3961437044855114,-1.549175992828711,-1.2491001610542136,1000
Hubei Province,1693.963798216125,-1.5971183585494844,-1.5914372914091417,-1.754922883740105,-1.4337844637939405,1000,-1.4085656111372173,-1.3985579929974548,-1.5521179673406016,-1.2510499288753196,1000
Hubei Province,1733.4780902983257,-1.5999538633058397,-1.594399166153785,-1.7583279580603346,-1.4360954885845738,1000,-1.4110172054821775,-1.4009632198724882,-1.55508184865519,-1.2530625000530564,1000
Hubei Province,1773.9141135771447,-1.60278329722462,-1.597276936727671,-1.7617265727130638,-1.438400972838534,1000,-1.4134630161581452,-1.4033900753688036,-1.5581581215968403,-1.2550698345523053,1000
Hubei Province,1815.2933688401208,-1.6056066937130677,-1.6001470027254245,-1.765118761353184,-1.4407009487787954,1000,-1.415903076528362,-1.4057262796489978,-1.5612282867416085,-1.2570719641553185,1000
Hubei Province,1857.6378584134918,-1.6084240858869647,-1.6029395626265601,-1.7685045573528961,-1.442995448335879,1000,-1.4183374196550544,-1.4080599651866863,-1.5642923765035162,-1.2590689203467527,1000
Hubei Province,1900.9700978613503,-1.6112355065740909,-1.605726163313821,-1.7718838678764193,-1.4452111046519975,1000,-1.4207660783031035,-1.4104143598077772,-1.5673504230210893,-1.2610405038549226,1000
Hubei Province,1945.3131279576971,-1.6140409883176305,-1.6085226647060775,-1.7752557228068502,-1.4473419972843988,1000,-1.4231890849436553,-1.412805826434468,-1.570402458160564,-1.2626696328162703,1000
Hubei Province,1990.6905269377744,-1.6168405633795313,-1.6113834768588646,-1.7786296076704486,-1.449467502612215,1000,-1.4256064717576806,-1.4151388801650744,-1.5734485135190412,-1.264293992906959,1000
Hubei Province,2037.1264230351558,-1.6196342637438084,-1.6142111617234711,-1.7821631964506852,-1.4515876526075404,1000,-1.4280182706394757,-1.417531193534185,-1.5764886204275925,-1.2659136148280365,1000
Hubei Province,2084.645507311306,-1.6224221211198024,-1.6170198406298035,-1.7854582209102439,-1.4540209913774873,1000,-1.430424513200115,-1.419952119859824,-1.5795228099543241,-1.2675285289810838,1000
Hubei Province,2133.2730467844,-1.62520416694539,-1.619929661447233,-1.7887470085037425,-1.4562932836339362,1000,-1.4328252307708471,-1.422367503328176,-1.5825511129073961,-1.269138765472095,1000
Hubei Province,2183.034897864388,-1.627980432390144,-1.6227589622205345,-1.7920295912445903,-1.4584843905522735,1000,-1.435220454406443,-1.4247207188986009,-1.5855735598379939,-1.2707443541152916,1000
Hubei Province,2233.957520101469,-1.6307509483584515,-1.6255904870719884,-1.7953647042085414,-1.460670162214644,1000,-1.4376102148884924,-1.4271116161047859,-1.5885901810432619,-1.2725027099163657,1000
Hubei Province,2286.067990255245,-1.6335157454925824,-1.6283433814259332,-1.7988203782340544,-1.4628506294315782,1000,-1.439994542728651,-1.4294845631256439,-1.591601006569192,-1.2742647469798327,1000
Hubei Province,2339.3940166920806,-1.636274854175715,-1.6310669345256066,-1.802317180916598,-1.4650258227376278,1000,-1.4423734681718396,-1.4318450298808276,-1.5946060662134702,-1.2760220812128957,1000
Hubei Province,2393.9639541182933,-1.6390283045349172,-1.6337795284684729,-1.805863602066939,-1.4671957723946918,1000,-1.4447470211993958,-1.43424540086473,-1.5976053895282851,-1.2777747410743112,1000
Hubei Province,2449.8068186570204,-1.6417761264440855,-1.6364804500223689,-1.8094041595626,-1.4693605083952905,1000,-1.4471152315321782,-1.4366570510310266,-1.6005990058230914,-1.2795227547592851,1000
Hubei Province,2506.9523032767725,-1.6445183495268387,-1.6391757976031798,-1.8129388815294238,-1.4715200604657899,1000,-1.4494781286336251,-1.4389244544592328,-1.6035869441673407,-1.2812661502027276,1000
Hubei Province,2565.430793579896,-1.647255003159374,-1.6418734604682905,-1.8164677958728537,-1.473674458069583,1000,-1.4518357417127696,-1.4411342168711907,-1.606569233393167,-1.2830049550824667,1000
Hubei Province,2625.273383959301,-1.6499861164732774,-1.6445237059403741,-1.8199909302803174,-1.4757049670949964,1000,-1.454188099727206,-1.4433388532581946,-1.6096882228799005,-1.2847391968224058,1000
Hubei Province,2686.5118941320907,-1.652711718358299,-1.6471786646366053,-1.823508312223579,-1.4774501274258944,1000,-1.4565352313860191,-1.445538392201676,-1.6125359371505026,-1.2864689025956353,1000
Hubei Province,2749.1788860588554,-1.6554318374650825,-1.6498617459239293,-1.827019968961061,-1.4791905888848098,1000,-1.4588771651526655,-1.4477506529709823,-1.6155168883582607,-1.2881940993274972,1000
Hubei Province,2813.307681257635,-1.658146502207862,-1.652532591579374,-1.8305259275401287,-1.480926379789053,1000,-1.461213929247815,-1.4500705548584345,-1.6184923083809954,-1.2899148136986025,1000
Hubei Province,2878.932378521753,-1.6608557407671163,-1.655109778531564,-1.8340262147993498,-1.4826575281957535,1000,-1.4635455516521498,-1.4523853913975668,-1.62146222480792,-1.2916310721478028,1000
Hubei Province,2946.08787205096,-1.6635595810921862,-1.657681546883331,-1.8375208573707216,-1.4846630947526853,1000,-1.4658720601091266,-1.4546951898264244,-1.6244266650074306,-1.2933429008751178,1000
Hubei Province,3014.8098700054866,-1.666258050903859,-1.6602479252063516,-1.8408489925687053,-1.4866867937685164,1000,-1.4681934821276936,-1.4570148499793563,-1.6273856561295281,-1.295050325844617,1000
Hubei Province,3085.134913492927,-1.668951177696907,-1.6628461938969128,-1.8440421279775239,-1.488714254608653,1000,-1.470509844984971,-1.4594089848682013,-1.6303392251082003,-1.2967533727872598,1000
Hubei Province,3157.100395998003,-1.6716389887426035,-1.6655461145166242,-1.8472295976246773,-1.4909367597869865,1000,-1.4728211757288947,-1.4617833681345855,-1.6332873986637773,-1.298455624693298,1000
Hubei Province,3230.744583265561,-1.6743215110911915,-1.6682407351546105,-1.8504114289896718,-1.4932230221182081,1000,-1.4751275011808191,-1.464112797884424,-1.6362302033052507,-1.3001560984104987,1000
Hubei Province,3306.106633647381,-1.6769987715743258,-1.6709693360463802,-1.853587649337238,-1.4955045314107653,1000,-1.4774288479380844,-1.4664371672774963,-1.6391676653325626,-1.3018525002260275,1000
Hubei Province,3383.2266189235816,-1.6796707968074773,-1.6737060362669869,-1.8567582857196367,-1.497781312387906,1000,-1.4797252423765468,-1.4687565032139283,-1.6420998108388616,-1.3035446173505885,1000
Hubei Province,3462.1455456097387,-1.6823376131923038,-1.6762930647248655,-1.8599233649789266,-1.5000533895702746,1000,-1.4820167106530742,-1.4710708323699313,-1.6450266657127288,-1.3052324744032713,1000
Hubei Province,3542.905376761018,-1.6849992469189932,-1.6789565729354536,-1.8630829137492078,-1.502320787278161,1000,-1.484303278708004,-1.473328379006675,-1.6479482556403755,-1.306916095786315,1000
Hubei Province,3625.549054284918,-1.6876557239685652,-1.6815665774871207,-1.8662369584588308,-1.5045835296337244,1000,-1.4865849722675695,-1.4755431242445098,-1.6508646061078072,-1.3085955056876648,1000
Hubei Province,3710.1205217744946,-1.6903070701151504,-1.6841714765943512,-1.8693812440073456,-1.5068416405631788,1000,-1.4888618168462884,-1.4777530259338174,-1.6537688183287922,-1.3102707280834824,1000
Hubei Province,3796.6647478742193,-1.692953310928232,-1.6867712958516174,-1.8725851359655852,-1.509095143798956,1000,-1.4911338377493222,-1.4799581097182455,-1.6566607005697689,-1.3119417867406304,1000
Hubei Province,3885.227750190846,-1.6955944717748606,-1.6893660606499084,-1.8760440417844664,-1.5113440628818302,1000,-1.4934010600747973,-1.4821584010294382,-1.6595454508072376,-1.313608705219114,1000
Hubei Province,3975.8566197620753,-1.6982305778218356,-1.6919616282131373,-1.8794977127688584,-1.5135884211630224,1000,-1.4956635087160999,-1.4843539250894064,-1.6624246550602366,-1.3152715068744898,1000
Hubei Province,4068.5995460959625,-1.7008616540378598,-1.694612411252099,-1.8829461722868501,-1.5157231441417531,1000,-1.4979212083641338,-1.4865447069128572,-1.6652987400350898,-1.3169302148602344,1000
Hubei Province,4163.5058427944205,-1.7034877251956635,-1.6972351029734793,-1.8863894435354072,-1.5177756696407612,1000,-1.5001741835095486,-1.4887876823618942,-1.6681677301493267,-1.31858485213009,1000
Hubei Province,4260.625973774416,-1.7061088158740991,-1.699847630733843,-1.889827549542105,-1.5198236282074649,1000,-1.5024224584449388,-1.491058301031448,-1.6710316496335993,-1.320235441440361,1000
Hubei Province,4360.011580100847,-1.7087249504602093,-1.7025888079039682,-1.8932605131668436,-1.521867044034462,1000,-1.5046660572670112,-1.4933242356616698,-1.673890522533641,-1.3218820053521925,1000
Hubei Province,4461.715507445286,-1.7113361531512643,-1.7052377669968468,-1.8965024584817252,-1.5239059411151414,1000,-1.50690500387872,-1.4957216609041666,-1.6767443727122007,-1.3235245662338062,1000
Hubei Province,4565.791834185288,-1.7139424479567773,-1.7078818457885716,-1.8995523176629556,-1.5259403432458931,1000,-1.509139321991378,-1.4980036687419822,-1.6795932238509454,-1.325163146262707,1000
Hubei Province,4672.295900159139,-1.7165438587004855,-1.7104879660219945,-1.9025969555221536,-1.5279702740282872,1000,-1.511369035126735,-1.500242394259709,-1.682437099452345,-1.3267977674278586,1000
Hubei Province,4781.284336091342,-1.7191404090223124,-1.7129988576480135,-1.9056363963242473,-1.5299957568712228,1000,-1.5135941666190285,-1.5024280519565243,-1.685276022841527,-1.3284284515318294,1000
Hubei Province,4892.815093704534,-1.721732122380298,-1.7155027912759162,-1.9086706641526774,-1.5320168149930462,1000,-1.5158147396170072,-1.5045964296866787,-1.6881100171681094,-1.3300552201929063,1000
Hubei Province,5006.947476533754,-1.7243190220525058,-1.718108087652298,-1.911699782911255,-1.534033471423641,1000,-1.5180307770859274,-1.5066711831581336,-1.690939105408008,-1.3316780948471783,1000
Hubei Province,5123.742171459548,-1.7269011311389062,-1.7208469284174512,-1.9147237763260034,-1.53604574900649,1000,-1.5202423018095208,-1.5087296576187554,-1.6937633103652234,-1.3332970967505895,1000
Hubei Province,5243.261280976617,-1.7294784725632304,-1.7235162550835108,-1.917742667946969,-1.538053670400709,1000,-1.5224493363919371,-1.5108802681660216,-1.696582654673599,-1.3349122469809709,1000
Hubei Province,5365.56835621517,-1.7320510690748059,-1.7260968897220024,-1.920753482749905,-1.540057258083048,1000,-1.5246519032596613,-1.513032513627101,-1.6993971607985638,-1.3365267846115723,1000
Hubei Province,5490.72843073256,-1.7346189432503634,-1.7285635868046811,-1.9237559223047793,-1.542056534349874,1000,-1.5268500246634018,-1.515180310292889,-1.7022068510388448,-1.3381376971568508,1000
Hubei Province,5618.808055093179,-1.7371821174958206,-1.730982904529379,-1.9267533291065029,-1.5440515213191188,1000,-1.5290437226799585,-1.5173236805222015,-1.7050117475281632,-1.3397448187449825,1000
Hubei Province,5749.8753322549355,-1.7397406140480456,-1.7334411560063834,-1.9297457260392317,-1.5460422409322045,1000,-1.531233019214061,-1.5195803097386882,-1.7078118722369058,-1.3413481697513585,1000
Hubei Province,5883.999953781219,-1.742294454976594,-1.7359979306357531,-1.9327331358196371,-1.5480287149559417,1000,-1.533417936000185,-1.5218822550317253,-1.7106072469737768,-1.343135595156349,1000
Hubei Province,6021.253236897546,-1.7448436621854253,-1.7385870534157906,-1.9357155809985855,-1.5500109649844027,1000,-1.5355984946043442,-1.5240853005126804,-1.7133978933874252,-1.344934734690564,1000
Hubei Province,6161.708162412614,-1.747388257414596,-1.7411715805105623,-1.9386930839627998,-1.5519890124407696,1000,-1.5377747164258588,-1.5262840509304516,-1.7161838329680563,-1.3467299874513905,1000
Hubei Province,6305.439413523907,-1.749928262241932,-1.7437515332328037,-1.941688029033,-1.5539628785791568,1000,-1.539946622699099,-1.5284503781561471,-1.718965087049019,-1.3485213732905734,1000
Hubei Province,6452.523415528545,-1.7524636980846808,-1.7463113360870166,-1.9448600382165346,-1.555932584486409,1000,-1.5421142344952092,-1.5305627618122204,-1.7216118774942477,-1.3503089119024845,1000
Hubei Province,6603.038376460375,-1.7549945862011351,-1.7487117144269986,-1.9480270981414227,-1.557898151083877,1000,-1.5442775727238036,-1.5326708909287192,-1.724136843507297,-1.3518974585606716,1000
Hubei Province,6757.064328675056,-1.7575209476922482,-1.7509286726372335,-1.9511892303932221,-1.5598595991291686,1000,-1.546436658134647,-1.5347747863869958,-1.7266571432010145,-1.353407820139701,1000
Hubei Province,6914.683171405141,-1.7600428035032158,-1.7532310736301544,-1.9543464564048443,-1.561816949217876,1000,-1.548591511319307,-1.5368744689079497,-1.7291727985049874,-1.3549162988293482,1000
Hubei Province,7075.978714307829,-1.7625601744250468,-1.7557262311734099,-1.9574987974580413,-1.5637702217852796,1000,-1.5507421527127887,-1.5390560101769013,-1.7316803429504068,-1.3564214052486645,1000
Hubei Province,7241.03672202856,-1.76507308109611,-1.7582230403886832,-1.9606462746848725,-1.5657194371080339,1000,-1.5528886025951478,-1.5413034308582443,-1.7341805704699385,-1.3579229446680117,1000
Hubei Province,7409.94495980406,-1.7675815440036624,-1.7607439203187272,-1.963788909069152,-1.5676646153058245,1000,-1.5550308810930804,-1.5435119214013062,-1.736676218210279,-1.359420936081581,1000
Hubei Province,7582.793240129217,-1.7700855834853566,-1.763187419987658,-1.966926721447884,-1.5696057763430076,1000,-1.5571690081814955,-1.545621297565809,-1.739187376155501,-1.3609153983289117,1000
Hubei Province,7759.673470512497,-1.772585219730732,-1.7656885795720387,-1.970059732512673,-1.5715429400302279,1000,-1.5593030036850648,-1.5476798844311448,-1.7419743480102095,-1.3624063500965742,1000
Hubei Province,7940.679702345331,-1.7750804727826852,-1.7681591762902942,-1.9731879628111213,-1.5734761260260142,1000,-1.5614328872797532,-1.5496892731550274,-1.7447568577738912,-1.3638938099198272,1000
Hubei Province,8125.908180911453,-1.777571362538922,-1.7706926248022712,-1.97631143274821,-1.5754053538383543,1000,-1.5635586784943307,-1.5517619407707557,-1.747534924891992,-1.365483846228654,1000
Hubei Province,8315.457396562822,-1.780057908753392,-1.7731372186645162,-1.9794301625876594,-1.5773306428262506,1000,-1.5656803967118649,-1.5538931231079203,-1.750183651418312,-1.3670970995258616,1000
Hubei Province,8509.428137089213,-1.7825401310377058,-1.7756745276639383,-1.9825441724532773,-1.5792547558218517,1000,-1.5677980611711915,-1.5560202562384307,-1.7526715763848644,-1.3687067935527684,1000
Hubei Province,8707.9235413095,-1.7850180488625327,-1.7781590670317993,-1.9856534823302865,-1.581175602018096,1000,-1.569911690968371,-1.5581219209347483,-1.7552282107748043,-1.3703129463757675,1000
Hubei Province,8911.049153912983,-1.787491681558982,-1.7806614374715273,-1.9887581120666407,-1.58309256452968,1000,-1.5720213050581229,-1.5602060561205573,-1.757945981163814,-1.3719155759199888,1000
Hubei Province,9118.912981580002,-1.7899610483199697,-1.7831154169973198,-1.991858081374322,-1.5850056621329005,1000,-1.5741269222552432,-1.5622862531824095,-1.7606593823323955,-1.3735146999707808,1000
Hubei Province,9331.625550411616,-1.792426168201562,-1.7855872653305254,-1.9949534098306223,-1.5869149134626246,1000,-1.5762285612360052,-1.564362530500271,-1.7633684331870365,-1.3751103361751735,1000
Hubei Province,9549.29996469898,-1.7948870601243108,-1.7880937747598433,-1.9980441168794116,-1.5888203370137308,1000,-1.5783262405395408,-1.5664349063192509,-1.7660731525027242,-1.3767053593603649,1000
Hubei Province,9772.05196706351,-1.7973437428745633,-1.7905970831500644,-2.0011302218323896,-1.590721951142525,1000,-1.5804199785692052,-1.5685073248806205,-1.7687735589241953,-1.378299978610086,1000
Hubei Province,10000.0,-1.799796235105765,-1.793096190684095,-2.004211743870321,-1.5926197740681418,1000,-1.5825097935939234,-1.5706610217923447,-1.7714696709671782,-1.3798911594357206,1000
Hunan Province,1.01,1.333436423903654,1.3306972367720658,1.2365925426854314,1.4302156190315012,1000,1.4929821395197465,1.489203455263537,1.3878917112186395,1.5886498759495238,1000
Hunan Province,1.0335597921543838,1.1011009539393584,1.0981734239533743,1.0222201388326833,1.181836777161066,1000,1.2475748731837306,1.244544493629952,1.1707922370896784,1.3220932046465033,1000
Hunan Province,1.0576691524338744,0.9781608121154937,0.9769961226102813,0.9065917104085438,1.053537903410821,1000,1.120697495767211,1.118019787306411,1.0524559954835722,1.189086563940158,1000
Hunan Province,1.0823409003541173,0.8889998344358833,0.8885511620102255,0.8219286328141567,0.9622167289684462,1000,1.0300495299174732,1.0276757392614297,0.9656016282602861,1.0985835278341394,1000
Hunan Province,1.1075881544655348,0.8170695776221316,0.8176188262749651,0.7500405103224257,0.8891118902389119,1000,0.9577841186497453,0.9558868767613713,0.8945593505875931,1.0234419693211299,1000
Hunan Province,1.133424339328768,0.7557714074560915,0.7565014371535231,0.6910746645558877,0.8264019219029951,1000,0.8968206979791293,0.895297580882452,0.8340882980131602,0.961154821904978,1000
Hunan Province,1.1598631926528329,0.7017584717299999,0.7025344164850978,0.6366549702115548,0.7716668627818494,1000,0.8435805558645402,0.8423914845308876,0.7807155240684042,0.9064416097828181,1000
Hunan Province,1.1869187725997843,0.6530839942454298,0.6539288547549713,0.58756209488806,0.7221739044135154,1000,0.7959873570735103,0.7951180320934377,0.732764562606733,0.8581780711726559,1000
Hunan Province,1.2146054652597715,0.6085093929362473,0.6090410228092336,0.5427762514476784,0.6766508894194541,1000,0.752722491416733,0.7520565696103989,0.6911574282788956,0.8141416505752634,1000
Hunan Province,1.2429379923004635,0.5671950116471622,0.5671977278633854,0.5014362797358376,0.6348780048458378,1000,0.7128931006360593,0.7122088080103605,0.65159898992862,0.7735177852653257,1000
Hunan Province,1.2719314187949051,0.5285440396580985,0.5286452945633193,0.4646578670755835,0.5956280007848077,1000,0.6758649160207222,0.675474089117336,0.616100340281065,0.7355712958647301,1000
Hunan Province,1.3016011612319731,0.4921164586551888,0.4923240047527898,0.4286078323055456,0.5599579603291698,1000,0.6411702762855558,0.6407743602871853,0.5818692504575991,0.699526128384199,1000
Hunan Province,1.3319629957136858,0.4575782794697862,0.45739913830087175,0.39509730762508294,0.5255551009166863,1000,0.6084539617269329,0.6084794615390983,0.5498090804390233,0.665592031931173,1000
Hunan Province,1.3630330663437302,0.4246699498594765,0.42445336796962396,0.3633280254678201,0.4913923846911249,1000,0.577439538371312,0.577675144004154,0.5188188471875568,0.6341247123938197,1000
Hunan Province,1.3948278938116616,0.3931858189509836,0.3929658493322815,0.33312791031959166,0.4582860315499716,1000,0.5479075138905243,0.5479907971620576,0.4903259098803021,0.604891484129575,1000
Hunan Province,1.4273643841773445,0.3629602978638324,0.3622556182955158,0.3043204021486757,0.42675701321153836,1000,0.5196806378824255,0.519858176000219,0.46242205097310995,0.5763544156049348,1000
Hunan Province,1.4606598378603033,0.33385824425957616,0.3329379574605974,0.27627663297545857,0.39599171785973786,1000,0.4926137038108861,0.49287581138788117,0.4368500607040824,0.54848961082038,1000
Hunan Province,1.4947319588387633,0.305768104804204,0.3049428682294709,0.24960621473206754,0.3665493291644928,1000,0.4665862874919709,0.4666977159949582,0.41156283255823956,0.5215732071016275,1000
Hunan Province,1.5295988640632745,0.27859691242306334,0.2779589531157051,0.22344691857179685,0.338275197257982,1000,0.44149745911228067,0.44129498168731585,0.3872108710389005,0.49551660201036635,1000
Hunan Province,1.5652790930899205,0.2522665634238061,0.251719902215244,0.19750760160216252,0.3108087870605189,1000,0.41726185644519614,0.4170962048135374,0.36294496202219423,0.4703084802102508,1000
Hunan Province,1.601791617938238,0.22671099789895607,0.22628059554999158,0.1721567724346292,0.2843630831936182,1000,0.39380671865106504,0.3937458028010897,0.34002155595728484,0.4457784487114149,1000
Hunan Province,1.6391558531790886,0.20187403050026667,0.20104591022524743,0.14847124405964338,0.25799670972726657,1000,0.37106961197078825,0.37082209951706413,0.3172137830942149,0.42233039772266784,1000
Hunan Province,1.6773916662578423,0.17770765798456392,0.1769771194313979,0.12456793507643643,0.23264617797904102,1000,0.34899666317921396,0.3485311094032755,0.29532402115444817,0.39858085566219686,1000
Hunan Province,1.7165193880583673,0.1541707220890981,0.15329102528037186,0.10070569463492077,0.209613092395178,1000,0.32754117229939256,0.3269072230997672,0.27348310036159734,0.37591914993171777,1000
Hunan Province,1.7565598237134417,0.13122784143080693,0.130450763961733,0.07983087504088113,0.18565330832502344,1000,0.30666251365735486,0.30591378005761805,0.2524673193803296,0.35453775495613604,1000
Hunan Province,1.7975342636673326,0.1088485503967023,0.1077948782408413,0.0578566532194668,0.1629954312154841,1000,0.28632526054865876,0.28558275191160215,0.23379397852012687,0.3341522122707027,1000
Hunan Province,1.8394644949964274,0.08700660032067105,0.08617664660440158,0.0366291089618935,0.14013539861037527,1000,0.2664984879915374,0.26592858666641916,0.21563788763231656,0.3143473176838815,1000
Hunan Province,1.8823728129939368,0.06567939138150228,0.06492097197350256,0.01530828048672125,0.11855002988607623,1000,0.24715522377329954,0.24616782145659552,0.1964726035385761,0.29520740810680784,1000
Hunan Province,1.926282033024828,0.04484751522684248,0.04396321944592306,-0.005430970166013087,0.09759494546742462,1000,0.22827203488898207,0.22746413994457326,0.17716163969007478,0.27690293464495314,1000
Hunan Province,1.971215502657292,0.024494403444057827,0.023787818526970716,-0.026032831768079728,0.07710738160408113,1000,0.2098287679410115,0.2088946668368618,0.15921311474264277,0.2590038970121506,1000
Hunan Province,2.0171971140771983,0.004606121426119086,0.003942705880213161,-0.04665103499091692,0.05700388658107852,1000,0.1918086087320067,0.1908636482543215,0.14013424776793806,0.24099169223854036,1000
Hunan Province,2.0642513167921304,-0.01482922593277534,-0.015579429053133566,-0.06608299411722979,0.03717017656767035,1000,0.17419786170011534,0.173224820135102,0.12309307570544911,0.22201258944546265,1000
Hunan Province,2.11240313063177,-0.03382393019735183,-0.034498123144111006,-0.08481855950186876,0.018332863454024753,1000,0.15698236821880823,0.1556239821550721,0.10585129720660474,0.2045471138767739,1000
Hunan Province,2.1616781590515264,-0.05239115081354958,-0.05267863028178904,-0.10305827781910804,-0.0007382024276273301,1000,0.14014718324990547,0.13868780953757304,0.08945827970651916,0.18743434099939935,1000
Hunan Province,2.2121026027465014,-0.07054444530328688,-0.0707767849081243,-0.12104713227495817,-0.019025220445329536,1000,0.12367737230259833,0.1221054709847163,0.07234708671401019,0.17100152947021213,1000
Hunan Province,2.2637032735830154,-0.08829749064444017,-0.08843284071925177,-0.13859827268047778,-0.03729701677465344,1000,0.10755831943284563,0.10607140682524238,0.055439351096402245,0.15503553403644932,1000
Hunan Province,2.3165076088551086,-0.10566389941998974,-0.10590957355734129,-0.15643176522024332,-0.055005592735243185,1000,0.09177587828035413,0.09005427034538356,0.0394401988337596,0.13909846512980048,1000
Hunan Province,2.370543685873599,-0.1226570925210785,-0.12273154604930181,-0.1739992293873099,-0.07232734292857669,1000,0.07631644931053144,0.07469572283745338,0.024485632709453416,0.1237571955358377,1000
Hunan Province,2.4258402368954495,-0.13929020997636848,-0.13981290333416274,-0.19228363069076623,-0.08835871625297002,1000,0.061167016129378415,0.05954625563515138,0.00844609921059891,0.10882314305395048,1000
Hunan Province,2.482426664401388,-0.15557604899416239,-0.15616797947218736,-0.20848814349322142,-0.10442729733752874,1000,0.04631515731175495,0.04511008180857605,-0.006803141378868125,0.09416604752658153,1000
Hunan Province,2.5403330567299,-0.1715270220232418,-0.17244173697041265,-0.22556374899965093,-0.12046929245367441,1000,0.03174904304235546,0.030774112654288935,-0.022232623663127556,0.07980180075802278,1000
Hunan Province,2.5995902040759065,-0.18715512978335783,-0.18807579971208666,-0.24187330334909435,-0.13596908622167156,1000,0.0174574222327952,0.01637715183339515,-0.03718294157004152,0.06553876977300127,1000
Hunan Province,2.66022961486264,-0.20247194558129294,-0.20319620122460766,-0.2570420076770176,-0.15102352533770214,1000,0.0034296037296712434,0.002626793314445236,-0.051690782918667216,0.05172814793743936,1000
Hunan Province,2.7222835324954127,-0.21748860815646448,-0.21836605486471528,-0.2720985662547603,-0.16608165689763066,1000,-0.010344566008417488,-0.010983864798385048,-0.06638536936251782,0.03830327520032254,1000
Hunan Province,2.7857849525061984,-0.23221582096034987,-0.23304485072972964,-0.28733538303372796,-0.18040133762264549,1000,-0.02387472717125963,-0.024484829992004187,-0.07947051231933126,0.025110295333946507,1000
Hunan Province,2.850767640098135,-0.24666385625890966,-0.24753623869612004,-0.3022665442473874,-0.19388233021988707,1000,-0.03717003171651859,-0.037781879755918055,-0.0923351996947439,0.012012585101893415,1000
Hunan Province,2.9172661480992788,-0.2608425628113604,-0.26158086381391693,-0.31687559835617635,-0.2069728532132239,1000,-0.05023916861747779,-0.0508768336118776,-0.10633299601005956,-0.0008750756942522074,1000
Hunan Province,2.985315835335159,-0.2747613761565252,-0.2754580004134418,-0.33121312240793865,-0.21944529961456846,1000,-0.06309038874693229,-0.06380676405616867,-0.11889043525083515,-0.013666386551209393,1000
Hunan Province,3.0549528854298984,-0.2884293307525109,-0.28929807153025144,-0.34499909124221656,-0.23305913665426217,1000,-0.0757315290713278,-0.0765378016267695,-0.13194912898856098,-0.02632392637240736,1000
Hunan Province,3.1262143260459023,-0.3018550733824586,-0.3030130055943157,-0.3581248095920031,-0.24581897383249574,1000,-0.08817003594601636,-0.08887340919957673,-0.14490381601669372,-0.03858717776353823,1000
Hunan Province,3.199138048572336,-0.3150468773698687,-0.3162590938095501,-0.37143255405755754,-0.25862069480794386,1000,-0.10041298738488363,-0.10109457246689377,-0.15752080477742209,-0.0504936543976148,1000
Hunan Province,3.2737628282728757,-0.3280126572498949,-0.329111531961015,-0.38462625682475093,-0.271784754869216,1000,-0.11246711423584216,-0.11303481127740987,-0.16976495470549638,-0.062114918931007325,1000
Hunan Province,3.350128344903427,-0.3407599836241112,-0.3419678735554579,-0.3975804531806691,-0.28473224010293247,1000,-0.12433882023465881,-0.12489551581298532,-0.18184644104674005,-0.07304360163964481,1000
Hunan Province,3.4282752038107884,-0.353296097990412,-0.35442935593250857,-0.41046582473650156,-0.2974608328534848,1000,-0.1360342009382437,-0.13649378856815486,-0.19402013236443946,-0.08460040747985569,1000
Hunan Province,3.508244957523471,-0.36562792739039535,-0.3671016369505652,-0.4235959139550796,-0.30933397338379814,1000,-0.14755906155824788,-0.14823538919294366,-0.2060821540073266,-0.09603703962000595,1000
Hunan Province,3.590080127846162,-0.37776209875670863,-0.3792341395521764,-0.43649706352285694,-0.3210220514044907,1000,-0.15891893372908583,-0.15963862393338513,-0.21766521169851463,-0.1069597448528553,1000
Hunan Province,3.673824228469568,-0.3897049528745277,-0.39144645527172467,-0.4489712335544593,-0.3323602996993464,1000,-0.17011909125310043,-0.17074467596858656,-0.22904275559433032,-0.11763921822841068,1000
Hunan Province,3.7595217881076692,-0.401462557896333,-0.40301111604807205,-0.46094270996481024,-0.3431885684533729,1000,-0.1811645648707787,-0.18183882553193967,-0.2402181562835919,-0.12836454745318518,1000
Hunan Province,3.847218374174693,-0.413040722368813,-0.4147020716033421,-0.4729455298002591,-0.3539869174110274,1000,-0.19206015610669985,-0.19266149563032303,-0.25124014958475965,-0.13859357856307727,1000
Hunan Province,3.936960617014379,-0.4244450077461251,-0.4260819597178772,-0.4852183146836408,-0.3652240945833269,1000,-0.20281045024290162,-0.20357223403865699,-0.262203274935206,-0.148874719534746,1000
Hunan Province,4.028796234694432,-0.4356807403757426,-0.43734030680335734,-0.49726910961820564,-0.37633725505702426,1000,-0.21341982847111896,-0.21409799913204544,-0.2733213858529474,-0.15904576164637127,1000
Hunan Province,4.122774058379347,-0.44675302295240626,-0.4484306300046601,-0.5088379612523003,-0.3870767388882941,1000,-0.22389247927427225,-0.2246295731692251,-0.2838465589930437,-0.1691092924749023,1000
Hunan Province,4.218944058295092,-0.4576667454428124,-0.4592660588829418,-0.520118031471422,-0.3973442866646673,1000,-0.23423240908589216,-0.23494428870665263,-0.29432758217655763,-0.17896919635515557,1000
Hunan Province,4.3173573702994545,-0.4684265954890631,-0.4700146117503682,-0.5316127749119572,-0.4078534702104556,1000,-0.24444345227412684,-0.24521239896911573,-0.30481073578825507,-0.1886679471758686,1000
Hunan Province,4.418066323072179,-0.47903706830290305,-0.48075007402196274,-0.5429303328626095,-0.41762224817643406,1000,-0.2545292804946931,-0.2554642196653526,-0.31517699482032074,-0.1982244773250922,1000
Hunan Province,4.52112446593937,-0.48950247606570624,-0.49114460967373513,-0.5540702510536131,-0.42731231843734374,1000,-0.26449341145472316,-0.26549171206161615,-0.32541999401568933,-0.20789378146790216,1000
Hunan Province,4.626586597346926,-0.49982695685120165,-0.5013455232809914,-0.5648528359896342,-0.4372373787916078,1000,-0.2743392171270357,-0.275382427388266,-0.33489965325898985,-0.21732344688410463,1000
Hunan Province,4.734508793998165,-0.5100144830893117,-0.5114451398152635,-0.5752064727836325,-0.44746992407672065,1000,-0.28406993145190856,-0.2851844038877302,-0.34477873754220273,-0.22666314205263732,1000
Hunan Province,4.844948440671135,-0.5200688695902929,-0.5215064097349885,-0.5852721606643992,-0.45758278933306856,1000,-0.29368865756108925,-0.29500526039021363,-0.3548987828558618,-0.23585254242325185,1000
Hunan Province,4.9579642607314485,-0.5299937811487829,-0.5315775552949937,-0.5950265073310536,-0.46757153078439717,1000,-0.3031983745564662,-0.3045924351545929,-0.3648944802637496,-0.24506707216316745,1000
Hunan Province,5.073616347356891,-0.539792739747444,-0.5413574172317404,-0.6049604957726317,-0.4774394809663283,1000,-0.31260194387365386,-0.3139413023961916,-0.37476916934180393,-0.2541060854485957,1000
Hunan Province,5.191966195490369,-0.549469131379718,-0.5508214134053209,-0.6145297817791792,-0.4868688735401328,1000,-0.32190211525866247,-0.32332950957074014,-0.3845239888060012,-0.26286304066270677,1000
Hunan Province,5.31307673453823,-0.559026212510861,-0.5604263100845466,-0.6239647253095445,-0.4960049634865016,1000,-0.3311015323838617,-0.3325267005105393,-0.39368328478041387,-0.2718593865080888,1000
Hunan Province,5.437012361831313,-0.5684671161959398,-0.5697309885680311,-0.6336141533471084,-0.5050616204278602,1000,-0.34020273812760354,-0.3414649406038387,-0.4028252595133392,-0.2806492238334547,1000
Hunan Province,5.5638389768665215,-0.5777948578728599,-0.5790973995413278,-0.6432767053001728,-0.5143813352379096,1000,-0.34920817954014965,-0.35052689230781664,-0.4121762069048525,-0.289283886248946,1000
Hunan Province,5.69362401634715,-0.5870123408478535,-0.5882277149793012,-0.6528152341925528,-0.5233222791716293,1000,-0.35812021251692344,-0.3594850707848336,-0.42142878834324926,-0.29782425697865644,1000
Hunan Province,5.826436490040564,-0.5961223614901294,-0.5971851005413298,-0.6622329706094355,-0.5321733595974705,1000,-0.3669411061986239,-0.36852569348983744,-0.43044104097280866,-0.3062760502679558,1000
Hunan Province,5.962347017472319,-0.6051276141516615,-0.6060688439504758,-0.6715330276433049,-0.5411400029332332,1000,-0.37567304711631405,-0.3772727474944856,-0.4394172657742749,-0.3146577872461064,1000
Hunan Province,6.1014278654762375,-0.6140306958273447,-0.6149713422309497,-0.6806026847612832,-0.5501432267373774,1000,-0.3843181430983293,-0.38622221988595956,-0.44863794382211,-0.3229611563698678,1000
Hunan Province,6.243752986620382,-0.622834110569994,-0.6237325003741188,-0.6895003942092262,-0.5588318421307698,1000,-0.3928784269546128,-0.3948602398040516,-0.4575342905040357,-0.33118795360669046,1000
Hunan Province,6.389398058529382,-0.6315402736739334,-0.6323497968117407,-0.6982955019142758,-0.5672657290599247,1000,-0.4013558599529959,-0.40360083983745687,-0.46634220094931084,-0.33948594616318917,1000
Hunan Province,6.5384405241240104,-0.6401515156401956,-0.640849586288408,-0.7069905052435932,-0.5756079957592103,1000,-0.40975233510089154,-0.41186529326323906,-0.47505390382990903,-0.34811875907586637,1000
Hunan Province,6.6909596327994185,-0.6486700859356458,-0.6494317829975026,-0.7155878145386069,-0.5838608105788605,1000,-0.4180696802449158,-0.4202073072112366,-0.4836449602122401,-0.3564170290682811,1000
Hunan Province,6.847036482563901,-0.657098156557678,-0.6579096715077057,-0.7240897569041291,-0.5920262672126072,1000,-0.4263096610000597,-0.42830572474477846,-0.49195730385305797,-0.3647056251806411,1000
Hunan Province,7.006754063160622,-0.6654378254154684,-0.6662687402086716,-0.7324985798075218,-0.600106387958416,1000,-0.4344739835192251,-0.43629774229338564,-0.5004598285500808,-0.372441592909524,1000
Hunan Province,7.170197300195224,-0.6736911195381542,-0.6745945942303446,-0.7408107716155785,-0.6081031268120098,1000,-0.442564297113165,-0.4443097253425714,-0.5091119378153939,-0.3802590836816574,1000
Hunan Province,7.337453100292774,-0.6818599981197081,-0.6827666156567948,-0.7490203583478126,-0.6159727703180267,1000,-0.4505821967301747,-0.45218475247661377,-0.5174395147316274,-0.387845954818033,1000
Hunan Province,7.508610397308058,-0.6899463554097158,-0.6906542396952715,-0.7569776216350029,-0.6236902080545477,1000,-0.45852922530422996,-0.4601794247181505,-0.5255956281859013,-0.3950545117695218,1000
Hunan Province,7.683760199613822,-0.697952023458722,-0.6984301439747314,-0.7652089732809508,-0.6313330117849033,1000,-0.4664068759796614,-0.4681973318622557,-0.5333841132002088,-0.4023238015963553,1000
Hunan Province,7.862995638492068,-0.7058787747263096,-0.7061817720231449,-0.7732163205588005,-0.6389409732061103,1000,-0.474216594219905,-0.47616345924654024,-0.5411014803415226,-0.41033423749505243,1000
Hunan Province,8.046412017654148,-0.7137283245595841,-0.7140778078958524,-0.7810678044317928,-0.646589591398963,1000,-0.48195977980734633,-0.4839404293084282,-0.5487492284835863,-0.41840878966472095,1000
Hunan Province,8.234106863915997,-0.7215023335492972,-0.7220768077348942,-0.7889238626172248,-0.6541721057448847,1000,-0.4896377887408047,-0.4913216181711587,-0.556410245756144,-0.4264146819708118,1000
Hunan Province,8.426179979055448,-0.7292024097703976,-0.7299211055196013,-0.796978644745426,-0.6618966882440691,1000,-0.49725193503675963,-0.49882897526098435,-0.5648863164179496,-0.4336469090506264,1000
Hunan Province,8.622733492879188,-0.7368301109134109,-0.7376661668704041,-0.8047562418071161,-0.6692894233124672,1000,-0.5048034924400098,-0.5063866910811273,-0.5733019439906736,-0.4407607870382505,1000
Hunan Province,8.823871917527581,-0.7443869463126542,-0.745177462221887,-0.8124605461334496,-0.6766137278035513,1000,-0.5122936960490814,-0.5137956543279116,-0.5814623301766623,-0.4484049805597906,1000
Hunan Province,9.029702203046249,-0.7518743788769521,-0.7523183226157475,-0.8200934882431645,-0.6843885775060685,1000,-0.5197237438613445,-0.5209579415757842,-0.5891816009384008,-0.45592487471464854,1000
Hunan Province,9.240333794253923,-0.7592938269281657,-0.7595944336100935,-0.8276454117729266,-0.6922778341358383,1000,-0.5270947982424758,-0.528282653350039,-0.5968239975400614,-0.4628312014581751,1000
Hunan Province,9.455878688936846,-0.7666466659525495,-0.7670198736491225,-0.8351288850856569,-0.6995536800894218,1000,-0.5344079873245995,-0.5356249655712451,-0.6044057187543064,-0.4696861574412588,1000
Hunan Province,9.676451497400627,-0.77393423026964,-0.774328562793319,-0.8424035518272567,-0.7071275727999554,1000,-0.5416644063371576,-0.5429824250521122,-0.6119279184117279,-0.4765042019861885,1000
Hunan Province,9.902169503411255,-0.7811578146231111,-0.7813633927960388,-0.8495024531832678,-0.7146467350990626,1000,-0.5488651188743037,-0.5502929184365157,-0.619391716940515,-0.48351322129950947,1000
Hunan Province,10.133152726557643,-0.7883186756977687,-0.7886068799144547,-0.8565326587749948,-0.7221121572614081,1000,-0.5560111581023675,-0.5574405434463338,-0.6267982026419617,-0.491044288676685,1000
Hunan Province,10.369523986068852,-0.7954180335666061,-0.7956453129359065,-0.8637447669488795,-0.729488275573255,1000,-0.5631035279107119,-0.5646436490844284,-0.6341484329062436,-0.4978480497458577,1000
Hunan Province,10.611408966120022,-0.8024570730716252,-0.8026035496161462,-0.8713189149869296,-0.7363645754414977,1000,-0.5701432040091046,-0.5713457513434107,-0.6414434353717494,-0.504511559071873,1000
Hunan Province,10.858936282661562,-0.8094369451418941,-0.8096585361782808,-0.8787078834862695,-0.7431895853576483,1000,-0.5771311349745123,-0.5782027103218277,-0.6487330549407206,-0.5111282201420299,1000
Hunan Province,11.112237551807304,-0.8163587680521289,-0.8164986746849098,-0.8856757436240873,-0.74996422535894,1000,-0.5840682432500683,-0.5852466669933449,-0.6558796863722395,-0.5179567109485171,1000
Hunan Province,11.37144745981792,-0.8232236286248859,-0.8232971981161699,-0.8924073023581477,-0.7566893902877665,1000,-0.590955426098775,-0.5921394415683914,-0.6629192180641349,-0.5250096980621438,1000
Hunan Province,11.636703834716739,-0.8300325833792732,-0.830023856319219,-0.899214876048589,-0.7633659507040857,1000,-0.5977935565143542,-0.5990271607342728,-0.6698331291985362,-0.5320235217180286,1000
Hunan Province,11.908147719576188,-0.8367866596289292,-0.8366282374528929,-0.9056998457849411,-0.7697787035480974,1000,-0.6045834840915163,-0.6057815061742752,-0.6767584518181756,-0.5386042318098162,1000
Hunan Province,12.18592344751373,-0.8434868565318545,-0.8433241862675944,-0.9126020510860131,-0.7757830779930631,1000,-0.6113260358577735,-0.6124700759274417,-0.6836310958905711,-0.5450291916723776,1000
Hunan Province,12.470178718437154,-0.850134146094536,-0.8500064303662184,-0.919323048680776,-0.7823811306249399,1000,-0.6180220170687969,-0.6190838656834854,-0.6904427623025293,-0.5514081770744285,1000
Hunan Province,12.76106467758012,-0.8567294741326676,-0.8566427834552508,-0.9261943821324973,-0.788961326601581,1000,-0.6246722119692061,-0.6257751875884232,-0.6972189431273311,-0.557743034958063,1000
Hunan Province,13.058735995869664,-0.8632737611906403,-0.863223302247724,-0.9330119256319361,-0.795120556390643,1000,-0.6312773845205586,-0.6324704023974763,-0.7040271190427557,-0.5644994850453011,1000
Hunan Province,13.36335095216834,-0.8697679034218486,-0.8696255379938702,-0.9397290225557691,-0.8012752361277198,1000,-0.6378382790982073,-0.6389187795133376,-0.7109236333553395,-0.5709566071335717,1000
Hunan Province,13.675071517434843,-0.8762127734317579,-0.8757825845574349,-0.945790140047121,-0.8081268151782054,1000,-0.6443556211585986,-0.645344210079834,-0.7177741779766397,-0.5775847404317114,1000
Hunan Province,13.994063440847814,-0.8826092210855521,-0.8821847069391892,-0.952122257453011,-0.8144466256451142,1000,-0.6508301178784908,-0.651688688521527,-0.7245795006805856,-0.5835664437965444,1000
Hunan Province,14.320496337938545,-0.8889580742820986,-0.8885499006464688,-0.9584043153467809,-0.8208218054317893,1000,-0.6572624587674876,-0.6579789432611582,-0.7312671554848914,-0.5899684153391577,1000
Hunan Province,14.654543780779578,-0.8952601396958596,-0.8948651812003898,-0.9646352950521208,-0.8269568210501919,1000,-0.6636533162552027,-0.664227404637482,-0.7378901630071434,-0.5969078067854791,1000
Hunan Province,14.99638339027709,-0.9015162034882943,-0.9008821161917153,-0.9712120821192237,-0.8323408425897678,1000,-0.6700033462542978,-0.6704051287001573,-0.7446795157808835,-0.6035570043145927,1000
Hunan Province,15.346196930616085,-0.9077270319902147,-0.9068979955224159,-0.9771398763877638,-0.8380200479709479,1000,-0.6763131887005671,-0.676561278490656,-0.7513784398331298,-0.6090551899482173,1000
Hunan Province,15.70417040590871,-0.9138933723564756,-0.9130010622917835,-0.9830306482564034,-0.843788657104643,1000,-0.6825834680711707,-0.6829052342683593,-0.7579307502074331,-0.6145137569317802,1000
Hunan Province,16.070494159097066,-0.9200159531943062,-0.9190980936924396,-0.9890660848640572,-0.8495214886591332,1000,-0.6888147938820677,-0.6891212880244256,-0.7643854316818739,-0.6202922595064432,1000
Hunan Province,16.44536297316297,-0.9260954851665204,-0.9250786428511046,-0.9950547171714234,-0.8552269579575291,1000,-0.6950077611656347,-0.6950908382902033,-0.7708000201218109,-0.626505609138518,1000
Hunan Province,16.82897617469873,-0.9321326615707816,-0.9309212714253905,-1.0009973359317363,-0.8610340367861405,1000,-0.7011629509294037,-0.7014132379948068,-0.7772863428920997,-0.6322367063708588,1000
Hunan Province,17.221537739893765,-0.938128158896027,-0.9367335561193757,-1.0068947121696583,-0.8674000737297186,1000,-0.7072809305968026,-0.7074583009799362,-0.7839430050537917,-0.637479245377208,1000
Hunan Province,17.623256402993533,-0.9440826373571077,-0.9425509463863676,-1.0127967434368361,-0.8737312996812879,1000,-0.7133622544307372,-0.7133894620885135,-0.7902622861055765,-0.6426846206557593,1000
Hunan Province,18.034345767288528,-0.9499967414086425,-0.9484867922419348,-1.018739172859909,-0.8800316762097423,1000,-0.7194074639408023,-0.7194480206878017,-0.7963047967556586,-0.6484938400880873,1000
Hunan Province,18.455024418692105,-0.955871100239023,-0.9543465783955094,-1.0246810993312543,-0.886005282227705,1000,-0.7254170882748816,-0.7253240388262601,-0.8022749237280443,-0.6543945956785088,1000
Hunan Province,18.885516041967808,-0.9617063282454783,-0.9599581222206901,-1.0307463866164583,-0.8909983321017128,1000,-0.7313916445958206,-0.7312251795400736,-0.8082861998557812,-0.6602630746495399,1000
Hunan Province,19.326049539667853,-0.967503025491042,-0.9658926976999684,-1.0369420716675273,-0.895950825278835,1000,-0.7373316384438813,-0.7370660408384555,-0.8142260504745741,-0.6661038671670635,1000
Hunan Province,19.776859153845976,-0.9732617781442301,-0.9717158367811456,-1.0430995499003288,-0.9008634478469487,1000,-0.7432375640855957,-0.7428718979636583,-0.8201304722186278,-0.671913211397024,1000
Hunan Province,20.238184590609468,-0.9789831589022003,-0.9774665676455784,-1.0492193817794673,-0.9064670716493006,1000,-0.7491099048496259,-0.7486447278081286,-0.8259999767969134,-0.677799803879097,1000
Hunan Province,20.710271147576613,-0.9846677273981139,-0.9832794363801016,-1.0552975949269479,-0.9120591079078513,1000,-0.7549491334501846,-0.7545810550878019,-0.8320848806174772,-0.6834243273750049,1000
Hunan Province,21.19336984430715,-0.9903160305933998,-0.9888916221469796,-1.0610953946595152,-0.917622153067185,1000,-0.7607557122986246,-0.760318629535224,-0.8383624598178256,-0.689011698165993,1000
Hunan Province,21.68773755577532,-0.9959286031555625,-0.9944241391136486,-1.0672132585344807,-0.9229418988566688,1000,-0.7665300938036439,-0.7660765320812868,-0.8439484918067162,-0.694232351824221,1000
Hunan Province,22.193637148956405,-1.0015059678221965,-1.0002223827386503,-1.0733321059860081,-0.9280376387052758,1000,-0.772272720660615,-0.7715752956043229,-0.8494899266305793,-0.6998057547487031,1000
Hunan Province,22.711337622599206,-1.0070486357517296,-1.0056898027460552,-1.0793791791250351,-0.9334246559655619,1000,-0.7779840261305526,-0.7773779966447945,-0.8550395798495257,-0.7053488295523015,1000
Hunan Province,23.241114250259074,-1.0125571068615504,-1.011347806405811,-1.0852522409309893,-0.9389047425646453,1000,-0.7836644343090928,-0.7829676411543838,-0.8608535308609422,-0.7108693383035549,1000
Hunan Province,23.783248726667388,-1.0180318701539777,-1.01701096520318,-1.0909261968727402,-0.9439319799958023,1000,-0.7893143603859634,-0.7883335982114243,-0.8666351452695864,-0.7163789125274985,1000
Hunan Province,24.3380293175152,-1.0234734040306273,-1.0227395903893335,-1.0964652648253226,-0.9485301045396698,1000,-0.7949342108953148,-0.7937799813275325,-0.8723854859874535,-0.721859487904595,1000
Hunan Province,24.905751012731002,-1.0288821765956568,-1.0281338655621184,-1.1019705524025392,-0.953093419697858,1000,-0.8005243839573015,-0.7992705613066375,-0.8781049700831143,-0.7273114463855472,1000
Hunan Province,25.486715683333756,-1.0342586459483356,-1.0334697233893186,-1.1074424235611475,-0.9578728798610214,1000,-0.8060852695112768,-0.8048891453032239,-0.8837940060148163,-0.7323195178322972,1000
Hunan Province,26.081232241944857,-1.0396032604654015,-1.0389333121706876,-1.1128817407816058,-0.9628486519269529,1000,-0.8116172495409633,-0.8104196784684654,-0.8894529938681764,-0.7372673046438684,1000
Hunan Province,26.6896168070443,-1.044916459073613,-1.0442272620384263,-1.1182889535954295,-0.9679948950697195,1000,-0.8171206982918862,-0.8159458378251461,-0.8950823255857004,-0.7425960842739607,1000
Hunan Province,27.31219287105828,-1.0501986715128881,-1.0496590870133087,-1.1238436650895658,-0.9725653344907312,1000,-0.8225959824814466,-0.8215975779946073,-0.900682385188507,-0.7481716179879241,1000
Hunan Province,27.94929147236775,-1.0554503185904418,-1.055012199232592,-1.129382977119847,-0.977165474853216,1000,-0.8280434615018635,-0.8266183863326801,-0.9062605226588221,-0.7537249530135887,1000
Hunan Province,28.601251371329415,-1.0606718124262635,-1.0602587528456129,-1.134886646734093,-0.9819098259491968,1000,-0.8334634876163298,-0.8319888599025396,-0.911813230550442,-0.758874927824906,1000
Hunan Province,29.268419230402497,-1.0658635566902754,-1.0652910330634602,-1.1409457495425577,-0.9868706535684232,1000,-0.8388564061486226,-0.8372095891179085,-0.9173217173274124,-0.7635859067111529,1000
Hunan Province,29.951149798477392,-1.0710259468315333,-1.0702875693838072,-1.1460536389620317,-0.992316819785597,1000,-0.8442225556664262,-0.8425301934689151,-0.9224658144483986,-0.7683455703561144,1000
Hunan Province,30.649806099504072,-1.076159370299743,-1.075148355906927,-1.151271904058045,-0.9977363647323926,1000,-0.849562268158639,-0.847661133258795,-0.9275585026638697,-0.7728704277342767,1000
Hunan Province,31.364759625520396,-1.0812642067594467,-1.07997910156312,-1.156657479786903,-1.0028898232442287,1000,-0.8548758692068656,-0.8528569624526788,-0.9337161921130429,-0.7774658901570066,1000
Hunan Province,32.09639053418323,-1.0863408282971185,-1.0849337769537457,-1.1620085453787714,-1.0081702549344629,1000,-0.8601636781513513,-0.8580451438082317,-0.9391242144696503,-0.7820350595291797,1000
Hunan Province,32.845087850907284,-1.0913895996214749,-1.0902729635026485,-1.1673313144503208,-1.0128567025337598,1000,-0.8654260082515677,-0.8632210120581354,-0.9445336232282163,-0.7865831623948273,1000
Hunan Province,33.61124967571902,-1.0964108782572557,-1.0952828022663217,-1.172252881339438,-1.017144099347419,1000,-0.8706631668416365,-0.8685144704947183,-0.9498011301455883,-0.7911194140598445,1000
Hunan Province,34.39528339493589,-1.101405014732724,-1.1006525422110915,-1.176901218187706,-1.0214110831344212,1000,-0.8758754554808033,-0.8736204042729669,-0.955043877500869,-0.7956304244738466,1000
Hunan Province,35.197605897783234,-1.106372352761114,-1.1055688774498906,-1.181970886486779,-1.0261140145815113,1000,-0.8810631700991594,-0.8787474032742941,-0.9605008659268887,-0.8002822185196433,1000
Hunan Province,36.01864379806412,-1.1113132294162953,-1.1104402482700073,-1.1876615505447816,-1.0302787247375613,1000,-0.8862266011387641,-0.883819258112843,-0.9656791958565075,-0.8051379186286143,1000
Hunan Province,36.85883366099993,-1.1162279753028266,-1.1151113078867665,-1.1925228843145508,-1.0347934070201792,1000,-0.8913660336903702,-0.8889892303510432,-0.971049986385336,-0.8099827291849807,1000
Hunan Province,37.718622235362474,-1.1211169147206423,-1.1199868882587056,-1.1974433816735075,-1.0392911566840457,1000,-0.8964817476258866,-0.8940557729735417,-0.9762978775701197,-0.8147951271034162,1000
Hunan Province,38.59846669102074,-1.1259803658245482,-1.1250101807574844,-1.202203523833143,-1.0437786624292313,1000,-0.9015740177267606,-0.8991595859506746,-0.9816070129445361,-0.8195689677953402,1000
Hunan Province,39.49883486202902,-1.1308186407787428,-1.129880242100746,-1.2076236905397018,-1.0477304364125466,1000,-0.9066431138084146,-0.9044866925644849,-0.9878441648661546,-0.8243289586314584,1000
Hunan Province,40.4202054953852,-1.1356320459065348,-1.134648609780669,-1.2131453177680633,-1.0523824690469075,1000,-0.9116893008408957,-0.9094793873805734,-0.9940562092314227,-0.8289029023588925,1000
Hunan Province,41.363068505591876,-1.1404208818354342,-1.1394765380124872,-1.2183971244022977,-1.05702728211655,1000,-0.9167128390658619,-0.9145876142501588,-1.0000163913713411,-0.8333524177174817,1000
Hunan Province,42.32792523515553,-1.1451854436377884,-1.144108223926104,-1.2238406921326408,-1.0614938871264132,1000,-0.9217139841100346,-0.9197275861037604,-1.0050675357410412,-0.8377795328770207,1000
Hunan Province,43.315288721162034,-1.149926020967123,-1.1488328363138356,-1.2292727768058997,-1.0660191277483346,1000,-0.9266929870952685,-0.9246016345547377,-1.0100945261539929,-0.8423954923673629,1000
Hunan Province,44.325683968070635,-1.1546428981903456,-1.1535757514329013,-1.2346822945685831,-1.0706926736048832,1000,-0.9316500947453434,-0.9293491556281928,-1.015257974855181,-0.8471734870412831,1000
Hunan Province,45.359648226871286,-1.1593363545159587,-1.1583141980050082,-1.240063627915345,-1.0751286180962314,1000,-0.9365855494895765,-0.9343883181042195,-1.0206654400582986,-0.8519196811432964,1000
Hunan Province,46.41773128075353,-1.164006664118431,-1.162974377043081,-1.2454075046465916,-1.0789949256552367,1000,-0.9414995895634075,-0.9394621822595209,-1.0257660199597978,-0.8566470253634157,1000
Hunan Province,47.500495737439245,-1.1686540962588468,-1.1673952603615412,-1.2505634784158208,-1.0831279259212985,1000,-0.9463924491060329,-0.9445114715868816,-1.0308445656046812,-0.8613617953026709,1000
Hunan Province,48.608517328334564,-1.1732789154019843,-1.17204243309823,-1.2553715088592576,-1.0869564606781081,1000,-0.9512643582551998,-0.9493988596481469,-1.035901316823774,-0.8660558770449694,1000
Hunan Province,49.74238521465965,-1.1778813813299425,-1.176807408106179,-1.260146759794301,-1.0905342602478796,1000,-0.9561155432392625,-0.954324533382929,-1.0409094874678466,-0.8707294965862579,1000
Hunan Province,50.90270230071971,-1.1824617492524274,-1.1813922367462397,-1.2648976091476014,-1.0945648018353056,1000,-0.9609462264665889,-0.9590757911943094,-1.0467793352459407,-0.8753707406943801,1000
Hunan Province,52.09008555448351,-1.1870202699138241,-1.1858760109105928,-1.2696255524571727,-1.099105812159191,1000,-0.9657566266124202,-0.9637037596885396,-1.0526341088295508,-0.8797554206070458,1000
Hunan Province,53.30516633563966,-1.1915571896971682,-1.1901869239840899,-1.274330849459079,-1.1036286760989162,1000,-0.9705469587032522,-0.9684099091223128,-1.0584696756927534,-0.8837747314513899,1000
Hunan Province,54.54859073130552,-1.196072750725113,-1.194541207014281,-1.2789441676803217,-1.1081407794611098,1000,-0.9753174341988418,-0.9732343470541904,-1.0632254232972684,-0.8879824799495454,1000
Hunan Province,55.82101989956701,-1.2005671909579985,-1.1989406834389227,-1.2836861034617457,-1.112508472664136,1000,-0.9800682610719029,-0.9781385955418802,-1.067947310481296,-0.8925431606558395,1000
Hunan Province,57.12313042103187,-1.2050407442891307,-1.203055018982059,-1.2883334207099484,-1.1166413127027275,1000,-0.98479964388558,-0.9829722567630569,-1.072648419142564,-0.8970644838526632,1000
Hunan Province,58.455614658583634,-1.2094936406373524,-1.2075894909945881,-1.2929536770506072,-1.1206306113653792,1000,-0.9895117838687688,-0.9876528159980564,-1.0776633378601317,-0.9015704895598304,1000
Hunan Province,59.81918112552719,-1.2139261060369955,-1.2118007102626704,-1.2975525196601259,-1.1245656409879456,1000,-0.9942048789893565,-0.9924318491074333,-1.082346931742029,-0.906073974671197,1000
Hunan Province,61.21455486232208,-1.2183383627253286,-1.2159145785595653,-1.3022897459296063,-1.128480591326665,1000,-0.9988791240254491,-0.9970379007395899,-1.0873521141732858,-0.9103105677839005,1000
Hunan Province,62.642477822103714,-1.2227306292275388,-1.2201863802700803,-1.3068123576500095,-1.1323773768117777,1000,-1.003534710634656,-1.001673976693787,-1.0924760461155831,-0.914057774102106,1000
Hunan Province,64.10370926519715,-1.2271031204393736,-1.2245801032156551,-1.3112853529756052,-1.1362543742526146,1000,-1.0081718274214857,-1.0064863479138486,-1.0975810870870129,-0.9181102427931861,1000
Hunan Province,65.59902616283385,-1.2314560477074887,-1.2287938815319572,-1.316191294509675,-1.1402009539516083,1000,-1.0127906600029302,-1.0111289756321065,-1.1026674207304252,-0.9225100633691902,1000
Hunan Province,67.1292236102857,-1.2357896189075988,-1.2329647080736976,-1.321139733609988,-1.1441388713927991,1000,-1.017391391072279,-1.0158835481202273,-1.1077227994332088,-0.9269129087847764,1000
Hunan Province,68.6951152496357,-1.2401040385204858,-1.2370919370699291,-1.3258145316610452,-1.147967055619945,1000,-1.021974200461227,-1.0203379518723423,-1.1127526430708172,-0.9312992509325547,1000
Hunan Province,70.29753370241079,-1.2443995077059402,-1.2412631611315854,-1.3304484274802535,-1.1517767939705537,1000,-1.0265392652003436,-1.0247190153055081,-1.1177594353951468,-0.9356323034341308,1000
Hunan Province,71.93733101230643,-1.2486762243747118,-1.2455516072381996,-1.3347873051613754,-1.155568288581833,1000,-1.0310867595779223,-1.0292258513784596,-1.122742463059418,-0.9394993646766021,1000
Hunan Province,73.61537909823818,-1.252934383258518,-1.2497924936364708,-1.3395556275555776,-1.1593417382330704,1000,-1.0356168551973042,-1.0338110272022725,-1.127948452283397,-0.9439579397330354,1000
Hunan Province,75.33257021796157,-1.257174175978181,-1.2542794784147746,-1.3442674038994369,-1.1630973384194183,1000,-1.0401297210326854,-1.0384486748313801,-1.1326870649229388,-0.9484023495089614,1000
Hunan Province,77.08981744250684,-1.2613957911099518,-1.258628868094681,-1.3488401626030995,-1.166835281423699,1000,-1.0446255234834805,-1.0429064242182315,-1.1376321438747794,-0.9528310679827118,1000
Hunan Province,78.88805514167998,-1.2655994142500822,-1.2629032108043683,-1.3533910509759794,-1.1705557563862476,1000,-1.0491044264272782,-1.0471050817180654,-1.1425552786775264,-0.957197739219561,1000
Hunan Province,80.7282394808894,-1.2697852280776865,-1.2669795444187897,-1.3579366002446445,-1.1740293154245833,1000,-1.05356659127143,-1.051419798827435,-1.1475190613647408,-0.9614616564676768,1000
Hunan Province,82.61134892956177,-1.2739534124159626,-1.271272344645825,-1.3624462479642003,-1.1779450434411742,1000,-1.0580121770033197,-1.0560277341327282,-1.152505296411514,-0.9652592580469547,1000
Hunan Province,84.53838478141695,-1.2781041442918186,-1.2755164175091225,-1.3669475095224952,-1.1816221720521154,1000,-1.0624413402393504,-1.0605871259527828,-1.157230783936314,-0.9685771049853474,1000
Hunan Province,86.51037168687985,-1.2822375979939464,-1.2795360958639992,-1.3714288140308146,-1.1852732611263825,1000,-1.066854235272693,-1.0648973639721437,-1.1620945167247185,-0.9725698004545731,1000
Hunan Province,88.52835819791093,-1.286353945129399,-1.2835679699343143,-1.3758792294704605,-1.188963493967714,1000,-1.0712510141198242,-1.069106299577578,-1.1671320962588891,-0.9770352249616998,1000
Hunan Province,90.59341732554617,-1.2904533546787158,-1.2875720892368758,-1.3803121373224798,-1.1925888739004475,1000,-1.075631826565903,-1.0732589919439375,-1.1721815128801663,-0.981162992986099,1000
Hunan Province,92.70664711044245,-1.2945359930496387,-1.2917063953843595,-1.3846009063768312,-1.1961566930157634,1000,-1.0799968202090093,-1.0775597049941017,-1.177214488418605,-0.984808188775774,1000
Hunan Province,94.86917120673141,-1.298602024129464,-1.2958999637468938,-1.3886335029113117,-1.1997298160209353,1000,-1.0843461405032884,-1.0821159560591682,-1.1822232618766655,-0.9884381106383187,1000
Hunan Province,97.08213947949301,-1.3026516093360627,-1.2998788359448126,-1.3926484778725425,-1.2032988606861807,1000,-1.088679930801022,-1.086417129487586,-1.1871245796875844,-0.9920529093338281,1000
Hunan Province,99.34672861616605,-1.306684907667628,-1.3038271054824926,-1.3968694548706233,-1.2072448145727352,1000,-1.0929983323936718,-1.0906813237037754,-1.192113101823998,-0.9958705842862365,1000
Hunan Province,101.66414275222037,-1.3107020757511656,-1.3078254921619994,-1.401353015671017,-1.2107330719647318,1000,-1.097301484551916,-1.09478769836768,-1.197196960398456,-1.0000137421859239,1000
Hunan Province,104.03561411142427,-1.3147032678897823,-1.3117466611785866,-1.4058203292244367,-1.214371718709998,1000,-1.101589524564709,-1.0989270782336757,-1.2021593671030082,-1.0040918406955572,1000
Hunan Province,106.46240366104679,-1.3186886361087968,-1.315917130014463,-1.4102715432229687,-1.2179539361916198,1000,-1.1058625877773975,-1.102841876959995,-1.2071061683328486,-1.0080585476593893,1000
Hunan Province,108.9458017823442,-1.3226583302007178,-1.3198627389163866,-1.4147068032571357,-1.2213497923322336,1000,-1.1101208076289169,-1.1070543081382158,-1.2120374966927876,-1.0122686922298225,1000
Hunan Province,111.48712895668554,-1.3266124977691078,-1.3238053368506275,-1.4191333534005843,-1.2247307857237708,1000,-1.1143643156880942,-1.1111977632200412,-1.21694321059887,-1.0156480160341117,1000
Hunan Province,114.08773646768408,-1.3305512842713858,-1.327578077854703,-1.4235638081009316,-1.2280970640598485,1000,-1.1185932416890843,-1.1152576401460499,-1.2218253024184687,-1.0190081407342415,1000
Hunan Province,116.74900711970662,-1.3344748330605796,-1.3314405245923076,-1.4279783337935013,-1.231448772805916,1000,-1.1228077135659664,-1.1193619431910462,-1.2266560263398403,-1.0225725432416244,1000
Hunan Province,119.47235597314324,-1.338383285426071,-1.3352950816435527,-1.4323120136252518,-1.23503471927993,1000,-1.127007857486519,-1.1235608080844157,-1.231069589714706,-1.0262180195293293,1000
Hunan Province,122.2592310968281,-1.3422767806333575,-1.3391354702450669,-1.4367674404250077,-1.2381903038554039,1000,-1.1311937978852045,-1.1277860209175787,-1.2354684622524401,-1.0298495469223505,1000
Hunan Province,125.11111433801233,-1.3461554559628608,-1.3429483070665569,-1.4411480507906236,-1.2415079637138706,1000,-1.1353656574953772,-1.1320867773036714,-1.2400955661919912,-1.0334672534576501,1000
Hunan Province,128.02952211029643,-1.3500194467478108,-1.3467736130770738,-1.4455132999288338,-1.244829461825644,1000,-1.1395235573807423,-1.1362063228534476,-1.2448283376330027,-1.0370715184552481,1000
Hunan Province,131.01600619994366,-1.3538688864112225,-1.3506449671231961,-1.4498633222391322,-1.2482249606778668,1000,-1.1436676169660844,-1.1400859128096568,-1.24954779104787,-1.0406770223768271,1000
Hunan Province,134.07215459100124,-1.3577039065020087,-1.3545977036626922,-1.454198250282138,-1.2517207508255255,1000,-1.1477979540672882,-1.1439081467704946,-1.2542540316560813,-1.044269095972944,1000
Hunan Province,137.199592309669,-1.3615246367302316,-1.3583791495758761,-1.4585182148135063,-1.2548957870155872,1000,-1.1519146849206694,-1.1479599308828252,-1.2593552709922742,-1.0478478597327912,1000
Hunan Province,140.39998228836393,-1.3653312050015363,-1.3620868436232973,-1.46282334481706,-1.2582277333177643,1000,-1.1560179242116295,-1.1518702740149065,-1.2645264519549582,-1.0514134324724724,1000
Hunan Province,143.6750262499412,-1.369123737450778,-1.3658690619955849,-1.467220104226172,-1.2615483830392733,1000,-1.1601077851026687,-1.1558050573220935,-1.2696849113990014,-1.0549659313661452,1000
Hunan Province,147.0264656125395,-1.3729023584748685,-1.369573748050165,-1.471788549721301,-1.26485611304469,1000,-1.164184379260752,-1.159991422916725,-1.274677943617583,-1.0586662666638362,1000
Hunan Province,150.45608241553467,-1.3766671907648598,-1.373317314777041,-1.4763426143093934,-1.2681510407968644,1000,-1.1682478168840658,-1.1639180631445116,-1.2794087317649068,-1.0624601884635423,1000
Hunan Province,153.96570026709196,-1.3804183553373024,-1.3770205685514145,-1.4808744634120834,-1.271431705542397,1000,-1.1722982067281744,-1.167691393296517,-1.2841192656434255,-1.0662418213010358,1000
Hunan Province,157.55718531382155,-1.3841559715648664,-1.3806721339834704,-1.4853911604033423,-1.2746976076577108,1000,-1.1763356561315834,-1.1718513609790762,-1.2888038984989514,-1.0700112667040989,1000
Hunan Province,161.23244723305245,-1.3878801572062798,-1.3844393669403063,-1.489893816354371,-1.2779809017077806,1000,-1.180360271040746,-1.1760665397324832,-1.293475034445497,-1.0736423007532094,1000
Hunan Province,164.99344024825385,-1.3915910284355821,-1.3881930699172471,-1.4943825444978809,-1.2813410602733641,1000,-1.1843721560345069,-1.1801466487687953,-1.297900909427909,-1.076774667927906,1000
Hunan Province,168.8421641681406,-1.395288699870714,-1.3918906439487124,-1.4988574566219306,-1.2846400879111384,1000,-1.1883714143480104,-1.1840794654725324,-1.3023901547917407,-1.0798950126844071,1000
Hunan Province,172.78066545001963,-1.3989732846014662,-1.3955089636565752,-1.503318663094934,-1.2878613810351172,1000,-1.1923581478960814,-1.1882003935663337,-1.3072438209360266,-1.0830034421778802,1000
Hunan Province,176.81103828793903,-1.4026448942168075,-1.3990774651691256,-1.507764214369468,-1.291070290885817,1000,-1.1963324572961043,-1.1922042837660085,-1.312058282054078,-1.0863025269621733,1000
Hunan Province,180.93542572622073,-1.4063036388315933,-1.4025351722390527,-1.5121948308180064,-1.2940421538503566,1000,-1.2002944418903891,-1.1961599114318031,-1.3166755497534468,-1.0897146617251556,1000
Hunan Province,185.156020798968,-1.4099496271126886,-1.406024838013184,-1.516525582819914,-1.2972157398607795,1000,-1.2042441997680668,-1.199873232178112,-1.3209906620337317,-1.0931149091014758,1000
Hunan Province,189.47506769615262,-1.4135829663045127,-1.4096545343394964,-1.5208278788699205,-1.3003848728958498,1000,-1.2081818277865068,-1.2038503075837639,-1.3251218229755521,-1.0965058252576496,1000
Hunan Province,193.89486295690432,-1.4172037622540183,-1.4131087775500812,-1.5249480664549258,-1.303542380236726,1000,-1.2121074215922731,-1.2076027569172265,-1.3292405905641989,-1.0998947305907696,1000
Hunan Province,198.41775669063443,-1.4208121194351295,-1.4166451325744358,-1.5290497279459798,-1.3066883618020055,1000,-1.2160210756416387,-1.2115828406009805,-1.3333470612449756,-1.1032720338290352,1000
Hunan Province,203.04615382664483,-1.4244081409726397,-1.420205139510355,-1.5331335679788662,-1.30982291619071,1000,-1.2199228832206552,-1.2154656573643923,-1.337441330275305,-1.1066378309945182,1000
Hunan Province,207.78251539288505,-1.4279919286655935,-1.423929880870538,-1.5372046290223036,-1.3129461407055547,1000,-1.2238129364648058,-1.2195238767199919,-1.3415234917445835,-1.1099922168763598,1000
Hunan Province,212.62935982453996,-1.431563583010167,-1.4273338703739187,-1.5412630118118473,-1.316058131375715,1000,-1.227691326378237,-1.2236984150692356,-1.3457550503194833,-1.1133352850520264,1000
Hunan Province,217.58926430313986,-1.4351232032220476,-1.4309581917199456,-1.5453088158361377,-1.3191589829790853,1000,-1.2315581428525888,-1.2277326277461005,-1.35020594280519,-1.1166671279081057,1000
Hunan Province,222.66486612690946,-1.438670887258341,-1.4345667445886128,-1.5493421393577573,-1.3222487890640655,1000,-1.235413474685435,-1.2318238049609715,-1.3546456351981404,-1.119987836660661,1000
Hunan Province,227.85886411308147,-1.4422067318390053,-1.438064171995102,-1.553336393564322,-1.3253276419708624,1000,-1.2392574095983304,-1.2356616663569342,-1.359074206980797,-1.1232975013751472,1000
Hunan Province,233.1740200329213,-1.4457308324678322,-1.4414221441385064,-1.5572531592910293,-1.3283956328523439,1000,-1.243090034254495,-1.239312994187358,-1.3634917367232149,-1.1267149097830456,1000
Hunan Province,238.6131600802258,-1.4492432834529838,-1.4446856585182952,-1.5611581014292257,-1.3314528516944402,1000,-1.2469114342761212,-1.2429530646838969,-1.3678983020974234,-1.1301364746304883,1000
Hunan Province,244.17917637407817,-1.4527441779270964,-1.4480245561488054,-1.565051310375829,-1.3344993873361097,1000,-1.250721694261338,-1.2468964490964898,-1.3722939798915168,-1.1335471435640199,1000
Hunan Province,249.87502849665435,-1.4562336078669609,-1.451495468316244,-1.5689328754405214,-1.3374272930809379,1000,-1.2545208978008162,-1.2508646288558865,-1.3766788460234707,-1.1365438755091362,1000
Hunan Province,255.70374506690382,-1.4597116641127923,-1.4548347494627172,-1.5728028848634397,-1.3400957622055347,1000,-1.2583091274940428,-1.2548055793074069,-1.3810529755546772,-1.13965982573752,1000
Hunan Province,261.66842535093735,-1.463178436387101,-1.4578732286392897,-1.5766614258325085,-1.3427537783790287,1000,-1.2620864649652606,-1.258580938621293,-1.3854164427032187,-1.1428919885997433,1000
Hunan Province,267.77224090997964,-1.466634013313168,-1.4613144389650563,-1.5805085845004208,-1.3454014324387271,1000,-1.265852990879089,-1.2620475357030587,-1.3897693208568798,-1.1460799754626592,1000
Hunan Province,274.0184372867646,-1.4700784824331419,-1.46493056218088,-1.5843444460012717,-1.3482517654832087,1000,-1.2696087849558273,-1.265398865805376,-1.3941116825859055,-1.149171266562171,1000
Hunan Province,280.41033573126487,-1.4735119302257627,-1.4685519611820839,-1.5881690944668607,-1.3510165271625698,1000,-1.2733539259864544,-1.2691090625718808,-1.3984435996555065,-1.152258561738175,1000
Hunan Province,286.95133496668035,-1.4769344421237225,-1.4718999962416086,-1.5919826130426644,-1.3534927052396302,1000,-1.2770884918473246,-1.2728694320630038,-1.402765143038127,-1.1553459844391778,1000
Hunan Province,293.644912996619,-1.4803461025306743,-1.475400924603294,-1.5957850839034862,-1.356404649910687,1000,-1.2808125595145745,-1.2765284468082456,-1.407076382925474,-1.1584231046440874,1000
Hunan Province,300.4946289544333,-1.4837469948378905,-1.4787893573710105,-1.5997623243089125,-1.3593070904906281,1000,-1.2845262050782453,-1.280221960102819,-1.4113773887403167,-1.1615178975102016,1000
Hunan Province,307.50412499569563,-1.48713720144059,-1.4820627190337237,-1.6039733368655975,-1.3621992610735285,1000,-1.288229503756123,-1.283994163121045,-1.4156682291480545,-1.1648410368400643,1000
Hunan Province,314.67712823481867,-1.4905168037539327,-1.4855545735090185,-1.6081730951229753,-1.3650812449432466,1000,-1.2919225299073094,-1.2877435785446305,-1.419948972068071,-1.1677803522124395,1000
Hunan Province,322.01745272684917,-1.493885882228694,-1.4889368522184676,-1.6122915336397674,-1.3679676277307937,1000,-1.2956053570455277,-1.2910432975615795,-1.424219684684867,-1.1707102287932392,1000
Hunan Province,329.52900149549146,-1.4972445163666255,-1.4922903682416373,-1.6161376288632567,-1.3704729898084949,1000,-1.2992780578521643,-1.2944883040555353,-1.4284804334589876,-1.173630739015254,1000
Hunan Province,337.2157686084375,-1.500592784735513,-1.4955306984406358,-1.6199728126091864,-1.3730612252093695,1000,-1.3029407041890693,-1.2981643093728907,-1.4327255153200733,-1.1766181995425982,1000
Hunan Province,345.08184130110646,-1.5039307649839293,-1.4986221618016695,-1.6237971633059942,-1.3761890399618024,1000,-1.3065933671110899,-1.3016651169971416,-1.43695229541837,-1.1796123613452227,1000
Hunan Province,353.1314021499241,-1.5072585338557034,-1.501886431751292,-1.6276107584945398,-1.3793069918666616,1000,-1.3102361168783847,-1.3055592531249554,-1.4411693104493406,-1.1825968472289612,1000
Hunan Province,361.36873129629873,-1.510576167204101,-1.505147529656759,-1.631413674841704,-1.3821995013487973,1000,-1.3138690229684855,-1.3094105105360139,-1.445376624164147,-1.1855717311227894,1000
Hunan Province,369.79820872247126,-1.5138837400057246,-1.5084974399387652,-1.635205988153727,-1.3848219833642839,1000,-1.3174921540881344,-1.312927267958843,-1.4495742996399255,-1.1885370860837865,1000
Hunan Province,378.4243165804564,-1.5171813263741485,-1.5117412083056432,-1.6389811450779819,-1.387173411678401,1000,-1.3211055781848982,-1.3163119413708164,-1.4537623992895776,-1.1914929843109103,1000
Hunan Province,387.2516415753082,-1.520468999573285,-1.51496546981146,-1.6427439273984294,-1.3895157498790176,1000,-1.324709362458556,-1.3196290711251264,-1.4579409848713814,-1.1944394971585004,1000
Hunan Province,396.28487740397935,-1.5237468320304899,-1.5181038947738124,-1.64649633829744,-1.3918490741897012,1000,-1.32830357337228,-1.323093158518383,-1.4621101174984263,-1.197376695149517,1000
Hunan Province,405.52882725107173,-1.5270148953494203,-1.5213415785630873,-1.6502384502456986,-1.3941734598741684,1000,-1.3318882766636009,-1.3267212614600683,-1.466155073536992,-1.200304647988522,1000
Hunan Province,414.9884063428008,-1.5302732603226408,-1.524548931473015,-1.6539703349161485,-1.3967112181026624,1000,-1.3354635373551653,-1.330235036327478,-1.4704447465048833,-1.2032234245744045,1000
Hunan Province,424.66864456053884,-1.5335219969439906,-1.527819262126123,-1.657692063195882,-1.3994135681323077,1000,-1.3390294197653012,-1.3336544831770325,-1.4746035020045676,-1.2061330930128638,1000
Hunan Province,434.5746891153213,-1.5367611744207141,-1.531073436968346,-1.6614037051978179,-1.4021236121514982,1000,-1.3425859875183768,-1.3370647910905822,-1.4787530682567074,-1.2090337206286468,1000
Hunan Province,444.71180728474013,-1.5399908611853623,-1.5343129445939274,-1.6651053302721521,-1.4048274781481846,1000,-1.3461333035549772,-1.340416717488865,-1.482953877961478,-1.2118093263290641,1000
Hunan Province,455.0853892136792,-1.5432111249074651,-1.5375607466524748,-1.668797007017601,-1.407809062338824,1000,-1.349671430141884,-1.343892554971584,-1.487538563860382,-1.214539140188414,1000
Hunan Province,465.70095078038344,-1.5464220325049898,-1.5406822789327643,-1.6725436709847776,-1.4108304403238985,1000,-1.3532004288818806,-1.3475224650062343,-1.492058638239497,-1.2172605270474801,1000
Hunan Province,476.56413652937835,-1.5496236501555776,-1.5440407386042558,-1.6763540596952222,-1.4138432128083405,1000,-1.3567203607233687,-1.3511409798733265,-1.4963537695404696,-1.219973548398009,1000
Hunan Province,487.6807226728096,-1.5528160433075766,-1.5471824356703374,-1.680154776345164,-1.4168474399563762,1000,-1.360231285969818,-1.3547072975265082,-1.5006404148859989,-1.2226782650387005,1000
Hunan Province,499.05662016179105,-1.5559992766908621,-1.5502572328173476,-1.683945884773281,-1.4198431812753112,1000,-1.3637332642890394,-1.3583296767242508,-1.5049595511899132,-1.2253747370856778,1000
Hunan Province,510.69787782939613,-1.5591734143274618,-1.5532964111558405,-1.687727448149626,-1.4228304956251998,1000,-1.3672263547222894,-1.3618734895759539,-1.5093368974252392,-1.2280630239827588,1000
Hunan Province,522.6106856069655,-1.5623385195419817,-1.556551059792557,-1.6914995289851542,-1.4258094412283406,1000,-1.370710615693215,-1.3652644028602756,-1.5137034173019888,-1.2307431845115355,1000
Hunan Province,534.8013778154409,-1.5654946549718405,-1.5596656259875004,-1.6952621891410724,-1.428780075678597,1000,-1.3741861050166326,-1.3687724001733366,-1.5180462398631056,-1.2334152768012685,1000
Hunan Province,547.2764365334706,-1.5686418825773147,-1.5628354939277187,-1.699015489838028,-1.4315461529867488,1000,-1.3776528799071546,-1.3721348328857361,-1.5223804384205417,-1.236079358338591,1000
Hunan Province,560.042495044085,-1.5717802636514013,-1.565965615002498,-1.702759491665127,-1.4342042903050294,1000,-1.3811109969876583,-1.3754394772212106,-1.5265763249765207,-1.2387354859770359,1000
Hunan Province,573.1063413617694,-1.5749098588295025,-1.5691207632643271,-1.7064942545887987,-1.4368540830563121,1000,-1.3845605122976037,-1.378793727211937,-1.5304343236219513,-1.241383715946389,1000
Hunan Province,586.4749218418111,-1.578030728098929,-1.5722800171101003,-1.7102198379615015,-1.4394955917230599,1000,-1.3880014813012107,-1.382361387869918,-1.534573585971853,-1.2440241038618631,1000
Hunan Province,600.1553448738425,-1.581142930808238,-1.5754376198648798,-1.7139363005302708,-1.442128876115117,1000,-1.3914339588954843,-1.3859627219994544,-1.5387809414802227,-1.2466567047331125,1000
Hunan Province,614.154884661536,-1.5842465256763953,-1.57874041503864,-1.7176437004451257,-1.4447539953796966,1000,-1.394857999418102,-1.3894279241014829,-1.5429802886330048,-1.2492815729730735,1000
Hunan Province,628.480985090472,-1.5873415708017822,-1.5820348233105772,-1.721342095267321,-1.4473710080111875,1000,-1.398273656655164,-1.3928380433326646,-1.5471716731894734,-1.2518987624066504,1000
Hunan Province,643.1412636862285,-1.5904281236710323,-1.5851193061292785,-1.7250315419774598,-1.449979971860785,1000,-1.4016809838488058,-1.396239935069255,-1.5513551404791432,-1.254508326279242,1000
Hunan Province,658.1435156647983,-1.5935062411677148,-1.5880001405560178,-1.7287120969834613,-1.452580944145936,1000,-1.4050800337046818,-1.3996336511164227,-1.555530735407358,-1.2571494876656781,1000
Hunan Province,673.4957180774888,-1.5965759795808643,-1.591055879399748,-1.732383816128397,-1.4551739814596185,1000,-1.4084708583993144,-1.403019242760971,-1.5596939195027832,-1.2598076261946791,1000
Hunan Province,689.2060340525119,-1.5996373946133577,-1.5941382431183118,-1.736036155061467,-1.4577591397794498,1000,-1.411853509587322,-1.4063967607783963,-1.5638472752786892,-1.2624583364284048,1000
Hunan Province,705.2828171355064,-1.602690541390143,-1.597147693669374,-1.739565521800206,-1.460336474476626,1000,-1.4152280384085165,-1.4097662554398276,-1.5679928751786623,-1.2651016683232512,1000
Hunan Province,721.7346157313193,-1.6057354744663257,-1.6002892808218618,-1.7430863482685144,-1.462895984128442,1000,-1.4185944954948864,-1.4132337340800012,-1.5721307626272714,-1.2677376713134727,1000
Hunan Province,738.5701776493927,-1.6087722478351099,-1.6034061415560694,-1.746598687794572,-1.465443686496853,1000,-1.4219529309774512,-1.4167265022813202,-1.5762588888484101,-1.2703663943185228,1000
Hunan Province,755.798454755181,-1.6118009149356058,-1.6064733345755524,-1.7501129912203188,-1.4679021993979615,1000,-1.4253033944930107,-1.4201647850182122,-1.5803766464334155,-1.2729878857502688,1000
Hunan Province,773.4286077300679,-1.6148215286604957,-1.6095279587859916,-1.7537878534694715,-1.4703371143973696,1000,-1.4286459351907683,-1.4235011876509425,-1.5843160262283906,-1.2756021935200776,1000
Hunan Province,791.4700109423204,-1.6178341413635715,-1.6124961512266385,-1.7574542000853317,-1.4727646684217952,1000,-1.4319806017388514,-1.4267654991378216,-1.588067848204619,-1.2782093650457775,1000
Hunan Province,809.9322574316561,-1.6208388048671398,-1.61545638789306,-1.7611120827925246,-1.4751849125636964,1000,-1.4353074423307164,-1.430156372358102,-1.5918100168452582,-1.2808094472585028,1000
Hunan Province,828.8251640100926,-1.6238355704693004,-1.618408720549447,-1.7647615528156413,-1.477597897371932,1000,-1.4386265046914488,-1.433562856933737,-1.5955436844614248,-1.283402486609414,1000
Hunan Province,848.1587764817768,-1.6268244889510979,-1.6214402975980113,-1.7684026608858192,-1.4800036728594852,1000,-1.4419378360839572,-1.4369616411811195,-1.5992022812351063,-1.285988529076306,1000
Hunan Province,867.9433749845753,-1.6298056105835552,-1.6244415840259894,-1.772035457247224,-1.4824022885110537,1000,-1.445241483315064,-1.4403527710836588,-1.6028497319800399,-1.2885676201701017,1000
Hunan Province,888.1894794562695,-1.632778985134583,-1.6275681944807168,-1.7757949569501987,-1.484793793290498,1000,-1.448537492741496,-1.4437229429179084,-1.6064890082652363,-1.2911403476533532,1000
Hunan Province,908.9078552282499,-1.6357446618757747,-1.6305746386400104,-1.779387932225355,-1.4871782356481684,1000,-1.4518259102757738,-1.4469431629729237,-1.6101201585321099,-1.2937120495987746,1000
Hunan Province,930.1095187497,-1.6387026895890826,-1.6335572354103338,-1.782957107955126,-1.4895556635280989,1000,-1.4551067813920058,-1.4501927242373476,-1.6137432307640824,-1.2962769282041848,1000
Hunan Province,951.805743445301,-1.6416531165733883,-1.6365756239378648,-1.7865211487403698,-1.4919261243750737,1000,-1.4583801511315853,-1.4535069001761123,-1.6173582724924906,-1.29883502717622,1000
Hunan Province,974.0080657095784,-1.6445959906509544,-1.6395842626650918,-1.7901254927445116,-1.4942896651415758,1000,-1.4616460641087976,-1.4568366025670265,-1.620965330802395,-1.3013863897857403,1000
Hunan Province,996.7282910410737,-1.6475313591737748,-1.6424453855478327,-1.7937177777163458,-1.4966463322946117,1000,-1.464904564516331,-1.460033026822054,-1.6245644523382998,-1.3039708323561015,1000
Hunan Province,1019.9785003196105,-1.6504592690298159,-1.6451446711241933,-1.7976965186395533,-1.4989961718224216,1000,-1.468155696130703,-1.463322326629262,-1.6285932149001179,-1.3066858973377864,1000
Hunan Province,1043.7710562299771,-1.6533797666491536,-1.6480598834950628,-1.801695613391637,-1.5013392292410659,1000,-1.4713995023175923,-1.466629499154401,-1.6324466330164986,-1.3093941101190463,1000
Hunan Province,1068.1186098354624,-1.6562928980100113,-1.6507745374048195,-1.8055996335218552,-1.5036755496009142,1000,-1.4746360260370912,-1.4698543166300597,-1.6361016806676978,-1.3120955131392003,1000
Hunan Province,1093.034107304723,-1.6591987086446924,-1.6536452379964075,-1.8088418450889094,-1.5060051774930048,1000,-1.4778653098488697,-1.473053452924748,-1.6397488074825342,-1.3147901484264215,1000
Hunan Province,1118.5307967955664,-1.6620972436454249,-1.6565796310767262,-1.8120634780183018,-1.508160539468121,1000,-1.4810873959172564,-1.476263913608057,-1.6433880589324608,-1.317478057603116,1000
Hunan Province,1144.6222354993088,-1.664988547670098,-1.6594137945693603,-1.8152772129231487,-1.5102882162004452,1000,-1.4843023260162402,-1.4793043241825807,-1.6470194800721374,-1.3198484348520887,1000
Hunan Province,1171.3222968494574,-1.6678726649479148,-1.6622408023032642,-1.8184854054728272,-1.5124095009810985,1000,-1.4875101415343923,-1.4823816005561667,-1.6506431155446513,-1.322103111042179,1000
Hunan Province,1198.6451778985356,-1.6707496392849481,-1.6651622066372518,-1.8216954568499706,-1.5145244369068356,1000,-1.4907108834797052,-1.4855048146300318,-1.6542590095866436,-1.3243515201693432,1000
Hunan Province,1226.605406866995,-1.6736195140696057,-1.6681357716043594,-1.8250836476564456,-1.5166330666317862,1000,-1.4939045924843624,-1.4886770786665195,-1.6580857623796017,-1.3265937026550054,1000
Hunan Province,1255.217850868213,-1.6764823322780091,-1.6709497456852422,-1.8285710712912957,-1.518740429965296,1000,-1.4970913088094269,-1.4918599610289387,-1.6621495041439662,-1.3289677492104728,1000
Hunan Province,1284.497723813686,-1.6793381364792852,-1.6737472762655825,-1.8320510736113735,-1.520844219366334,1000,-1.5002710723494588,-1.4950359838888612,-1.6662060774673781,-1.331430767480154,1000
Hunan Province,1314.460594502625,-1.6821869688407696,-1.676613369545469,-1.8355236963327062,-1.5234275055860969,1000,-1.5034439226370586,-1.498149972996476,-1.6702555195382323,-1.333887583451426,1000
Hunan Province,1345.1223949002585,-1.6850288711331316,-1.6792837484123804,-1.8389889807970872,-1.5260565762806224,1000,-1.5066098988473433,-1.5012162663956383,-1.6742978672290019,-1.3363382348739175,1000
Hunan Province,1376.4994286092262,-1.6878638847354135,-1.6819998828494334,-1.842446967976655,-1.5286846539139456,1000,-1.5097690398023473,-1.5041069504250193,-1.6783331570999447,-1.3387827591392718,1000
Hunan Province,1408.6083795385944,-1.69069205063999,-1.6847856779826083,-1.8459609659180982,-1.5312016929665369,1000,-1.5129213839753577,-1.5071445404951862,-1.6823614254027621,-1.3412211932857245,1000
Hunan Province,1441.4663207750823,-1.6935134094574513,-1.6875638656619438,-1.8496144860906527,-1.5334543303883155,1000,-1.516066969495184,-1.5101753172019388,-1.6863827080841927,-1.3436535740026043,1000
Hunan Province,1475.090723661225,-1.6963280014214044,-1.690211298490175,-1.8532607459873518,-1.535700815936717,1000,-1.519205834150359,-1.5131993194629707,-1.6903927086620483,-1.3460799376347639,1000
Hunan Province,1509.4994670853025,-1.6991358663932041,-1.6928000556758682,-1.8568783997574148,-1.5379411883839809,1000,-1.5223380153932777,-1.5162165858445327,-1.694395158508149,-1.3484708152249243,1000
Hunan Province,1544.710846987959,-1.7019370438666044,-1.695344474562215,-1.8603246029147644,-1.5401754861266805,1000,-1.5254635503442688,-1.5192588531191553,-1.6983907284956723,-1.3506673299084226,1000
Hunan Province,1580.7435860905916,-1.7047315729723407,-1.6978824317742691,-1.8637636478269588,-1.5424037471905951,1000,-1.5285824757956097,-1.5223805292408528,-1.7023794534094188,-1.3528579883359544,1000
Hunan Province,1617.6168438506609,-1.7075194924826385,-1.7004139663189475,-1.8671955736678798,-1.5446260092355004,1000,-1.5316948282154743,-1.5254956349214213,-1.706361367746128,-1.3550468627663517,1000
Hunan Province,1655.3502266492274,-1.7103008408156517,-1.702939116837919,-1.87062041926939,-1.5468423095598856,1000,-1.5348006437518253,-1.5286265013645768,-1.710336505717774,-1.3572303238780286,1000
Hunan Province,1693.963798216125,-1.7130756560398335,-1.7054579216122034,-1.874038223125413,-1.5490526851055926,1000,-1.5378999582362454,-1.531751198999388,-1.7143049012548186,-1.359408033477421,1000
Hunan Province,1733.4780902983257,-1.7158439758782391,-1.708026354475877,-1.8774490233959409,-1.5512571724623798,1000,-1.540992807187711,-1.5348496544336654,-1.7181972718026655,-1.3615800268040112,1000
Hunan Province,1773.9141135771447,-1.7186058377127584,-1.710718143901453,-1.880852857910992,-1.5534558078724146,1000,-1.5440792258163099,-1.5380109104171797,-1.7218827549098312,-1.363748134275413,1000
Hunan Province,1815.2933688401208,-1.7213612785882906,-1.7134035048121619,-1.8842497641745024,-1.5556486272346954,1000,-1.5471592490269006,-1.5407802898974863,-1.725561315040529,-1.3659190126444851,1000
Hunan Province,1857.6378584134918,-1.7241103352168476,-1.7162050721751965,-1.8877027208610624,-1.5578356661094008,1000,-1.550232911422722,-1.5435217512946526,-1.7292329880512658,-1.3680842756306877,1000
Hunan Province,1900.9700978613503,-1.7268530439816014,-1.7191040496657108,-1.8911780614241804,-1.5600169597221731,1000,-1.5533002473089443,-1.5464272577035485,-1.7328978094988536,-1.3706290718389957,1000
Hunan Province,1945.3131279576971,-1.729589440940862,-1.7220507885193195,-1.894646641894586,-1.5621925429683305,1000,-1.5563612906961677,-1.5493713877471622,-1.736555814643846,-1.3730201719589472,1000
Hunan Province,1990.6905269377744,-1.7323195618320024,-1.7247623567770556,-1.8981084976347762,-1.5643624504170168,1000,-1.5594160753038733,-1.552555428719271,-1.7402070384539265,-1.3751873974554327,1000
Hunan Province,2037.1264230351558,-1.7350434420753198,-1.7275088882908114,-1.9015636637105118,-1.5665267163152847,1000,-1.5624646345638187,-1.5559585505020337,-1.7438515156072472,-1.3773491775106919,1000
Hunan Province,2084.645507311306,-1.7377611167778386,-1.7302199532245262,-1.905012174894223,-1.5686853745921148,1000,-1.565507001623384,-1.559312127294977,-1.7474892804957196,-1.3795075104774215,1000
Hunan Province,2133.2730467844,-1.7404726207370582,-1.7329275665593862,-1.9084540656683715,-1.5708384588623712,1000,-1.5685432093488731,-1.5624891517173283,-1.7511203672282576,-1.3816663010084977,1000
Hunan Province,2183.034897864388,-1.7431779884446426,-1.735761723100714,-1.911889370228755,-1.5729860024307003,1000,-1.5715732903287596,-1.5655531882437832,-1.7547448096339728,-1.3838197373661711,1000
Hunan Province,2233.957520101469,-1.7458772540900565,-1.7384287730827488,-1.915318122487773,-1.575128038295362,1000,-1.574597276876892,-1.5686129507209392,-1.7583626412653293,-1.386111372407166,1000
Hunan Province,2286.067990255245,-1.7485704515641456,-1.7412038155007505,-1.9187403560776382,-1.5772645991520093,1000,-1.5776152010356481,-1.571647131547639,-1.7619738954012452,-1.3885057980750026,1000
Hunan Province,2339.3940166920806,-1.7512576144626633,-1.7440491072546473,-1.9221561043535458,-1.5793957173974034,1000,-1.5806270945790446,-1.5745586834848009,-1.7655786050501547,-1.3909094188272713,1000
Hunan Province,2393.9639541182933,-1.7539387760897476,-1.7468883229780525,-1.9255654003967975,-1.5815214251330774,1000,-1.583632989015804,-1.5774642253154725,-1.76917680295303,-1.393325287659617,1000
Hunan Province,2449.8068186570204,-1.7566139694613436,-1.7497214954035332,-1.9289682770178775,-1.5836530999619127,1000,-1.5866329155923715,-1.5804127348668158,-1.7727685215863533,-1.3957159433720845,1000
Hunan Province,2506.9523032767725,-1.7592832273085786,-1.7525486569853979,-1.9323647667594903,-1.5858323290119154,1000,-1.5896269052958976,-1.583366882667342,-1.7763537931650513,-1.398101229373318,1000
Hunan Province,2565.430793579896,-1.761946582081084,-1.7553502494125373,-1.9357549018995501,-1.5880062163453066,1000,-1.5926149888571692,-1.5863151816912624,-1.7799326496453864,-1.4004811752052946,1000
Hunan Province,2625.273383959301,-1.7646040659502724,-1.7579970724872815,-1.939138714454132,-1.5901747926533898,1000,-1.595597196753502,-1.5892576621724595,-1.783503133243079,-1.4028558101555297,1000
Hunan Province,2686.5118941320907,-1.7672557108125624,-1.7606380134491184,-1.9425162361803776,-1.5923380883548268,1000,-1.5985735592115953,-1.5922815986039023,-1.787067009138945,-1.4052251632600383,1000
Hunan Province,2749.1788860588554,-1.7699015482925613,-1.763286666723566,-1.945887498579363,-1.594496133598893,1000,-1.6015441062103397,-1.5953428491888053,-1.7907880216459613,-1.4075892633062541,1000
Hunan Province,2813.307681257635,-1.7725416097461981,-1.7659979111612074,-1.949252532898927,-1.5966489582686791,1000,-1.6045088674835908,-1.5982758637939798,-1.7945050446534803,-1.4099510328294294,1000
Hunan Province,2878.932378521753,-1.7751759262638123,-1.768683156414362,-1.9526113701364558,-1.5987965919842486,1000,-1.6074678725228984,-1.6011679884822665,-1.7982159562297086,-1.412307711059762,1000
Hunan Province,2946.08787205096,-1.7778045286731983,-1.7713680448145555,-1.9559640410416328,-1.6009390641057468,1000,-1.6104211505802053,-1.6041172603377665,-1.8019207852651136,-1.4146592229141253,1000
Hunan Province,3014.8098700054866,-1.7804274475426043,-1.7739992336789725,-1.9593105761191507,-1.6030764037364633,1000,-1.613368730670497,-1.6069490677994653,-1.80561956042746,-1.4170055961775787,1000
Hunan Province,3085.134913492927,-1.783044713183692,-1.776747176252934,-1.9626510056313802,-1.6052086397258531,1000,-1.6163106415744244,-1.6098104207430466,-1.8093123101641782,-1.419346858401061,1000
Hunan Province,3157.100395998003,-1.7856563556544487,-1.7793906647761535,-1.9659853596010088,-1.6073358006725078,1000,-1.619246911840885,-1.6126800132610395,-1.8129990627047026,-1.421685426078504,1000
Hunan Province,3230.744583265561,-1.7882624047620628,-1.7819368127098147,-1.9693136678136398,-1.6094579149270873,1000,-1.6221775697895686,-1.6155440439314872,-1.816679846062775,-1.4240192313974438,1000
Hunan Province,3306.106633647381,-1.7908628900657557,-1.7844774122514602,-1.9726359598203556,-1.6115750105952074,1000,-1.6251026435134697,-1.6184525161390353,-1.8203546880387211,-1.4263480045057917,1000
Hunan Province,3383.2266189235816,-1.7934578408795727,-1.7869354303685676,-1.975952264940247,-1.6136871155402865,1000,-1.6280221608813603,-1.6214152377344448,-1.8240236162216892,-1.428671772047751,1000
Hunan Province,3462.1455456097387,-1.7960472862751373,-1.7893855307420234,-1.9792626122629084,-1.6157942573863466,1000,-1.630936149540237,-1.6244015882269716,-1.8276866579918685,-1.4309905604463997,1000
Hunan Province,3542.905376761018,-1.7986312550843644,-1.7918302353108557,-1.9825670306508953,-1.6178964635207818,1000,-1.633844636917724,-1.6274135437636401,-1.8313438405226707,-1.4333043959061695,1000
Hunan Province,3625.549054284918,-1.8012097759021357,-1.7942695728446252,-1.9858655487421542,-1.6199937610970778,1000,-1.6367476502244522,-1.6302865558820065,-1.8349951907828863,-1.4356133044152977,1000
Hunan Province,3710.1205217744946,-1.8037828770889393,-1.7967035718734066,-1.9891581949524149,-1.6220861770374995,1000,-1.6396452164564013,-1.6333424674869774,-1.8386407355388095,-1.4379173117482364,1000
Hunan Province,3796.6647478742193,-1.806350586773469,-1.7992654678737687,-1.992444997477554,-1.624173738035736,1000,-1.6425373623972095,-1.6364077706907558,-1.8422805013563384,-1.440216443468034,1000
Hunan Province,3885.227750190846,-1.8089129328551912,-1.8019126436048742,-1.9957259842959216,-1.6262564705595077,1000,-1.6454241146204551,-1.6394677254552614,-1.8459145146030433,-1.4425107249286806,1000
Hunan Province,3975.8566197620753,-1.8114699430068721,-1.8045511517072663,-1.9990011831706453,-1.6283344008531395,1000,-1.6483054994919024,-1.642455182501806,-1.8495428014502124,-1.4448001812774214,1000
Hunan Province,4068.5995460959625,-1.8140216446770752,-1.8071571214140674,-2.002270621651892,-1.6304075549400943,1000,-1.651181543171723,-1.6452892603218567,-1.853165387874867,-1.447084837457038,1000
Hunan Province,4163.5058427944205,-1.8165680650926173,-1.8097485416101207,-2.0055343270791117,-1.632475958625471,1000,-1.6540522716166814,-1.6480689739660257,-1.8567822996617531,-1.4493647182080973,1000
Hunan Province,4260.625973774416,-1.819109231260997,-1.8121381836677644,-2.0087923265832406,-1.6345396374984673,1000,-1.6569177105822954,-1.6509330532056312,-1.8603935624053045,-1.4516398480711714,1000
Hunan Province,4360.011580100847,-1.8216451699727871,-1.8145380433286769,-2.0120446470888824,-1.6365986169348106,1000,-1.6597778856249659,-1.653862389226612,-1.863999201511582,-1.4539102513890232,1000
Hunan Province,4461.715507445286,-1.8241759078039927,-1.8168910940438106,-2.0152913153164578,-1.638652922099149,1000,-1.6626328221040787,-1.6567851994158622,-1.8675992422001872,-1.4561759523087667,1000
Hunan Province,4565.791834185288,-1.8267014711183802,-1.819223348069281,-2.0185323577843244,-1.6407025779474138,1000,-1.6654825451840756,-1.6596244214950922,-1.8711937095061535,-1.4584369747839945,1000
Hunan Province,4672.295900159139,-1.8292218860697727,-1.8215505888386703,-2.021767800810874,-1.6427476092291464,1000,-1.6683270798365046,-1.6624577988966713,-1.8747826282818054,-1.4606920861871167,1000
Hunan Province,4781.284336091342,-1.8317371786043133,-1.8238728423053225,-2.0249976705165946,-1.644788040489794,1000,-1.6711664508420336,-1.6653222429942,-1.878366023198605,-1.4628597959171386,1000
Hunan Province,4892.815093704534,-1.8342473744627013,-1.8263116839799147,-2.028221992826112,-1.646823896072973,1000,-1.674000682792447,-1.6682053056233683,-1.8819439187489664,-1.4650229880164087,1000
Hunan Province,5006.947476533754,-1.8367524991823942,-1.8288322129732735,-2.0314407934701992,-1.6488552001226988,1000,-1.6768298000926078,-1.6709273505338218,-1.8855163392480492,-1.4671816854400175,1000
Hunan Province,5123.742171459548,-1.8392525780997804,-1.8313477429948917,-2.0346540979877688,-1.65088197658559,1000,-1.6796538269624008,-1.6737430651164056,-1.8890833088355299,-1.4693396368942169,1000
Hunan Province,5243.261280976617,-1.8417476363523273,-1.8338582987881877,-2.0378579587264056,-1.6529042492130355,1000,-1.6824727874386445,-1.6765537366332826,-1.8926448514773526,-1.47149500710275,1000
Hunan Province,5365.56835621517,-1.844237698880694,-1.8364133369097648,-2.041050752269884,-1.6549220415633383,1000,-1.685286705376982,-1.6793894433779468,-1.8962009909674502,-1.4736459499751158,1000
Hunan Province,5490.72843073256,-1.8467227904308208,-1.8390722030472322,-2.0442381269749457,-1.6569353770038246,1000,-1.6880956044537452,-1.6822503615911173,-1.8997517509294537,-1.4757924877246542,1000
Hunan Province,5618.808055093179,-1.8492029355559882,-1.8417260304830867,-2.047420107655549,-1.6589442787129276,1000,-1.6908995081677962,-1.6851063215301012,-1.9032971548183746,-1.4779346423901514,1000
Hunan Province,5749.8753322549355,-1.851678158618849,-1.8442817273719445,-2.0505967189430048,-1.6609487696822407,1000,-1.6936984398423425,-1.6879573460759818,-1.9068372259222632,-1.4800724358376924,1000
Hunan Province,5883.999953781219,-1.8541484837934348,-1.846722561081246,-2.053767985287818,-1.6629488727185442,1000,-1.6964924226267317,-1.6908034579406614,-1.910371987363854,-1.4822058897624943,1000
Hunan Province,6021.253236897546,-1.8566139350671333,-1.8491584734949509,-2.05693393096151,-1.6649446104458032,1000,-1.6992814794982212,-1.6936446796685725,-1.9139014621021824,-1.4843350256907104,1000
Hunan Province,6161.708162412614,-1.8590745362426435,-1.8515894889605506,-2.06009458005841,-1.6669360053071398,1000,-1.702065633263725,-1.696481033638367,-1.917425672934189,-1.486459864981213,1000
Hunan Province,6305.439413523907,-1.8615303109399,-1.8539870398430276,-2.063249956497429,-1.6689230795667775,1000,-1.704844906561538,-1.6993125420645843,-1.920944642496295,-1.4885804288273516,1000
Hunan Province,6452.523415528545,-1.8639812825979771,-1.8563054589959294,-2.066400084023813,-1.6709058553119607,1000,-1.707619321863042,-1.7021392269992979,-1.9244583932659685,-1.4906967382586895,1000
Hunan Province,6603.038376460375,-1.8664274744769642,-1.8586191414108328,-2.0695449862108677,-1.6728843544548462,1000,-1.7103889014743814,-1.7048148447231175,-1.9279669475632606,-1.4928088141427136,1000
Hunan Province,6757.064328675056,-1.8688689096598194,-1.8609281105227125,-2.072684686461665,-1.6748585987343725,1000,-1.7131536675381283,-1.7075260269666561,-1.931470327552332,-1.4949166771865265,1000
Hunan Province,6914.683171405141,-1.871305611054197,-1.8632323895853604,-2.075819208010732,-1.6768286097181024,1000,-1.7159136420349177,-1.710337715527931,-1.9349685552429539,-1.4970203479385142,1000
Hunan Province,7075.978714307829,-1.8737376013942515,-1.8655320016732813,-2.078948573925708,-1.6787944088040394,1000,-1.7186688467850653,-1.7131441014720474,-1.9384616524919958,-1.4991601739455216,1000
Hunan Province,7241.03672202856,-1.8761649032424212,-1.8678269696835574,-2.0820728071089953,-1.6807560172224238,1000,-1.721419303450169,-1.7159468483214475,-1.9419496410048884,-1.5015021864449218,1000
Hunan Province,7409.94495980406,-1.8785875389911846,-1.8702170049260787,-2.085191930299375,-1.682713456037502,1000,-1.7241650335346799,-1.7187443351714096,-1.9454325423370782,-1.5038399651240935,1000
Hunan Province,7582.793240129217,-1.881005530864795,-1.8725970651973214,-2.088305966073613,-1.6846667461492726,1000,-1.7269060583874647,-1.7215371304800187,-1.9489103778954548,-1.506173529562699,1000
Hunan Province,7759.673470512497,-1.883418900920997,-1.8749725207028451,-2.091414936848043,-1.6866159082952117,1000,-1.729642399203342,-1.72426109378427,-1.9523831689397668,-1.5085028991967508,1000
Hunan Province,7940.679702345331,-1.8858276710527142,-1.877343393467783,-2.094518864880127,-1.6885609630519745,1000,-1.732374077024601,-1.7269460654288626,-1.9558509365840169,-1.5108280933200446,1000
Hunan Province,8125.908180911453,-1.8882318629897221,-1.8797825341962615,-2.0976177722699996,-1.6905019308370712,1000,-1.7351011127425007,-1.7295181030916504,-1.9593137017978446,-1.5131491310855771,1000
Hunan Province,8315.457396562822,-1.8906314983002945,-1.882363285342893,-2.100711680961994,-1.6924388319105277,1000,-1.7378235270987532,-1.7320855496249572,-1.9627714854078895,-1.5154660315069455,1000
Hunan Province,8509.428137089213,-1.8930265983928316,-1.8849394048824162,-2.103800612746146,-1.6943716863765184,1000,-1.7405413406869839,-1.734648425992582,-1.9662243080991346,-1.5177788134597283,1000
Hunan Province,8707.9235413095,-1.895417184517467,-1.8874269506346715,-2.1066761568886494,-1.6963005141849816,1000,-1.7432545739541785,-1.7372753948209567,-1.9696721904162424,-1.520010570710595,1000
Hunan Province,8911.049153912983,-1.8978032777676546,-1.8898277301478594,-2.1094848299406337,-1.6981800944460723,1000,-1.7459632472021076,-1.7398998132454517,-1.9731151527648652,-1.5221446502802807,1000
Hunan Province,9118.912981580002,-1.900184899081734,-1.892223985195077,-2.112288625531292,-1.6999459652189484,1000,-1.7486673805887394,-1.7424929108872118,-1.976553215412948,-1.5241773727597865,1000
Hunan Province,9331.625550411616,-1.9025620692444782,-1.8945305560514432,-2.1150875655209074,-1.7017080261722424,1000,-1.7513669941296273,-1.7450815271525446,-1.9799863984920105,-1.5261846993642725,1000
Hunan Province,9549.29996469898,-1.9049348088886218,-1.8968188561191457,-2.1178816716139353,-1.7034662963193827,1000,-1.7540621076992895,-1.747665682053468,-1.983414721998416,-1.5281880653506035,1000
Hunan Province,9772.05196706351,-1.9073031384963675,-1.8991027796452444,-2.120670965360518,-1.7052207945273685,1000,-1.7567527410325634,-1.7503059349879506,-1.9868382057946266,-1.5301874895575271,1000
Hunan Province,10000.0,-1.9096670784008767,-1.9013853756920995,-2.12345546815798,-1.7069715395182863,1000,-1.7594389137259505,-1.7529899161858271,-1.9902568696104375,-1.5321829906838538,1000
Guizhou Province,1.01,1.2278136258581365,1.223003702099989,1.12090597365249,1.333614289671233,1000,1.3019259066042077,1.2985992006103064,1.2175391351576366,1.3885853148076048,1000
Guizhou Province,1.0335597921543838,0.9640209239712791,0.962005017453144,0.8858633254176123,1.0408147998193202,1000,1.0891714980498879,1.0895982322204523,1.0249559077070844,1.1550254456921252,1000
Guizhou Province,1.0576691524338744,0.8336747633879786,0.8322809003780208,0.7641454201163524,0.9006465483197694,1000,0.9786580616537055,0.9795514362940742,0.9209337575883008,1.038866706495618,1000
Guizhou Province,1.0823409003541173,0.7431979829711493,0.7426231595944532,0.6790788484408897,0.8057575471389815,1000,0.8994624622889709,0.9006450310571299,0.8422555594811817,0.9579788000059761,1000
Guizhou Province,1.1075881544655348,0.6726949352972402,0.6724895569601231,0.6112188957025816,0.7328738043975644,1000,0.8361756029725382,0.8370629682072407,0.7796762210050584,0.8937059219748318,1000
Guizhou Province,1.133424339328768,0.6143602124020839,0.614524970179651,0.5555632540385135,0.6728899419996353,1000,0.7826775745484844,0.7840767147387008,0.7260615461995206,0.8404998466532246,1000
Guizhou Province,1.1598631926528329,0.5642808837796531,0.5643273778690461,0.5070468831974988,0.6228162778820943,1000,0.7358728772660306,0.7373302595195153,0.6798327256905409,0.7933278769881579,1000
Guizhou Province,1.1869187725997843,0.5202012351151571,0.5201747359740783,0.4645169949818322,0.5783549705933282,1000,0.6939645169933342,0.6958182895835608,0.6390073901585631,0.7511294844156373,1000
Guizhou Province,1.2146054652597715,0.4806961500541464,0.4810856630566853,0.42655500821466563,0.5374521773669017,1000,0.6558107993644761,0.6578948227013278,0.6017301919895022,0.7116787464064472,1000
Guizhou Province,1.2429379923004635,0.444804709691296,0.4452476835382334,0.3916657635655904,0.5009752758627714,1000,0.6206384233888197,0.6229451416525997,0.5665653336684557,0.6755283216057884,1000
Guizhou Province,1.2719314187949051,0.41184659622610575,0.4124064933548292,0.35910120912056187,0.46747295287756524,1000,0.5878979442137926,0.590435737225258,0.5341694528378969,0.642780320939623,1000
Guizhou Province,1.3016011612319731,0.38132149901318096,0.3820747626253888,0.3291340590104586,0.4363329905085231,1000,0.5571842081411305,0.559662220502037,0.5038657230992243,0.611498302950717,1000
Guizhou Province,1.3319629957136858,0.35285010141490003,0.35353194423318746,0.30104241978258106,0.40730617547413156,1000,0.5281894819554864,0.5307496986128596,0.4763518145031856,0.5814852601212873,1000
Guizhou Province,1.3630330663437302,0.32613753691446407,0.3271198617845749,0.276191378932296,0.37981094620672223,1000,0.5006743204474848,0.5031032162855718,0.44976473556178476,0.5523665149418999,1000
Guizhou Province,1.3948278938116616,0.300949742210191,0.3018610856564027,0.25199648686660364,0.35395214247926354,1000,0.4744486525934223,0.4771489213431882,0.42451834412500705,0.5253344384924352,1000
Guizhou Province,1.4273643841773445,0.2770975870079704,0.27767479428675534,0.2289374962214189,0.3293218006606932,1000,0.44935905023715444,0.4520917911773862,0.3997372105678685,0.4994825751447748,1000
Guizhou Province,1.4606598378603033,0.25442588967765073,0.25503230471948496,0.20614994105605322,0.3048424950525514,1000,0.42527989334341393,0.42769133918558644,0.37640566812998827,0.47560629546509015,1000
Guizhou Province,1.4947319588387633,0.2328056111620526,0.2334863461257583,0.1848306559100705,0.2825316010418682,1000,0.40210707765253895,0.40421373294691554,0.35431962660077243,0.4526370916451209,1000
Guizhou Province,1.5295988640632745,0.21212817888580268,0.21315717445891752,0.1650050273487682,0.2603850748103901,1000,0.37975343131073086,0.38158640151603007,0.33338426651747705,0.43012812793617816,1000
Guizhou Province,1.5652790930899205,0.19230127544020412,0.19344958619697014,0.14583066746603623,0.2405157753834935,1000,0.3581453104150235,0.36003453259299645,0.3120204225930797,0.40677082603837755,1000
Guizhou Province,1.601791617938238,0.1732456574398074,0.1743355396848978,0.12682379585098874,0.22093800361280183,1000,0.3372200266044895,0.3389360320878956,0.29153472645320183,0.38548125800935185,1000
Guizhou Province,1.6391558531790886,0.15489271317623474,0.15570090892173968,0.10939230319599204,0.20098404615500934,1000,0.31692387399775546,0.31894702181474194,0.27206953250206917,0.3646039990618575,1000
Guizhou Province,1.6773916662578423,0.13718255905742094,0.13815947421635033,0.09245490953592428,0.18221584932604318,1000,0.2972105959642429,0.29917722102724387,0.25304429037808407,0.34461296338450376,1000
Guizhou Province,1.7165193880583673,0.12006253439717132,0.12144689579801901,0.07600119539036944,0.16533629243718256,1000,0.2780401803731454,0.27988358606654606,0.23486092179752724,0.3248699961903307,1000
Guizhou Province,1.7565598237134417,0.10348599355752107,0.10465290231371835,0.05948345615675513,0.14821167657481152,1000,0.2593779044859186,0.2610155462471457,0.21676578467867286,0.3061729129017356,1000
Guizhou Province,1.7975342636673326,0.08741132052979239,0.08840561421028231,0.043543039496399615,0.1314651331629536,1000,0.24119357330604602,0.2426087354664761,0.19932513452537812,0.287199515905121,1000
Guizhou Province,1.8394644949964274,0.07180110740328555,0.07259506210434885,0.028302843045813635,0.11568303836491366,1000,0.2234609117580657,0.2248451865358227,0.18181806561813396,0.26895743027869407,1000
Guizhou Province,1.8823728129939368,0.0566214455211612,0.05727878337847668,0.013020572461125876,0.10000929658147695,1000,0.206157084514768,0.20751496017324386,0.16412825739044978,0.2511764391448649,1000
Guizhou Province,1.926282033024828,0.04184127131617934,0.042358687779538357,-0.0016490940189239633,0.08431724141962328,1000,0.18926233141202647,0.19050747264702877,0.1469064398517993,0.23338365644207082,1000
Guizhou Province,1.971215502657292,0.02743165637010695,0.027842247547766277,-0.015809297491054138,0.07007246119798305,1000,0.17275973172102846,0.1737583877826565,0.1305712382720322,0.21614366122101958,1000
Guizhou Province,2.0171971140771983,0.013364419689001174,0.013663209495077096,-0.03020479911245584,0.05641381670593316,1000,0.15663522177438946,0.1571528013558248,0.11495020770741665,0.19955506825887276,1000
Guizhou Province,2.0642513167921304,-0.00038991074968070666,-0.0003154681360094322,-0.04399059858925255,0.04306407656984874,1000,0.14087731732224223,0.14137666265407448,0.09921791344162231,0.18397869936039535,1000
Guizhou Province,2.11240313063177,-0.0138550845172093,-0.013273504636889599,-0.05715579785705198,0.02902665984406245,1000,0.125474080903588,0.12600503841373822,0.08428409053694169,0.16920929005532098,1000
Guizhou Province,2.1616781590515264,-0.027050140718739984,-0.026356598250366625,-0.07041515558192216,0.015998434049879332,1000,0.11041279461985368,0.11083808919188079,0.06918924915419451,0.1542922520173739,1000
Guizhou Province,2.2121026027465014,-0.03999155188860694,-0.039191815367175566,-0.08342898977175867,0.003027751849596712,1000,0.09568063094021824,0.09608442522348917,0.0548671742253243,0.1399986671613408,1000
Guizhou Province,2.2637032735830154,-0.052693894512469544,-0.05186508466732287,-0.09588362639386619,-0.010054006688199097,1000,0.08126493663255764,0.08135112486561064,0.039960566350025664,0.12567830880587977,1000
Guizhou Province,2.3165076088551086,-0.06517023004796356,-0.0647312738477242,-0.1083279493940023,-0.022069898682872433,1000,0.06715338259971078,0.0670247773855544,0.02595775646983837,0.1118156471340368,1000
Guizhou Province,2.370543685873599,-0.07743236302654002,-0.07742462490489306,-0.12119075551498072,-0.034349608000167973,1000,0.05333404779653546,0.05290618478795922,0.011820455605726697,0.09868281666300177,1000
Guizhou Province,2.4258402368954495,-0.08949103127451459,-0.08915655830759243,-0.1333500751097907,-0.045879114637818144,1000,0.0397954651219278,0.03957995400068129,-0.0022026666756901864,0.08580739894383024,1000
Guizhou Province,2.482426664401388,-0.10135605322341956,-0.1012285458082246,-0.1454197212409398,-0.05720100662533327,1000,0.026526643657973026,0.026099438541728442,-0.016050945869785026,0.07318254266443051,1000
Guizhou Province,2.5403330567299,-0.11303644575523472,-0.11295514104117704,-0.1572295523412512,-0.0683654036736381,1000,0.013517075614739138,0.013266820355318745,-0.02937874675519511,0.06101499144417042,1000
Guizhou Province,2.5995902040759065,-0.12454052066531024,-0.12448439265099911,-0.16977306014819044,-0.07938793845816773,1000,0.000756733210696553,0.0007754243865031318,-0.04189679619616536,0.048623417244053176,1000
Guizhou Province,2.66022961486264,-0.1358759649886263,-0.13604488707098789,-0.1820995873922792,-0.09028334430304033,1000,-0.011763941081536444,-0.01217299408483008,-0.055133591361793625,0.036670587375530896,1000
Guizhou Province,2.7222835324954127,-0.14704990878932958,-0.14753020457749536,-0.19359081606392747,-0.1010488551837583,1000,-0.024054048604462475,-0.02446725075137618,-0.06812993006364976,0.024792800224793986,1000
Guizhou Province,2.7857849525061984,-0.15806898299056174,-0.15881056154152276,-0.20464380448743433,-0.11146879124728824,1000,-0.03612225129915697,-0.03658090742369824,-0.08023370936853386,0.013308040154491732,1000
Guizhou Province,2.850767640098135,-0.1689393691507687,-0.16977586390761876,-0.2152864066064742,-0.12135929584718538,1000,-0.04797679008440467,-0.048568329527158574,-0.09261782082540648,0.0020068453819193093,1000
Guizhou Province,2.9172661480992788,-0.17966684263366725,-0.1806597484245661,-0.2264087859910539,-0.13165210128764132,1000,-0.059625504045263206,-0.060178407659049055,-0.10467285150896062,-0.009164266090564591,1000
Guizhou Province,2.985315835335159,-0.19025681029402042,-0.1912101868733853,-0.23766466238535996,-0.14184104289380034,1000,-0.07107584987811891,-0.07156902495965238,-0.11646897334856136,-0.02037038795730135,1000
Guizhou Province,3.0549528854298984,-0.2007143435646338,-0.20176033738407373,-0.2483691639773765,-0.15223563127543213,1000,-0.08233492120549046,-0.08286255254645676,-0.1283278085888869,-0.03153227906832454,1000
Guizhou Province,3.1262143260459023,-0.21104420765350543,-0.21227043065205992,-0.25874270227029783,-0.16255926882741428,1000,-0.09340946749343654,-0.09400748871042892,-0.1402515575184991,-0.04251615249284671,1000
Guizhou Province,3.199138048572336,-0.2212508874258482,-0.2225100845196208,-0.2694272838798749,-0.1723822061801059,1000,-0.10430591239105941,-0.10483507992775039,-0.1519549949633306,-0.05296563488101098,1000
Guizhou Province,3.2737628282728757,-0.2313386104419441,-0.23265326898866076,-0.280184048953112,-0.18210446501082456,1000,-0.11503037137462663,-0.11537245320961315,-0.16344202948639408,-0.06295850051519249,1000
Guizhou Province,3.350128344903427,-0.24131136754038257,-0.24251234691845658,-0.29059541620570667,-0.19172937875812318,1000,-0.12558866862469564,-0.12591157563452204,-0.17443483868699425,-0.07280425854528466,1000
Guizhou Province,3.4282752038107884,-0.2511729312915709,-0.2520999187048273,-0.30122973423252086,-0.2012656775267673,1000,-0.13598635309798096,-0.13649922808865564,-0.18479835982545997,-0.08280649792406362,1000
Guizhou Province,3.508244957523471,-0.2609268725944682,-0.261750471249509,-0.3112739347216441,-0.21084449398897756,1000,-0.1462287137797944,-0.14674551723780935,-0.19503572314375975,-0.09280003712255237,1000
Guizhou Province,3.590080127846162,-0.2705765756473736,-0.27130757255894383,-0.3209239266247754,-0.22038253571497288,1000,-0.1563207941201593,-0.15680230972915993,-0.20546294843241,-0.10264948211455109,1000
Guizhou Province,3.673824228469568,-0.28012525148914413,-0.2808669480435245,-0.3309701616449656,-0.23003486578920757,1000,-0.1662674056688886,-0.16687793717602498,-0.21586745881351085,-0.11236657683483108,1000
Guizhou Province,3.7595217881076692,-0.2895759502788022,-0.29018097706206963,-0.34061720733472955,-0.2394267984625455,1000,-0.17607314093332455,-0.17651693667251245,-0.2262146991744889,-0.12201241993367377,1000
Guizhou Province,3.847218374174693,-0.29893157245791296,-0.29964207313251645,-0.35015481405761,-0.24811566356885792,1000,-0.18574238548805427,-0.1861745011805759,-0.23642567054948335,-0.1313532479477979,1000
Guizhou Province,3.936960617014379,-0.3081948789203931,-0.30896561305763653,-0.3595800840839039,-0.2567324034452262,1000,-0.19527932936942238,-0.19564424028939864,-0.24685286130518844,-0.14065959771110367,1000
Guizhou Province,4.028796234694432,-0.3173685002978497,-0.3180775008286644,-0.36888923445638483,-0.2655686643694585,1000,-0.20468797778966447,-0.20502328433537093,-0.25705161944477084,-0.14985848545092273,1000
Guizhou Province,4.122774058379347,-0.3264549454545556,-0.32720268653292583,-0.3782954436822371,-0.2744408514251572,1000,-0.21397216120632112,-0.2143507416853141,-0.26685521402525625,-0.15903765505689862,1000
Guizhou Province,4.218944058295092,-0.335456609274266,-0.3362157721466589,-0.3876598325072231,-0.2832407567329182,1000,-0.22313554478263614,-0.22340876525773057,-0.27633837867976313,-0.16811751514168144,1000
Guizhou Province,4.3173573702994545,-0.3443757798109508,-0.34522218267484894,-0.39696086230631733,-0.2918194584331728,1000,-0.23218163727408114,-0.23253643571722096,-0.285566411758199,-0.17697879118219764,1000
Guizhou Province,4.418066323072179,-0.35321464486682097,-0.35408751894404467,-0.4062683004597993,-0.30029553746403126,1000,-0.24111379937517546,-0.24151717058475372,-0.2948046821787195,-0.18580204653096932,1000
Guizhou Province,4.52112446593937,-0.36197529805355916,-0.362913231234381,-0.41518516692269175,-0.3088582503362943,1000,-0.24993525155952923,-0.2502969104949142,-0.30379680033879203,-0.19457941097560227,1000
Guizhou Province,4.626586597346926,-0.370659744386207,-0.37150714259225504,-0.4241509581697042,-0.3169540228368458,1000,-0.2586490814445991,-0.25879616307106773,-0.3126603191683553,-0.2032288545101146,1000
Guizhou Province,4.734508793998165,-0.3792699054535676,-0.380082363673088,-0.43288358728239906,-0.32509859156812887,1000,-0.2672582507111095,-0.26741857596589397,-0.32157102745842764,-0.2115470592208556,1000
Guizhou Province,4.844948440671135,-0.3878076242041362,-0.38850224506569847,-0.44153295953622185,-0.33348009240093807,1000,-0.27576560160550695,-0.2759357426749436,-0.3301696948952775,-0.21976795298892227,1000
Guizhou Province,4.9579642607314485,-0.3962746693823118,-0.3968521714985079,-0.45008599429584534,-0.341943231948834,1000,-0.2841738630522092,-0.2845069621095357,-0.3388653733303109,-0.22789255986283802,1000
Guizhou Province,5.073616347356891,-0.40467273964595535,-0.4050163653323462,-0.4585920789509133,-0.35035302686973147,1000,-0.2924856564008351,-0.29286244055401445,-0.3473259164331828,-0.23592306948649264,1000
Guizhou Province,5.191966195490369,-0.4130034673931021,-0.41327525660977127,-0.4670445289678784,-0.35803056154489954,1000,-0.30070350083205183,-0.3010696729402614,-0.35556598988468113,-0.24386194601149982,1000
Guizhou Province,5.31307673453823,-0.42126842232277395,-0.4216017204067656,-0.47547611106046755,-0.3656019327125819,1000,-0.30882981844419544,-0.3091447528718962,-0.3635974317985052,-0.25183603779047153,1000
Guizhou Province,5.437012361831313,-0.4294691147523257,-0.4298833768734432,-0.48407294750118596,-0.37355524639815957,1000,-0.3168669390413812,-0.3172333138481991,-0.3715900912376418,-0.2597799719292827,1000
Guizhou Province,5.5638389768665215,-0.43760699871152564,-0.43803932700654746,-0.49240581179638854,-0.3820237558112396,1000,-0.32481710464248204,-0.3252492077919463,-0.37958048121153815,-0.26764542722205986,1000
Guizhou Province,5.69362401634715,-0.4456834748316048,-0.44609405719854844,-0.5003570050668614,-0.3899406474490668,1000,-0.33268247372905085,-0.3332845852755538,-0.3874788076214544,-0.2754342957753286,1000
Guizhou Province,5.826436490040564,-0.45369989304574954,-0.4542212664778926,-0.5085554331243647,-0.3974865459330237,1000,-0.3404651252490582,-0.34101033990561913,-0.3952873859243506,-0.28315143432510514,1000
Guizhou Province,5.962347017472319,-0.461657555115969,-0.46236817556524634,-0.516709718437529,-0.40498220677166785,1000,-0.3481670623921838,-0.34855360981862726,-0.403008447096572,-0.2908007018349,1000
Guizhou Province,6.1014278654762375,-0.4695577169998649,-0.47021544532891757,-0.5247767740599732,-0.4125646130731806,1000,-0.3557902161513143,-0.3560818273257472,-0.4106441415244129,-0.2983788475735384,1000
Guizhou Province,6.243752986620382,-0.47740159106960345,-0.47789912310213056,-0.5326454525524692,-0.4202246250600851,1000,-0.3633364486839244,-0.36370746187295133,-0.418196542686127,-0.30588749834983064,1000
Guizhou Province,6.389398058529382,-0.48519034819427387,-0.48552771865455635,-0.5404431412358099,-0.42765824071731123,1000,-0.3708075564860595,-0.37121623083509997,-0.42566765063753564,-0.3131973168924012,1000
Guizhou Province,6.5384405241240104,-0.49292511969582575,-0.4932872815169195,-0.5482757312955923,-0.4351146238203936,1000,-0.37820527339078897,-0.37869255245030375,-0.4330593953126728,-0.32046223406141816,1000
Guizhou Province,6.6909596327994185,-0.5006069991878849,-0.5008572253500423,-0.5564282855386681,-0.44276484651113296,1000,-0.38553127340217413,-0.3860583685374668,-0.440484935331757,-0.3278758908132137,1000
Guizhou Province,6.847036482563901,-0.5082370443059435,-0.5085722372340016,-0.5641045682891884,-0.4500159528050801,1000,-0.3927871733750447,-0.3933287464687445,-0.44800396996588787,-0.33523388113886676,1000
Guizhou Province,7.006754063160622,-0.515816278336696,-0.5160730151285748,-0.571730248472005,-0.45725073407365757,1000,-0.39997453555017787,-0.4004511062173438,-0.4554514675179865,-0.34241454689827583,1000
Guizhou Province,7.170197300195224,-0.5233456917536441,-0.5233688176600124,-0.5794065757586429,-0.46464557145230223,1000,-0.4070948699538148,-0.4075109624695524,-0.46282900838962787,-0.349534218651923,1000
Guizhou Province,7.337453100292774,-0.5308262436654967,-0.5308385106977804,-0.5873734370599873,-0.4719676354618313,1000,-0.41414963666984844,-0.41443586354752726,-0.4701381206674565,-0.35656958501295477,1000
Guizhou Province,7.508610397308058,-0.5382588631833656,-0.5381913370184219,-0.595293398512626,-0.47896479153102095,1000,-0.4211402479924505,-0.42133280259907235,-0.47737449435239376,-0.3629387701692241,1000
Guizhou Province,7.683760199613822,-0.5456444507122664,-0.5455090082608748,-0.6027276520591437,-0.485923210441663,1000,-0.42806807046638246,-0.4282805381668655,-0.48454473999670833,-0.3695685810218451,1000
Guizhou Province,7.862995638492068,-0.5529838791719999,-0.552577351961067,-0.6100400592010625,-0.4928450816735128,1000,-0.4349344268217487,-0.43512877491130386,-0.4916505499968123,-0.37643641760853813,1000
Guizhou Province,8.046412017654148,-0.5602779951520886,-0.5599316712764268,-0.6178033818030852,-0.4997379622617655,1000,-0.4417405978094991,-0.44185536606395825,-0.49856971018251234,-0.3830452966381484,1000
Guizhou Province,8.234106863915997,-0.5675276200050812,-0.5670691999740602,-0.6256721171062108,-0.506697432306372,1000,-0.44848782394356984,-0.44851342025725005,-0.5051897330208651,-0.3895463719162116,1000
Guizhou Province,8.426179979055448,-0.5747335508822038,-0.5741880449886011,-0.6335006540294029,-0.5135654449260157,1000,-0.4551773071551621,-0.45509847050918617,-0.511741484191802,-0.3961616305839817,1000
Guizhou Province,8.622733492879188,-0.5818965617150416,-0.5812796735337897,-0.6412915871521553,-0.520605330884229,1000,-0.4618102123642918,-0.46161883820603733,-0.5182264527092565,-0.4024782247779419,1000
Guizhou Province,8.823871917527581,-0.589017404146651,-0.5883648286351147,-0.6490455316549673,-0.5274962726959677,1000,-0.46838766897341716,-0.46808476966165014,-0.5246460807385164,-0.408681788520165,1000
Guizhou Province,9.029702203046249,-0.5960968084152594,-0.5953427422673676,-0.6565271830769838,-0.5343539321986976,1000,-0.47491077228762874,-0.474539596883158,-0.5311480948083502,-0.41493439569924007,1000
Guizhou Province,9.240333794253923,-0.6031354841934699,-0.6021643060959935,-0.6639122711107356,-0.5412529153222349,1000,-0.48138058486560414,-0.48129432038116826,-0.5378432802006508,-0.42110317467923464,1000
Guizhou Province,9.455878688936846,-0.6101341213856877,-0.6091784003257092,-0.6713320818686346,-0.5481716403098567,1000,-0.48779813780525255,-0.48791655826060876,-0.5444832834211422,-0.42720820370388785,1000
Guizhou Province,9.676451497400627,-0.6170933908862798,-0.6160811398633894,-0.6786942318516705,-0.555067639574915,1000,-0.494164431967733,-0.49417813602082405,-0.5510691703652533,-0.4332642098679705,1000
Guizhou Province,9.902169503411255,-0.6240139453008128,-0.6231069277279377,-0.6860187223569244,-0.5618425986157275,1000,-0.500480439143286,-0.5004447815945836,-0.557601975843596,-0.4392721246706505,1000
Guizhou Province,10.133152726557643,-0.6308964196325405,-0.6298947987121599,-0.693304308064278,-0.5683786369929391,1000,-0.5067471031621094,-0.5067114779774389,-0.5640827047706702,-0.44524400600942743,1000
Guizhou Province,10.369523986068852,-0.6377414319361715,-0.6366789557513426,-0.7003281340171734,-0.575326246713388,1000,-0.5129653409533039,-0.512946137452966,-0.5705123332981262,-0.45120142754535564,1000
Guizhou Province,10.611408966120022,-0.6445495839408015,-0.6432544016551424,-0.7072411727135888,-0.5816565503762103,1000,-0.519136043554725,-0.5190780721671672,-0.5768595767584848,-0.45710544253004204,1000
Guizhou Province,10.858936282661562,-0.6513214616437702,-0.6498478732806771,-0.7141076614036342,-0.5880116376460706,1000,-0.5252600770764031,-0.5253082500612845,-0.5829108970180271,-0.46339435078386443,1000
Guizhou Province,11.112237551807304,-0.6580576358770869,-0.6568134817843241,-0.7211804585350103,-0.5945694251179076,1000,-0.5313382836200322,-0.5313503975988451,-0.5889111950695299,-0.46937285339865076,1000
Guizhou Province,11.37144745981792,-0.6647586628479555,-0.6635932375961524,-0.7284091288927591,-0.6011072410083333,1000,-0.5373714821568716,-0.5371959491508931,-0.5948499250774791,-0.47547777050656803,1000
Guizhou Province,11.636703834716739,-0.6714250846548347,-0.6701048825634146,-0.7351771332772989,-0.6076274956618979,1000,-0.5433604693662657,-0.543153006710882,-0.6009915087812091,-0.4814211436489356,1000
Guizhou Province,11.908147719576188,-0.6780574297803734,-0.6767153760007347,-0.7418720829016014,-0.6141271371846349,1000,-0.5493060204368538,-0.5488447187062204,-0.6066491325312047,-0.48693993834399224,1000
Guizhou Province,12.18592344751373,-0.6846562135624705,-0.6832432670277571,-0.7485118502395246,-0.6208084232006124,1000,-0.5552088898324166,-0.5546399830807504,-0.6123880909699101,-0.49241489848513575,1000
Guizhou Province,12.470178718437154,-0.691221938644641,-0.6895903805036029,-0.7551487307225774,-0.626997591698799,1000,-0.5610698120241937,-0.5603438973499196,-0.6181228357172434,-0.4979214657989075,1000
Guizhou Province,12.76106467758012,-0.6977550954067807,-0.6960340029602538,-0.7617281612173271,-0.6334745965952739,1000,-0.5668895021913924,-0.5661105419705836,-0.6236352562663313,-0.5035311113821901,1000
Guizhou Province,13.058735995869664,-0.7042561623773735,-0.7024573436925377,-0.7682655182852315,-0.6398214353395814,1000,-0.5726686568915187,-0.5717445293683161,-0.6294969122220436,-0.509110354292502,1000
Guizhou Province,13.36335095216834,-0.7107256066280921,-0.7087716772759893,-0.7747666994977143,-0.6461191889290834,1000,-0.5784079547020475,-0.5774224832719544,-0.6356425405366901,-0.5146549506882144,1000
Guizhou Province,13.675071517434843,-0.7171638841517148,-0.7152017602818941,-0.7814760278984005,-0.652437784436654,1000,-0.5841080568348875,-0.5830170022419146,-0.6415971163363136,-0.5201565681371481,1000
Guizhou Province,13.994063440847814,-0.723571440224221,-0.7216799729175447,-0.7881978921010547,-0.6587305939531244,1000,-0.5897696077249861,-0.5885486248406583,-0.647512282651657,-0.5254259214309746,1000
Guizhou Province,14.320496337938545,-0.7299487097518212,-0.7283456467773592,-0.7944661709589662,-0.6647843703986366,1000,-0.5953932355943627,-0.594194174738429,-0.6533864534153863,-0.5306988145851378,1000
Guizhou Province,14.654543780779578,-0.7362961176037613,-0.7346672508938497,-0.8007339916413418,-0.6711178639779124,1000,-0.6009795529927757,-0.5997425494709172,-0.6595647904355647,-0.5362456015737977,1000
Guizhou Province,14.99638339027709,-0.7426140789315172,-0.7411409218802676,-0.806901379271,-0.6773191351836985,1000,-0.606529157316164,-0.6052103948412914,-0.665721009293947,-0.5417613127146986,1000
Guizhou Province,15.346196930616085,-0.7489029994750995,-0.7473720569310993,-0.813252687687228,-0.683631310913657,1000,-0.6120426313039433,-0.6107337539144253,-0.6713831967166394,-0.5471385979618472,1000
Guizhou Province,15.70417040590871,-0.7551632758571366,-0.7537088366310514,-0.8201841434651497,-0.6898196917475142,1000,-0.6175205435161673,-0.6162652952248706,-0.6768344447740351,-0.5522027130049442,1000
Guizhou Province,16.070494159097066,-0.7613952958652354,-0.7598994946048663,-0.8269123977434675,-0.6955859522143734,1000,-0.6229634487915243,-0.6217988535002128,-0.6822863504609574,-0.5572955740911859,1000
Guizhou Province,16.44536297316297,-0.7675994387232341,-0.7661972303707894,-0.8336713805246181,-0.7014524676517113,1000,-0.6283718886870686,-0.6272296645337743,-0.6880506918947364,-0.5625380548061278,1000
Guizhou Province,16.82897617469873,-0.7737760753519247,-0.7723008539652596,-0.8399395012764981,-0.7074637409917998,1000,-0.6337463919005561,-0.6324039118892137,-0.6937198053947913,-0.5675757974020159,1000
Guizhou Province,17.221537739893765,-0.7799255686196253,-0.7784054751938532,-0.8468795344217355,-0.7133361170614446,1000,-0.639087474676187,-0.6379083739566458,-0.6996231117388385,-0.57243936281793,1000
Guizhou Province,17.623256402993533,-0.7860482735831986,-0.7845073881406146,-0.8533399918087649,-0.7187629963912618,1000,-0.644395641194532,-0.6432671416010804,-0.705058038039836,-0.5772679506824786,1000
Guizhou Province,18.034345767288528,-0.7921445377198695,-0.790407895617401,-0.8597582162733931,-0.7241611874205355,1000,-0.6496713839473742,-0.6486138204372365,-0.7108267206344976,-0.5820621242845347,1000
Guizhou Province,18.455024418692105,-0.7982147011503229,-0.7962684480578102,-0.8659251969499236,-0.7297270822596114,1000,-0.654915184098142,-0.6537692317283244,-0.7165894152231292,-0.5868224333663598,1000
Guizhou Province,18.885516041967808,-0.8042590968534491,-0.8022222508431889,-0.8718909665323636,-0.7356426883243751,1000,-0.6601275118286059,-0.6591176396682561,-0.7223155005060408,-0.591549414548741,1000
Guizhou Province,19.326049539667853,-0.8102780508731201,-0.8082987647434527,-0.8788959034210945,-0.7416924961092942,1000,-0.6653088266724467,-0.664270085891198,-0.7277568384741103,-0.5963427348799073,1000
Guizhou Province,19.776859153845976,-0.8162718825173642,-0.8143237336624284,-0.8852498621988995,-0.747530689633806,1000,-0.6704595778362863,-0.6693660770762266,-0.7328586127927521,-0.6011681729716415,1000
Guizhou Province,20.238184590609468,-0.8222409045502758,-0.8202193352077924,-0.8915851598472272,-0.7534889306254865,1000,-0.6755802045087369,-0.6744842129568944,-0.7383244217462405,-0.6058901822956865,1000
Guizhou Province,20.710271147576613,-0.8281854233769665,-0.8262235339896389,-0.8981082388648864,-0.7594266821620556,1000,-0.6806711361580056,-0.6796167262573445,-0.7437610201980528,-0.6107251737297319,1000
Guizhou Province,21.19336984430715,-0.8341057392218769,-0.8321430732347614,-0.9045385074015272,-0.7648840722808595,1000,-0.6857327928185502,-0.6846333942207843,-0.7490078318699983,-0.6153606426199314,1000
Guizhou Province,21.68773755577532,-0.8400021463007386,-0.8380957620694229,-0.9103039654926215,-0.7706565064527212,1000,-0.6907655853672496,-0.68955222457429,-0.7542012837180422,-0.6198154748959895,1000
Guizhou Province,22.193637148956405,-0.8458749329864529,-0.8437462791694443,-0.916518766431782,-0.7764116910389741,1000,-0.6957699157895918,-0.6946004428133183,-0.7593767315614568,-0.624248868008312,1000
Guizhou Province,22.711337622599206,-0.851724381969145,-0.8495046540369247,-0.9227053602298622,-0.781539754957779,1000,-0.7007461774362249,-0.6996908892990762,-0.7644895910841224,-0.6288413146092887,1000
Guizhou Province,23.241114250259074,-0.8575507704106515,-0.8552241617775481,-0.9288646572531866,-0.7877034333275131,1000,-0.7056947552703747,-0.7045812819631093,-0.7695282482944173,-0.6335833809485136,1000
Guizhou Province,23.783248726667388,-0.8633543700936696,-0.8609200818547821,-0.9350013997854749,-0.7935224330133606,1000,-0.7106160261064547,-0.7095849318147649,-0.7744641007622147,-0.6383102769149449,1000
Guizhou Province,24.3380293175152,-0.8691354475657799,-0.866906641043486,-0.941174437327966,-0.7986875190405359,1000,-0.715510358840246,-0.7144357778152232,-0.7797093819527402,-0.6430351778647523,1000
Guizhou Province,24.905751012731002,-0.8748942642785937,-0.8727765914397698,-0.9477993716091955,-0.803591801248778,1000,-0.7203781146710444,-0.7193542443736071,-0.7847268494773938,-0.6479277534664389,1000
Guizhou Province,25.486715683333756,-0.8806310767221652,-0.8785110901916724,-0.9536854588048864,-0.8084747292986816,1000,-0.7252196473160388,-0.7240947385287468,-0.78959877798211,-0.6524393510427897,1000
Guizhou Province,26.081232241944857,-0.8863461365549252,-0.8839247348967554,-0.9593598312171491,-0.8133334470540111,1000,-0.7300353032173093,-0.7287526660772657,-0.7946878936625634,-0.6567815432714712,1000
Guizhou Province,26.6896168070443,-0.8920396907292772,-0.8895457111346579,-0.9655385164436655,-0.8188418003339228,1000,-0.7348254217416943,-0.733550075430597,-0.7995391994174189,-0.6608637650571578,1000
Guizhou Province,27.31219287105828,-0.8977119816130356,-0.8949091059160303,-0.9714127771312836,-0.8245757068402938,1000,-0.7395903353738567,-0.7381491288387448,-0.8040112395665012,-0.6650361884038289,1000
Guizhou Province,27.94929147236775,-0.9033632471068965,-0.9004075442761876,-0.9773546237668164,-0.8297090047463099,1000,-0.7443303699028028,-0.742999161049744,-0.8089694590458726,-0.6691847943754645,1000
Guizhou Province,28.601251371329415,-0.9089937207580657,-0.9059386797626914,-0.9831993862640751,-0.8344468778424,1000,-0.7490458446021189,-0.7477631615539803,-0.8139466325429691,-0.6733099020128597,1000
Guizhou Province,29.268419230402497,-0.9146036318702278,-0.9113779182798635,-0.9888824638718772,-0.8398466717855256,1000,-0.7537370724041847,-0.752536932571322,-0.8192141766429586,-0.6774118238426059,1000
Guizhou Province,29.951149798477392,-0.9201932056099688,-0.9172154941693913,-0.9946655729517173,-0.8448067100199045,1000,-0.7584043600686026,-0.7573429859770804,-0.82470064065919,-0.6815799798721114,1000
Guizhou Province,30.649806099504072,-0.9257626631098086,-0.9224724866702287,-1.0004271971387928,-0.8494727269415192,1000,-0.7630480083450635,-0.7620676770004793,-0.8297899873898422,-0.6865814997575879,1000
Guizhou Province,31.364759625520396,-0.9313122215679791,-0.9280604724164729,-1.0061675712654126,-0.8545201891969298,1000,-0.7676683121308663,-0.7667745151559993,-0.834558322314876,-0.6915620680519994,1000
Guizhou Province,32.09639053418323,-0.9368420943450528,-0.9333046387152603,-1.011886925983945,-0.8595684683384366,1000,-0.7722655606233122,-0.7714596928002782,-0.8394081296523317,-0.696526852048123,1000
Guizhou Province,32.845087850907284,-0.94235249105757,-0.9388503435705893,-1.0175854878692743,-0.8643360119789886,1000,-0.7768400374671682,-0.7759433348670184,-0.8440025322924314,-0.7014851458831098,1000
Guizhou Province,33.61124967571902,-0.9478436176687292,-0.9444201072040519,-1.0232634795180715,-0.8690837135294771,1000,-0.7813920208973739,-0.7804540882547035,-0.8483652314146063,-0.7060092550331293,1000
Guizhou Province,34.39528339493589,-0.9533156765763254,-0.949774382586532,-1.0289211196449704,-0.8738274922849,1000,-0.7859217838771955,-0.7847966985570676,-0.8528163589126301,-0.7099734453545765,1000
Guizhou Province,35.197605897783234,-0.9587688666979612,-0.954870803684682,-1.0346174630305238,-0.8785565752032631,1000,-0.7904295942319928,-0.7892393153273646,-0.857955677406531,-0.7139159108465003,1000
Guizhou Province,36.01864379806412,-0.9642033835536902,-0.9600797286860102,-1.0407280570891335,-0.8837122629395587,1000,-0.7949157147787498,-0.7937676237497359,-0.862706735989547,-0.7178369279202969,1000
Guizhou Province,36.85883366099993,-0.9696194193461521,-0.9652478238266866,-1.0468213829110535,-0.8890073765989793,1000,-0.7993804034515553,-0.7983128161684152,-0.8674816155439345,-0.7220261558799806,1000
Guizhou Province,37.718622235362474,-0.97501716303831,-0.9706834546347723,-1.052897605791177,-0.8942948642054657,1000,-0.8038239134231655,-0.8028840245234706,-0.8726118095540716,-0.7266431589470461,1000
Guizhou Province,38.59846669102074,-0.9803968004288648,-0.975833587138103,-1.0589568883629503,-0.8995730364370202,1000,-0.8082464932227966,-0.8073204936024613,-0.8776209951755637,-0.7309490456513513,1000
Guizhou Province,39.49883486202902,-0.9857585142254444,-0.9811975683626535,-1.064843324200169,-0.9048347587825342,1000,-0.812648386850289,-0.8117687322352308,-0.882106421208411,-0.735137068036434,1000
Guizhou Province,40.4202054953852,-0.9911024841156342,-0.9865958253490159,-1.0705367016357774,-0.9100801921152235,1000,-0.8170298338867854,-0.8157830390542893,-0.8865192605345765,-0.7394209649866317,1000
Guizhou Province,41.363068505591876,-0.9964288868359343,-0.9917585755435898,-1.076212641714435,-0.9149723734180134,1000,-0.8213910696020261,-0.820055560393019,-0.8913239648225907,-0.7434057425522035,1000
Guizhou Province,42.32792523515553,-1.0017378962387038,-0.9968510786947494,-1.0818685146278848,-0.9196576477367048,1000,-0.8257323250584112,-0.8243615365101522,-0.8958762860782928,-0.7473234386414446,1000
Guizhou Province,43.315288721162034,-1.007029683357192,-1.0019353029054727,-1.0874955088067513,-0.9245282110651787,1000,-0.8300538272119269,-0.8287542730940818,-0.900682098246891,-0.75083155032996,1000
Guizhou Province,44.325683968070635,-1.0123044164686867,-1.0072485299304303,-1.093105524264021,-0.9296308717585368,1000,-0.8343557990100565,-0.8329770240637546,-0.9054682982815302,-0.7547354940252224,1000
Guizhou Province,45.359648226871286,-1.017562261155871,-1.0126160310489958,-1.0986987218612283,-0.9339482235317013,1000,-0.838638459486784,-0.8372998185811281,-0.9102350960771992,-0.7586209347606119,1000
Guizhou Province,46.41773128075353,-1.0228033803664422,-1.017909285583408,-1.1042752599379622,-0.9382481588964962,1000,-0.8429020238547913,-0.8417334411917832,-0.9149826979773464,-0.76250490990884,1000
Guizhou Province,47.500495737439245,-1.0280279344710488,-1.0230721011314485,-1.109788428669931,-0.9425399395886112,1000,-0.8471467035949409,-0.8459857670030705,-0.9197113068552943,-0.7663805967306042,1000
Guizhou Province,48.608517328334564,-1.0332360813196078,-1.0282271111235,-1.115388449739167,-0.9471673991289439,1000,-0.85137270654316,-0.8501759400477727,-0.9244211221933145,-0.7702279047797089,1000
Guizhou Province,49.74238521465965,-1.0384279762960607,-1.0332809479886862,-1.1209253776024977,-0.9518823003667558,1000,-0.8555802369747898,-0.8542162366300378,-0.9291017912184585,-0.7740581836909909,1000
Guizhou Province,50.90270230071971,-1.0436037723716078,-1.0381628383130785,-1.1263974793561136,-0.9563100068995342,1000,-0.8597694956864987,-0.8584037944017104,-0.9337631666683014,-0.7778624583043857,1000
Guizhou Province,52.09008555448351,-1.0487636201564903,-1.0431430059824471,-1.131963501417316,-0.9604898559908711,1000,-0.8639406800758649,-0.8625623886591491,-0.9384137244558727,-0.7816494795186394,1000
Guizhou Province,53.30516633563966,-1.0539076679503434,-1.0481110226726764,-1.1374761694047237,-0.9646536301162798,1000,-0.8680939842186624,-0.866600963085165,-0.9430503684253906,-0.7854307370635778,1000
Guizhou Province,54.54859073130552,-1.0590360617911994,-1.0529486354809046,-1.1434689634222133,-0.9688014925023809,1000,-0.8722295989439728,-0.8705915924882939,-0.9476691581116914,-0.7891959049520165,1000
Guizhou Province,55.82101989956701,-1.0641489455031587,-1.058203486443455,-1.1495756695275021,-0.9729427644367565,1000,-0.8763477119071696,-0.8745644026708026,-0.9522702743322974,-0.7929556789826578,1000
Guizhou Province,57.12313042103187,-1.0692464607427814,-1.063430872581462,-1.1556616206637498,-0.9771400389307057,1000,-0.8804485076608579,-0.8786726785416177,-0.9568538950052958,-0.7969377728736374,1000
Guizhou Province,58.455614658583634,-1.0743287470442473,-1.0683528608449804,-1.161734715329017,-0.9819213588075206,1000,-0.8845321677238347,-0.8827272638860215,-0.9614195350914092,-0.8006039103127758,1000
Guizhou Province,59.81918112552719,-1.079395941863312,-1.073147706781847,-1.1677950566732407,-0.9867620946506915,1000,-0.8885988706481338,-0.8866822170786622,-0.9657539891129299,-0.8045971268741254,1000
Guizhou Province,61.21455486232208,-1.0844481806201092,-1.0781233917839885,-1.1738427464231702,-0.9916165704349142,1000,-0.8926487920842276,-0.8907896208115882,-0.9696752645170631,-0.8080418810636824,1000
Guizhou Province,62.642477822103714,-1.08948559674083,-1.0831690690090947,-1.1798710441838345,-0.9964577412494925,1000,-0.8966821048444322,-0.894954545204189,-0.9735725982897299,-0.8114058465541181,1000
Guizhou Province,64.10370926519715,-1.0945083216983142,-1.0881919883142732,-1.1858856809818878,-1.0010328309223284,1000,-0.9006989789645872,-0.8989840345882163,-0.9774454836397266,-0.8150525135940856,1000
Guizhou Province,65.59902616283385,-1.099516485051591,-1.0935502472861605,-1.191887957755398,-1.0056013243662956,1000,-0.9046995817640575,-0.9027983414297068,-0.9813392687691713,-0.8188678536268419,1000
Guizhou Province,67.1292236102857,-1.1045102144843988,-1.0986864950516986,-1.197877970916749,-1.0102872807811438,1000,-0.9086840779041239,-0.906755965656813,-0.9858306716302903,-0.8227550944719813,1000
Guizhou Province,68.6951152496357,-1.1094896358427238,-1.103771327356963,-1.2038558155853076,-1.0147999301968025,1000,-0.912652629444793,-0.9105386484021921,-0.9903050251864467,-0.826568561495986,1000
Guizhou Province,70.29753370241079,-1.1144548731713761,-1.1089181458756565,-1.2098215856119636,-1.0189882187738766,1000,-0.9166053959001048,-0.9143603231827924,-0.9945666641803723,-0.8300136746172514,1000
Guizhou Province,71.93733101230643,-1.119406048749638,-1.113694038826559,-1.2157753736030725,-1.0231621647184481,1000,-0.920542534291958,-0.9183071369048396,-0.9990587697940777,-0.833443640387704,1000
Guizhou Province,73.61537909823818,-1.1243432831260238,-1.118497208934063,-1.221717270943803,-1.02732190092645,1000,-0.9244641992025251,-0.9222302393875041,-1.003535364572002,-0.8368586166761747,1000
Guizhou Province,75.33257021796157,-1.1292666951521544,-1.12358324850188,-1.2276473678209328,-1.0314675583275135,1000,-0.9283705428252782,-0.926159883784271,-1.0079965923113448,-0.8402587588230891,1000
Guizhou Province,77.08981744250684,-1.1341764020158025,-1.1283623852842155,-1.2335657532450892,-1.0356863321457483,1000,-0.9322617150146923,-0.9301271472831092,-1.0124425946848066,-0.8436730417769964,1000
Guizhou Province,78.88805514167998,-1.1390725192731013,-1.133170059131575,-1.2394500131907191,-1.0399537886959493,1000,-0.9361378633346484,-0.9340434411786169,-1.0168735112833107,-0.8471810251783852,1000
Guizhou Province,80.7282394808894,-1.1439551608799785,-1.138004349109198,-1.245051961066361,-1.0439716608938512,1000,-0.9399991331055881,-0.9380693856384976,-1.0212953676802112,-0.8506748680524745,1000
Guizhou Province,82.61134892956177,-1.1488244392228046,-1.1426214415048888,-1.2503173250467923,-1.0479178261319124,1000,-0.943845667450451,-0.9418159708873286,-1.0257080672532801,-0.8541547096861636,1000
Guizhou Province,84.53838478141695,-1.1536804651483006,-1.1475236918642249,-1.2554407481801046,-1.0519678702872481,1000,-0.9476776073394395,-0.9457056720238077,-1.03010612093102,-0.8576206872370957,1000
Guizhou Province,86.51037168687985,-1.1585233479927162,-1.1522867916695958,-1.2605505628454552,-1.0560240711043667,1000,-0.951495091633646,-0.9495781891236126,-1.0344896598235602,-0.8610729357773196,1000
Guizhou Province,88.52835819791093,-1.1633531956103085,-1.1571012105596437,-1.2656468799463185,-1.0600670317784275,1000,-0.9552982571275652,-0.9534095344103173,-1.0388588131677288,-0.8645115883358442,1000
Guizhou Province,90.59341732554617,-1.1681701144011323,-1.1615936165322602,-1.2717080006237087,-1.0640968692747266,1000,-0.9590872385905429,-0.9571214562490542,-1.0432018970405004,-0.867936775940106,1000
Guizhou Province,92.70664711044245,-1.172974209338169,-1.166359813199867,-1.2778536172182697,-1.0681136989075999,1000,-0.9628621688071821,-0.9608127217196724,-1.047527096522847,-0.8713486276563803,1000
Guizhou Province,94.86917120673141,-1.177765583993813,-1.1710626034719926,-1.2838941773044137,-1.0721272193511955,1000,-0.966623178616741,-0.9644605084390487,-1.051838273295088,-0.8747263353818188,1000
Guizhou Province,97.08213947949301,-1.1825443405657268,-1.1756950620251345,-1.2894101943364369,-1.0761136926660175,1000,-0.9703703969515527,-0.9680478513638537,-1.0561355498058986,-0.8776980239789494,1000
Guizhou Province,99.34672861616605,-1.187310579902093,-1.1803578878149676,-1.2949142738888615,-1.0801148187434344,1000,-0.9741039508744951,-0.9717064532550292,-1.0604190467974308,-0.8806564215677307,1000
Guizhou Province,101.66414275222037,-1.192064401526272,-1.1848973060963504,-1.300406504616258,-1.0840837565422208,1000,-0.9778239656155374,-0.9755606720611509,-1.064688883337721,-0.8836016632839768,1000
Guizhou Province,104.03561411142427,-1.1968059036608893,-1.189459443288918,-1.3058718453287264,-1.0880402602232884,1000,-0.9815305646074004,-0.9790813119127845,-1.068945176852327,-0.8865338821777491,1000
Guizhou Province,106.46240366104679,-1.2015351832513639,-1.1940684278245808,-1.311312052660897,-1.0919844355431982,1000,-0.9852238695203386,-0.9825505437036317,-1.0731880431552057,-0.8895256012974979,1000
Guizhou Province,108.9458017823442,-1.2062523359888897,-1.1987586956506149,-1.3167406061498728,-1.0959163868195767,1000,-0.9889040002960838,-0.9860155951222795,-1.0774175964788624,-0.8926970030105859,1000
Guizhou Province,111.48712895668554,-1.210957456332899,-1.203442628868923,-1.3221575908882144,-1.1000435540304394,1000,-0.992571075180976,-0.9895595100513302,-1.0816339495037857,-0.8958570320765211,1000
Guizhou Province,114.08773646768408,-1.215650637533009,-1.2079103984435005,-1.327636846681163,-1.1045641467781393,1000,-0.9962252107582872,-0.9929957910115045,-1.0857188073746245,-0.89901496307536,1000
Guizhou Province,116.74900711970662,-1.2203319716504641,-1.2125327745830816,-1.3326662854401143,-1.1084088638451723,1000,-0.9998665219797858,-0.9965192681243399,-1.0897200724777698,-0.9021605898025632,1000
Guizhou Province,119.47235597314324,-1.2250015495791065,-1.2171948190505304,-1.337470675637542,-1.1126444400781659,1000,-1.0034951221965447,-0.9999773724463126,-1.0937084549225344,-0.9052940267653075,1000
Guizhou Province,122.2592310968281,-1.2296594610658684,-1.2216569699794984,-1.3423490428527716,-1.116881463156974,1000,-1.00711112318902,-1.003427630881369,-1.0976840638229313,-0.9085437741015008,1000
Guizhou Province,125.11111433801233,-1.2343057947308018,-1.2261249009202586,-1.3474573646844457,-1.1210310104523613,1000,-1.010714635196427,-1.0067627575469276,-1.1016648196262682,-0.9118245890067783,1000
Guizhou Province,128.02952211029643,-1.2389406380866703,-1.230622490668158,-1.3530859256375303,-1.1251519978893358,1000,-1.014305766945422,-1.0102401470118567,-1.1057572302512197,-0.915093491709361,1000
Guizhou Province,131.01600619994366,-1.243564077558107,-1.2351397027344255,-1.3587043645103514,-1.1294628715815622,1000,-1.0178846256781202,-1.0137286951652862,-1.1098366225993253,-0.9183505882057195,1000
Guizhou Province,134.07215459100124,-1.2481761985003406,-1.2399367946740352,-1.3643127493077962,-1.1332496007695192,1000,-1.021451317179463,-1.0172546112469514,-1.1139031051939021,-0.9213778498270399,1000
Guizhou Province,137.199592309669,-1.2527770852175208,-1.2445688320599724,-1.3699111472514374,-1.1369263873037552,1000,-1.0250059458039495,-1.0206971570907055,-1.11795678512382,-0.9242493618136605,1000
Guizhou Province,140.39998228836393,-1.2573668209806423,-1.2490036692176403,-1.3754996247922873,-1.1406983924401752,1000,-1.0285486145017584,-1.0242079235503696,-1.1219977680692483,-0.9271093595916725,1000
Guizhou Province,143.6750262499412,-1.2619454880450738,-1.2536325042923837,-1.3810782476232744,-1.144429730311661,1000,-1.0320794248442702,-1.0277109872549832,-1.126026158326828,-0.929957949992442,1000
Guizhou Province,147.0264656125395,-1.2665131676677104,-1.258337601052506,-1.3863171510338954,-1.1482869073042672,1000,-1.035598477049005,-1.0311196588609897,-1.130042058834276,-0.9329469582258858,1000
Guizhou Province,150.45608241553467,-1.2710699401237628,-1.2627624951645002,-1.391453566714648,-1.152133735022955,1000,-1.0391058700040052,-1.0347016235724458,-1.13404557119444,-0.9361179482648323,1000
Guizhou Province,153.96570026709196,-1.275615884723177,-1.2672244348770565,-1.3965788689905918,-1.1559702923410238,1000,-1.0426017012916537,-1.038145454772248,-1.138036795698819,-0.9391670869576233,1000
Guizhou Province,157.55718531382155,-1.2801510798267115,-1.2719430793515139,-1.401693135538106,-1.1597966571584848,1000,-1.0460860672119685,-1.041789764787119,-1.142018429712526,-0.9419240463014368,1000
Guizhou Province,161.23244723305245,-1.284675602861669,-1.2764314644906587,-1.4067964431284503,-1.1636129064185576,1000,-1.049559062805371,-1.045244006880292,-1.1462227874165807,-0.9448913821600778,1000
Guizhou Province,164.99344024825385,-1.2891895303373009,-1.2809420720633389,-1.411887299658591,-1.1674191161238126,1000,-1.0530207818749517,-1.0486867332398535,-1.1504163940635495,-0.9478534161188361,1000
Guizhou Province,168.8421641681406,-1.2936929378598776,-1.285455737454481,-1.416960938180531,-1.171215361351962,1000,-1.0564713170082358,-1.052190626606583,-1.154599329107423,-0.9508074123926818,1000
Guizhou Province,172.78066545001963,-1.2981859001474574,-1.2898413845612242,-1.4220238245188752,-1.1750017162713247,1000,-1.0599107595984767,-1.0557325868833127,-1.158771671047262,-0.953750848111277,1000
Guizhou Province,176.81103828793903,-1.3026684910443371,-1.294396513761716,-1.4270760321755298,-1.1787782541559522,1000,-1.0633391998654749,-1.0590390481737293,-1.162933497442996,-0.9566838137915147,1000
Guizhou Province,180.93542572622073,-1.3071407835352051,-1.2989496420162798,-1.432117633814864,-1.1825450474004444,1000,-1.0667567268759472,-1.0622709752908444,-1.1668815124445215,-0.9596137193498467,1000
Guizhou Province,185.156020798968,-1.3116028497590073,-1.303381054502562,-1.4371487012770154,-1.1861515288125815,1000,-1.0701634285634496,-1.0654511140080518,-1.1712264922685311,-0.962535638928011,1000
Guizhou Province,189.47506769615262,-1.3160547610225202,-1.3076537649037776,-1.4420310471608504,-1.1896473669836956,1000,-1.0735593917478696,-1.0686774656720628,-1.1753188755894926,-0.9654522181104784,1000
Guizhou Province,193.89486295690432,-1.3204965878136514,-1.3119127496416971,-1.446887131356467,-1.1931346738396247,1000,-1.0769447021544967,-1.0721753229486901,-1.1792584312352765,-0.9683586852089355,1000
Guizhou Province,198.41775669063443,-1.3249283998144699,-1.3163871781098437,-1.4517328145577209,-1.196611922537919,1000,-1.0803194444326838,-1.0755147956908995,-1.1831871893844468,-0.9712551246564781,1000
Guizhou Province,203.04615382664483,-1.3293502659139669,-1.3210174687434517,-1.4571887410746247,-1.1997779892466374,1000,-1.0836837021741133,-1.0788969473311616,-1.187105230521905,-0.9743096938972848,1000
Guizhou Province,207.78251539288505,-1.3337622542205654,-1.3253469129213296,-1.4622061018002532,-1.2028914000011224,1000,-1.0870375579306661,-1.0821560335321028,-1.1910126341710925,-0.9775554753022063,1000
Guizhou Province,212.62935982453996,-1.338164432074374,-1.3297501539903107,-1.467477674550888,-1.2065741007172859,1000,-1.0903810932319213,-1.0854707623651136,-1.1949094789096777,-0.9803752562767919,1000
Guizhou Province,217.58926430313986,-1.3425568660591953,-1.3341384201248077,-1.4727395871827285,-1.2103617068630188,1000,-1.093714388602278,-1.0888862365769443,-1.1987958423849296,-0.9828475439943438,1000
Guizhou Province,222.66486612690946,-1.3469396220142984,-1.3384897393989033,-1.478202079245651,-1.2138019339147519,1000,-1.097037523577723,-1.0920564231815066,-1.2026718013287683,-0.9855404154869356,1000
Guizhou Province,227.85886411308147,-1.3513127650459553,-1.3429106069780061,-1.4837687233473946,-1.2172154623991776,1000,-1.100350576722246,-1.0954325407365524,-1.2065374315725106,-0.988365194337491,1000
Guizhou Province,233.1740200329213,-1.3556763595387473,-1.3472678591543177,-1.4893210404984767,-1.2206194508932642,1000,-1.1036536256439116,-1.0986779451924606,-1.2103928080613173,-0.9911869327514852,1000
Guizhou Province,238.6131600802258,-1.3600304691666565,-1.3514983814047716,-1.494865212206702,-1.2240139699289223,1000,-1.106946747010598,-1.1018348693317108,-1.2142380048683437,-0.993999274818992,1000
Guizhou Province,244.17917637407817,-1.3643751569039302,-1.3556619156220782,-1.5004012858937759,-1.2273990892080486,1000,-1.1102300165654126,-1.1050281856865887,-1.2180730952086107,-0.9968024580335236,1000
Guizhou Province,249.87502849665435,-1.3687104850357412,-1.3599307283693183,-1.505503543252589,-1.2307748776158207,1000,-1.113503509141788,-1.108253057307476,-1.2218981514525895,-0.9997483915335234,1000
Guizhou Province,255.70374506690382,-1.3730365151686388,-1.3641006316732893,-1.5105676482841273,-1.234145861612916,1000,-1.1167672986782682,-1.1115682201808872,-1.2257132451395194,-1.0027040610559605,1000
Guizhou Province,261.66842535093735,-1.3773533082407943,-1.3683360071462962,-1.515619622285156,-1.2377649727515747,1000,-1.1200214582329977,-1.1148777785577553,-1.2295175850024522,-1.0056505785401428,1000
Guizhou Province,267.77224090997964,-1.3816609245320544,-1.3725710511172378,-1.5206626339961642,-1.24168507805167,1000,-1.1232660599979092,-1.118067406977843,-1.2333060534325364,-1.0085345744578706,1000
Guizhou Province,274.0184372867646,-1.3859594236737987,-1.3767552299755024,-1.5256967379767647,-1.2455968272263924,1000,-1.126501175312631,-1.1212853498102913,-1.237084758641678,-1.0111458861102394,1000
Guizhou Province,280.41033573126487,-1.3902488646586104,-1.3809216480233517,-1.5307219882257996,-1.249500274492125,1000,-1.1297268746781093,-1.1244875596662096,-1.24085376912262,-1.0137437068659367,1000
Guizhou Province,286.95133496668035,-1.3945293058497608,-1.3850580111022288,-1.5357384381894288,-1.2533954734858663,1000,-1.1329432277699594,-1.1276230428320881,-1.244994405474179,-1.0163328317119067,1000
Guizhou Province,293.644912996619,-1.398800804990519,-1.389195708478549,-1.540746140769064,-1.2572824772738107,1000,-1.1361503034515485,-1.1308211418854501,-1.2492802375566348,-1.018915696985646,1000
Guizhou Province,300.4946289544333,-1.4030634192132785,-1.393443594618894,-1.5457451249397218,-1.2611613383597664,1000,-1.1393481697868204,-1.1339366398542823,-1.253556948994172,-1.0215934369503143,1000
Guizhou Province,307.50412499569563,-1.4073172050485212,-1.3975225240494247,-1.5504797712167364,-1.2650321086934124,1000,-1.142536894052865,-1.1371175653560859,-1.257824598351363,-1.024300588782388,1000
Guizhou Province,314.67712823481867,-1.4115622184336067,-1.4016451843607503,-1.5554841056741655,-1.2688948396784032,1000,-1.1457165427522367,-1.1402274303808135,-1.2616987432062443,-1.026999194925684,1000
Guizhou Province,322.01745272684917,-1.4157985147214012,-1.4059825819196679,-1.5604897863186546,-1.2727495821803267,1000,-1.1488871816250354,-1.1434241002409307,-1.2653490667892762,-1.029689320516094,1000
Guizhou Province,329.52900149549146,-1.4200261486887455,-1.410292097357932,-1.5653889126244815,-1.276596386534501,1000,-1.1520488756607472,-1.146462456758531,-1.268981835673843,-1.0323710299185793,1000
Guizhou Province,337.2157686084375,-1.4242451745447677,-1.4144066951527523,-1.5702765000192584,-1.280435302553644,1000,-1.1552016891098575,-1.1494250406530893,-1.2726055746825256,-1.0349765310791745,1000
Guizhou Province,345.08184130110646,-1.4284556459390394,-1.4185521294365202,-1.575155522506971,-1.2842663795353895,1000,-1.1583456854952334,-1.1525116541552765,-1.2764335881753868,-1.037398223478291,1000
Guizhou Province,353.1314021499241,-1.432657615969588,-1.4226074032318141,-1.5800260304968292,-1.2880697872968843,1000,-1.1614809276232902,-1.155615039733883,-1.2804284753218347,-1.0398117913107794,1000
Guizhou Province,361.36873129629873,-1.4368511371907573,-1.4266285400084078,-1.5848880738991296,-1.2914439440265997,1000,-1.1646074775949418,-1.158717182046741,-1.2844149286799205,-1.0422172978948774,1000
Guizhou Province,369.79820872247126,-1.4410362616209278,-1.430418777906258,-1.5897417021321676,-1.2949800784242809,1000,-1.1677253968163392,-1.1617162032777075,-1.2880937477256194,-1.0446148057912232,1000
Guizhou Province,378.4243165804564,-1.4452130407500978,-1.434574790493115,-1.594586964129029,-1.2985841113908174,1000,-1.1708347460094068,-1.164704725935775,-1.2917306824062444,-1.0470043768149593,1000
Guizhou Province,387.2516415753082,-1.4493815255473268,-1.4386760060400312,-1.5994239083442525,-1.3020677377567926,1000,-1.173935585222172,-1.167855378229642,-1.295358650132009,-1.049386072047601,1000
Guizhou Province,396.28487740397935,-1.4535417664680441,-1.442726964290513,-1.604252582760391,-1.3055436511765985,1000,-1.1770279738389062,-1.1710132113481506,-1.29897771056699,-1.0517599518486669,1000
Guizhou Province,405.52882725107173,-1.457693813461227,-1.446999849999349,-1.6090730348944362,-1.3090119005398277,1000,-1.1801119705900684,-1.1741915795408788,-1.30258792273953,-1.0541855598803547,1000
Guizhou Province,414.9884063428008,-1.4618377159764546,-1.4513498271901275,-1.6138853118041505,-1.3122473993341472,1000,-1.1831876335620652,-1.1772121748625084,-1.3061847839395448,-1.056642686450466,1000
Guizhou Province,424.66864456053884,-1.4659735229708304,-1.4555627012584207,-1.6186894600942778,-1.3154657511043113,1000,-1.186255020206824,-1.1802568831126048,-1.309762089984314,-1.0590960898570536,1000
Guizhou Province,434.5746891153213,-1.4701012829157865,-1.459469368442038,-1.6234852029428715,-1.3186760621569844,1000,-1.1893141873511932,-1.183294160465191,-1.313326025465122,-1.0616993380804838,1000
Guizhou Province,444.71180728474013,-1.4742210438037668,-1.4635256473910687,-1.6282684649041066,-1.3218783857236915,1000,-1.192365191206159,-1.1863232124972019,-1.3168813257745924,-1.0644033757740055,1000
Guizhou Province,455.0853892136792,-1.478332853154793,-1.4677765313885593,-1.6330437328211602,-1.325072774474093,1000,-1.1954080873759,-1.18934409563188,-1.3206080733799754,-1.0670998479440743,1000
Guizhou Province,465.70095078038344,-1.4824367580229156,-1.471749556068306,-1.637811051581301,-1.3282592805240707,1000,-1.1984429308666689,-1.1923582959508412,-1.323981574806379,-1.0697888072155026,1000
Guizhou Province,476.56413652937835,-1.4865328050025524,-1.475900730952622,-1.642570465647827,-1.3314379554436633,1000,-1.201469776095511,-1.19543186440962,-1.3275291243346963,-1.0724703056394025,1000
Guizhou Province,487.6807226728096,-1.4906210402347169,-1.4800445616845277,-1.647322019065671,-1.334608850264862,1000,-1.2044886768988279,-1.1984974783247742,-1.3310682669589435,-1.0751443947016337,1000
Guizhou Province,499.05662016179105,-1.494701509413139,-1.484227487528472,-1.6520657554669116,-1.3377720154892645,1000,-1.207499686540777,-1.2015551906888446,-1.334599056471123,-1.0778111253310985,1000
Guizhou Province,510.69787782939613,-1.4987742577902827,-1.4884046744082635,-1.656801718076192,-1.340927501095591,1000,-1.2105028577215253,-1.2046050539357058,-1.3381801622473477,-1.080470547907882,1000
Guizhou Province,522.6106856069655,-1.5028393301832548,-1.4925744519775797,-1.6615299497160483,-1.3440753565470653,1000,-1.213498242585349,-1.207503720000961,-1.3421939306420092,-1.0831227122712446,1000
Guizhou Province,534.8013778154409,-1.5068967709796186,-1.4967777023962552,-1.6662504928121427,-1.3472639587974127,1000,-1.21648589272859,-1.2104728957736604,-1.3462002752400322,-1.0856705518532144,1000
Guizhou Province,547.2764365334706,-1.510946624143107,-1.5009329784790717,-1.6709510521010023,-1.3504751511107638,1000,-1.219465859207464,-1.2133401328505227,-1.3501946193473917,-1.0881011462932042,1000
Guizhou Province,560.042495044085,-1.5149889332192346,-1.5048156563513981,-1.6755464513195035,-1.353678877624396,1000,-1.2224381925457368,-1.2164544481911839,-1.3541800857758293,-1.0905246473576886,1000
Guizhou Province,573.1063413617694,-1.5190237413408216,-1.508782002828751,-1.6801343433920446,-1.3568751851147525,1000,-1.225402942742256,-1.2195874310145312,-1.3577105222460242,-1.0929411046032227,1000
Guizhou Province,586.4749218418111,-1.5230510912334165,-1.5127698937824094,-1.6847147691308213,-1.3600641198887755,1000,-1.228360159278351,-1.2226085640149367,-1.3612089360345163,-1.0953505670493557,1000
Guizhou Province,600.1553448738425,-1.5270710252206399,-1.5167124916773989,-1.6892877689754386,-1.3632457277903471,1000,-1.2313098911251052,-1.2255429194747456,-1.3646943641672533,-1.0977530831864506,1000
Guizhou Province,614.154884661536,-1.5310835852294236,-1.5205761310903134,-1.6938533829976714,-1.3664200542066187,1000,-1.234252186750494,-1.2284698851081859,-1.3681720104636312,-1.100148700983361,1000
Guizhou Province,628.480985090472,-1.5350888127951752,-1.5244228782593237,-1.6984116509061427,-1.3695871440742284,1000,-1.2371870941264005,-1.2313895085667976,-1.3716419224308043,-1.1025424120938063,1000
Guizhou Province,643.1412636862285,-1.5390867490668503,-1.5284414637806427,-1.7034592516448803,-1.3727498149409922,1000,-1.2401146607355114,-1.2343268653878487,-1.3751041471095578,-1.1049293157261926,1000
Guizhou Province,658.1435156647983,-1.5430774348119434,-1.5323249054358077,-1.7084348411140522,-1.3759110233811944,1000,-1.243034933578081,-1.2372417627554708,-1.3785587310805756,-1.1073094563198886,1000
Guizhou Province,673.4957180774888,-1.5470609104213955,-1.5361659648034165,-1.713105546389072,-1.3790651329813837,1000,-1.2459479591785918,-1.2400450736068387,-1.3820057204706038,-1.109682879840746,1000
Guizhou Province,689.2060340525119,-1.5510372159144217,-1.5398776320252539,-1.718199753291898,-1.3823702552066237,1000,-1.24885378359229,-1.2429276788134853,-1.3854451609585117,-1.1118946542844481,1000
Guizhou Province,705.2828171355064,-1.555006390943258,-1.5435820176143387,-1.7233577040310601,-1.3857537218190017,1000,-1.2517524524116104,-1.2457723545754171,-1.3888770977812435,-1.1140967746664503,1000
Guizhou Province,721.7346157313193,-1.5589684747978358,-1.5474960605706216,-1.7283963906438606,-1.3891304056446498,1000,-1.2546440107724925,-1.2487071575359971,-1.392301575739677,-1.1162952848750918,1000
Guizhou Province,738.5701776493927,-1.5629235064103717,-1.5516730110010162,-1.7330095706214725,-1.3922905577284994,1000,-1.2575285033605852,-1.2516914793004295,-1.3957186392043823,-1.1183991712041537,1000
Guizhou Province,755.798454755181,-1.5668715243598927,-1.5556805361691217,-1.7376158096592638,-1.3951966381946852,1000,-1.260405974417347,-1.2544834049656375,-1.3991283321212797,-1.1204959820517626,1000
Guizhou Province,773.4286077300679,-1.5708125668766821,-1.5592949113047259,-1.7422127554926776,-1.398095660884299,1000,-1.263276467746042,-1.2572786996046774,-1.4025306980172099,-1.1228456212798175,1000
Guizhou Province,791.4700109423204,-1.5747466718466552,-1.5629885461483561,-1.7469198606025147,-1.4009876697025425,1000,-1.2661400267176355,-1.2600204873534486,-1.4059257800054075,-1.1250083770290058,1000
Guizhou Province,809.9322574316561,-1.578673876815667,-1.5669703249508633,-1.7520749594752243,-1.4039952104643987,1000,-1.2689966942765847,-1.2628230561004319,-1.409313620790887,-1.1272296105818496,1000
Guizhou Province,828.8251640100926,-1.5825942189937479,-1.57105921070575,-1.7572240790285683,-1.407075559709557,1000,-1.2718465129465402,-1.265541534316983,-1.4126942626757348,-1.1296702503271716,1000
Guizhou Province,848.1587764817768,-1.5865077352592754,-1.5751679702821284,-1.7623672473287504,-1.410149213460852,1000,-1.2746895248359418,-1.268230192224998,-1.416067747564323,-1.132104486658689,1000
Guizhou Province,867.9433749845753,-1.590414462163076,-1.5789983495530817,-1.767200792961937,-1.4132162110077868,1000,-1.277525771643529,-1.2709074827467928,-1.4194341169684273,-1.13453236064681,1000
Guizhou Province,888.1894794562695,-1.5943144359324672,-1.5827189206620016,-1.7718544703718766,-1.4162765912701207,1000,-1.2803552946637562,-1.2737779022591236,-1.4227934120122712,-1.1369539129505333,1000
Guizhou Province,908.9078552282499,-1.5982076924752302,-1.58653279195959,-1.776482630084409,-1.419330392802627,1000,-1.2831781347921136,-1.2765543777502435,-1.4261456734374824,-1.139175385420245,1000
Guizhou Province,930.1095187497,-1.6020942673835246,-1.5903944718940006,-1.7811041211533645,-1.4223776537997772,1000,-1.2859943325303693,-1.279245001029838,-1.429490941607969,-1.1413696962073474,1000
Guizhou Province,951.805743445301,-1.6059741959377385,-1.594253144252117,-1.7854985424503194,-1.4254184121003448,1000,-1.2888039279917154,-1.281968431663098,-1.4328274828359293,-1.143557982533146,1000
Guizhou Province,974.0080657095784,-1.6098475131102838,-1.598140923114746,-1.789795583017568,-1.4284527051919387,1000,-1.2916069609058347,-1.2847920726571047,-1.4361509549426086,-1.1457402836103652,1000
Guizhou Province,996.7282910410737,-1.6137142535693263,-1.601811206529209,-1.7940854910605912,-1.4314805702154594,1000,-1.2944034706238843,-1.2874854658550139,-1.439467550173723,-1.1479166382565291,1000
Guizhou Province,1019.9785003196105,-1.617574451682463,-1.6055340483959983,-1.7985970606550192,-1.434502043969486,1000,-1.2971934961233935,-1.2901554953696839,-1.4427773074874097,-1.1500870848993083,1000
Guizhou Province,1043.7710562299771,-1.6214281415203387,-1.6093156433338556,-1.8039305942105215,-1.437517906440652,1000,-1.2999770760130864,-1.2928537434598777,-1.446187214759343,-1.152251661581781,1000
Guizhou Province,1068.1186098354624,-1.6252753568602107,-1.613218024666143,-1.808755025742815,-1.440530006980271,1000,-1.3027542485376251,-1.2955245860234799,-1.4496366832989758,-1.1544104059676012,1000
Guizhou Province,1093.034107304723,-1.6291161311894564,-1.6171141294169251,-1.8133579811816858,-1.443535828754283,1000,-1.3055250515822725,-1.298095999746895,-1.4530794453860636,-1.156563355346083,1000
Guizhou Province,1118.5307967955664,-1.6329504977090294,-1.6209890031634693,-1.817954580154705,-1.446535407179875,1000,-1.3082895226774864,-1.3006670214281937,-1.45651553772989,-1.1587105466371992,1000
Guizhou Province,1144.6222354993088,-1.6367784893368593,-1.62466407507979,-1.8225448532243957,-1.4495294924546047,1000,-1.311047699003433,-1.3032768653733133,-1.459944996714055,-1.160852016396494,1000
Guizhou Province,1171.3222968494574,-1.6406001387112048,-1.628332734900689,-1.827114503170169,-1.4525203150568942,1000,-1.3137996173944335,-1.3059548723318772,-1.4633678584004504,-1.1629878008199184,1000
Guizhou Province,1198.6451778985356,-1.6444154781939537,-1.631995016042906,-1.831669947765651,-1.4555050010175696,1000,-1.3165453143433348,-1.308626642400151,-1.4667841585331698,-1.165117935748582,1000
Guizhou Province,1226.605406866995,-1.64822453987387,-1.635650951637122,-1.8362191134360257,-1.4584435527703845,1000,-1.3192848260058156,-1.3113089946931813,-1.4701939325423647,-1.167242456673427,1000
Guizhou Province,1255.217850868213,-1.6520273555698,-1.639300574531355,-1.8407620300504073,-1.461189645460514,1000,-1.3220181882046187,-1.3139554416071069,-1.4735972155480326,-1.1693613987398268,1000
Guizhou Province,1284.497723813686,-1.655823956833823,-1.6429439172942955,-1.8452987272374959,-1.4639298678470765,1000,-1.3247454364337228,-1.3165476811877261,-1.4769940423637526,-1.1714747967521075,1000
Guizhou Province,1314.460594502625,-1.6596143749543577,-1.646587570609681,-1.849829234388294,-1.466664252999045,1000,-1.3274666058624407,-1.319219050505386,-1.4803844475003634,-1.1735826851779951,1000
Guizhou Province,1345.1223949002585,-1.6633986409592252,-1.6503807733604603,-1.8543535806587865,-1.469392833688278,1000,-1.330181731339462,-1.321909284833882,-1.483768465169584,-1.1756856282368906,1000
Guizhou Province,1376.4994286092262,-1.6671767856186603,-1.6541679431484608,-1.858871794972574,-1.4721156423931587,1000,-1.3328908473968228,-1.3244623719778446,-1.4871461292875794,-1.177785270688618,1000
Guizhou Province,1408.6083795385944,-1.6709488394482848,-1.6578722927893066,-1.8633839060234791,-1.4748327113021842,1000,-1.3355939882538226,-1.327026149427943,-1.4905174734784736,-1.1798795076559205,1000
Guizhou Province,1441.4663207750823,-1.6747148327120336,-1.66153333103078,-1.8678899422781052,-1.4775440723174917,1000,-1.3382911878208743,-1.329668613740782,-1.4938825310778094,-1.1819683722550711,1000
Guizhou Province,1475.090723661225,-1.6784747954250363,-1.6651883303147827,-1.8723899319783648,-1.4802497570583368,1000,-1.3409824797032945,-1.332305234779422,-1.497241335135953,-1.184051897287606,1000
Guizhou Province,1509.4994670853025,-1.6822287573564632,-1.6688373208455332,-1.8768839031439704,-1.4830658241746069,1000,-1.3436678972050409,-1.3349893688101861,-1.5005939184214552,-1.1861301152443469,1000
Guizhou Province,1544.710846987959,-1.68597674803232,-1.6725531634392143,-1.8813718835748847,-1.4860394514085773,1000,-1.3463474733323841,-1.3376683664191167,-1.5039403134243514,-1.1882030583093606,1000
Guizhou Province,1580.7435860905916,-1.6897187967382117,-1.6763896903126407,-1.885853900853748,-1.4890107520636542,1000,-1.3490212407975284,-1.3403790832658495,-1.507280552359424,-1.1902707583638514,1000
Guizhou Province,1617.6168438506609,-1.6934549325220605,-1.680220446114434,-1.8903299823482553,-1.4919806945053222,1000,-1.3516892320221758,-1.3430365208906245,-1.5106146671694065,-1.1923332469899974,1000
Guizhou Province,1655.3502266492274,-1.6971851841967827,-1.68404545845587,-1.894819907921159,-1.4949450339535608,1000,-1.354351479141036,-1.345502464401167,-1.5139426895281483,-1.1943905554747203,1000
Guizhou Province,1693.963798216125,-1.7009095803429368,-1.6878647547281918,-1.8993729211148453,-1.4979037996867288,1000,-1.3570080140052807,-1.348004084895061,-1.5172646508437264,-1.1964427148134005,1000
Guizhou Province,1733.4780902983257,-1.704628149311322,-1.6916419112806271,-1.9039201753870423,-1.5008570207360392,1000,-1.3596588681859487,-1.350811580144112,-1.5205805822615157,-1.1984897557135301,1000
Guizhou Province,1773.9141135771447,-1.7083409192255452,-1.6952474423764472,-1.9084658764237046,-1.5038047258884237,1000,-1.3623040729772962,-1.3535000031702122,-1.5238905146672106,-1.2005317085983118,1000
Guizhou Province,1815.2933688401208,-1.712047917984552,-1.698944060591239,-1.9132360162694593,-1.5067469436893548,1000,-1.3649436594001003,-1.355985679176641,-1.527194478689808,-1.2025697868127385,1000
Guizhou Province,1857.6378584134918,-1.7157491732651213,-1.7025162857187308,-1.9180356196729809,-1.5096837024456284,1000,-1.3675776582049102,-1.3584658145390425,-1.530492504704539,-1.204605622222617,1000
Guizhou Province,1900.9700978613503,-1.71944471252432,-1.7060827197608959,-1.9228183070885272,-1.512615030228103,1000,-1.370206099875249,-1.3609404402392133,-1.5336007787431563,-1.2066364584831484,1000
Guizhou Province,1945.3131279576971,-1.7231345630019297,-1.7096433908633215,-1.927595653752912,-1.5155409548744005,1000,-1.3728290146307711,-1.363553359177203,-1.5366724284244062,-1.2086623248949293,1000
Guizhou Province,1990.6905269377744,-1.7268187517228373,-1.7131250998416774,-1.9323676824176823,-1.518461503991568,1000,-1.3754464324303683,-1.3662737736108408,-1.5397382282392682,-1.2106832504917682,1000
Guizhou Province,2037.1264230351558,-1.7304973054993862,-1.7165470871968993,-1.9371344156674404,-1.5213767049587015,1000,-1.3780583829752335,-1.3690569867667912,-1.5431562150391864,-1.2126259693936763,1000
Guizhou Province,2084.645507311306,-1.7341702509337056,-1.7199632871169621,-1.94189587592158,-1.5242865849295293,1000,-1.3806648957118777,-1.3717564287741644,-1.5465870630121907,-1.214531635585425,1000
Guizhou Province,2133.2730467844,-1.7378376144199938,-1.7233737279742798,-1.9466520854359972,-1.527191170834961,1000,-1.3832659998351005,-1.3743199555658516,-1.5500123993944626,-1.2164324698041507,1000
Guizhou Province,2183.034897864388,-1.7414994221467828,-1.7269296054914527,-1.951403066304776,-1.5300904893855993,1000,-1.3858617242909204,-1.3767958775457927,-1.5534322506080922,-1.218328500646935,1000
Guizhou Province,2233.957520101469,-1.7451557000991629,-1.7305071772575868,-1.9561488404618566,-1.5327715912236721,1000,-1.388452097779459,-1.3792636755075944,-1.556714357130058,-1.220219756449614,1000
Guizhou Province,2286.067990255245,-1.7488064740609797,-1.7341186074189376,-1.9608894296826758,-1.535498196152107,1000,-1.3910371487577864,-1.3816124804659562,-1.5599699503557016,-1.2222771414577538,1000
Guizhou Province,2339.3940166920806,-1.752451769617,-1.737858739681591,-1.9656248555857911,-1.5383211863081854,1000,-1.3936169054427205,-1.3839443167431127,-1.5632199020378617,-1.2244377793369474,1000
Guizhou Province,2393.9639541182933,-1.756091612155049,-1.7414123298894832,-1.9703551396344774,-1.5412743306470378,1000,-1.3961913958135903,-1.3862709707297234,-1.5664642398666049,-1.2265936804050355,1000
Guizhou Province,2449.8068186570204,-1.7597260268681156,-1.744943841709473,-1.975077557674287,-1.5441653986629853,1000,-1.3987606476149563,-1.3887226444219767,-1.5697029913111988,-1.2286273993733512,1000
Guizhou Province,2506.9523032767725,-1.7633550387564332,-1.7484698925188276,-1.979639773854383,-1.547048047966188,1000,-1.4013246883592922,-1.391269316590826,-1.572936183622536,-1.2305931228410467,1000
Guizhou Province,2565.430793579896,-1.7669786726295273,-1.7519905078410303,-1.9839481874660063,-1.5499257545673708,1000,-1.4038835453296286,-1.3937006114856136,-1.5761638438355234,-1.2325542094647886,1000
Guizhou Province,2625.273383959301,-1.7705969531082395,-1.755624171185918,-1.9882511818524946,-1.5527985424493047,1000,-1.4064372455821585,-1.396133135780127,-1.579385998771445,-1.2345106853556858,1000
Guizhou Province,2686.5118941320907,-1.7742099046267212,-1.7592744008178685,-1.9925487803677817,-1.5556664354057232,1000,-1.408985815948804,-1.3985605614875558,-1.5826026750402784,-1.2364644469901593,1000
Guizhou Province,2749.1788860588554,-1.7778175514344015,-1.7629193577130349,-1.9968410061956712,-1.5585294570433756,1000,-1.4115292830397494,-1.4009829156134557,-1.5858128953012092,-1.2384185763559432,1000
Guizhou Province,2813.307681257635,-1.7814199175979284,-1.76653824558622,-2.001127882351575,-1.5613876307840502,1000,-1.4140676732459352,-1.4034461405987204,-1.5890104107807148,-1.2403681708067953,1000
Guizhou Province,2878.932378521753,-1.7850170270030843,-1.7701742753418626,-2.005815726480109,-1.5642409798665697,1000,-1.4166010127415187,-1.4060120438204937,-1.5922025209557247,-1.2423132555211838,1000
Guizhou Province,2946.08787205096,-1.7886089033566768,-1.7738051664049683,-2.010685755460729,-1.5670895273487595,1000,-1.4191293274862984,-1.4085728889243234,-1.595389251675397,-1.2442538554601177,1000
Guizhou Province,3014.8098700054866,-1.7921955701883996,-1.7774309416697909,-2.0155512206143182,-1.569933296109391,1000,-1.4216526432281058,-1.411128701756743,-1.5985706285880708,-1.246189995369676,1000
Guizhou Province,3085.134913492927,-1.7957770508526767,-1.7810516238609972,-2.0204121396940247,-1.5727723088500953,1000,-1.4241709855051623,-1.4136795079542792,-1.6017466771434157,-1.2481216997835007,1000
Guizhou Province,3157.100395998003,-1.7993533685304728,-1.7846672355354123,-2.0252685303324385,-1.5756065880972503,1000,-1.4266843796484021,-1.4161289903354701,-1.604917422594549,-1.2500489930252567,1000
Guizhou Province,3230.744583265561,-1.8029245462310872,-1.7881195269801973,-2.0301204100427563,-1.57843615620385,1000,-1.429192850783765,-1.4187026214661933,-1.60808289000013,-1.2519864525123,1000
Guizhou Province,3306.106633647381,-1.8064906067939226,-1.7915634581853814,-2.0349626143810715,-1.5812430525942154,1000,-1.4316964238344576,-1.421151417401156,-1.61124310422642,-1.254060709368653,1000
Guizhou Province,3383.2266189235816,-1.8100515728902251,-1.7950421273707806,-2.0397963878009104,-1.5840779733417878,1000,-1.434195123523179,-1.4237021648073815,-1.614456860692496,-1.2561306056428714,1000
Guizhou Province,3462.1455456097387,-1.8136074670248092,-1.7984667091348787,-2.044403339982701,-1.5868907502507272,1000,-1.4366889743743188,-1.4262480011608898,-1.6175597066938618,-1.2581961641035997,1000
Guizhou Province,3542.905376761018,-1.8171583115377559,-1.8018748130787237,-2.048696293565884,-1.5896989018180114,1000,-1.4391780007161248,-1.4287889510144405,-1.6207029660652716,-1.2602574073325448,1000
Guizhou Province,3625.549054284918,-1.8207041286060863,-1.8052509918408557,-2.052984102786753,-1.592502449579477,1000,-1.4416622266828407,-1.4313250387254801,-1.623760628302591,-1.2623143577265543,1000
Guizhou Province,3710.1205217744946,-1.8242449402454224,-1.8085349597898486,-2.0572667888832785,-1.5953020508537845,1000,-1.4441416762168113,-1.4338562884582622,-1.6266832036870256,-1.2643670374996678,1000
Guizhou Province,3796.6647478742193,-1.8277807683116147,-1.8119012988613221,-2.0615425640093807,-1.5981024011199056,1000,-1.446616373070565,-1.436354098463127,-1.629600551147229,-1.2664154686851383,1000
Guizhou Province,3885.227750190846,-1.8313116345023586,-1.8153464190761937,-2.065810188704344,-1.6008311862185665,1000,-1.4490863408088603,-1.4388244699119563,-1.6325126958036102,-1.2684596731374262,1000
Guizhou Province,3975.8566197620753,-1.834837560358782,-1.818726548185365,-2.0700668633469768,-1.6036772749680501,1000,-1.4515516028107125,-1.4412900652150844,-1.635419662582854,-1.2704694122938696,1000
Guizhou Province,4068.5995460959625,-1.8383585672670206,-1.8221017175193497,-2.074318165071523,-1.6064518737406588,1000,-1.4540121822713847,-1.443803389376521,-1.638321476219961,-1.272331268885068,1000
Guizhou Province,4163.5058427944205,-1.8418746764597658,-1.8254719489083375,-2.0786131734600883,-1.6092133644013011,1000,-1.4564681022043593,-1.4463503167579523,-1.6412181612602696,-1.2741890180560584,1000
Guizhou Province,4260.625973774416,-1.8453859090177964,-1.8289026165102409,-2.0833067086518295,-1.6119685610966334,1000,-1.4589193854432756,-1.4487769630881888,-1.644124565359756,-1.27604268149869,1000
Guizhou Province,4360.011580100847,-1.8488922858714905,-1.8324531517349427,-2.087995584182376,-1.6147191959841596,1000,-1.4613660546438494,-1.4511319914471843,-1.6470646934465316,-1.2778922807264677,1000
Guizhou Province,4461.715507445286,-1.8523938278023186,-1.8360304503301121,-2.0926798178933743,-1.6174652900534627,1000,-1.4638081322857586,-1.4535131270727795,-1.6499999003561603,-1.2797378370765287,1000
Guizhou Province,4565.791834185288,-1.8558905554443141,-1.8395579131495985,-2.097355515305464,-1.6202068641378178,1000,-1.46624564067451,-1.4559336062960802,-1.6529296050855629,-1.2815793717115915,1000
Guizhou Province,4672.295900159139,-1.8593824892855313,-1.843080786817667,-2.1020263398754286,-1.6229439389157914,1000,-1.4686786019432767,-1.4583402749188583,-1.6558477016858975,-1.2834169056218778,1000
Guizhou Province,4781.284336091342,-1.8628696496694805,-1.8465975392616312,-2.106692576721965,-1.6256765349128197,1000,-1.4711070380547144,-1.4606300986301348,-1.6587609439562019,-1.2852504596270093,1000
Guizhou Province,4892.815093704534,-1.8663520567965457,-1.8499393335257337,-2.11135424322134,-1.6284046725027714,1000,-1.4735309708027517,-1.4630466709183239,-1.6616693541359444,-1.2870800543778758,1000
Guizhou Province,5006.947476533754,-1.8698297307253853,-1.8533479747652812,-2.115547222030509,-1.631128371909483,1000,-1.4759504218143553,-1.4655420793612004,-1.6645729543000256,-1.2889057103584807,1000
Guizhou Province,5123.742171459548,-1.873302691374317,-1.8567980414765568,-2.1197114926102265,-1.633847653208279,1000,-1.4783654125512764,-1.4679678137264935,-1.6674717663604524,-1.2907274478877597,1000
Guizhou Province,5243.261280976617,-1.8767709585226808,-1.860243471252216,-2.1239288154015026,-1.6365625363274725,1000,-1.480775964311768,-1.470361170751687,-1.670365812067988,-1.2925452871213725,1000
Guizhou Province,5365.56835621517,-1.8802345518121897,-1.8636842834771992,-2.1285553650875104,-1.6392730410498448,1000,-1.4831820982322863,-1.472750083267913,-1.6732551130137847,-1.294360876841721,1000
Guizhou Province,5490.72843073256,-1.883693490748261,-1.8671204974019875,-2.133177627920536,-1.6419281341695653,1000,-1.4855838352891633,-1.4751345725088156,-1.6761396906309876,-1.2961735670124699,1000
Guizhou Province,5618.808055093179,-1.8871477947013322,-1.870524168152191,-2.137793962469639,-1.6444921435726643,1000,-1.487981196300263,-1.477560728959932,-1.6790195661963292,-1.2979824175406955,1000
Guizhou Province,5749.8753322549355,-1.8905974829081602,-1.8739183461250764,-2.1420054033002556,-1.6470518040525457,1000,-1.490374201926612,-1.4801028995972856,-1.6818947608316923,-1.2997874479392648,1000
Guizhou Province,5883.999953781219,-1.894042574473104,-1.8773505865622333,-2.146166351528173,-1.6496071354563013,1000,-1.4927628726740112,-1.4824310578630073,-1.6847652955056607,-1.3015886775665018,1000
Guizhou Province,6021.253236897546,-1.8974830883693938,-1.8808764286930844,-2.150322500180751,-1.6521581574855184,1000,-1.4951472288946257,-1.4847154675433991,-1.6876745546880767,-1.3033861256278396,1000
Guizhou Province,6161.708162412614,-1.9009190434403818,-1.884525891741791,-2.154473868037488,-1.6547048896977437,1000,-1.4975272907885546,-1.4869956009097574,-1.6906900736742945,-1.3051798111774497,1000
Guizhou Province,6305.439413523907,-1.9043504584007795,-1.8879977235184306,-2.158620473753825,-1.6572473515079222,1000,-1.4999030784053802,-1.4893797648294314,-1.693669282224671,-1.3069697531198485,1000
Guizhou Province,6452.523415528545,-1.9077773518378796,-1.8914400497560933,-2.162762335862294,-1.659785562189827,1000,-1.502274611645697,-1.4918205131461,-1.69640470362367,-1.3087559702114842,1000
Guizhou Province,6603.038376460375,-1.9111997422127627,-1.8949859295457268,-2.166899472773655,-1.662319540877461,1000,-1.5046419102626225,-1.4942570112136622,-1.6991355241563604,-1.3105384810623009,1000
Guizhou Province,6757.064328675056,-1.9146176478614891,-1.8985296195631793,-2.171031902778018,-1.6648493065664467,1000,-1.5070049938632852,-1.4966731685785932,-1.7019140506848982,-1.3123173041372826,1000
Guizhou Province,6914.683171405141,-1.9180310869962776,-1.9019314826184535,-2.1751596440459533,-1.6673748781153999,1000,-1.5093638819103001,-1.4991173343101778,-1.7048696182965724,-1.3141776071988582,1000
Guizhou Province,7075.978714307829,-1.9214400777066691,-1.905097790673715,-2.1792827146295846,-1.6698962742472803,1000,-1.5117185937232176,-1.501470437422856,-1.7078925557721418,-1.3160604816153698,1000
Guizhou Province,7241.03672202856,-1.9248446379606758,-1.9082611220729564,-2.183401132463675,-1.6724135135507316,1000,-1.5140691484799598,-1.5037254825231794,-1.7109110590563967,-1.3179396644231391,1000
Guizhou Province,7409.94495980406,-1.9282447856059177,-1.91154240531979,-2.187514915366696,-1.6749266144814003,1000,-1.516415565218235,-1.5059764105096494,-1.7139251468811743,-1.3198151734014898,1000
Guizhou Province,7582.793240129217,-1.9316405383707447,-1.9148193070724309,-2.1916240810418866,-1.677435595363239,1000,-1.5187578628369385,-1.5082232405190057,-1.7169342794242413,-1.3216870261953706,1000
Guizhou Province,7759.673470512497,-1.9350319138653451,-1.9180918451082705,-2.1957286470782975,-1.6799404743897952,1000,-1.5210960600975307,-1.5105040437397697,-1.719932108944644,-1.3235552403167294,1000
Guizhou Province,7940.679702345331,-1.9384189295828427,-1.921360037085543,-2.1998286309518233,-1.6824412696254842,1000,-1.5234301756254014,-1.512844834331602,-1.722925576866488,-1.325419833145872,1000
Guizhou Province,8125.908180911453,-1.9418016029003786,-1.9245887967387227,-2.203924050026228,-1.6849379990068425,1000,-1.5257602279112163,-1.5151815651158116,-1.725695224633369,-1.3272808219327998,1000
Guizhou Province,8315.457396562822,-1.945179951080182,-1.9278056961222916,-2.2080149215541502,-1.6874306803437704,1000,-1.5280862353122457,-1.5175651073053333,-1.7283695006068842,-1.329138223798536,1000
Guizhou Province,8509.428137089213,-1.9485539912706262,-1.9310182645617435,-2.212101262678103,-1.6899193313207577,1000,-1.5304082160536785,-1.5199638542262746,-1.7310394584725601,-1.3309920557364294,1000
Guizhou Province,8707.9235413095,-1.9519237405072754,-1.934215949839854,-2.2161830904314592,-1.6924039694980912,1000,-1.5327261882299168,-1.5221487465327392,-1.7337051170359448,-1.3328423346134444,1000
Guizhou Province,8911.049153912983,-1.9552892157139163,-1.9373892183712116,-2.220260421739427,-1.694884612313055,1000,-1.5350401698058578,-1.5244173146797473,-1.7363664949708932,-1.3346890771714337,1000
Guizhou Province,9118.912981580002,-1.9586504337035793,-1.940729752496579,-2.224333273420014,-1.6974114231699673,1000,-1.5373501786181583,-1.526772566360202,-1.7390236108208323,-1.336532300028397,1000
Guizhou Province,9331.625550411616,-1.9620074111795454,-1.9441171500612993,-2.228401662184979,-1.6999547756535653,1000,-1.539656232376483,-1.52916443973575,-1.741676483000009,-1.3383720196797204,1000
Guizhou Province,9549.29996469898,-1.9653601647363466,-1.9473980751994522,-2.232465604640773,-1.7024941680405323,1000,-1.5419583486647392,-1.5314901431331136,-1.7443251297947242,-1.3402082524994012,1000
Guizhou Province,9772.05196706351,-1.9687087108607477,-1.950726878023509,-2.2365251172894736,-1.7050296171795614,1000,-1.5442565449422943,-1.533764691817805,-1.7469695693645513,-1.34204101474126,1000
Guizhou Province,10000.0,-1.9720530659327227,-1.9540515485779668,-2.2405802165297017,-1.7075611398036947,1000,-1.5465508385451792,-1.536048103297727,-1.7496805307163978,-1.3438703225401345,1000
