scenario,ensemble,r,p,province,hydro_std_anom_sep,population_total,population_used,population_coverage_fraction
counterfactual,1,1,1,Sichuan Province,-0.34195481421308416,88156760.0,88156760.0,1.0
counterfactual,2,1,2,Sichuan Province,0.051554910211345235,88156760.0,88156760.0,1.0
counterfactual,3,1,3,Sichuan Province,-0.07766772181950951,88156760.0,88156760.0,1.0
counterfactual,4,1,4,Sichuan Province,1.1519552216961373,88156760.0,88156760.0,1.0
counterfactual,5,1,5,Sichuan Province,0.22178605087421088,88156760.0,88156760.0,1.0
counterfactual,6,2,1,Sichuan Province,0.2886127446718322,88156760.0,88156760.0,1.0
counterfactual,7,2,2,Sichuan Province,0.0963236094711014,88156760.0,88156760.0,1.0
counterfactual,8,2,3,Sichuan Province,0.20101916079402313,88156760.0,88156760.0,1.0
counterfactual,9,2,4,Sichuan Province,0.2649061586942291,88156760.0,88156760.0,1.0
counterfactual,10,2,5,Sichuan Province,0.003935342545154457,88156760.0,88156760.0,1.0
counterfactual,11,3,1,Sichuan Province,0.27131977133808916,88156760.0,88156760.0,1.0
counterfactual,12,3,2,Sichuan Province,0.3582959476860812,88156760.0,88156760.0,1.0
counterfactual,13,3,3,Sichuan Province,0.9227909159456295,88156760.0,88156760.0,1.0
counterfactual,14,3,4,Sichuan Province,0.07046697758266277,88156760.0,88156760.0,1.0
counterfactual,15,3,5,Sichuan Province,-0.15715511761976614,88156760.0,88156760.0,1.0
counterfactual,16,4,1,Sichuan Province,-0.3785056540595259,88156760.0,88156760.0,1.0
counterfactual,17,4,2,Sichuan Province,-0.685941227977181,88156760.0,88156760.0,1.0
counterfactual,18,4,3,Sichuan Province,0.7921031385329657,88156760.0,88156760.0,1.0
counterfactual,19,4,4,Sichuan Province,-0.24904678510749734,88156760.0,88156760.0,1.0
counterfactual,20,4,5,Sichuan Province,0.8819335974653716,88156760.0,88156760.0,1.0
counterfactual,21,5,1,Sichuan Province,-0.026022533702906296,88156760.0,88156760.0,1.0
counterfactual,22,5,2,Sichuan Province,0.5701831405108441,88156760.0,88156760.0,1.0
counterfactual,23,5,3,Sichuan Province,0.6140003567764855,88156760.0,88156760.0,1.0
counterfactual,24,5,4,Sichuan Province,-0.353971385485623,88156760.0,88156760.0,1.0
counterfactual,25,5,5,Sichuan Province,0.8129843715794791,88156760.0,88156760.0,1.0
counterfactual,26,6,1,Sichuan Province,0.6301856585111539,88156760.0,88156760.0,1.0
counterfactual,27,6,2,Sichuan Province,0.6172893892977879,88156760.0,88156760.0,1.0
counterfactual,28,6,3,Sichuan Province,0.5719677838853389,88156760.0,88156760.0,1.0
counterfactual,29,6,4,Sichuan Province,-0.31943483000399236,88156760.0,88156760.0,1.0
counterfactual,30,6,5,Sichuan Province,-0.23749983653155124,88156760.0,88156760.0,1.0
counterfactual,31,7,1,Sichuan Province,0.46063740369704415,88156760.0,88156760.0,1.0
counterfactual,32,7,2,Sichuan Province,0.855527280545741,88156760.0,88156760.0,1.0
counterfactual,33,7,3,Sichuan Province,0.38636567338665856,88156760.0,88156760.0,1.0
counterfactual,34,7,4,Sichuan Province,-0.45412271090752854,88156760.0,88156760.0,1.0
counterfactual,35,7,5,Sichuan Province,0.20258398798969504,88156760.0,88156760.0,1.0
counterfactual,36,8,1,Sichuan Province,0.027165244564139684,88156760.0,88156760.0,1.0
counterfactual,37,8,2,Sichuan Province,-0.11712677711565084,88156760.0,88156760.0,1.0
counterfactual,38,8,3,Sichuan Province,0.3586487288623728,88156760.0,88156760.0,1.0
counterfactual,39,8,4,Sichuan Province,0.554408425270358,88156760.0,88156760.0,1.0
counterfactual,40,8,5,Sichuan Province,1.0483369590855323,88156760.0,88156760.0,1.0
counterfactual,41,9,1,Sichuan Province,0.08082945320290714,88156760.0,88156760.0,1.0
counterfactual,42,9,2,Sichuan Province,-0.13899503961136322,88156760.0,88156760.0,1.0
counterfactual,43,9,3,Sichuan Province,-0.18248214657351045,88156760.0,88156760.0,1.0
counterfactual,44,9,4,Sichuan Province,0.12093985882232558,88156760.0,88156760.0,1.0
counterfactual,45,9,5,Sichuan Province,0.6441921533377419,88156760.0,88156760.0,1.0
counterfactual,46,10,1,Sichuan Province,0.35768787088495807,88156760.0,88156760.0,1.0
counterfactual,47,10,2,Sichuan Province,0.09930528086636156,88156760.0,88156760.0,1.0
counterfactual,48,10,3,Sichuan Province,0.7527811741977,88156760.0,88156760.0,1.0
counterfactual,49,10,4,Sichuan Province,-0.559888816021907,88156760.0,88156760.0,1.0
counterfactual,50,10,5,Sichuan Province,0.06927202795420916,88156760.0,88156760.0,1.0
counterfactual,51,11,1,Sichuan Province,0.08014396989580526,88156760.0,88156760.0,1.0
counterfactual,52,11,2,Sichuan Province,-0.2954069718658048,88156760.0,88156760.0,1.0
counterfactual,53,11,3,Sichuan Province,0.2863122038955034,88156760.0,88156760.0,1.0
counterfactual,54,11,4,Sichuan Province,-1.0260477397446062,88156760.0,88156760.0,1.0
counterfactual,55,11,5,Sichuan Province,1.4870095817563171,88156760.0,88156760.0,1.0
counterfactual,56,12,1,Sichuan Province,-0.17008032974403767,88156760.0,88156760.0,1.0
counterfactual,57,12,2,Sichuan Province,0.1441908793749171,88156760.0,88156760.0,1.0
counterfactual,58,12,3,Sichuan Province,-0.8143736498897655,88156760.0,88156760.0,1.0
counterfactual,59,12,4,Sichuan Province,-0.10109517562549188,88156760.0,88156760.0,1.0
counterfactual,60,12,5,Sichuan Province,0.7294880878526929,88156760.0,88156760.0,1.0
counterfactual,61,13,1,Sichuan Province,0.4654105090035356,88156760.0,88156760.0,1.0
counterfactual,62,13,2,Sichuan Province,-0.8264406774038792,88156760.0,88156760.0,1.0
counterfactual,63,13,3,Sichuan Province,0.5714659498928311,88156760.0,88156760.0,1.0
counterfactual,64,13,4,Sichuan Province,-0.1117498279966382,88156760.0,88156760.0,1.0
counterfactual,65,13,5,Sichuan Province,-0.14013871446731932,88156760.0,88156760.0,1.0
counterfactual,66,14,1,Sichuan Province,1.0431191930287789,88156760.0,88156760.0,1.0
counterfactual,67,14,2,Sichuan Province,-0.18076747310086116,88156760.0,88156760.0,1.0
counterfactual,68,14,3,Sichuan Province,0.9986126610979167,88156760.0,88156760.0,1.0
counterfactual,69,14,4,Sichuan Province,-0.07782460346609395,88156760.0,88156760.0,1.0
counterfactual,70,14,5,Sichuan Province,0.6573502679129274,88156760.0,88156760.0,1.0
counterfactual,71,15,1,Sichuan Province,0.06005041513306489,88156760.0,88156760.0,1.0
counterfactual,72,15,2,Sichuan Province,0.6411111835413125,88156760.0,88156760.0,1.0
counterfactual,73,15,3,Sichuan Province,0.5972712966035818,88156760.0,88156760.0,1.0
counterfactual,74,15,4,Sichuan Province,-0.19041327702646718,88156760.0,88156760.0,1.0
counterfactual,75,15,5,Sichuan Province,-0.1246100778437337,88156760.0,88156760.0,1.0
counterfactual,76,16,1,Sichuan Province,0.50303687713478,88156760.0,88156760.0,1.0
counterfactual,77,16,2,Sichuan Province,0.3669520944211117,88156760.0,88156760.0,1.0
counterfactual,78,16,3,Sichuan Province,0.07603115652023575,88156760.0,88156760.0,1.0
counterfactual,79,16,4,Sichuan Province,-0.24983319785894365,88156760.0,88156760.0,1.0
counterfactual,80,16,5,Sichuan Province,0.2893224150401396,88156760.0,88156760.0,1.0
counterfactual,81,17,1,Sichuan Province,0.8894390086156191,88156760.0,88156760.0,1.0
counterfactual,82,17,2,Sichuan Province,-0.557413103377371,88156760.0,88156760.0,1.0
counterfactual,83,17,3,Sichuan Province,0.06242353041678411,88156760.0,88156760.0,1.0
counterfactual,84,17,4,Sichuan Province,0.20535171940658795,88156760.0,88156760.0,1.0
counterfactual,85,17,5,Sichuan Province,-0.30062554508633377,88156760.0,88156760.0,1.0
counterfactual,86,18,1,Sichuan Province,0.6485184221138,88156760.0,88156760.0,1.0
counterfactual,87,18,2,Sichuan Province,0.34676982408431634,88156760.0,88156760.0,1.0
counterfactual,88,18,3,Sichuan Province,0.32058369970161893,88156760.0,88156760.0,1.0
counterfactual,89,18,4,Sichuan Province,-0.6204580113872346,88156760.0,88156760.0,1.0
counterfactual,90,18,5,Sichuan Province,0.18242301207647896,88156760.0,88156760.0,1.0
counterfactual,91,19,1,Sichuan Province,-0.15522831505822565,88156760.0,88156760.0,1.0
counterfactual,92,19,2,Sichuan Province,0.5656314967161032,88156760.0,88156760.0,1.0
counterfactual,93,19,3,Sichuan Province,0.6033445449947953,88156760.0,88156760.0,1.0
counterfactual,94,19,4,Sichuan Province,0.5768680485086153,88156760.0,88156760.0,1.0
counterfactual,95,19,5,Sichuan Province,-0.2983851505260168,88156760.0,88156760.0,1.0
counterfactual,96,20,1,Sichuan Province,0.6683794530987386,88156760.0,88156760.0,1.0
counterfactual,97,20,2,Sichuan Province,-0.42176000215023424,88156760.0,88156760.0,1.0
counterfactual,98,20,3,Sichuan Province,1.1091249604865483,88156760.0,88156760.0,1.0
counterfactual,99,20,4,Sichuan Province,-0.24437234037520034,88156760.0,88156760.0,1.0
counterfactual,100,20,5,Sichuan Province,0.8669553221044781,88156760.0,88156760.0,1.0
counterfactual,101,21,1,Sichuan Province,-0.5096924978634454,88156760.0,88156760.0,1.0
counterfactual,102,21,2,Sichuan Province,0.6330775771454562,88156760.0,88156760.0,1.0
counterfactual,103,21,3,Sichuan Province,0.7857189885356444,88156760.0,88156760.0,1.0
counterfactual,104,21,4,Sichuan Province,1.0052488364145205,88156760.0,88156760.0,1.0
counterfactual,105,21,5,Sichuan Province,1.0546670022990872,88156760.0,88156760.0,1.0
counterfactual,106,22,1,Sichuan Province,-0.011399323226287155,88156760.0,88156760.0,1.0
counterfactual,107,22,2,Sichuan Province,0.5944044254419418,88156760.0,88156760.0,1.0
counterfactual,108,22,3,Sichuan Province,0.04459158058423708,88156760.0,88156760.0,1.0
counterfactual,109,22,4,Sichuan Province,0.07624364195127356,88156760.0,88156760.0,1.0
counterfactual,110,22,5,Sichuan Province,0.3519153071158387,88156760.0,88156760.0,1.0
counterfactual,111,23,1,Sichuan Province,-0.24694369350460027,88156760.0,88156760.0,1.0
counterfactual,112,23,2,Sichuan Province,0.7286311163238932,88156760.0,88156760.0,1.0
counterfactual,113,23,3,Sichuan Province,0.22142892205864367,88156760.0,88156760.0,1.0
counterfactual,114,23,4,Sichuan Province,-0.07943302682179486,88156760.0,88156760.0,1.0
counterfactual,115,23,5,Sichuan Province,0.11549238807757865,88156760.0,88156760.0,1.0
counterfactual,116,24,1,Sichuan Province,-0.15328002757140216,88156760.0,88156760.0,1.0
counterfactual,117,24,2,Sichuan Province,-0.2816892470445261,88156760.0,88156760.0,1.0
counterfactual,118,24,3,Sichuan Province,0.8662162656757786,88156760.0,88156760.0,1.0
counterfactual,119,24,4,Sichuan Province,1.1342630756596972,88156760.0,88156760.0,1.0
counterfactual,120,24,5,Sichuan Province,-1.0218870498334796,88156760.0,88156760.0,1.0
counterfactual,121,25,1,Sichuan Province,0.6537457277536868,88156760.0,88156760.0,1.0
counterfactual,122,25,2,Sichuan Province,0.8408469049052562,88156760.0,88156760.0,1.0
counterfactual,123,25,3,Sichuan Province,-0.020129777383496503,88156760.0,88156760.0,1.0
counterfactual,124,25,4,Sichuan Province,-0.4374442504906274,88156760.0,88156760.0,1.0
counterfactual,125,25,5,Sichuan Province,-0.4497227438720988,88156760.0,88156760.0,1.0
counterfactual,126,26,1,Sichuan Province,0.3785188170999978,88156760.0,88156760.0,1.0
counterfactual,127,26,2,Sichuan Province,0.0869517615325703,88156760.0,88156760.0,1.0
counterfactual,128,26,3,Sichuan Province,-0.7254258930395604,88156760.0,88156760.0,1.0
counterfactual,129,26,4,Sichuan Province,0.4065981490893058,88156760.0,88156760.0,1.0
counterfactual,130,26,5,Sichuan Province,0.017587554726721875,88156760.0,88156760.0,1.0
counterfactual,131,27,1,Sichuan Province,1.2481318832623254,88156760.0,88156760.0,1.0
counterfactual,132,27,2,Sichuan Province,1.2525940850744162,88156760.0,88156760.0,1.0
counterfactual,133,27,3,Sichuan Province,-0.05280942750802696,88156760.0,88156760.0,1.0
counterfactual,134,27,4,Sichuan Province,-0.22777484404384646,88156760.0,88156760.0,1.0
counterfactual,135,27,5,Sichuan Province,0.5978934528024885,88156760.0,88156760.0,1.0
counterfactual,136,28,1,Sichuan Province,-0.7063857893409432,88156760.0,88156760.0,1.0
counterfactual,137,28,2,Sichuan Province,-0.0434094166817939,88156760.0,88156760.0,1.0
counterfactual,138,28,3,Sichuan Province,0.5540602125394222,88156760.0,88156760.0,1.0
counterfactual,139,28,4,Sichuan Province,-0.18735041768769614,88156760.0,88156760.0,1.0
counterfactual,140,28,5,Sichuan Province,0.47455903738153477,88156760.0,88156760.0,1.0
counterfactual,141,29,1,Sichuan Province,-0.009793948499649083,88156760.0,88156760.0,1.0
counterfactual,142,29,2,Sichuan Province,1.2117655279476642,88156760.0,88156760.0,1.0
counterfactual,143,29,3,Sichuan Province,0.687005866377956,88156760.0,88156760.0,1.0
counterfactual,144,29,4,Sichuan Province,0.02311150657837805,88156760.0,88156760.0,1.0
counterfactual,145,29,5,Sichuan Province,-0.8795423230058441,88156760.0,88156760.0,1.0
counterfactual,146,30,1,Sichuan Province,-0.020436584109949116,88156760.0,88156760.0,1.0
counterfactual,147,30,2,Sichuan Province,0.08689190065244301,88156760.0,88156760.0,1.0
counterfactual,148,30,3,Sichuan Province,0.2834563364149881,88156760.0,88156760.0,1.0
counterfactual,149,30,4,Sichuan Province,0.2474084926864462,88156760.0,88156760.0,1.0
counterfactual,150,30,5,Sichuan Province,1.3120751123735241,88156760.0,88156760.0,1.0
counterfactual,151,31,1,Sichuan Province,0.6098358568482056,88156760.0,88156760.0,1.0
counterfactual,152,31,2,Sichuan Province,0.5712231128665592,88156760.0,88156760.0,1.0
counterfactual,153,31,3,Sichuan Province,0.481696375074742,88156760.0,88156760.0,1.0
counterfactual,154,31,4,Sichuan Province,-0.36685742317992576,88156760.0,88156760.0,1.0
counterfactual,155,31,5,Sichuan Province,0.3557024761528758,88156760.0,88156760.0,1.0
counterfactual,156,32,1,Sichuan Province,-0.22763372830749795,88156760.0,88156760.0,1.0
counterfactual,157,32,2,Sichuan Province,-0.0030322844397327577,88156760.0,88156760.0,1.0
counterfactual,158,32,3,Sichuan Province,-0.36521369260342307,88156760.0,88156760.0,1.0
counterfactual,159,32,4,Sichuan Province,0.1232843937134441,88156760.0,88156760.0,1.0
counterfactual,160,32,5,Sichuan Province,-1.412105198754693,88156760.0,88156760.0,1.0
counterfactual,161,33,1,Sichuan Province,-0.11332038491727847,88156760.0,88156760.0,1.0
counterfactual,162,33,2,Sichuan Province,0.8180362470114784,88156760.0,88156760.0,1.0
counterfactual,163,33,3,Sichuan Province,-0.16533844921013097,88156760.0,88156760.0,1.0
counterfactual,164,33,4,Sichuan Province,0.3592500447692396,88156760.0,88156760.0,1.0
counterfactual,165,33,5,Sichuan Province,-0.9034602275150313,88156760.0,88156760.0,1.0
counterfactual,166,34,1,Sichuan Province,0.4566523705856713,88156760.0,88156760.0,1.0
counterfactual,167,34,2,Sichuan Province,0.5511855214626676,88156760.0,88156760.0,1.0
counterfactual,168,34,3,Sichuan Province,0.8396466093105289,88156760.0,88156760.0,1.0
counterfactual,169,34,4,Sichuan Province,-1.2070190141562778,88156760.0,88156760.0,1.0
counterfactual,170,34,5,Sichuan Province,-0.004379154406258088,88156760.0,88156760.0,1.0
counterfactual,171,35,1,Sichuan Province,-0.2393140754566939,88156760.0,88156760.0,1.0
counterfactual,172,35,2,Sichuan Province,0.5585625243266431,88156760.0,88156760.0,1.0
counterfactual,173,35,3,Sichuan Province,0.5804519439851489,88156760.0,88156760.0,1.0
counterfactual,174,35,4,Sichuan Province,0.6872719037201653,88156760.0,88156760.0,1.0
counterfactual,175,35,5,Sichuan Province,0.4447330723954241,88156760.0,88156760.0,1.0
counterfactual,176,36,1,Sichuan Province,1.0165011631481682,88156760.0,88156760.0,1.0
counterfactual,177,36,2,Sichuan Province,0.37853549801957986,88156760.0,88156760.0,1.0
counterfactual,178,36,3,Sichuan Province,0.19844093645796315,88156760.0,88156760.0,1.0
counterfactual,179,36,4,Sichuan Province,0.4120166566831417,88156760.0,88156760.0,1.0
counterfactual,180,36,5,Sichuan Province,-0.2820092178772278,88156760.0,88156760.0,1.0
counterfactual,181,37,1,Sichuan Province,-0.11836049610722402,88156760.0,88156760.0,1.0
counterfactual,182,37,2,Sichuan Province,0.5226615781147834,88156760.0,88156760.0,1.0
counterfactual,183,37,3,Sichuan Province,-0.21406987368865382,88156760.0,88156760.0,1.0
counterfactual,184,37,4,Sichuan Province,0.3804154585183292,88156760.0,88156760.0,1.0
counterfactual,185,37,5,Sichuan Province,0.08567756206879955,88156760.0,88156760.0,1.0
counterfactual,186,38,1,Sichuan Province,1.3035802406014994,88156760.0,88156760.0,1.0
counterfactual,187,38,2,Sichuan Province,-0.9744094192601452,88156760.0,88156760.0,1.0
counterfactual,188,38,3,Sichuan Province,-0.059393938171592865,88156760.0,88156760.0,1.0
counterfactual,189,38,4,Sichuan Province,-0.12037436667004105,88156760.0,88156760.0,1.0
counterfactual,190,38,5,Sichuan Province,-0.2300178275806928,88156760.0,88156760.0,1.0
counterfactual,191,39,1,Sichuan Province,-0.4363365040601721,88156760.0,88156760.0,1.0
counterfactual,192,39,2,Sichuan Province,0.011877436064874828,88156760.0,88156760.0,1.0
counterfactual,193,39,3,Sichuan Province,0.6043675495946519,88156760.0,88156760.0,1.0
counterfactual,194,39,4,Sichuan Province,0.13290047969691907,88156760.0,88156760.0,1.0
counterfactual,195,39,5,Sichuan Province,0.45448671991231887,88156760.0,88156760.0,1.0
counterfactual,196,40,1,Sichuan Province,0.5878245544026771,88156760.0,88156760.0,1.0
counterfactual,197,40,2,Sichuan Province,-0.5488826798691286,88156760.0,88156760.0,1.0
counterfactual,198,40,3,Sichuan Province,0.5106371645237738,88156760.0,88156760.0,1.0
counterfactual,199,40,4,Sichuan Province,-0.925676564782185,88156760.0,88156760.0,1.0
counterfactual,200,40,5,Sichuan Province,0.275918133464299,88156760.0,88156760.0,1.0
counterfactual,201,41,1,Sichuan Province,0.09653593720919158,88156760.0,88156760.0,1.0
counterfactual,202,41,2,Sichuan Province,-0.20212341802388817,88156760.0,88156760.0,1.0
counterfactual,203,41,3,Sichuan Province,0.09371403570012093,88156760.0,88156760.0,1.0
counterfactual,204,41,4,Sichuan Province,-0.22645617526981016,88156760.0,88156760.0,1.0
counterfactual,205,41,5,Sichuan Province,0.8143433479073684,88156760.0,88156760.0,1.0
counterfactual,206,42,1,Sichuan Province,-0.4716654291330432,88156760.0,88156760.0,1.0
counterfactual,207,42,2,Sichuan Province,-0.12454980206582614,88156760.0,88156760.0,1.0
counterfactual,208,42,3,Sichuan Province,-0.007255315297145741,88156760.0,88156760.0,1.0
counterfactual,209,42,4,Sichuan Province,1.270869964128982,88156760.0,88156760.0,1.0
counterfactual,210,42,5,Sichuan Province,-0.46991955406406327,88156760.0,88156760.0,1.0
counterfactual,211,43,1,Sichuan Province,0.25330617184357046,88156760.0,88156760.0,1.0
counterfactual,212,43,2,Sichuan Province,1.4934989755261807,88156760.0,88156760.0,1.0
counterfactual,213,43,3,Sichuan Province,0.35052057422685245,88156760.0,88156760.0,1.0
counterfactual,214,43,4,Sichuan Province,0.28979813524987974,88156760.0,88156760.0,1.0
counterfactual,215,43,5,Sichuan Province,0.48421005868926353,88156760.0,88156760.0,1.0
counterfactual,216,44,1,Sichuan Province,0.42917918491309925,88156760.0,88156760.0,1.0
counterfactual,217,44,2,Sichuan Province,0.755974579131418,88156760.0,88156760.0,1.0
counterfactual,218,44,3,Sichuan Province,-0.9304989337752387,88156760.0,88156760.0,1.0
counterfactual,219,44,4,Sichuan Province,-0.45953833415801876,88156760.0,88156760.0,1.0
counterfactual,220,44,5,Sichuan Province,0.8158769071222147,88156760.0,88156760.0,1.0
counterfactual,221,45,1,Sichuan Province,-0.40231840726462686,88156760.0,88156760.0,1.0
counterfactual,222,45,2,Sichuan Province,-0.14237373692431296,88156760.0,88156760.0,1.0
counterfactual,223,45,3,Sichuan Province,0.49418221836464865,88156760.0,88156760.0,1.0
counterfactual,224,45,4,Sichuan Province,0.18923341406417607,88156760.0,88156760.0,1.0
counterfactual,225,45,5,Sichuan Province,0.8495225406168977,88156760.0,88156760.0,1.0
counterfactual,226,46,1,Sichuan Province,0.09685910828156716,88156760.0,88156760.0,1.0
counterfactual,227,46,2,Sichuan Province,0.6955364205142439,88156760.0,88156760.0,1.0
counterfactual,228,46,3,Sichuan Province,0.395532362420934,88156760.0,88156760.0,1.0
counterfactual,229,46,4,Sichuan Province,-0.07441486221423269,88156760.0,88156760.0,1.0
counterfactual,230,46,5,Sichuan Province,0.8795711819108597,88156760.0,88156760.0,1.0
counterfactual,231,47,1,Sichuan Province,0.01937269644491643,88156760.0,88156760.0,1.0
counterfactual,232,47,2,Sichuan Province,0.8247616909685792,88156760.0,88156760.0,1.0
counterfactual,233,47,3,Sichuan Province,0.25946099644918497,88156760.0,88156760.0,1.0
counterfactual,234,47,4,Sichuan Province,0.8131576217858192,88156760.0,88156760.0,1.0
counterfactual,235,47,5,Sichuan Province,0.3041363317277837,88156760.0,88156760.0,1.0
counterfactual,236,48,1,Sichuan Province,0.03575943323531333,88156760.0,88156760.0,1.0
counterfactual,237,48,2,Sichuan Province,0.6472008197401299,88156760.0,88156760.0,1.0
counterfactual,238,48,3,Sichuan Province,0.6391149318959136,88156760.0,88156760.0,1.0
counterfactual,239,48,4,Sichuan Province,-0.6950031558827787,88156760.0,88156760.0,1.0
counterfactual,240,48,5,Sichuan Province,0.5728001361663992,88156760.0,88156760.0,1.0
counterfactual,241,49,1,Sichuan Province,-0.8857396503050693,88156760.0,88156760.0,1.0
counterfactual,242,49,2,Sichuan Province,-0.5313466109918371,88156760.0,88156760.0,1.0
counterfactual,243,49,3,Sichuan Province,0.016909228070671176,88156760.0,88156760.0,1.0
counterfactual,244,49,4,Sichuan Province,0.960464967969608,88156760.0,88156760.0,1.0
counterfactual,245,49,5,Sichuan Province,0.28925418497211164,88156760.0,88156760.0,1.0
counterfactual,246,50,1,Sichuan Province,0.1951025238526294,88156760.0,88156760.0,1.0
counterfactual,247,50,2,Sichuan Province,0.7423020793471657,88156760.0,88156760.0,1.0
counterfactual,248,50,3,Sichuan Province,0.9848381586929329,88156760.0,88156760.0,1.0
counterfactual,249,50,4,Sichuan Province,0.6864237304433081,88156760.0,88156760.0,1.0
counterfactual,250,50,5,Sichuan Province,0.49026532778302034,88156760.0,88156760.0,1.0
counterfactual,251,51,1,Sichuan Province,0.10713677745677111,88156760.0,88156760.0,1.0
counterfactual,252,51,2,Sichuan Province,-0.3265059301336078,88156760.0,88156760.0,1.0
counterfactual,253,51,3,Sichuan Province,0.174200587632051,88156760.0,88156760.0,1.0
counterfactual,254,51,4,Sichuan Province,-0.25538893235383303,88156760.0,88156760.0,1.0
counterfactual,255,51,5,Sichuan Province,-0.022041647304621857,88156760.0,88156760.0,1.0
counterfactual,256,52,1,Sichuan Province,0.24713047180956224,88156760.0,88156760.0,1.0
counterfactual,257,52,2,Sichuan Province,0.9734852484891414,88156760.0,88156760.0,1.0
counterfactual,258,52,3,Sichuan Province,0.1810807626815707,88156760.0,88156760.0,1.0
counterfactual,259,52,4,Sichuan Province,-0.21574379575751484,88156760.0,88156760.0,1.0
counterfactual,260,52,5,Sichuan Province,0.5739296566278971,88156760.0,88156760.0,1.0
counterfactual,261,53,1,Sichuan Province,1.3913831570105784,88156760.0,88156760.0,1.0
counterfactual,262,53,2,Sichuan Province,0.6189699180730609,88156760.0,88156760.0,1.0
counterfactual,263,53,3,Sichuan Province,0.7638265404756164,88156760.0,88156760.0,1.0
counterfactual,264,53,4,Sichuan Province,0.6274427061370553,88156760.0,88156760.0,1.0
counterfactual,265,53,5,Sichuan Province,0.12987091952299357,88156760.0,88156760.0,1.0
counterfactual,266,54,1,Sichuan Province,0.8310457332115991,88156760.0,88156760.0,1.0
counterfactual,267,54,2,Sichuan Province,0.09732415785515698,88156760.0,88156760.0,1.0
counterfactual,268,54,3,Sichuan Province,0.25717981693336,88156760.0,88156760.0,1.0
counterfactual,269,54,4,Sichuan Province,0.8004246757064917,88156760.0,88156760.0,1.0
counterfactual,270,54,5,Sichuan Province,0.8333808814762959,88156760.0,88156760.0,1.0
counterfactual,271,55,1,Sichuan Province,1.0356093070781633,88156760.0,88156760.0,1.0
counterfactual,272,55,2,Sichuan Province,0.26239470034821916,88156760.0,88156760.0,1.0
counterfactual,273,55,3,Sichuan Province,0.21647039280447267,88156760.0,88156760.0,1.0
counterfactual,274,55,4,Sichuan Province,0.3670043053816757,88156760.0,88156760.0,1.0
counterfactual,275,55,5,Sichuan Province,-0.8852900418711128,88156760.0,88156760.0,1.0
counterfactual,276,56,1,Sichuan Province,-0.43375079496809493,88156760.0,88156760.0,1.0
counterfactual,277,56,2,Sichuan Province,-0.48623541278769844,88156760.0,88156760.0,1.0
counterfactual,278,56,3,Sichuan Province,0.7210597579047595,88156760.0,88156760.0,1.0
counterfactual,279,56,4,Sichuan Province,0.18515585564771048,88156760.0,88156760.0,1.0
counterfactual,280,56,5,Sichuan Province,-0.0426651005061111,88156760.0,88156760.0,1.0
counterfactual,281,57,1,Sichuan Province,0.14008320090999138,88156760.0,88156760.0,1.0
counterfactual,282,57,2,Sichuan Province,0.48299115973602275,88156760.0,88156760.0,1.0
counterfactual,283,57,3,Sichuan Province,1.0447523140648425,88156760.0,88156760.0,1.0
counterfactual,284,57,4,Sichuan Province,-0.3882381234016008,88156760.0,88156760.0,1.0
counterfactual,285,57,5,Sichuan Province,-0.3956436722109504,88156760.0,88156760.0,1.0
counterfactual,286,58,1,Sichuan Province,0.48666022026840766,88156760.0,88156760.0,1.0
counterfactual,287,58,2,Sichuan Province,1.1939452218952247,88156760.0,88156760.0,1.0
counterfactual,288,58,3,Sichuan Province,0.26369139325093516,88156760.0,88156760.0,1.0
counterfactual,289,58,4,Sichuan Province,-0.027241836721096462,88156760.0,88156760.0,1.0
counterfactual,290,58,5,Sichuan Province,0.6743589709971718,88156760.0,88156760.0,1.0
counterfactual,291,59,1,Sichuan Province,0.07969917969253537,88156760.0,88156760.0,1.0
counterfactual,292,59,2,Sichuan Province,0.3574793141510687,88156760.0,88156760.0,1.0
counterfactual,293,59,3,Sichuan Province,-0.6905685106921663,88156760.0,88156760.0,1.0
counterfactual,294,59,4,Sichuan Province,-0.27109681305454225,88156760.0,88156760.0,1.0
counterfactual,295,59,5,Sichuan Province,0.3101083164300097,88156760.0,88156760.0,1.0
counterfactual,296,60,1,Sichuan Province,0.31054778449396875,88156760.0,88156760.0,1.0
counterfactual,297,60,2,Sichuan Province,0.16265842902543245,88156760.0,88156760.0,1.0
counterfactual,298,60,3,Sichuan Province,0.5474111257022671,88156760.0,88156760.0,1.0
counterfactual,299,60,4,Sichuan Province,0.2105256179682038,88156760.0,88156760.0,1.0
counterfactual,300,60,5,Sichuan Province,0.2994540697656107,88156760.0,88156760.0,1.0
counterfactual,301,61,1,Sichuan Province,1.2077344232810827,88156760.0,88156760.0,1.0
counterfactual,302,61,2,Sichuan Province,0.16263696892547397,88156760.0,88156760.0,1.0
counterfactual,303,61,3,Sichuan Province,0.8496840977661998,88156760.0,88156760.0,1.0
counterfactual,304,61,4,Sichuan Province,0.018155832442163643,88156760.0,88156760.0,1.0
counterfactual,305,61,5,Sichuan Province,-0.5912068571998124,88156760.0,88156760.0,1.0
counterfactual,306,62,1,Sichuan Province,0.2155108454264497,88156760.0,88156760.0,1.0
counterfactual,307,62,2,Sichuan Province,0.3260451099404214,88156760.0,88156760.0,1.0
counterfactual,308,62,3,Sichuan Province,-0.3051039453143937,88156760.0,88156760.0,1.0
counterfactual,309,62,4,Sichuan Province,-0.4630491078302306,88156760.0,88156760.0,1.0
counterfactual,310,62,5,Sichuan Province,-0.4494916308550126,88156760.0,88156760.0,1.0
counterfactual,311,63,1,Sichuan Province,0.40647943159250693,88156760.0,88156760.0,1.0
counterfactual,312,63,2,Sichuan Province,0.4671718251679556,88156760.0,88156760.0,1.0
counterfactual,313,63,3,Sichuan Province,0.5782427669274854,88156760.0,88156760.0,1.0
counterfactual,314,63,4,Sichuan Province,0.48726602872700997,88156760.0,88156760.0,1.0
counterfactual,315,63,5,Sichuan Province,-0.42330903835781425,88156760.0,88156760.0,1.0
counterfactual,316,64,1,Sichuan Province,1.1423587887980753,88156760.0,88156760.0,1.0
counterfactual,317,64,2,Sichuan Province,-0.7044671725855984,88156760.0,88156760.0,1.0
counterfactual,318,64,3,Sichuan Province,0.40286533261579105,88156760.0,88156760.0,1.0
counterfactual,319,64,4,Sichuan Province,0.31525217901954944,88156760.0,88156760.0,1.0
counterfactual,320,64,5,Sichuan Province,0.16469990479610588,88156760.0,88156760.0,1.0
counterfactual,321,65,1,Sichuan Province,-0.17602284626571893,88156760.0,88156760.0,1.0
counterfactual,322,65,2,Sichuan Province,-0.6774758753706075,88156760.0,88156760.0,1.0
counterfactual,323,65,3,Sichuan Province,0.5182563257982167,88156760.0,88156760.0,1.0
counterfactual,324,65,4,Sichuan Province,-0.5158982674504493,88156760.0,88156760.0,1.0
counterfactual,325,65,5,Sichuan Province,-0.7041755655831182,88156760.0,88156760.0,1.0
counterfactual,326,66,1,Sichuan Province,-0.17803795966700725,88156760.0,88156760.0,1.0
counterfactual,327,66,2,Sichuan Province,0.7713866327161594,88156760.0,88156760.0,1.0
counterfactual,328,66,3,Sichuan Province,0.4617096234333904,88156760.0,88156760.0,1.0
counterfactual,329,66,4,Sichuan Province,-1.1087153008915422,88156760.0,88156760.0,1.0
counterfactual,330,66,5,Sichuan Province,-0.4572706867147517,88156760.0,88156760.0,1.0
counterfactual,331,67,1,Sichuan Province,0.2655108543542677,88156760.0,88156760.0,1.0
counterfactual,332,67,2,Sichuan Province,-0.23306188094101743,88156760.0,88156760.0,1.0
counterfactual,333,67,3,Sichuan Province,-0.12447770847332969,88156760.0,88156760.0,1.0
counterfactual,334,67,4,Sichuan Province,-0.11893611177483993,88156760.0,88156760.0,1.0
counterfactual,335,67,5,Sichuan Province,-0.5512939380913008,88156760.0,88156760.0,1.0
counterfactual,336,68,1,Sichuan Province,0.6234997121217268,88156760.0,88156760.0,1.0
counterfactual,337,68,2,Sichuan Province,-0.5614500302469131,88156760.0,88156760.0,1.0
counterfactual,338,68,3,Sichuan Province,0.5833400277406453,88156760.0,88156760.0,1.0
counterfactual,339,68,4,Sichuan Province,-0.18138926822241425,88156760.0,88156760.0,1.0
counterfactual,340,68,5,Sichuan Province,-0.48082161652642597,88156760.0,88156760.0,1.0
counterfactual,341,69,1,Sichuan Province,1.1584802248505295,88156760.0,88156760.0,1.0
counterfactual,342,69,2,Sichuan Province,-0.6443738905579359,88156760.0,88156760.0,1.0
counterfactual,343,69,3,Sichuan Province,-0.1688130034211173,88156760.0,88156760.0,1.0
counterfactual,344,69,4,Sichuan Province,-0.11309334855209566,88156760.0,88156760.0,1.0
counterfactual,345,69,5,Sichuan Province,1.0857414335729834,88156760.0,88156760.0,1.0
counterfactual,346,70,1,Sichuan Province,1.2208572048326243,88156760.0,88156760.0,1.0
counterfactual,347,70,2,Sichuan Province,0.830825193027793,88156760.0,88156760.0,1.0
counterfactual,348,70,3,Sichuan Province,0.7112947126553045,88156760.0,88156760.0,1.0
counterfactual,349,70,4,Sichuan Province,0.00040742081004328367,88156760.0,88156760.0,1.0
counterfactual,350,70,5,Sichuan Province,0.006178855472624818,88156760.0,88156760.0,1.0
counterfactual,351,71,1,Sichuan Province,0.4653993113296705,88156760.0,88156760.0,1.0
counterfactual,352,71,2,Sichuan Province,1.8147704805528106,88156760.0,88156760.0,1.0
counterfactual,353,71,3,Sichuan Province,0.3386753049403188,88156760.0,88156760.0,1.0
counterfactual,354,71,4,Sichuan Province,0.026045713417627278,88156760.0,88156760.0,1.0
counterfactual,355,71,5,Sichuan Province,1.1014911536595817,88156760.0,88156760.0,1.0
counterfactual,356,72,1,Sichuan Province,-0.35343657150615915,88156760.0,88156760.0,1.0
counterfactual,357,72,2,Sichuan Province,0.5932782583532273,88156760.0,88156760.0,1.0
counterfactual,358,72,3,Sichuan Province,-0.02954577701217892,88156760.0,88156760.0,1.0
counterfactual,359,72,4,Sichuan Province,0.31606933962607636,88156760.0,88156760.0,1.0
counterfactual,360,72,5,Sichuan Province,0.525152420266613,88156760.0,88156760.0,1.0
counterfactual,361,73,1,Sichuan Province,0.7410294277910392,88156760.0,88156760.0,1.0
counterfactual,362,73,2,Sichuan Province,-0.5243000821173517,88156760.0,88156760.0,1.0
counterfactual,363,73,3,Sichuan Province,0.6880672660015411,88156760.0,88156760.0,1.0
counterfactual,364,73,4,Sichuan Province,0.6025053187678604,88156760.0,88156760.0,1.0
counterfactual,365,73,5,Sichuan Province,-0.046865255067082015,88156760.0,88156760.0,1.0
counterfactual,366,74,1,Sichuan Province,0.9271251475385085,88156760.0,88156760.0,1.0
counterfactual,367,74,2,Sichuan Province,1.1310976778881725,88156760.0,88156760.0,1.0
counterfactual,368,74,3,Sichuan Province,0.9138261682704344,88156760.0,88156760.0,1.0
counterfactual,369,74,4,Sichuan Province,0.5259794716458195,88156760.0,88156760.0,1.0
counterfactual,370,74,5,Sichuan Province,-0.1604440453686026,88156760.0,88156760.0,1.0
counterfactual,371,75,1,Sichuan Province,1.1194876820732829,88156760.0,88156760.0,1.0
counterfactual,372,75,2,Sichuan Province,0.7647116136432822,88156760.0,88156760.0,1.0
counterfactual,373,75,3,Sichuan Province,0.5183183501978239,88156760.0,88156760.0,1.0
counterfactual,374,75,4,Sichuan Province,-0.69625444586806,88156760.0,88156760.0,1.0
counterfactual,375,75,5,Sichuan Province,0.3651743073070868,88156760.0,88156760.0,1.0
counterfactual,376,76,1,Sichuan Province,-0.9433988515754061,88156760.0,88156760.0,1.0
counterfactual,377,76,2,Sichuan Province,0.8608017097108996,88156760.0,88156760.0,1.0
counterfactual,378,76,3,Sichuan Province,-0.1475911140575398,88156760.0,88156760.0,1.0
counterfactual,379,76,4,Sichuan Province,0.93262577990766,88156760.0,88156760.0,1.0
counterfactual,380,76,5,Sichuan Province,0.2897355330937077,88156760.0,88156760.0,1.0
counterfactual,381,77,1,Sichuan Province,0.7482980730787894,88156760.0,88156760.0,1.0
counterfactual,382,77,2,Sichuan Province,0.34479274609607985,88156760.0,88156760.0,1.0
counterfactual,383,77,3,Sichuan Province,1.076547920858791,88156760.0,88156760.0,1.0
counterfactual,384,77,4,Sichuan Province,0.3556006345844403,88156760.0,88156760.0,1.0
counterfactual,385,77,5,Sichuan Province,0.6683044869179401,88156760.0,88156760.0,1.0
counterfactual,386,78,1,Sichuan Province,0.11287739220900218,88156760.0,88156760.0,1.0
counterfactual,387,78,2,Sichuan Province,0.03239194945324605,88156760.0,88156760.0,1.0
counterfactual,388,78,3,Sichuan Province,0.5378581877989561,88156760.0,88156760.0,1.0
counterfactual,389,78,4,Sichuan Province,0.6638773629073339,88156760.0,88156760.0,1.0
counterfactual,390,78,5,Sichuan Province,-0.621243984500231,88156760.0,88156760.0,1.0
counterfactual,391,79,1,Sichuan Province,1.4918324124067264,88156760.0,88156760.0,1.0
counterfactual,392,79,2,Sichuan Province,-0.08330817364634187,88156760.0,88156760.0,1.0
counterfactual,393,79,3,Sichuan Province,0.1768449535883273,88156760.0,88156760.0,1.0
counterfactual,394,79,4,Sichuan Province,-0.2146462035445936,88156760.0,88156760.0,1.0
counterfactual,395,79,5,Sichuan Province,0.984767122220296,88156760.0,88156760.0,1.0
counterfactual,396,80,1,Sichuan Province,0.30612014966857637,88156760.0,88156760.0,1.0
counterfactual,397,80,2,Sichuan Province,-0.21883429963691703,88156760.0,88156760.0,1.0
counterfactual,398,80,3,Sichuan Province,0.34601284798266885,88156760.0,88156760.0,1.0
counterfactual,399,80,4,Sichuan Province,-0.3150581584203382,88156760.0,88156760.0,1.0
counterfactual,400,80,5,Sichuan Province,-0.2958813268275772,88156760.0,88156760.0,1.0
counterfactual,401,81,1,Sichuan Province,0.6665109441925345,88156760.0,88156760.0,1.0
counterfactual,402,81,2,Sichuan Province,0.5082839355459942,88156760.0,88156760.0,1.0
counterfactual,403,81,3,Sichuan Province,-0.27142766681198804,88156760.0,88156760.0,1.0
counterfactual,404,81,4,Sichuan Province,0.4776822048372554,88156760.0,88156760.0,1.0
counterfactual,405,81,5,Sichuan Province,0.7498924980651615,88156760.0,88156760.0,1.0
counterfactual,406,82,1,Sichuan Province,-0.579613052314774,88156760.0,88156760.0,1.0
counterfactual,407,82,2,Sichuan Province,-0.23875421686166998,88156760.0,88156760.0,1.0
counterfactual,408,82,3,Sichuan Province,0.19248818213796104,88156760.0,88156760.0,1.0
counterfactual,409,82,4,Sichuan Province,0.008841778692149086,88156760.0,88156760.0,1.0
counterfactual,410,82,5,Sichuan Province,-0.02687155044286022,88156760.0,88156760.0,1.0
counterfactual,411,83,1,Sichuan Province,-0.2603282816412565,88156760.0,88156760.0,1.0
counterfactual,412,83,2,Sichuan Province,0.6695411822833894,88156760.0,88156760.0,1.0
counterfactual,413,83,3,Sichuan Province,0.5322551963493877,88156760.0,88156760.0,1.0
counterfactual,414,83,4,Sichuan Province,0.25827406490375204,88156760.0,88156760.0,1.0
counterfactual,415,83,5,Sichuan Province,0.06743900493314008,88156760.0,88156760.0,1.0
counterfactual,416,84,1,Sichuan Province,1.6664245285938788,88156760.0,88156760.0,1.0
counterfactual,417,84,2,Sichuan Province,-0.44431489041396915,88156760.0,88156760.0,1.0
counterfactual,418,84,3,Sichuan Province,0.20473197881889943,88156760.0,88156760.0,1.0
counterfactual,419,84,4,Sichuan Province,0.7008918590466722,88156760.0,88156760.0,1.0
counterfactual,420,84,5,Sichuan Province,-0.05405580899728022,88156760.0,88156760.0,1.0
counterfactual,421,85,1,Sichuan Province,0.9189234322039641,88156760.0,88156760.0,1.0
counterfactual,422,85,2,Sichuan Province,-0.34995221625950906,88156760.0,88156760.0,1.0
counterfactual,423,85,3,Sichuan Province,0.6555329561842738,88156760.0,88156760.0,1.0
counterfactual,424,85,4,Sichuan Province,-0.1366685207664384,88156760.0,88156760.0,1.0
counterfactual,425,85,5,Sichuan Province,0.3860856103657088,88156760.0,88156760.0,1.0
counterfactual,426,86,1,Sichuan Province,1.0533019665901582,88156760.0,88156760.0,1.0
counterfactual,427,86,2,Sichuan Province,0.5817733840072301,88156760.0,88156760.0,1.0
counterfactual,428,86,3,Sichuan Province,0.5324992509973341,88156760.0,88156760.0,1.0
counterfactual,429,86,4,Sichuan Province,0.5006478411024985,88156760.0,88156760.0,1.0
counterfactual,430,86,5,Sichuan Province,0.16214005471468623,88156760.0,88156760.0,1.0
counterfactual,431,87,1,Sichuan Province,-0.20608933796497633,88156760.0,88156760.0,1.0
counterfactual,432,87,2,Sichuan Province,-1.3394355376845264,88156760.0,88156760.0,1.0
counterfactual,433,87,3,Sichuan Province,0.6472259662324427,88156760.0,88156760.0,1.0
counterfactual,434,87,4,Sichuan Province,0.02894213046455384,88156760.0,88156760.0,1.0
counterfactual,435,87,5,Sichuan Province,1.064327784968649,88156760.0,88156760.0,1.0
counterfactual,436,88,1,Sichuan Province,0.08909871070527639,88156760.0,88156760.0,1.0
counterfactual,437,88,2,Sichuan Province,0.3201140283198828,88156760.0,88156760.0,1.0
counterfactual,438,88,3,Sichuan Province,0.35376259378673564,88156760.0,88156760.0,1.0
counterfactual,439,88,4,Sichuan Province,-0.5009832303382972,88156760.0,88156760.0,1.0
counterfactual,440,88,5,Sichuan Province,-0.5231024259189536,88156760.0,88156760.0,1.0
counterfactual,441,89,1,Sichuan Province,0.6877977229023643,88156760.0,88156760.0,1.0
counterfactual,442,89,2,Sichuan Province,-0.19277852361771422,88156760.0,88156760.0,1.0
counterfactual,443,89,3,Sichuan Province,0.46080850428496495,88156760.0,88156760.0,1.0
counterfactual,444,89,4,Sichuan Province,-0.6826482640733905,88156760.0,88156760.0,1.0
counterfactual,445,89,5,Sichuan Province,0.7605782925105979,88156760.0,88156760.0,1.0
counterfactual,446,90,1,Sichuan Province,0.2887236398045911,88156760.0,88156760.0,1.0
counterfactual,447,90,2,Sichuan Province,0.2650056435795777,88156760.0,88156760.0,1.0
counterfactual,448,90,3,Sichuan Province,-0.004583944469320934,88156760.0,88156760.0,1.0
counterfactual,449,90,4,Sichuan Province,0.3793393143674686,88156760.0,88156760.0,1.0
counterfactual,450,90,5,Sichuan Province,0.1841757662892934,88156760.0,88156760.0,1.0
counterfactual,451,91,1,Sichuan Province,0.3441594904107139,88156760.0,88156760.0,1.0
counterfactual,452,91,2,Sichuan Province,0.18588102736181603,88156760.0,88156760.0,1.0
counterfactual,453,91,3,Sichuan Province,1.1493767728652713,88156760.0,88156760.0,1.0
counterfactual,454,91,4,Sichuan Province,-0.5598148387975967,88156760.0,88156760.0,1.0
counterfactual,455,91,5,Sichuan Province,0.8291760007022095,88156760.0,88156760.0,1.0
counterfactual,456,92,1,Sichuan Province,1.2786116205273101,88156760.0,88156760.0,1.0
counterfactual,457,92,2,Sichuan Province,0.9683383446158851,88156760.0,88156760.0,1.0
counterfactual,458,92,3,Sichuan Province,0.2602318791942134,88156760.0,88156760.0,1.0
counterfactual,459,92,4,Sichuan Province,0.9672159617042435,88156760.0,88156760.0,1.0
counterfactual,460,92,5,Sichuan Province,-0.8313443882508886,88156760.0,88156760.0,1.0
counterfactual,461,93,1,Sichuan Province,0.11569555482826864,88156760.0,88156760.0,1.0
counterfactual,462,93,2,Sichuan Province,-0.22522434484385548,88156760.0,88156760.0,1.0
counterfactual,463,93,3,Sichuan Province,0.6132975820797395,88156760.0,88156760.0,1.0
counterfactual,464,93,4,Sichuan Province,0.3383051412124505,88156760.0,88156760.0,1.0
counterfactual,465,93,5,Sichuan Province,0.6028638782329029,88156760.0,88156760.0,1.0
counterfactual,466,94,1,Sichuan Province,0.583188029222096,88156760.0,88156760.0,1.0
counterfactual,467,94,2,Sichuan Province,-0.12092430714290921,88156760.0,88156760.0,1.0
counterfactual,468,94,3,Sichuan Province,0.15409504477324082,88156760.0,88156760.0,1.0
counterfactual,469,94,4,Sichuan Province,-0.225340997427121,88156760.0,88156760.0,1.0
counterfactual,470,94,5,Sichuan Province,0.7325976153013553,88156760.0,88156760.0,1.0
counterfactual,471,95,1,Sichuan Province,-0.07221089291129613,88156760.0,88156760.0,1.0
counterfactual,472,95,2,Sichuan Province,1.044149404824788,88156760.0,88156760.0,1.0
counterfactual,473,95,3,Sichuan Province,-0.5455788622864344,88156760.0,88156760.0,1.0
counterfactual,474,95,4,Sichuan Province,0.5295153518243007,88156760.0,88156760.0,1.0
counterfactual,475,95,5,Sichuan Province,1.038420206519189,88156760.0,88156760.0,1.0
counterfactual,476,96,1,Sichuan Province,0.29237584824118695,88156760.0,88156760.0,1.0
counterfactual,477,96,2,Sichuan Province,-0.6021156321137185,88156760.0,88156760.0,1.0
counterfactual,478,96,3,Sichuan Province,1.1810658944498256,88156760.0,88156760.0,1.0
counterfactual,479,96,4,Sichuan Province,-0.4347456620408625,88156760.0,88156760.0,1.0
counterfactual,480,96,5,Sichuan Province,-0.42964346496062,88156760.0,88156760.0,1.0
counterfactual,481,97,1,Sichuan Province,-0.013024530964666325,88156760.0,88156760.0,1.0
counterfactual,482,97,2,Sichuan Province,0.3976392492083466,88156760.0,88156760.0,1.0
counterfactual,483,97,3,Sichuan Province,0.258234263953821,88156760.0,88156760.0,1.0
counterfactual,484,97,4,Sichuan Province,0.4064294647673968,88156760.0,88156760.0,1.0
counterfactual,485,97,5,Sichuan Province,-0.9858488425134053,88156760.0,88156760.0,1.0
counterfactual,486,98,1,Sichuan Province,0.6852961732078655,88156760.0,88156760.0,1.0
counterfactual,487,98,2,Sichuan Province,-0.6315293122307085,88156760.0,88156760.0,1.0
counterfactual,488,98,3,Sichuan Province,0.015753872552328737,88156760.0,88156760.0,1.0
counterfactual,489,98,4,Sichuan Province,0.1382591741331641,88156760.0,88156760.0,1.0
counterfactual,490,98,5,Sichuan Province,-0.01908357622831231,88156760.0,88156760.0,1.0
counterfactual,491,99,1,Sichuan Province,0.5404295457624808,88156760.0,88156760.0,1.0
counterfactual,492,99,2,Sichuan Province,0.38636259040941967,88156760.0,88156760.0,1.0
counterfactual,493,99,3,Sichuan Province,0.655076899918975,88156760.0,88156760.0,1.0
counterfactual,494,99,4,Sichuan Province,-0.3409832747229088,88156760.0,88156760.0,1.0
counterfactual,495,99,5,Sichuan Province,0.631390296301562,88156760.0,88156760.0,1.0
counterfactual,496,100,1,Sichuan Province,1.3453728742544446,88156760.0,88156760.0,1.0
counterfactual,497,100,2,Sichuan Province,0.6946429800968048,88156760.0,88156760.0,1.0
counterfactual,498,100,3,Sichuan Province,0.1997086247612884,88156760.0,88156760.0,1.0
counterfactual,499,100,4,Sichuan Province,-0.14003099968279215,88156760.0,88156760.0,1.0
counterfactual,500,100,5,Sichuan Province,0.07952600813017531,88156760.0,88156760.0,1.0
counterfactual,501,101,1,Sichuan Province,0.7734222164878545,88156760.0,88156760.0,1.0
counterfactual,502,101,2,Sichuan Province,0.4542266536502295,88156760.0,88156760.0,1.0
counterfactual,503,101,3,Sichuan Province,0.5927797633872608,88156760.0,88156760.0,1.0
counterfactual,504,101,4,Sichuan Province,1.2087967804615691,88156760.0,88156760.0,1.0
counterfactual,505,101,5,Sichuan Province,0.22123485927024833,88156760.0,88156760.0,1.0
counterfactual,506,102,1,Sichuan Province,0.0997306444373469,88156760.0,88156760.0,1.0
counterfactual,507,102,2,Sichuan Province,0.024842109488674016,88156760.0,88156760.0,1.0
counterfactual,508,102,3,Sichuan Province,0.5081146226142552,88156760.0,88156760.0,1.0
counterfactual,509,102,4,Sichuan Province,-0.5514758661760661,88156760.0,88156760.0,1.0
counterfactual,510,102,5,Sichuan Province,0.7582540705560772,88156760.0,88156760.0,1.0
counterfactual,511,103,1,Sichuan Province,0.7597520548061584,88156760.0,88156760.0,1.0
counterfactual,512,103,2,Sichuan Province,-0.4296295263372734,88156760.0,88156760.0,1.0
counterfactual,513,103,3,Sichuan Province,0.2867231100409342,88156760.0,88156760.0,1.0
counterfactual,514,103,4,Sichuan Province,0.09294649134163661,88156760.0,88156760.0,1.0
counterfactual,515,103,5,Sichuan Province,-0.0414576590009191,88156760.0,88156760.0,1.0
counterfactual,516,104,1,Sichuan Province,1.0572715238185166,88156760.0,88156760.0,1.0
counterfactual,517,104,2,Sichuan Province,1.0621590668897094,88156760.0,88156760.0,1.0
counterfactual,518,104,3,Sichuan Province,1.2085571812363511,88156760.0,88156760.0,1.0
counterfactual,519,104,4,Sichuan Province,0.3610639654562478,88156760.0,88156760.0,1.0
counterfactual,520,104,5,Sichuan Province,0.22196590234863028,88156760.0,88156760.0,1.0
counterfactual,521,105,1,Sichuan Province,-0.14413517331566073,88156760.0,88156760.0,1.0
counterfactual,522,105,2,Sichuan Province,0.500096326556483,88156760.0,88156760.0,1.0
counterfactual,523,105,3,Sichuan Province,0.744414701893704,88156760.0,88156760.0,1.0
counterfactual,524,105,4,Sichuan Province,0.682313420827068,88156760.0,88156760.0,1.0
counterfactual,525,105,5,Sichuan Province,0.6777138431828905,88156760.0,88156760.0,1.0
counterfactual,1,1,1,Chongqing Municipality,-0.23121850751959266,29344289.0,29344289.0,1.0
counterfactual,2,1,2,Chongqing Municipality,-1.0748817100579175,29344289.0,29344289.0,1.0
counterfactual,3,1,3,Chongqing Municipality,-0.132282518188513,29344289.0,29344289.0,1.0
counterfactual,4,1,4,Chongqing Municipality,0.2875568436111378,29344289.0,29344289.0,1.0
counterfactual,5,1,5,Chongqing Municipality,0.041859892547114266,29344289.0,29344289.0,1.0
counterfactual,6,2,1,Chongqing Municipality,0.03893504120989134,29344289.0,29344289.0,1.0
counterfactual,7,2,2,Chongqing Municipality,0.015450778191791477,29344289.0,29344289.0,1.0
counterfactual,8,2,3,Chongqing Municipality,-0.1907724105550136,29344289.0,29344289.0,1.0
counterfactual,9,2,4,Chongqing Municipality,-0.11722554490178548,29344289.0,29344289.0,1.0
counterfactual,10,2,5,Chongqing Municipality,-0.05871710294424277,29344289.0,29344289.0,1.0
counterfactual,11,3,1,Chongqing Municipality,-0.2554023206579702,29344289.0,29344289.0,1.0
counterfactual,12,3,2,Chongqing Municipality,0.0910578911860378,29344289.0,29344289.0,1.0
counterfactual,13,3,3,Chongqing Municipality,0.568213297477701,29344289.0,29344289.0,1.0
counterfactual,14,3,4,Chongqing Municipality,-0.5530457413553425,29344289.0,29344289.0,1.0
counterfactual,15,3,5,Chongqing Municipality,-1.0338364434928584,29344289.0,29344289.0,1.0
counterfactual,16,4,1,Chongqing Municipality,-0.504833723098198,29344289.0,29344289.0,1.0
counterfactual,17,4,2,Chongqing Municipality,-0.6481199899084115,29344289.0,29344289.0,1.0
counterfactual,18,4,3,Chongqing Municipality,-0.23659268768946676,29344289.0,29344289.0,1.0
counterfactual,19,4,4,Chongqing Municipality,-0.4387980677779267,29344289.0,29344289.0,1.0
counterfactual,20,4,5,Chongqing Municipality,0.14929920049372336,29344289.0,29344289.0,1.0
counterfactual,21,5,1,Chongqing Municipality,-0.21984304213795727,29344289.0,29344289.0,1.0
counterfactual,22,5,2,Chongqing Municipality,0.7660498403598394,29344289.0,29344289.0,1.0
counterfactual,23,5,3,Chongqing Municipality,1.1670003843206074,29344289.0,29344289.0,1.0
counterfactual,24,5,4,Chongqing Municipality,-0.3716504358633754,29344289.0,29344289.0,1.0
counterfactual,25,5,5,Chongqing Municipality,1.014505341884709,29344289.0,29344289.0,1.0
counterfactual,26,6,1,Chongqing Municipality,-0.2840722319832747,29344289.0,29344289.0,1.0
counterfactual,27,6,2,Chongqing Municipality,0.15525221042823326,29344289.0,29344289.0,1.0
counterfactual,28,6,3,Chongqing Municipality,0.10594423468687095,29344289.0,29344289.0,1.0
counterfactual,29,6,4,Chongqing Municipality,-0.4605055911978704,29344289.0,29344289.0,1.0
counterfactual,30,6,5,Chongqing Municipality,-0.3827276216107952,29344289.0,29344289.0,1.0
counterfactual,31,7,1,Chongqing Municipality,0.1938503264108717,29344289.0,29344289.0,1.0
counterfactual,32,7,2,Chongqing Municipality,0.056718302941598436,29344289.0,29344289.0,1.0
counterfactual,33,7,3,Chongqing Municipality,0.38460304791289956,29344289.0,29344289.0,1.0
counterfactual,34,7,4,Chongqing Municipality,-0.37209646948777914,29344289.0,29344289.0,1.0
counterfactual,35,7,5,Chongqing Municipality,-0.19956253410256394,29344289.0,29344289.0,1.0
counterfactual,36,8,1,Chongqing Municipality,-0.044887290038615836,29344289.0,29344289.0,1.0
counterfactual,37,8,2,Chongqing Municipality,0.10661482748894557,29344289.0,29344289.0,1.0
counterfactual,38,8,3,Chongqing Municipality,0.14773923493279864,29344289.0,29344289.0,1.0
counterfactual,39,8,4,Chongqing Municipality,0.1192747282477388,29344289.0,29344289.0,1.0
counterfactual,40,8,5,Chongqing Municipality,-0.2535874906703443,29344289.0,29344289.0,1.0
counterfactual,41,9,1,Chongqing Municipality,-0.7262821735257536,29344289.0,29344289.0,1.0
counterfactual,42,9,2,Chongqing Municipality,-0.1785858364984547,29344289.0,29344289.0,1.0
counterfactual,43,9,3,Chongqing Municipality,-0.10902316016362204,29344289.0,29344289.0,1.0
counterfactual,44,9,4,Chongqing Municipality,0.3907447497162974,29344289.0,29344289.0,1.0
counterfactual,45,9,5,Chongqing Municipality,0.4003091048619036,29344289.0,29344289.0,1.0
counterfactual,46,10,1,Chongqing Municipality,0.04548097216663897,29344289.0,29344289.0,1.0
counterfactual,47,10,2,Chongqing Municipality,0.1109879458711678,29344289.0,29344289.0,1.0
counterfactual,48,10,3,Chongqing Municipality,0.6395698335346672,29344289.0,29344289.0,1.0
counterfactual,49,10,4,Chongqing Municipality,-1.2023444519964326,29344289.0,29344289.0,1.0
counterfactual,50,10,5,Chongqing Municipality,0.12450938354726651,29344289.0,29344289.0,1.0
counterfactual,51,11,1,Chongqing Municipality,0.048510011796319585,29344289.0,29344289.0,1.0
counterfactual,52,11,2,Chongqing Municipality,0.2133208414960186,29344289.0,29344289.0,1.0
counterfactual,53,11,3,Chongqing Municipality,0.06922524615310759,29344289.0,29344289.0,1.0
counterfactual,54,11,4,Chongqing Municipality,-0.8608968838692753,29344289.0,29344289.0,1.0
counterfactual,55,11,5,Chongqing Municipality,0.8502202426815859,29344289.0,29344289.0,1.0
counterfactual,56,12,1,Chongqing Municipality,-0.39614218163299225,29344289.0,29344289.0,1.0
counterfactual,57,12,2,Chongqing Municipality,-0.41822514874746713,29344289.0,29344289.0,1.0
counterfactual,58,12,3,Chongqing Municipality,-0.5553143742119003,29344289.0,29344289.0,1.0
counterfactual,59,12,4,Chongqing Municipality,-0.3592501359340036,29344289.0,29344289.0,1.0
counterfactual,60,12,5,Chongqing Municipality,0.18088259258837722,29344289.0,29344289.0,1.0
counterfactual,61,13,1,Chongqing Municipality,0.6979315563247447,29344289.0,29344289.0,1.0
counterfactual,62,13,2,Chongqing Municipality,-0.8528523440211155,29344289.0,29344289.0,1.0
counterfactual,63,13,3,Chongqing Municipality,0.27239595589840454,29344289.0,29344289.0,1.0
counterfactual,64,13,4,Chongqing Municipality,-0.5603559193401637,29344289.0,29344289.0,1.0
counterfactual,65,13,5,Chongqing Municipality,-0.3942364248617571,29344289.0,29344289.0,1.0
counterfactual,66,14,1,Chongqing Municipality,0.3495205593739614,29344289.0,29344289.0,1.0
counterfactual,67,14,2,Chongqing Municipality,-0.42243528793147467,29344289.0,29344289.0,1.0
counterfactual,68,14,3,Chongqing Municipality,0.34655416795017413,29344289.0,29344289.0,1.0
counterfactual,69,14,4,Chongqing Municipality,-0.23210433012761192,29344289.0,29344289.0,1.0
counterfactual,70,14,5,Chongqing Municipality,0.3642568528909605,29344289.0,29344289.0,1.0
counterfactual,71,15,1,Chongqing Municipality,-0.22037458220825848,29344289.0,29344289.0,1.0
counterfactual,72,15,2,Chongqing Municipality,0.9001807711560855,29344289.0,29344289.0,1.0
counterfactual,73,15,3,Chongqing Municipality,-0.05090967648114648,29344289.0,29344289.0,1.0
counterfactual,74,15,4,Chongqing Municipality,-0.575232106258873,29344289.0,29344289.0,1.0
counterfactual,75,15,5,Chongqing Municipality,-0.18568763607469194,29344289.0,29344289.0,1.0
counterfactual,76,16,1,Chongqing Municipality,0.4395917487004012,29344289.0,29344289.0,1.0
counterfactual,77,16,2,Chongqing Municipality,0.30905714612344215,29344289.0,29344289.0,1.0
counterfactual,78,16,3,Chongqing Municipality,-0.30826887073615766,29344289.0,29344289.0,1.0
counterfactual,79,16,4,Chongqing Municipality,-0.009147107729023026,29344289.0,29344289.0,1.0
counterfactual,80,16,5,Chongqing Municipality,0.8689420128206535,29344289.0,29344289.0,1.0
counterfactual,81,17,1,Chongqing Municipality,-0.29013462915256094,29344289.0,29344289.0,1.0
counterfactual,82,17,2,Chongqing Municipality,-0.5755219686777373,29344289.0,29344289.0,1.0
counterfactual,83,17,3,Chongqing Municipality,0.5601983180901523,29344289.0,29344289.0,1.0
counterfactual,84,17,4,Chongqing Municipality,-0.5050077975251778,29344289.0,29344289.0,1.0
counterfactual,85,17,5,Chongqing Municipality,-0.7221064312838169,29344289.0,29344289.0,1.0
counterfactual,86,18,1,Chongqing Municipality,0.7623274399509647,29344289.0,29344289.0,1.0
counterfactual,87,18,2,Chongqing Municipality,-0.68671889547486,29344289.0,29344289.0,1.0
counterfactual,88,18,3,Chongqing Municipality,0.5075594959876106,29344289.0,29344289.0,1.0
counterfactual,89,18,4,Chongqing Municipality,-0.6844447183330388,29344289.0,29344289.0,1.0
counterfactual,90,18,5,Chongqing Municipality,0.15087382029201266,29344289.0,29344289.0,1.0
counterfactual,91,19,1,Chongqing Municipality,-0.2932798511140188,29344289.0,29344289.0,1.0
counterfactual,92,19,2,Chongqing Municipality,0.5297255957984883,29344289.0,29344289.0,1.0
counterfactual,93,19,3,Chongqing Municipality,0.3656485851077321,29344289.0,29344289.0,1.0
counterfactual,94,19,4,Chongqing Municipality,-0.1806055609820301,29344289.0,29344289.0,1.0
counterfactual,95,19,5,Chongqing Municipality,-0.7068903063811774,29344289.0,29344289.0,1.0
counterfactual,96,20,1,Chongqing Municipality,0.3550721291361077,29344289.0,29344289.0,1.0
counterfactual,97,20,2,Chongqing Municipality,-0.8242197863251538,29344289.0,29344289.0,1.0
counterfactual,98,20,3,Chongqing Municipality,0.9177962696964185,29344289.0,29344289.0,1.0
counterfactual,99,20,4,Chongqing Municipality,-1.0237056757616072,29344289.0,29344289.0,1.0
counterfactual,100,20,5,Chongqing Municipality,-0.11660338708147455,29344289.0,29344289.0,1.0
counterfactual,101,21,1,Chongqing Municipality,-0.6310543776457033,29344289.0,29344289.0,1.0
counterfactual,102,21,2,Chongqing Municipality,0.0630343212660409,29344289.0,29344289.0,1.0
counterfactual,103,21,3,Chongqing Municipality,0.5050335510243189,29344289.0,29344289.0,1.0
counterfactual,104,21,4,Chongqing Municipality,0.7352643593879166,29344289.0,29344289.0,1.0
counterfactual,105,21,5,Chongqing Municipality,0.15209079252145336,29344289.0,29344289.0,1.0
counterfactual,106,22,1,Chongqing Municipality,0.18574793232411668,29344289.0,29344289.0,1.0
counterfactual,107,22,2,Chongqing Municipality,0.34596478896219285,29344289.0,29344289.0,1.0
counterfactual,108,22,3,Chongqing Municipality,-0.3297734438887301,29344289.0,29344289.0,1.0
counterfactual,109,22,4,Chongqing Municipality,-0.45001202810838986,29344289.0,29344289.0,1.0
counterfactual,110,22,5,Chongqing Municipality,-0.19556598619119014,29344289.0,29344289.0,1.0
counterfactual,111,23,1,Chongqing Municipality,-0.47236935808025865,29344289.0,29344289.0,1.0
counterfactual,112,23,2,Chongqing Municipality,0.3067551724987316,29344289.0,29344289.0,1.0
counterfactual,113,23,3,Chongqing Municipality,-0.17146041192538683,29344289.0,29344289.0,1.0
counterfactual,114,23,4,Chongqing Municipality,-0.360247934658479,29344289.0,29344289.0,1.0
counterfactual,115,23,5,Chongqing Municipality,-0.19435205585526608,29344289.0,29344289.0,1.0
counterfactual,116,24,1,Chongqing Municipality,0.2349387188124913,29344289.0,29344289.0,1.0
counterfactual,117,24,2,Chongqing Municipality,0.21720936404296368,29344289.0,29344289.0,1.0
counterfactual,118,24,3,Chongqing Municipality,0.7218785716110808,29344289.0,29344289.0,1.0
counterfactual,119,24,4,Chongqing Municipality,0.7020444582336871,29344289.0,29344289.0,1.0
counterfactual,120,24,5,Chongqing Municipality,-1.2557471010644612,29344289.0,29344289.0,1.0
counterfactual,121,25,1,Chongqing Municipality,1.544106471548062,29344289.0,29344289.0,1.0
counterfactual,122,25,2,Chongqing Municipality,0.14902215364731067,29344289.0,29344289.0,1.0
counterfactual,123,25,3,Chongqing Municipality,-0.3391310217290919,29344289.0,29344289.0,1.0
counterfactual,124,25,4,Chongqing Municipality,-0.5273308185734027,29344289.0,29344289.0,1.0
counterfactual,125,25,5,Chongqing Municipality,0.13984386719729974,29344289.0,29344289.0,1.0
counterfactual,126,26,1,Chongqing Municipality,-0.136299778093806,29344289.0,29344289.0,1.0
counterfactual,127,26,2,Chongqing Municipality,-0.4660736649697319,29344289.0,29344289.0,1.0
counterfactual,128,26,3,Chongqing Municipality,-0.6420908488195654,29344289.0,29344289.0,1.0
counterfactual,129,26,4,Chongqing Municipality,-0.25533080776767486,29344289.0,29344289.0,1.0
counterfactual,130,26,5,Chongqing Municipality,0.1073924603686057,29344289.0,29344289.0,1.0
counterfactual,131,27,1,Chongqing Municipality,0.17791166393619792,29344289.0,29344289.0,1.0
counterfactual,132,27,2,Chongqing Municipality,0.6035511930262643,29344289.0,29344289.0,1.0
counterfactual,133,27,3,Chongqing Municipality,-0.2184566004598701,29344289.0,29344289.0,1.0
counterfactual,134,27,4,Chongqing Municipality,-0.37589840048092626,29344289.0,29344289.0,1.0
counterfactual,135,27,5,Chongqing Municipality,0.28814768697531784,29344289.0,29344289.0,1.0
counterfactual,136,28,1,Chongqing Municipality,-1.3538529680078506,29344289.0,29344289.0,1.0
counterfactual,137,28,2,Chongqing Municipality,0.4551599748131878,29344289.0,29344289.0,1.0
counterfactual,138,28,3,Chongqing Municipality,0.25554233922983827,29344289.0,29344289.0,1.0
counterfactual,139,28,4,Chongqing Municipality,0.2611616474214336,29344289.0,29344289.0,1.0
counterfactual,140,28,5,Chongqing Municipality,-0.3257431208033211,29344289.0,29344289.0,1.0
counterfactual,141,29,1,Chongqing Municipality,-0.11400972066691473,29344289.0,29344289.0,1.0
counterfactual,142,29,2,Chongqing Municipality,0.631216047175382,29344289.0,29344289.0,1.0
counterfactual,143,29,3,Chongqing Municipality,0.1708831756003937,29344289.0,29344289.0,1.0
counterfactual,144,29,4,Chongqing Municipality,-0.6473426099640932,29344289.0,29344289.0,1.0
counterfactual,145,29,5,Chongqing Municipality,-0.4443082852946594,29344289.0,29344289.0,1.0
counterfactual,146,30,1,Chongqing Municipality,-0.23361217548785596,29344289.0,29344289.0,1.0
counterfactual,147,30,2,Chongqing Municipality,0.19716890123668965,29344289.0,29344289.0,1.0
counterfactual,148,30,3,Chongqing Municipality,0.17553285023916007,29344289.0,29344289.0,1.0
counterfactual,149,30,4,Chongqing Municipality,-0.541513039256169,29344289.0,29344289.0,1.0
counterfactual,150,30,5,Chongqing Municipality,1.3036717714565702,29344289.0,29344289.0,1.0
counterfactual,151,31,1,Chongqing Municipality,-0.36042188163084665,29344289.0,29344289.0,1.0
counterfactual,152,31,2,Chongqing Municipality,0.5491379910355919,29344289.0,29344289.0,1.0
counterfactual,153,31,3,Chongqing Municipality,0.2981136809326987,29344289.0,29344289.0,1.0
counterfactual,154,31,4,Chongqing Municipality,-0.8000248262495974,29344289.0,29344289.0,1.0
counterfactual,155,31,5,Chongqing Municipality,0.5747996617049903,29344289.0,29344289.0,1.0
counterfactual,156,32,1,Chongqing Municipality,0.012077627159838325,29344289.0,29344289.0,1.0
counterfactual,157,32,2,Chongqing Municipality,-0.15245331374369825,29344289.0,29344289.0,1.0
counterfactual,158,32,3,Chongqing Municipality,-0.5440746929919827,29344289.0,29344289.0,1.0
counterfactual,159,32,4,Chongqing Municipality,0.007906041648406548,29344289.0,29344289.0,1.0
counterfactual,160,32,5,Chongqing Municipality,-1.1114277986456198,29344289.0,29344289.0,1.0
counterfactual,161,33,1,Chongqing Municipality,-0.5786486919125746,29344289.0,29344289.0,1.0
counterfactual,162,33,2,Chongqing Municipality,0.5570457961272596,29344289.0,29344289.0,1.0
counterfactual,163,33,3,Chongqing Municipality,-0.6551598847612962,29344289.0,29344289.0,1.0
counterfactual,164,33,4,Chongqing Municipality,0.4291181962461479,29344289.0,29344289.0,1.0
counterfactual,165,33,5,Chongqing Municipality,-0.39014183266387287,29344289.0,29344289.0,1.0
counterfactual,166,34,1,Chongqing Municipality,0.5868478157081652,29344289.0,29344289.0,1.0
counterfactual,167,34,2,Chongqing Municipality,0.6949979710072084,29344289.0,29344289.0,1.0
counterfactual,168,34,3,Chongqing Municipality,1.0792090875441593,29344289.0,29344289.0,1.0
counterfactual,169,34,4,Chongqing Municipality,-0.9098890799989343,29344289.0,29344289.0,1.0
counterfactual,170,34,5,Chongqing Municipality,-1.2028331174901556,29344289.0,29344289.0,1.0
counterfactual,171,35,1,Chongqing Municipality,-0.1763210452130966,29344289.0,29344289.0,1.0
counterfactual,172,35,2,Chongqing Municipality,0.867488802102312,29344289.0,29344289.0,1.0
counterfactual,173,35,3,Chongqing Municipality,-0.24153718888643746,29344289.0,29344289.0,1.0
counterfactual,174,35,4,Chongqing Municipality,0.27982679704082847,29344289.0,29344289.0,1.0
counterfactual,175,35,5,Chongqing Municipality,-0.456570430771058,29344289.0,29344289.0,1.0
counterfactual,176,36,1,Chongqing Municipality,1.7639940066410957,29344289.0,29344289.0,1.0
counterfactual,177,36,2,Chongqing Municipality,0.23819878425609117,29344289.0,29344289.0,1.0
counterfactual,178,36,3,Chongqing Municipality,-0.409021468380054,29344289.0,29344289.0,1.0
counterfactual,179,36,4,Chongqing Municipality,-0.24533421594661992,29344289.0,29344289.0,1.0
counterfactual,180,36,5,Chongqing Municipality,-0.8337945577813981,29344289.0,29344289.0,1.0
counterfactual,181,37,1,Chongqing Municipality,-0.32285844462666163,29344289.0,29344289.0,1.0
counterfactual,182,37,2,Chongqing Municipality,0.15375594716100374,29344289.0,29344289.0,1.0
counterfactual,183,37,3,Chongqing Municipality,-0.39271568614188485,29344289.0,29344289.0,1.0
counterfactual,184,37,4,Chongqing Municipality,-0.9462894532747997,29344289.0,29344289.0,1.0
counterfactual,185,37,5,Chongqing Municipality,-0.010944560037536133,29344289.0,29344289.0,1.0
counterfactual,186,38,1,Chongqing Municipality,0.6385804903485194,29344289.0,29344289.0,1.0
counterfactual,187,38,2,Chongqing Municipality,-0.838718968658434,29344289.0,29344289.0,1.0
counterfactual,188,38,3,Chongqing Municipality,0.14027456846527336,29344289.0,29344289.0,1.0
counterfactual,189,38,4,Chongqing Municipality,-0.38135495272081044,29344289.0,29344289.0,1.0
counterfactual,190,38,5,Chongqing Municipality,-0.4967168097216022,29344289.0,29344289.0,1.0
counterfactual,191,39,1,Chongqing Municipality,-0.5205906811955485,29344289.0,29344289.0,1.0
counterfactual,192,39,2,Chongqing Municipality,-0.2704202057763208,29344289.0,29344289.0,1.0
counterfactual,193,39,3,Chongqing Municipality,1.1373980360265457,29344289.0,29344289.0,1.0
counterfactual,194,39,4,Chongqing Municipality,-0.5338683758948145,29344289.0,29344289.0,1.0
counterfactual,195,39,5,Chongqing Municipality,0.46288610786472373,29344289.0,29344289.0,1.0
counterfactual,196,40,1,Chongqing Municipality,0.646314769732296,29344289.0,29344289.0,1.0
counterfactual,197,40,2,Chongqing Municipality,-1.303866219175605,29344289.0,29344289.0,1.0
counterfactual,198,40,3,Chongqing Municipality,0.5627128420551458,29344289.0,29344289.0,1.0
counterfactual,199,40,4,Chongqing Municipality,-0.8271841067933074,29344289.0,29344289.0,1.0
counterfactual,200,40,5,Chongqing Municipality,0.3010465564157502,29344289.0,29344289.0,1.0
counterfactual,201,41,1,Chongqing Municipality,-0.06851061624822204,29344289.0,29344289.0,1.0
counterfactual,202,41,2,Chongqing Municipality,-0.5372055981633166,29344289.0,29344289.0,1.0
counterfactual,203,41,3,Chongqing Municipality,0.8749590507767878,29344289.0,29344289.0,1.0
counterfactual,204,41,4,Chongqing Municipality,-0.6531536265694086,29344289.0,29344289.0,1.0
counterfactual,205,41,5,Chongqing Municipality,0.9807853126366518,29344289.0,29344289.0,1.0
counterfactual,206,42,1,Chongqing Municipality,-0.646730930739096,29344289.0,29344289.0,1.0
counterfactual,207,42,2,Chongqing Municipality,-0.48374145676797364,29344289.0,29344289.0,1.0
counterfactual,208,42,3,Chongqing Municipality,0.0016985650228188611,29344289.0,29344289.0,1.0
counterfactual,209,42,4,Chongqing Municipality,0.6757755735029526,29344289.0,29344289.0,1.0
counterfactual,210,42,5,Chongqing Municipality,-0.4227550939951903,29344289.0,29344289.0,1.0
counterfactual,211,43,1,Chongqing Municipality,0.804446745046483,29344289.0,29344289.0,1.0
counterfactual,212,43,2,Chongqing Municipality,1.5586967364396236,29344289.0,29344289.0,1.0
counterfactual,213,43,3,Chongqing Municipality,-0.2569223483375255,29344289.0,29344289.0,1.0
counterfactual,214,43,4,Chongqing Municipality,0.3069240238642344,29344289.0,29344289.0,1.0
counterfactual,215,43,5,Chongqing Municipality,-0.6687014629561747,29344289.0,29344289.0,1.0
counterfactual,216,44,1,Chongqing Municipality,0.4769924642329786,29344289.0,29344289.0,1.0
counterfactual,217,44,2,Chongqing Municipality,1.0181934774627246,29344289.0,29344289.0,1.0
counterfactual,218,44,3,Chongqing Municipality,-1.0402378595881703,29344289.0,29344289.0,1.0
counterfactual,219,44,4,Chongqing Municipality,-0.7503384958571498,29344289.0,29344289.0,1.0
counterfactual,220,44,5,Chongqing Municipality,0.11395997310848986,29344289.0,29344289.0,1.0
counterfactual,221,45,1,Chongqing Municipality,-0.6862293340064306,29344289.0,29344289.0,1.0
counterfactual,222,45,2,Chongqing Municipality,-0.05472210101837779,29344289.0,29344289.0,1.0
counterfactual,223,45,3,Chongqing Municipality,0.47532053706583793,29344289.0,29344289.0,1.0
counterfactual,224,45,4,Chongqing Municipality,-0.2873309558697974,29344289.0,29344289.0,1.0
counterfactual,225,45,5,Chongqing Municipality,0.17233902520807096,29344289.0,29344289.0,1.0
counterfactual,226,46,1,Chongqing Municipality,-0.16124376062929743,29344289.0,29344289.0,1.0
counterfactual,227,46,2,Chongqing Municipality,0.5773917879448016,29344289.0,29344289.0,1.0
counterfactual,228,46,3,Chongqing Municipality,-0.07697681991108363,29344289.0,29344289.0,1.0
counterfactual,229,46,4,Chongqing Municipality,0.33519553255867796,29344289.0,29344289.0,1.0
counterfactual,230,46,5,Chongqing Municipality,0.22861209141726133,29344289.0,29344289.0,1.0
counterfactual,231,47,1,Chongqing Municipality,-0.4531550984623241,29344289.0,29344289.0,1.0
counterfactual,232,47,2,Chongqing Municipality,1.2472493840256327,29344289.0,29344289.0,1.0
counterfactual,233,47,3,Chongqing Municipality,-0.14317206967511167,29344289.0,29344289.0,1.0
counterfactual,234,47,4,Chongqing Municipality,-0.4029671073713228,29344289.0,29344289.0,1.0
counterfactual,235,47,5,Chongqing Municipality,-0.0505901546755752,29344289.0,29344289.0,1.0
counterfactual,236,48,1,Chongqing Municipality,-0.2237710176830177,29344289.0,29344289.0,1.0
counterfactual,237,48,2,Chongqing Municipality,0.9703269339543672,29344289.0,29344289.0,1.0
counterfactual,238,48,3,Chongqing Municipality,0.41590848883448683,29344289.0,29344289.0,1.0
counterfactual,239,48,4,Chongqing Municipality,-0.8701243185560564,29344289.0,29344289.0,1.0
counterfactual,240,48,5,Chongqing Municipality,-0.7107136954601215,29344289.0,29344289.0,1.0
counterfactual,241,49,1,Chongqing Municipality,0.03375546783725229,29344289.0,29344289.0,1.0
counterfactual,242,49,2,Chongqing Municipality,-0.6484143072650579,29344289.0,29344289.0,1.0
counterfactual,243,49,3,Chongqing Municipality,0.08414813661212325,29344289.0,29344289.0,1.0
counterfactual,244,49,4,Chongqing Municipality,0.26305034248997305,29344289.0,29344289.0,1.0
counterfactual,245,49,5,Chongqing Municipality,-0.472867448179893,29344289.0,29344289.0,1.0
counterfactual,246,50,1,Chongqing Municipality,-0.30184599297569736,29344289.0,29344289.0,1.0
counterfactual,247,50,2,Chongqing Municipality,0.4026482011507752,29344289.0,29344289.0,1.0
counterfactual,248,50,3,Chongqing Municipality,0.5555246455653855,29344289.0,29344289.0,1.0
counterfactual,249,50,4,Chongqing Municipality,0.04781040154603232,29344289.0,29344289.0,1.0
counterfactual,250,50,5,Chongqing Municipality,-0.2929785986104937,29344289.0,29344289.0,1.0
counterfactual,251,51,1,Chongqing Municipality,0.17020896697361537,29344289.0,29344289.0,1.0
counterfactual,252,51,2,Chongqing Municipality,0.40194835745646745,29344289.0,29344289.0,1.0
counterfactual,253,51,3,Chongqing Municipality,-0.6782741859592073,29344289.0,29344289.0,1.0
counterfactual,254,51,4,Chongqing Municipality,-0.6967284670798315,29344289.0,29344289.0,1.0
counterfactual,255,51,5,Chongqing Municipality,-0.20584555476685146,29344289.0,29344289.0,1.0
counterfactual,256,52,1,Chongqing Municipality,0.08924967203380504,29344289.0,29344289.0,1.0
counterfactual,257,52,2,Chongqing Municipality,0.18422731211670693,29344289.0,29344289.0,1.0
counterfactual,258,52,3,Chongqing Municipality,0.35974418848936235,29344289.0,29344289.0,1.0
counterfactual,259,52,4,Chongqing Municipality,-0.5411470274134128,29344289.0,29344289.0,1.0
counterfactual,260,52,5,Chongqing Municipality,0.5312806144256128,29344289.0,29344289.0,1.0
counterfactual,261,53,1,Chongqing Municipality,0.845382219014632,29344289.0,29344289.0,1.0
counterfactual,262,53,2,Chongqing Municipality,0.32998800144584345,29344289.0,29344289.0,1.0
counterfactual,263,53,3,Chongqing Municipality,0.7042671263434791,29344289.0,29344289.0,1.0
counterfactual,264,53,4,Chongqing Municipality,1.2352323458310375,29344289.0,29344289.0,1.0
counterfactual,265,53,5,Chongqing Municipality,0.25773408372960427,29344289.0,29344289.0,1.0
counterfactual,266,54,1,Chongqing Municipality,0.2934770920916613,29344289.0,29344289.0,1.0
counterfactual,267,54,2,Chongqing Municipality,-0.6265035539089575,29344289.0,29344289.0,1.0
counterfactual,268,54,3,Chongqing Municipality,0.8114912235215221,29344289.0,29344289.0,1.0
counterfactual,269,54,4,Chongqing Municipality,-0.352763040427762,29344289.0,29344289.0,1.0
counterfactual,270,54,5,Chongqing Municipality,0.40614227094070765,29344289.0,29344289.0,1.0
counterfactual,271,55,1,Chongqing Municipality,0.6251032310636514,29344289.0,29344289.0,1.0
counterfactual,272,55,2,Chongqing Municipality,0.5179441168760742,29344289.0,29344289.0,1.0
counterfactual,273,55,3,Chongqing Municipality,-0.5590916380557811,29344289.0,29344289.0,1.0
counterfactual,274,55,4,Chongqing Municipality,1.0134082205354067,29344289.0,29344289.0,1.0
counterfactual,275,55,5,Chongqing Municipality,-0.5596913322496876,29344289.0,29344289.0,1.0
counterfactual,276,56,1,Chongqing Municipality,-0.5425999277575697,29344289.0,29344289.0,1.0
counterfactual,277,56,2,Chongqing Municipality,-0.9502807973652035,29344289.0,29344289.0,1.0
counterfactual,278,56,3,Chongqing Municipality,0.8288338021293536,29344289.0,29344289.0,1.0
counterfactual,279,56,4,Chongqing Municipality,-0.4032512541693353,29344289.0,29344289.0,1.0
counterfactual,280,56,5,Chongqing Municipality,0.15499682157570233,29344289.0,29344289.0,1.0
counterfactual,281,57,1,Chongqing Municipality,-0.3348326781429801,29344289.0,29344289.0,1.0
counterfactual,282,57,2,Chongqing Municipality,0.17371063010894747,29344289.0,29344289.0,1.0
counterfactual,283,57,3,Chongqing Municipality,-0.2935111191631523,29344289.0,29344289.0,1.0
counterfactual,284,57,4,Chongqing Municipality,-0.8094964725592269,29344289.0,29344289.0,1.0
counterfactual,285,57,5,Chongqing Municipality,-0.07659604454024198,29344289.0,29344289.0,1.0
counterfactual,286,58,1,Chongqing Municipality,-0.14893337517117944,29344289.0,29344289.0,1.0
counterfactual,287,58,2,Chongqing Municipality,0.3018871678795967,29344289.0,29344289.0,1.0
counterfactual,288,58,3,Chongqing Municipality,-0.3756690157570715,29344289.0,29344289.0,1.0
counterfactual,289,58,4,Chongqing Municipality,-0.08032397635830857,29344289.0,29344289.0,1.0
counterfactual,290,58,5,Chongqing Municipality,0.6124443934071911,29344289.0,29344289.0,1.0
counterfactual,291,59,1,Chongqing Municipality,0.43971297841805584,29344289.0,29344289.0,1.0
counterfactual,292,59,2,Chongqing Municipality,0.4404940982694321,29344289.0,29344289.0,1.0
counterfactual,293,59,3,Chongqing Municipality,-0.8558816481328951,29344289.0,29344289.0,1.0
counterfactual,294,59,4,Chongqing Municipality,-0.11987032121425165,29344289.0,29344289.0,1.0
counterfactual,295,59,5,Chongqing Municipality,0.9538179331687644,29344289.0,29344289.0,1.0
counterfactual,296,60,1,Chongqing Municipality,-0.23710520291981796,29344289.0,29344289.0,1.0
counterfactual,297,60,2,Chongqing Municipality,-0.08859588787784844,29344289.0,29344289.0,1.0
counterfactual,298,60,3,Chongqing Municipality,0.5569135420147759,29344289.0,29344289.0,1.0
counterfactual,299,60,4,Chongqing Municipality,0.35433961536793024,29344289.0,29344289.0,1.0
counterfactual,300,60,5,Chongqing Municipality,0.5225986841061868,29344289.0,29344289.0,1.0
counterfactual,301,61,1,Chongqing Municipality,0.7377081555905048,29344289.0,29344289.0,1.0
counterfactual,302,61,2,Chongqing Municipality,-0.1308754604604267,29344289.0,29344289.0,1.0
counterfactual,303,61,3,Chongqing Municipality,0.06517635040094252,29344289.0,29344289.0,1.0
counterfactual,304,61,4,Chongqing Municipality,0.08992674407944905,29344289.0,29344289.0,1.0
counterfactual,305,61,5,Chongqing Municipality,-0.8798973651983016,29344289.0,29344289.0,1.0
counterfactual,306,62,1,Chongqing Municipality,-0.6168216197521674,29344289.0,29344289.0,1.0
counterfactual,307,62,2,Chongqing Municipality,0.5889704623142468,29344289.0,29344289.0,1.0
counterfactual,308,62,3,Chongqing Municipality,-0.610429054234201,29344289.0,29344289.0,1.0
counterfactual,309,62,4,Chongqing Municipality,-0.13823067022800112,29344289.0,29344289.0,1.0
counterfactual,310,62,5,Chongqing Municipality,-1.0220289841310926,29344289.0,29344289.0,1.0
counterfactual,311,63,1,Chongqing Municipality,-0.26827892323721964,29344289.0,29344289.0,1.0
counterfactual,312,63,2,Chongqing Municipality,0.05369321278574342,29344289.0,29344289.0,1.0
counterfactual,313,63,3,Chongqing Municipality,-0.35060062486434374,29344289.0,29344289.0,1.0
counterfactual,314,63,4,Chongqing Municipality,0.32952500903370935,29344289.0,29344289.0,1.0
counterfactual,315,63,5,Chongqing Municipality,-0.25880878674707336,29344289.0,29344289.0,1.0
counterfactual,316,64,1,Chongqing Municipality,0.5924399310149782,29344289.0,29344289.0,1.0
counterfactual,317,64,2,Chongqing Municipality,-0.7848663139007777,29344289.0,29344289.0,1.0
counterfactual,318,64,3,Chongqing Municipality,-0.11499929872270208,29344289.0,29344289.0,1.0
counterfactual,319,64,4,Chongqing Municipality,-0.4023180135271857,29344289.0,29344289.0,1.0
counterfactual,320,64,5,Chongqing Municipality,-0.49098155597345294,29344289.0,29344289.0,1.0
counterfactual,321,65,1,Chongqing Municipality,-0.41550100280989494,29344289.0,29344289.0,1.0
counterfactual,322,65,2,Chongqing Municipality,-0.5926082039601865,29344289.0,29344289.0,1.0
counterfactual,323,65,3,Chongqing Municipality,-0.04456465052356864,29344289.0,29344289.0,1.0
counterfactual,324,65,4,Chongqing Municipality,-0.12294146321490328,29344289.0,29344289.0,1.0
counterfactual,325,65,5,Chongqing Municipality,-0.6962237571786504,29344289.0,29344289.0,1.0
counterfactual,326,66,1,Chongqing Municipality,-0.42531958468752123,29344289.0,29344289.0,1.0
counterfactual,327,66,2,Chongqing Municipality,0.8892384478205764,29344289.0,29344289.0,1.0
counterfactual,328,66,3,Chongqing Municipality,-0.15197031116233833,29344289.0,29344289.0,1.0
counterfactual,329,66,4,Chongqing Municipality,-1.0269867538497928,29344289.0,29344289.0,1.0
counterfactual,330,66,5,Chongqing Municipality,-0.5250450355980312,29344289.0,29344289.0,1.0
counterfactual,331,67,1,Chongqing Municipality,-0.30031902752584927,29344289.0,29344289.0,1.0
counterfactual,332,67,2,Chongqing Municipality,0.3302338429152096,29344289.0,29344289.0,1.0
counterfactual,333,67,3,Chongqing Municipality,-0.32964288499652583,29344289.0,29344289.0,1.0
counterfactual,334,67,4,Chongqing Municipality,-0.99141888125048,29344289.0,29344289.0,1.0
counterfactual,335,67,5,Chongqing Municipality,-0.5820969639935016,29344289.0,29344289.0,1.0
counterfactual,336,68,1,Chongqing Municipality,-0.14263627368878087,29344289.0,29344289.0,1.0
counterfactual,337,68,2,Chongqing Municipality,-0.828762867639616,29344289.0,29344289.0,1.0
counterfactual,338,68,3,Chongqing Municipality,0.5469467124874178,29344289.0,29344289.0,1.0
counterfactual,339,68,4,Chongqing Municipality,-0.5055766900331814,29344289.0,29344289.0,1.0
counterfactual,340,68,5,Chongqing Municipality,-0.931976826374418,29344289.0,29344289.0,1.0
counterfactual,341,69,1,Chongqing Municipality,0.5640080270272101,29344289.0,29344289.0,1.0
counterfactual,342,69,2,Chongqing Municipality,-0.5331304666941151,29344289.0,29344289.0,1.0
counterfactual,343,69,3,Chongqing Municipality,-0.17142080176531235,29344289.0,29344289.0,1.0
counterfactual,344,69,4,Chongqing Municipality,-0.683930998826511,29344289.0,29344289.0,1.0
counterfactual,345,69,5,Chongqing Municipality,1.0832524103189571,29344289.0,29344289.0,1.0
counterfactual,346,70,1,Chongqing Municipality,1.4987860378304028,29344289.0,29344289.0,1.0
counterfactual,347,70,2,Chongqing Municipality,1.0035697983004739,29344289.0,29344289.0,1.0
counterfactual,348,70,3,Chongqing Municipality,0.13589179968277743,29344289.0,29344289.0,1.0
counterfactual,349,70,4,Chongqing Municipality,-0.051954298836240205,29344289.0,29344289.0,1.0
counterfactual,350,70,5,Chongqing Municipality,-0.17824177314853837,29344289.0,29344289.0,1.0
counterfactual,351,71,1,Chongqing Municipality,0.5868143368794361,29344289.0,29344289.0,1.0
counterfactual,352,71,2,Chongqing Municipality,1.3573412386252501,29344289.0,29344289.0,1.0
counterfactual,353,71,3,Chongqing Municipality,-0.11712598489214324,29344289.0,29344289.0,1.0
counterfactual,354,71,4,Chongqing Municipality,0.28260326836857874,29344289.0,29344289.0,1.0
counterfactual,355,71,5,Chongqing Municipality,0.07392815012851041,29344289.0,29344289.0,1.0
counterfactual,356,72,1,Chongqing Municipality,-0.31382856986516355,29344289.0,29344289.0,1.0
counterfactual,357,72,2,Chongqing Municipality,-0.011387223475002763,29344289.0,29344289.0,1.0
counterfactual,358,72,3,Chongqing Municipality,-0.3696824056124491,29344289.0,29344289.0,1.0
counterfactual,359,72,4,Chongqing Municipality,-0.6629230778435629,29344289.0,29344289.0,1.0
counterfactual,360,72,5,Chongqing Municipality,0.9009807044478714,29344289.0,29344289.0,1.0
counterfactual,361,73,1,Chongqing Municipality,0.5728915199869626,29344289.0,29344289.0,1.0
counterfactual,362,73,2,Chongqing Municipality,-0.5898061929812152,29344289.0,29344289.0,1.0
counterfactual,363,73,3,Chongqing Municipality,0.7648116783078631,29344289.0,29344289.0,1.0
counterfactual,364,73,4,Chongqing Municipality,0.6687202866506227,29344289.0,29344289.0,1.0
counterfactual,365,73,5,Chongqing Municipality,-0.05007061346847491,29344289.0,29344289.0,1.0
counterfactual,366,74,1,Chongqing Municipality,0.6065479357039567,29344289.0,29344289.0,1.0
counterfactual,367,74,2,Chongqing Municipality,1.1790267225682827,29344289.0,29344289.0,1.0
counterfactual,368,74,3,Chongqing Municipality,0.07708030019053806,29344289.0,29344289.0,1.0
counterfactual,369,74,4,Chongqing Municipality,0.9195638784285957,29344289.0,29344289.0,1.0
counterfactual,370,74,5,Chongqing Municipality,-0.10876737221046112,29344289.0,29344289.0,1.0
counterfactual,371,75,1,Chongqing Municipality,1.7288108690488917,29344289.0,29344289.0,1.0
counterfactual,372,75,2,Chongqing Municipality,0.6390114782696417,29344289.0,29344289.0,1.0
counterfactual,373,75,3,Chongqing Municipality,-0.5534327872265159,29344289.0,29344289.0,1.0
counterfactual,374,75,4,Chongqing Municipality,-0.965070357692054,29344289.0,29344289.0,1.0
counterfactual,375,75,5,Chongqing Municipality,-0.05085990736505305,29344289.0,29344289.0,1.0
counterfactual,376,76,1,Chongqing Municipality,-1.3052161687623565,29344289.0,29344289.0,1.0
counterfactual,377,76,2,Chongqing Municipality,0.10852352717545864,29344289.0,29344289.0,1.0
counterfactual,378,76,3,Chongqing Municipality,-0.36345637389876206,29344289.0,29344289.0,1.0
counterfactual,379,76,4,Chongqing Municipality,0.1948821706575502,29344289.0,29344289.0,1.0
counterfactual,380,76,5,Chongqing Municipality,0.015692139801030965,29344289.0,29344289.0,1.0
counterfactual,381,77,1,Chongqing Municipality,0.13691105232860848,29344289.0,29344289.0,1.0
counterfactual,382,77,2,Chongqing Municipality,-0.1843187427271029,29344289.0,29344289.0,1.0
counterfactual,383,77,3,Chongqing Municipality,0.4136761326976823,29344289.0,29344289.0,1.0
counterfactual,384,77,4,Chongqing Municipality,0.34355069565933694,29344289.0,29344289.0,1.0
counterfactual,385,77,5,Chongqing Municipality,0.8154599367963471,29344289.0,29344289.0,1.0
counterfactual,386,78,1,Chongqing Municipality,-0.2787836975428561,29344289.0,29344289.0,1.0
counterfactual,387,78,2,Chongqing Municipality,0.10540174679679064,29344289.0,29344289.0,1.0
counterfactual,388,78,3,Chongqing Municipality,0.09491209785986471,29344289.0,29344289.0,1.0
counterfactual,389,78,4,Chongqing Municipality,0.23031670487677836,29344289.0,29344289.0,1.0
counterfactual,390,78,5,Chongqing Municipality,-0.2502560115621049,29344289.0,29344289.0,1.0
counterfactual,391,79,1,Chongqing Municipality,1.4977430698953191,29344289.0,29344289.0,1.0
counterfactual,392,79,2,Chongqing Municipality,-0.43999113854109545,29344289.0,29344289.0,1.0
counterfactual,393,79,3,Chongqing Municipality,-0.14579476556205812,29344289.0,29344289.0,1.0
counterfactual,394,79,4,Chongqing Municipality,0.07124371584758535,29344289.0,29344289.0,1.0
counterfactual,395,79,5,Chongqing Municipality,0.633505545625064,29344289.0,29344289.0,1.0
counterfactual,396,80,1,Chongqing Municipality,-0.38108252915782465,29344289.0,29344289.0,1.0
counterfactual,397,80,2,Chongqing Municipality,-0.4837162943148595,29344289.0,29344289.0,1.0
counterfactual,398,80,3,Chongqing Municipality,-0.1932904254984539,29344289.0,29344289.0,1.0
counterfactual,399,80,4,Chongqing Municipality,-0.1993219478785682,29344289.0,29344289.0,1.0
counterfactual,400,80,5,Chongqing Municipality,-0.5266839425727597,29344289.0,29344289.0,1.0
counterfactual,401,81,1,Chongqing Municipality,0.22654755144333694,29344289.0,29344289.0,1.0
counterfactual,402,81,2,Chongqing Municipality,0.5741464487227195,29344289.0,29344289.0,1.0
counterfactual,403,81,3,Chongqing Municipality,-0.05269477401763197,29344289.0,29344289.0,1.0
counterfactual,404,81,4,Chongqing Municipality,0.04237604215373949,29344289.0,29344289.0,1.0
counterfactual,405,81,5,Chongqing Municipality,0.3548085831664328,29344289.0,29344289.0,1.0
counterfactual,406,82,1,Chongqing Municipality,-0.9075587826639353,29344289.0,29344289.0,1.0
counterfactual,407,82,2,Chongqing Municipality,-0.0322553317372726,29344289.0,29344289.0,1.0
counterfactual,408,82,3,Chongqing Municipality,-0.5791769555493149,29344289.0,29344289.0,1.0
counterfactual,409,82,4,Chongqing Municipality,0.08721554877355885,29344289.0,29344289.0,1.0
counterfactual,410,82,5,Chongqing Municipality,0.08140499242096165,29344289.0,29344289.0,1.0
counterfactual,411,83,1,Chongqing Municipality,-0.45391833422205013,29344289.0,29344289.0,1.0
counterfactual,412,83,2,Chongqing Municipality,0.8055128978137733,29344289.0,29344289.0,1.0
counterfactual,413,83,3,Chongqing Municipality,0.04014045327308035,29344289.0,29344289.0,1.0
counterfactual,414,83,4,Chongqing Municipality,-0.335518263876625,29344289.0,29344289.0,1.0
counterfactual,415,83,5,Chongqing Municipality,-0.03262608896502753,29344289.0,29344289.0,1.0
counterfactual,416,84,1,Chongqing Municipality,1.7293291699040994,29344289.0,29344289.0,1.0
counterfactual,417,84,2,Chongqing Municipality,-0.8682347429138352,29344289.0,29344289.0,1.0
counterfactual,418,84,3,Chongqing Municipality,-0.12029637137846867,29344289.0,29344289.0,1.0
counterfactual,419,84,4,Chongqing Municipality,0.08902914905522026,29344289.0,29344289.0,1.0
counterfactual,420,84,5,Chongqing Municipality,-1.2268444621830465,29344289.0,29344289.0,1.0
counterfactual,421,85,1,Chongqing Municipality,0.6222180823724835,29344289.0,29344289.0,1.0
counterfactual,422,85,2,Chongqing Municipality,-0.8137286198684623,29344289.0,29344289.0,1.0
counterfactual,423,85,3,Chongqing Municipality,0.5615470924585008,29344289.0,29344289.0,1.0
counterfactual,424,85,4,Chongqing Municipality,0.25579850052073627,29344289.0,29344289.0,1.0
counterfactual,425,85,5,Chongqing Municipality,0.6096674631717781,29344289.0,29344289.0,1.0
counterfactual,426,86,1,Chongqing Municipality,1.108226096110462,29344289.0,29344289.0,1.0
counterfactual,427,86,2,Chongqing Municipality,-0.289667359857637,29344289.0,29344289.0,1.0
counterfactual,428,86,3,Chongqing Municipality,0.680566057157101,29344289.0,29344289.0,1.0
counterfactual,429,86,4,Chongqing Municipality,0.655321430022381,29344289.0,29344289.0,1.0
counterfactual,430,86,5,Chongqing Municipality,0.6584938609657084,29344289.0,29344289.0,1.0
counterfactual,431,87,1,Chongqing Municipality,-0.049832326340522086,29344289.0,29344289.0,1.0
counterfactual,432,87,2,Chongqing Municipality,-1.1431352853679146,29344289.0,29344289.0,1.0
counterfactual,433,87,3,Chongqing Municipality,0.10925580829059856,29344289.0,29344289.0,1.0
counterfactual,434,87,4,Chongqing Municipality,-0.8077303452782907,29344289.0,29344289.0,1.0
counterfactual,435,87,5,Chongqing Municipality,0.28633180270237213,29344289.0,29344289.0,1.0
counterfactual,436,88,1,Chongqing Municipality,-0.1095168539326807,29344289.0,29344289.0,1.0
counterfactual,437,88,2,Chongqing Municipality,-0.383808100354809,29344289.0,29344289.0,1.0
counterfactual,438,88,3,Chongqing Municipality,-0.029982755035814046,29344289.0,29344289.0,1.0
counterfactual,439,88,4,Chongqing Municipality,0.0997686895636005,29344289.0,29344289.0,1.0
counterfactual,440,88,5,Chongqing Municipality,-0.7471610160720015,29344289.0,29344289.0,1.0
counterfactual,441,89,1,Chongqing Municipality,0.3517492077770946,29344289.0,29344289.0,1.0
counterfactual,442,89,2,Chongqing Municipality,-0.34177624439568355,29344289.0,29344289.0,1.0
counterfactual,443,89,3,Chongqing Municipality,0.08372002138413312,29344289.0,29344289.0,1.0
counterfactual,444,89,4,Chongqing Municipality,-0.5307108626397667,29344289.0,29344289.0,1.0
counterfactual,445,89,5,Chongqing Municipality,0.02658559966612964,29344289.0,29344289.0,1.0
counterfactual,446,90,1,Chongqing Municipality,0.4754061607580772,29344289.0,29344289.0,1.0
counterfactual,447,90,2,Chongqing Municipality,0.23544346891529677,29344289.0,29344289.0,1.0
counterfactual,448,90,3,Chongqing Municipality,-0.13689348931513481,29344289.0,29344289.0,1.0
counterfactual,449,90,4,Chongqing Municipality,0.17703862958508818,29344289.0,29344289.0,1.0
counterfactual,450,90,5,Chongqing Municipality,-0.9516922870291147,29344289.0,29344289.0,1.0
counterfactual,451,91,1,Chongqing Municipality,-0.7405894571483861,29344289.0,29344289.0,1.0
counterfactual,452,91,2,Chongqing Municipality,-0.28406810092392487,29344289.0,29344289.0,1.0
counterfactual,453,91,3,Chongqing Municipality,1.0095773880518362,29344289.0,29344289.0,1.0
counterfactual,454,91,4,Chongqing Municipality,-0.8866329722452264,29344289.0,29344289.0,1.0
counterfactual,455,91,5,Chongqing Municipality,0.4417033951334056,29344289.0,29344289.0,1.0
counterfactual,456,92,1,Chongqing Municipality,0.3409317803607744,29344289.0,29344289.0,1.0
counterfactual,457,92,2,Chongqing Municipality,0.4396156877992877,29344289.0,29344289.0,1.0
counterfactual,458,92,3,Chongqing Municipality,-0.09166558230478104,29344289.0,29344289.0,1.0
counterfactual,459,92,4,Chongqing Municipality,1.0639156410173534,29344289.0,29344289.0,1.0
counterfactual,460,92,5,Chongqing Municipality,-1.1304116629100671,29344289.0,29344289.0,1.0
counterfactual,461,93,1,Chongqing Municipality,0.07910158287593996,29344289.0,29344289.0,1.0
counterfactual,462,93,2,Chongqing Municipality,-0.5386790759854179,29344289.0,29344289.0,1.0
counterfactual,463,93,3,Chongqing Municipality,0.41327726993462205,29344289.0,29344289.0,1.0
counterfactual,464,93,4,Chongqing Municipality,-0.2693085237496875,29344289.0,29344289.0,1.0
counterfactual,465,93,5,Chongqing Municipality,0.16666851900873672,29344289.0,29344289.0,1.0
counterfactual,466,94,1,Chongqing Municipality,0.2538855967166203,29344289.0,29344289.0,1.0
counterfactual,467,94,2,Chongqing Municipality,0.23419844981210589,29344289.0,29344289.0,1.0
counterfactual,468,94,3,Chongqing Municipality,-0.286288016323712,29344289.0,29344289.0,1.0
counterfactual,469,94,4,Chongqing Municipality,-0.08603183985760453,29344289.0,29344289.0,1.0
counterfactual,470,94,5,Chongqing Municipality,0.33261169184079176,29344289.0,29344289.0,1.0
counterfactual,471,95,1,Chongqing Municipality,0.2945980040154557,29344289.0,29344289.0,1.0
counterfactual,472,95,2,Chongqing Municipality,0.3248494969487347,29344289.0,29344289.0,1.0
counterfactual,473,95,3,Chongqing Municipality,-0.9640475483855024,29344289.0,29344289.0,1.0
counterfactual,474,95,4,Chongqing Municipality,0.1938249249437831,29344289.0,29344289.0,1.0
counterfactual,475,95,5,Chongqing Municipality,1.019056205491646,29344289.0,29344289.0,1.0
counterfactual,476,96,1,Chongqing Municipality,0.15300097697639484,29344289.0,29344289.0,1.0
counterfactual,477,96,2,Chongqing Municipality,-1.1562463684797146,29344289.0,29344289.0,1.0
counterfactual,478,96,3,Chongqing Municipality,0.2544052248177828,29344289.0,29344289.0,1.0
counterfactual,479,96,4,Chongqing Municipality,-0.326068686207391,29344289.0,29344289.0,1.0
counterfactual,480,96,5,Chongqing Municipality,-0.7866500020274432,29344289.0,29344289.0,1.0
counterfactual,481,97,1,Chongqing Municipality,-0.470054829517194,29344289.0,29344289.0,1.0
counterfactual,482,97,2,Chongqing Municipality,0.3366284426555955,29344289.0,29344289.0,1.0
counterfactual,483,97,3,Chongqing Municipality,-0.03512087747514708,29344289.0,29344289.0,1.0
counterfactual,484,97,4,Chongqing Municipality,0.3823062109905517,29344289.0,29344289.0,1.0
counterfactual,485,97,5,Chongqing Municipality,-1.1681504351149212,29344289.0,29344289.0,1.0
counterfactual,486,98,1,Chongqing Municipality,-0.4234357704311494,29344289.0,29344289.0,1.0
counterfactual,487,98,2,Chongqing Municipality,-0.6659230166746684,29344289.0,29344289.0,1.0
counterfactual,488,98,3,Chongqing Municipality,-0.20618044363743682,29344289.0,29344289.0,1.0
counterfactual,489,98,4,Chongqing Municipality,0.3350815043239798,29344289.0,29344289.0,1.0
counterfactual,490,98,5,Chongqing Municipality,-0.8360824833221598,29344289.0,29344289.0,1.0
counterfactual,491,99,1,Chongqing Municipality,0.49192397165742713,29344289.0,29344289.0,1.0
counterfactual,492,99,2,Chongqing Municipality,0.5278913564321404,29344289.0,29344289.0,1.0
counterfactual,493,99,3,Chongqing Municipality,0.22325032544868165,29344289.0,29344289.0,1.0
counterfactual,494,99,4,Chongqing Municipality,-0.30313923928993003,29344289.0,29344289.0,1.0
counterfactual,495,99,5,Chongqing Municipality,0.05345737348568331,29344289.0,29344289.0,1.0
counterfactual,496,100,1,Chongqing Municipality,0.8621352740331032,29344289.0,29344289.0,1.0
counterfactual,497,100,2,Chongqing Municipality,-0.6007915559362187,29344289.0,29344289.0,1.0
counterfactual,498,100,3,Chongqing Municipality,-0.1924578211520312,29344289.0,29344289.0,1.0
counterfactual,499,100,4,Chongqing Municipality,-0.9691039924530125,29344289.0,29344289.0,1.0
counterfactual,500,100,5,Chongqing Municipality,0.34903915435805904,29344289.0,29344289.0,1.0
counterfactual,501,101,1,Chongqing Municipality,0.14606692575632713,29344289.0,29344289.0,1.0
counterfactual,502,101,2,Chongqing Municipality,-0.4259555105075897,29344289.0,29344289.0,1.0
counterfactual,503,101,3,Chongqing Municipality,-0.27803859328441033,29344289.0,29344289.0,1.0
counterfactual,504,101,4,Chongqing Municipality,0.6761684953460083,29344289.0,29344289.0,1.0
counterfactual,505,101,5,Chongqing Municipality,-0.14051343596905974,29344289.0,29344289.0,1.0
counterfactual,506,102,1,Chongqing Municipality,-0.43893852433783975,29344289.0,29344289.0,1.0
counterfactual,507,102,2,Chongqing Municipality,0.11615345270028644,29344289.0,29344289.0,1.0
counterfactual,508,102,3,Chongqing Municipality,0.6714901065709312,29344289.0,29344289.0,1.0
counterfactual,509,102,4,Chongqing Municipality,-0.17267152079151438,29344289.0,29344289.0,1.0
counterfactual,510,102,5,Chongqing Municipality,0.8456091944293058,29344289.0,29344289.0,1.0
counterfactual,511,103,1,Chongqing Municipality,0.8572513104769166,29344289.0,29344289.0,1.0
counterfactual,512,103,2,Chongqing Municipality,-1.037335081648008,29344289.0,29344289.0,1.0
counterfactual,513,103,3,Chongqing Municipality,0.281010557237336,29344289.0,29344289.0,1.0
counterfactual,514,103,4,Chongqing Municipality,0.20460885323298408,29344289.0,29344289.0,1.0
counterfactual,515,103,5,Chongqing Municipality,0.1467333468001963,29344289.0,29344289.0,1.0
counterfactual,516,104,1,Chongqing Municipality,0.17893304821496928,29344289.0,29344289.0,1.0
counterfactual,517,104,2,Chongqing Municipality,1.106684109960173,29344289.0,29344289.0,1.0
counterfactual,518,104,3,Chongqing Municipality,0.2022545072549752,29344289.0,29344289.0,1.0
counterfactual,519,104,4,Chongqing Municipality,-0.6402891358759016,29344289.0,29344289.0,1.0
counterfactual,520,104,5,Chongqing Municipality,-0.022546179328667423,29344289.0,29344289.0,1.0
counterfactual,521,105,1,Chongqing Municipality,-1.0729611462506776,29344289.0,29344289.0,1.0
counterfactual,522,105,2,Chongqing Municipality,0.17112674811761952,29344289.0,29344289.0,1.0
counterfactual,523,105,3,Chongqing Municipality,0.8967262965178714,29344289.0,29344289.0,1.0
counterfactual,524,105,4,Chongqing Municipality,0.11435220100036804,29344289.0,29344289.0,1.0
counterfactual,525,105,5,Chongqing Municipality,0.09236139862203466,29344289.0,29344289.0,1.0
counterfactual,1,1,1,Hubei Province,-0.563553214074982,64013858.0,64013858.0,1.0
counterfactual,2,1,2,Hubei Province,-0.45883236123631405,64013858.0,64013858.0,1.0
counterfactual,3,1,3,Hubei Province,0.42246253731893463,64013858.0,64013858.0,1.0
counterfactual,4,1,4,Hubei Province,0.1931944663390551,64013858.0,64013858.0,1.0
counterfactual,5,1,5,Hubei Province,-0.013611861964233102,64013858.0,64013858.0,1.0
counterfactual,6,2,1,Hubei Province,0.45079683908905,64013858.0,64013858.0,1.0
counterfactual,7,2,2,Hubei Province,0.03201678566146095,64013858.0,64013858.0,1.0
counterfactual,8,2,3,Hubei Province,-0.08022173955269779,64013858.0,64013858.0,1.0
counterfactual,9,2,4,Hubei Province,0.5659955919526094,64013858.0,64013858.0,1.0
counterfactual,10,2,5,Hubei Province,0.4451409306771008,64013858.0,64013858.0,1.0
counterfactual,11,3,1,Hubei Province,-0.5824059643447478,64013858.0,64013858.0,1.0
counterfactual,12,3,2,Hubei Province,-0.6644115468698049,64013858.0,64013858.0,1.0
counterfactual,13,3,3,Hubei Province,1.0961888585941546,64013858.0,64013858.0,1.0
counterfactual,14,3,4,Hubei Province,-0.7452796212145801,64013858.0,64013858.0,1.0
counterfactual,15,3,5,Hubei Province,-0.570223565916834,64013858.0,64013858.0,1.0
counterfactual,16,4,1,Hubei Province,-0.291501784043951,64013858.0,64013858.0,1.0
counterfactual,17,4,2,Hubei Province,-0.09005111895530021,64013858.0,64013858.0,1.0
counterfactual,18,4,3,Hubei Province,-0.46029867753707204,64013858.0,64013858.0,1.0
counterfactual,19,4,4,Hubei Province,0.6580294112425596,64013858.0,64013858.0,1.0
counterfactual,20,4,5,Hubei Province,0.049233537624705205,64013858.0,64013858.0,1.0
counterfactual,21,5,1,Hubei Province,-0.14783909007251356,64013858.0,64013858.0,1.0
counterfactual,22,5,2,Hubei Province,0.8592394638556986,64013858.0,64013858.0,1.0
counterfactual,23,5,3,Hubei Province,0.8051597133261227,64013858.0,64013858.0,1.0
counterfactual,24,5,4,Hubei Province,0.40384126190651054,64013858.0,64013858.0,1.0
counterfactual,25,5,5,Hubei Province,0.10933443372744486,64013858.0,64013858.0,1.0
counterfactual,26,6,1,Hubei Province,0.32919931214236703,64013858.0,64013858.0,1.0
counterfactual,27,6,2,Hubei Province,-0.07930719279578513,64013858.0,64013858.0,1.0
counterfactual,28,6,3,Hubei Province,-0.27044684024791066,64013858.0,64013858.0,1.0
counterfactual,29,6,4,Hubei Province,-0.060018721522876656,64013858.0,64013858.0,1.0
counterfactual,30,6,5,Hubei Province,-0.6232099746049838,64013858.0,64013858.0,1.0
counterfactual,31,7,1,Hubei Province,0.37473388399788377,64013858.0,64013858.0,1.0
counterfactual,32,7,2,Hubei Province,0.42940901583903446,64013858.0,64013858.0,1.0
counterfactual,33,7,3,Hubei Province,-1.1232528627938663,64013858.0,64013858.0,1.0
counterfactual,34,7,4,Hubei Province,0.3904934036233633,64013858.0,64013858.0,1.0
counterfactual,35,7,5,Hubei Province,-0.6228805687891196,64013858.0,64013858.0,1.0
counterfactual,36,8,1,Hubei Province,0.28659874227795185,64013858.0,64013858.0,1.0
counterfactual,37,8,2,Hubei Province,0.4507123112683183,64013858.0,64013858.0,1.0
counterfactual,38,8,3,Hubei Province,0.4661707501189206,64013858.0,64013858.0,1.0
counterfactual,39,8,4,Hubei Province,-0.36710429591113247,64013858.0,64013858.0,1.0
counterfactual,40,8,5,Hubei Province,-0.55518075900295,64013858.0,64013858.0,1.0
counterfactual,41,9,1,Hubei Province,-1.0282931831947204,64013858.0,64013858.0,1.0
counterfactual,42,9,2,Hubei Province,0.7050126951680113,64013858.0,64013858.0,1.0
counterfactual,43,9,3,Hubei Province,0.9740459520047522,64013858.0,64013858.0,1.0
counterfactual,44,9,4,Hubei Province,0.5249992254268248,64013858.0,64013858.0,1.0
counterfactual,45,9,5,Hubei Province,0.6629235694592619,64013858.0,64013858.0,1.0
counterfactual,46,10,1,Hubei Province,0.645252474584025,64013858.0,64013858.0,1.0
counterfactual,47,10,2,Hubei Province,0.8539757931043556,64013858.0,64013858.0,1.0
counterfactual,48,10,3,Hubei Province,-0.5754789885836126,64013858.0,64013858.0,1.0
counterfactual,49,10,4,Hubei Province,-0.9935988492380565,64013858.0,64013858.0,1.0
counterfactual,50,10,5,Hubei Province,-0.2461813025352937,64013858.0,64013858.0,1.0
counterfactual,51,11,1,Hubei Province,0.46193878926562015,64013858.0,64013858.0,1.0
counterfactual,52,11,2,Hubei Province,0.9835979990814671,64013858.0,64013858.0,1.0
counterfactual,53,11,3,Hubei Province,0.7281646122175955,64013858.0,64013858.0,1.0
counterfactual,54,11,4,Hubei Province,0.3553182383518513,64013858.0,64013858.0,1.0
counterfactual,55,11,5,Hubei Province,-0.34844629929272364,64013858.0,64013858.0,1.0
counterfactual,56,12,1,Hubei Province,0.7208029836115502,64013858.0,64013858.0,1.0
counterfactual,57,12,2,Hubei Province,0.6536379928654993,64013858.0,64013858.0,1.0
counterfactual,58,12,3,Hubei Province,-0.2576628269310041,64013858.0,64013858.0,1.0
counterfactual,59,12,4,Hubei Province,-0.2916932927256957,64013858.0,64013858.0,1.0
counterfactual,60,12,5,Hubei Province,0.47232229445134705,64013858.0,64013858.0,1.0
counterfactual,61,13,1,Hubei Province,0.33008200078131666,64013858.0,64013858.0,1.0
counterfactual,62,13,2,Hubei Province,-0.20833184057317095,64013858.0,64013858.0,1.0
counterfactual,63,13,3,Hubei Province,-0.14949702308148735,64013858.0,64013858.0,1.0
counterfactual,64,13,4,Hubei Province,0.31274112411954136,64013858.0,64013858.0,1.0
counterfactual,65,13,5,Hubei Province,-0.36513391493102404,64013858.0,64013858.0,1.0
counterfactual,66,14,1,Hubei Province,0.07771074238410265,64013858.0,64013858.0,1.0
counterfactual,67,14,2,Hubei Province,-0.04421362144917148,64013858.0,64013858.0,1.0
counterfactual,68,14,3,Hubei Province,0.846935061342633,64013858.0,64013858.0,1.0
counterfactual,69,14,4,Hubei Province,-0.28420728133625867,64013858.0,64013858.0,1.0
counterfactual,70,14,5,Hubei Province,0.2901301112262441,64013858.0,64013858.0,1.0
counterfactual,71,15,1,Hubei Province,-0.01855922878130157,64013858.0,64013858.0,1.0
counterfactual,72,15,2,Hubei Province,-0.015541209824836347,64013858.0,64013858.0,1.0
counterfactual,73,15,3,Hubei Province,-0.8625236573905407,64013858.0,64013858.0,1.0
counterfactual,74,15,4,Hubei Province,0.4841321634442064,64013858.0,64013858.0,1.0
counterfactual,75,15,5,Hubei Province,-0.7426748897493484,64013858.0,64013858.0,1.0
counterfactual,76,16,1,Hubei Province,0.02451742116355235,64013858.0,64013858.0,1.0
counterfactual,77,16,2,Hubei Province,0.32693787445587685,64013858.0,64013858.0,1.0
counterfactual,78,16,3,Hubei Province,0.9815946112706857,64013858.0,64013858.0,1.0
counterfactual,79,16,4,Hubei Province,0.2409334968074445,64013858.0,64013858.0,1.0
counterfactual,80,16,5,Hubei Province,0.803452243590369,64013858.0,64013858.0,1.0
counterfactual,81,17,1,Hubei Province,-0.2004806528476954,64013858.0,64013858.0,1.0
counterfactual,82,17,2,Hubei Province,-0.22521152285683907,64013858.0,64013858.0,1.0
counterfactual,83,17,3,Hubei Province,0.9178922002599579,64013858.0,64013858.0,1.0
counterfactual,84,17,4,Hubei Province,-0.23166298938461957,64013858.0,64013858.0,1.0
counterfactual,85,17,5,Hubei Province,-0.22437770501433318,64013858.0,64013858.0,1.0
counterfactual,86,18,1,Hubei Province,0.5553476148337018,64013858.0,64013858.0,1.0
counterfactual,87,18,2,Hubei Province,-0.5709423634953776,64013858.0,64013858.0,1.0
counterfactual,88,18,3,Hubei Province,0.17521598402207475,64013858.0,64013858.0,1.0
counterfactual,89,18,4,Hubei Province,-0.3859149394153393,64013858.0,64013858.0,1.0
counterfactual,90,18,5,Hubei Province,0.38446094230846506,64013858.0,64013858.0,1.0
counterfactual,91,19,1,Hubei Province,0.5055612274019547,64013858.0,64013858.0,1.0
counterfactual,92,19,2,Hubei Province,-0.22422461687412795,64013858.0,64013858.0,1.0
counterfactual,93,19,3,Hubei Province,0.7566632283590317,64013858.0,64013858.0,1.0
counterfactual,94,19,4,Hubei Province,0.6833175377363789,64013858.0,64013858.0,1.0
counterfactual,95,19,5,Hubei Province,0.17008627283788993,64013858.0,64013858.0,1.0
counterfactual,96,20,1,Hubei Province,0.10466232365288376,64013858.0,64013858.0,1.0
counterfactual,97,20,2,Hubei Province,-0.6630881116599199,64013858.0,64013858.0,1.0
counterfactual,98,20,3,Hubei Province,0.6953432483568625,64013858.0,64013858.0,1.0
counterfactual,99,20,4,Hubei Province,-0.9694800019745509,64013858.0,64013858.0,1.0
counterfactual,100,20,5,Hubei Province,-0.04154949544336659,64013858.0,64013858.0,1.0
counterfactual,101,21,1,Hubei Province,-0.07227967068069457,64013858.0,64013858.0,1.0
counterfactual,102,21,2,Hubei Province,-0.03675718549353263,64013858.0,64013858.0,1.0
counterfactual,103,21,3,Hubei Province,0.7125293429919672,64013858.0,64013858.0,1.0
counterfactual,104,21,4,Hubei Province,0.4299283146117933,64013858.0,64013858.0,1.0
counterfactual,105,21,5,Hubei Province,-0.2982399978834602,64013858.0,64013858.0,1.0
counterfactual,106,22,1,Hubei Province,0.8888963168891889,64013858.0,64013858.0,1.0
counterfactual,107,22,2,Hubei Province,0.13250876730161534,64013858.0,64013858.0,1.0
counterfactual,108,22,3,Hubei Province,0.5486660953644246,64013858.0,64013858.0,1.0
counterfactual,109,22,4,Hubei Province,-0.10472934858192881,64013858.0,64013858.0,1.0
counterfactual,110,22,5,Hubei Province,-0.29748440781146823,64013858.0,64013858.0,1.0
counterfactual,111,23,1,Hubei Province,0.043103876434091595,64013858.0,64013858.0,1.0
counterfactual,112,23,2,Hubei Province,1.024480233938552,64013858.0,64013858.0,1.0
counterfactual,113,23,3,Hubei Province,-0.22623156043510376,64013858.0,64013858.0,1.0
counterfactual,114,23,4,Hubei Province,-0.6661872252384171,64013858.0,64013858.0,1.0
counterfactual,115,23,5,Hubei Province,-0.3064333814290759,64013858.0,64013858.0,1.0
counterfactual,116,24,1,Hubei Province,0.22140559616823277,64013858.0,64013858.0,1.0
counterfactual,117,24,2,Hubei Province,0.13086971716874485,64013858.0,64013858.0,1.0
counterfactual,118,24,3,Hubei Province,0.5792629392719623,64013858.0,64013858.0,1.0
counterfactual,119,24,4,Hubei Province,1.162411511473022,64013858.0,64013858.0,1.0
counterfactual,120,24,5,Hubei Province,-0.16682056594694886,64013858.0,64013858.0,1.0
counterfactual,121,25,1,Hubei Province,1.1897917585894635,64013858.0,64013858.0,1.0
counterfactual,122,25,2,Hubei Province,-0.5636068804878025,64013858.0,64013858.0,1.0
counterfactual,123,25,3,Hubei Province,-0.5372396874843837,64013858.0,64013858.0,1.0
counterfactual,124,25,4,Hubei Province,0.4350595010962091,64013858.0,64013858.0,1.0
counterfactual,125,25,5,Hubei Province,-0.18933818241889921,64013858.0,64013858.0,1.0
counterfactual,126,26,1,Hubei Province,-0.3038485599188451,64013858.0,64013858.0,1.0
counterfactual,127,26,2,Hubei Province,-0.5300590437251325,64013858.0,64013858.0,1.0
counterfactual,128,26,3,Hubei Province,-0.13901241256061164,64013858.0,64013858.0,1.0
counterfactual,129,26,4,Hubei Province,1.119195115340554,64013858.0,64013858.0,1.0
counterfactual,130,26,5,Hubei Province,0.1110759195492714,64013858.0,64013858.0,1.0
counterfactual,131,27,1,Hubei Province,0.21447781997092338,64013858.0,64013858.0,1.0
counterfactual,132,27,2,Hubei Province,-0.7795116264817334,64013858.0,64013858.0,1.0
counterfactual,133,27,3,Hubei Province,0.37632451471201606,64013858.0,64013858.0,1.0
counterfactual,134,27,4,Hubei Province,-0.27795205436323495,64013858.0,64013858.0,1.0
counterfactual,135,27,5,Hubei Province,0.4250751957523686,64013858.0,64013858.0,1.0
counterfactual,136,28,1,Hubei Province,-0.24705544998263018,64013858.0,64013858.0,1.0
counterfactual,137,28,2,Hubei Province,0.6222117453961064,64013858.0,64013858.0,1.0
counterfactual,138,28,3,Hubei Province,0.2404198651582949,64013858.0,64013858.0,1.0
counterfactual,139,28,4,Hubei Province,-0.5563156639256127,64013858.0,64013858.0,1.0
counterfactual,140,28,5,Hubei Province,0.437567820691274,64013858.0,64013858.0,1.0
counterfactual,141,29,1,Hubei Province,-0.7544076524506964,64013858.0,64013858.0,1.0
counterfactual,142,29,2,Hubei Province,0.542943138963898,64013858.0,64013858.0,1.0
counterfactual,143,29,3,Hubei Province,-1.0555823191247513,64013858.0,64013858.0,1.0
counterfactual,144,29,4,Hubei Province,-0.06405124723298443,64013858.0,64013858.0,1.0
counterfactual,145,29,5,Hubei Province,0.22085338270461996,64013858.0,64013858.0,1.0
counterfactual,146,30,1,Hubei Province,-0.008368278943481779,64013858.0,64013858.0,1.0
counterfactual,147,30,2,Hubei Province,0.611178672485024,64013858.0,64013858.0,1.0
counterfactual,148,30,3,Hubei Province,1.2505519452492646,64013858.0,64013858.0,1.0
counterfactual,149,30,4,Hubei Province,-0.3916776809735965,64013858.0,64013858.0,1.0
counterfactual,150,30,5,Hubei Province,0.6162834778258484,64013858.0,64013858.0,1.0
counterfactual,151,31,1,Hubei Province,-0.6898230543952133,64013858.0,64013858.0,1.0
counterfactual,152,31,2,Hubei Province,1.0009502333991285,64013858.0,64013858.0,1.0
counterfactual,153,31,3,Hubei Province,-0.6469321886285324,64013858.0,64013858.0,1.0
counterfactual,154,31,4,Hubei Province,-0.6562491630717988,64013858.0,64013858.0,1.0
counterfactual,155,31,5,Hubei Province,0.576406721222769,64013858.0,64013858.0,1.0
counterfactual,156,32,1,Hubei Province,0.34703683074568104,64013858.0,64013858.0,1.0
counterfactual,157,32,2,Hubei Province,0.44468983808310003,64013858.0,64013858.0,1.0
counterfactual,158,32,3,Hubei Province,-0.38954977075662234,64013858.0,64013858.0,1.0
counterfactual,159,32,4,Hubei Province,0.20224091599164548,64013858.0,64013858.0,1.0
counterfactual,160,32,5,Hubei Province,-0.7523321346523237,64013858.0,64013858.0,1.0
counterfactual,161,33,1,Hubei Province,-1.4361465760211707,64013858.0,64013858.0,1.0
counterfactual,162,33,2,Hubei Province,0.027413915959477446,64013858.0,64013858.0,1.0
counterfactual,163,33,3,Hubei Province,-0.8262834257537025,64013858.0,64013858.0,1.0
counterfactual,164,33,4,Hubei Province,0.8835258281254148,64013858.0,64013858.0,1.0
counterfactual,165,33,5,Hubei Province,0.11600674156585955,64013858.0,64013858.0,1.0
counterfactual,166,34,1,Hubei Province,0.6790869710997093,64013858.0,64013858.0,1.0
counterfactual,167,34,2,Hubei Province,0.8872774002448811,64013858.0,64013858.0,1.0
counterfactual,168,34,3,Hubei Province,0.5186762858932978,64013858.0,64013858.0,1.0
counterfactual,169,34,4,Hubei Province,-0.30712085999612543,64013858.0,64013858.0,1.0
counterfactual,170,34,5,Hubei Province,0.3212419051738437,64013858.0,64013858.0,1.0
counterfactual,171,35,1,Hubei Province,0.26166745886316756,64013858.0,64013858.0,1.0
counterfactual,172,35,2,Hubei Province,0.4211219964384928,64013858.0,64013858.0,1.0
counterfactual,173,35,3,Hubei Province,0.11541143943221772,64013858.0,64013858.0,1.0
counterfactual,174,35,4,Hubei Province,1.3490448084482485,64013858.0,64013858.0,1.0
counterfactual,175,35,5,Hubei Province,0.1981858720492354,64013858.0,64013858.0,1.0
counterfactual,176,36,1,Hubei Province,0.916259663770792,64013858.0,64013858.0,1.0
counterfactual,177,36,2,Hubei Province,0.7367756431499352,64013858.0,64013858.0,1.0
counterfactual,178,36,3,Hubei Province,-0.31042357019810274,64013858.0,64013858.0,1.0
counterfactual,179,36,4,Hubei Province,0.7875808303837393,64013858.0,64013858.0,1.0
counterfactual,180,36,5,Hubei Province,0.005254425149366014,64013858.0,64013858.0,1.0
counterfactual,181,37,1,Hubei Province,-0.45657571521044854,64013858.0,64013858.0,1.0
counterfactual,182,37,2,Hubei Province,0.025644014442050188,64013858.0,64013858.0,1.0
counterfactual,183,37,3,Hubei Province,0.07304895533207335,64013858.0,64013858.0,1.0
counterfactual,184,37,4,Hubei Province,-0.681431340985734,64013858.0,64013858.0,1.0
counterfactual,185,37,5,Hubei Province,-0.9721183480369612,64013858.0,64013858.0,1.0
counterfactual,186,38,1,Hubei Province,-0.04513464578761537,64013858.0,64013858.0,1.0
counterfactual,187,38,2,Hubei Province,0.22656011525505657,64013858.0,64013858.0,1.0
counterfactual,188,38,3,Hubei Province,0.2952594139127422,64013858.0,64013858.0,1.0
counterfactual,189,38,4,Hubei Province,0.20956909777749896,64013858.0,64013858.0,1.0
counterfactual,190,38,5,Hubei Province,-0.7246680495034933,64013858.0,64013858.0,1.0
counterfactual,191,39,1,Hubei Province,-0.08498699787172853,64013858.0,64013858.0,1.0
counterfactual,192,39,2,Hubei Province,0.431726990194471,64013858.0,64013858.0,1.0
counterfactual,193,39,3,Hubei Province,0.5242924289797978,64013858.0,64013858.0,1.0
counterfactual,194,39,4,Hubei Province,-0.6567425756761217,64013858.0,64013858.0,1.0
counterfactual,195,39,5,Hubei Province,0.9450516068511615,64013858.0,64013858.0,1.0
counterfactual,196,40,1,Hubei Province,0.09449944895629092,64013858.0,64013858.0,1.0
counterfactual,197,40,2,Hubei Province,-0.07962440951675644,64013858.0,64013858.0,1.0
counterfactual,198,40,3,Hubei Province,0.6860515931151698,64013858.0,64013858.0,1.0
counterfactual,199,40,4,Hubei Province,0.18971867790049182,64013858.0,64013858.0,1.0
counterfactual,200,40,5,Hubei Province,0.4082141212966462,64013858.0,64013858.0,1.0
counterfactual,201,41,1,Hubei Province,0.5054004826931957,64013858.0,64013858.0,1.0
counterfactual,202,41,2,Hubei Province,0.27180562193438235,64013858.0,64013858.0,1.0
counterfactual,203,41,3,Hubei Province,0.5622466859960272,64013858.0,64013858.0,1.0
counterfactual,204,41,4,Hubei Province,-0.3567493648334825,64013858.0,64013858.0,1.0
counterfactual,205,41,5,Hubei Province,0.04839605952153426,64013858.0,64013858.0,1.0
counterfactual,206,42,1,Hubei Province,-0.06826923126232004,64013858.0,64013858.0,1.0
counterfactual,207,42,2,Hubei Province,0.7450500374405736,64013858.0,64013858.0,1.0
counterfactual,208,42,3,Hubei Province,-0.3152853144333436,64013858.0,64013858.0,1.0
counterfactual,209,42,4,Hubei Province,1.228761973514341,64013858.0,64013858.0,1.0
counterfactual,210,42,5,Hubei Province,0.13122112136369585,64013858.0,64013858.0,1.0
counterfactual,211,43,1,Hubei Province,0.22042310983801708,64013858.0,64013858.0,1.0
counterfactual,212,43,2,Hubei Province,0.7888090486323708,64013858.0,64013858.0,1.0
counterfactual,213,43,3,Hubei Province,-0.3546216476621202,64013858.0,64013858.0,1.0
counterfactual,214,43,4,Hubei Province,0.5334858929410551,64013858.0,64013858.0,1.0
counterfactual,215,43,5,Hubei Province,0.001605226665088627,64013858.0,64013858.0,1.0
counterfactual,216,44,1,Hubei Province,0.1367093118385187,64013858.0,64013858.0,1.0
counterfactual,217,44,2,Hubei Province,1.1228525762966177,64013858.0,64013858.0,1.0
counterfactual,218,44,3,Hubei Province,-0.3709540855346009,64013858.0,64013858.0,1.0
counterfactual,219,44,4,Hubei Province,-0.5773218058690355,64013858.0,64013858.0,1.0
counterfactual,220,44,5,Hubei Province,-0.43445673449563593,64013858.0,64013858.0,1.0
counterfactual,221,45,1,Hubei Province,-0.5848462750913094,64013858.0,64013858.0,1.0
counterfactual,222,45,2,Hubei Province,0.21581088811811538,64013858.0,64013858.0,1.0
counterfactual,223,45,3,Hubei Province,-0.001096116645044594,64013858.0,64013858.0,1.0
counterfactual,224,45,4,Hubei Province,-0.11231540166269045,64013858.0,64013858.0,1.0
counterfactual,225,45,5,Hubei Province,-0.4101026717406572,64013858.0,64013858.0,1.0
counterfactual,226,46,1,Hubei Province,0.3649758801517673,64013858.0,64013858.0,1.0
counterfactual,227,46,2,Hubei Province,0.8663315575698828,64013858.0,64013858.0,1.0
counterfactual,228,46,3,Hubei Province,-0.6694414536736042,64013858.0,64013858.0,1.0
counterfactual,229,46,4,Hubei Province,1.2086250965119105,64013858.0,64013858.0,1.0
counterfactual,230,46,5,Hubei Province,0.4916535142403191,64013858.0,64013858.0,1.0
counterfactual,231,47,1,Hubei Province,-0.029200854095235488,64013858.0,64013858.0,1.0
counterfactual,232,47,2,Hubei Province,0.7005469506414664,64013858.0,64013858.0,1.0
counterfactual,233,47,3,Hubei Province,0.16640039316628574,64013858.0,64013858.0,1.0
counterfactual,234,47,4,Hubei Province,-0.412238805268011,64013858.0,64013858.0,1.0
counterfactual,235,47,5,Hubei Province,0.11150119947581372,64013858.0,64013858.0,1.0
counterfactual,236,48,1,Hubei Province,-0.07556583356047104,64013858.0,64013858.0,1.0
counterfactual,237,48,2,Hubei Province,0.942586573782116,64013858.0,64013858.0,1.0
counterfactual,238,48,3,Hubei Province,0.4351889172305671,64013858.0,64013858.0,1.0
counterfactual,239,48,4,Hubei Province,-1.0105690879950717,64013858.0,64013858.0,1.0
counterfactual,240,48,5,Hubei Province,0.23944777326584996,64013858.0,64013858.0,1.0
counterfactual,241,49,1,Hubei Province,0.8835952877965348,64013858.0,64013858.0,1.0
counterfactual,242,49,2,Hubei Province,-0.2527268484221146,64013858.0,64013858.0,1.0
counterfactual,243,49,3,Hubei Province,-0.06810536617679468,64013858.0,64013858.0,1.0
counterfactual,244,49,4,Hubei Province,-0.15632186223074435,64013858.0,64013858.0,1.0
counterfactual,245,49,5,Hubei Province,-0.3197021115894473,64013858.0,64013858.0,1.0
counterfactual,246,50,1,Hubei Province,-0.10025281541488862,64013858.0,64013858.0,1.0
counterfactual,247,50,2,Hubei Province,0.33844995044018156,64013858.0,64013858.0,1.0
counterfactual,248,50,3,Hubei Province,0.7772921514697511,64013858.0,64013858.0,1.0
counterfactual,249,50,4,Hubei Province,0.4645875444273389,64013858.0,64013858.0,1.0
counterfactual,250,50,5,Hubei Province,-0.29929606562397504,64013858.0,64013858.0,1.0
counterfactual,251,51,1,Hubei Province,0.25339055592726545,64013858.0,64013858.0,1.0
counterfactual,252,51,2,Hubei Province,0.8746726003521259,64013858.0,64013858.0,1.0
counterfactual,253,51,3,Hubei Province,-0.0508190157457786,64013858.0,64013858.0,1.0
counterfactual,254,51,4,Hubei Province,-0.4805817722258007,64013858.0,64013858.0,1.0
counterfactual,255,51,5,Hubei Province,-0.045458446455513155,64013858.0,64013858.0,1.0
counterfactual,256,52,1,Hubei Province,1.0027809436459671,64013858.0,64013858.0,1.0
counterfactual,257,52,2,Hubei Province,0.29137414248829824,64013858.0,64013858.0,1.0
counterfactual,258,52,3,Hubei Province,-0.4271146647183225,64013858.0,64013858.0,1.0
counterfactual,259,52,4,Hubei Province,-0.782392371248446,64013858.0,64013858.0,1.0
counterfactual,260,52,5,Hubei Province,0.4858613200498384,64013858.0,64013858.0,1.0
counterfactual,261,53,1,Hubei Province,-0.7693567519916089,64013858.0,64013858.0,1.0
counterfactual,262,53,2,Hubei Province,-0.07087155114507017,64013858.0,64013858.0,1.0
counterfactual,263,53,3,Hubei Province,0.6112637188251878,64013858.0,64013858.0,1.0
counterfactual,264,53,4,Hubei Province,1.2598672098728343,64013858.0,64013858.0,1.0
counterfactual,265,53,5,Hubei Province,0.5286295758738238,64013858.0,64013858.0,1.0
counterfactual,266,54,1,Hubei Province,1.2863805326071118,64013858.0,64013858.0,1.0
counterfactual,267,54,2,Hubei Province,-0.22141115304183226,64013858.0,64013858.0,1.0
counterfactual,268,54,3,Hubei Province,0.3133074332969263,64013858.0,64013858.0,1.0
counterfactual,269,54,4,Hubei Province,-0.5010103944395373,64013858.0,64013858.0,1.0
counterfactual,270,54,5,Hubei Province,0.30137891007590567,64013858.0,64013858.0,1.0
counterfactual,271,55,1,Hubei Province,1.3659265989272047,64013858.0,64013858.0,1.0
counterfactual,272,55,2,Hubei Province,-0.05964117298152983,64013858.0,64013858.0,1.0
counterfactual,273,55,3,Hubei Province,0.07216650123805321,64013858.0,64013858.0,1.0
counterfactual,274,55,4,Hubei Province,0.52769226878475,64013858.0,64013858.0,1.0
counterfactual,275,55,5,Hubei Province,-0.24528845875213662,64013858.0,64013858.0,1.0
counterfactual,276,56,1,Hubei Province,-0.1940294623992042,64013858.0,64013858.0,1.0
counterfactual,277,56,2,Hubei Province,0.3098997412992138,64013858.0,64013858.0,1.0
counterfactual,278,56,3,Hubei Province,0.8917346903543948,64013858.0,64013858.0,1.0
counterfactual,279,56,4,Hubei Province,0.5584350440576068,64013858.0,64013858.0,1.0
counterfactual,280,56,5,Hubei Province,0.43935486379218397,64013858.0,64013858.0,1.0
counterfactual,281,57,1,Hubei Province,-0.30809451212600797,64013858.0,64013858.0,1.0
counterfactual,282,57,2,Hubei Province,0.12407208731433436,64013858.0,64013858.0,1.0
counterfactual,283,57,3,Hubei Province,0.5317899688169379,64013858.0,64013858.0,1.0
counterfactual,284,57,4,Hubei Province,-0.8978395164566879,64013858.0,64013858.0,1.0
counterfactual,285,57,5,Hubei Province,0.059998007175061686,64013858.0,64013858.0,1.0
counterfactual,286,58,1,Hubei Province,-0.6483782632208478,64013858.0,64013858.0,1.0
counterfactual,287,58,2,Hubei Province,0.056116310198850834,64013858.0,64013858.0,1.0
counterfactual,288,58,3,Hubei Province,-0.012692073614398837,64013858.0,64013858.0,1.0
counterfactual,289,58,4,Hubei Province,0.1483935886552073,64013858.0,64013858.0,1.0
counterfactual,290,58,5,Hubei Province,0.30099759323384073,64013858.0,64013858.0,1.0
counterfactual,291,59,1,Hubei Province,-0.35334185056563494,64013858.0,64013858.0,1.0
counterfactual,292,59,2,Hubei Province,0.8927919062831875,64013858.0,64013858.0,1.0
counterfactual,293,59,3,Hubei Province,-0.28864944623903405,64013858.0,64013858.0,1.0
counterfactual,294,59,4,Hubei Province,-0.34636501426838,64013858.0,64013858.0,1.0
counterfactual,295,59,5,Hubei Province,0.7104848048450293,64013858.0,64013858.0,1.0
counterfactual,296,60,1,Hubei Province,-0.27010525644171984,64013858.0,64013858.0,1.0
counterfactual,297,60,2,Hubei Province,0.1032429325032995,64013858.0,64013858.0,1.0
counterfactual,298,60,3,Hubei Province,0.43812099934578386,64013858.0,64013858.0,1.0
counterfactual,299,60,4,Hubei Province,0.04109254692629813,64013858.0,64013858.0,1.0
counterfactual,300,60,5,Hubei Province,0.6712159582646476,64013858.0,64013858.0,1.0
counterfactual,301,61,1,Hubei Province,0.3598924020241944,64013858.0,64013858.0,1.0
counterfactual,302,61,2,Hubei Province,0.2617259632800271,64013858.0,64013858.0,1.0
counterfactual,303,61,3,Hubei Province,-0.002632138595540946,64013858.0,64013858.0,1.0
counterfactual,304,61,4,Hubei Province,0.6050344679293186,64013858.0,64013858.0,1.0
counterfactual,305,61,5,Hubei Province,-0.6710755510315414,64013858.0,64013858.0,1.0
counterfactual,306,62,1,Hubei Province,-0.753919175284472,64013858.0,64013858.0,1.0
counterfactual,307,62,2,Hubei Province,-0.19144614614609817,64013858.0,64013858.0,1.0
counterfactual,308,62,3,Hubei Province,-0.3851559994995694,64013858.0,64013858.0,1.0
counterfactual,309,62,4,Hubei Province,-0.14240678437498885,64013858.0,64013858.0,1.0
counterfactual,310,62,5,Hubei Province,-0.9177984540304819,64013858.0,64013858.0,1.0
counterfactual,311,63,1,Hubei Province,0.2061338195555941,64013858.0,64013858.0,1.0
counterfactual,312,63,2,Hubei Province,-0.5285392828230282,64013858.0,64013858.0,1.0
counterfactual,313,63,3,Hubei Province,-0.448004355574933,64013858.0,64013858.0,1.0
counterfactual,314,63,4,Hubei Province,0.6352169479917117,64013858.0,64013858.0,1.0
counterfactual,315,63,5,Hubei Province,0.6575820360013258,64013858.0,64013858.0,1.0
counterfactual,316,64,1,Hubei Province,0.8519074568123225,64013858.0,64013858.0,1.0
counterfactual,317,64,2,Hubei Province,-0.6537371193881607,64013858.0,64013858.0,1.0
counterfactual,318,64,3,Hubei Province,0.7814836939626999,64013858.0,64013858.0,1.0
counterfactual,319,64,4,Hubei Province,0.725209810276664,64013858.0,64013858.0,1.0
counterfactual,320,64,5,Hubei Province,0.23644641319708623,64013858.0,64013858.0,1.0
counterfactual,321,65,1,Hubei Province,0.24261687146156663,64013858.0,64013858.0,1.0
counterfactual,322,65,2,Hubei Province,0.036297010932188616,64013858.0,64013858.0,1.0
counterfactual,323,65,3,Hubei Province,0.25591873955294303,64013858.0,64013858.0,1.0
counterfactual,324,65,4,Hubei Province,0.18681584557879513,64013858.0,64013858.0,1.0
counterfactual,325,65,5,Hubei Province,-0.28777076671543833,64013858.0,64013858.0,1.0
counterfactual,326,66,1,Hubei Province,0.6270518182907499,64013858.0,64013858.0,1.0
counterfactual,327,66,2,Hubei Province,0.5507305279127388,64013858.0,64013858.0,1.0
counterfactual,328,66,3,Hubei Province,-0.04980146602322051,64013858.0,64013858.0,1.0
counterfactual,329,66,4,Hubei Province,-0.5780213549976131,64013858.0,64013858.0,1.0
counterfactual,330,66,5,Hubei Province,0.16310641891845726,64013858.0,64013858.0,1.0
counterfactual,331,67,1,Hubei Province,0.2950808430595416,64013858.0,64013858.0,1.0
counterfactual,332,67,2,Hubei Province,0.31318578599264474,64013858.0,64013858.0,1.0
counterfactual,333,67,3,Hubei Province,0.1665534569022851,64013858.0,64013858.0,1.0
counterfactual,334,67,4,Hubei Province,-0.5446854536170161,64013858.0,64013858.0,1.0
counterfactual,335,67,5,Hubei Province,0.5812325469750026,64013858.0,64013858.0,1.0
counterfactual,336,68,1,Hubei Province,-0.10445568622458333,64013858.0,64013858.0,1.0
counterfactual,337,68,2,Hubei Province,-1.0746626220229643,64013858.0,64013858.0,1.0
counterfactual,338,68,3,Hubei Province,-0.5195387033914725,64013858.0,64013858.0,1.0
counterfactual,339,68,4,Hubei Province,1.0330412714488557,64013858.0,64013858.0,1.0
counterfactual,340,68,5,Hubei Province,-0.8417299771464085,64013858.0,64013858.0,1.0
counterfactual,341,69,1,Hubei Province,0.9749126605322576,64013858.0,64013858.0,1.0
counterfactual,342,69,2,Hubei Province,-0.03622740906831279,64013858.0,64013858.0,1.0
counterfactual,343,69,3,Hubei Province,-0.6282896827207823,64013858.0,64013858.0,1.0
counterfactual,344,69,4,Hubei Province,-0.3045139694057566,64013858.0,64013858.0,1.0
counterfactual,345,69,5,Hubei Province,0.7052237053458664,64013858.0,64013858.0,1.0
counterfactual,346,70,1,Hubei Province,0.9565449206293384,64013858.0,64013858.0,1.0
counterfactual,347,70,2,Hubei Province,1.19780398371464,64013858.0,64013858.0,1.0
counterfactual,348,70,3,Hubei Province,0.004792327238574295,64013858.0,64013858.0,1.0
counterfactual,349,70,4,Hubei Province,-0.055924098754098504,64013858.0,64013858.0,1.0
counterfactual,350,70,5,Hubei Province,-0.9773028226643059,64013858.0,64013858.0,1.0
counterfactual,351,71,1,Hubei Province,0.3736813058865,64013858.0,64013858.0,1.0
counterfactual,352,71,2,Hubei Province,0.09054794323826493,64013858.0,64013858.0,1.0
counterfactual,353,71,3,Hubei Province,0.100806069766408,64013858.0,64013858.0,1.0
counterfactual,354,71,4,Hubei Province,1.1474721658947586,64013858.0,64013858.0,1.0
counterfactual,355,71,5,Hubei Province,0.7228384394695644,64013858.0,64013858.0,1.0
counterfactual,356,72,1,Hubei Province,1.1287469102226766,64013858.0,64013858.0,1.0
counterfactual,357,72,2,Hubei Province,-0.1625194028521765,64013858.0,64013858.0,1.0
counterfactual,358,72,3,Hubei Province,0.06234326617316008,64013858.0,64013858.0,1.0
counterfactual,359,72,4,Hubei Province,-0.629007878756949,64013858.0,64013858.0,1.0
counterfactual,360,72,5,Hubei Province,0.5264766644341041,64013858.0,64013858.0,1.0
counterfactual,361,73,1,Hubei Province,0.2552359177002059,64013858.0,64013858.0,1.0
counterfactual,362,73,2,Hubei Province,0.5634367511638118,64013858.0,64013858.0,1.0
counterfactual,363,73,3,Hubei Province,1.4632183754758807,64013858.0,64013858.0,1.0
counterfactual,364,73,4,Hubei Province,0.6151534377976009,64013858.0,64013858.0,1.0
counterfactual,365,73,5,Hubei Province,-0.37926663393457605,64013858.0,64013858.0,1.0
counterfactual,366,74,1,Hubei Province,0.38311061388564205,64013858.0,64013858.0,1.0
counterfactual,367,74,2,Hubei Province,0.9161356552306481,64013858.0,64013858.0,1.0
counterfactual,368,74,3,Hubei Province,0.4568853929843704,64013858.0,64013858.0,1.0
counterfactual,369,74,4,Hubei Province,0.8527434452210785,64013858.0,64013858.0,1.0
counterfactual,370,74,5,Hubei Province,0.5621144213506999,64013858.0,64013858.0,1.0
counterfactual,371,75,1,Hubei Province,0.9318212639182816,64013858.0,64013858.0,1.0
counterfactual,372,75,2,Hubei Province,0.9672948976749633,64013858.0,64013858.0,1.0
counterfactual,373,75,3,Hubei Province,-0.061412557275257254,64013858.0,64013858.0,1.0
counterfactual,374,75,4,Hubei Province,0.6765602026850532,64013858.0,64013858.0,1.0
counterfactual,375,75,5,Hubei Province,0.7875103149003493,64013858.0,64013858.0,1.0
counterfactual,376,76,1,Hubei Province,0.12207650565703305,64013858.0,64013858.0,1.0
counterfactual,377,76,2,Hubei Province,0.48743080179515214,64013858.0,64013858.0,1.0
counterfactual,378,76,3,Hubei Province,0.3651784839209065,64013858.0,64013858.0,1.0
counterfactual,379,76,4,Hubei Province,-0.16731245362670719,64013858.0,64013858.0,1.0
counterfactual,380,76,5,Hubei Province,0.20379880934375413,64013858.0,64013858.0,1.0
counterfactual,381,77,1,Hubei Province,0.25131052203422033,64013858.0,64013858.0,1.0
counterfactual,382,77,2,Hubei Province,0.26776127500665553,64013858.0,64013858.0,1.0
counterfactual,383,77,3,Hubei Province,-0.07629520896063563,64013858.0,64013858.0,1.0
counterfactual,384,77,4,Hubei Province,-0.4709146494143864,64013858.0,64013858.0,1.0
counterfactual,385,77,5,Hubei Province,0.922860187970212,64013858.0,64013858.0,1.0
counterfactual,386,78,1,Hubei Province,0.25277904837103515,64013858.0,64013858.0,1.0
counterfactual,387,78,2,Hubei Province,0.09122686351648526,64013858.0,64013858.0,1.0
counterfactual,388,78,3,Hubei Province,0.33227628325237807,64013858.0,64013858.0,1.0
counterfactual,389,78,4,Hubei Province,1.040761313777131,64013858.0,64013858.0,1.0
counterfactual,390,78,5,Hubei Province,0.18550031490196472,64013858.0,64013858.0,1.0
counterfactual,391,79,1,Hubei Province,0.62410124061943,64013858.0,64013858.0,1.0
counterfactual,392,79,2,Hubei Province,-0.7019380165149455,64013858.0,64013858.0,1.0
counterfactual,393,79,3,Hubei Province,0.07712164898340132,64013858.0,64013858.0,1.0
counterfactual,394,79,4,Hubei Province,0.5407693098348119,64013858.0,64013858.0,1.0
counterfactual,395,79,5,Hubei Province,0.5549647972597204,64013858.0,64013858.0,1.0
counterfactual,396,80,1,Hubei Province,0.1632951349312341,64013858.0,64013858.0,1.0
counterfactual,397,80,2,Hubei Province,0.31824989039664053,64013858.0,64013858.0,1.0
counterfactual,398,80,3,Hubei Province,-0.3988706901498037,64013858.0,64013858.0,1.0
counterfactual,399,80,4,Hubei Province,-0.4689034090340567,64013858.0,64013858.0,1.0
counterfactual,400,80,5,Hubei Province,0.26987280602281916,64013858.0,64013858.0,1.0
counterfactual,401,81,1,Hubei Province,0.6376575186379422,64013858.0,64013858.0,1.0
counterfactual,402,81,2,Hubei Province,0.26247897553707433,64013858.0,64013858.0,1.0
counterfactual,403,81,3,Hubei Province,0.24618379845382277,64013858.0,64013858.0,1.0
counterfactual,404,81,4,Hubei Province,0.31853846011589765,64013858.0,64013858.0,1.0
counterfactual,405,81,5,Hubei Province,0.08114883825585444,64013858.0,64013858.0,1.0
counterfactual,406,82,1,Hubei Province,-1.0305052830719919,64013858.0,64013858.0,1.0
counterfactual,407,82,2,Hubei Province,0.22844041674582796,64013858.0,64013858.0,1.0
counterfactual,408,82,3,Hubei Province,-0.7639885858640738,64013858.0,64013858.0,1.0
counterfactual,409,82,4,Hubei Province,-0.3919677582035444,64013858.0,64013858.0,1.0
counterfactual,410,82,5,Hubei Province,0.7756940124759595,64013858.0,64013858.0,1.0
counterfactual,411,83,1,Hubei Province,-0.04310069476852868,64013858.0,64013858.0,1.0
counterfactual,412,83,2,Hubei Province,-0.2661059179525264,64013858.0,64013858.0,1.0
counterfactual,413,83,3,Hubei Province,-0.49779121413451,64013858.0,64013858.0,1.0
counterfactual,414,83,4,Hubei Province,-0.23259585431940205,64013858.0,64013858.0,1.0
counterfactual,415,83,5,Hubei Province,0.23255118541983907,64013858.0,64013858.0,1.0
counterfactual,416,84,1,Hubei Province,1.2765444261911278,64013858.0,64013858.0,1.0
counterfactual,417,84,2,Hubei Province,-0.2966730382678486,64013858.0,64013858.0,1.0
counterfactual,418,84,3,Hubei Province,-0.23635395534044093,64013858.0,64013858.0,1.0
counterfactual,419,84,4,Hubei Province,0.008813835322225674,64013858.0,64013858.0,1.0
counterfactual,420,84,5,Hubei Province,-0.3953897234246969,64013858.0,64013858.0,1.0
counterfactual,421,85,1,Hubei Province,0.8748283500721341,64013858.0,64013858.0,1.0
counterfactual,422,85,2,Hubei Province,0.4011794922552826,64013858.0,64013858.0,1.0
counterfactual,423,85,3,Hubei Province,0.5676519195141736,64013858.0,64013858.0,1.0
counterfactual,424,85,4,Hubei Province,0.698162717276018,64013858.0,64013858.0,1.0
counterfactual,425,85,5,Hubei Province,0.4411265296571344,64013858.0,64013858.0,1.0
counterfactual,426,86,1,Hubei Province,1.3768916981242232,64013858.0,64013858.0,1.0
counterfactual,427,86,2,Hubei Province,-0.327611104817955,64013858.0,64013858.0,1.0
counterfactual,428,86,3,Hubei Province,0.08198049227245191,64013858.0,64013858.0,1.0
counterfactual,429,86,4,Hubei Province,0.45623459906814606,64013858.0,64013858.0,1.0
counterfactual,430,86,5,Hubei Province,0.347271034071309,64013858.0,64013858.0,1.0
counterfactual,431,87,1,Hubei Province,-0.2507780262397758,64013858.0,64013858.0,1.0
counterfactual,432,87,2,Hubei Province,0.6428839984320452,64013858.0,64013858.0,1.0
counterfactual,433,87,3,Hubei Province,-0.16672973628425067,64013858.0,64013858.0,1.0
counterfactual,434,87,4,Hubei Province,0.13851298767587703,64013858.0,64013858.0,1.0
counterfactual,435,87,5,Hubei Province,0.38701523088755424,64013858.0,64013858.0,1.0
counterfactual,436,88,1,Hubei Province,-0.35527395679879187,64013858.0,64013858.0,1.0
counterfactual,437,88,2,Hubei Province,-0.7255892199075048,64013858.0,64013858.0,1.0
counterfactual,438,88,3,Hubei Province,0.5703754399750206,64013858.0,64013858.0,1.0
counterfactual,439,88,4,Hubei Province,0.13921411192338912,64013858.0,64013858.0,1.0
counterfactual,440,88,5,Hubei Province,0.26319355734478617,64013858.0,64013858.0,1.0
counterfactual,441,89,1,Hubei Province,0.6606174769248828,64013858.0,64013858.0,1.0
counterfactual,442,89,2,Hubei Province,0.11964176387930506,64013858.0,64013858.0,1.0
counterfactual,443,89,3,Hubei Province,0.03292715533107827,64013858.0,64013858.0,1.0
counterfactual,444,89,4,Hubei Province,0.5134035651852887,64013858.0,64013858.0,1.0
counterfactual,445,89,5,Hubei Province,-0.15636633854857832,64013858.0,64013858.0,1.0
counterfactual,446,90,1,Hubei Province,0.7093769345664319,64013858.0,64013858.0,1.0
counterfactual,447,90,2,Hubei Province,0.12251906246041558,64013858.0,64013858.0,1.0
counterfactual,448,90,3,Hubei Province,0.12582341986492698,64013858.0,64013858.0,1.0
counterfactual,449,90,4,Hubei Province,-0.8485498722054374,64013858.0,64013858.0,1.0
counterfactual,450,90,5,Hubei Province,-0.8802401860808183,64013858.0,64013858.0,1.0
counterfactual,451,91,1,Hubei Province,-0.7212703221840341,64013858.0,64013858.0,1.0
counterfactual,452,91,2,Hubei Province,0.18360991694263254,64013858.0,64013858.0,1.0
counterfactual,453,91,3,Hubei Province,-0.10298675724447323,64013858.0,64013858.0,1.0
counterfactual,454,91,4,Hubei Province,-0.4258089831254457,64013858.0,64013858.0,1.0
counterfactual,455,91,5,Hubei Province,0.1671676225939508,64013858.0,64013858.0,1.0
counterfactual,456,92,1,Hubei Province,0.31204084481227967,64013858.0,64013858.0,1.0
counterfactual,457,92,2,Hubei Province,0.7579393785083394,64013858.0,64013858.0,1.0
counterfactual,458,92,3,Hubei Province,0.7903333510970708,64013858.0,64013858.0,1.0
counterfactual,459,92,4,Hubei Province,1.3270645125908527,64013858.0,64013858.0,1.0
counterfactual,460,92,5,Hubei Province,-0.3755941069063295,64013858.0,64013858.0,1.0
counterfactual,461,93,1,Hubei Province,-0.7882634657791481,64013858.0,64013858.0,1.0
counterfactual,462,93,2,Hubei Province,-0.1019946166433209,64013858.0,64013858.0,1.0
counterfactual,463,93,3,Hubei Province,-0.31761076785986636,64013858.0,64013858.0,1.0
counterfactual,464,93,4,Hubei Province,-0.6937401041489663,64013858.0,64013858.0,1.0
counterfactual,465,93,5,Hubei Province,0.6071350208072126,64013858.0,64013858.0,1.0
counterfactual,466,94,1,Hubei Province,0.3809779780283816,64013858.0,64013858.0,1.0
counterfactual,467,94,2,Hubei Province,0.2921289143122765,64013858.0,64013858.0,1.0
counterfactual,468,94,3,Hubei Province,-0.5853003406520657,64013858.0,64013858.0,1.0
counterfactual,469,94,4,Hubei Province,-0.09881873181132671,64013858.0,64013858.0,1.0
counterfactual,470,94,5,Hubei Province,1.0017275452755745,64013858.0,64013858.0,1.0
counterfactual,471,95,1,Hubei Province,0.08464711791069958,64013858.0,64013858.0,1.0
counterfactual,472,95,2,Hubei Province,1.0815199171786616,64013858.0,64013858.0,1.0
counterfactual,473,95,3,Hubei Province,-0.1192210631962029,64013858.0,64013858.0,1.0
counterfactual,474,95,4,Hubei Province,-0.3240843858127834,64013858.0,64013858.0,1.0
counterfactual,475,95,5,Hubei Province,0.9708632378811067,64013858.0,64013858.0,1.0
counterfactual,476,96,1,Hubei Province,-0.4032814059014851,64013858.0,64013858.0,1.0
counterfactual,477,96,2,Hubei Province,-0.2166999863039324,64013858.0,64013858.0,1.0
counterfactual,478,96,3,Hubei Province,0.45494321843978996,64013858.0,64013858.0,1.0
counterfactual,479,96,4,Hubei Province,-0.1760167942939691,64013858.0,64013858.0,1.0
counterfactual,480,96,5,Hubei Province,-0.5079618450557022,64013858.0,64013858.0,1.0
counterfactual,481,97,1,Hubei Province,1.2578440078549329,64013858.0,64013858.0,1.0
counterfactual,482,97,2,Hubei Province,0.8065570784137197,64013858.0,64013858.0,1.0
counterfactual,483,97,3,Hubei Province,0.31021577326385513,64013858.0,64013858.0,1.0
counterfactual,484,97,4,Hubei Province,0.45163903682527234,64013858.0,64013858.0,1.0
counterfactual,485,97,5,Hubei Province,-0.7713639837588692,64013858.0,64013858.0,1.0
counterfactual,486,98,1,Hubei Province,-0.3165943294231722,64013858.0,64013858.0,1.0
counterfactual,487,98,2,Hubei Province,-0.10150306292295518,64013858.0,64013858.0,1.0
counterfactual,488,98,3,Hubei Province,0.8290385432770765,64013858.0,64013858.0,1.0
counterfactual,489,98,4,Hubei Province,0.2266467190434319,64013858.0,64013858.0,1.0
counterfactual,490,98,5,Hubei Province,-0.12368992693870695,64013858.0,64013858.0,1.0
counterfactual,491,99,1,Hubei Province,0.38068068207871586,64013858.0,64013858.0,1.0
counterfactual,492,99,2,Hubei Province,0.7393078110543548,64013858.0,64013858.0,1.0
counterfactual,493,99,3,Hubei Province,0.17677350937985906,64013858.0,64013858.0,1.0
counterfactual,494,99,4,Hubei Province,0.4567782914020942,64013858.0,64013858.0,1.0
counterfactual,495,99,5,Hubei Province,0.45997214423295313,64013858.0,64013858.0,1.0
counterfactual,496,100,1,Hubei Province,0.8994164718259603,64013858.0,64013858.0,1.0
counterfactual,497,100,2,Hubei Province,-0.9353453985279495,64013858.0,64013858.0,1.0
counterfactual,498,100,3,Hubei Province,0.25753391437879974,64013858.0,64013858.0,1.0
counterfactual,499,100,4,Hubei Province,-0.7105648211859873,64013858.0,64013858.0,1.0
counterfactual,500,100,5,Hubei Province,0.5407372299222482,64013858.0,64013858.0,1.0
counterfactual,501,101,1,Hubei Province,0.1336192256646553,64013858.0,64013858.0,1.0
counterfactual,502,101,2,Hubei Province,-0.1520924262619366,64013858.0,64013858.0,1.0
counterfactual,503,101,3,Hubei Province,0.5898664380530114,64013858.0,64013858.0,1.0
counterfactual,504,101,4,Hubei Province,-0.3598017381918332,64013858.0,64013858.0,1.0
counterfactual,505,101,5,Hubei Province,0.050928564705091134,64013858.0,64013858.0,1.0
counterfactual,506,102,1,Hubei Province,-0.5487297645019029,64013858.0,64013858.0,1.0
counterfactual,507,102,2,Hubei Province,-0.10006335144508566,64013858.0,64013858.0,1.0
counterfactual,508,102,3,Hubei Province,0.7903377886026293,64013858.0,64013858.0,1.0
counterfactual,509,102,4,Hubei Province,0.18167509988805258,64013858.0,64013858.0,1.0
counterfactual,510,102,5,Hubei Province,0.36504047021063574,64013858.0,64013858.0,1.0
counterfactual,511,103,1,Hubei Province,1.400100614921352,64013858.0,64013858.0,1.0
counterfactual,512,103,2,Hubei Province,-1.0319699614890603,64013858.0,64013858.0,1.0
counterfactual,513,103,3,Hubei Province,0.18947395001384884,64013858.0,64013858.0,1.0
counterfactual,514,103,4,Hubei Province,1.019641016957454,64013858.0,64013858.0,1.0
counterfactual,515,103,5,Hubei Province,0.35634755400762297,64013858.0,64013858.0,1.0
counterfactual,516,104,1,Hubei Province,0.40571973885760954,64013858.0,64013858.0,1.0
counterfactual,517,104,2,Hubei Province,0.31569777231203405,64013858.0,64013858.0,1.0
counterfactual,518,104,3,Hubei Province,0.7801051713315847,64013858.0,64013858.0,1.0
counterfactual,519,104,4,Hubei Province,-0.20687752403756887,64013858.0,64013858.0,1.0
counterfactual,520,104,5,Hubei Province,0.26727853372878563,64013858.0,64013858.0,1.0
counterfactual,521,105,1,Hubei Province,0.06490628453145776,64013858.0,64013858.0,1.0
counterfactual,522,105,2,Hubei Province,0.32737548957440843,64013858.0,64013858.0,1.0
counterfactual,523,105,3,Hubei Province,0.8395262340804233,64013858.0,64013858.0,1.0
counterfactual,524,105,4,Hubei Province,-0.08811381223051311,64013858.0,64013858.0,1.0
counterfactual,525,105,5,Hubei Province,0.2117906936709373,64013858.0,64013858.0,1.0
counterfactual,1,1,1,Hunan Province,0.16385705301815034,70570269.0,70570269.0,1.0
counterfactual,2,1,2,Hunan Province,0.10993410530060718,70570269.0,70570269.0,1.0
counterfactual,3,1,3,Hunan Province,-0.13406606648764122,70570269.0,70570269.0,1.0
counterfactual,4,1,4,Hunan Province,0.16173893863695699,70570269.0,70570269.0,1.0
counterfactual,5,1,5,Hunan Province,-0.2273285089336357,70570269.0,70570269.0,1.0
counterfactual,6,2,1,Hunan Province,0.2947107059306519,70570269.0,70570269.0,1.0
counterfactual,7,2,2,Hunan Province,0.426834352582476,70570269.0,70570269.0,1.0
counterfactual,8,2,3,Hunan Province,-0.1872003555828607,70570269.0,70570269.0,1.0
counterfactual,9,2,4,Hunan Province,1.4403650570424804,70570269.0,70570269.0,1.0
counterfactual,10,2,5,Hunan Province,0.29864777807791415,70570269.0,70570269.0,1.0
counterfactual,11,3,1,Hunan Province,0.13456644386628855,70570269.0,70570269.0,1.0
counterfactual,12,3,2,Hunan Province,-0.4454036511071451,70570269.0,70570269.0,1.0
counterfactual,13,3,3,Hunan Province,0.9305327747408496,70570269.0,70570269.0,1.0
counterfactual,14,3,4,Hunan Province,-1.0009977608748866,70570269.0,70570269.0,1.0
counterfactual,15,3,5,Hunan Province,-0.47840104045361154,70570269.0,70570269.0,1.0
counterfactual,16,4,1,Hunan Province,0.20022664932781642,70570269.0,70570269.0,1.0
counterfactual,17,4,2,Hunan Province,0.4893556625927253,70570269.0,70570269.0,1.0
counterfactual,18,4,3,Hunan Province,-0.939578058653248,70570269.0,70570269.0,1.0
counterfactual,19,4,4,Hunan Province,0.8807064220075839,70570269.0,70570269.0,1.0
counterfactual,20,4,5,Hunan Province,0.38226487336524045,70570269.0,70570269.0,1.0
counterfactual,21,5,1,Hunan Province,0.19784232944433117,70570269.0,70570269.0,1.0
counterfactual,22,5,2,Hunan Province,0.277583639910886,70570269.0,70570269.0,1.0
counterfactual,23,5,3,Hunan Province,0.4882099477063876,70570269.0,70570269.0,1.0
counterfactual,24,5,4,Hunan Province,0.8671423062375812,70570269.0,70570269.0,1.0
counterfactual,25,5,5,Hunan Province,-0.4608970719021029,70570269.0,70570269.0,1.0
counterfactual,26,6,1,Hunan Province,0.8247243813554535,70570269.0,70570269.0,1.0
counterfactual,27,6,2,Hunan Province,0.5794785582613081,70570269.0,70570269.0,1.0
counterfactual,28,6,3,Hunan Province,-1.0826684284498977,70570269.0,70570269.0,1.0
counterfactual,29,6,4,Hunan Province,-0.0521197725302619,70570269.0,70570269.0,1.0
counterfactual,30,6,5,Hunan Province,-0.5967337467873749,70570269.0,70570269.0,1.0
counterfactual,31,7,1,Hunan Province,1.0955456102383694,70570269.0,70570269.0,1.0
counterfactual,32,7,2,Hunan Province,0.5922132015832058,70570269.0,70570269.0,1.0
counterfactual,33,7,3,Hunan Province,-0.3646810666313203,70570269.0,70570269.0,1.0
counterfactual,34,7,4,Hunan Province,0.627000467396111,70570269.0,70570269.0,1.0
counterfactual,35,7,5,Hunan Province,-0.9046132276304574,70570269.0,70570269.0,1.0
counterfactual,36,8,1,Hunan Province,0.3423815760861691,70570269.0,70570269.0,1.0
counterfactual,37,8,2,Hunan Province,0.5155718788104925,70570269.0,70570269.0,1.0
counterfactual,38,8,3,Hunan Province,0.8727643973274747,70570269.0,70570269.0,1.0
counterfactual,39,8,4,Hunan Province,0.5548627796954821,70570269.0,70570269.0,1.0
counterfactual,40,8,5,Hunan Province,-1.0298770553441972,70570269.0,70570269.0,1.0
counterfactual,41,9,1,Hunan Province,-0.6298598037883352,70570269.0,70570269.0,1.0
counterfactual,42,9,2,Hunan Province,0.7256377556593566,70570269.0,70570269.0,1.0
counterfactual,43,9,3,Hunan Province,1.2298945840108726,70570269.0,70570269.0,1.0
counterfactual,44,9,4,Hunan Province,0.8376040683255676,70570269.0,70570269.0,1.0
counterfactual,45,9,5,Hunan Province,0.5951493324947406,70570269.0,70570269.0,1.0
counterfactual,46,10,1,Hunan Province,0.5185229132819049,70570269.0,70570269.0,1.0
counterfactual,47,10,2,Hunan Province,0.4311003690521742,70570269.0,70570269.0,1.0
counterfactual,48,10,3,Hunan Province,-0.06282297579513861,70570269.0,70570269.0,1.0
counterfactual,49,10,4,Hunan Province,-1.0713701881190838,70570269.0,70570269.0,1.0
counterfactual,50,10,5,Hunan Province,0.23042393814166315,70570269.0,70570269.0,1.0
counterfactual,51,11,1,Hunan Province,1.030251750812616,70570269.0,70570269.0,1.0
counterfactual,52,11,2,Hunan Province,0.8583501688361406,70570269.0,70570269.0,1.0
counterfactual,53,11,3,Hunan Province,0.23974143809420995,70570269.0,70570269.0,1.0
counterfactual,54,11,4,Hunan Province,0.35844550374436157,70570269.0,70570269.0,1.0
counterfactual,55,11,5,Hunan Province,-0.2182981222294416,70570269.0,70570269.0,1.0
counterfactual,56,12,1,Hunan Province,0.35491447795703696,70570269.0,70570269.0,1.0
counterfactual,57,12,2,Hunan Province,0.5363154032472103,70570269.0,70570269.0,1.0
counterfactual,58,12,3,Hunan Province,0.769705162037428,70570269.0,70570269.0,1.0
counterfactual,59,12,4,Hunan Province,0.3541575198113016,70570269.0,70570269.0,1.0
counterfactual,60,12,5,Hunan Province,0.7205398102682928,70570269.0,70570269.0,1.0
counterfactual,61,13,1,Hunan Province,0.5150417424077672,70570269.0,70570269.0,1.0
counterfactual,62,13,2,Hunan Province,0.8485760047425193,70570269.0,70570269.0,1.0
counterfactual,63,13,3,Hunan Province,-0.7195679553391656,70570269.0,70570269.0,1.0
counterfactual,64,13,4,Hunan Province,0.428547872955092,70570269.0,70570269.0,1.0
counterfactual,65,13,5,Hunan Province,-0.07576590301333792,70570269.0,70570269.0,1.0
counterfactual,66,14,1,Hunan Province,-0.13774803921732803,70570269.0,70570269.0,1.0
counterfactual,67,14,2,Hunan Province,-0.19384762756193744,70570269.0,70570269.0,1.0
counterfactual,68,14,3,Hunan Province,0.4950575487746239,70570269.0,70570269.0,1.0
counterfactual,69,14,4,Hunan Province,-0.2929514403180977,70570269.0,70570269.0,1.0
counterfactual,70,14,5,Hunan Province,0.12431697108762228,70570269.0,70570269.0,1.0
counterfactual,71,15,1,Hunan Province,0.3593891979916781,70570269.0,70570269.0,1.0
counterfactual,72,15,2,Hunan Province,-0.17790230660548895,70570269.0,70570269.0,1.0
counterfactual,73,15,3,Hunan Province,-0.9494588644366018,70570269.0,70570269.0,1.0
counterfactual,74,15,4,Hunan Province,0.4575368684927429,70570269.0,70570269.0,1.0
counterfactual,75,15,5,Hunan Province,-0.2606856621481569,70570269.0,70570269.0,1.0
counterfactual,76,16,1,Hunan Province,0.3585667953281353,70570269.0,70570269.0,1.0
counterfactual,77,16,2,Hunan Province,0.08952135177464673,70570269.0,70570269.0,1.0
counterfactual,78,16,3,Hunan Province,0.7925221669885286,70570269.0,70570269.0,1.0
counterfactual,79,16,4,Hunan Province,0.6742349937078224,70570269.0,70570269.0,1.0
counterfactual,80,16,5,Hunan Province,0.8558619875682217,70570269.0,70570269.0,1.0
counterfactual,81,17,1,Hunan Province,0.18102105446848699,70570269.0,70570269.0,1.0
counterfactual,82,17,2,Hunan Province,0.12819862085982026,70570269.0,70570269.0,1.0
counterfactual,83,17,3,Hunan Province,0.16480532819533622,70570269.0,70570269.0,1.0
counterfactual,84,17,4,Hunan Province,-0.10187222460471604,70570269.0,70570269.0,1.0
counterfactual,85,17,5,Hunan Province,-0.2118623889328782,70570269.0,70570269.0,1.0
counterfactual,86,18,1,Hunan Province,0.7532042217126662,70570269.0,70570269.0,1.0
counterfactual,87,18,2,Hunan Province,-0.5769484043843234,70570269.0,70570269.0,1.0
counterfactual,88,18,3,Hunan Province,0.4038576093794949,70570269.0,70570269.0,1.0
counterfactual,89,18,4,Hunan Province,-0.09664204543691456,70570269.0,70570269.0,1.0
counterfactual,90,18,5,Hunan Province,0.7272760207866659,70570269.0,70570269.0,1.0
counterfactual,91,19,1,Hunan Province,0.9528224037071189,70570269.0,70570269.0,1.0
counterfactual,92,19,2,Hunan Province,-0.1380508010826696,70570269.0,70570269.0,1.0
counterfactual,93,19,3,Hunan Province,1.1700193472110585,70570269.0,70570269.0,1.0
counterfactual,94,19,4,Hunan Province,0.606073723880952,70570269.0,70570269.0,1.0
counterfactual,95,19,5,Hunan Province,0.34886611615148744,70570269.0,70570269.0,1.0
counterfactual,96,20,1,Hunan Province,0.47335871945569524,70570269.0,70570269.0,1.0
counterfactual,97,20,2,Hunan Province,-0.5769231185716103,70570269.0,70570269.0,1.0
counterfactual,98,20,3,Hunan Province,1.1025823533343382,70570269.0,70570269.0,1.0
counterfactual,99,20,4,Hunan Province,-0.6938353680800133,70570269.0,70570269.0,1.0
counterfactual,100,20,5,Hunan Province,0.41454747978824774,70570269.0,70570269.0,1.0
counterfactual,101,21,1,Hunan Province,0.47208378191071043,70570269.0,70570269.0,1.0
counterfactual,102,21,2,Hunan Province,-0.18374326656101508,70570269.0,70570269.0,1.0
counterfactual,103,21,3,Hunan Province,0.5535392418376998,70570269.0,70570269.0,1.0
counterfactual,104,21,4,Hunan Province,0.9248659941108016,70570269.0,70570269.0,1.0
counterfactual,105,21,5,Hunan Province,-0.23420067433418884,70570269.0,70570269.0,1.0
counterfactual,106,22,1,Hunan Province,0.9757740238506803,70570269.0,70570269.0,1.0
counterfactual,107,22,2,Hunan Province,1.1306211173803151,70570269.0,70570269.0,1.0
counterfactual,108,22,3,Hunan Province,0.42715259980317793,70570269.0,70570269.0,1.0
counterfactual,109,22,4,Hunan Province,0.23982234260899,70570269.0,70570269.0,1.0
counterfactual,110,22,5,Hunan Province,-0.4787701326145889,70570269.0,70570269.0,1.0
counterfactual,111,23,1,Hunan Province,-0.2565908075962194,70570269.0,70570269.0,1.0
counterfactual,112,23,2,Hunan Province,0.5152350896358876,70570269.0,70570269.0,1.0
counterfactual,113,23,3,Hunan Province,0.4183759792487826,70570269.0,70570269.0,1.0
counterfactual,114,23,4,Hunan Province,-0.906047230955225,70570269.0,70570269.0,1.0
counterfactual,115,23,5,Hunan Province,-0.7761648012893423,70570269.0,70570269.0,1.0
counterfactual,116,24,1,Hunan Province,0.5489547036626863,70570269.0,70570269.0,1.0
counterfactual,117,24,2,Hunan Province,-0.28316595659499194,70570269.0,70570269.0,1.0
counterfactual,118,24,3,Hunan Province,0.22940017046420536,70570269.0,70570269.0,1.0
counterfactual,119,24,4,Hunan Province,1.170027307144511,70570269.0,70570269.0,1.0
counterfactual,120,24,5,Hunan Province,-0.7904827679355337,70570269.0,70570269.0,1.0
counterfactual,121,25,1,Hunan Province,0.8761023988960664,70570269.0,70570269.0,1.0
counterfactual,122,25,2,Hunan Province,0.2640503581189884,70570269.0,70570269.0,1.0
counterfactual,123,25,3,Hunan Province,-0.8477557492938438,70570269.0,70570269.0,1.0
counterfactual,124,25,4,Hunan Province,0.720012402970006,70570269.0,70570269.0,1.0
counterfactual,125,25,5,Hunan Province,0.9666955118283032,70570269.0,70570269.0,1.0
counterfactual,126,26,1,Hunan Province,-0.10363249856158911,70570269.0,70570269.0,1.0
counterfactual,127,26,2,Hunan Province,-0.0565486003770948,70570269.0,70570269.0,1.0
counterfactual,128,26,3,Hunan Province,0.16968085865887156,70570269.0,70570269.0,1.0
counterfactual,129,26,4,Hunan Province,0.4472294502501888,70570269.0,70570269.0,1.0
counterfactual,130,26,5,Hunan Province,-0.010532274470093778,70570269.0,70570269.0,1.0
counterfactual,131,27,1,Hunan Province,0.24215617341201334,70570269.0,70570269.0,1.0
counterfactual,132,27,2,Hunan Province,0.034073141157717965,70570269.0,70570269.0,1.0
counterfactual,133,27,3,Hunan Province,0.18738516270743175,70570269.0,70570269.0,1.0
counterfactual,134,27,4,Hunan Province,-0.5487981416180854,70570269.0,70570269.0,1.0
counterfactual,135,27,5,Hunan Province,-0.13988982612450146,70570269.0,70570269.0,1.0
counterfactual,136,28,1,Hunan Province,0.3980249109574533,70570269.0,70570269.0,1.0
counterfactual,137,28,2,Hunan Province,1.352263680182862,70570269.0,70570269.0,1.0
counterfactual,138,28,3,Hunan Province,1.0900907192162814,70570269.0,70570269.0,1.0
counterfactual,139,28,4,Hunan Province,-0.5123674313601282,70570269.0,70570269.0,1.0
counterfactual,140,28,5,Hunan Province,0.8751160177892268,70570269.0,70570269.0,1.0
counterfactual,141,29,1,Hunan Province,-0.7702844695078891,70570269.0,70570269.0,1.0
counterfactual,142,29,2,Hunan Province,0.8047982632699969,70570269.0,70570269.0,1.0
counterfactual,143,29,3,Hunan Province,-0.5075973466453423,70570269.0,70570269.0,1.0
counterfactual,144,29,4,Hunan Province,0.7434466566931225,70570269.0,70570269.0,1.0
counterfactual,145,29,5,Hunan Province,-0.22991808391502722,70570269.0,70570269.0,1.0
counterfactual,146,30,1,Hunan Province,0.032827646637540016,70570269.0,70570269.0,1.0
counterfactual,147,30,2,Hunan Province,0.2404136684353354,70570269.0,70570269.0,1.0
counterfactual,148,30,3,Hunan Province,0.969116001479772,70570269.0,70570269.0,1.0
counterfactual,149,30,4,Hunan Province,0.40488959615111453,70570269.0,70570269.0,1.0
counterfactual,150,30,5,Hunan Province,0.49712109067405974,70570269.0,70570269.0,1.0
counterfactual,151,31,1,Hunan Province,-0.8493527486132756,70570269.0,70570269.0,1.0
counterfactual,152,31,2,Hunan Province,1.3630172366557176,70570269.0,70570269.0,1.0
counterfactual,153,31,3,Hunan Province,-0.7832791676256669,70570269.0,70570269.0,1.0
counterfactual,154,31,4,Hunan Province,-0.35323716418377443,70570269.0,70570269.0,1.0
counterfactual,155,31,5,Hunan Province,0.48425499933515487,70570269.0,70570269.0,1.0
counterfactual,156,32,1,Hunan Province,0.9065556347023251,70570269.0,70570269.0,1.0
counterfactual,157,32,2,Hunan Province,0.027117207168377604,70570269.0,70570269.0,1.0
counterfactual,158,32,3,Hunan Province,-0.3087950454970683,70570269.0,70570269.0,1.0
counterfactual,159,32,4,Hunan Province,0.48745879787597846,70570269.0,70570269.0,1.0
counterfactual,160,32,5,Hunan Province,-0.16192346323236922,70570269.0,70570269.0,1.0
counterfactual,161,33,1,Hunan Province,-1.2966326339585799,70570269.0,70570269.0,1.0
counterfactual,162,33,2,Hunan Province,-0.4808596731076308,70570269.0,70570269.0,1.0
counterfactual,163,33,3,Hunan Province,-0.588508290701131,70570269.0,70570269.0,1.0
counterfactual,164,33,4,Hunan Province,1.069250053469186,70570269.0,70570269.0,1.0
counterfactual,165,33,5,Hunan Province,-0.3414789589350378,70570269.0,70570269.0,1.0
counterfactual,166,34,1,Hunan Province,0.5111154932332124,70570269.0,70570269.0,1.0
counterfactual,167,34,2,Hunan Province,0.8536579829289022,70570269.0,70570269.0,1.0
counterfactual,168,34,3,Hunan Province,0.06483141875408295,70570269.0,70570269.0,1.0
counterfactual,169,34,4,Hunan Province,-0.46469308691763406,70570269.0,70570269.0,1.0
counterfactual,170,34,5,Hunan Province,-0.3115928863896477,70570269.0,70570269.0,1.0
counterfactual,171,35,1,Hunan Province,0.12260756196080755,70570269.0,70570269.0,1.0
counterfactual,172,35,2,Hunan Province,0.7362464762425975,70570269.0,70570269.0,1.0
counterfactual,173,35,3,Hunan Province,-0.24685013241758105,70570269.0,70570269.0,1.0
counterfactual,174,35,4,Hunan Province,1.5976592637971632,70570269.0,70570269.0,1.0
counterfactual,175,35,5,Hunan Province,0.4009527066792045,70570269.0,70570269.0,1.0
counterfactual,176,36,1,Hunan Province,0.8447318418190027,70570269.0,70570269.0,1.0
counterfactual,177,36,2,Hunan Province,0.05381886130054831,70570269.0,70570269.0,1.0
counterfactual,178,36,3,Hunan Province,0.5098016807945971,70570269.0,70570269.0,1.0
counterfactual,179,36,4,Hunan Province,1.5915246538206693,70570269.0,70570269.0,1.0
counterfactual,180,36,5,Hunan Province,-0.23111725179778728,70570269.0,70570269.0,1.0
counterfactual,181,37,1,Hunan Province,-0.6546413144305223,70570269.0,70570269.0,1.0
counterfactual,182,37,2,Hunan Province,0.33791272173287923,70570269.0,70570269.0,1.0
counterfactual,183,37,3,Hunan Province,-0.10419463318183188,70570269.0,70570269.0,1.0
counterfactual,184,37,4,Hunan Province,-1.1210913407183374,70570269.0,70570269.0,1.0
counterfactual,185,37,5,Hunan Province,-0.8000052140308094,70570269.0,70570269.0,1.0
counterfactual,186,38,1,Hunan Province,-0.2836143845717524,70570269.0,70570269.0,1.0
counterfactual,187,38,2,Hunan Province,0.48386748473955926,70570269.0,70570269.0,1.0
counterfactual,188,38,3,Hunan Province,0.30194357186433246,70570269.0,70570269.0,1.0
counterfactual,189,38,4,Hunan Province,0.31914306721801716,70570269.0,70570269.0,1.0
counterfactual,190,38,5,Hunan Province,-0.8068675112692199,70570269.0,70570269.0,1.0
counterfactual,191,39,1,Hunan Province,0.5804195865158942,70570269.0,70570269.0,1.0
counterfactual,192,39,2,Hunan Province,0.591199137135829,70570269.0,70570269.0,1.0
counterfactual,193,39,3,Hunan Province,0.5579891461560696,70570269.0,70570269.0,1.0
counterfactual,194,39,4,Hunan Province,-0.8194569580759928,70570269.0,70570269.0,1.0
counterfactual,195,39,5,Hunan Province,0.8976315732925464,70570269.0,70570269.0,1.0
counterfactual,196,40,1,Hunan Province,0.13342899696572635,70570269.0,70570269.0,1.0
counterfactual,197,40,2,Hunan Province,0.3053103661389045,70570269.0,70570269.0,1.0
counterfactual,198,40,3,Hunan Province,0.7853848093699902,70570269.0,70570269.0,1.0
counterfactual,199,40,4,Hunan Province,-0.007909057291813704,70570269.0,70570269.0,1.0
counterfactual,200,40,5,Hunan Province,0.3894575612090715,70570269.0,70570269.0,1.0
counterfactual,201,41,1,Hunan Province,0.5477006206492949,70570269.0,70570269.0,1.0
counterfactual,202,41,2,Hunan Province,0.9360983426038401,70570269.0,70570269.0,1.0
counterfactual,203,41,3,Hunan Province,0.7610544044860192,70570269.0,70570269.0,1.0
counterfactual,204,41,4,Hunan Province,-0.651911228327998,70570269.0,70570269.0,1.0
counterfactual,205,41,5,Hunan Province,-0.43880202148465186,70570269.0,70570269.0,1.0
counterfactual,206,42,1,Hunan Province,0.05353577573596407,70570269.0,70570269.0,1.0
counterfactual,207,42,2,Hunan Province,0.11019914805079038,70570269.0,70570269.0,1.0
counterfactual,208,42,3,Hunan Province,-0.10593724990566111,70570269.0,70570269.0,1.0
counterfactual,209,42,4,Hunan Province,1.1980901172795402,70570269.0,70570269.0,1.0
counterfactual,210,42,5,Hunan Province,0.32714821186109416,70570269.0,70570269.0,1.0
counterfactual,211,43,1,Hunan Province,0.018954379347880655,70570269.0,70570269.0,1.0
counterfactual,212,43,2,Hunan Province,0.7078335429195127,70570269.0,70570269.0,1.0
counterfactual,213,43,3,Hunan Province,-0.32154347771911496,70570269.0,70570269.0,1.0
counterfactual,214,43,4,Hunan Province,-0.047626510724048006,70570269.0,70570269.0,1.0
counterfactual,215,43,5,Hunan Province,0.3998461998046538,70570269.0,70570269.0,1.0
counterfactual,216,44,1,Hunan Province,-0.1694664702069733,70570269.0,70570269.0,1.0
counterfactual,217,44,2,Hunan Province,0.4958267514129555,70570269.0,70570269.0,1.0
counterfactual,218,44,3,Hunan Province,-0.3566414326073835,70570269.0,70570269.0,1.0
counterfactual,219,44,4,Hunan Province,-1.1794165459533752,70570269.0,70570269.0,1.0
counterfactual,220,44,5,Hunan Province,-0.752663402901173,70570269.0,70570269.0,1.0
counterfactual,221,45,1,Hunan Province,-1.045940262161447,70570269.0,70570269.0,1.0
counterfactual,222,45,2,Hunan Province,0.29253212801865097,70570269.0,70570269.0,1.0
counterfactual,223,45,3,Hunan Province,-0.6239365774719395,70570269.0,70570269.0,1.0
counterfactual,224,45,4,Hunan Province,-0.5451779848590299,70570269.0,70570269.0,1.0
counterfactual,225,45,5,Hunan Province,-0.7068795548501103,70570269.0,70570269.0,1.0
counterfactual,226,46,1,Hunan Province,1.1367247683237287,70570269.0,70570269.0,1.0
counterfactual,227,46,2,Hunan Province,0.7443832210814199,70570269.0,70570269.0,1.0
counterfactual,228,46,3,Hunan Province,-0.9218855339025751,70570269.0,70570269.0,1.0
counterfactual,229,46,4,Hunan Province,0.9826340812244726,70570269.0,70570269.0,1.0
counterfactual,230,46,5,Hunan Province,0.7162012849049549,70570269.0,70570269.0,1.0
counterfactual,231,47,1,Hunan Province,0.9666659927165447,70570269.0,70570269.0,1.0
counterfactual,232,47,2,Hunan Province,1.1548195035006001,70570269.0,70570269.0,1.0
counterfactual,233,47,3,Hunan Province,0.3606812325788416,70570269.0,70570269.0,1.0
counterfactual,234,47,4,Hunan Province,-0.2912517376819983,70570269.0,70570269.0,1.0
counterfactual,235,47,5,Hunan Province,0.15344038408622437,70570269.0,70570269.0,1.0
counterfactual,236,48,1,Hunan Province,0.34289240596096743,70570269.0,70570269.0,1.0
counterfactual,237,48,2,Hunan Province,1.476138707817147,70570269.0,70570269.0,1.0
counterfactual,238,48,3,Hunan Province,0.4614941935024963,70570269.0,70570269.0,1.0
counterfactual,239,48,4,Hunan Province,0.056074490504396335,70570269.0,70570269.0,1.0
counterfactual,240,48,5,Hunan Province,-0.035140101516248835,70570269.0,70570269.0,1.0
counterfactual,241,49,1,Hunan Province,0.4305764993918311,70570269.0,70570269.0,1.0
counterfactual,242,49,2,Hunan Province,0.14695151368952789,70570269.0,70570269.0,1.0
counterfactual,243,49,3,Hunan Province,-0.1253887698069209,70570269.0,70570269.0,1.0
counterfactual,244,49,4,Hunan Province,0.08059668886310088,70570269.0,70570269.0,1.0
counterfactual,245,49,5,Hunan Province,0.5412156826331278,70570269.0,70570269.0,1.0
counterfactual,246,50,1,Hunan Province,-0.031423538160406765,70570269.0,70570269.0,1.0
counterfactual,247,50,2,Hunan Province,0.28435869689168913,70570269.0,70570269.0,1.0
counterfactual,248,50,3,Hunan Province,0.6856582958428445,70570269.0,70570269.0,1.0
counterfactual,249,50,4,Hunan Province,0.49444523511838967,70570269.0,70570269.0,1.0
counterfactual,250,50,5,Hunan Province,-0.8417265131139241,70570269.0,70570269.0,1.0
counterfactual,251,51,1,Hunan Province,0.16189036537314777,70570269.0,70570269.0,1.0
counterfactual,252,51,2,Hunan Province,1.0513178118241548,70570269.0,70570269.0,1.0
counterfactual,253,51,3,Hunan Province,0.4870412180605285,70570269.0,70570269.0,1.0
counterfactual,254,51,4,Hunan Province,-0.10622749380299877,70570269.0,70570269.0,1.0
counterfactual,255,51,5,Hunan Province,-0.0569707913027204,70570269.0,70570269.0,1.0
counterfactual,256,52,1,Hunan Province,1.2688705745381685,70570269.0,70570269.0,1.0
counterfactual,257,52,2,Hunan Province,0.04274810894415268,70570269.0,70570269.0,1.0
counterfactual,258,52,3,Hunan Province,-0.1604983526034276,70570269.0,70570269.0,1.0
counterfactual,259,52,4,Hunan Province,-0.22969029371644117,70570269.0,70570269.0,1.0
counterfactual,260,52,5,Hunan Province,-0.06793965436875671,70570269.0,70570269.0,1.0
counterfactual,261,53,1,Hunan Province,-0.39350713041076696,70570269.0,70570269.0,1.0
counterfactual,262,53,2,Hunan Province,-0.1232600280615405,70570269.0,70570269.0,1.0
counterfactual,263,53,3,Hunan Province,0.12842235928587814,70570269.0,70570269.0,1.0
counterfactual,264,53,4,Hunan Province,-0.06026382832704534,70570269.0,70570269.0,1.0
counterfactual,265,53,5,Hunan Province,0.4620482926982106,70570269.0,70570269.0,1.0
counterfactual,266,54,1,Hunan Province,0.8035387379772734,70570269.0,70570269.0,1.0
counterfactual,267,54,2,Hunan Province,1.021697431043947,70570269.0,70570269.0,1.0
counterfactual,268,54,3,Hunan Province,1.5179812837174755,70570269.0,70570269.0,1.0
counterfactual,269,54,4,Hunan Province,0.4118162493635642,70570269.0,70570269.0,1.0
counterfactual,270,54,5,Hunan Province,-0.2583072087500617,70570269.0,70570269.0,1.0
counterfactual,271,55,1,Hunan Province,0.2553152486691196,70570269.0,70570269.0,1.0
counterfactual,272,55,2,Hunan Province,-0.720606404591232,70570269.0,70570269.0,1.0
counterfactual,273,55,3,Hunan Province,0.42691645835158165,70570269.0,70570269.0,1.0
counterfactual,274,55,4,Hunan Province,1.2361311397642867,70570269.0,70570269.0,1.0
counterfactual,275,55,5,Hunan Province,0.1687451434103255,70570269.0,70570269.0,1.0
counterfactual,276,56,1,Hunan Province,-0.18985382392873765,70570269.0,70570269.0,1.0
counterfactual,277,56,2,Hunan Province,-0.19489130103425253,70570269.0,70570269.0,1.0
counterfactual,278,56,3,Hunan Province,0.4722678663685712,70570269.0,70570269.0,1.0
counterfactual,279,56,4,Hunan Province,0.5786423627370072,70570269.0,70570269.0,1.0
counterfactual,280,56,5,Hunan Province,0.8759166049574066,70570269.0,70570269.0,1.0
counterfactual,281,57,1,Hunan Province,-0.9820776724478198,70570269.0,70570269.0,1.0
counterfactual,282,57,2,Hunan Province,0.2868638884733322,70570269.0,70570269.0,1.0
counterfactual,283,57,3,Hunan Province,0.10865093307868688,70570269.0,70570269.0,1.0
counterfactual,284,57,4,Hunan Province,-0.1895846578822976,70570269.0,70570269.0,1.0
counterfactual,285,57,5,Hunan Province,0.1967132349820642,70570269.0,70570269.0,1.0
counterfactual,286,58,1,Hunan Province,0.007958894247197592,70570269.0,70570269.0,1.0
counterfactual,287,58,2,Hunan Province,0.07354596097341816,70570269.0,70570269.0,1.0
counterfactual,288,58,3,Hunan Province,0.09597658072804854,70570269.0,70570269.0,1.0
counterfactual,289,58,4,Hunan Province,-0.13816771729029032,70570269.0,70570269.0,1.0
counterfactual,290,58,5,Hunan Province,0.2414049238321363,70570269.0,70570269.0,1.0
counterfactual,291,59,1,Hunan Province,0.4310087716673519,70570269.0,70570269.0,1.0
counterfactual,292,59,2,Hunan Province,0.6846297360948659,70570269.0,70570269.0,1.0
counterfactual,293,59,3,Hunan Province,0.6784384811761057,70570269.0,70570269.0,1.0
counterfactual,294,59,4,Hunan Province,0.4813045422063378,70570269.0,70570269.0,1.0
counterfactual,295,59,5,Hunan Province,0.5518698234180921,70570269.0,70570269.0,1.0
counterfactual,296,60,1,Hunan Province,-0.928098474905619,70570269.0,70570269.0,1.0
counterfactual,297,60,2,Hunan Province,-0.5816452444258217,70570269.0,70570269.0,1.0
counterfactual,298,60,3,Hunan Province,0.08816140397541444,70570269.0,70570269.0,1.0
counterfactual,299,60,4,Hunan Province,0.0029257222527160915,70570269.0,70570269.0,1.0
counterfactual,300,60,5,Hunan Province,0.4106646063731162,70570269.0,70570269.0,1.0
counterfactual,301,61,1,Hunan Province,0.8459821119847808,70570269.0,70570269.0,1.0
counterfactual,302,61,2,Hunan Province,0.9071861012550149,70570269.0,70570269.0,1.0
counterfactual,303,61,3,Hunan Province,0.3913329237034194,70570269.0,70570269.0,1.0
counterfactual,304,61,4,Hunan Province,0.31997686044700513,70570269.0,70570269.0,1.0
counterfactual,305,61,5,Hunan Province,0.17349746152547946,70570269.0,70570269.0,1.0
counterfactual,306,62,1,Hunan Province,-0.2920161721436981,70570269.0,70570269.0,1.0
counterfactual,307,62,2,Hunan Province,-0.4796084974484714,70570269.0,70570269.0,1.0
counterfactual,308,62,3,Hunan Province,-0.16192316317978983,70570269.0,70570269.0,1.0
counterfactual,309,62,4,Hunan Province,-0.36344057015570763,70570269.0,70570269.0,1.0
counterfactual,310,62,5,Hunan Province,0.2226925888258138,70570269.0,70570269.0,1.0
counterfactual,311,63,1,Hunan Province,0.275203918771861,70570269.0,70570269.0,1.0
counterfactual,312,63,2,Hunan Province,-0.29539824813777976,70570269.0,70570269.0,1.0
counterfactual,313,63,3,Hunan Province,-0.7234200857984778,70570269.0,70570269.0,1.0
counterfactual,314,63,4,Hunan Province,0.6635881065216495,70570269.0,70570269.0,1.0
counterfactual,315,63,5,Hunan Province,1.2490561759855876,70570269.0,70570269.0,1.0
counterfactual,316,64,1,Hunan Province,0.7006004349761404,70570269.0,70570269.0,1.0
counterfactual,317,64,2,Hunan Province,0.5908695095280071,70570269.0,70570269.0,1.0
counterfactual,318,64,3,Hunan Province,0.13063778291781483,70570269.0,70570269.0,1.0
counterfactual,319,64,4,Hunan Province,0.899147425433668,70570269.0,70570269.0,1.0
counterfactual,320,64,5,Hunan Province,-0.08430606645514442,70570269.0,70570269.0,1.0
counterfactual,321,65,1,Hunan Province,0.5287734893107122,70570269.0,70570269.0,1.0
counterfactual,322,65,2,Hunan Province,0.5035396242408994,70570269.0,70570269.0,1.0
counterfactual,323,65,3,Hunan Province,0.5628167457733954,70570269.0,70570269.0,1.0
counterfactual,324,65,4,Hunan Province,0.14438132249202623,70570269.0,70570269.0,1.0
counterfactual,325,65,5,Hunan Province,0.3059714947521365,70570269.0,70570269.0,1.0
counterfactual,326,66,1,Hunan Province,-0.07303294571036752,70570269.0,70570269.0,1.0
counterfactual,327,66,2,Hunan Province,0.7994554598165743,70570269.0,70570269.0,1.0
counterfactual,328,66,3,Hunan Province,0.284358386586681,70570269.0,70570269.0,1.0
counterfactual,329,66,4,Hunan Province,-0.25316257680770504,70570269.0,70570269.0,1.0
counterfactual,330,66,5,Hunan Province,0.6141688490494639,70570269.0,70570269.0,1.0
counterfactual,331,67,1,Hunan Province,0.3454419205758111,70570269.0,70570269.0,1.0
counterfactual,332,67,2,Hunan Province,0.23740540941545216,70570269.0,70570269.0,1.0
counterfactual,333,67,3,Hunan Province,-0.04142245815996439,70570269.0,70570269.0,1.0
counterfactual,334,67,4,Hunan Province,0.10412295767371113,70570269.0,70570269.0,1.0
counterfactual,335,67,5,Hunan Province,0.05635504803979595,70570269.0,70570269.0,1.0
counterfactual,336,68,1,Hunan Province,0.6336502331632561,70570269.0,70570269.0,1.0
counterfactual,337,68,2,Hunan Province,-0.9566166173018439,70570269.0,70570269.0,1.0
counterfactual,338,68,3,Hunan Province,-0.9512088078345808,70570269.0,70570269.0,1.0
counterfactual,339,68,4,Hunan Province,1.4553915528123054,70570269.0,70570269.0,1.0
counterfactual,340,68,5,Hunan Province,-0.7621668064582182,70570269.0,70570269.0,1.0
counterfactual,341,69,1,Hunan Province,1.0063256438308763,70570269.0,70570269.0,1.0
counterfactual,342,69,2,Hunan Province,-0.1264569680045438,70570269.0,70570269.0,1.0
counterfactual,343,69,3,Hunan Province,-0.15904776419653513,70570269.0,70570269.0,1.0
counterfactual,344,69,4,Hunan Province,-0.19419822952976487,70570269.0,70570269.0,1.0
counterfactual,345,69,5,Hunan Province,0.7524346844953305,70570269.0,70570269.0,1.0
counterfactual,346,70,1,Hunan Province,0.39956223262578083,70570269.0,70570269.0,1.0
counterfactual,347,70,2,Hunan Province,0.6714111942743022,70570269.0,70570269.0,1.0
counterfactual,348,70,3,Hunan Province,0.36863214954226614,70570269.0,70570269.0,1.0
counterfactual,349,70,4,Hunan Province,-0.16069318250428966,70570269.0,70570269.0,1.0
counterfactual,350,70,5,Hunan Province,-0.8803642699310854,70570269.0,70570269.0,1.0
counterfactual,351,71,1,Hunan Province,0.9293638151737542,70570269.0,70570269.0,1.0
counterfactual,352,71,2,Hunan Province,-0.5242519081818613,70570269.0,70570269.0,1.0
counterfactual,353,71,3,Hunan Province,-0.28107097198618414,70570269.0,70570269.0,1.0
counterfactual,354,71,4,Hunan Province,0.6781588813443146,70570269.0,70570269.0,1.0
counterfactual,355,71,5,Hunan Province,-0.017232415623851177,70570269.0,70570269.0,1.0
counterfactual,356,72,1,Hunan Province,0.9114255450158804,70570269.0,70570269.0,1.0
counterfactual,357,72,2,Hunan Province,0.2990515593009091,70570269.0,70570269.0,1.0
counterfactual,358,72,3,Hunan Province,-0.041413086208166,70570269.0,70570269.0,1.0
counterfactual,359,72,4,Hunan Province,-0.6520255847308549,70570269.0,70570269.0,1.0
counterfactual,360,72,5,Hunan Province,1.3138282419911775,70570269.0,70570269.0,1.0
counterfactual,361,73,1,Hunan Province,0.3602277831965894,70570269.0,70570269.0,1.0
counterfactual,362,73,2,Hunan Province,0.49541806803599836,70570269.0,70570269.0,1.0
counterfactual,363,73,3,Hunan Province,1.2466248794507984,70570269.0,70570269.0,1.0
counterfactual,364,73,4,Hunan Province,0.4548205273901663,70570269.0,70570269.0,1.0
counterfactual,365,73,5,Hunan Province,0.16007095297638413,70570269.0,70570269.0,1.0
counterfactual,366,74,1,Hunan Province,0.3114004048104951,70570269.0,70570269.0,1.0
counterfactual,367,74,2,Hunan Province,1.6225299062285288,70570269.0,70570269.0,1.0
counterfactual,368,74,3,Hunan Province,1.1375994230709237,70570269.0,70570269.0,1.0
counterfactual,369,74,4,Hunan Province,0.5689113287305413,70570269.0,70570269.0,1.0
counterfactual,370,74,5,Hunan Province,-0.029406373814034253,70570269.0,70570269.0,1.0
counterfactual,371,75,1,Hunan Province,0.3752943059168287,70570269.0,70570269.0,1.0
counterfactual,372,75,2,Hunan Province,0.49284137547752804,70570269.0,70570269.0,1.0
counterfactual,373,75,3,Hunan Province,1.0058896987453743,70570269.0,70570269.0,1.0
counterfactual,374,75,4,Hunan Province,0.45018212263623036,70570269.0,70570269.0,1.0
counterfactual,375,75,5,Hunan Province,1.2066497662625868,70570269.0,70570269.0,1.0
counterfactual,376,76,1,Hunan Province,0.3115719563476567,70570269.0,70570269.0,1.0
counterfactual,377,76,2,Hunan Province,0.9605898704271166,70570269.0,70570269.0,1.0
counterfactual,378,76,3,Hunan Province,0.9261327909095175,70570269.0,70570269.0,1.0
counterfactual,379,76,4,Hunan Province,-0.4419625345723573,70570269.0,70570269.0,1.0
counterfactual,380,76,5,Hunan Province,0.5886776507619766,70570269.0,70570269.0,1.0
counterfactual,381,77,1,Hunan Province,0.45037368367141856,70570269.0,70570269.0,1.0
counterfactual,382,77,2,Hunan Province,1.4154996758529022,70570269.0,70570269.0,1.0
counterfactual,383,77,3,Hunan Province,-0.549373278939927,70570269.0,70570269.0,1.0
counterfactual,384,77,4,Hunan Province,0.05684125393324922,70570269.0,70570269.0,1.0
counterfactual,385,77,5,Hunan Province,0.19960381017299694,70570269.0,70570269.0,1.0
counterfactual,386,78,1,Hunan Province,0.17056516642728597,70570269.0,70570269.0,1.0
counterfactual,387,78,2,Hunan Province,0.07700885473171053,70570269.0,70570269.0,1.0
counterfactual,388,78,3,Hunan Province,0.4814108057881976,70570269.0,70570269.0,1.0
counterfactual,389,78,4,Hunan Province,1.0600179732415493,70570269.0,70570269.0,1.0
counterfactual,390,78,5,Hunan Province,0.31859374491606823,70570269.0,70570269.0,1.0
counterfactual,391,79,1,Hunan Province,0.020637104275130602,70570269.0,70570269.0,1.0
counterfactual,392,79,2,Hunan Province,-0.4124913511677396,70570269.0,70570269.0,1.0
counterfactual,393,79,3,Hunan Province,0.18548301394712624,70570269.0,70570269.0,1.0
counterfactual,394,79,4,Hunan Province,-0.18146836917182116,70570269.0,70570269.0,1.0
counterfactual,395,79,5,Hunan Province,-0.0773873683713739,70570269.0,70570269.0,1.0
counterfactual,396,80,1,Hunan Province,-0.39955196287659,70570269.0,70570269.0,1.0
counterfactual,397,80,2,Hunan Province,0.3276545218097065,70570269.0,70570269.0,1.0
counterfactual,398,80,3,Hunan Province,-0.027066924723994277,70570269.0,70570269.0,1.0
counterfactual,399,80,4,Hunan Province,0.1900331939880014,70570269.0,70570269.0,1.0
counterfactual,400,80,5,Hunan Province,-0.22510445823980624,70570269.0,70570269.0,1.0
counterfactual,401,81,1,Hunan Province,0.6272552144432165,70570269.0,70570269.0,1.0
counterfactual,402,81,2,Hunan Province,0.6907668598661503,70570269.0,70570269.0,1.0
counterfactual,403,81,3,Hunan Province,-0.03367591922057995,70570269.0,70570269.0,1.0
counterfactual,404,81,4,Hunan Province,-0.1874901560580764,70570269.0,70570269.0,1.0
counterfactual,405,81,5,Hunan Province,-0.17635172604434127,70570269.0,70570269.0,1.0
counterfactual,406,82,1,Hunan Province,-0.5282796625727207,70570269.0,70570269.0,1.0
counterfactual,407,82,2,Hunan Province,0.9161608520531189,70570269.0,70570269.0,1.0
counterfactual,408,82,3,Hunan Province,-0.5504271453230043,70570269.0,70570269.0,1.0
counterfactual,409,82,4,Hunan Province,-0.3153904096849356,70570269.0,70570269.0,1.0
counterfactual,410,82,5,Hunan Province,0.4117886688077077,70570269.0,70570269.0,1.0
counterfactual,411,83,1,Hunan Province,-0.09438764068987185,70570269.0,70570269.0,1.0
counterfactual,412,83,2,Hunan Province,0.024599014967739287,70570269.0,70570269.0,1.0
counterfactual,413,83,3,Hunan Province,-0.387723320213864,70570269.0,70570269.0,1.0
counterfactual,414,83,4,Hunan Province,-0.9011132688566659,70570269.0,70570269.0,1.0
counterfactual,415,83,5,Hunan Province,0.5241553909200029,70570269.0,70570269.0,1.0
counterfactual,416,84,1,Hunan Province,0.8686035171535467,70570269.0,70570269.0,1.0
counterfactual,417,84,2,Hunan Province,-0.3671866359787642,70570269.0,70570269.0,1.0
counterfactual,418,84,3,Hunan Province,0.2468544682356848,70570269.0,70570269.0,1.0
counterfactual,419,84,4,Hunan Province,0.3509379493046333,70570269.0,70570269.0,1.0
counterfactual,420,84,5,Hunan Province,0.6187107844468434,70570269.0,70570269.0,1.0
counterfactual,421,85,1,Hunan Province,1.0867367429462058,70570269.0,70570269.0,1.0
counterfactual,422,85,2,Hunan Province,0.4601078253411873,70570269.0,70570269.0,1.0
counterfactual,423,85,3,Hunan Province,0.37273594540001725,70570269.0,70570269.0,1.0
counterfactual,424,85,4,Hunan Province,1.3260387414209172,70570269.0,70570269.0,1.0
counterfactual,425,85,5,Hunan Province,0.38339431015909586,70570269.0,70570269.0,1.0
counterfactual,426,86,1,Hunan Province,0.9350587254636945,70570269.0,70570269.0,1.0
counterfactual,427,86,2,Hunan Province,-0.5421882464230309,70570269.0,70570269.0,1.0
counterfactual,428,86,3,Hunan Province,0.2491232997232821,70570269.0,70570269.0,1.0
counterfactual,429,86,4,Hunan Province,-0.013682072098318421,70570269.0,70570269.0,1.0
counterfactual,430,86,5,Hunan Province,0.38151633853970246,70570269.0,70570269.0,1.0
counterfactual,431,87,1,Hunan Province,0.059389428768527396,70570269.0,70570269.0,1.0
counterfactual,432,87,2,Hunan Province,0.6222110268399208,70570269.0,70570269.0,1.0
counterfactual,433,87,3,Hunan Province,-0.42822966505667037,70570269.0,70570269.0,1.0
counterfactual,434,87,4,Hunan Province,0.2653967810711215,70570269.0,70570269.0,1.0
counterfactual,435,87,5,Hunan Province,0.6503974840489898,70570269.0,70570269.0,1.0
counterfactual,436,88,1,Hunan Province,0.1960123403951133,70570269.0,70570269.0,1.0
counterfactual,437,88,2,Hunan Province,-0.7888278367831045,70570269.0,70570269.0,1.0
counterfactual,438,88,3,Hunan Province,0.7312840698896593,70570269.0,70570269.0,1.0
counterfactual,439,88,4,Hunan Province,0.12223640018133117,70570269.0,70570269.0,1.0
counterfactual,440,88,5,Hunan Province,0.062092200285685614,70570269.0,70570269.0,1.0
counterfactual,441,89,1,Hunan Province,0.7984975051207278,70570269.0,70570269.0,1.0
counterfactual,442,89,2,Hunan Province,0.7530467670887175,70570269.0,70570269.0,1.0
counterfactual,443,89,3,Hunan Province,0.17739825097083697,70570269.0,70570269.0,1.0
counterfactual,444,89,4,Hunan Province,0.2639662608750674,70570269.0,70570269.0,1.0
counterfactual,445,89,5,Hunan Province,-0.24426528134515305,70570269.0,70570269.0,1.0
counterfactual,446,90,1,Hunan Province,0.36155611960865147,70570269.0,70570269.0,1.0
counterfactual,447,90,2,Hunan Province,0.594588235634389,70570269.0,70570269.0,1.0
counterfactual,448,90,3,Hunan Province,0.687978076016499,70570269.0,70570269.0,1.0
counterfactual,449,90,4,Hunan Province,-0.21018713105658463,70570269.0,70570269.0,1.0
counterfactual,450,90,5,Hunan Province,-0.6024203187974558,70570269.0,70570269.0,1.0
counterfactual,451,91,1,Hunan Province,-0.6906589910502174,70570269.0,70570269.0,1.0
counterfactual,452,91,2,Hunan Province,0.47921901353875,70570269.0,70570269.0,1.0
counterfactual,453,91,3,Hunan Province,0.26415539183249376,70570269.0,70570269.0,1.0
counterfactual,454,91,4,Hunan Province,-0.6011470545264884,70570269.0,70570269.0,1.0
counterfactual,455,91,5,Hunan Province,-0.0868183909846804,70570269.0,70570269.0,1.0
counterfactual,456,92,1,Hunan Province,0.2856414503975795,70570269.0,70570269.0,1.0
counterfactual,457,92,2,Hunan Province,1.2788754127594022,70570269.0,70570269.0,1.0
counterfactual,458,92,3,Hunan Province,1.0445104232412,70570269.0,70570269.0,1.0
counterfactual,459,92,4,Hunan Province,0.8708343000698684,70570269.0,70570269.0,1.0
counterfactual,460,92,5,Hunan Province,-0.1090530746930057,70570269.0,70570269.0,1.0
counterfactual,461,93,1,Hunan Province,-0.9401013812869545,70570269.0,70570269.0,1.0
counterfactual,462,93,2,Hunan Province,0.06607637676796685,70570269.0,70570269.0,1.0
counterfactual,463,93,3,Hunan Province,-0.6166784055971443,70570269.0,70570269.0,1.0
counterfactual,464,93,4,Hunan Province,-0.21226554060063782,70570269.0,70570269.0,1.0
counterfactual,465,93,5,Hunan Province,-0.5699912998568764,70570269.0,70570269.0,1.0
counterfactual,466,94,1,Hunan Province,0.024543762192101245,70570269.0,70570269.0,1.0
counterfactual,467,94,2,Hunan Province,0.9885883586366669,70570269.0,70570269.0,1.0
counterfactual,468,94,3,Hunan Province,-0.5815732109635127,70570269.0,70570269.0,1.0
counterfactual,469,94,4,Hunan Province,0.47459040155016474,70570269.0,70570269.0,1.0
counterfactual,470,94,5,Hunan Province,1.0678386052014404,70570269.0,70570269.0,1.0
counterfactual,471,95,1,Hunan Province,-0.511314487183883,70570269.0,70570269.0,1.0
counterfactual,472,95,2,Hunan Province,1.3292299694326926,70570269.0,70570269.0,1.0
counterfactual,473,95,3,Hunan Province,0.21459988495059296,70570269.0,70570269.0,1.0
counterfactual,474,95,4,Hunan Province,-0.49928728087656593,70570269.0,70570269.0,1.0
counterfactual,475,95,5,Hunan Province,-0.2379382911702405,70570269.0,70570269.0,1.0
counterfactual,476,96,1,Hunan Province,-0.47678645447919193,70570269.0,70570269.0,1.0
counterfactual,477,96,2,Hunan Province,-0.4779662355493339,70570269.0,70570269.0,1.0
counterfactual,478,96,3,Hunan Province,-0.12529065096935912,70570269.0,70570269.0,1.0
counterfactual,479,96,4,Hunan Province,0.04732261759366275,70570269.0,70570269.0,1.0
counterfactual,480,96,5,Hunan Province,0.27816618670270926,70570269.0,70570269.0,1.0
counterfactual,481,97,1,Hunan Province,0.9128716547138819,70570269.0,70570269.0,1.0
counterfactual,482,97,2,Hunan Province,0.4138635706432094,70570269.0,70570269.0,1.0
counterfactual,483,97,3,Hunan Province,0.6348965834848183,70570269.0,70570269.0,1.0
counterfactual,484,97,4,Hunan Province,0.21317063283426452,70570269.0,70570269.0,1.0
counterfactual,485,97,5,Hunan Province,0.38597646598206636,70570269.0,70570269.0,1.0
counterfactual,486,98,1,Hunan Province,-0.19084089632309112,70570269.0,70570269.0,1.0
counterfactual,487,98,2,Hunan Province,-0.21989261626364198,70570269.0,70570269.0,1.0
counterfactual,488,98,3,Hunan Province,0.18961231556649433,70570269.0,70570269.0,1.0
counterfactual,489,98,4,Hunan Province,0.9097195431439524,70570269.0,70570269.0,1.0
counterfactual,490,98,5,Hunan Province,-0.08033374214229871,70570269.0,70570269.0,1.0
counterfactual,491,99,1,Hunan Province,0.23380377642857705,70570269.0,70570269.0,1.0
counterfactual,492,99,2,Hunan Province,0.3845007437879825,70570269.0,70570269.0,1.0
counterfactual,493,99,3,Hunan Province,0.4724293739848239,70570269.0,70570269.0,1.0
counterfactual,494,99,4,Hunan Province,0.7204025442678713,70570269.0,70570269.0,1.0
counterfactual,495,99,5,Hunan Province,0.34818823807671934,70570269.0,70570269.0,1.0
counterfactual,496,100,1,Hunan Province,0.615587773952678,70570269.0,70570269.0,1.0
counterfactual,497,100,2,Hunan Province,-0.6590485443895437,70570269.0,70570269.0,1.0
counterfactual,498,100,3,Hunan Province,0.7334682895560157,70570269.0,70570269.0,1.0
counterfactual,499,100,4,Hunan Province,-1.4415447686916383,70570269.0,70570269.0,1.0
counterfactual,500,100,5,Hunan Province,0.3815822335963689,70570269.0,70570269.0,1.0
counterfactual,501,101,1,Hunan Province,0.6851498756243302,70570269.0,70570269.0,1.0
counterfactual,502,101,2,Hunan Province,-0.09822020745196042,70570269.0,70570269.0,1.0
counterfactual,503,101,3,Hunan Province,0.7687936990441361,70570269.0,70570269.0,1.0
counterfactual,504,101,4,Hunan Province,0.305882102914067,70570269.0,70570269.0,1.0
counterfactual,505,101,5,Hunan Province,0.01962465956651076,70570269.0,70570269.0,1.0
counterfactual,506,102,1,Hunan Province,0.27415416535966725,70570269.0,70570269.0,1.0
counterfactual,507,102,2,Hunan Province,0.32394996899399775,70570269.0,70570269.0,1.0
counterfactual,508,102,3,Hunan Province,0.6701196547410896,70570269.0,70570269.0,1.0
counterfactual,509,102,4,Hunan Province,-0.19789027202811432,70570269.0,70570269.0,1.0
counterfactual,510,102,5,Hunan Province,0.34799220787944596,70570269.0,70570269.0,1.0
counterfactual,511,103,1,Hunan Province,0.9697754867312539,70570269.0,70570269.0,1.0
counterfactual,512,103,2,Hunan Province,-0.8857105131473704,70570269.0,70570269.0,1.0
counterfactual,513,103,3,Hunan Province,-0.008512245996700136,70570269.0,70570269.0,1.0
counterfactual,514,103,4,Hunan Province,0.5089697534567554,70570269.0,70570269.0,1.0
counterfactual,515,103,5,Hunan Province,-0.6044991398893141,70570269.0,70570269.0,1.0
counterfactual,516,104,1,Hunan Province,0.49098172174268767,70570269.0,70570269.0,1.0
counterfactual,517,104,2,Hunan Province,0.07987826767487843,70570269.0,70570269.0,1.0
counterfactual,518,104,3,Hunan Province,0.9742292377711865,70570269.0,70570269.0,1.0
counterfactual,519,104,4,Hunan Province,-0.35417504748054096,70570269.0,70570269.0,1.0
counterfactual,520,104,5,Hunan Province,-0.2301265052462079,70570269.0,70570269.0,1.0
counterfactual,521,105,1,Hunan Province,0.46502353846504935,70570269.0,70570269.0,1.0
counterfactual,522,105,2,Hunan Province,-0.41149291945908933,70570269.0,70570269.0,1.0
counterfactual,523,105,3,Hunan Province,1.1051206504938789,70570269.0,70570269.0,1.0
counterfactual,524,105,4,Hunan Province,-0.03164297429445968,70570269.0,70570269.0,1.0
counterfactual,525,105,5,Hunan Province,0.07627579260618032,70570269.0,70570269.0,1.0
counterfactual,1,1,1,Guizhou Province,0.33397519761580646,37452218.0,37452218.0,1.0
counterfactual,2,1,2,Guizhou Province,0.5638149883622396,37452218.0,37452218.0,1.0
counterfactual,3,1,3,Guizhou Province,-0.09242489089838869,37452218.0,37452218.0,1.0
counterfactual,4,1,4,Guizhou Province,0.5805983071931395,37452218.0,37452218.0,1.0
counterfactual,5,1,5,Guizhou Province,0.009090168710544628,37452218.0,37452218.0,1.0
counterfactual,6,2,1,Guizhou Province,0.1596932467393209,37452218.0,37452218.0,1.0
counterfactual,7,2,2,Guizhou Province,0.557840327262856,37452218.0,37452218.0,1.0
counterfactual,8,2,3,Guizhou Province,-0.4941806917195094,37452218.0,37452218.0,1.0
counterfactual,9,2,4,Guizhou Province,0.47255169897795923,37452218.0,37452218.0,1.0
counterfactual,10,2,5,Guizhou Province,0.6156549213376544,37452218.0,37452218.0,1.0
counterfactual,11,3,1,Guizhou Province,-0.025903145540438568,37452218.0,37452218.0,1.0
counterfactual,12,3,2,Guizhou Province,0.0066899152324251185,37452218.0,37452218.0,1.0
counterfactual,13,3,3,Guizhou Province,0.9530403484816594,37452218.0,37452218.0,1.0
counterfactual,14,3,4,Guizhou Province,-0.738309449615436,37452218.0,37452218.0,1.0
counterfactual,15,3,5,Guizhou Province,-0.45596595485797925,37452218.0,37452218.0,1.0
counterfactual,16,4,1,Guizhou Province,0.08131957136308492,37452218.0,37452218.0,1.0
counterfactual,17,4,2,Guizhou Province,-0.32119922808798823,37452218.0,37452218.0,1.0
counterfactual,18,4,3,Guizhou Province,-0.04336285740571245,37452218.0,37452218.0,1.0
counterfactual,19,4,4,Guizhou Province,0.3755920444135319,37452218.0,37452218.0,1.0
counterfactual,20,4,5,Guizhou Province,0.41296661331185325,37452218.0,37452218.0,1.0
counterfactual,21,5,1,Guizhou Province,0.02589603905643379,37452218.0,37452218.0,1.0
counterfactual,22,5,2,Guizhou Province,0.4921738966635906,37452218.0,37452218.0,1.0
counterfactual,23,5,3,Guizhou Province,0.8417788054996891,37452218.0,37452218.0,1.0
counterfactual,24,5,4,Guizhou Province,-0.16465559648880593,37452218.0,37452218.0,1.0
counterfactual,25,5,5,Guizhou Province,0.3066429584137974,37452218.0,37452218.0,1.0
counterfactual,26,6,1,Guizhou Province,0.2810171737170991,37452218.0,37452218.0,1.0
counterfactual,27,6,2,Guizhou Province,0.013317476155088017,37452218.0,37452218.0,1.0
counterfactual,28,6,3,Guizhou Province,0.1470297347299111,37452218.0,37452218.0,1.0
counterfactual,29,6,4,Guizhou Province,-0.21935489608694836,37452218.0,37452218.0,1.0
counterfactual,30,6,5,Guizhou Province,-0.5186774791194545,37452218.0,37452218.0,1.0
counterfactual,31,7,1,Guizhou Province,0.5368027541236762,37452218.0,37452218.0,1.0
counterfactual,32,7,2,Guizhou Province,0.031348991884455925,37452218.0,37452218.0,1.0
counterfactual,33,7,3,Guizhou Province,-0.03835825068028966,37452218.0,37452218.0,1.0
counterfactual,34,7,4,Guizhou Province,0.2814697601105385,37452218.0,37452218.0,1.0
counterfactual,35,7,5,Guizhou Province,-0.41431521098673985,37452218.0,37452218.0,1.0
counterfactual,36,8,1,Guizhou Province,0.0305743766443798,37452218.0,37452218.0,1.0
counterfactual,37,8,2,Guizhou Province,0.39862123158041896,37452218.0,37452218.0,1.0
counterfactual,38,8,3,Guizhou Province,0.8277850026871982,37452218.0,37452218.0,1.0
counterfactual,39,8,4,Guizhou Province,0.4390065196214254,37452218.0,37452218.0,1.0
counterfactual,40,8,5,Guizhou Province,-0.47675143328936087,37452218.0,37452218.0,1.0
counterfactual,41,9,1,Guizhou Province,-0.45669592620364663,37452218.0,37452218.0,1.0
counterfactual,42,9,2,Guizhou Province,0.4913885895658302,37452218.0,37452218.0,1.0
counterfactual,43,9,3,Guizhou Province,0.021703186222717035,37452218.0,37452218.0,1.0
counterfactual,44,9,4,Guizhou Province,0.9256114318342284,37452218.0,37452218.0,1.0
counterfactual,45,9,5,Guizhou Province,0.5969390741881968,37452218.0,37452218.0,1.0
counterfactual,46,10,1,Guizhou Province,0.33953718949054484,37452218.0,37452218.0,1.0
counterfactual,47,10,2,Guizhou Province,0.4285770837008678,37452218.0,37452218.0,1.0
counterfactual,48,10,3,Guizhou Province,0.810975756211799,37452218.0,37452218.0,1.0
counterfactual,49,10,4,Guizhou Province,-0.7473358074993,37452218.0,37452218.0,1.0
counterfactual,50,10,5,Guizhou Province,0.17178352046439832,37452218.0,37452218.0,1.0
counterfactual,51,11,1,Guizhou Province,0.574221072130925,37452218.0,37452218.0,1.0
counterfactual,52,11,2,Guizhou Province,0.42837364632261427,37452218.0,37452218.0,1.0
counterfactual,53,11,3,Guizhou Province,0.21241292299812242,37452218.0,37452218.0,1.0
counterfactual,54,11,4,Guizhou Province,-0.842481852646381,37452218.0,37452218.0,1.0
counterfactual,55,11,5,Guizhou Province,-0.23763400687161143,37452218.0,37452218.0,1.0
counterfactual,56,12,1,Guizhou Province,0.28603513350118537,37452218.0,37452218.0,1.0
counterfactual,57,12,2,Guizhou Province,-0.08740395814506544,37452218.0,37452218.0,1.0
counterfactual,58,12,3,Guizhou Province,-0.3694114961066993,37452218.0,37452218.0,1.0
counterfactual,59,12,4,Guizhou Province,-0.1106870639943831,37452218.0,37452218.0,1.0
counterfactual,60,12,5,Guizhou Province,0.579546608813953,37452218.0,37452218.0,1.0
counterfactual,61,13,1,Guizhou Province,0.28920388325582896,37452218.0,37452218.0,1.0
counterfactual,62,13,2,Guizhou Province,-0.7926384388041234,37452218.0,37452218.0,1.0
counterfactual,63,13,3,Guizhou Province,0.1911886715557723,37452218.0,37452218.0,1.0
counterfactual,64,13,4,Guizhou Province,-0.04884521691197487,37452218.0,37452218.0,1.0
counterfactual,65,13,5,Guizhou Province,-0.5585455696181055,37452218.0,37452218.0,1.0
counterfactual,66,14,1,Guizhou Province,0.38468272726836106,37452218.0,37452218.0,1.0
counterfactual,67,14,2,Guizhou Province,-0.2951854892258532,37452218.0,37452218.0,1.0
counterfactual,68,14,3,Guizhou Province,0.44904850223299847,37452218.0,37452218.0,1.0
counterfactual,69,14,4,Guizhou Province,-0.2497522291524903,37452218.0,37452218.0,1.0
counterfactual,70,14,5,Guizhou Province,0.46157515692835105,37452218.0,37452218.0,1.0
counterfactual,71,15,1,Guizhou Province,0.2803042546573587,37452218.0,37452218.0,1.0
counterfactual,72,15,2,Guizhou Province,0.6301745017175487,37452218.0,37452218.0,1.0
counterfactual,73,15,3,Guizhou Province,-0.22815218036779958,37452218.0,37452218.0,1.0
counterfactual,74,15,4,Guizhou Province,0.07233592692434722,37452218.0,37452218.0,1.0
counterfactual,75,15,5,Guizhou Province,-0.23213660888652637,37452218.0,37452218.0,1.0
counterfactual,76,16,1,Guizhou Province,0.5041025034473168,37452218.0,37452218.0,1.0
counterfactual,77,16,2,Guizhou Province,0.5869562633179747,37452218.0,37452218.0,1.0
counterfactual,78,16,3,Guizhou Province,0.19384594320212561,37452218.0,37452218.0,1.0
counterfactual,79,16,4,Guizhou Province,-0.0023470186428976598,37452218.0,37452218.0,1.0
counterfactual,80,16,5,Guizhou Province,1.081560227347667,37452218.0,37452218.0,1.0
counterfactual,81,17,1,Guizhou Province,0.07755742599867105,37452218.0,37452218.0,1.0
counterfactual,82,17,2,Guizhou Province,-0.43573637367992857,37452218.0,37452218.0,1.0
counterfactual,83,17,3,Guizhou Province,-0.052945389032240685,37452218.0,37452218.0,1.0
counterfactual,84,17,4,Guizhou Province,-0.8009398790600029,37452218.0,37452218.0,1.0
counterfactual,85,17,5,Guizhou Province,-0.21469626525052557,37452218.0,37452218.0,1.0
counterfactual,86,18,1,Guizhou Province,0.6860294080483617,37452218.0,37452218.0,1.0
counterfactual,87,18,2,Guizhou Province,0.6319121250116061,37452218.0,37452218.0,1.0
counterfactual,88,18,3,Guizhou Province,0.72120842836094,37452218.0,37452218.0,1.0
counterfactual,89,18,4,Guizhou Province,-0.6331949812056054,37452218.0,37452218.0,1.0
counterfactual,90,18,5,Guizhou Province,0.44952656297810833,37452218.0,37452218.0,1.0
counterfactual,91,19,1,Guizhou Province,0.3356837141642954,37452218.0,37452218.0,1.0
counterfactual,92,19,2,Guizhou Province,0.4192287383046098,37452218.0,37452218.0,1.0
counterfactual,93,19,3,Guizhou Province,0.7791994301148595,37452218.0,37452218.0,1.0
counterfactual,94,19,4,Guizhou Province,-0.05397850742693712,37452218.0,37452218.0,1.0
counterfactual,95,19,5,Guizhou Province,-0.3603341474313791,37452218.0,37452218.0,1.0
counterfactual,96,20,1,Guizhou Province,0.6970036546669057,37452218.0,37452218.0,1.0
counterfactual,97,20,2,Guizhou Province,-0.2674597150449852,37452218.0,37452218.0,1.0
counterfactual,98,20,3,Guizhou Province,1.2820970606672393,37452218.0,37452218.0,1.0
counterfactual,99,20,4,Guizhou Province,-0.7102353279370766,37452218.0,37452218.0,1.0
counterfactual,100,20,5,Guizhou Province,0.33765861432486843,37452218.0,37452218.0,1.0
counterfactual,101,21,1,Guizhou Province,-0.3244199050098895,37452218.0,37452218.0,1.0
counterfactual,102,21,2,Guizhou Province,0.142700196123195,37452218.0,37452218.0,1.0
counterfactual,103,21,3,Guizhou Province,0.9207683126999953,37452218.0,37452218.0,1.0
counterfactual,104,21,4,Guizhou Province,1.4829208311571163,37452218.0,37452218.0,1.0
counterfactual,105,21,5,Guizhou Province,0.5059187917624675,37452218.0,37452218.0,1.0
counterfactual,106,22,1,Guizhou Province,0.01418813793315758,37452218.0,37452218.0,1.0
counterfactual,107,22,2,Guizhou Province,0.9789918872423797,37452218.0,37452218.0,1.0
counterfactual,108,22,3,Guizhou Province,-0.5271380655880276,37452218.0,37452218.0,1.0
counterfactual,109,22,4,Guizhou Province,-0.6048281435914602,37452218.0,37452218.0,1.0
counterfactual,110,22,5,Guizhou Province,-0.11877765711388606,37452218.0,37452218.0,1.0
counterfactual,111,23,1,Guizhou Province,-0.3653968471990916,37452218.0,37452218.0,1.0
counterfactual,112,23,2,Guizhou Province,0.645226227326595,37452218.0,37452218.0,1.0
counterfactual,113,23,3,Guizhou Province,0.39686549720904163,37452218.0,37452218.0,1.0
counterfactual,114,23,4,Guizhou Province,0.13030084052482416,37452218.0,37452218.0,1.0
counterfactual,115,23,5,Guizhou Province,-0.10164355652775207,37452218.0,37452218.0,1.0
counterfactual,116,24,1,Guizhou Province,0.20614975544218517,37452218.0,37452218.0,1.0
counterfactual,117,24,2,Guizhou Province,0.20228492111161522,37452218.0,37452218.0,1.0
counterfactual,118,24,3,Guizhou Province,0.5944183292298397,37452218.0,37452218.0,1.0
counterfactual,119,24,4,Guizhou Province,0.6778145734029487,37452218.0,37452218.0,1.0
counterfactual,120,24,5,Guizhou Province,-1.4344815069409038,37452218.0,37452218.0,1.0
counterfactual,121,25,1,Guizhou Province,0.681113190852679,37452218.0,37452218.0,1.0
counterfactual,122,25,2,Guizhou Province,0.8764981314759285,37452218.0,37452218.0,1.0
counterfactual,123,25,3,Guizhou Province,-0.5984053119530158,37452218.0,37452218.0,1.0
counterfactual,124,25,4,Guizhou Province,-0.10421533507571638,37452218.0,37452218.0,1.0
counterfactual,125,25,5,Guizhou Province,0.7172664172221654,37452218.0,37452218.0,1.0
counterfactual,126,26,1,Guizhou Province,-0.18476351378604208,37452218.0,37452218.0,1.0
counterfactual,127,26,2,Guizhou Province,-0.3621431035932818,37452218.0,37452218.0,1.0
counterfactual,128,26,3,Guizhou Province,0.06323423816504424,37452218.0,37452218.0,1.0
counterfactual,129,26,4,Guizhou Province,-0.20341509638467323,37452218.0,37452218.0,1.0
counterfactual,130,26,5,Guizhou Province,0.32748251073946305,37452218.0,37452218.0,1.0
counterfactual,131,27,1,Guizhou Province,0.4756413737111323,37452218.0,37452218.0,1.0
counterfactual,132,27,2,Guizhou Province,0.3131195851539386,37452218.0,37452218.0,1.0
counterfactual,133,27,3,Guizhou Province,0.12122368840330336,37452218.0,37452218.0,1.0
counterfactual,134,27,4,Guizhou Province,-0.7070975967464149,37452218.0,37452218.0,1.0
counterfactual,135,27,5,Guizhou Province,0.5234434660418783,37452218.0,37452218.0,1.0
counterfactual,136,28,1,Guizhou Province,-0.9320477949819328,37452218.0,37452218.0,1.0
counterfactual,137,28,2,Guizhou Province,0.5517425736334597,37452218.0,37452218.0,1.0
counterfactual,138,28,3,Guizhou Province,0.6700869364936521,37452218.0,37452218.0,1.0
counterfactual,139,28,4,Guizhou Province,-0.5963943597244352,37452218.0,37452218.0,1.0
counterfactual,140,28,5,Guizhou Province,0.15988692798713944,37452218.0,37452218.0,1.0
counterfactual,141,29,1,Guizhou Province,-0.3702702986841673,37452218.0,37452218.0,1.0
counterfactual,142,29,2,Guizhou Province,0.6815535438118122,37452218.0,37452218.0,1.0
counterfactual,143,29,3,Guizhou Province,0.17403056030359434,37452218.0,37452218.0,1.0
counterfactual,144,29,4,Guizhou Province,-0.009623010543559456,37452218.0,37452218.0,1.0
counterfactual,145,29,5,Guizhou Province,-0.17593737250965982,37452218.0,37452218.0,1.0
counterfactual,146,30,1,Guizhou Province,-0.23589906742916353,37452218.0,37452218.0,1.0
counterfactual,147,30,2,Guizhou Province,-0.0840710479017006,37452218.0,37452218.0,1.0
counterfactual,148,30,3,Guizhou Province,0.6686404529215805,37452218.0,37452218.0,1.0
counterfactual,149,30,4,Guizhou Province,1.003582398440762,37452218.0,37452218.0,1.0
counterfactual,150,30,5,Guizhou Province,1.1447024176459308,37452218.0,37452218.0,1.0
counterfactual,151,31,1,Guizhou Province,-0.3106136811403315,37452218.0,37452218.0,1.0
counterfactual,152,31,2,Guizhou Province,1.4202045157929912,37452218.0,37452218.0,1.0
counterfactual,153,31,3,Guizhou Province,-0.02659703753884802,37452218.0,37452218.0,1.0
counterfactual,154,31,4,Guizhou Province,-0.6035756448872022,37452218.0,37452218.0,1.0
counterfactual,155,31,5,Guizhou Province,0.47337858745327843,37452218.0,37452218.0,1.0
counterfactual,156,32,1,Guizhou Province,0.389956218162353,37452218.0,37452218.0,1.0
counterfactual,157,32,2,Guizhou Province,-0.07134400355722591,37452218.0,37452218.0,1.0
counterfactual,158,32,3,Guizhou Province,-0.10463376600876861,37452218.0,37452218.0,1.0
counterfactual,159,32,4,Guizhou Province,-0.12154303040291935,37452218.0,37452218.0,1.0
counterfactual,160,32,5,Guizhou Province,-0.8057649068200686,37452218.0,37452218.0,1.0
counterfactual,161,33,1,Guizhou Province,-0.9499159124446328,37452218.0,37452218.0,1.0
counterfactual,162,33,2,Guizhou Province,-0.014968174491889695,37452218.0,37452218.0,1.0
counterfactual,163,33,3,Guizhou Province,-0.38308000148216,37452218.0,37452218.0,1.0
counterfactual,164,33,4,Guizhou Province,0.6891272265935788,37452218.0,37452218.0,1.0
counterfactual,165,33,5,Guizhou Province,-0.5786038015874926,37452218.0,37452218.0,1.0
counterfactual,166,34,1,Guizhou Province,0.5956279874179116,37452218.0,37452218.0,1.0
counterfactual,167,34,2,Guizhou Province,0.8755723029269032,37452218.0,37452218.0,1.0
counterfactual,168,34,3,Guizhou Province,1.0062072814096215,37452218.0,37452218.0,1.0
counterfactual,169,34,4,Guizhou Province,-0.4710579143491584,37452218.0,37452218.0,1.0
counterfactual,170,34,5,Guizhou Province,-1.1119893319089935,37452218.0,37452218.0,1.0
counterfactual,171,35,1,Guizhou Province,-0.36071263208097376,37452218.0,37452218.0,1.0
counterfactual,172,35,2,Guizhou Province,1.1497203860110639,37452218.0,37452218.0,1.0
counterfactual,173,35,3,Guizhou Province,-0.3654290841709126,37452218.0,37452218.0,1.0
counterfactual,174,35,4,Guizhou Province,1.1074952442730452,37452218.0,37452218.0,1.0
counterfactual,175,35,5,Guizhou Province,0.5784583732263587,37452218.0,37452218.0,1.0
counterfactual,176,36,1,Guizhou Province,1.403235096931265,37452218.0,37452218.0,1.0
counterfactual,177,36,2,Guizhou Province,0.5055333855088493,37452218.0,37452218.0,1.0
counterfactual,178,36,3,Guizhou Province,0.3329713086162091,37452218.0,37452218.0,1.0
counterfactual,179,36,4,Guizhou Province,0.5808519495613802,37452218.0,37452218.0,1.0
counterfactual,180,36,5,Guizhou Province,-0.21827997426837184,37452218.0,37452218.0,1.0
counterfactual,181,37,1,Guizhou Province,-0.5177343046492622,37452218.0,37452218.0,1.0
counterfactual,182,37,2,Guizhou Province,0.6917688233542777,37452218.0,37452218.0,1.0
counterfactual,183,37,3,Guizhou Province,-0.011319980011093408,37452218.0,37452218.0,1.0
counterfactual,184,37,4,Guizhou Province,-0.8139744895901984,37452218.0,37452218.0,1.0
counterfactual,185,37,5,Guizhou Province,0.23184104091556557,37452218.0,37452218.0,1.0
counterfactual,186,38,1,Guizhou Province,0.06185396346004403,37452218.0,37452218.0,1.0
counterfactual,187,38,2,Guizhou Province,0.06751254844544481,37452218.0,37452218.0,1.0
counterfactual,188,38,3,Guizhou Province,0.26900826165765995,37452218.0,37452218.0,1.0
counterfactual,189,38,4,Guizhou Province,-0.08774449029873503,37452218.0,37452218.0,1.0
counterfactual,190,38,5,Guizhou Province,-0.27373771683440445,37452218.0,37452218.0,1.0
counterfactual,191,39,1,Guizhou Province,-0.23549412294305228,37452218.0,37452218.0,1.0
counterfactual,192,39,2,Guizhou Province,0.14080484646105182,37452218.0,37452218.0,1.0
counterfactual,193,39,3,Guizhou Province,0.754798533155776,37452218.0,37452218.0,1.0
counterfactual,194,39,4,Guizhou Province,-0.5932145371121381,37452218.0,37452218.0,1.0
counterfactual,195,39,5,Guizhou Province,0.525280023598864,37452218.0,37452218.0,1.0
counterfactual,196,40,1,Guizhou Province,0.5921134778846974,37452218.0,37452218.0,1.0
counterfactual,197,40,2,Guizhou Province,-0.22671256039055593,37452218.0,37452218.0,1.0
counterfactual,198,40,3,Guizhou Province,0.9692006243846802,37452218.0,37452218.0,1.0
counterfactual,199,40,4,Guizhou Province,0.00847225930413499,37452218.0,37452218.0,1.0
counterfactual,200,40,5,Guizhou Province,0.4659838841410738,37452218.0,37452218.0,1.0
counterfactual,201,41,1,Guizhou Province,0.3805979588198637,37452218.0,37452218.0,1.0
counterfactual,202,41,2,Guizhou Province,0.5012428683220901,37452218.0,37452218.0,1.0
counterfactual,203,41,3,Guizhou Province,0.6300243551007935,37452218.0,37452218.0,1.0
counterfactual,204,41,4,Guizhou Province,-0.5314396359435747,37452218.0,37452218.0,1.0
counterfactual,205,41,5,Guizhou Province,0.1759330239619689,37452218.0,37452218.0,1.0
counterfactual,206,42,1,Guizhou Province,-0.21546653775669017,37452218.0,37452218.0,1.0
counterfactual,207,42,2,Guizhou Province,-0.12961153870902023,37452218.0,37452218.0,1.0
counterfactual,208,42,3,Guizhou Province,0.014261997653273238,37452218.0,37452218.0,1.0
counterfactual,209,42,4,Guizhou Province,1.1362361286884515,37452218.0,37452218.0,1.0
counterfactual,210,42,5,Guizhou Province,-0.03756116879412624,37452218.0,37452218.0,1.0
counterfactual,211,43,1,Guizhou Province,0.40538900465114014,37452218.0,37452218.0,1.0
counterfactual,212,43,2,Guizhou Province,1.0007233331862995,37452218.0,37452218.0,1.0
counterfactual,213,43,3,Guizhou Province,0.4080414515055378,37452218.0,37452218.0,1.0
counterfactual,214,43,4,Guizhou Province,-0.45807997078922025,37452218.0,37452218.0,1.0
counterfactual,215,43,5,Guizhou Province,-0.041307590207591095,37452218.0,37452218.0,1.0
counterfactual,216,44,1,Guizhou Province,0.29571713791454524,37452218.0,37452218.0,1.0
counterfactual,217,44,2,Guizhou Province,0.7620013389572639,37452218.0,37452218.0,1.0
counterfactual,218,44,3,Guizhou Province,-0.4390193377713937,37452218.0,37452218.0,1.0
counterfactual,219,44,4,Guizhou Province,-0.327952742282473,37452218.0,37452218.0,1.0
counterfactual,220,44,5,Guizhou Province,0.009968980809889012,37452218.0,37452218.0,1.0
counterfactual,221,45,1,Guizhou Province,-0.8611761291535984,37452218.0,37452218.0,1.0
counterfactual,222,45,2,Guizhou Province,0.07777078853258325,37452218.0,37452218.0,1.0
counterfactual,223,45,3,Guizhou Province,0.10083347998136541,37452218.0,37452218.0,1.0
counterfactual,224,45,4,Guizhou Province,-0.2167110109561073,37452218.0,37452218.0,1.0
counterfactual,225,45,5,Guizhou Province,-0.004372464862583868,37452218.0,37452218.0,1.0
counterfactual,226,46,1,Guizhou Province,0.08141211672591725,37452218.0,37452218.0,1.0
counterfactual,227,46,2,Guizhou Province,0.6445923764982625,37452218.0,37452218.0,1.0
counterfactual,228,46,3,Guizhou Province,-0.20983122049795935,37452218.0,37452218.0,1.0
counterfactual,229,46,4,Guizhou Province,0.4093931874373631,37452218.0,37452218.0,1.0
counterfactual,230,46,5,Guizhou Province,0.48470151312809007,37452218.0,37452218.0,1.0
counterfactual,231,47,1,Guizhou Province,0.6401488131962452,37452218.0,37452218.0,1.0
counterfactual,232,47,2,Guizhou Province,1.3578142365988584,37452218.0,37452218.0,1.0
counterfactual,233,47,3,Guizhou Province,0.21534500491398387,37452218.0,37452218.0,1.0
counterfactual,234,47,4,Guizhou Province,-0.2103699378752546,37452218.0,37452218.0,1.0
counterfactual,235,47,5,Guizhou Province,0.5514453017977468,37452218.0,37452218.0,1.0
counterfactual,236,48,1,Guizhou Province,-0.308346965635348,37452218.0,37452218.0,1.0
counterfactual,237,48,2,Guizhou Province,1.1401708309729166,37452218.0,37452218.0,1.0
counterfactual,238,48,3,Guizhou Province,0.5180340298767447,37452218.0,37452218.0,1.0
counterfactual,239,48,4,Guizhou Province,-0.1460249567294229,37452218.0,37452218.0,1.0
counterfactual,240,48,5,Guizhou Province,0.1945487181678761,37452218.0,37452218.0,1.0
counterfactual,241,49,1,Guizhou Province,0.2538178020125739,37452218.0,37452218.0,1.0
counterfactual,242,49,2,Guizhou Province,-0.5979619313106037,37452218.0,37452218.0,1.0
counterfactual,243,49,3,Guizhou Province,-0.15366593888009575,37452218.0,37452218.0,1.0
counterfactual,244,49,4,Guizhou Province,0.15647238586248416,37452218.0,37452218.0,1.0
counterfactual,245,49,5,Guizhou Province,0.03909205472011322,37452218.0,37452218.0,1.0
counterfactual,246,50,1,Guizhou Province,0.29440082570538384,37452218.0,37452218.0,1.0
counterfactual,247,50,2,Guizhou Province,0.3025177666997149,37452218.0,37452218.0,1.0
counterfactual,248,50,3,Guizhou Province,0.4459479967560674,37452218.0,37452218.0,1.0
counterfactual,249,50,4,Guizhou Province,0.4976378202003435,37452218.0,37452218.0,1.0
counterfactual,250,50,5,Guizhou Province,-0.5843784412449633,37452218.0,37452218.0,1.0
counterfactual,251,51,1,Guizhou Province,-0.14972807120497417,37452218.0,37452218.0,1.0
counterfactual,252,51,2,Guizhou Province,0.3370176785819976,37452218.0,37452218.0,1.0
counterfactual,253,51,3,Guizhou Province,0.07413554697737267,37452218.0,37452218.0,1.0
counterfactual,254,51,4,Guizhou Province,0.30404183350091607,37452218.0,37452218.0,1.0
counterfactual,255,51,5,Guizhou Province,-0.11672880134256715,37452218.0,37452218.0,1.0
counterfactual,256,52,1,Guizhou Province,0.22118583766211766,37452218.0,37452218.0,1.0
counterfactual,257,52,2,Guizhou Province,0.011471316610072408,37452218.0,37452218.0,1.0
counterfactual,258,52,3,Guizhou Province,-0.03280723519089254,37452218.0,37452218.0,1.0
counterfactual,259,52,4,Guizhou Province,-0.03285260550930403,37452218.0,37452218.0,1.0
counterfactual,260,52,5,Guizhou Province,0.6317917297889599,37452218.0,37452218.0,1.0
counterfactual,261,53,1,Guizhou Province,0.8229063861566991,37452218.0,37452218.0,1.0
counterfactual,262,53,2,Guizhou Province,0.3081667639022458,37452218.0,37452218.0,1.0
counterfactual,263,53,3,Guizhou Province,-0.07935280117902364,37452218.0,37452218.0,1.0
counterfactual,264,53,4,Guizhou Province,0.6727454089557366,37452218.0,37452218.0,1.0
counterfactual,265,53,5,Guizhou Province,0.4404940956761155,37452218.0,37452218.0,1.0
counterfactual,266,54,1,Guizhou Province,0.8222544178614573,37452218.0,37452218.0,1.0
counterfactual,267,54,2,Guizhou Province,0.07797941350774835,37452218.0,37452218.0,1.0
counterfactual,268,54,3,Guizhou Province,0.7374195370296331,37452218.0,37452218.0,1.0
counterfactual,269,54,4,Guizhou Province,-0.1332610855670952,37452218.0,37452218.0,1.0
counterfactual,270,54,5,Guizhou Province,0.4306785871510966,37452218.0,37452218.0,1.0
counterfactual,271,55,1,Guizhou Province,0.4727765968990881,37452218.0,37452218.0,1.0
counterfactual,272,55,2,Guizhou Province,0.23202350088266302,37452218.0,37452218.0,1.0
counterfactual,273,55,3,Guizhou Province,0.17371373377744928,37452218.0,37452218.0,1.0
counterfactual,274,55,4,Guizhou Province,0.8209339306407223,37452218.0,37452218.0,1.0
counterfactual,275,55,5,Guizhou Province,-0.20363627655483602,37452218.0,37452218.0,1.0
counterfactual,276,56,1,Guizhou Province,-0.15410039984326585,37452218.0,37452218.0,1.0
counterfactual,277,56,2,Guizhou Province,-0.7483209577807072,37452218.0,37452218.0,1.0
counterfactual,278,56,3,Guizhou Province,1.1087271698257515,37452218.0,37452218.0,1.0
counterfactual,279,56,4,Guizhou Province,0.5101897941423338,37452218.0,37452218.0,1.0
counterfactual,280,56,5,Guizhou Province,0.2965323084980167,37452218.0,37452218.0,1.0
counterfactual,281,57,1,Guizhou Province,-0.5741025618253375,37452218.0,37452218.0,1.0
counterfactual,282,57,2,Guizhou Province,0.6502837565653362,37452218.0,37452218.0,1.0
counterfactual,283,57,3,Guizhou Province,0.47803702857552727,37452218.0,37452218.0,1.0
counterfactual,284,57,4,Guizhou Province,-0.303291558035621,37452218.0,37452218.0,1.0
counterfactual,285,57,5,Guizhou Province,-0.14981855288082238,37452218.0,37452218.0,1.0
counterfactual,286,58,1,Guizhou Province,0.522482748202597,37452218.0,37452218.0,1.0
counterfactual,287,58,2,Guizhou Province,0.23033275862958316,37452218.0,37452218.0,1.0
counterfactual,288,58,3,Guizhou Province,-0.18443237490072253,37452218.0,37452218.0,1.0
counterfactual,289,58,4,Guizhou Province,0.023967560543415246,37452218.0,37452218.0,1.0
counterfactual,290,58,5,Guizhou Province,0.5606870686644033,37452218.0,37452218.0,1.0
counterfactual,291,59,1,Guizhou Province,0.28828219565281066,37452218.0,37452218.0,1.0
counterfactual,292,59,2,Guizhou Province,0.929760144495699,37452218.0,37452218.0,1.0
counterfactual,293,59,3,Guizhou Province,-0.5397142002137828,37452218.0,37452218.0,1.0
counterfactual,294,59,4,Guizhou Province,0.23701970440296946,37452218.0,37452218.0,1.0
counterfactual,295,59,5,Guizhou Province,0.7670680146157536,37452218.0,37452218.0,1.0
counterfactual,296,60,1,Guizhou Province,-0.15946179968741497,37452218.0,37452218.0,1.0
counterfactual,297,60,2,Guizhou Province,-0.48640965140583114,37452218.0,37452218.0,1.0
counterfactual,298,60,3,Guizhou Province,0.5131471853635068,37452218.0,37452218.0,1.0
counterfactual,299,60,4,Guizhou Province,0.24871140230555583,37452218.0,37452218.0,1.0
counterfactual,300,60,5,Guizhou Province,-0.011884275862010072,37452218.0,37452218.0,1.0
counterfactual,301,61,1,Guizhou Province,1.1865732290330182,37452218.0,37452218.0,1.0
counterfactual,302,61,2,Guizhou Province,0.46795688368647465,37452218.0,37452218.0,1.0
counterfactual,303,61,3,Guizhou Province,0.77706022170659,37452218.0,37452218.0,1.0
counterfactual,304,61,4,Guizhou Province,0.22727244106430697,37452218.0,37452218.0,1.0
counterfactual,305,61,5,Guizhou Province,-0.758609467406405,37452218.0,37452218.0,1.0
counterfactual,306,62,1,Guizhou Province,-0.17366297253125199,37452218.0,37452218.0,1.0
counterfactual,307,62,2,Guizhou Province,0.8158622369547484,37452218.0,37452218.0,1.0
counterfactual,308,62,3,Guizhou Province,-0.4331262957957959,37452218.0,37452218.0,1.0
counterfactual,309,62,4,Guizhou Province,-0.6663718304888392,37452218.0,37452218.0,1.0
counterfactual,310,62,5,Guizhou Province,0.12465080109094843,37452218.0,37452218.0,1.0
counterfactual,311,63,1,Guizhou Province,-0.3862208748618078,37452218.0,37452218.0,1.0
counterfactual,312,63,2,Guizhou Province,0.4698441285898854,37452218.0,37452218.0,1.0
counterfactual,313,63,3,Guizhou Province,-0.34658649367787886,37452218.0,37452218.0,1.0
counterfactual,314,63,4,Guizhou Province,0.523568778468637,37452218.0,37452218.0,1.0
counterfactual,315,63,5,Guizhou Province,0.28472735588425424,37452218.0,37452218.0,1.0
counterfactual,316,64,1,Guizhou Province,0.5637830273947075,37452218.0,37452218.0,1.0
counterfactual,317,64,2,Guizhou Province,-0.4984373941516817,37452218.0,37452218.0,1.0
counterfactual,318,64,3,Guizhou Province,0.1392077966037312,37452218.0,37452218.0,1.0
counterfactual,319,64,4,Guizhou Province,0.8582689087398426,37452218.0,37452218.0,1.0
counterfactual,320,64,5,Guizhou Province,-0.14187263958384366,37452218.0,37452218.0,1.0
counterfactual,321,65,1,Guizhou Province,-0.5131689338972936,37452218.0,37452218.0,1.0
counterfactual,322,65,2,Guizhou Province,0.15742158198558778,37452218.0,37452218.0,1.0
counterfactual,323,65,3,Guizhou Province,0.06167246951365901,37452218.0,37452218.0,1.0
counterfactual,324,65,4,Guizhou Province,-0.32459489907572275,37452218.0,37452218.0,1.0
counterfactual,325,65,5,Guizhou Province,-0.11224355282533625,37452218.0,37452218.0,1.0
counterfactual,326,66,1,Guizhou Province,-0.26253570729367465,37452218.0,37452218.0,1.0
counterfactual,327,66,2,Guizhou Province,0.6208201550565525,37452218.0,37452218.0,1.0
counterfactual,328,66,3,Guizhou Province,0.5177901111565322,37452218.0,37452218.0,1.0
counterfactual,329,66,4,Guizhou Province,-0.8699787660246758,37452218.0,37452218.0,1.0
counterfactual,330,66,5,Guizhou Province,-0.06425127235230388,37452218.0,37452218.0,1.0
counterfactual,331,67,1,Guizhou Province,-0.5494229193810662,37452218.0,37452218.0,1.0
counterfactual,332,67,2,Guizhou Province,0.22428506336275586,37452218.0,37452218.0,1.0
counterfactual,333,67,3,Guizhou Province,0.23325604337760897,37452218.0,37452218.0,1.0
counterfactual,334,67,4,Guizhou Province,-0.7445766200349911,37452218.0,37452218.0,1.0
counterfactual,335,67,5,Guizhou Province,-0.2837484249871446,37452218.0,37452218.0,1.0
counterfactual,336,68,1,Guizhou Province,0.0235503554867849,37452218.0,37452218.0,1.0
counterfactual,337,68,2,Guizhou Province,-0.8699053039712968,37452218.0,37452218.0,1.0
counterfactual,338,68,3,Guizhou Province,0.140028810553363,37452218.0,37452218.0,1.0
counterfactual,339,68,4,Guizhou Province,0.08936133759796357,37452218.0,37452218.0,1.0
counterfactual,340,68,5,Guizhou Province,-0.6099669490660322,37452218.0,37452218.0,1.0
counterfactual,341,69,1,Guizhou Province,0.5908597222987174,37452218.0,37452218.0,1.0
counterfactual,342,69,2,Guizhou Province,-0.2468707381786283,37452218.0,37452218.0,1.0
counterfactual,343,69,3,Guizhou Province,-0.1205097237450692,37452218.0,37452218.0,1.0
counterfactual,344,69,4,Guizhou Province,-0.32684647288607754,37452218.0,37452218.0,1.0
counterfactual,345,69,5,Guizhou Province,0.8169990762272941,37452218.0,37452218.0,1.0
counterfactual,346,70,1,Guizhou Province,0.7654421628136819,37452218.0,37452218.0,1.0
counterfactual,347,70,2,Guizhou Province,0.40173684227016226,37452218.0,37452218.0,1.0
counterfactual,348,70,3,Guizhou Province,0.6827929380249547,37452218.0,37452218.0,1.0
counterfactual,349,70,4,Guizhou Province,-0.4649686732091937,37452218.0,37452218.0,1.0
counterfactual,350,70,5,Guizhou Province,-0.09884860438315483,37452218.0,37452218.0,1.0
counterfactual,351,71,1,Guizhou Province,0.8686216218094756,37452218.0,37452218.0,1.0
counterfactual,352,71,2,Guizhou Province,1.0327749789125211,37452218.0,37452218.0,1.0
counterfactual,353,71,3,Guizhou Province,0.05579814753665114,37452218.0,37452218.0,1.0
counterfactual,354,71,4,Guizhou Province,0.47358762861704756,37452218.0,37452218.0,1.0
counterfactual,355,71,5,Guizhou Province,0.502801138093145,37452218.0,37452218.0,1.0
counterfactual,356,72,1,Guizhou Province,0.0702084057195303,37452218.0,37452218.0,1.0
counterfactual,357,72,2,Guizhou Province,0.014972353725913622,37452218.0,37452218.0,1.0
counterfactual,358,72,3,Guizhou Province,-0.2695304961753253,37452218.0,37452218.0,1.0
counterfactual,359,72,4,Guizhou Province,-0.5347627344848458,37452218.0,37452218.0,1.0
counterfactual,360,72,5,Guizhou Province,0.9551814456644043,37452218.0,37452218.0,1.0
counterfactual,361,73,1,Guizhou Province,0.48614763764362495,37452218.0,37452218.0,1.0
counterfactual,362,73,2,Guizhou Province,-0.6298464379200308,37452218.0,37452218.0,1.0
counterfactual,363,73,3,Guizhou Province,1.4070571460175874,37452218.0,37452218.0,1.0
counterfactual,364,73,4,Guizhou Province,0.4361375612980205,37452218.0,37452218.0,1.0
counterfactual,365,73,5,Guizhou Province,-0.2918818548167744,37452218.0,37452218.0,1.0
counterfactual,366,74,1,Guizhou Province,0.3516925002027278,37452218.0,37452218.0,1.0
counterfactual,367,74,2,Guizhou Province,1.1372602501105524,37452218.0,37452218.0,1.0
counterfactual,368,74,3,Guizhou Province,0.6297602311836528,37452218.0,37452218.0,1.0
counterfactual,369,74,4,Guizhou Province,0.838736488620379,37452218.0,37452218.0,1.0
counterfactual,370,74,5,Guizhou Province,0.1993189292503011,37452218.0,37452218.0,1.0
counterfactual,371,75,1,Guizhou Province,0.9576834492490214,37452218.0,37452218.0,1.0
counterfactual,372,75,2,Guizhou Province,0.4767548275192186,37452218.0,37452218.0,1.0
counterfactual,373,75,3,Guizhou Province,0.46232218531826924,37452218.0,37452218.0,1.0
counterfactual,374,75,4,Guizhou Province,-0.6752471030180069,37452218.0,37452218.0,1.0
counterfactual,375,75,5,Guizhou Province,0.8874555298608653,37452218.0,37452218.0,1.0
counterfactual,376,76,1,Guizhou Province,-0.7188450044448355,37452218.0,37452218.0,1.0
counterfactual,377,76,2,Guizhou Province,0.8520115392060233,37452218.0,37452218.0,1.0
counterfactual,378,76,3,Guizhou Province,0.6180998414005192,37452218.0,37452218.0,1.0
counterfactual,379,76,4,Guizhou Province,0.25625529088378857,37452218.0,37452218.0,1.0
counterfactual,380,76,5,Guizhou Province,0.2426872327337239,37452218.0,37452218.0,1.0
counterfactual,381,77,1,Guizhou Province,0.40777522597512006,37452218.0,37452218.0,1.0
counterfactual,382,77,2,Guizhou Province,0.5370833178450184,37452218.0,37452218.0,1.0
counterfactual,383,77,3,Guizhou Province,0.29557368547769347,37452218.0,37452218.0,1.0
counterfactual,384,77,4,Guizhou Province,-0.07923830185485668,37452218.0,37452218.0,1.0
counterfactual,385,77,5,Guizhou Province,0.20433937703487692,37452218.0,37452218.0,1.0
counterfactual,386,78,1,Guizhou Province,0.025323072916301446,37452218.0,37452218.0,1.0
counterfactual,387,78,2,Guizhou Province,0.3580033840831575,37452218.0,37452218.0,1.0
counterfactual,388,78,3,Guizhou Province,0.3482418696551246,37452218.0,37452218.0,1.0
counterfactual,389,78,4,Guizhou Province,1.0883359035512015,37452218.0,37452218.0,1.0
counterfactual,390,78,5,Guizhou Province,-0.16437652964074606,37452218.0,37452218.0,1.0
counterfactual,391,79,1,Guizhou Province,0.9486327114398637,37452218.0,37452218.0,1.0
counterfactual,392,79,2,Guizhou Province,-0.27866909279917373,37452218.0,37452218.0,1.0
counterfactual,393,79,3,Guizhou Province,-0.015775481080602605,37452218.0,37452218.0,1.0
counterfactual,394,79,4,Guizhou Province,-0.2646836117280282,37452218.0,37452218.0,1.0
counterfactual,395,79,5,Guizhou Province,0.7275228880481981,37452218.0,37452218.0,1.0
counterfactual,396,80,1,Guizhou Province,-0.6953185976383666,37452218.0,37452218.0,1.0
counterfactual,397,80,2,Guizhou Province,-0.7930800862854647,37452218.0,37452218.0,1.0
counterfactual,398,80,3,Guizhou Province,-0.2980742138927308,37452218.0,37452218.0,1.0
counterfactual,399,80,4,Guizhou Province,-0.2797799213811041,37452218.0,37452218.0,1.0
counterfactual,400,80,5,Guizhou Province,-0.6196758307825044,37452218.0,37452218.0,1.0
counterfactual,401,81,1,Guizhou Province,0.799664091652574,37452218.0,37452218.0,1.0
counterfactual,402,81,2,Guizhou Province,0.3738247142656205,37452218.0,37452218.0,1.0
counterfactual,403,81,3,Guizhou Province,-0.2621286496509838,37452218.0,37452218.0,1.0
counterfactual,404,81,4,Guizhou Province,0.26982548754833574,37452218.0,37452218.0,1.0
counterfactual,405,81,5,Guizhou Province,-0.03051389819358747,37452218.0,37452218.0,1.0
counterfactual,406,82,1,Guizhou Province,-0.30977320309564893,37452218.0,37452218.0,1.0
counterfactual,407,82,2,Guizhou Province,0.2560646588640965,37452218.0,37452218.0,1.0
counterfactual,408,82,3,Guizhou Province,-0.6052365754444056,37452218.0,37452218.0,1.0
counterfactual,409,82,4,Guizhou Province,0.3327879891352741,37452218.0,37452218.0,1.0
counterfactual,410,82,5,Guizhou Province,0.0550620391766493,37452218.0,37452218.0,1.0
counterfactual,411,83,1,Guizhou Province,-0.10310216712316647,37452218.0,37452218.0,1.0
counterfactual,412,83,2,Guizhou Province,0.9238212642207818,37452218.0,37452218.0,1.0
counterfactual,413,83,3,Guizhou Province,-0.21518271629956828,37452218.0,37452218.0,1.0
counterfactual,414,83,4,Guizhou Province,-0.2830539768826356,37452218.0,37452218.0,1.0
counterfactual,415,83,5,Guizhou Province,0.19755081099278576,37452218.0,37452218.0,1.0
counterfactual,416,84,1,Guizhou Province,1.2437581346862747,37452218.0,37452218.0,1.0
counterfactual,417,84,2,Guizhou Province,-0.5097482255439176,37452218.0,37452218.0,1.0
counterfactual,418,84,3,Guizhou Province,-0.4083469082391402,37452218.0,37452218.0,1.0
counterfactual,419,84,4,Guizhou Province,0.007657339249834678,37452218.0,37452218.0,1.0
counterfactual,420,84,5,Guizhou Province,-0.1860697160783625,37452218.0,37452218.0,1.0
counterfactual,421,85,1,Guizhou Province,0.8422186703739101,37452218.0,37452218.0,1.0
counterfactual,422,85,2,Guizhou Province,-0.4349805433546965,37452218.0,37452218.0,1.0
counterfactual,423,85,3,Guizhou Province,0.751395419241992,37452218.0,37452218.0,1.0
counterfactual,424,85,4,Guizhou Province,0.8672323159979971,37452218.0,37452218.0,1.0
counterfactual,425,85,5,Guizhou Province,-0.08362091291014127,37452218.0,37452218.0,1.0
counterfactual,426,86,1,Guizhou Province,0.898511433243604,37452218.0,37452218.0,1.0
counterfactual,427,86,2,Guizhou Province,-0.08855416932929092,37452218.0,37452218.0,1.0
counterfactual,428,86,3,Guizhou Province,0.3743971101066162,37452218.0,37452218.0,1.0
counterfactual,429,86,4,Guizhou Province,0.6338954870025203,37452218.0,37452218.0,1.0
counterfactual,430,86,5,Guizhou Province,0.5983449671136846,37452218.0,37452218.0,1.0
counterfactual,431,87,1,Guizhou Province,-0.1569806995236358,37452218.0,37452218.0,1.0
counterfactual,432,87,2,Guizhou Province,-0.6418568855424884,37452218.0,37452218.0,1.0
counterfactual,433,87,3,Guizhou Province,0.19297381729906363,37452218.0,37452218.0,1.0
counterfactual,434,87,4,Guizhou Province,-0.3071327078101946,37452218.0,37452218.0,1.0
counterfactual,435,87,5,Guizhou Province,0.23045198717611426,37452218.0,37452218.0,1.0
counterfactual,436,88,1,Guizhou Province,0.09739607113744637,37452218.0,37452218.0,1.0
counterfactual,437,88,2,Guizhou Province,-0.19905399630219825,37452218.0,37452218.0,1.0
counterfactual,438,88,3,Guizhou Province,-0.19594436609476262,37452218.0,37452218.0,1.0
counterfactual,439,88,4,Guizhou Province,-0.30310090039058835,37452218.0,37452218.0,1.0
counterfactual,440,88,5,Guizhou Province,-0.5505739795813603,37452218.0,37452218.0,1.0
counterfactual,441,89,1,Guizhou Province,0.5118665085920091,37452218.0,37452218.0,1.0
counterfactual,442,89,2,Guizhou Province,0.43567693143414127,37452218.0,37452218.0,1.0
counterfactual,443,89,3,Guizhou Province,0.258624455335588,37452218.0,37452218.0,1.0
counterfactual,444,89,4,Guizhou Province,-0.30323384172094087,37452218.0,37452218.0,1.0
counterfactual,445,89,5,Guizhou Province,0.32152541713093,37452218.0,37452218.0,1.0
counterfactual,446,90,1,Guizhou Province,0.46371717172043836,37452218.0,37452218.0,1.0
counterfactual,447,90,2,Guizhou Province,0.2742697864341052,37452218.0,37452218.0,1.0
counterfactual,448,90,3,Guizhou Province,0.27713359679861593,37452218.0,37452218.0,1.0
counterfactual,449,90,4,Guizhou Province,0.3829249903822489,37452218.0,37452218.0,1.0
counterfactual,450,90,5,Guizhou Province,-0.2291116848090722,37452218.0,37452218.0,1.0
counterfactual,451,91,1,Guizhou Province,-0.30637404066535195,37452218.0,37452218.0,1.0
counterfactual,452,91,2,Guizhou Province,0.34120154405609177,37452218.0,37452218.0,1.0
counterfactual,453,91,3,Guizhou Province,0.5976955830369839,37452218.0,37452218.0,1.0
counterfactual,454,91,4,Guizhou Province,-0.09524640803070963,37452218.0,37452218.0,1.0
counterfactual,455,91,5,Guizhou Province,0.4226513376228475,37452218.0,37452218.0,1.0
counterfactual,456,92,1,Guizhou Province,0.0029850415858461658,37452218.0,37452218.0,1.0
counterfactual,457,92,2,Guizhou Province,0.8956628286725993,37452218.0,37452218.0,1.0
counterfactual,458,92,3,Guizhou Province,0.6537477910279335,37452218.0,37452218.0,1.0
counterfactual,459,92,4,Guizhou Province,1.3471807373453386,37452218.0,37452218.0,1.0
counterfactual,460,92,5,Guizhou Province,-0.5868418248141367,37452218.0,37452218.0,1.0
counterfactual,461,93,1,Guizhou Province,0.5107514514929811,37452218.0,37452218.0,1.0
counterfactual,462,93,2,Guizhou Province,-0.5685759607586451,37452218.0,37452218.0,1.0
counterfactual,463,93,3,Guizhou Province,0.38849071094500487,37452218.0,37452218.0,1.0
counterfactual,464,93,4,Guizhou Province,0.04776775425354127,37452218.0,37452218.0,1.0
counterfactual,465,93,5,Guizhou Province,0.6813961567087548,37452218.0,37452218.0,1.0
counterfactual,466,94,1,Guizhou Province,0.025316357326492473,37452218.0,37452218.0,1.0
counterfactual,467,94,2,Guizhou Province,0.5560409490575428,37452218.0,37452218.0,1.0
counterfactual,468,94,3,Guizhou Province,0.11047685888894256,37452218.0,37452218.0,1.0
counterfactual,469,94,4,Guizhou Province,-0.17387539101677021,37452218.0,37452218.0,1.0
counterfactual,470,94,5,Guizhou Province,0.5936403588112966,37452218.0,37452218.0,1.0
counterfactual,471,95,1,Guizhou Province,-0.5596068342229118,37452218.0,37452218.0,1.0
counterfactual,472,95,2,Guizhou Province,1.494699701794972,37452218.0,37452218.0,1.0
counterfactual,473,95,3,Guizhou Province,-0.5638888219827451,37452218.0,37452218.0,1.0
counterfactual,474,95,4,Guizhou Province,0.19072293273045107,37452218.0,37452218.0,1.0
counterfactual,475,95,5,Guizhou Province,1.119342414676241,37452218.0,37452218.0,1.0
counterfactual,476,96,1,Guizhou Province,-0.02275907709950833,37452218.0,37452218.0,1.0
counterfactual,477,96,2,Guizhou Province,-0.20220714864052514,37452218.0,37452218.0,1.0
counterfactual,478,96,3,Guizhou Province,0.20395018798627448,37452218.0,37452218.0,1.0
counterfactual,479,96,4,Guizhou Province,-0.3785618785382833,37452218.0,37452218.0,1.0
counterfactual,480,96,5,Guizhou Province,-0.3897733065330634,37452218.0,37452218.0,1.0
counterfactual,481,97,1,Guizhou Province,0.6247627010215117,37452218.0,37452218.0,1.0
counterfactual,482,97,2,Guizhou Province,0.20318397371232338,37452218.0,37452218.0,1.0
counterfactual,483,97,3,Guizhou Province,0.3644789734104525,37452218.0,37452218.0,1.0
counterfactual,484,97,4,Guizhou Province,0.3730270391831901,37452218.0,37452218.0,1.0
counterfactual,485,97,5,Guizhou Province,-0.853070425792305,37452218.0,37452218.0,1.0
counterfactual,486,98,1,Guizhou Province,-0.364036707030616,37452218.0,37452218.0,1.0
counterfactual,487,98,2,Guizhou Province,-0.12874397120694966,37452218.0,37452218.0,1.0
counterfactual,488,98,3,Guizhou Province,-0.1712437250628629,37452218.0,37452218.0,1.0
counterfactual,489,98,4,Guizhou Province,0.39387032445861486,37452218.0,37452218.0,1.0
counterfactual,490,98,5,Guizhou Province,-0.2759867737503311,37452218.0,37452218.0,1.0
counterfactual,491,99,1,Guizhou Province,-0.4942273401638769,37452218.0,37452218.0,1.0
counterfactual,492,99,2,Guizhou Province,0.48715623110607276,37452218.0,37452218.0,1.0
counterfactual,493,99,3,Guizhou Province,0.28257513862490724,37452218.0,37452218.0,1.0
counterfactual,494,99,4,Guizhou Province,0.07109178015475101,37452218.0,37452218.0,1.0
counterfactual,495,99,5,Guizhou Province,0.3194970563386184,37452218.0,37452218.0,1.0
counterfactual,496,100,1,Guizhou Province,0.7494253918646706,37452218.0,37452218.0,1.0
counterfactual,497,100,2,Guizhou Province,0.050427178443481276,37452218.0,37452218.0,1.0
counterfactual,498,100,3,Guizhou Province,0.24018832404728307,37452218.0,37452218.0,1.0
counterfactual,499,100,4,Guizhou Province,-1.173325355285352,37452218.0,37452218.0,1.0
counterfactual,500,100,5,Guizhou Province,0.22516772194519682,37452218.0,37452218.0,1.0
counterfactual,501,101,1,Guizhou Province,0.7541338330235687,37452218.0,37452218.0,1.0
counterfactual,502,101,2,Guizhou Province,0.3930320900558004,37452218.0,37452218.0,1.0
counterfactual,503,101,3,Guizhou Province,0.39746658183999206,37452218.0,37452218.0,1.0
counterfactual,504,101,4,Guizhou Province,0.9336354494081736,37452218.0,37452218.0,1.0
counterfactual,505,101,5,Guizhou Province,0.0024683189090517342,37452218.0,37452218.0,1.0
counterfactual,506,102,1,Guizhou Province,0.43319546837206074,37452218.0,37452218.0,1.0
counterfactual,507,102,2,Guizhou Province,0.09518081480614651,37452218.0,37452218.0,1.0
counterfactual,508,102,3,Guizhou Province,1.3952090894344302,37452218.0,37452218.0,1.0
counterfactual,509,102,4,Guizhou Province,-0.2816194915102173,37452218.0,37452218.0,1.0
counterfactual,510,102,5,Guizhou Province,0.4144019071371718,37452218.0,37452218.0,1.0
counterfactual,511,103,1,Guizhou Province,0.5737839683833262,37452218.0,37452218.0,1.0
counterfactual,512,103,2,Guizhou Province,-0.7854760947513824,37452218.0,37452218.0,1.0
counterfactual,513,103,3,Guizhou Province,0.42214498256964794,37452218.0,37452218.0,1.0
counterfactual,514,103,4,Guizhou Province,0.28992905385027995,37452218.0,37452218.0,1.0
counterfactual,515,103,5,Guizhou Province,-0.23979120949179847,37452218.0,37452218.0,1.0
counterfactual,516,104,1,Guizhou Province,0.6470493824203042,37452218.0,37452218.0,1.0
counterfactual,517,104,2,Guizhou Province,1.211345559725968,37452218.0,37452218.0,1.0
counterfactual,518,104,3,Guizhou Province,0.6386058440576812,37452218.0,37452218.0,1.0
counterfactual,519,104,4,Guizhou Province,-0.039513867914355856,37452218.0,37452218.0,1.0
counterfactual,520,104,5,Guizhou Province,0.5990086029380512,37452218.0,37452218.0,1.0
counterfactual,521,105,1,Guizhou Province,-0.5919794171132552,37452218.0,37452218.0,1.0
counterfactual,522,105,2,Guizhou Province,0.31088949830258217,37452218.0,37452218.0,1.0
counterfactual,523,105,3,Guizhou Province,0.9080692525762838,37452218.0,37452218.0,1.0
counterfactual,524,105,4,Guizhou Province,0.6035744341261331,37452218.0,37452218.0,1.0
counterfactual,525,105,5,Guizhou Province,0.1155147533942096,37452218.0,37452218.0,1.0
