scenario,ensemble,r,p,province,hydro_std_anom_sep,population_total,population_used,population_coverage_fraction
factual,1,1,1,Sichuan Province,0.7119503019360541,88156760.0,88156760.0,1.0
factual,2,1,2,Sichuan Province,0.32654749631330554,88156760.0,88156760.0,1.0
factual,3,1,3,Sichuan Province,0.830490327191113,88156760.0,88156760.0,1.0
factual,4,1,4,Sichuan Province,0.1924031020540965,88156760.0,88156760.0,1.0
factual,5,1,5,Sichuan Province,0.05915389015610097,88156760.0,88156760.0,1.0
factual,6,2,1,Sichuan Province,0.2986345693589171,88156760.0,88156760.0,1.0
factual,7,2,2,Sichuan Province,0.7668423226133584,88156760.0,88156760.0,1.0
factual,8,2,3,Sichuan Province,0.08862937029987121,88156760.0,88156760.0,1.0
factual,9,2,4,Sichuan Province,-0.5061409063292027,88156760.0,88156760.0,1.0
factual,10,2,5,Sichuan Province,-0.18211674308530013,88156760.0,88156760.0,1.0
factual,11,3,1,Sichuan Province,-0.17972963262179273,88156760.0,88156760.0,1.0
factual,12,3,2,Sichuan Province,0.022208551948790834,88156760.0,88156760.0,1.0
factual,13,3,3,Sichuan Province,0.5927531438972673,88156760.0,88156760.0,1.0
factual,14,3,4,Sichuan Province,-0.6738055957277426,88156760.0,88156760.0,1.0
factual,15,3,5,Sichuan Province,-0.8788988246892883,88156760.0,88156760.0,1.0
factual,16,4,1,Sichuan Province,-0.22763812103833123,88156760.0,88156760.0,1.0
factual,17,4,2,Sichuan Province,0.18475898477318703,88156760.0,88156760.0,1.0
factual,18,4,3,Sichuan Province,0.4275702629486037,88156760.0,88156760.0,1.0
factual,19,4,4,Sichuan Province,0.16193668002581108,88156760.0,88156760.0,1.0
factual,20,4,5,Sichuan Province,-1.071156469085516,88156760.0,88156760.0,1.0
factual,21,5,1,Sichuan Province,-0.5157487469425256,88156760.0,88156760.0,1.0
factual,22,5,2,Sichuan Province,1.3069167342504544,88156760.0,88156760.0,1.0
factual,23,5,3,Sichuan Province,0.2577730465849478,88156760.0,88156760.0,1.0
factual,24,5,4,Sichuan Province,0.16683245577460473,88156760.0,88156760.0,1.0
factual,25,5,5,Sichuan Province,-0.701843361479015,88156760.0,88156760.0,1.0
factual,26,6,1,Sichuan Province,-0.3758915239783685,88156760.0,88156760.0,1.0
factual,27,6,2,Sichuan Province,-0.23432727056761313,88156760.0,88156760.0,1.0
factual,28,6,3,Sichuan Province,-0.07829070637422365,88156760.0,88156760.0,1.0
factual,29,6,4,Sichuan Province,-0.4315584941578108,88156760.0,88156760.0,1.0
factual,30,6,5,Sichuan Province,-0.08753034818204705,88156760.0,88156760.0,1.0
factual,31,7,1,Sichuan Province,-1.2622070993467007,88156760.0,88156760.0,1.0
factual,32,7,2,Sichuan Province,0.4416676245255895,88156760.0,88156760.0,1.0
factual,33,7,3,Sichuan Province,0.2514576145625059,88156760.0,88156760.0,1.0
factual,34,7,4,Sichuan Province,0.12768426120367996,88156760.0,88156760.0,1.0
factual,35,7,5,Sichuan Province,-0.232544592018843,88156760.0,88156760.0,1.0
factual,36,8,1,Sichuan Province,1.548134154573681,88156760.0,88156760.0,1.0
factual,37,8,2,Sichuan Province,-0.41413613719389547,88156760.0,88156760.0,1.0
factual,38,8,3,Sichuan Province,-1.213417068068681,88156760.0,88156760.0,1.0
factual,39,8,4,Sichuan Province,-0.2224769370415894,88156760.0,88156760.0,1.0
factual,40,8,5,Sichuan Province,1.0271593106375476,88156760.0,88156760.0,1.0
factual,41,9,1,Sichuan Province,-0.01288612483667629,88156760.0,88156760.0,1.0
factual,42,9,2,Sichuan Province,-0.56683308006155,88156760.0,88156760.0,1.0
factual,43,9,3,Sichuan Province,-0.4819940210364392,88156760.0,88156760.0,1.0
factual,44,9,4,Sichuan Province,-0.488511556693229,88156760.0,88156760.0,1.0
factual,45,9,5,Sichuan Province,0.3416598515564741,88156760.0,88156760.0,1.0
factual,46,10,1,Sichuan Province,0.44954319127020775,88156760.0,88156760.0,1.0
factual,47,10,2,Sichuan Province,0.4803425220073011,88156760.0,88156760.0,1.0
factual,48,10,3,Sichuan Province,0.02364761273538596,88156760.0,88156760.0,1.0
factual,49,10,4,Sichuan Province,0.3225879644219312,88156760.0,88156760.0,1.0
factual,50,10,5,Sichuan Province,-0.16597224463821367,88156760.0,88156760.0,1.0
factual,51,11,1,Sichuan Province,0.7011100085195362,88156760.0,88156760.0,1.0
factual,52,11,2,Sichuan Province,-1.2531329891152154,88156760.0,88156760.0,1.0
factual,53,11,3,Sichuan Province,0.13251822737283928,88156760.0,88156760.0,1.0
factual,54,11,4,Sichuan Province,0.28436667308983676,88156760.0,88156760.0,1.0
factual,55,11,5,Sichuan Province,0.17745572296253323,88156760.0,88156760.0,1.0
factual,56,12,1,Sichuan Province,-0.3738534722864043,88156760.0,88156760.0,1.0
factual,57,12,2,Sichuan Province,0.8424658073756985,88156760.0,88156760.0,1.0
factual,58,12,3,Sichuan Province,-0.8276194761203642,88156760.0,88156760.0,1.0
factual,59,12,4,Sichuan Province,-0.21240818685629664,88156760.0,88156760.0,1.0
factual,60,12,5,Sichuan Province,0.3683825831938448,88156760.0,88156760.0,1.0
factual,61,13,1,Sichuan Province,0.17850697631902707,88156760.0,88156760.0,1.0
factual,62,13,2,Sichuan Province,-0.516078622090419,88156760.0,88156760.0,1.0
factual,63,13,3,Sichuan Province,-0.21069602347317634,88156760.0,88156760.0,1.0
factual,64,13,4,Sichuan Province,-0.5098357280572531,88156760.0,88156760.0,1.0
factual,65,13,5,Sichuan Province,0.10216298936692454,88156760.0,88156760.0,1.0
factual,66,14,1,Sichuan Province,-0.38260597129150026,88156760.0,88156760.0,1.0
factual,67,14,2,Sichuan Province,-0.6856664953148446,88156760.0,88156760.0,1.0
factual,68,14,3,Sichuan Province,-0.11164408898631527,88156760.0,88156760.0,1.0
factual,69,14,4,Sichuan Province,-0.1618073507685762,88156760.0,88156760.0,1.0
factual,70,14,5,Sichuan Province,-0.3202473693146375,88156760.0,88156760.0,1.0
factual,71,15,1,Sichuan Province,0.5940127066887575,88156760.0,88156760.0,1.0
factual,72,15,2,Sichuan Province,-0.0333109129358405,88156760.0,88156760.0,1.0
factual,73,15,3,Sichuan Province,0.37324059373052476,88156760.0,88156760.0,1.0
factual,74,15,4,Sichuan Province,0.2980156209610965,88156760.0,88156760.0,1.0
factual,75,15,5,Sichuan Province,-0.5137517151695531,88156760.0,88156760.0,1.0
factual,76,16,1,Sichuan Province,-0.18763043190637094,88156760.0,88156760.0,1.0
factual,77,16,2,Sichuan Province,0.6458685733269551,88156760.0,88156760.0,1.0
factual,78,16,3,Sichuan Province,0.5139575182435279,88156760.0,88156760.0,1.0
factual,79,16,4,Sichuan Province,0.48926777481454986,88156760.0,88156760.0,1.0
factual,80,16,5,Sichuan Province,0.45340824427739207,88156760.0,88156760.0,1.0
factual,81,17,1,Sichuan Province,-0.29923177484213054,88156760.0,88156760.0,1.0
factual,82,17,2,Sichuan Province,0.32339143294652206,88156760.0,88156760.0,1.0
factual,83,17,3,Sichuan Province,0.025980763979109468,88156760.0,88156760.0,1.0
factual,84,17,4,Sichuan Province,0.4797647990889061,88156760.0,88156760.0,1.0
factual,85,17,5,Sichuan Province,0.5162179220555967,88156760.0,88156760.0,1.0
factual,86,18,1,Sichuan Province,0.5794094804843083,88156760.0,88156760.0,1.0
factual,87,18,2,Sichuan Province,0.8781017325555183,88156760.0,88156760.0,1.0
factual,88,18,3,Sichuan Province,0.17034297937810797,88156760.0,88156760.0,1.0
factual,89,18,4,Sichuan Province,-1.1443064399431218,88156760.0,88156760.0,1.0
factual,90,18,5,Sichuan Province,-0.5875818332806498,88156760.0,88156760.0,1.0
factual,91,19,1,Sichuan Province,0.7438729127737702,88156760.0,88156760.0,1.0
factual,92,19,2,Sichuan Province,-0.46280032842578217,88156760.0,88156760.0,1.0
factual,93,19,3,Sichuan Province,0.5298206290652614,88156760.0,88156760.0,1.0
factual,94,19,4,Sichuan Province,0.14548628827831644,88156760.0,88156760.0,1.0
factual,95,19,5,Sichuan Province,-0.2537940988685667,88156760.0,88156760.0,1.0
factual,96,20,1,Sichuan Province,0.23202324369170946,88156760.0,88156760.0,1.0
factual,97,20,2,Sichuan Province,-0.050933500417415914,88156760.0,88156760.0,1.0
factual,98,20,3,Sichuan Province,-0.10357091292108526,88156760.0,88156760.0,1.0
factual,99,20,4,Sichuan Province,0.1668292727410732,88156760.0,88156760.0,1.0
factual,100,20,5,Sichuan Province,-0.08693767743490687,88156760.0,88156760.0,1.0
factual,101,21,1,Sichuan Province,0.13769267165249124,88156760.0,88156760.0,1.0
factual,102,21,2,Sichuan Province,-0.11259220442307433,88156760.0,88156760.0,1.0
factual,103,21,3,Sichuan Province,-0.03050989899808872,88156760.0,88156760.0,1.0
factual,104,21,4,Sichuan Province,-0.3502853555365422,88156760.0,88156760.0,1.0
factual,105,21,5,Sichuan Province,0.38395121676181215,88156760.0,88156760.0,1.0
factual,106,22,1,Sichuan Province,0.4337665386140352,88156760.0,88156760.0,1.0
factual,107,22,2,Sichuan Province,0.09136550073140505,88156760.0,88156760.0,1.0
factual,108,22,3,Sichuan Province,0.18717004959971148,88156760.0,88156760.0,1.0
factual,109,22,4,Sichuan Province,-0.8319800867774575,88156760.0,88156760.0,1.0
factual,110,22,5,Sichuan Province,1.0206021086585126,88156760.0,88156760.0,1.0
factual,111,23,1,Sichuan Province,-0.5362230809798175,88156760.0,88156760.0,1.0
factual,112,23,2,Sichuan Province,-0.4236220221619486,88156760.0,88156760.0,1.0
factual,113,23,3,Sichuan Province,-0.7793873805886392,88156760.0,88156760.0,1.0
factual,114,23,4,Sichuan Province,0.14881456995001932,88156760.0,88156760.0,1.0
factual,115,23,5,Sichuan Province,0.37036287050022776,88156760.0,88156760.0,1.0
factual,116,24,1,Sichuan Province,-0.7481426171043412,88156760.0,88156760.0,1.0
factual,117,24,2,Sichuan Province,-1.0263508333956597,88156760.0,88156760.0,1.0
factual,118,24,3,Sichuan Province,0.2576383754562757,88156760.0,88156760.0,1.0
factual,119,24,4,Sichuan Province,-0.7923737095266148,88156760.0,88156760.0,1.0
factual,120,24,5,Sichuan Province,0.361024821648824,88156760.0,88156760.0,1.0
factual,121,25,1,Sichuan Province,0.22502355663446624,88156760.0,88156760.0,1.0
factual,122,25,2,Sichuan Province,-0.3193768503828389,88156760.0,88156760.0,1.0
factual,123,25,3,Sichuan Province,-0.6139270257312401,88156760.0,88156760.0,1.0
factual,124,25,4,Sichuan Province,0.17406107780106025,88156760.0,88156760.0,1.0
factual,125,25,5,Sichuan Province,-0.3592276361023028,88156760.0,88156760.0,1.0
factual,126,26,1,Sichuan Province,0.08138119012382825,88156760.0,88156760.0,1.0
factual,127,26,2,Sichuan Province,-0.5483569628678189,88156760.0,88156760.0,1.0
factual,128,26,3,Sichuan Province,0.2675519633355737,88156760.0,88156760.0,1.0
factual,129,26,4,Sichuan Province,0.0012063860055808106,88156760.0,88156760.0,1.0
factual,130,26,5,Sichuan Province,-0.17161236412855066,88156760.0,88156760.0,1.0
factual,131,27,1,Sichuan Province,0.2840602503984156,88156760.0,88156760.0,1.0
factual,132,27,2,Sichuan Province,1.1164567596802906,88156760.0,88156760.0,1.0
factual,133,27,3,Sichuan Province,0.869943746533555,88156760.0,88156760.0,1.0
factual,134,27,4,Sichuan Province,0.5693513784699524,88156760.0,88156760.0,1.0
factual,135,27,5,Sichuan Province,-1.4459169613569514,88156760.0,88156760.0,1.0
factual,136,28,1,Sichuan Province,0.9798128128858462,88156760.0,88156760.0,1.0
factual,137,28,2,Sichuan Province,0.2231591705406403,88156760.0,88156760.0,1.0
factual,138,28,3,Sichuan Province,0.20792087978284446,88156760.0,88156760.0,1.0
factual,139,28,4,Sichuan Province,0.3628832745111617,88156760.0,88156760.0,1.0
factual,140,28,5,Sichuan Province,0.7580929460989502,88156760.0,88156760.0,1.0
factual,141,29,1,Sichuan Province,0.44835715654618935,88156760.0,88156760.0,1.0
factual,142,29,2,Sichuan Province,-0.3328645824570275,88156760.0,88156760.0,1.0
factual,143,29,3,Sichuan Province,0.4145572099120343,88156760.0,88156760.0,1.0
factual,144,29,4,Sichuan Province,-0.7617528014224527,88156760.0,88156760.0,1.0
factual,145,29,5,Sichuan Province,0.6073160458738088,88156760.0,88156760.0,1.0
factual,146,30,1,Sichuan Province,0.6420920422477865,88156760.0,88156760.0,1.0
factual,147,30,2,Sichuan Province,0.4204932602908429,88156760.0,88156760.0,1.0
factual,148,30,3,Sichuan Province,-0.385771920935571,88156760.0,88156760.0,1.0
factual,149,30,4,Sichuan Province,0.34757013735495024,88156760.0,88156760.0,1.0
factual,150,30,5,Sichuan Province,0.7730568436600117,88156760.0,88156760.0,1.0
factual,151,31,1,Sichuan Province,0.7026114128833564,88156760.0,88156760.0,1.0
factual,152,31,2,Sichuan Province,-0.5380720868475278,88156760.0,88156760.0,1.0
factual,153,31,3,Sichuan Province,-0.7611375448493455,88156760.0,88156760.0,1.0
factual,154,31,4,Sichuan Province,-0.31566927985602383,88156760.0,88156760.0,1.0
factual,155,31,5,Sichuan Province,1.4292356242268862,88156760.0,88156760.0,1.0
factual,156,32,1,Sichuan Province,-0.014686343314594664,88156760.0,88156760.0,1.0
factual,157,32,2,Sichuan Province,0.35328756458431054,88156760.0,88156760.0,1.0
factual,158,32,3,Sichuan Province,0.09904506877801726,88156760.0,88156760.0,1.0
factual,159,32,4,Sichuan Province,0.058825780848907376,88156760.0,88156760.0,1.0
factual,160,32,5,Sichuan Province,-0.07941505180336578,88156760.0,88156760.0,1.0
factual,161,33,1,Sichuan Province,0.2283493234992989,88156760.0,88156760.0,1.0
factual,162,33,2,Sichuan Province,-0.19596829909685473,88156760.0,88156760.0,1.0
factual,163,33,3,Sichuan Province,0.05611838255593321,88156760.0,88156760.0,1.0
factual,164,33,4,Sichuan Province,0.7057665662455952,88156760.0,88156760.0,1.0
factual,165,33,5,Sichuan Province,0.6437377497410527,88156760.0,88156760.0,1.0
factual,166,34,1,Sichuan Province,-0.5388747535575349,88156760.0,88156760.0,1.0
factual,167,34,2,Sichuan Province,-0.29641754510918544,88156760.0,88156760.0,1.0
factual,168,34,3,Sichuan Province,0.2665250848583845,88156760.0,88156760.0,1.0
factual,169,34,4,Sichuan Province,0.1565216901309667,88156760.0,88156760.0,1.0
factual,170,34,5,Sichuan Province,0.2618057436952455,88156760.0,88156760.0,1.0
factual,171,35,1,Sichuan Province,0.6704733130634586,88156760.0,88156760.0,1.0
factual,172,35,2,Sichuan Province,-0.456104150823057,88156760.0,88156760.0,1.0
factual,173,35,3,Sichuan Province,0.3564654348138001,88156760.0,88156760.0,1.0
factual,174,35,4,Sichuan Province,-0.279054346025097,88156760.0,88156760.0,1.0
factual,175,35,5,Sichuan Province,-0.021468103854474466,88156760.0,88156760.0,1.0
factual,176,36,1,Sichuan Province,-0.3579977852759923,88156760.0,88156760.0,1.0
factual,177,36,2,Sichuan Province,0.9511680937588481,88156760.0,88156760.0,1.0
factual,178,36,3,Sichuan Province,0.7235724206916843,88156760.0,88156760.0,1.0
factual,179,36,4,Sichuan Province,-0.02437059876387724,88156760.0,88156760.0,1.0
factual,180,36,5,Sichuan Province,0.08154649636721718,88156760.0,88156760.0,1.0
factual,181,37,1,Sichuan Province,0.2581763527734826,88156760.0,88156760.0,1.0
factual,182,37,2,Sichuan Province,0.6136585889296035,88156760.0,88156760.0,1.0
factual,183,37,3,Sichuan Province,-0.3122142560880482,88156760.0,88156760.0,1.0
factual,184,37,4,Sichuan Province,0.954729172751635,88156760.0,88156760.0,1.0
factual,185,37,5,Sichuan Province,-0.9298679346395018,88156760.0,88156760.0,1.0
factual,186,38,1,Sichuan Province,-0.09394341279680508,88156760.0,88156760.0,1.0
factual,187,38,2,Sichuan Province,-0.5835644707116541,88156760.0,88156760.0,1.0
factual,188,38,3,Sichuan Province,-0.0017385755777236925,88156760.0,88156760.0,1.0
factual,189,38,4,Sichuan Province,-0.7365676678130489,88156760.0,88156760.0,1.0
factual,190,38,5,Sichuan Province,-0.16690296118664155,88156760.0,88156760.0,1.0
factual,191,39,1,Sichuan Province,0.3823246115707928,88156760.0,88156760.0,1.0
factual,192,39,2,Sichuan Province,-0.4688054768868895,88156760.0,88156760.0,1.0
factual,193,39,3,Sichuan Province,0.2682888755892079,88156760.0,88156760.0,1.0
factual,194,39,4,Sichuan Province,-0.025598379436135046,88156760.0,88156760.0,1.0
factual,195,39,5,Sichuan Province,-0.6312695909250795,88156760.0,88156760.0,1.0
factual,196,40,1,Sichuan Province,0.06530233593177932,88156760.0,88156760.0,1.0
factual,197,40,2,Sichuan Province,-0.10191794010568762,88156760.0,88156760.0,1.0
factual,198,40,3,Sichuan Province,0.2350168817516107,88156760.0,88156760.0,1.0
factual,199,40,4,Sichuan Province,-0.15589255469808017,88156760.0,88156760.0,1.0
factual,200,40,5,Sichuan Province,-0.5681829063391078,88156760.0,88156760.0,1.0
factual,201,41,1,Sichuan Province,0.06095473563675436,88156760.0,88156760.0,1.0
factual,202,41,2,Sichuan Province,-0.49829822285749803,88156760.0,88156760.0,1.0
factual,203,41,3,Sichuan Province,-0.6235605252894942,88156760.0,88156760.0,1.0
factual,204,41,4,Sichuan Province,-1.0222173868071314,88156760.0,88156760.0,1.0
factual,205,41,5,Sichuan Province,0.5746044412798045,88156760.0,88156760.0,1.0
factual,206,42,1,Sichuan Province,-0.29993583448132094,88156760.0,88156760.0,1.0
factual,207,42,2,Sichuan Province,-0.017466065967608534,88156760.0,88156760.0,1.0
factual,208,42,3,Sichuan Province,-0.6559169214293713,88156760.0,88156760.0,1.0
factual,209,42,4,Sichuan Province,0.29380255440343683,88156760.0,88156760.0,1.0
factual,210,42,5,Sichuan Province,0.0997641147083127,88156760.0,88156760.0,1.0
factual,211,43,1,Sichuan Province,-0.08302750966342466,88156760.0,88156760.0,1.0
factual,212,43,2,Sichuan Province,-0.29438051093193796,88156760.0,88156760.0,1.0
factual,213,43,3,Sichuan Province,-0.19565215716097373,88156760.0,88156760.0,1.0
factual,214,43,4,Sichuan Province,0.015324555566250519,88156760.0,88156760.0,1.0
factual,215,43,5,Sichuan Province,0.5382260147636635,88156760.0,88156760.0,1.0
factual,216,44,1,Sichuan Province,-0.5503413294925718,88156760.0,88156760.0,1.0
factual,217,44,2,Sichuan Province,0.006174208051421067,88156760.0,88156760.0,1.0
factual,218,44,3,Sichuan Province,-0.2792650876255099,88156760.0,88156760.0,1.0
factual,219,44,4,Sichuan Province,-0.06959224771826562,88156760.0,88156760.0,1.0
factual,220,44,5,Sichuan Province,0.3869404240959194,88156760.0,88156760.0,1.0
factual,221,45,1,Sichuan Province,-0.5467141555967738,88156760.0,88156760.0,1.0
factual,222,45,2,Sichuan Province,-0.6322769028147718,88156760.0,88156760.0,1.0
factual,223,45,3,Sichuan Province,1.1532361060580976,88156760.0,88156760.0,1.0
factual,224,45,4,Sichuan Province,0.13952152195550488,88156760.0,88156760.0,1.0
factual,225,45,5,Sichuan Province,-0.0481201501537547,88156760.0,88156760.0,1.0
factual,226,46,1,Sichuan Province,0.4143720145358304,88156760.0,88156760.0,1.0
factual,227,46,2,Sichuan Province,0.1447339723317195,88156760.0,88156760.0,1.0
factual,228,46,3,Sichuan Province,0.6344974539474335,88156760.0,88156760.0,1.0
factual,229,46,4,Sichuan Province,0.5517306747028952,88156760.0,88156760.0,1.0
factual,230,46,5,Sichuan Province,0.18510970121895368,88156760.0,88156760.0,1.0
factual,231,47,1,Sichuan Province,0.16466134860155085,88156760.0,88156760.0,1.0
factual,232,47,2,Sichuan Province,-1.365165618972575,88156760.0,88156760.0,1.0
factual,233,47,3,Sichuan Province,-0.13204481557037842,88156760.0,88156760.0,1.0
factual,234,47,4,Sichuan Province,0.10343662884611077,88156760.0,88156760.0,1.0
factual,235,47,5,Sichuan Province,-1.3312672978141569,88156760.0,88156760.0,1.0
factual,236,48,1,Sichuan Province,0.7904753301515529,88156760.0,88156760.0,1.0
factual,237,48,2,Sichuan Province,-0.484495749453953,88156760.0,88156760.0,1.0
factual,238,48,3,Sichuan Province,0.3621847973031449,88156760.0,88156760.0,1.0
factual,239,48,4,Sichuan Province,-0.057422148834118565,88156760.0,88156760.0,1.0
factual,240,48,5,Sichuan Province,0.723646303226144,88156760.0,88156760.0,1.0
factual,241,49,1,Sichuan Province,0.35282887818290304,88156760.0,88156760.0,1.0
factual,242,49,2,Sichuan Province,-0.07130932965661763,88156760.0,88156760.0,1.0
factual,243,49,3,Sichuan Province,-0.17544034357016328,88156760.0,88156760.0,1.0
factual,244,49,4,Sichuan Province,-0.45703608898679987,88156760.0,88156760.0,1.0
factual,245,49,5,Sichuan Province,0.3458333712111254,88156760.0,88156760.0,1.0
factual,246,50,1,Sichuan Province,-0.5549087641940821,88156760.0,88156760.0,1.0
factual,247,50,2,Sichuan Province,0.5985426305931446,88156760.0,88156760.0,1.0
factual,248,50,3,Sichuan Province,-0.2900964710142744,88156760.0,88156760.0,1.0
factual,249,50,4,Sichuan Province,0.14478434031982432,88156760.0,88156760.0,1.0
factual,250,50,5,Sichuan Province,-0.2662605673486607,88156760.0,88156760.0,1.0
factual,251,51,1,Sichuan Province,0.859991235318602,88156760.0,88156760.0,1.0
factual,252,51,2,Sichuan Province,0.5222403959508077,88156760.0,88156760.0,1.0
factual,253,51,3,Sichuan Province,0.5651963782609452,88156760.0,88156760.0,1.0
factual,254,51,4,Sichuan Province,1.0068919411285435,88156760.0,88156760.0,1.0
factual,255,51,5,Sichuan Province,-0.1856911116280779,88156760.0,88156760.0,1.0
factual,256,52,1,Sichuan Province,-0.2730965138651708,88156760.0,88156760.0,1.0
factual,257,52,2,Sichuan Province,0.3932681117465211,88156760.0,88156760.0,1.0
factual,258,52,3,Sichuan Province,0.2112847401813183,88156760.0,88156760.0,1.0
factual,259,52,4,Sichuan Province,0.47104460630462275,88156760.0,88156760.0,1.0
factual,260,52,5,Sichuan Province,0.6494514769746296,88156760.0,88156760.0,1.0
factual,261,53,1,Sichuan Province,0.08643647814843598,88156760.0,88156760.0,1.0
factual,262,53,2,Sichuan Province,0.2443156362530532,88156760.0,88156760.0,1.0
factual,263,53,3,Sichuan Province,0.6518568626297311,88156760.0,88156760.0,1.0
factual,264,53,4,Sichuan Province,0.023081926586704608,88156760.0,88156760.0,1.0
factual,265,53,5,Sichuan Province,-0.20807525499942586,88156760.0,88156760.0,1.0
factual,266,54,1,Sichuan Province,-0.45269881577851523,88156760.0,88156760.0,1.0
factual,267,54,2,Sichuan Province,-0.6003358395465317,88156760.0,88156760.0,1.0
factual,268,54,3,Sichuan Province,-0.5274188713411485,88156760.0,88156760.0,1.0
factual,269,54,4,Sichuan Province,-0.5129387034954616,88156760.0,88156760.0,1.0
factual,270,54,5,Sichuan Province,-0.7510860608600648,88156760.0,88156760.0,1.0
factual,271,55,1,Sichuan Province,-0.48718232134457684,88156760.0,88156760.0,1.0
factual,272,55,2,Sichuan Province,0.1580324841565809,88156760.0,88156760.0,1.0
factual,273,55,3,Sichuan Province,0.037518166974409316,88156760.0,88156760.0,1.0
factual,274,55,4,Sichuan Province,0.5880296056928915,88156760.0,88156760.0,1.0
factual,275,55,5,Sichuan Province,0.7710991749841016,88156760.0,88156760.0,1.0
factual,276,56,1,Sichuan Province,0.8313967743904616,88156760.0,88156760.0,1.0
factual,277,56,2,Sichuan Province,0.2988651393465894,88156760.0,88156760.0,1.0
factual,278,56,3,Sichuan Province,-0.3518480700016046,88156760.0,88156760.0,1.0
factual,279,56,4,Sichuan Province,0.020012941536450383,88156760.0,88156760.0,1.0
factual,280,56,5,Sichuan Province,-0.57248585004528,88156760.0,88156760.0,1.0
factual,281,57,1,Sichuan Province,-0.7055347874638915,88156760.0,88156760.0,1.0
factual,282,57,2,Sichuan Province,0.1569738340606745,88156760.0,88156760.0,1.0
factual,283,57,3,Sichuan Province,0.04116195298525065,88156760.0,88156760.0,1.0
factual,284,57,4,Sichuan Province,0.35570091006369475,88156760.0,88156760.0,1.0
factual,285,57,5,Sichuan Province,-0.5448996987026601,88156760.0,88156760.0,1.0
factual,286,58,1,Sichuan Province,0.7674975736788084,88156760.0,88156760.0,1.0
factual,287,58,2,Sichuan Province,0.9562732937149679,88156760.0,88156760.0,1.0
factual,288,58,3,Sichuan Province,-0.20251126517119314,88156760.0,88156760.0,1.0
factual,289,58,4,Sichuan Province,-0.7278880493159473,88156760.0,88156760.0,1.0
factual,290,58,5,Sichuan Province,0.8598072780615803,88156760.0,88156760.0,1.0
factual,291,59,1,Sichuan Province,-0.09730314497579205,88156760.0,88156760.0,1.0
factual,292,59,2,Sichuan Province,0.33634547560772826,88156760.0,88156760.0,1.0
factual,293,59,3,Sichuan Province,0.6021793187136931,88156760.0,88156760.0,1.0
factual,294,59,4,Sichuan Province,-0.9747502101588426,88156760.0,88156760.0,1.0
factual,295,59,5,Sichuan Province,-0.325077474272281,88156760.0,88156760.0,1.0
factual,296,60,1,Sichuan Province,0.7209028886839884,88156760.0,88156760.0,1.0
factual,297,60,2,Sichuan Province,-0.5345448458459818,88156760.0,88156760.0,1.0
factual,298,60,3,Sichuan Province,0.5647523486386083,88156760.0,88156760.0,1.0
factual,299,60,4,Sichuan Province,0.9230670114128188,88156760.0,88156760.0,1.0
factual,300,60,5,Sichuan Province,-0.009156214392919958,88156760.0,88156760.0,1.0
factual,301,61,1,Sichuan Province,0.8912477894222108,88156760.0,88156760.0,1.0
factual,302,61,2,Sichuan Province,-1.1976252674336036,88156760.0,88156760.0,1.0
factual,303,61,3,Sichuan Province,0.5159759942805718,88156760.0,88156760.0,1.0
factual,304,61,4,Sichuan Province,0.23647694692624843,88156760.0,88156760.0,1.0
factual,305,61,5,Sichuan Province,0.052520560320343454,88156760.0,88156760.0,1.0
factual,306,62,1,Sichuan Province,-0.873673951584562,88156760.0,88156760.0,1.0
factual,307,62,2,Sichuan Province,-0.24131582572137186,88156760.0,88156760.0,1.0
factual,308,62,3,Sichuan Province,0.9234030959870154,88156760.0,88156760.0,1.0
factual,309,62,4,Sichuan Province,0.5229245827507188,88156760.0,88156760.0,1.0
factual,310,62,5,Sichuan Province,0.8419514169285127,88156760.0,88156760.0,1.0
factual,311,63,1,Sichuan Province,0.20469884904037602,88156760.0,88156760.0,1.0
factual,312,63,2,Sichuan Province,0.31164076572290994,88156760.0,88156760.0,1.0
factual,313,63,3,Sichuan Province,0.30868726055425005,88156760.0,88156760.0,1.0
factual,314,63,4,Sichuan Province,-0.04767679583993592,88156760.0,88156760.0,1.0
factual,315,63,5,Sichuan Province,-0.2496084842621631,88156760.0,88156760.0,1.0
factual,316,64,1,Sichuan Province,-0.8643293163741421,88156760.0,88156760.0,1.0
factual,317,64,2,Sichuan Province,0.5681032067884267,88156760.0,88156760.0,1.0
factual,318,64,3,Sichuan Province,0.6599907276960593,88156760.0,88156760.0,1.0
factual,319,64,4,Sichuan Province,-0.5085719833254932,88156760.0,88156760.0,1.0
factual,320,64,5,Sichuan Province,-0.675417333236581,88156760.0,88156760.0,1.0
factual,321,65,1,Sichuan Province,-0.022853151164440786,88156760.0,88156760.0,1.0
factual,322,65,2,Sichuan Province,0.7287816860923154,88156760.0,88156760.0,1.0
factual,323,65,3,Sichuan Province,-0.18258931185690308,88156760.0,88156760.0,1.0
factual,324,65,4,Sichuan Province,0.6675169680047659,88156760.0,88156760.0,1.0
factual,325,65,5,Sichuan Province,0.1910074354649083,88156760.0,88156760.0,1.0
factual,326,66,1,Sichuan Province,0.33884361812420993,88156760.0,88156760.0,1.0
factual,327,66,2,Sichuan Province,0.9011636901009411,88156760.0,88156760.0,1.0
factual,328,66,3,Sichuan Province,-0.3607932746592702,88156760.0,88156760.0,1.0
factual,329,66,4,Sichuan Province,-0.9904615059931261,88156760.0,88156760.0,1.0
factual,330,66,5,Sichuan Province,0.44664344127689054,88156760.0,88156760.0,1.0
factual,331,67,1,Sichuan Province,-0.4623821381137118,88156760.0,88156760.0,1.0
factual,332,67,2,Sichuan Province,0.009085079693434668,88156760.0,88156760.0,1.0
factual,333,67,3,Sichuan Province,1.0101968052974946,88156760.0,88156760.0,1.0
factual,334,67,4,Sichuan Province,0.13598118113525504,88156760.0,88156760.0,1.0
factual,335,67,5,Sichuan Province,0.043750660879808535,88156760.0,88156760.0,1.0
factual,336,68,1,Sichuan Province,-0.0817151364997956,88156760.0,88156760.0,1.0
factual,337,68,2,Sichuan Province,-0.2439527772816577,88156760.0,88156760.0,1.0
factual,338,68,3,Sichuan Province,-0.0794004481444161,88156760.0,88156760.0,1.0
factual,339,68,4,Sichuan Province,0.21527353015537745,88156760.0,88156760.0,1.0
factual,340,68,5,Sichuan Province,-0.45851174193229693,88156760.0,88156760.0,1.0
factual,341,69,1,Sichuan Province,-0.04093397590140667,88156760.0,88156760.0,1.0
factual,342,69,2,Sichuan Province,-0.08028219991615351,88156760.0,88156760.0,1.0
factual,343,69,3,Sichuan Province,0.7767847283504185,88156760.0,88156760.0,1.0
factual,344,69,4,Sichuan Province,0.03468624048055536,88156760.0,88156760.0,1.0
factual,345,69,5,Sichuan Province,0.1699836806635677,88156760.0,88156760.0,1.0
factual,346,70,1,Sichuan Province,0.34191725547741847,88156760.0,88156760.0,1.0
factual,347,70,2,Sichuan Province,-0.503608045171269,88156760.0,88156760.0,1.0
factual,348,70,3,Sichuan Province,-0.23240290884255638,88156760.0,88156760.0,1.0
factual,349,70,4,Sichuan Province,-1.0650881068374627,88156760.0,88156760.0,1.0
factual,350,70,5,Sichuan Province,0.5045609702207687,88156760.0,88156760.0,1.0
factual,351,71,1,Sichuan Province,-0.028690602925466248,88156760.0,88156760.0,1.0
factual,352,71,2,Sichuan Province,0.012309331381097658,88156760.0,88156760.0,1.0
factual,353,71,3,Sichuan Province,0.1503697727759574,88156760.0,88156760.0,1.0
factual,354,71,4,Sichuan Province,0.3082682430584199,88156760.0,88156760.0,1.0
factual,355,71,5,Sichuan Province,0.99068643520619,88156760.0,88156760.0,1.0
factual,356,72,1,Sichuan Province,0.6049684580666149,88156760.0,88156760.0,1.0
factual,357,72,2,Sichuan Province,-0.17575335607446,88156760.0,88156760.0,1.0
factual,358,72,3,Sichuan Province,-0.035094256309060115,88156760.0,88156760.0,1.0
factual,359,72,4,Sichuan Province,-0.7867788665889398,88156760.0,88156760.0,1.0
factual,360,72,5,Sichuan Province,0.037983157921508845,88156760.0,88156760.0,1.0
factual,361,73,1,Sichuan Province,0.4252093708209544,88156760.0,88156760.0,1.0
factual,362,73,2,Sichuan Province,-0.594140627715054,88156760.0,88156760.0,1.0
factual,363,73,3,Sichuan Province,-0.4246907397484968,88156760.0,88156760.0,1.0
factual,364,73,4,Sichuan Province,0.31478697086893154,88156760.0,88156760.0,1.0
factual,365,73,5,Sichuan Province,-0.46899763785171056,88156760.0,88156760.0,1.0
factual,366,74,1,Sichuan Province,-0.22400881407728432,88156760.0,88156760.0,1.0
factual,367,74,2,Sichuan Province,0.20687542167298612,88156760.0,88156760.0,1.0
factual,368,74,3,Sichuan Province,-0.33262613254911894,88156760.0,88156760.0,1.0
factual,369,74,4,Sichuan Province,-1.2632667369494641,88156760.0,88156760.0,1.0
factual,370,74,5,Sichuan Province,-0.9084914169500314,88156760.0,88156760.0,1.0
factual,371,75,1,Sichuan Province,-0.07691917167593022,88156760.0,88156760.0,1.0
factual,372,75,2,Sichuan Province,-0.16993248090626809,88156760.0,88156760.0,1.0
factual,373,75,3,Sichuan Province,-0.3750434115371363,88156760.0,88156760.0,1.0
factual,374,75,4,Sichuan Province,-0.6190750561529055,88156760.0,88156760.0,1.0
factual,375,75,5,Sichuan Province,0.1282707747814381,88156760.0,88156760.0,1.0
factual,376,76,1,Sichuan Province,-0.12547898564118456,88156760.0,88156760.0,1.0
factual,377,76,2,Sichuan Province,-0.22310201600806695,88156760.0,88156760.0,1.0
factual,378,76,3,Sichuan Province,-0.5764631214312325,88156760.0,88156760.0,1.0
factual,379,76,4,Sichuan Province,0.26464827793135737,88156760.0,88156760.0,1.0
factual,380,76,5,Sichuan Province,-0.757395094972112,88156760.0,88156760.0,1.0
factual,381,77,1,Sichuan Province,0.3531725041952991,88156760.0,88156760.0,1.0
factual,382,77,2,Sichuan Province,-0.9123648847174496,88156760.0,88156760.0,1.0
factual,383,77,3,Sichuan Province,0.8354023272588832,88156760.0,88156760.0,1.0
factual,384,77,4,Sichuan Province,-0.7008954021771526,88156760.0,88156760.0,1.0
factual,385,77,5,Sichuan Province,0.02321412402480403,88156760.0,88156760.0,1.0
factual,386,78,1,Sichuan Province,-0.708918302068158,88156760.0,88156760.0,1.0
factual,387,78,2,Sichuan Province,0.13907014961225816,88156760.0,88156760.0,1.0
factual,388,78,3,Sichuan Province,-0.2668198416725115,88156760.0,88156760.0,1.0
factual,389,78,4,Sichuan Province,-0.020538497545667566,88156760.0,88156760.0,1.0
factual,390,78,5,Sichuan Province,-0.32896977984591186,88156760.0,88156760.0,1.0
factual,391,79,1,Sichuan Province,0.31856185448355245,88156760.0,88156760.0,1.0
factual,392,79,2,Sichuan Province,-1.6754783646866525,88156760.0,88156760.0,1.0
factual,393,79,3,Sichuan Province,0.03717235244316316,88156760.0,88156760.0,1.0
factual,394,79,4,Sichuan Province,-0.47992612121646155,88156760.0,88156760.0,1.0
factual,395,79,5,Sichuan Province,-0.6121691849718144,88156760.0,88156760.0,1.0
factual,396,80,1,Sichuan Province,0.7909652988760333,88156760.0,88156760.0,1.0
factual,397,80,2,Sichuan Province,-0.2991956576925256,88156760.0,88156760.0,1.0
factual,398,80,3,Sichuan Province,-0.155212930362969,88156760.0,88156760.0,1.0
factual,399,80,4,Sichuan Province,-1.0460498372499154,88156760.0,88156760.0,1.0
factual,400,80,5,Sichuan Province,-0.709649942230872,88156760.0,88156760.0,1.0
factual,401,81,1,Sichuan Province,-0.9338445782252119,88156760.0,88156760.0,1.0
factual,402,81,2,Sichuan Province,0.8061698745631436,88156760.0,88156760.0,1.0
factual,403,81,3,Sichuan Province,0.2800711812489705,88156760.0,88156760.0,1.0
factual,404,81,4,Sichuan Province,-0.6914151875493018,88156760.0,88156760.0,1.0
factual,405,81,5,Sichuan Province,0.6256655435536251,88156760.0,88156760.0,1.0
factual,406,82,1,Sichuan Province,-0.11373285818791834,88156760.0,88156760.0,1.0
factual,407,82,2,Sichuan Province,-1.3472119778321554,88156760.0,88156760.0,1.0
factual,408,82,3,Sichuan Province,-0.9219820510175861,88156760.0,88156760.0,1.0
factual,409,82,4,Sichuan Province,-0.9115162608433242,88156760.0,88156760.0,1.0
factual,410,82,5,Sichuan Province,-0.4642240443866326,88156760.0,88156760.0,1.0
factual,411,83,1,Sichuan Province,0.11018034978783275,88156760.0,88156760.0,1.0
factual,412,83,2,Sichuan Province,-0.3709005857264242,88156760.0,88156760.0,1.0
factual,413,83,3,Sichuan Province,-1.5278881354027019,88156760.0,88156760.0,1.0
factual,414,83,4,Sichuan Province,0.27032609361727666,88156760.0,88156760.0,1.0
factual,415,83,5,Sichuan Province,-1.0322384502862605,88156760.0,88156760.0,1.0
factual,416,84,1,Sichuan Province,-0.0401639638784127,88156760.0,88156760.0,1.0
factual,417,84,2,Sichuan Province,0.5685748999377682,88156760.0,88156760.0,1.0
factual,418,84,3,Sichuan Province,-0.11706373458246974,88156760.0,88156760.0,1.0
factual,419,84,4,Sichuan Province,-0.131732873748603,88156760.0,88156760.0,1.0
factual,420,84,5,Sichuan Province,0.04622400749468964,88156760.0,88156760.0,1.0
factual,421,85,1,Sichuan Province,0.6394625601228824,88156760.0,88156760.0,1.0
factual,422,85,2,Sichuan Province,0.29995832531331484,88156760.0,88156760.0,1.0
factual,423,85,3,Sichuan Province,-0.5206980688453575,88156760.0,88156760.0,1.0
factual,424,85,4,Sichuan Province,1.0154649584736022,88156760.0,88156760.0,1.0
factual,425,85,5,Sichuan Province,-0.6844748019720825,88156760.0,88156760.0,1.0
factual,426,86,1,Sichuan Province,0.5450718771818334,88156760.0,88156760.0,1.0
factual,427,86,2,Sichuan Province,0.27686674591609334,88156760.0,88156760.0,1.0
factual,428,86,3,Sichuan Province,-0.33132523612998216,88156760.0,88156760.0,1.0
factual,429,86,4,Sichuan Province,-1.2208291219327612,88156760.0,88156760.0,1.0
factual,430,86,5,Sichuan Province,0.8398361364458605,88156760.0,88156760.0,1.0
factual,431,87,1,Sichuan Province,-0.23892098594748448,88156760.0,88156760.0,1.0
factual,432,87,2,Sichuan Province,0.9675907695219169,88156760.0,88156760.0,1.0
factual,433,87,3,Sichuan Province,-1.4282416653808616,88156760.0,88156760.0,1.0
factual,434,87,4,Sichuan Province,-0.2814082695187601,88156760.0,88156760.0,1.0
factual,435,87,5,Sichuan Province,0.052371589449285515,88156760.0,88156760.0,1.0
factual,436,88,1,Sichuan Province,-0.9664290984712165,88156760.0,88156760.0,1.0
factual,437,88,2,Sichuan Province,-0.006610406139711764,88156760.0,88156760.0,1.0
factual,438,88,3,Sichuan Province,-0.08687793466249374,88156760.0,88156760.0,1.0
factual,439,88,4,Sichuan Province,-1.2562018923226344,88156760.0,88156760.0,1.0
factual,440,88,5,Sichuan Province,0.3620055534195783,88156760.0,88156760.0,1.0
factual,441,89,1,Sichuan Province,0.061678265635742045,88156760.0,88156760.0,1.0
factual,442,89,2,Sichuan Province,-0.4404905540951694,88156760.0,88156760.0,1.0
factual,443,89,3,Sichuan Province,-0.2493878544529344,88156760.0,88156760.0,1.0
factual,444,89,4,Sichuan Province,0.6553227870730465,88156760.0,88156760.0,1.0
factual,445,89,5,Sichuan Province,0.6502370253245251,88156760.0,88156760.0,1.0
factual,446,90,1,Sichuan Province,0.48308625889239737,88156760.0,88156760.0,1.0
factual,447,90,2,Sichuan Province,0.4880242894263431,88156760.0,88156760.0,1.0
factual,448,90,3,Sichuan Province,-0.8028147854106336,88156760.0,88156760.0,1.0
factual,449,90,4,Sichuan Province,-0.05276105281493473,88156760.0,88156760.0,1.0
factual,450,90,5,Sichuan Province,-0.9519783703965977,88156760.0,88156760.0,1.0
factual,451,91,1,Sichuan Province,-0.8374411723105301,88156760.0,88156760.0,1.0
factual,452,91,2,Sichuan Province,-0.37947288437433513,88156760.0,88156760.0,1.0
factual,453,91,3,Sichuan Province,0.2053803999172299,88156760.0,88156760.0,1.0
factual,454,91,4,Sichuan Province,-0.7342269226089537,88156760.0,88156760.0,1.0
factual,455,91,5,Sichuan Province,0.7172682142711843,88156760.0,88156760.0,1.0
factual,456,92,1,Sichuan Province,0.2954709634704242,88156760.0,88156760.0,1.0
factual,457,92,2,Sichuan Province,-1.0616152628228734,88156760.0,88156760.0,1.0
factual,458,92,3,Sichuan Province,0.23184960237874633,88156760.0,88156760.0,1.0
factual,459,92,4,Sichuan Province,-0.824405520486705,88156760.0,88156760.0,1.0
factual,460,92,5,Sichuan Province,-0.48580990815660613,88156760.0,88156760.0,1.0
factual,461,93,1,Sichuan Province,-0.9748581166315833,88156760.0,88156760.0,1.0
factual,462,93,2,Sichuan Province,0.027160608625525294,88156760.0,88156760.0,1.0
factual,463,93,3,Sichuan Province,-0.009803195193053383,88156760.0,88156760.0,1.0
factual,464,93,4,Sichuan Province,-0.24777790892085866,88156760.0,88156760.0,1.0
factual,465,93,5,Sichuan Province,0.2667545450676935,88156760.0,88156760.0,1.0
factual,466,94,1,Sichuan Province,0.4785103909709157,88156760.0,88156760.0,1.0
factual,467,94,2,Sichuan Province,0.5109494452789753,88156760.0,88156760.0,1.0
factual,468,94,3,Sichuan Province,0.7822612043877814,88156760.0,88156760.0,1.0
factual,469,94,4,Sichuan Province,0.295186013164173,88156760.0,88156760.0,1.0
factual,470,94,5,Sichuan Province,0.19043775826475534,88156760.0,88156760.0,1.0
factual,471,95,1,Sichuan Province,-0.4543821953542398,88156760.0,88156760.0,1.0
factual,472,95,2,Sichuan Province,-0.8403069457715083,88156760.0,88156760.0,1.0
factual,473,95,3,Sichuan Province,-0.12948237279117808,88156760.0,88156760.0,1.0
factual,474,95,4,Sichuan Province,-0.6287004438312904,88156760.0,88156760.0,1.0
factual,475,95,5,Sichuan Province,-0.5350666640698086,88156760.0,88156760.0,1.0
factual,476,96,1,Sichuan Province,0.20297080150890864,88156760.0,88156760.0,1.0
factual,477,96,2,Sichuan Province,0.5691765920388621,88156760.0,88156760.0,1.0
factual,478,96,3,Sichuan Province,-1.1485228933673126,88156760.0,88156760.0,1.0
factual,479,96,4,Sichuan Province,-0.10329698425586317,88156760.0,88156760.0,1.0
factual,480,96,5,Sichuan Province,0.8708376897698998,88156760.0,88156760.0,1.0
factual,481,97,1,Sichuan Province,-0.23040277514415256,88156760.0,88156760.0,1.0
factual,482,97,2,Sichuan Province,0.07801601129620224,88156760.0,88156760.0,1.0
factual,483,97,3,Sichuan Province,-0.6169342396438714,88156760.0,88156760.0,1.0
factual,484,97,4,Sichuan Province,-0.2343573630932781,88156760.0,88156760.0,1.0
factual,485,97,5,Sichuan Province,0.6433670765364246,88156760.0,88156760.0,1.0
factual,486,98,1,Sichuan Province,-0.7510772700836028,88156760.0,88156760.0,1.0
factual,487,98,2,Sichuan Province,0.9453614299458493,88156760.0,88156760.0,1.0
factual,488,98,3,Sichuan Province,0.7228713475028616,88156760.0,88156760.0,1.0
factual,489,98,4,Sichuan Province,-0.22259934986142285,88156760.0,88156760.0,1.0
factual,490,98,5,Sichuan Province,0.44608244553215387,88156760.0,88156760.0,1.0
factual,491,99,1,Sichuan Province,-1.1101213348666807,88156760.0,88156760.0,1.0
factual,492,99,2,Sichuan Province,-0.07158314558344982,88156760.0,88156760.0,1.0
factual,493,99,3,Sichuan Province,-0.24184465383386614,88156760.0,88156760.0,1.0
factual,494,99,4,Sichuan Province,0.013518330247351277,88156760.0,88156760.0,1.0
factual,495,99,5,Sichuan Province,-0.4511086165878018,88156760.0,88156760.0,1.0
factual,496,100,1,Sichuan Province,0.11576739360153512,88156760.0,88156760.0,1.0
factual,497,100,2,Sichuan Province,-0.06046127574827725,88156760.0,88156760.0,1.0
factual,498,100,3,Sichuan Province,0.5763886161839015,88156760.0,88156760.0,1.0
factual,499,100,4,Sichuan Province,-0.4799211106987404,88156760.0,88156760.0,1.0
factual,500,100,5,Sichuan Province,1.2883438729247925,88156760.0,88156760.0,1.0
factual,501,101,1,Sichuan Province,0.45284697578698146,88156760.0,88156760.0,1.0
factual,502,101,2,Sichuan Province,-0.36085120858175707,88156760.0,88156760.0,1.0
factual,503,101,3,Sichuan Province,0.16760880026322708,88156760.0,88156760.0,1.0
factual,504,101,4,Sichuan Province,0.41406664550208183,88156760.0,88156760.0,1.0
factual,505,101,5,Sichuan Province,0.5116710412035569,88156760.0,88156760.0,1.0
factual,506,102,1,Sichuan Province,0.1531704636723187,88156760.0,88156760.0,1.0
factual,507,102,2,Sichuan Province,0.2927923031465611,88156760.0,88156760.0,1.0
factual,508,102,3,Sichuan Province,0.2543461974431291,88156760.0,88156760.0,1.0
factual,509,102,4,Sichuan Province,-0.33368611425903816,88156760.0,88156760.0,1.0
factual,510,102,5,Sichuan Province,0.17465078062026076,88156760.0,88156760.0,1.0
factual,511,103,1,Sichuan Province,-0.6359771929108254,88156760.0,88156760.0,1.0
factual,512,103,2,Sichuan Province,-0.6470433705693516,88156760.0,88156760.0,1.0
factual,513,103,3,Sichuan Province,0.7286633530182379,88156760.0,88156760.0,1.0
factual,514,103,4,Sichuan Province,0.3266615294319583,88156760.0,88156760.0,1.0
factual,515,103,5,Sichuan Province,-0.7450177960829669,88156760.0,88156760.0,1.0
factual,516,104,1,Sichuan Province,0.14474413344891235,88156760.0,88156760.0,1.0
factual,517,104,2,Sichuan Province,-1.0454657570109254,88156760.0,88156760.0,1.0
factual,518,104,3,Sichuan Province,-0.2580616880872501,88156760.0,88156760.0,1.0
factual,519,104,4,Sichuan Province,-0.8577046064038543,88156760.0,88156760.0,1.0
factual,520,104,5,Sichuan Province,0.3617570366200235,88156760.0,88156760.0,1.0
factual,521,105,1,Sichuan Province,-0.12854955977813143,88156760.0,88156760.0,1.0
factual,522,105,2,Sichuan Province,-0.002811199251235565,88156760.0,88156760.0,1.0
factual,523,105,3,Sichuan Province,-0.8927309678387448,88156760.0,88156760.0,1.0
factual,524,105,4,Sichuan Province,-0.5171320120711166,88156760.0,88156760.0,1.0
factual,525,105,5,Sichuan Province,0.13437857757070779,88156760.0,88156760.0,1.0
factual,1,1,1,Chongqing Municipality,0.1575119887430079,29344289.0,29344289.0,1.0
factual,2,1,2,Chongqing Municipality,-0.18060732820736194,29344289.0,29344289.0,1.0
factual,3,1,3,Chongqing Municipality,-0.1369911921585992,29344289.0,29344289.0,1.0
factual,4,1,4,Chongqing Municipality,0.15338699431608943,29344289.0,29344289.0,1.0
factual,5,1,5,Chongqing Municipality,-0.17383051456076645,29344289.0,29344289.0,1.0
factual,6,2,1,Chongqing Municipality,1.3947339083668322,29344289.0,29344289.0,1.0
factual,7,2,2,Chongqing Municipality,-0.04870552118001892,29344289.0,29344289.0,1.0
factual,8,2,3,Chongqing Municipality,-0.2443134213655461,29344289.0,29344289.0,1.0
factual,9,2,4,Chongqing Municipality,-1.0483533931023676,29344289.0,29344289.0,1.0
factual,10,2,5,Chongqing Municipality,-0.46607747281719447,29344289.0,29344289.0,1.0
factual,11,3,1,Chongqing Municipality,-0.5121285990263171,29344289.0,29344289.0,1.0
factual,12,3,2,Chongqing Municipality,-0.7740194107093479,29344289.0,29344289.0,1.0
factual,13,3,3,Chongqing Municipality,1.0157460238918126,29344289.0,29344289.0,1.0
factual,14,3,4,Chongqing Municipality,-0.7568101057355339,29344289.0,29344289.0,1.0
factual,15,3,5,Chongqing Municipality,0.14114809735645295,29344289.0,29344289.0,1.0
factual,16,4,1,Chongqing Municipality,-0.3024272414832259,29344289.0,29344289.0,1.0
factual,17,4,2,Chongqing Municipality,0.6327387951360479,29344289.0,29344289.0,1.0
factual,18,4,3,Chongqing Municipality,0.057759294394605566,29344289.0,29344289.0,1.0
factual,19,4,4,Chongqing Municipality,-0.051468150233796583,29344289.0,29344289.0,1.0
factual,20,4,5,Chongqing Municipality,-0.6757332692304779,29344289.0,29344289.0,1.0
factual,21,5,1,Chongqing Municipality,-0.7188424827018873,29344289.0,29344289.0,1.0
factual,22,5,2,Chongqing Municipality,0.35897194953522177,29344289.0,29344289.0,1.0
factual,23,5,3,Chongqing Municipality,-0.041977717885564064,29344289.0,29344289.0,1.0
factual,24,5,4,Chongqing Municipality,0.4237168814732865,29344289.0,29344289.0,1.0
factual,25,5,5,Chongqing Municipality,0.2439199221702971,29344289.0,29344289.0,1.0
factual,26,6,1,Chongqing Municipality,-0.5759444338125663,29344289.0,29344289.0,1.0
factual,27,6,2,Chongqing Municipality,-0.42572058869421836,29344289.0,29344289.0,1.0
factual,28,6,3,Chongqing Municipality,-0.10439700220488181,29344289.0,29344289.0,1.0
factual,29,6,4,Chongqing Municipality,-0.04399874442941676,29344289.0,29344289.0,1.0
factual,30,6,5,Chongqing Municipality,-0.10719548852956881,29344289.0,29344289.0,1.0
factual,31,7,1,Chongqing Municipality,-0.9896747631746979,29344289.0,29344289.0,1.0
factual,32,7,2,Chongqing Municipality,0.7179192690120642,29344289.0,29344289.0,1.0
factual,33,7,3,Chongqing Municipality,0.11102753811835601,29344289.0,29344289.0,1.0
factual,34,7,4,Chongqing Municipality,0.6287190340379814,29344289.0,29344289.0,1.0
factual,35,7,5,Chongqing Municipality,-0.3182059050326667,29344289.0,29344289.0,1.0
factual,36,8,1,Chongqing Municipality,1.2837110089908739,29344289.0,29344289.0,1.0
factual,37,8,2,Chongqing Municipality,-0.22881944525361653,29344289.0,29344289.0,1.0
factual,38,8,3,Chongqing Municipality,-1.3085840999994687,29344289.0,29344289.0,1.0
factual,39,8,4,Chongqing Municipality,-0.8200905003336905,29344289.0,29344289.0,1.0
factual,40,8,5,Chongqing Municipality,0.0971112221926984,29344289.0,29344289.0,1.0
factual,41,9,1,Chongqing Municipality,-0.7704697747381665,29344289.0,29344289.0,1.0
factual,42,9,2,Chongqing Municipality,-0.2633404898085374,29344289.0,29344289.0,1.0
factual,43,9,3,Chongqing Municipality,-0.42007044886330575,29344289.0,29344289.0,1.0
factual,44,9,4,Chongqing Municipality,-0.37982545516852,29344289.0,29344289.0,1.0
factual,45,9,5,Chongqing Municipality,0.7288997366723826,29344289.0,29344289.0,1.0
factual,46,10,1,Chongqing Municipality,-0.24811016720978932,29344289.0,29344289.0,1.0
factual,47,10,2,Chongqing Municipality,0.17429965139773465,29344289.0,29344289.0,1.0
factual,48,10,3,Chongqing Municipality,-0.06658413236054896,29344289.0,29344289.0,1.0
factual,49,10,4,Chongqing Municipality,0.07223488484459877,29344289.0,29344289.0,1.0
factual,50,10,5,Chongqing Municipality,0.028531987209562654,29344289.0,29344289.0,1.0
factual,51,11,1,Chongqing Municipality,-0.014735567975676812,29344289.0,29344289.0,1.0
factual,52,11,2,Chongqing Municipality,-0.9593328518482224,29344289.0,29344289.0,1.0
factual,53,11,3,Chongqing Municipality,0.09998380223772428,29344289.0,29344289.0,1.0
factual,54,11,4,Chongqing Municipality,0.2546207113855654,29344289.0,29344289.0,1.0
factual,55,11,5,Chongqing Municipality,-0.2751771891171567,29344289.0,29344289.0,1.0
factual,56,12,1,Chongqing Municipality,-0.8457896676867761,29344289.0,29344289.0,1.0
factual,57,12,2,Chongqing Municipality,1.3363169168695426,29344289.0,29344289.0,1.0
factual,58,12,3,Chongqing Municipality,-1.2136223833128938,29344289.0,29344289.0,1.0
factual,59,12,4,Chongqing Municipality,-0.7680608725965546,29344289.0,29344289.0,1.0
factual,60,12,5,Chongqing Municipality,0.020827479099468388,29344289.0,29344289.0,1.0
factual,61,13,1,Chongqing Municipality,0.6096019411462021,29344289.0,29344289.0,1.0
factual,62,13,2,Chongqing Municipality,-0.6398487342893222,29344289.0,29344289.0,1.0
factual,63,13,3,Chongqing Municipality,-0.18227281229757766,29344289.0,29344289.0,1.0
factual,64,13,4,Chongqing Municipality,-1.043503440539184,29344289.0,29344289.0,1.0
factual,65,13,5,Chongqing Municipality,-0.1842188171150668,29344289.0,29344289.0,1.0
factual,66,14,1,Chongqing Municipality,-0.5942339624476837,29344289.0,29344289.0,1.0
factual,67,14,2,Chongqing Municipality,-1.0077121621587746,29344289.0,29344289.0,1.0
factual,68,14,3,Chongqing Municipality,-0.6872154077388687,29344289.0,29344289.0,1.0
factual,69,14,4,Chongqing Municipality,-0.5906975608485364,29344289.0,29344289.0,1.0
factual,70,14,5,Chongqing Municipality,-0.46250908027228654,29344289.0,29344289.0,1.0
factual,71,15,1,Chongqing Municipality,0.3024484986980997,29344289.0,29344289.0,1.0
factual,72,15,2,Chongqing Municipality,-0.40938459255354587,29344289.0,29344289.0,1.0
factual,73,15,3,Chongqing Municipality,-0.5417724856814007,29344289.0,29344289.0,1.0
factual,74,15,4,Chongqing Municipality,0.40616320624865415,29344289.0,29344289.0,1.0
factual,75,15,5,Chongqing Municipality,-0.38726992817729405,29344289.0,29344289.0,1.0
factual,76,16,1,Chongqing Municipality,0.22897368868961002,29344289.0,29344289.0,1.0
factual,77,16,2,Chongqing Municipality,-0.04205139544688454,29344289.0,29344289.0,1.0
factual,78,16,3,Chongqing Municipality,-0.05908404703250725,29344289.0,29344289.0,1.0
factual,79,16,4,Chongqing Municipality,0.44739690891579664,29344289.0,29344289.0,1.0
factual,80,16,5,Chongqing Municipality,0.5126290573083416,29344289.0,29344289.0,1.0
factual,81,17,1,Chongqing Municipality,-0.12209292884353329,29344289.0,29344289.0,1.0
factual,82,17,2,Chongqing Municipality,-0.405093240858993,29344289.0,29344289.0,1.0
factual,83,17,3,Chongqing Municipality,-0.4553390237245584,29344289.0,29344289.0,1.0
factual,84,17,4,Chongqing Municipality,0.2646737880137238,29344289.0,29344289.0,1.0
factual,85,17,5,Chongqing Municipality,-0.014578274723074512,29344289.0,29344289.0,1.0
factual,86,18,1,Chongqing Municipality,0.3051447361494492,29344289.0,29344289.0,1.0
factual,87,18,2,Chongqing Municipality,-0.02179729984394288,29344289.0,29344289.0,1.0
factual,88,18,3,Chongqing Municipality,0.6798266923813497,29344289.0,29344289.0,1.0
factual,89,18,4,Chongqing Municipality,-1.4129894509090406,29344289.0,29344289.0,1.0
factual,90,18,5,Chongqing Municipality,-0.4652868624607268,29344289.0,29344289.0,1.0
factual,91,19,1,Chongqing Municipality,0.38557060621025074,29344289.0,29344289.0,1.0
factual,92,19,2,Chongqing Municipality,0.12820757811601952,29344289.0,29344289.0,1.0
factual,93,19,3,Chongqing Municipality,0.6723525993206988,29344289.0,29344289.0,1.0
factual,94,19,4,Chongqing Municipality,-0.4915399505387675,29344289.0,29344289.0,1.0
factual,95,19,5,Chongqing Municipality,-0.3840708648615733,29344289.0,29344289.0,1.0
factual,96,20,1,Chongqing Municipality,-0.4256506630549263,29344289.0,29344289.0,1.0
factual,97,20,2,Chongqing Municipality,-0.3984158944264703,29344289.0,29344289.0,1.0
factual,98,20,3,Chongqing Municipality,0.09565244167205991,29344289.0,29344289.0,1.0
factual,99,20,4,Chongqing Municipality,0.23323103811011967,29344289.0,29344289.0,1.0
factual,100,20,5,Chongqing Municipality,-0.03255479686018962,29344289.0,29344289.0,1.0
factual,101,21,1,Chongqing Municipality,0.3324786217579934,29344289.0,29344289.0,1.0
factual,102,21,2,Chongqing Municipality,0.28486847207445337,29344289.0,29344289.0,1.0
factual,103,21,3,Chongqing Municipality,0.2581007276381009,29344289.0,29344289.0,1.0
factual,104,21,4,Chongqing Municipality,-0.575959659748205,29344289.0,29344289.0,1.0
factual,105,21,5,Chongqing Municipality,0.6351958289700176,29344289.0,29344289.0,1.0
factual,106,22,1,Chongqing Municipality,0.6020099030794447,29344289.0,29344289.0,1.0
factual,107,22,2,Chongqing Municipality,0.18114862580656638,29344289.0,29344289.0,1.0
factual,108,22,3,Chongqing Municipality,0.8096115680130758,29344289.0,29344289.0,1.0
factual,109,22,4,Chongqing Municipality,-0.6990796059016582,29344289.0,29344289.0,1.0
factual,110,22,5,Chongqing Municipality,1.2820137754255978,29344289.0,29344289.0,1.0
factual,111,23,1,Chongqing Municipality,-0.6941956357220086,29344289.0,29344289.0,1.0
factual,112,23,2,Chongqing Municipality,0.7783923493920236,29344289.0,29344289.0,1.0
factual,113,23,3,Chongqing Municipality,-0.6030795120055807,29344289.0,29344289.0,1.0
factual,114,23,4,Chongqing Municipality,-0.7251644956117417,29344289.0,29344289.0,1.0
factual,115,23,5,Chongqing Municipality,-0.06928832193775061,29344289.0,29344289.0,1.0
factual,116,24,1,Chongqing Municipality,-1.0191563595668751,29344289.0,29344289.0,1.0
factual,117,24,2,Chongqing Municipality,-0.805385471737537,29344289.0,29344289.0,1.0
factual,118,24,3,Chongqing Municipality,-0.44563755572260305,29344289.0,29344289.0,1.0
factual,119,24,4,Chongqing Municipality,-0.596448361856769,29344289.0,29344289.0,1.0
factual,120,24,5,Chongqing Municipality,0.24681421059797606,29344289.0,29344289.0,1.0
factual,121,25,1,Chongqing Municipality,0.2504389686427787,29344289.0,29344289.0,1.0
factual,122,25,2,Chongqing Municipality,-0.8591066783013975,29344289.0,29344289.0,1.0
factual,123,25,3,Chongqing Municipality,-1.141138773698522,29344289.0,29344289.0,1.0
factual,124,25,4,Chongqing Municipality,-0.6969645547199196,29344289.0,29344289.0,1.0
factual,125,25,5,Chongqing Municipality,-0.3307289525808479,29344289.0,29344289.0,1.0
factual,126,26,1,Chongqing Municipality,0.07507269419730887,29344289.0,29344289.0,1.0
factual,127,26,2,Chongqing Municipality,-0.6406591887169965,29344289.0,29344289.0,1.0
factual,128,26,3,Chongqing Municipality,-0.2062779117511752,29344289.0,29344289.0,1.0
factual,129,26,4,Chongqing Municipality,-0.6033156161225859,29344289.0,29344289.0,1.0
factual,130,26,5,Chongqing Municipality,-0.3955791261897058,29344289.0,29344289.0,1.0
factual,131,27,1,Chongqing Municipality,0.008653999581862023,29344289.0,29344289.0,1.0
factual,132,27,2,Chongqing Municipality,0.592995210837872,29344289.0,29344289.0,1.0
factual,133,27,3,Chongqing Municipality,-0.2833047612127282,29344289.0,29344289.0,1.0
factual,134,27,4,Chongqing Municipality,-0.014058743305766952,29344289.0,29344289.0,1.0
factual,135,27,5,Chongqing Municipality,-1.1010560817880228,29344289.0,29344289.0,1.0
factual,136,28,1,Chongqing Municipality,0.5100815844628706,29344289.0,29344289.0,1.0
factual,137,28,2,Chongqing Municipality,-0.1877888178654709,29344289.0,29344289.0,1.0
factual,138,28,3,Chongqing Municipality,-0.20179290108427406,29344289.0,29344289.0,1.0
factual,139,28,4,Chongqing Municipality,0.7789187883220062,29344289.0,29344289.0,1.0
factual,140,28,5,Chongqing Municipality,0.267659805290884,29344289.0,29344289.0,1.0
factual,141,29,1,Chongqing Municipality,0.20768094524609892,29344289.0,29344289.0,1.0
factual,142,29,2,Chongqing Municipality,-0.800202203027029,29344289.0,29344289.0,1.0
factual,143,29,3,Chongqing Municipality,-0.21803976340177794,29344289.0,29344289.0,1.0
factual,144,29,4,Chongqing Municipality,0.2606678284099784,29344289.0,29344289.0,1.0
factual,145,29,5,Chongqing Municipality,0.23940995819545094,29344289.0,29344289.0,1.0
factual,146,30,1,Chongqing Municipality,1.4874572466047855,29344289.0,29344289.0,1.0
factual,147,30,2,Chongqing Municipality,0.35574738637122877,29344289.0,29344289.0,1.0
factual,148,30,3,Chongqing Municipality,-1.038829417087304,29344289.0,29344289.0,1.0
factual,149,30,4,Chongqing Municipality,0.384082529820911,29344289.0,29344289.0,1.0
factual,150,30,5,Chongqing Municipality,0.5036390696823874,29344289.0,29344289.0,1.0
factual,151,31,1,Chongqing Municipality,-0.5431545132719383,29344289.0,29344289.0,1.0
factual,152,31,2,Chongqing Municipality,-0.30762116599739947,29344289.0,29344289.0,1.0
factual,153,31,3,Chongqing Municipality,-0.16025274562285272,29344289.0,29344289.0,1.0
factual,154,31,4,Chongqing Municipality,-0.7854019621356404,29344289.0,29344289.0,1.0
factual,155,31,5,Chongqing Municipality,1.9969358076431314,29344289.0,29344289.0,1.0
factual,156,32,1,Chongqing Municipality,-0.30573860459214947,29344289.0,29344289.0,1.0
factual,157,32,2,Chongqing Municipality,0.2606686368124332,29344289.0,29344289.0,1.0
factual,158,32,3,Chongqing Municipality,0.3799382658114062,29344289.0,29344289.0,1.0
factual,159,32,4,Chongqing Municipality,0.2974508225327,29344289.0,29344289.0,1.0
factual,160,32,5,Chongqing Municipality,-0.2019162093106326,29344289.0,29344289.0,1.0
factual,161,33,1,Chongqing Municipality,-0.09030781209533463,29344289.0,29344289.0,1.0
factual,162,33,2,Chongqing Municipality,0.27498400390993294,29344289.0,29344289.0,1.0
factual,163,33,3,Chongqing Municipality,-0.7444456694187921,29344289.0,29344289.0,1.0
factual,164,33,4,Chongqing Municipality,0.15994660751024806,29344289.0,29344289.0,1.0
factual,165,33,5,Chongqing Municipality,-0.3583971528477459,29344289.0,29344289.0,1.0
factual,166,34,1,Chongqing Municipality,-0.6208277805304802,29344289.0,29344289.0,1.0
factual,167,34,2,Chongqing Municipality,-0.0805864789963152,29344289.0,29344289.0,1.0
factual,168,34,3,Chongqing Municipality,0.2771713219179029,29344289.0,29344289.0,1.0
factual,169,34,4,Chongqing Municipality,-0.07971698022395281,29344289.0,29344289.0,1.0
factual,170,34,5,Chongqing Municipality,0.8574223829898997,29344289.0,29344289.0,1.0
factual,171,35,1,Chongqing Municipality,0.5968621338463099,29344289.0,29344289.0,1.0
factual,172,35,2,Chongqing Municipality,-0.7684697368773437,29344289.0,29344289.0,1.0
factual,173,35,3,Chongqing Municipality,0.20611248303763136,29344289.0,29344289.0,1.0
factual,174,35,4,Chongqing Municipality,-0.8746112922005956,29344289.0,29344289.0,1.0
factual,175,35,5,Chongqing Municipality,-0.2802700757397039,29344289.0,29344289.0,1.0
factual,176,36,1,Chongqing Municipality,-0.7459143113943129,29344289.0,29344289.0,1.0
factual,177,36,2,Chongqing Municipality,1.1855665115764673,29344289.0,29344289.0,1.0
factual,178,36,3,Chongqing Municipality,0.38838549539173073,29344289.0,29344289.0,1.0
factual,179,36,4,Chongqing Municipality,-0.2961544340632837,29344289.0,29344289.0,1.0
factual,180,36,5,Chongqing Municipality,0.394370671324671,29344289.0,29344289.0,1.0
factual,181,37,1,Chongqing Municipality,-0.2298773030743173,29344289.0,29344289.0,1.0
factual,182,37,2,Chongqing Municipality,0.9423201943652787,29344289.0,29344289.0,1.0
factual,183,37,3,Chongqing Municipality,-0.0957812318288637,29344289.0,29344289.0,1.0
factual,184,37,4,Chongqing Municipality,0.6923567590941478,29344289.0,29344289.0,1.0
factual,185,37,5,Chongqing Municipality,-1.1638298695457014,29344289.0,29344289.0,1.0
factual,186,38,1,Chongqing Municipality,0.10916105703249528,29344289.0,29344289.0,1.0
factual,187,38,2,Chongqing Municipality,-0.3208299104407384,29344289.0,29344289.0,1.0
factual,188,38,3,Chongqing Municipality,-0.050296304537176435,29344289.0,29344289.0,1.0
factual,189,38,4,Chongqing Municipality,-0.9443613441554775,29344289.0,29344289.0,1.0
factual,190,38,5,Chongqing Municipality,-0.4922196700837323,29344289.0,29344289.0,1.0
factual,191,39,1,Chongqing Municipality,0.18384763029306297,29344289.0,29344289.0,1.0
factual,192,39,2,Chongqing Municipality,-0.14665124180308364,29344289.0,29344289.0,1.0
factual,193,39,3,Chongqing Municipality,-0.12937436311382328,29344289.0,29344289.0,1.0
factual,194,39,4,Chongqing Municipality,0.20516015733988088,29344289.0,29344289.0,1.0
factual,195,39,5,Chongqing Municipality,-0.8105042037109454,29344289.0,29344289.0,1.0
factual,196,40,1,Chongqing Municipality,0.5219012607524202,29344289.0,29344289.0,1.0
factual,197,40,2,Chongqing Municipality,0.3815577219679113,29344289.0,29344289.0,1.0
factual,198,40,3,Chongqing Municipality,-0.3177789704038258,29344289.0,29344289.0,1.0
factual,199,40,4,Chongqing Municipality,-0.3317808543873017,29344289.0,29344289.0,1.0
factual,200,40,5,Chongqing Municipality,-1.0599222144333944,29344289.0,29344289.0,1.0
factual,201,41,1,Chongqing Municipality,-0.3648787052121288,29344289.0,29344289.0,1.0
factual,202,41,2,Chongqing Municipality,-0.9008051941466936,29344289.0,29344289.0,1.0
factual,203,41,3,Chongqing Municipality,-1.1093655585943845,29344289.0,29344289.0,1.0
factual,204,41,4,Chongqing Municipality,-0.9894596678433479,29344289.0,29344289.0,1.0
factual,205,41,5,Chongqing Municipality,0.546083783660531,29344289.0,29344289.0,1.0
factual,206,42,1,Chongqing Municipality,-0.3466655477885481,29344289.0,29344289.0,1.0
factual,207,42,2,Chongqing Municipality,-0.1309091168510789,29344289.0,29344289.0,1.0
factual,208,42,3,Chongqing Municipality,-0.8523715574892751,29344289.0,29344289.0,1.0
factual,209,42,4,Chongqing Municipality,0.23167149455694208,29344289.0,29344289.0,1.0
factual,210,42,5,Chongqing Municipality,0.676745963149657,29344289.0,29344289.0,1.0
factual,211,43,1,Chongqing Municipality,0.16332727102858585,29344289.0,29344289.0,1.0
factual,212,43,2,Chongqing Municipality,-0.12341038306749805,29344289.0,29344289.0,1.0
factual,213,43,3,Chongqing Municipality,0.5476684051865246,29344289.0,29344289.0,1.0
factual,214,43,4,Chongqing Municipality,0.20513909925026125,29344289.0,29344289.0,1.0
factual,215,43,5,Chongqing Municipality,0.008949892510780042,29344289.0,29344289.0,1.0
factual,216,44,1,Chongqing Municipality,0.320388433418567,29344289.0,29344289.0,1.0
factual,217,44,2,Chongqing Municipality,0.053805613629641966,29344289.0,29344289.0,1.0
factual,218,44,3,Chongqing Municipality,0.15189735922308625,29344289.0,29344289.0,1.0
factual,219,44,4,Chongqing Municipality,-0.1463643856662506,29344289.0,29344289.0,1.0
factual,220,44,5,Chongqing Municipality,0.34024231996949794,29344289.0,29344289.0,1.0
factual,221,45,1,Chongqing Municipality,0.4276855083217176,29344289.0,29344289.0,1.0
factual,222,45,2,Chongqing Municipality,-0.560864538980297,29344289.0,29344289.0,1.0
factual,223,45,3,Chongqing Municipality,0.26087090847425465,29344289.0,29344289.0,1.0
factual,224,45,4,Chongqing Municipality,0.12198245022187162,29344289.0,29344289.0,1.0
factual,225,45,5,Chongqing Municipality,0.06718408105382989,29344289.0,29344289.0,1.0
factual,226,46,1,Chongqing Municipality,-0.39848329016288875,29344289.0,29344289.0,1.0
factual,227,46,2,Chongqing Municipality,0.3138626659144607,29344289.0,29344289.0,1.0
factual,228,46,3,Chongqing Municipality,0.13162091345457605,29344289.0,29344289.0,1.0
factual,229,46,4,Chongqing Municipality,0.4561931218847048,29344289.0,29344289.0,1.0
factual,230,46,5,Chongqing Municipality,-0.4978397299999753,29344289.0,29344289.0,1.0
factual,231,47,1,Chongqing Municipality,-0.17371886495506314,29344289.0,29344289.0,1.0
factual,232,47,2,Chongqing Municipality,-1.4141507320726332,29344289.0,29344289.0,1.0
factual,233,47,3,Chongqing Municipality,-0.6181048924254853,29344289.0,29344289.0,1.0
factual,234,47,4,Chongqing Municipality,0.12007080302246025,29344289.0,29344289.0,1.0
factual,235,47,5,Chongqing Municipality,-0.984871005144934,29344289.0,29344289.0,1.0
factual,236,48,1,Chongqing Municipality,0.2871514775425157,29344289.0,29344289.0,1.0
factual,237,48,2,Chongqing Municipality,-0.9506473183977315,29344289.0,29344289.0,1.0
factual,238,48,3,Chongqing Municipality,-0.1296483053224869,29344289.0,29344289.0,1.0
factual,239,48,4,Chongqing Municipality,0.3078651677972375,29344289.0,29344289.0,1.0
factual,240,48,5,Chongqing Municipality,-0.0468140674266348,29344289.0,29344289.0,1.0
factual,241,49,1,Chongqing Municipality,0.3573860985813936,29344289.0,29344289.0,1.0
factual,242,49,2,Chongqing Municipality,-0.2992269952800354,29344289.0,29344289.0,1.0
factual,243,49,3,Chongqing Municipality,0.035827851413788775,29344289.0,29344289.0,1.0
factual,244,49,4,Chongqing Municipality,-0.770135967090291,29344289.0,29344289.0,1.0
factual,245,49,5,Chongqing Municipality,0.2537789130828995,29344289.0,29344289.0,1.0
factual,246,50,1,Chongqing Municipality,-0.4893651038004218,29344289.0,29344289.0,1.0
factual,247,50,2,Chongqing Municipality,0.7843862726787276,29344289.0,29344289.0,1.0
factual,248,50,3,Chongqing Municipality,-0.023121036744116762,29344289.0,29344289.0,1.0
factual,249,50,4,Chongqing Municipality,-0.24416433477838267,29344289.0,29344289.0,1.0
factual,250,50,5,Chongqing Municipality,0.2170903128596339,29344289.0,29344289.0,1.0
factual,251,51,1,Chongqing Municipality,0.4874407975974361,29344289.0,29344289.0,1.0
factual,252,51,2,Chongqing Municipality,0.5292018367266037,29344289.0,29344289.0,1.0
factual,253,51,3,Chongqing Municipality,0.2550189705087638,29344289.0,29344289.0,1.0
factual,254,51,4,Chongqing Municipality,0.1747878227998832,29344289.0,29344289.0,1.0
factual,255,51,5,Chongqing Municipality,0.3998926617997779,29344289.0,29344289.0,1.0
factual,256,52,1,Chongqing Municipality,-0.39684051256525443,29344289.0,29344289.0,1.0
factual,257,52,2,Chongqing Municipality,0.031005556230156918,29344289.0,29344289.0,1.0
factual,258,52,3,Chongqing Municipality,0.6067422629336291,29344289.0,29344289.0,1.0
factual,259,52,4,Chongqing Municipality,-0.46758522121608054,29344289.0,29344289.0,1.0
factual,260,52,5,Chongqing Municipality,0.37836282411030003,29344289.0,29344289.0,1.0
factual,261,53,1,Chongqing Municipality,0.06599483315894483,29344289.0,29344289.0,1.0
factual,262,53,2,Chongqing Municipality,-0.2504711674832937,29344289.0,29344289.0,1.0
factual,263,53,3,Chongqing Municipality,0.23204670535269753,29344289.0,29344289.0,1.0
factual,264,53,4,Chongqing Municipality,-0.26996007984013315,29344289.0,29344289.0,1.0
factual,265,53,5,Chongqing Municipality,-0.0938745530009246,29344289.0,29344289.0,1.0
factual,266,54,1,Chongqing Municipality,-1.3292490956775116,29344289.0,29344289.0,1.0
factual,267,54,2,Chongqing Municipality,-0.601499507995873,29344289.0,29344289.0,1.0
factual,268,54,3,Chongqing Municipality,-0.6853230048310099,29344289.0,29344289.0,1.0
factual,269,54,4,Chongqing Municipality,-0.6369325719387214,29344289.0,29344289.0,1.0
factual,270,54,5,Chongqing Municipality,-0.30484377736137586,29344289.0,29344289.0,1.0
factual,271,55,1,Chongqing Municipality,-0.26199415735670717,29344289.0,29344289.0,1.0
factual,272,55,2,Chongqing Municipality,-0.1077439055666174,29344289.0,29344289.0,1.0
factual,273,55,3,Chongqing Municipality,0.2260958224168769,29344289.0,29344289.0,1.0
factual,274,55,4,Chongqing Municipality,0.6746037322558234,29344289.0,29344289.0,1.0
factual,275,55,5,Chongqing Municipality,-0.16596699539657173,29344289.0,29344289.0,1.0
factual,276,56,1,Chongqing Municipality,0.7913314148195226,29344289.0,29344289.0,1.0
factual,277,56,2,Chongqing Municipality,0.17700361099231454,29344289.0,29344289.0,1.0
factual,278,56,3,Chongqing Municipality,0.006047395709714231,29344289.0,29344289.0,1.0
factual,279,56,4,Chongqing Municipality,-0.6846644574119888,29344289.0,29344289.0,1.0
factual,280,56,5,Chongqing Municipality,-1.0646434052910478,29344289.0,29344289.0,1.0
factual,281,57,1,Chongqing Municipality,-0.6060725899426453,29344289.0,29344289.0,1.0
factual,282,57,2,Chongqing Municipality,0.7798136988664224,29344289.0,29344289.0,1.0
factual,283,57,3,Chongqing Municipality,-0.21182682108663342,29344289.0,29344289.0,1.0
factual,284,57,4,Chongqing Municipality,0.828205816735695,29344289.0,29344289.0,1.0
factual,285,57,5,Chongqing Municipality,-0.07357418572783948,29344289.0,29344289.0,1.0
factual,286,58,1,Chongqing Municipality,0.946551240588494,29344289.0,29344289.0,1.0
factual,287,58,2,Chongqing Municipality,0.5467108925622218,29344289.0,29344289.0,1.0
factual,288,58,3,Chongqing Municipality,-0.32170212515058244,29344289.0,29344289.0,1.0
factual,289,58,4,Chongqing Municipality,-1.2964551491627263,29344289.0,29344289.0,1.0
factual,290,58,5,Chongqing Municipality,0.7302457122019613,29344289.0,29344289.0,1.0
factual,291,59,1,Chongqing Municipality,0.38354464331939986,29344289.0,29344289.0,1.0
factual,292,59,2,Chongqing Municipality,1.07221268438371,29344289.0,29344289.0,1.0
factual,293,59,3,Chongqing Municipality,0.3385170172955979,29344289.0,29344289.0,1.0
factual,294,59,4,Chongqing Municipality,-0.4510309893318639,29344289.0,29344289.0,1.0
factual,295,59,5,Chongqing Municipality,0.18207684402855806,29344289.0,29344289.0,1.0
factual,296,60,1,Chongqing Municipality,-0.08562962527318486,29344289.0,29344289.0,1.0
factual,297,60,2,Chongqing Municipality,-0.09067750651880414,29344289.0,29344289.0,1.0
factual,298,60,3,Chongqing Municipality,0.4460046822588892,29344289.0,29344289.0,1.0
factual,299,60,4,Chongqing Municipality,0.6890178881214283,29344289.0,29344289.0,1.0
factual,300,60,5,Chongqing Municipality,0.07228455280191128,29344289.0,29344289.0,1.0
factual,301,61,1,Chongqing Municipality,0.4717927097024038,29344289.0,29344289.0,1.0
factual,302,61,2,Chongqing Municipality,-0.7470265169195434,29344289.0,29344289.0,1.0
factual,303,61,3,Chongqing Municipality,-0.00621399239165632,29344289.0,29344289.0,1.0
factual,304,61,4,Chongqing Municipality,0.7325542040176143,29344289.0,29344289.0,1.0
factual,305,61,5,Chongqing Municipality,0.6418448776460663,29344289.0,29344289.0,1.0
factual,306,62,1,Chongqing Municipality,-0.9134009781623385,29344289.0,29344289.0,1.0
factual,307,62,2,Chongqing Municipality,-0.15801009677856773,29344289.0,29344289.0,1.0
factual,308,62,3,Chongqing Municipality,0.5040227264602842,29344289.0,29344289.0,1.0
factual,309,62,4,Chongqing Municipality,0.8874556671183285,29344289.0,29344289.0,1.0
factual,310,62,5,Chongqing Municipality,0.8246711898469883,29344289.0,29344289.0,1.0
factual,311,63,1,Chongqing Municipality,-0.4659973678117373,29344289.0,29344289.0,1.0
factual,312,63,2,Chongqing Municipality,-0.021644036618698702,29344289.0,29344289.0,1.0
factual,313,63,3,Chongqing Municipality,0.3541787069190516,29344289.0,29344289.0,1.0
factual,314,63,4,Chongqing Municipality,-0.16018957115862117,29344289.0,29344289.0,1.0
factual,315,63,5,Chongqing Municipality,0.2582790332393865,29344289.0,29344289.0,1.0
factual,316,64,1,Chongqing Municipality,-0.7778778990864436,29344289.0,29344289.0,1.0
factual,317,64,2,Chongqing Municipality,0.03570831324023018,29344289.0,29344289.0,1.0
factual,318,64,3,Chongqing Municipality,0.7647335140473548,29344289.0,29344289.0,1.0
factual,319,64,4,Chongqing Municipality,-0.32106845429854436,29344289.0,29344289.0,1.0
factual,320,64,5,Chongqing Municipality,-0.4355636682303596,29344289.0,29344289.0,1.0
factual,321,65,1,Chongqing Municipality,-0.7190289752885972,29344289.0,29344289.0,1.0
factual,322,65,2,Chongqing Municipality,-0.22317157386124217,29344289.0,29344289.0,1.0
factual,323,65,3,Chongqing Municipality,-0.4710588647130255,29344289.0,29344289.0,1.0
factual,324,65,4,Chongqing Municipality,-0.11381004181448041,29344289.0,29344289.0,1.0
factual,325,65,5,Chongqing Municipality,0.28101698889610655,29344289.0,29344289.0,1.0
factual,326,66,1,Chongqing Municipality,-0.3626444046914322,29344289.0,29344289.0,1.0
factual,327,66,2,Chongqing Municipality,0.22880504052986136,29344289.0,29344289.0,1.0
factual,328,66,3,Chongqing Municipality,-0.8823677253228783,29344289.0,29344289.0,1.0
factual,329,66,4,Chongqing Municipality,-0.35833486084943184,29344289.0,29344289.0,1.0
factual,330,66,5,Chongqing Municipality,-0.05823700067661829,29344289.0,29344289.0,1.0
factual,331,67,1,Chongqing Municipality,0.3386287837829822,29344289.0,29344289.0,1.0
factual,332,67,2,Chongqing Municipality,-0.8182513005012334,29344289.0,29344289.0,1.0
factual,333,67,3,Chongqing Municipality,0.26411778417972637,29344289.0,29344289.0,1.0
factual,334,67,4,Chongqing Municipality,-0.1568358737554383,29344289.0,29344289.0,1.0
factual,335,67,5,Chongqing Municipality,0.8223810679280187,29344289.0,29344289.0,1.0
factual,336,68,1,Chongqing Municipality,0.3300093094168307,29344289.0,29344289.0,1.0
factual,337,68,2,Chongqing Municipality,-0.41491749512236864,29344289.0,29344289.0,1.0
factual,338,68,3,Chongqing Municipality,0.6269253391833454,29344289.0,29344289.0,1.0
factual,339,68,4,Chongqing Municipality,0.4343365117074942,29344289.0,29344289.0,1.0
factual,340,68,5,Chongqing Municipality,-0.8039909899800959,29344289.0,29344289.0,1.0
factual,341,69,1,Chongqing Municipality,0.6751074101392495,29344289.0,29344289.0,1.0
factual,342,69,2,Chongqing Municipality,-0.10145393085377784,29344289.0,29344289.0,1.0
factual,343,69,3,Chongqing Municipality,0.25194915365614595,29344289.0,29344289.0,1.0
factual,344,69,4,Chongqing Municipality,0.3568246655831012,29344289.0,29344289.0,1.0
factual,345,69,5,Chongqing Municipality,-0.012872767693053866,29344289.0,29344289.0,1.0
factual,346,70,1,Chongqing Municipality,1.5229137637844459,29344289.0,29344289.0,1.0
factual,347,70,2,Chongqing Municipality,-0.7781423943243143,29344289.0,29344289.0,1.0
factual,348,70,3,Chongqing Municipality,0.03902384778260363,29344289.0,29344289.0,1.0
factual,349,70,4,Chongqing Municipality,-0.9409148952102988,29344289.0,29344289.0,1.0
factual,350,70,5,Chongqing Municipality,0.9471204164182839,29344289.0,29344289.0,1.0
factual,351,71,1,Chongqing Municipality,-0.02388247395223789,29344289.0,29344289.0,1.0
factual,352,71,2,Chongqing Municipality,-0.24615184015147795,29344289.0,29344289.0,1.0
factual,353,71,3,Chongqing Municipality,-0.3927474889411726,29344289.0,29344289.0,1.0
factual,354,71,4,Chongqing Municipality,0.04084946752420612,29344289.0,29344289.0,1.0
factual,355,71,5,Chongqing Municipality,0.6428390715696704,29344289.0,29344289.0,1.0
factual,356,72,1,Chongqing Municipality,-0.15807852197308872,29344289.0,29344289.0,1.0
factual,357,72,2,Chongqing Municipality,-0.110304169841677,29344289.0,29344289.0,1.0
factual,358,72,3,Chongqing Municipality,0.19210595084887536,29344289.0,29344289.0,1.0
factual,359,72,4,Chongqing Municipality,-0.8194883329771271,29344289.0,29344289.0,1.0
factual,360,72,5,Chongqing Municipality,-0.5883856111640425,29344289.0,29344289.0,1.0
factual,361,73,1,Chongqing Municipality,-0.47213092679627316,29344289.0,29344289.0,1.0
factual,362,73,2,Chongqing Municipality,-0.7207470648218494,29344289.0,29344289.0,1.0
factual,363,73,3,Chongqing Municipality,-0.03916769184989702,29344289.0,29344289.0,1.0
factual,364,73,4,Chongqing Municipality,-0.1206624520833742,29344289.0,29344289.0,1.0
factual,365,73,5,Chongqing Municipality,-0.2781865743168541,29344289.0,29344289.0,1.0
factual,366,74,1,Chongqing Municipality,0.04850142313442081,29344289.0,29344289.0,1.0
factual,367,74,2,Chongqing Municipality,-0.37076964300884824,29344289.0,29344289.0,1.0
factual,368,74,3,Chongqing Municipality,-0.09963766905127985,29344289.0,29344289.0,1.0
factual,369,74,4,Chongqing Municipality,-1.3766538947393272,29344289.0,29344289.0,1.0
factual,370,74,5,Chongqing Municipality,-0.9259189863935608,29344289.0,29344289.0,1.0
factual,371,75,1,Chongqing Municipality,-0.41831840456330843,29344289.0,29344289.0,1.0
factual,372,75,2,Chongqing Municipality,-0.6979236287101643,29344289.0,29344289.0,1.0
factual,373,75,3,Chongqing Municipality,-0.6426191353878581,29344289.0,29344289.0,1.0
factual,374,75,4,Chongqing Municipality,-0.3850921926791364,29344289.0,29344289.0,1.0
factual,375,75,5,Chongqing Municipality,-0.2698384720661314,29344289.0,29344289.0,1.0
factual,376,76,1,Chongqing Municipality,-0.2674926905588336,29344289.0,29344289.0,1.0
factual,377,76,2,Chongqing Municipality,0.2651073595295062,29344289.0,29344289.0,1.0
factual,378,76,3,Chongqing Municipality,-0.8250261129306664,29344289.0,29344289.0,1.0
factual,379,76,4,Chongqing Municipality,-0.23672551633271516,29344289.0,29344289.0,1.0
factual,380,76,5,Chongqing Municipality,-0.6023416698070818,29344289.0,29344289.0,1.0
factual,381,77,1,Chongqing Municipality,0.07981220759556225,29344289.0,29344289.0,1.0
factual,382,77,2,Chongqing Municipality,-0.8270172610647241,29344289.0,29344289.0,1.0
factual,383,77,3,Chongqing Municipality,0.28147542429006595,29344289.0,29344289.0,1.0
factual,384,77,4,Chongqing Municipality,-0.26899174530218606,29344289.0,29344289.0,1.0
factual,385,77,5,Chongqing Municipality,-0.2010844395045614,29344289.0,29344289.0,1.0
factual,386,78,1,Chongqing Municipality,-0.29020817758098466,29344289.0,29344289.0,1.0
factual,387,78,2,Chongqing Municipality,0.19014144298349211,29344289.0,29344289.0,1.0
factual,388,78,3,Chongqing Municipality,-0.2941456453470373,29344289.0,29344289.0,1.0
factual,389,78,4,Chongqing Municipality,-0.1812528760908631,29344289.0,29344289.0,1.0
factual,390,78,5,Chongqing Municipality,-0.2562907584607592,29344289.0,29344289.0,1.0
factual,391,79,1,Chongqing Municipality,1.144887001952906,29344289.0,29344289.0,1.0
factual,392,79,2,Chongqing Municipality,-1.6029781427510583,29344289.0,29344289.0,1.0
factual,393,79,3,Chongqing Municipality,0.02672589335877543,29344289.0,29344289.0,1.0
factual,394,79,4,Chongqing Municipality,0.4224462151467286,29344289.0,29344289.0,1.0
factual,395,79,5,Chongqing Municipality,0.012619479159583117,29344289.0,29344289.0,1.0
factual,396,80,1,Chongqing Municipality,-0.06450272335604411,29344289.0,29344289.0,1.0
factual,397,80,2,Chongqing Municipality,-0.14182047607157902,29344289.0,29344289.0,1.0
factual,398,80,3,Chongqing Municipality,0.07017606426358086,29344289.0,29344289.0,1.0
factual,399,80,4,Chongqing Municipality,-0.4887245395645815,29344289.0,29344289.0,1.0
factual,400,80,5,Chongqing Municipality,-0.43653304021292033,29344289.0,29344289.0,1.0
factual,401,81,1,Chongqing Municipality,-1.284485806805653,29344289.0,29344289.0,1.0
factual,402,81,2,Chongqing Municipality,1.2512660897021939,29344289.0,29344289.0,1.0
factual,403,81,3,Chongqing Municipality,1.0551626347119007,29344289.0,29344289.0,1.0
factual,404,81,4,Chongqing Municipality,-1.0183221927006638,29344289.0,29344289.0,1.0
factual,405,81,5,Chongqing Municipality,1.0371152603555531,29344289.0,29344289.0,1.0
factual,406,82,1,Chongqing Municipality,0.008647207728067095,29344289.0,29344289.0,1.0
factual,407,82,2,Chongqing Municipality,-0.7124824405213032,29344289.0,29344289.0,1.0
factual,408,82,3,Chongqing Municipality,-1.0931961021249315,29344289.0,29344289.0,1.0
factual,409,82,4,Chongqing Municipality,-0.0005163408945431677,29344289.0,29344289.0,1.0
factual,410,82,5,Chongqing Municipality,-0.8213820228374663,29344289.0,29344289.0,1.0
factual,411,83,1,Chongqing Municipality,0.5297114718923726,29344289.0,29344289.0,1.0
factual,412,83,2,Chongqing Municipality,-0.6935028601883745,29344289.0,29344289.0,1.0
factual,413,83,3,Chongqing Municipality,-1.186288182467655,29344289.0,29344289.0,1.0
factual,414,83,4,Chongqing Municipality,0.13360919041421288,29344289.0,29344289.0,1.0
factual,415,83,5,Chongqing Municipality,-0.6537299184356393,29344289.0,29344289.0,1.0
factual,416,84,1,Chongqing Municipality,-0.5930805761407734,29344289.0,29344289.0,1.0
factual,417,84,2,Chongqing Municipality,0.4701219930108576,29344289.0,29344289.0,1.0
factual,418,84,3,Chongqing Municipality,0.020673676947432638,29344289.0,29344289.0,1.0
factual,419,84,4,Chongqing Municipality,-0.39825863074369516,29344289.0,29344289.0,1.0
factual,420,84,5,Chongqing Municipality,-0.12112985963284484,29344289.0,29344289.0,1.0
factual,421,85,1,Chongqing Municipality,0.6245586567420783,29344289.0,29344289.0,1.0
factual,422,85,2,Chongqing Municipality,0.6592763102554556,29344289.0,29344289.0,1.0
factual,423,85,3,Chongqing Municipality,0.016590354413104927,29344289.0,29344289.0,1.0
factual,424,85,4,Chongqing Municipality,0.8937632379996454,29344289.0,29344289.0,1.0
factual,425,85,5,Chongqing Municipality,-0.8666975147563976,29344289.0,29344289.0,1.0
factual,426,86,1,Chongqing Municipality,-0.16378560788104762,29344289.0,29344289.0,1.0
factual,427,86,2,Chongqing Municipality,0.5747966787557686,29344289.0,29344289.0,1.0
factual,428,86,3,Chongqing Municipality,-0.8051995763553698,29344289.0,29344289.0,1.0
factual,429,86,4,Chongqing Municipality,-0.9038036317021105,29344289.0,29344289.0,1.0
factual,430,86,5,Chongqing Municipality,0.3172268090274212,29344289.0,29344289.0,1.0
factual,431,87,1,Chongqing Municipality,-0.49718617740362686,29344289.0,29344289.0,1.0
factual,432,87,2,Chongqing Municipality,0.7759995189581598,29344289.0,29344289.0,1.0
factual,433,87,3,Chongqing Municipality,-1.155440015698062,29344289.0,29344289.0,1.0
factual,434,87,4,Chongqing Municipality,0.14134421093981192,29344289.0,29344289.0,1.0
factual,435,87,5,Chongqing Municipality,-0.09588753016537387,29344289.0,29344289.0,1.0
factual,436,88,1,Chongqing Municipality,-0.9937379462339772,29344289.0,29344289.0,1.0
factual,437,88,2,Chongqing Municipality,0.78970149251701,29344289.0,29344289.0,1.0
factual,438,88,3,Chongqing Municipality,-0.5657498031763064,29344289.0,29344289.0,1.0
factual,439,88,4,Chongqing Municipality,-1.1748352469940286,29344289.0,29344289.0,1.0
factual,440,88,5,Chongqing Municipality,0.47878833178021935,29344289.0,29344289.0,1.0
factual,441,89,1,Chongqing Municipality,0.08053987892494481,29344289.0,29344289.0,1.0
factual,442,89,2,Chongqing Municipality,-0.27323824889411896,29344289.0,29344289.0,1.0
factual,443,89,3,Chongqing Municipality,-0.4904768091853171,29344289.0,29344289.0,1.0
factual,444,89,4,Chongqing Municipality,0.30402680878002036,29344289.0,29344289.0,1.0
factual,445,89,5,Chongqing Municipality,-0.4528240707372964,29344289.0,29344289.0,1.0
factual,446,90,1,Chongqing Municipality,0.24378806126646888,29344289.0,29344289.0,1.0
factual,447,90,2,Chongqing Municipality,0.3836003483528803,29344289.0,29344289.0,1.0
factual,448,90,3,Chongqing Municipality,-0.7106044200473843,29344289.0,29344289.0,1.0
factual,449,90,4,Chongqing Municipality,-0.28613006090376725,29344289.0,29344289.0,1.0
factual,450,90,5,Chongqing Municipality,-0.6564699546836664,29344289.0,29344289.0,1.0
factual,451,91,1,Chongqing Municipality,-0.42590466359803464,29344289.0,29344289.0,1.0
factual,452,91,2,Chongqing Municipality,0.005720833551992073,29344289.0,29344289.0,1.0
factual,453,91,3,Chongqing Municipality,0.05057686658435427,29344289.0,29344289.0,1.0
factual,454,91,4,Chongqing Municipality,-0.058112460723800406,29344289.0,29344289.0,1.0
factual,455,91,5,Chongqing Municipality,0.03716168187748521,29344289.0,29344289.0,1.0
factual,456,92,1,Chongqing Municipality,0.5117859182395395,29344289.0,29344289.0,1.0
factual,457,92,2,Chongqing Municipality,-0.8522606128764842,29344289.0,29344289.0,1.0
factual,458,92,3,Chongqing Municipality,0.7697783420330007,29344289.0,29344289.0,1.0
factual,459,92,4,Chongqing Municipality,0.09444078053548388,29344289.0,29344289.0,1.0
factual,460,92,5,Chongqing Municipality,-0.06068162284085648,29344289.0,29344289.0,1.0
factual,461,93,1,Chongqing Municipality,-0.6089522725913297,29344289.0,29344289.0,1.0
factual,462,93,2,Chongqing Municipality,-0.48643084975275946,29344289.0,29344289.0,1.0
factual,463,93,3,Chongqing Municipality,0.4474133928877145,29344289.0,29344289.0,1.0
factual,464,93,4,Chongqing Municipality,-0.8992139109614382,29344289.0,29344289.0,1.0
factual,465,93,5,Chongqing Municipality,-0.4000190388148873,29344289.0,29344289.0,1.0
factual,466,94,1,Chongqing Municipality,0.6878636655737247,29344289.0,29344289.0,1.0
factual,467,94,2,Chongqing Municipality,0.6244468314732201,29344289.0,29344289.0,1.0
factual,468,94,3,Chongqing Municipality,-0.2910497353192135,29344289.0,29344289.0,1.0
factual,469,94,4,Chongqing Municipality,-0.16160826855952418,29344289.0,29344289.0,1.0
factual,470,94,5,Chongqing Municipality,0.1434234681413543,29344289.0,29344289.0,1.0
factual,471,95,1,Chongqing Municipality,-0.5229745206005665,29344289.0,29344289.0,1.0
factual,472,95,2,Chongqing Municipality,-0.18995305610599053,29344289.0,29344289.0,1.0
factual,473,95,3,Chongqing Municipality,0.6642319797044319,29344289.0,29344289.0,1.0
factual,474,95,4,Chongqing Municipality,-0.5955118443251235,29344289.0,29344289.0,1.0
factual,475,95,5,Chongqing Municipality,-0.2843369503517044,29344289.0,29344289.0,1.0
factual,476,96,1,Chongqing Municipality,-0.5191249545519282,29344289.0,29344289.0,1.0
factual,477,96,2,Chongqing Municipality,-0.17293453892688385,29344289.0,29344289.0,1.0
factual,478,96,3,Chongqing Municipality,-0.7700953705185173,29344289.0,29344289.0,1.0
factual,479,96,4,Chongqing Municipality,0.660392212279158,29344289.0,29344289.0,1.0
factual,480,96,5,Chongqing Municipality,1.1203248837930537,29344289.0,29344289.0,1.0
factual,481,97,1,Chongqing Municipality,0.16065973101148476,29344289.0,29344289.0,1.0
factual,482,97,2,Chongqing Municipality,-0.12562109409881728,29344289.0,29344289.0,1.0
factual,483,97,3,Chongqing Municipality,-0.3997170377310217,29344289.0,29344289.0,1.0
factual,484,97,4,Chongqing Municipality,-0.14906529237248967,29344289.0,29344289.0,1.0
factual,485,97,5,Chongqing Municipality,0.4080458826007292,29344289.0,29344289.0,1.0
factual,486,98,1,Chongqing Municipality,-0.5850452429329505,29344289.0,29344289.0,1.0
factual,487,98,2,Chongqing Municipality,1.3783912100023512,29344289.0,29344289.0,1.0
factual,488,98,3,Chongqing Municipality,0.7787565423461835,29344289.0,29344289.0,1.0
factual,489,98,4,Chongqing Municipality,-0.3583947822917498,29344289.0,29344289.0,1.0
factual,490,98,5,Chongqing Municipality,-0.2752660949229489,29344289.0,29344289.0,1.0
factual,491,99,1,Chongqing Municipality,-0.9375772614266165,29344289.0,29344289.0,1.0
factual,492,99,2,Chongqing Municipality,0.5155900847874739,29344289.0,29344289.0,1.0
factual,493,99,3,Chongqing Municipality,-0.38553051986753756,29344289.0,29344289.0,1.0
factual,494,99,4,Chongqing Municipality,0.33086710298708394,29344289.0,29344289.0,1.0
factual,495,99,5,Chongqing Municipality,-0.4148139817281931,29344289.0,29344289.0,1.0
factual,496,100,1,Chongqing Municipality,-0.3257038030944845,29344289.0,29344289.0,1.0
factual,497,100,2,Chongqing Municipality,-0.44579682058250947,29344289.0,29344289.0,1.0
factual,498,100,3,Chongqing Municipality,0.20521033248812823,29344289.0,29344289.0,1.0
factual,499,100,4,Chongqing Municipality,-0.263299117033324,29344289.0,29344289.0,1.0
factual,500,100,5,Chongqing Municipality,2.080829858861122,29344289.0,29344289.0,1.0
factual,501,101,1,Chongqing Municipality,-0.017755975949562013,29344289.0,29344289.0,1.0
factual,502,101,2,Chongqing Municipality,0.10588749294429967,29344289.0,29344289.0,1.0
factual,503,101,3,Chongqing Municipality,0.03791035150053803,29344289.0,29344289.0,1.0
factual,504,101,4,Chongqing Municipality,0.15201090585146854,29344289.0,29344289.0,1.0
factual,505,101,5,Chongqing Municipality,0.6373942744836218,29344289.0,29344289.0,1.0
factual,506,102,1,Chongqing Municipality,-1.0819848244636918,29344289.0,29344289.0,1.0
factual,507,102,2,Chongqing Municipality,0.2813805661734237,29344289.0,29344289.0,1.0
factual,508,102,3,Chongqing Municipality,0.3478028174046663,29344289.0,29344289.0,1.0
factual,509,102,4,Chongqing Municipality,-0.19966624357045626,29344289.0,29344289.0,1.0
factual,510,102,5,Chongqing Municipality,-0.0951452678058074,29344289.0,29344289.0,1.0
factual,511,103,1,Chongqing Municipality,-0.27600465245332306,29344289.0,29344289.0,1.0
factual,512,103,2,Chongqing Municipality,-0.8846839673192664,29344289.0,29344289.0,1.0
factual,513,103,3,Chongqing Municipality,-0.23883798508866175,29344289.0,29344289.0,1.0
factual,514,103,4,Chongqing Municipality,-0.20085399203497278,29344289.0,29344289.0,1.0
factual,515,103,5,Chongqing Municipality,-0.6785290271397111,29344289.0,29344289.0,1.0
factual,516,104,1,Chongqing Municipality,0.1278805381415598,29344289.0,29344289.0,1.0
factual,517,104,2,Chongqing Municipality,-1.461210968773452,29344289.0,29344289.0,1.0
factual,518,104,3,Chongqing Municipality,0.1459043352204758,29344289.0,29344289.0,1.0
factual,519,104,4,Chongqing Municipality,-0.988368557085977,29344289.0,29344289.0,1.0
factual,520,104,5,Chongqing Municipality,0.14759954855736357,29344289.0,29344289.0,1.0
factual,521,105,1,Chongqing Municipality,1.1469521515210408,29344289.0,29344289.0,1.0
factual,522,105,2,Chongqing Municipality,-0.2932284500560371,29344289.0,29344289.0,1.0
factual,523,105,3,Chongqing Municipality,-0.5868410564649819,29344289.0,29344289.0,1.0
factual,524,105,4,Chongqing Municipality,-0.27320859207734793,29344289.0,29344289.0,1.0
factual,525,105,5,Chongqing Municipality,1.1759298252491581,29344289.0,29344289.0,1.0
factual,1,1,1,Hubei Province,-0.6837251924902186,64013858.0,64013858.0,1.0
factual,2,1,2,Hubei Province,-0.3848907761099889,64013858.0,64013858.0,1.0
factual,3,1,3,Hubei Province,0.08478471441117028,64013858.0,64013858.0,1.0
factual,4,1,4,Hubei Province,-0.3011642953263004,64013858.0,64013858.0,1.0
factual,5,1,5,Hubei Province,0.5575666004887437,64013858.0,64013858.0,1.0
factual,6,2,1,Hubei Province,0.8960638893399503,64013858.0,64013858.0,1.0
factual,7,2,2,Hubei Province,-0.7099885884533158,64013858.0,64013858.0,1.0
factual,8,2,3,Hubei Province,-0.8329565188656,64013858.0,64013858.0,1.0
factual,9,2,4,Hubei Province,-0.5897771600197667,64013858.0,64013858.0,1.0
factual,10,2,5,Hubei Province,-0.8620065135413186,64013858.0,64013858.0,1.0
factual,11,3,1,Hubei Province,0.291238430230327,64013858.0,64013858.0,1.0
factual,12,3,2,Hubei Province,-0.47594725229592333,64013858.0,64013858.0,1.0
factual,13,3,3,Hubei Province,0.8432265487644895,64013858.0,64013858.0,1.0
factual,14,3,4,Hubei Province,0.2910179582116372,64013858.0,64013858.0,1.0
factual,15,3,5,Hubei Province,0.3991681719148918,64013858.0,64013858.0,1.0
factual,16,4,1,Hubei Province,-0.11767338333131208,64013858.0,64013858.0,1.0
factual,17,4,2,Hubei Province,0.020593030442648073,64013858.0,64013858.0,1.0
factual,18,4,3,Hubei Province,0.46577434488544855,64013858.0,64013858.0,1.0
factual,19,4,4,Hubei Province,-0.4266676029389069,64013858.0,64013858.0,1.0
factual,20,4,5,Hubei Province,0.5246705980611786,64013858.0,64013858.0,1.0
factual,21,5,1,Hubei Province,-0.07616521058958287,64013858.0,64013858.0,1.0
factual,22,5,2,Hubei Province,-0.2518488610104628,64013858.0,64013858.0,1.0
factual,23,5,3,Hubei Province,-0.2554530328708952,64013858.0,64013858.0,1.0
factual,24,5,4,Hubei Province,0.09507422623230194,64013858.0,64013858.0,1.0
factual,25,5,5,Hubei Province,0.3674007788793151,64013858.0,64013858.0,1.0
factual,26,6,1,Hubei Province,0.28930552284449834,64013858.0,64013858.0,1.0
factual,27,6,2,Hubei Province,-0.06650199635644136,64013858.0,64013858.0,1.0
factual,28,6,3,Hubei Province,-0.3264340628524752,64013858.0,64013858.0,1.0
factual,29,6,4,Hubei Province,-0.16002196367924656,64013858.0,64013858.0,1.0
factual,30,6,5,Hubei Province,0.6867258809011949,64013858.0,64013858.0,1.0
factual,31,7,1,Hubei Province,-0.29554335827606226,64013858.0,64013858.0,1.0
factual,32,7,2,Hubei Province,0.17476700733248737,64013858.0,64013858.0,1.0
factual,33,7,3,Hubei Province,-0.24857333848345092,64013858.0,64013858.0,1.0
factual,34,7,4,Hubei Province,1.1697568151946913,64013858.0,64013858.0,1.0
factual,35,7,5,Hubei Province,0.3873012358269156,64013858.0,64013858.0,1.0
factual,36,8,1,Hubei Province,0.6981151182664702,64013858.0,64013858.0,1.0
factual,37,8,2,Hubei Province,0.27474290465619344,64013858.0,64013858.0,1.0
factual,38,8,3,Hubei Province,-0.7754652062954375,64013858.0,64013858.0,1.0
factual,39,8,4,Hubei Province,-0.37404804470169695,64013858.0,64013858.0,1.0
factual,40,8,5,Hubei Province,-0.3194731874264309,64013858.0,64013858.0,1.0
factual,41,9,1,Hubei Province,-1.4302781333124532,64013858.0,64013858.0,1.0
factual,42,9,2,Hubei Province,-0.27476934472903236,64013858.0,64013858.0,1.0
factual,43,9,3,Hubei Province,0.21309316786459906,64013858.0,64013858.0,1.0
factual,44,9,4,Hubei Province,-0.06770429278844714,64013858.0,64013858.0,1.0
factual,45,9,5,Hubei Province,0.19778906951720135,64013858.0,64013858.0,1.0
factual,46,10,1,Hubei Province,-0.6486784599508438,64013858.0,64013858.0,1.0
factual,47,10,2,Hubei Province,0.16008558693997785,64013858.0,64013858.0,1.0
factual,48,10,3,Hubei Province,0.3351883126806284,64013858.0,64013858.0,1.0
factual,49,10,4,Hubei Province,-0.1495992359004447,64013858.0,64013858.0,1.0
factual,50,10,5,Hubei Province,0.5737941856098753,64013858.0,64013858.0,1.0
factual,51,11,1,Hubei Province,-0.10742872065735459,64013858.0,64013858.0,1.0
factual,52,11,2,Hubei Province,0.75027650098306,64013858.0,64013858.0,1.0
factual,53,11,3,Hubei Province,-0.40071762597008026,64013858.0,64013858.0,1.0
factual,54,11,4,Hubei Province,0.10585429141149413,64013858.0,64013858.0,1.0
factual,55,11,5,Hubei Province,-0.1533372408619823,64013858.0,64013858.0,1.0
factual,56,12,1,Hubei Province,-0.5430590881330133,64013858.0,64013858.0,1.0
factual,57,12,2,Hubei Province,1.070807536100219,64013858.0,64013858.0,1.0
factual,58,12,3,Hubei Province,-1.0884127513662096,64013858.0,64013858.0,1.0
factual,59,12,4,Hubei Province,-0.5331461007398219,64013858.0,64013858.0,1.0
factual,60,12,5,Hubei Province,-0.23105099390468492,64013858.0,64013858.0,1.0
factual,61,13,1,Hubei Province,-0.5658890904987947,64013858.0,64013858.0,1.0
factual,62,13,2,Hubei Province,-0.4696257515382466,64013858.0,64013858.0,1.0
factual,63,13,3,Hubei Province,-0.13827565160623398,64013858.0,64013858.0,1.0
factual,64,13,4,Hubei Province,-0.2743178630912984,64013858.0,64013858.0,1.0
factual,65,13,5,Hubei Province,0.5629784327800864,64013858.0,64013858.0,1.0
factual,66,14,1,Hubei Province,-0.23590187918949684,64013858.0,64013858.0,1.0
factual,67,14,2,Hubei Province,-0.46161764389199733,64013858.0,64013858.0,1.0
factual,68,14,3,Hubei Province,-0.6852287619119026,64013858.0,64013858.0,1.0
factual,69,14,4,Hubei Province,-0.6325797514938261,64013858.0,64013858.0,1.0
factual,70,14,5,Hubei Province,-0.2183419695651613,64013858.0,64013858.0,1.0
factual,71,15,1,Hubei Province,0.1034404727527519,64013858.0,64013858.0,1.0
factual,72,15,2,Hubei Province,-1.0114983208900457,64013858.0,64013858.0,1.0
factual,73,15,3,Hubei Province,-0.1394014513848618,64013858.0,64013858.0,1.0
factual,74,15,4,Hubei Province,0.4638786340252253,64013858.0,64013858.0,1.0
factual,75,15,5,Hubei Province,-0.40093242513653815,64013858.0,64013858.0,1.0
factual,76,16,1,Hubei Province,0.7254993458078993,64013858.0,64013858.0,1.0
factual,77,16,2,Hubei Province,0.1783899996228037,64013858.0,64013858.0,1.0
factual,78,16,3,Hubei Province,-0.1262459975472443,64013858.0,64013858.0,1.0
factual,79,16,4,Hubei Province,-0.17907024605485536,64013858.0,64013858.0,1.0
factual,80,16,5,Hubei Province,0.7256272006446004,64013858.0,64013858.0,1.0
factual,81,17,1,Hubei Province,0.617098202364965,64013858.0,64013858.0,1.0
factual,82,17,2,Hubei Province,-0.6159166179711612,64013858.0,64013858.0,1.0
factual,83,17,3,Hubei Province,-0.474355538170122,64013858.0,64013858.0,1.0
factual,84,17,4,Hubei Province,0.161461229512184,64013858.0,64013858.0,1.0
factual,85,17,5,Hubei Province,0.3885846670757171,64013858.0,64013858.0,1.0
factual,86,18,1,Hubei Province,0.14944881959360587,64013858.0,64013858.0,1.0
factual,87,18,2,Hubei Province,-0.2558129048651781,64013858.0,64013858.0,1.0
factual,88,18,3,Hubei Province,0.3075214346771534,64013858.0,64013858.0,1.0
factual,89,18,4,Hubei Province,-0.5327179137367869,64013858.0,64013858.0,1.0
factual,90,18,5,Hubei Province,0.2938287556142955,64013858.0,64013858.0,1.0
factual,91,19,1,Hubei Province,0.48459984380086885,64013858.0,64013858.0,1.0
factual,92,19,2,Hubei Province,1.69952710676799,64013858.0,64013858.0,1.0
factual,93,19,3,Hubei Province,0.6493168028516493,64013858.0,64013858.0,1.0
factual,94,19,4,Hubei Province,0.8715773907456899,64013858.0,64013858.0,1.0
factual,95,19,5,Hubei Province,0.5409710981555198,64013858.0,64013858.0,1.0
factual,96,20,1,Hubei Province,-1.1101509457700902,64013858.0,64013858.0,1.0
factual,97,20,2,Hubei Province,-0.25806642600261404,64013858.0,64013858.0,1.0
factual,98,20,3,Hubei Province,-0.07430510418299299,64013858.0,64013858.0,1.0
factual,99,20,4,Hubei Province,-0.05814354180931923,64013858.0,64013858.0,1.0
factual,100,20,5,Hubei Province,-0.14879740233880628,64013858.0,64013858.0,1.0
factual,101,21,1,Hubei Province,-0.08769455521943582,64013858.0,64013858.0,1.0
factual,102,21,2,Hubei Province,0.43297278222311414,64013858.0,64013858.0,1.0
factual,103,21,3,Hubei Province,0.17047080837410766,64013858.0,64013858.0,1.0
factual,104,21,4,Hubei Province,-0.14168791610397397,64013858.0,64013858.0,1.0
factual,105,21,5,Hubei Province,0.5173462712807035,64013858.0,64013858.0,1.0
factual,106,22,1,Hubei Province,0.8687197663082363,64013858.0,64013858.0,1.0
factual,107,22,2,Hubei Province,0.3271738619716013,64013858.0,64013858.0,1.0
factual,108,22,3,Hubei Province,0.9045756234064509,64013858.0,64013858.0,1.0
factual,109,22,4,Hubei Province,-0.2766931148543578,64013858.0,64013858.0,1.0
factual,110,22,5,Hubei Province,0.05888963056064708,64013858.0,64013858.0,1.0
factual,111,23,1,Hubei Province,-0.35828035672154307,64013858.0,64013858.0,1.0
factual,112,23,2,Hubei Province,0.31344536503638604,64013858.0,64013858.0,1.0
factual,113,23,3,Hubei Province,1.1038210985304078,64013858.0,64013858.0,1.0
factual,114,23,4,Hubei Province,-1.063873856898826,64013858.0,64013858.0,1.0
factual,115,23,5,Hubei Province,0.18172602874429872,64013858.0,64013858.0,1.0
factual,116,24,1,Hubei Province,-0.07632510390658642,64013858.0,64013858.0,1.0
factual,117,24,2,Hubei Province,-0.12890503626471717,64013858.0,64013858.0,1.0
factual,118,24,3,Hubei Province,-1.3033462796759288,64013858.0,64013858.0,1.0
factual,119,24,4,Hubei Province,0.1023522784616571,64013858.0,64013858.0,1.0
factual,120,24,5,Hubei Province,0.1955448497510226,64013858.0,64013858.0,1.0
factual,121,25,1,Hubei Province,-0.2629939513579412,64013858.0,64013858.0,1.0
factual,122,25,2,Hubei Province,-0.5388223128881429,64013858.0,64013858.0,1.0
factual,123,25,3,Hubei Province,-1.57569449701491,64013858.0,64013858.0,1.0
factual,124,25,4,Hubei Province,-0.4710968030060647,64013858.0,64013858.0,1.0
factual,125,25,5,Hubei Province,0.2898493040265844,64013858.0,64013858.0,1.0
factual,126,26,1,Hubei Province,0.6849976857817338,64013858.0,64013858.0,1.0
factual,127,26,2,Hubei Province,0.6057667524643996,64013858.0,64013858.0,1.0
factual,128,26,3,Hubei Province,0.2920986726805854,64013858.0,64013858.0,1.0
factual,129,26,4,Hubei Province,-1.2148225290970662,64013858.0,64013858.0,1.0
factual,130,26,5,Hubei Province,0.3756972760773313,64013858.0,64013858.0,1.0
factual,131,27,1,Hubei Province,-0.32393705104380416,64013858.0,64013858.0,1.0
factual,132,27,2,Hubei Province,-0.40342363268109,64013858.0,64013858.0,1.0
factual,133,27,3,Hubei Province,-0.5659341603110842,64013858.0,64013858.0,1.0
factual,134,27,4,Hubei Province,-0.10446750798898564,64013858.0,64013858.0,1.0
factual,135,27,5,Hubei Province,-0.24686651659762146,64013858.0,64013858.0,1.0
factual,136,28,1,Hubei Province,-0.3879794509558803,64013858.0,64013858.0,1.0
factual,137,28,2,Hubei Province,0.47713258597131003,64013858.0,64013858.0,1.0
factual,138,28,3,Hubei Province,-0.023737004795952373,64013858.0,64013858.0,1.0
factual,139,28,4,Hubei Province,0.963325422504352,64013858.0,64013858.0,1.0
factual,140,28,5,Hubei Province,-0.22961624082392373,64013858.0,64013858.0,1.0
factual,141,29,1,Hubei Province,0.7237413131841592,64013858.0,64013858.0,1.0
factual,142,29,2,Hubei Province,-0.17296957802380036,64013858.0,64013858.0,1.0
factual,143,29,3,Hubei Province,-0.7597991740883858,64013858.0,64013858.0,1.0
factual,144,29,4,Hubei Province,0.7286900603990669,64013858.0,64013858.0,1.0
factual,145,29,5,Hubei Province,-0.23190272660894104,64013858.0,64013858.0,1.0
factual,146,30,1,Hubei Province,1.1054818285296388,64013858.0,64013858.0,1.0
factual,147,30,2,Hubei Province,-0.6583795307756851,64013858.0,64013858.0,1.0
factual,148,30,3,Hubei Province,0.07738319636339036,64013858.0,64013858.0,1.0
factual,149,30,4,Hubei Province,0.4439628739229256,64013858.0,64013858.0,1.0
factual,150,30,5,Hubei Province,0.7101287534471055,64013858.0,64013858.0,1.0
factual,151,31,1,Hubei Province,-0.15885020527851954,64013858.0,64013858.0,1.0
factual,152,31,2,Hubei Province,-0.05533907911795477,64013858.0,64013858.0,1.0
factual,153,31,3,Hubei Province,0.6928077893982214,64013858.0,64013858.0,1.0
factual,154,31,4,Hubei Province,-0.07202712314382018,64013858.0,64013858.0,1.0
factual,155,31,5,Hubei Province,0.4679928364092438,64013858.0,64013858.0,1.0
factual,156,32,1,Hubei Province,-0.38089213978538383,64013858.0,64013858.0,1.0
factual,157,32,2,Hubei Province,-0.20391261290910095,64013858.0,64013858.0,1.0
factual,158,32,3,Hubei Province,-0.3242079224223445,64013858.0,64013858.0,1.0
factual,159,32,4,Hubei Province,-0.6230778113737883,64013858.0,64013858.0,1.0
factual,160,32,5,Hubei Province,0.4696350611656106,64013858.0,64013858.0,1.0
factual,161,33,1,Hubei Province,-0.09251867584367164,64013858.0,64013858.0,1.0
factual,162,33,2,Hubei Province,1.3840211108977396,64013858.0,64013858.0,1.0
factual,163,33,3,Hubei Province,-0.676707127560332,64013858.0,64013858.0,1.0
factual,164,33,4,Hubei Province,0.27371581039068293,64013858.0,64013858.0,1.0
factual,165,33,5,Hubei Province,0.5950365525775161,64013858.0,64013858.0,1.0
factual,166,34,1,Hubei Province,0.12875028390059573,64013858.0,64013858.0,1.0
factual,167,34,2,Hubei Province,0.12865552656205592,64013858.0,64013858.0,1.0
factual,168,34,3,Hubei Province,-0.6876830055502895,64013858.0,64013858.0,1.0
factual,169,34,4,Hubei Province,-0.2276550431953888,64013858.0,64013858.0,1.0
factual,170,34,5,Hubei Province,0.2701388855732489,64013858.0,64013858.0,1.0
factual,171,35,1,Hubei Province,0.46179580963057326,64013858.0,64013858.0,1.0
factual,172,35,2,Hubei Province,-0.13341787864376767,64013858.0,64013858.0,1.0
factual,173,35,3,Hubei Province,-0.1767078754962309,64013858.0,64013858.0,1.0
factual,174,35,4,Hubei Province,0.29934752210805005,64013858.0,64013858.0,1.0
factual,175,35,5,Hubei Province,0.5428626853667844,64013858.0,64013858.0,1.0
factual,176,36,1,Hubei Province,-0.781389256075957,64013858.0,64013858.0,1.0
factual,177,36,2,Hubei Province,0.63937141381653,64013858.0,64013858.0,1.0
factual,178,36,3,Hubei Province,0.4700261811357627,64013858.0,64013858.0,1.0
factual,179,36,4,Hubei Province,0.8283898100411714,64013858.0,64013858.0,1.0
factual,180,36,5,Hubei Province,0.6595654076686406,64013858.0,64013858.0,1.0
factual,181,37,1,Hubei Province,-0.596064066705612,64013858.0,64013858.0,1.0
factual,182,37,2,Hubei Province,0.10268688088126135,64013858.0,64013858.0,1.0
factual,183,37,3,Hubei Province,0.3415512882631401,64013858.0,64013858.0,1.0
factual,184,37,4,Hubei Province,0.17847683304103665,64013858.0,64013858.0,1.0
factual,185,37,5,Hubei Province,-0.4490609527018715,64013858.0,64013858.0,1.0
factual,186,38,1,Hubei Province,-0.12090007888530269,64013858.0,64013858.0,1.0
factual,187,38,2,Hubei Province,0.6351930531470695,64013858.0,64013858.0,1.0
factual,188,38,3,Hubei Province,-0.6271576770559709,64013858.0,64013858.0,1.0
factual,189,38,4,Hubei Province,-0.8060742907785812,64013858.0,64013858.0,1.0
factual,190,38,5,Hubei Province,0.538413149014126,64013858.0,64013858.0,1.0
factual,191,39,1,Hubei Province,0.13984700360687272,64013858.0,64013858.0,1.0
factual,192,39,2,Hubei Province,0.5215677784789503,64013858.0,64013858.0,1.0
factual,193,39,3,Hubei Province,-0.5758372375738088,64013858.0,64013858.0,1.0
factual,194,39,4,Hubei Province,-0.10853190700673679,64013858.0,64013858.0,1.0
factual,195,39,5,Hubei Province,-0.27897595095776934,64013858.0,64013858.0,1.0
factual,196,40,1,Hubei Province,0.6165093535260824,64013858.0,64013858.0,1.0
factual,197,40,2,Hubei Province,0.1148672389857232,64013858.0,64013858.0,1.0
factual,198,40,3,Hubei Province,-0.328007639083718,64013858.0,64013858.0,1.0
factual,199,40,4,Hubei Province,0.5085077577003851,64013858.0,64013858.0,1.0
factual,200,40,5,Hubei Province,-0.5612218073684614,64013858.0,64013858.0,1.0
factual,201,41,1,Hubei Province,-0.8603606885571708,64013858.0,64013858.0,1.0
factual,202,41,2,Hubei Province,-0.5453055738093289,64013858.0,64013858.0,1.0
factual,203,41,3,Hubei Province,0.5645817741633888,64013858.0,64013858.0,1.0
factual,204,41,4,Hubei Province,-0.3320705652648866,64013858.0,64013858.0,1.0
factual,205,41,5,Hubei Province,-0.5239996983572397,64013858.0,64013858.0,1.0
factual,206,42,1,Hubei Province,-0.8102458349876928,64013858.0,64013858.0,1.0
factual,207,42,2,Hubei Province,-0.3054514918646318,64013858.0,64013858.0,1.0
factual,208,42,3,Hubei Province,-0.20122925160479282,64013858.0,64013858.0,1.0
factual,209,42,4,Hubei Province,0.5094569189008484,64013858.0,64013858.0,1.0
factual,210,42,5,Hubei Province,1.0505035759193326,64013858.0,64013858.0,1.0
factual,211,43,1,Hubei Province,0.008432718718699918,64013858.0,64013858.0,1.0
factual,212,43,2,Hubei Province,-0.33771126835353354,64013858.0,64013858.0,1.0
factual,213,43,3,Hubei Province,0.029114966194168947,64013858.0,64013858.0,1.0
factual,214,43,4,Hubei Province,1.2731180481468356,64013858.0,64013858.0,1.0
factual,215,43,5,Hubei Province,0.3013088816496669,64013858.0,64013858.0,1.0
factual,216,44,1,Hubei Province,-0.08414002887225808,64013858.0,64013858.0,1.0
factual,217,44,2,Hubei Province,-0.5516077872727646,64013858.0,64013858.0,1.0
factual,218,44,3,Hubei Province,0.3372502321838423,64013858.0,64013858.0,1.0
factual,219,44,4,Hubei Province,-0.27581608059507506,64013858.0,64013858.0,1.0
factual,220,44,5,Hubei Province,-0.5630192277857508,64013858.0,64013858.0,1.0
factual,221,45,1,Hubei Province,0.5505537064165226,64013858.0,64013858.0,1.0
factual,222,45,2,Hubei Province,-0.8499002148478425,64013858.0,64013858.0,1.0
factual,223,45,3,Hubei Province,0.6509199881263565,64013858.0,64013858.0,1.0
factual,224,45,4,Hubei Province,0.110311044901503,64013858.0,64013858.0,1.0
factual,225,45,5,Hubei Province,0.4514709424337814,64013858.0,64013858.0,1.0
factual,226,46,1,Hubei Province,-0.5737854526145386,64013858.0,64013858.0,1.0
factual,227,46,2,Hubei Province,-0.1238717058746171,64013858.0,64013858.0,1.0
factual,228,46,3,Hubei Province,-0.4586174002855805,64013858.0,64013858.0,1.0
factual,229,46,4,Hubei Province,0.9094167467858271,64013858.0,64013858.0,1.0
factual,230,46,5,Hubei Province,0.20895014193184477,64013858.0,64013858.0,1.0
factual,231,47,1,Hubei Province,0.1273616679406784,64013858.0,64013858.0,1.0
factual,232,47,2,Hubei Province,-0.6848646778998989,64013858.0,64013858.0,1.0
factual,233,47,3,Hubei Province,-0.04077959553697303,64013858.0,64013858.0,1.0
factual,234,47,4,Hubei Province,0.26133714823038035,64013858.0,64013858.0,1.0
factual,235,47,5,Hubei Province,-0.4633869734931519,64013858.0,64013858.0,1.0
factual,236,48,1,Hubei Province,-0.12898782646697987,64013858.0,64013858.0,1.0
factual,237,48,2,Hubei Province,-0.8040024295703366,64013858.0,64013858.0,1.0
factual,238,48,3,Hubei Province,-0.26484704697378303,64013858.0,64013858.0,1.0
factual,239,48,4,Hubei Province,-0.00642042636469558,64013858.0,64013858.0,1.0
factual,240,48,5,Hubei Province,-0.2327529424551344,64013858.0,64013858.0,1.0
factual,241,49,1,Hubei Province,0.4134804100273144,64013858.0,64013858.0,1.0
factual,242,49,2,Hubei Province,0.06836026307889514,64013858.0,64013858.0,1.0
factual,243,49,3,Hubei Province,0.429770297769594,64013858.0,64013858.0,1.0
factual,244,49,4,Hubei Province,-0.41536662406855923,64013858.0,64013858.0,1.0
factual,245,49,5,Hubei Province,-0.24911740974886415,64013858.0,64013858.0,1.0
factual,246,50,1,Hubei Province,-0.6322826389815666,64013858.0,64013858.0,1.0
factual,247,50,2,Hubei Province,0.25662458343350336,64013858.0,64013858.0,1.0
factual,248,50,3,Hubei Province,-0.42611354294081544,64013858.0,64013858.0,1.0
factual,249,50,4,Hubei Province,0.3395492117854065,64013858.0,64013858.0,1.0
factual,250,50,5,Hubei Province,0.34461958651221536,64013858.0,64013858.0,1.0
factual,251,51,1,Hubei Province,-0.8403819081261641,64013858.0,64013858.0,1.0
factual,252,51,2,Hubei Province,0.7301191659715934,64013858.0,64013858.0,1.0
factual,253,51,3,Hubei Province,0.4355721288060341,64013858.0,64013858.0,1.0
factual,254,51,4,Hubei Province,0.48093752977352355,64013858.0,64013858.0,1.0
factual,255,51,5,Hubei Province,0.6768181602737093,64013858.0,64013858.0,1.0
factual,256,52,1,Hubei Province,0.09840652130178325,64013858.0,64013858.0,1.0
factual,257,52,2,Hubei Province,-0.5736627808463618,64013858.0,64013858.0,1.0
factual,258,52,3,Hubei Province,0.17198606659648652,64013858.0,64013858.0,1.0
factual,259,52,4,Hubei Province,-0.5774820302550634,64013858.0,64013858.0,1.0
factual,260,52,5,Hubei Province,0.4111168100058284,64013858.0,64013858.0,1.0
factual,261,53,1,Hubei Province,0.6389184373223876,64013858.0,64013858.0,1.0
factual,262,53,2,Hubei Province,0.011834885559647325,64013858.0,64013858.0,1.0
factual,263,53,3,Hubei Province,0.8614851312339404,64013858.0,64013858.0,1.0
factual,264,53,4,Hubei Province,0.4279218536786914,64013858.0,64013858.0,1.0
factual,265,53,5,Hubei Province,0.2581807857448395,64013858.0,64013858.0,1.0
factual,266,54,1,Hubei Province,-1.2095107350911578,64013858.0,64013858.0,1.0
factual,267,54,2,Hubei Province,0.36162456705363666,64013858.0,64013858.0,1.0
factual,268,54,3,Hubei Province,-0.02830352154263549,64013858.0,64013858.0,1.0
factual,269,54,4,Hubei Province,-0.01165370868726608,64013858.0,64013858.0,1.0
factual,270,54,5,Hubei Province,0.8477944701441869,64013858.0,64013858.0,1.0
factual,271,55,1,Hubei Province,0.9087687560703351,64013858.0,64013858.0,1.0
factual,272,55,2,Hubei Province,-0.3296862688491426,64013858.0,64013858.0,1.0
factual,273,55,3,Hubei Province,0.7076092633145615,64013858.0,64013858.0,1.0
factual,274,55,4,Hubei Province,0.26687744546835124,64013858.0,64013858.0,1.0
factual,275,55,5,Hubei Province,0.13400262972493596,64013858.0,64013858.0,1.0
factual,276,56,1,Hubei Province,-0.029310939791635078,64013858.0,64013858.0,1.0
factual,277,56,2,Hubei Province,0.3554232574499665,64013858.0,64013858.0,1.0
factual,278,56,3,Hubei Province,0.6063568833869005,64013858.0,64013858.0,1.0
factual,279,56,4,Hubei Province,-0.3526619948932937,64013858.0,64013858.0,1.0
factual,280,56,5,Hubei Province,1.1453025693765737,64013858.0,64013858.0,1.0
factual,281,57,1,Hubei Province,-0.42546786846173296,64013858.0,64013858.0,1.0
factual,282,57,2,Hubei Province,-0.03474472570285857,64013858.0,64013858.0,1.0
factual,283,57,3,Hubei Province,-0.27874265156514333,64013858.0,64013858.0,1.0
factual,284,57,4,Hubei Province,0.43863377669040765,64013858.0,64013858.0,1.0
factual,285,57,5,Hubei Province,0.04384772497669069,64013858.0,64013858.0,1.0
factual,286,58,1,Hubei Province,-0.213644642087527,64013858.0,64013858.0,1.0
factual,287,58,2,Hubei Province,0.15294332896372267,64013858.0,64013858.0,1.0
factual,288,58,3,Hubei Province,0.09157457736842768,64013858.0,64013858.0,1.0
factual,289,58,4,Hubei Province,-0.2692388124431119,64013858.0,64013858.0,1.0
factual,290,58,5,Hubei Province,0.6608837691692918,64013858.0,64013858.0,1.0
factual,291,59,1,Hubei Province,-0.07501832792625797,64013858.0,64013858.0,1.0
factual,292,59,2,Hubei Province,0.3901704144051811,64013858.0,64013858.0,1.0
factual,293,59,3,Hubei Province,0.296537224357833,64013858.0,64013858.0,1.0
factual,294,59,4,Hubei Province,-0.042661874001408924,64013858.0,64013858.0,1.0
factual,295,59,5,Hubei Province,0.9930762672114507,64013858.0,64013858.0,1.0
factual,296,60,1,Hubei Province,-0.4077786333797294,64013858.0,64013858.0,1.0
factual,297,60,2,Hubei Province,0.16541966226796492,64013858.0,64013858.0,1.0
factual,298,60,3,Hubei Province,-0.12859918438192885,64013858.0,64013858.0,1.0
factual,299,60,4,Hubei Province,0.802476536221049,64013858.0,64013858.0,1.0
factual,300,60,5,Hubei Province,0.22585818286723228,64013858.0,64013858.0,1.0
factual,301,61,1,Hubei Province,0.8248237391751124,64013858.0,64013858.0,1.0
factual,302,61,2,Hubei Province,-0.6995877473127121,64013858.0,64013858.0,1.0
factual,303,61,3,Hubei Province,-0.09465023199653871,64013858.0,64013858.0,1.0
factual,304,61,4,Hubei Province,1.017373646647057,64013858.0,64013858.0,1.0
factual,305,61,5,Hubei Province,-0.23032863617116134,64013858.0,64013858.0,1.0
factual,306,62,1,Hubei Province,-0.29130248803582276,64013858.0,64013858.0,1.0
factual,307,62,2,Hubei Province,0.7330360204992817,64013858.0,64013858.0,1.0
factual,308,62,3,Hubei Province,-0.4965573625125899,64013858.0,64013858.0,1.0
factual,309,62,4,Hubei Province,0.7680257193954266,64013858.0,64013858.0,1.0
factual,310,62,5,Hubei Province,-0.37110616388298495,64013858.0,64013858.0,1.0
factual,311,63,1,Hubei Province,-0.5732766484893772,64013858.0,64013858.0,1.0
factual,312,63,2,Hubei Province,-0.09835308486703345,64013858.0,64013858.0,1.0
factual,313,63,3,Hubei Province,-0.06392471402640869,64013858.0,64013858.0,1.0
factual,314,63,4,Hubei Province,-0.4240859812767256,64013858.0,64013858.0,1.0
factual,315,63,5,Hubei Province,0.26086192466484925,64013858.0,64013858.0,1.0
factual,316,64,1,Hubei Province,0.10518463803250963,64013858.0,64013858.0,1.0
factual,317,64,2,Hubei Province,0.45193830730582896,64013858.0,64013858.0,1.0
factual,318,64,3,Hubei Province,0.10417553889410221,64013858.0,64013858.0,1.0
factual,319,64,4,Hubei Province,-0.25540397457396136,64013858.0,64013858.0,1.0
factual,320,64,5,Hubei Province,0.13223456585982996,64013858.0,64013858.0,1.0
factual,321,65,1,Hubei Province,0.15120768397136228,64013858.0,64013858.0,1.0
factual,322,65,2,Hubei Province,0.5935464240822221,64013858.0,64013858.0,1.0
factual,323,65,3,Hubei Province,-0.31991766126952986,64013858.0,64013858.0,1.0
factual,324,65,4,Hubei Province,-0.4074207860108161,64013858.0,64013858.0,1.0
factual,325,65,5,Hubei Province,-0.09986906226436136,64013858.0,64013858.0,1.0
factual,326,66,1,Hubei Province,0.19021349610129826,64013858.0,64013858.0,1.0
factual,327,66,2,Hubei Province,-0.6357482172382667,64013858.0,64013858.0,1.0
factual,328,66,3,Hubei Province,-0.5420756043664778,64013858.0,64013858.0,1.0
factual,329,66,4,Hubei Province,0.13323794033734285,64013858.0,64013858.0,1.0
factual,330,66,5,Hubei Province,-0.9588427448814283,64013858.0,64013858.0,1.0
factual,331,67,1,Hubei Province,1.177488362931269,64013858.0,64013858.0,1.0
factual,332,67,2,Hubei Province,-0.320429844556383,64013858.0,64013858.0,1.0
factual,333,67,3,Hubei Province,-0.05201082529692916,64013858.0,64013858.0,1.0
factual,334,67,4,Hubei Province,0.1589328477974478,64013858.0,64013858.0,1.0
factual,335,67,5,Hubei Province,1.1445176084455218,64013858.0,64013858.0,1.0
factual,336,68,1,Hubei Province,0.8842581282319534,64013858.0,64013858.0,1.0
factual,337,68,2,Hubei Province,-0.6610975995167832,64013858.0,64013858.0,1.0
factual,338,68,3,Hubei Province,0.18854497014054752,64013858.0,64013858.0,1.0
factual,339,68,4,Hubei Province,0.6168278145753332,64013858.0,64013858.0,1.0
factual,340,68,5,Hubei Province,-0.4041879249867363,64013858.0,64013858.0,1.0
factual,341,69,1,Hubei Province,0.38374048501885566,64013858.0,64013858.0,1.0
factual,342,69,2,Hubei Province,0.0641853529858619,64013858.0,64013858.0,1.0
factual,343,69,3,Hubei Province,-0.4989498704328374,64013858.0,64013858.0,1.0
factual,344,69,4,Hubei Province,-0.1200736200092439,64013858.0,64013858.0,1.0
factual,345,69,5,Hubei Province,-0.13306643962403705,64013858.0,64013858.0,1.0
factual,346,70,1,Hubei Province,0.5527746896925133,64013858.0,64013858.0,1.0
factual,347,70,2,Hubei Province,-0.9410162278221668,64013858.0,64013858.0,1.0
factual,348,70,3,Hubei Province,0.6568160693601944,64013858.0,64013858.0,1.0
factual,349,70,4,Hubei Province,-1.2098466906617351,64013858.0,64013858.0,1.0
factual,350,70,5,Hubei Province,0.31271551411438775,64013858.0,64013858.0,1.0
factual,351,71,1,Hubei Province,-0.3346299282354291,64013858.0,64013858.0,1.0
factual,352,71,2,Hubei Province,-1.0410799581195216,64013858.0,64013858.0,1.0
factual,353,71,3,Hubei Province,-0.4607765278601203,64013858.0,64013858.0,1.0
factual,354,71,4,Hubei Province,-0.17947293524223215,64013858.0,64013858.0,1.0
factual,355,71,5,Hubei Province,1.0383419580767779,64013858.0,64013858.0,1.0
factual,356,72,1,Hubei Province,0.23854035078875055,64013858.0,64013858.0,1.0
factual,357,72,2,Hubei Province,1.4705332229062307,64013858.0,64013858.0,1.0
factual,358,72,3,Hubei Province,-0.6444161537843047,64013858.0,64013858.0,1.0
factual,359,72,4,Hubei Province,-0.8413449534901511,64013858.0,64013858.0,1.0
factual,360,72,5,Hubei Province,0.05340402269923598,64013858.0,64013858.0,1.0
factual,361,73,1,Hubei Province,0.25595554647588986,64013858.0,64013858.0,1.0
factual,362,73,2,Hubei Province,-0.019447152535201753,64013858.0,64013858.0,1.0
factual,363,73,3,Hubei Province,0.28694342950602353,64013858.0,64013858.0,1.0
factual,364,73,4,Hubei Province,0.028847836715187942,64013858.0,64013858.0,1.0
factual,365,73,5,Hubei Province,-0.5896604969493306,64013858.0,64013858.0,1.0
factual,366,74,1,Hubei Province,-0.19177640553903863,64013858.0,64013858.0,1.0
factual,367,74,2,Hubei Province,0.4188123417838757,64013858.0,64013858.0,1.0
factual,368,74,3,Hubei Province,-0.2611635102014004,64013858.0,64013858.0,1.0
factual,369,74,4,Hubei Province,-0.7848430327830408,64013858.0,64013858.0,1.0
factual,370,74,5,Hubei Province,-0.6718522476140579,64013858.0,64013858.0,1.0
factual,371,75,1,Hubei Province,-0.2784871826773095,64013858.0,64013858.0,1.0
factual,372,75,2,Hubei Province,-0.48385495509428106,64013858.0,64013858.0,1.0
factual,373,75,3,Hubei Province,-0.40434415210268265,64013858.0,64013858.0,1.0
factual,374,75,4,Hubei Province,0.5384226645192185,64013858.0,64013858.0,1.0
factual,375,75,5,Hubei Province,0.8570332574854921,64013858.0,64013858.0,1.0
factual,376,76,1,Hubei Province,0.6366368533195236,64013858.0,64013858.0,1.0
factual,377,76,2,Hubei Province,1.1539279344794084,64013858.0,64013858.0,1.0
factual,378,76,3,Hubei Province,-0.9461573029212932,64013858.0,64013858.0,1.0
factual,379,76,4,Hubei Province,-0.1888361794605336,64013858.0,64013858.0,1.0
factual,380,76,5,Hubei Province,-0.9428759354405063,64013858.0,64013858.0,1.0
factual,381,77,1,Hubei Province,-0.24236042994859328,64013858.0,64013858.0,1.0
factual,382,77,2,Hubei Province,-0.6810612438362127,64013858.0,64013858.0,1.0
factual,383,77,3,Hubei Province,-0.26192770127905396,64013858.0,64013858.0,1.0
factual,384,77,4,Hubei Province,0.4779127992232612,64013858.0,64013858.0,1.0
factual,385,77,5,Hubei Province,-0.624585235487122,64013858.0,64013858.0,1.0
factual,386,78,1,Hubei Province,0.25076669878713637,64013858.0,64013858.0,1.0
factual,387,78,2,Hubei Province,0.2879693984327971,64013858.0,64013858.0,1.0
factual,388,78,3,Hubei Province,0.09939206927765058,64013858.0,64013858.0,1.0
factual,389,78,4,Hubei Province,-0.3028299990500885,64013858.0,64013858.0,1.0
factual,390,78,5,Hubei Province,-0.14566735379903506,64013858.0,64013858.0,1.0
factual,391,79,1,Hubei Province,0.43140224884302186,64013858.0,64013858.0,1.0
factual,392,79,2,Hubei Province,-0.7488964363157894,64013858.0,64013858.0,1.0
factual,393,79,3,Hubei Province,0.3318307707790262,64013858.0,64013858.0,1.0
factual,394,79,4,Hubei Province,1.1420074591323413,64013858.0,64013858.0,1.0
factual,395,79,5,Hubei Province,0.09634464017916157,64013858.0,64013858.0,1.0
factual,396,80,1,Hubei Province,-0.30677380358198764,64013858.0,64013858.0,1.0
factual,397,80,2,Hubei Province,-0.21926267490442242,64013858.0,64013858.0,1.0
factual,398,80,3,Hubei Province,0.604158439361008,64013858.0,64013858.0,1.0
factual,399,80,4,Hubei Province,-0.3436946517623611,64013858.0,64013858.0,1.0
factual,400,80,5,Hubei Province,-0.4011411357787572,64013858.0,64013858.0,1.0
factual,401,81,1,Hubei Province,-1.0364239560086528,64013858.0,64013858.0,1.0
factual,402,81,2,Hubei Province,1.0055773401451968,64013858.0,64013858.0,1.0
factual,403,81,3,Hubei Province,0.2546048679012904,64013858.0,64013858.0,1.0
factual,404,81,4,Hubei Province,-0.7975071884891609,64013858.0,64013858.0,1.0
factual,405,81,5,Hubei Province,0.5333294598399224,64013858.0,64013858.0,1.0
factual,406,82,1,Hubei Province,0.21002791006556404,64013858.0,64013858.0,1.0
factual,407,82,2,Hubei Province,0.082655713366743,64013858.0,64013858.0,1.0
factual,408,82,3,Hubei Province,-0.6857991749901927,64013858.0,64013858.0,1.0
factual,409,82,4,Hubei Province,0.3362887878175656,64013858.0,64013858.0,1.0
factual,410,82,5,Hubei Province,-0.9735748081048007,64013858.0,64013858.0,1.0
factual,411,83,1,Hubei Province,0.2538860826149646,64013858.0,64013858.0,1.0
factual,412,83,2,Hubei Province,-0.6533600060207407,64013858.0,64013858.0,1.0
factual,413,83,3,Hubei Province,-0.7123317532117617,64013858.0,64013858.0,1.0
factual,414,83,4,Hubei Province,-0.37564643789984337,64013858.0,64013858.0,1.0
factual,415,83,5,Hubei Province,0.4897024398245088,64013858.0,64013858.0,1.0
factual,416,84,1,Hubei Province,-0.12219946439033545,64013858.0,64013858.0,1.0
factual,417,84,2,Hubei Province,0.1258513827075886,64013858.0,64013858.0,1.0
factual,418,84,3,Hubei Province,0.5524399712464365,64013858.0,64013858.0,1.0
factual,419,84,4,Hubei Province,-0.30352288805190847,64013858.0,64013858.0,1.0
factual,420,84,5,Hubei Province,-0.18161056459477926,64013858.0,64013858.0,1.0
factual,421,85,1,Hubei Province,0.37504919463491093,64013858.0,64013858.0,1.0
factual,422,85,2,Hubei Province,0.3990027311451125,64013858.0,64013858.0,1.0
factual,423,85,3,Hubei Province,0.3316365720074057,64013858.0,64013858.0,1.0
factual,424,85,4,Hubei Province,0.7489186545062099,64013858.0,64013858.0,1.0
factual,425,85,5,Hubei Province,-0.4980816827045354,64013858.0,64013858.0,1.0
factual,426,86,1,Hubei Province,0.30429300438984125,64013858.0,64013858.0,1.0
factual,427,86,2,Hubei Province,0.2582964474736903,64013858.0,64013858.0,1.0
factual,428,86,3,Hubei Province,0.1752274414165092,64013858.0,64013858.0,1.0
factual,429,86,4,Hubei Province,0.31116554191553414,64013858.0,64013858.0,1.0
factual,430,86,5,Hubei Province,-0.38622553309522184,64013858.0,64013858.0,1.0
factual,431,87,1,Hubei Province,0.2136576311109932,64013858.0,64013858.0,1.0
factual,432,87,2,Hubei Province,0.17578249349354483,64013858.0,64013858.0,1.0
factual,433,87,3,Hubei Province,0.03913391642833502,64013858.0,64013858.0,1.0
factual,434,87,4,Hubei Province,-0.14994510659956894,64013858.0,64013858.0,1.0
factual,435,87,5,Hubei Province,-0.7820648764196203,64013858.0,64013858.0,1.0
factual,436,88,1,Hubei Province,-0.40213240200385797,64013858.0,64013858.0,1.0
factual,437,88,2,Hubei Province,0.6558285917483473,64013858.0,64013858.0,1.0
factual,438,88,3,Hubei Province,-0.2649524044194776,64013858.0,64013858.0,1.0
factual,439,88,4,Hubei Province,-0.21242017923744716,64013858.0,64013858.0,1.0
factual,440,88,5,Hubei Province,0.7552585872190246,64013858.0,64013858.0,1.0
factual,441,89,1,Hubei Province,0.862585561804417,64013858.0,64013858.0,1.0
factual,442,89,2,Hubei Province,-0.5178911545812966,64013858.0,64013858.0,1.0
factual,443,89,3,Hubei Province,-0.8651203890569426,64013858.0,64013858.0,1.0
factual,444,89,4,Hubei Province,0.41956262407133627,64013858.0,64013858.0,1.0
factual,445,89,5,Hubei Province,-0.5584028800343874,64013858.0,64013858.0,1.0
factual,446,90,1,Hubei Province,0.37622738618367596,64013858.0,64013858.0,1.0
factual,447,90,2,Hubei Province,0.504354477941465,64013858.0,64013858.0,1.0
factual,448,90,3,Hubei Province,0.806847332418778,64013858.0,64013858.0,1.0
factual,449,90,4,Hubei Province,-0.04792741552398612,64013858.0,64013858.0,1.0
factual,450,90,5,Hubei Province,0.10224964050107159,64013858.0,64013858.0,1.0
factual,451,91,1,Hubei Province,0.820166506830051,64013858.0,64013858.0,1.0
factual,452,91,2,Hubei Province,0.030479726056406014,64013858.0,64013858.0,1.0
factual,453,91,3,Hubei Province,0.734878953172673,64013858.0,64013858.0,1.0
factual,454,91,4,Hubei Province,1.1430096469079218,64013858.0,64013858.0,1.0
factual,455,91,5,Hubei Province,0.07517004820556217,64013858.0,64013858.0,1.0
factual,456,92,1,Hubei Province,0.7117018608553323,64013858.0,64013858.0,1.0
factual,457,92,2,Hubei Province,-0.416282199919505,64013858.0,64013858.0,1.0
factual,458,92,3,Hubei Province,-0.036307357391126144,64013858.0,64013858.0,1.0
factual,459,92,4,Hubei Province,0.5510457526283968,64013858.0,64013858.0,1.0
factual,460,92,5,Hubei Province,-1.3259335949019493,64013858.0,64013858.0,1.0
factual,461,93,1,Hubei Province,0.01893208772644424,64013858.0,64013858.0,1.0
factual,462,93,2,Hubei Province,0.305566459534375,64013858.0,64013858.0,1.0
factual,463,93,3,Hubei Province,1.0587951570105567,64013858.0,64013858.0,1.0
factual,464,93,4,Hubei Province,-0.3580430393928999,64013858.0,64013858.0,1.0
factual,465,93,5,Hubei Province,-0.8203003146729342,64013858.0,64013858.0,1.0
factual,466,94,1,Hubei Province,0.680136015050383,64013858.0,64013858.0,1.0
factual,467,94,2,Hubei Province,0.07148952955891488,64013858.0,64013858.0,1.0
factual,468,94,3,Hubei Province,-1.4088004681210844,64013858.0,64013858.0,1.0
factual,469,94,4,Hubei Province,0.3980796915904711,64013858.0,64013858.0,1.0
factual,470,94,5,Hubei Province,-0.1822356277531695,64013858.0,64013858.0,1.0
factual,471,95,1,Hubei Province,0.19795275862116754,64013858.0,64013858.0,1.0
factual,472,95,2,Hubei Province,0.49800011223847773,64013858.0,64013858.0,1.0
factual,473,95,3,Hubei Province,0.3774337507460381,64013858.0,64013858.0,1.0
factual,474,95,4,Hubei Province,0.6902299781256195,64013858.0,64013858.0,1.0
factual,475,95,5,Hubei Province,0.789619564725906,64013858.0,64013858.0,1.0
factual,476,96,1,Hubei Province,0.3704007400795296,64013858.0,64013858.0,1.0
factual,477,96,2,Hubei Province,-0.37936391125347013,64013858.0,64013858.0,1.0
factual,478,96,3,Hubei Province,-0.6963192038434448,64013858.0,64013858.0,1.0
factual,479,96,4,Hubei Province,0.37309478877219193,64013858.0,64013858.0,1.0
factual,480,96,5,Hubei Province,0.4118650760410301,64013858.0,64013858.0,1.0
factual,481,97,1,Hubei Province,0.5019154678481489,64013858.0,64013858.0,1.0
factual,482,97,2,Hubei Province,-0.5167262996716577,64013858.0,64013858.0,1.0
factual,483,97,3,Hubei Province,-0.529933959373051,64013858.0,64013858.0,1.0
factual,484,97,4,Hubei Province,0.7892484004016084,64013858.0,64013858.0,1.0
factual,485,97,5,Hubei Province,0.5472000118081848,64013858.0,64013858.0,1.0
factual,486,98,1,Hubei Province,-0.6207990386958142,64013858.0,64013858.0,1.0
factual,487,98,2,Hubei Province,0.3067197982639839,64013858.0,64013858.0,1.0
factual,488,98,3,Hubei Province,-0.27862470211502177,64013858.0,64013858.0,1.0
factual,489,98,4,Hubei Province,-0.08363490367540898,64013858.0,64013858.0,1.0
factual,490,98,5,Hubei Province,-0.3152436767682161,64013858.0,64013858.0,1.0
factual,491,99,1,Hubei Province,0.28049961601289847,64013858.0,64013858.0,1.0
factual,492,99,2,Hubei Province,0.8989456679220021,64013858.0,64013858.0,1.0
factual,493,99,3,Hubei Province,-0.0013291318868470005,64013858.0,64013858.0,1.0
factual,494,99,4,Hubei Province,-0.04540791109792527,64013858.0,64013858.0,1.0
factual,495,99,5,Hubei Province,0.8394757665955515,64013858.0,64013858.0,1.0
factual,496,100,1,Hubei Province,1.0148234751039196,64013858.0,64013858.0,1.0
factual,497,100,2,Hubei Province,-0.711725962288327,64013858.0,64013858.0,1.0
factual,498,100,3,Hubei Province,0.11200421423791901,64013858.0,64013858.0,1.0
factual,499,100,4,Hubei Province,-0.5435373410917521,64013858.0,64013858.0,1.0
factual,500,100,5,Hubei Province,0.9044701619552146,64013858.0,64013858.0,1.0
factual,501,101,1,Hubei Province,0.46461459111156495,64013858.0,64013858.0,1.0
factual,502,101,2,Hubei Province,-0.23610865678623397,64013858.0,64013858.0,1.0
factual,503,101,3,Hubei Province,-0.11410523960026518,64013858.0,64013858.0,1.0
factual,504,101,4,Hubei Province,0.7537020458474064,64013858.0,64013858.0,1.0
factual,505,101,5,Hubei Province,-0.427252331866745,64013858.0,64013858.0,1.0
factual,506,102,1,Hubei Province,-0.39417725035835155,64013858.0,64013858.0,1.0
factual,507,102,2,Hubei Province,0.3204912471040388,64013858.0,64013858.0,1.0
factual,508,102,3,Hubei Province,0.3628130617598654,64013858.0,64013858.0,1.0
factual,509,102,4,Hubei Province,-0.12683253890964793,64013858.0,64013858.0,1.0
factual,510,102,5,Hubei Province,-0.20429143736098346,64013858.0,64013858.0,1.0
factual,511,103,1,Hubei Province,-0.28005126277430503,64013858.0,64013858.0,1.0
factual,512,103,2,Hubei Province,-0.2968605906124242,64013858.0,64013858.0,1.0
factual,513,103,3,Hubei Province,1.1886054881298103,64013858.0,64013858.0,1.0
factual,514,103,4,Hubei Province,0.317293327912635,64013858.0,64013858.0,1.0
factual,515,103,5,Hubei Province,-0.11581254371987877,64013858.0,64013858.0,1.0
factual,516,104,1,Hubei Province,-0.09857048130888424,64013858.0,64013858.0,1.0
factual,517,104,2,Hubei Province,-0.9436663155040527,64013858.0,64013858.0,1.0
factual,518,104,3,Hubei Province,0.6530279517545358,64013858.0,64013858.0,1.0
factual,519,104,4,Hubei Province,0.1615132732718617,64013858.0,64013858.0,1.0
factual,520,104,5,Hubei Province,0.8155801518403586,64013858.0,64013858.0,1.0
factual,521,105,1,Hubei Province,0.6580703920457743,64013858.0,64013858.0,1.0
factual,522,105,2,Hubei Province,0.600994964594711,64013858.0,64013858.0,1.0
factual,523,105,3,Hubei Province,-1.1317965835257398,64013858.0,64013858.0,1.0
factual,524,105,4,Hubei Province,0.9860403012651503,64013858.0,64013858.0,1.0
factual,525,105,5,Hubei Province,0.5379785438674137,64013858.0,64013858.0,1.0
factual,1,1,1,Hunan Province,-1.3420031019249137,70570269.0,70570269.0,1.0
factual,2,1,2,Hunan Province,0.01946975508140931,70570269.0,70570269.0,1.0
factual,3,1,3,Hunan Province,1.0061030938047755,70570269.0,70570269.0,1.0
factual,4,1,4,Hunan Province,-0.28033527134004876,70570269.0,70570269.0,1.0
factual,5,1,5,Hunan Province,0.7299184453941227,70570269.0,70570269.0,1.0
factual,6,2,1,Hunan Province,-0.026346427090733714,70570269.0,70570269.0,1.0
factual,7,2,2,Hunan Province,-0.8738041944860928,70570269.0,70570269.0,1.0
factual,8,2,3,Hunan Province,-0.573269634094723,70570269.0,70570269.0,1.0
factual,9,2,4,Hunan Province,-1.0295223844874828,70570269.0,70570269.0,1.0
factual,10,2,5,Hunan Province,-0.9390373621636641,70570269.0,70570269.0,1.0
factual,11,3,1,Hunan Province,0.1671984803100892,70570269.0,70570269.0,1.0
factual,12,3,2,Hunan Province,-0.8486432399644741,70570269.0,70570269.0,1.0
factual,13,3,3,Hunan Province,0.16126484149293785,70570269.0,70570269.0,1.0
factual,14,3,4,Hunan Province,-0.21813783710230503,70570269.0,70570269.0,1.0
factual,15,3,5,Hunan Province,0.6469045156025277,70570269.0,70570269.0,1.0
factual,16,4,1,Hunan Province,0.009501550898830832,70570269.0,70570269.0,1.0
factual,17,4,2,Hunan Province,-0.611865423689346,70570269.0,70570269.0,1.0
factual,18,4,3,Hunan Province,-0.09811120858769161,70570269.0,70570269.0,1.0
factual,19,4,4,Hunan Province,-0.35699076136007707,70570269.0,70570269.0,1.0
factual,20,4,5,Hunan Province,0.2598069302696717,70570269.0,70570269.0,1.0
factual,21,5,1,Hunan Province,0.6330999203241184,70570269.0,70570269.0,1.0
factual,22,5,2,Hunan Province,0.07970008537861363,70570269.0,70570269.0,1.0
factual,23,5,3,Hunan Province,-0.39198290659081236,70570269.0,70570269.0,1.0
factual,24,5,4,Hunan Province,-0.42246954954359234,70570269.0,70570269.0,1.0
factual,25,5,5,Hunan Province,0.32438962545920824,70570269.0,70570269.0,1.0
factual,26,6,1,Hunan Province,0.4934192077319709,70570269.0,70570269.0,1.0
factual,27,6,2,Hunan Province,-0.594609756730082,70570269.0,70570269.0,1.0
factual,28,6,3,Hunan Province,0.26872473438265143,70570269.0,70570269.0,1.0
factual,29,6,4,Hunan Province,-0.33410256240148,70570269.0,70570269.0,1.0
factual,30,6,5,Hunan Province,1.007665667355224,70570269.0,70570269.0,1.0
factual,31,7,1,Hunan Province,-0.5015990799517492,70570269.0,70570269.0,1.0
factual,32,7,2,Hunan Province,0.8395610720154192,70570269.0,70570269.0,1.0
factual,33,7,3,Hunan Province,-0.37614093909323487,70570269.0,70570269.0,1.0
factual,34,7,4,Hunan Province,-0.07465168598839823,70570269.0,70570269.0,1.0
factual,35,7,5,Hunan Province,0.46315668796556675,70570269.0,70570269.0,1.0
factual,36,8,1,Hunan Province,1.4806750419639854,70570269.0,70570269.0,1.0
factual,37,8,2,Hunan Province,-0.0310813322467514,70570269.0,70570269.0,1.0
factual,38,8,3,Hunan Province,-0.609966064374191,70570269.0,70570269.0,1.0
factual,39,8,4,Hunan Province,0.5159724283829904,70570269.0,70570269.0,1.0
factual,40,8,5,Hunan Province,0.25003021109974366,70570269.0,70570269.0,1.0
factual,41,9,1,Hunan Province,-1.2068719496536815,70570269.0,70570269.0,1.0
factual,42,9,2,Hunan Province,-0.7376782938262304,70570269.0,70570269.0,1.0
factual,43,9,3,Hunan Province,-0.5750012190561814,70570269.0,70570269.0,1.0
factual,44,9,4,Hunan Province,-0.12416801284164825,70570269.0,70570269.0,1.0
factual,45,9,5,Hunan Province,-0.8958215151677732,70570269.0,70570269.0,1.0
factual,46,10,1,Hunan Province,-0.7132623352481119,70570269.0,70570269.0,1.0
factual,47,10,2,Hunan Province,0.2898220255598539,70570269.0,70570269.0,1.0
factual,48,10,3,Hunan Province,0.3868529677050908,70570269.0,70570269.0,1.0
factual,49,10,4,Hunan Province,-0.3531904673929147,70570269.0,70570269.0,1.0
factual,50,10,5,Hunan Province,-0.16048116850812644,70570269.0,70570269.0,1.0
factual,51,11,1,Hunan Province,0.40491700403552744,70570269.0,70570269.0,1.0
factual,52,11,2,Hunan Province,0.2873380573962695,70570269.0,70570269.0,1.0
factual,53,11,3,Hunan Province,-0.3966462932002751,70570269.0,70570269.0,1.0
factual,54,11,4,Hunan Province,0.4040915377761937,70570269.0,70570269.0,1.0
factual,55,11,5,Hunan Province,0.24131302157593015,70570269.0,70570269.0,1.0
factual,56,12,1,Hunan Province,0.09935863933024572,70570269.0,70570269.0,1.0
factual,57,12,2,Hunan Province,0.5983264021673652,70570269.0,70570269.0,1.0
factual,58,12,3,Hunan Province,-0.7726521423417031,70570269.0,70570269.0,1.0
factual,59,12,4,Hunan Province,-0.6098767299899206,70570269.0,70570269.0,1.0
factual,60,12,5,Hunan Province,-0.13530583557111137,70570269.0,70570269.0,1.0
factual,61,13,1,Hunan Province,-0.505730262545436,70570269.0,70570269.0,1.0
factual,62,13,2,Hunan Province,-0.27296858018693526,70570269.0,70570269.0,1.0
factual,63,13,3,Hunan Province,0.08668928526391266,70570269.0,70570269.0,1.0
factual,64,13,4,Hunan Province,-0.3164555499625033,70570269.0,70570269.0,1.0
factual,65,13,5,Hunan Province,0.4738332603351277,70570269.0,70570269.0,1.0
factual,66,14,1,Hunan Province,0.0837788328526101,70570269.0,70570269.0,1.0
factual,67,14,2,Hunan Province,-0.26852527369046875,70570269.0,70570269.0,1.0
factual,68,14,3,Hunan Province,-0.10950968431430909,70570269.0,70570269.0,1.0
factual,69,14,4,Hunan Province,0.14116324295811514,70570269.0,70570269.0,1.0
factual,70,14,5,Hunan Province,0.1290365789829058,70570269.0,70570269.0,1.0
factual,71,15,1,Hunan Province,-0.6820110007580327,70570269.0,70570269.0,1.0
factual,72,15,2,Hunan Province,-0.5374687621431105,70570269.0,70570269.0,1.0
factual,73,15,3,Hunan Province,0.5204702628415253,70570269.0,70570269.0,1.0
factual,74,15,4,Hunan Province,-0.0566908591588408,70570269.0,70570269.0,1.0
factual,75,15,5,Hunan Province,-0.5628294739570724,70570269.0,70570269.0,1.0
factual,76,16,1,Hunan Province,0.6034039181956947,70570269.0,70570269.0,1.0
factual,77,16,2,Hunan Province,0.009962023804736299,70570269.0,70570269.0,1.0
factual,78,16,3,Hunan Province,-0.6180067915533859,70570269.0,70570269.0,1.0
factual,79,16,4,Hunan Province,-0.5791241095942113,70570269.0,70570269.0,1.0
factual,80,16,5,Hunan Province,0.412881156008766,70570269.0,70570269.0,1.0
factual,81,17,1,Hunan Province,1.3404527175694887,70570269.0,70570269.0,1.0
factual,82,17,2,Hunan Province,-0.3165232081870696,70570269.0,70570269.0,1.0
factual,83,17,3,Hunan Province,0.12032693338460883,70570269.0,70570269.0,1.0
factual,84,17,4,Hunan Province,0.7598830225240263,70570269.0,70570269.0,1.0
factual,85,17,5,Hunan Province,0.5413636134805557,70570269.0,70570269.0,1.0
factual,86,18,1,Hunan Province,0.1552889707588421,70570269.0,70570269.0,1.0
factual,87,18,2,Hunan Province,-0.1333851439710539,70570269.0,70570269.0,1.0
factual,88,18,3,Hunan Province,-0.3335364815250529,70570269.0,70570269.0,1.0
factual,89,18,4,Hunan Province,-0.4745339110116296,70570269.0,70570269.0,1.0
factual,90,18,5,Hunan Province,0.36499657767758226,70570269.0,70570269.0,1.0
factual,91,19,1,Hunan Province,0.01842008448560892,70570269.0,70570269.0,1.0
factual,92,19,2,Hunan Province,1.7448891452089834,70570269.0,70570269.0,1.0
factual,93,19,3,Hunan Province,0.6350380867817699,70570269.0,70570269.0,1.0
factual,94,19,4,Hunan Province,0.6170949661769249,70570269.0,70570269.0,1.0
factual,95,19,5,Hunan Province,1.3756455213915546,70570269.0,70570269.0,1.0
factual,96,20,1,Hunan Province,-1.237624223101925,70570269.0,70570269.0,1.0
factual,97,20,2,Hunan Province,0.7972747075045282,70570269.0,70570269.0,1.0
factual,98,20,3,Hunan Province,-0.49538969201360145,70570269.0,70570269.0,1.0
factual,99,20,4,Hunan Province,-0.044407675963627345,70570269.0,70570269.0,1.0
factual,100,20,5,Hunan Province,-0.2447994177082721,70570269.0,70570269.0,1.0
factual,101,21,1,Hunan Province,0.21479636341987113,70570269.0,70570269.0,1.0
factual,102,21,2,Hunan Province,1.1788938438495074,70570269.0,70570269.0,1.0
factual,103,21,3,Hunan Province,0.24020120116374513,70570269.0,70570269.0,1.0
factual,104,21,4,Hunan Province,0.34202408374238363,70570269.0,70570269.0,1.0
factual,105,21,5,Hunan Province,0.3510969958540542,70570269.0,70570269.0,1.0
factual,106,22,1,Hunan Province,0.7373894077004569,70570269.0,70570269.0,1.0
factual,107,22,2,Hunan Province,0.016692816029518918,70570269.0,70570269.0,1.0
factual,108,22,3,Hunan Province,0.3634636136369224,70570269.0,70570269.0,1.0
factual,109,22,4,Hunan Province,0.8483891813364566,70570269.0,70570269.0,1.0
factual,110,22,5,Hunan Province,-0.2019472626882028,70570269.0,70570269.0,1.0
factual,111,23,1,Hunan Province,-0.24307293735282962,70570269.0,70570269.0,1.0
factual,112,23,2,Hunan Province,0.1073884838506999,70570269.0,70570269.0,1.0
factual,113,23,3,Hunan Province,-0.034569263685155276,70570269.0,70570269.0,1.0
factual,114,23,4,Hunan Province,-0.6791178635732207,70570269.0,70570269.0,1.0
factual,115,23,5,Hunan Province,0.7001640607902738,70570269.0,70570269.0,1.0
factual,116,24,1,Hunan Province,0.08924837373676411,70570269.0,70570269.0,1.0
factual,117,24,2,Hunan Province,-0.18812697244466964,70570269.0,70570269.0,1.0
factual,118,24,3,Hunan Province,-0.7764821467119102,70570269.0,70570269.0,1.0
factual,119,24,4,Hunan Province,0.02724241339895805,70570269.0,70570269.0,1.0
factual,120,24,5,Hunan Province,0.26339220239813754,70570269.0,70570269.0,1.0
factual,121,25,1,Hunan Province,0.2160825534334349,70570269.0,70570269.0,1.0
factual,122,25,2,Hunan Province,-0.5700057709353094,70570269.0,70570269.0,1.0
factual,123,25,3,Hunan Province,-1.1209664303061055,70570269.0,70570269.0,1.0
factual,124,25,4,Hunan Province,-0.7765720844479597,70570269.0,70570269.0,1.0
factual,125,25,5,Hunan Province,0.6222661905640191,70570269.0,70570269.0,1.0
factual,126,26,1,Hunan Province,1.445577764387474,70570269.0,70570269.0,1.0
factual,127,26,2,Hunan Province,0.9360027056157028,70570269.0,70570269.0,1.0
factual,128,26,3,Hunan Province,-0.031954162275495385,70570269.0,70570269.0,1.0
factual,129,26,4,Hunan Province,-0.05570122435453897,70570269.0,70570269.0,1.0
factual,130,26,5,Hunan Province,0.618534427403313,70570269.0,70570269.0,1.0
factual,131,27,1,Hunan Province,-0.07232817205905122,70570269.0,70570269.0,1.0
factual,132,27,2,Hunan Province,-0.5845142740089702,70570269.0,70570269.0,1.0
factual,133,27,3,Hunan Province,-0.3716449571065899,70570269.0,70570269.0,1.0
factual,134,27,4,Hunan Province,0.3737620703690773,70570269.0,70570269.0,1.0
factual,135,27,5,Hunan Province,-0.21097255019456887,70570269.0,70570269.0,1.0
factual,136,28,1,Hunan Province,-0.7106159829042414,70570269.0,70570269.0,1.0
factual,137,28,2,Hunan Province,0.11083314527642071,70570269.0,70570269.0,1.0
factual,138,28,3,Hunan Province,-0.3343583530177052,70570269.0,70570269.0,1.0
factual,139,28,4,Hunan Province,0.6025235608391352,70570269.0,70570269.0,1.0
factual,140,28,5,Hunan Province,-0.6227320149052588,70570269.0,70570269.0,1.0
factual,141,29,1,Hunan Province,0.014616042121019421,70570269.0,70570269.0,1.0
factual,142,29,2,Hunan Province,-0.39636932418443727,70570269.0,70570269.0,1.0
factual,143,29,3,Hunan Province,-1.0226190344503956,70570269.0,70570269.0,1.0
factual,144,29,4,Hunan Province,-0.6558276877013006,70570269.0,70570269.0,1.0
factual,145,29,5,Hunan Province,0.6315924937884719,70570269.0,70570269.0,1.0
factual,146,30,1,Hunan Province,0.6256407817599658,70570269.0,70570269.0,1.0
factual,147,30,2,Hunan Province,-1.310593551267015,70570269.0,70570269.0,1.0
factual,148,30,3,Hunan Province,1.003507508617808,70570269.0,70570269.0,1.0
factual,149,30,4,Hunan Province,0.2877900641161747,70570269.0,70570269.0,1.0
factual,150,30,5,Hunan Province,0.20796040639473318,70570269.0,70570269.0,1.0
factual,151,31,1,Hunan Province,0.49423812988746435,70570269.0,70570269.0,1.0
factual,152,31,2,Hunan Province,-0.25279628799223614,70570269.0,70570269.0,1.0
factual,153,31,3,Hunan Province,0.11103133575362008,70570269.0,70570269.0,1.0
factual,154,31,4,Hunan Province,0.1178825162869356,70570269.0,70570269.0,1.0
factual,155,31,5,Hunan Province,0.6200825698304255,70570269.0,70570269.0,1.0
factual,156,32,1,Hunan Province,0.047393107650404165,70570269.0,70570269.0,1.0
factual,157,32,2,Hunan Province,0.19133056358965891,70570269.0,70570269.0,1.0
factual,158,32,3,Hunan Province,-0.43241954132284016,70570269.0,70570269.0,1.0
factual,159,32,4,Hunan Province,-0.9702331151174424,70570269.0,70570269.0,1.0
factual,160,32,5,Hunan Province,0.22869547256947,70570269.0,70570269.0,1.0
factual,161,33,1,Hunan Province,0.9954171283859276,70570269.0,70570269.0,1.0
factual,162,33,2,Hunan Province,0.11457864973865814,70570269.0,70570269.0,1.0
factual,163,33,3,Hunan Province,-0.35877226329047385,70570269.0,70570269.0,1.0
factual,164,33,4,Hunan Province,0.5064373752536557,70570269.0,70570269.0,1.0
factual,165,33,5,Hunan Province,0.33573789083363115,70570269.0,70570269.0,1.0
factual,166,34,1,Hunan Province,0.12505363025968275,70570269.0,70570269.0,1.0
factual,167,34,2,Hunan Province,1.2354433676926393,70570269.0,70570269.0,1.0
factual,168,34,3,Hunan Province,-0.24010965272063697,70570269.0,70570269.0,1.0
factual,169,34,4,Hunan Province,0.7350270417134954,70570269.0,70570269.0,1.0
factual,170,34,5,Hunan Province,-0.11816417768920644,70570269.0,70570269.0,1.0
factual,171,35,1,Hunan Province,0.276535424304742,70570269.0,70570269.0,1.0
factual,172,35,2,Hunan Province,0.5631001922815758,70570269.0,70570269.0,1.0
factual,173,35,3,Hunan Province,-0.3503146859600184,70570269.0,70570269.0,1.0
factual,174,35,4,Hunan Province,0.3840457807488898,70570269.0,70570269.0,1.0
factual,175,35,5,Hunan Province,0.9339736621832365,70570269.0,70570269.0,1.0
factual,176,36,1,Hunan Province,-0.5430711064210846,70570269.0,70570269.0,1.0
factual,177,36,2,Hunan Province,0.08467155280283577,70570269.0,70570269.0,1.0
factual,178,36,3,Hunan Province,-0.7664357142583754,70570269.0,70570269.0,1.0
factual,179,36,4,Hunan Province,0.8690072277621363,70570269.0,70570269.0,1.0
factual,180,36,5,Hunan Province,0.7421718348378796,70570269.0,70570269.0,1.0
factual,181,37,1,Hunan Province,-1.1264047805717212,70570269.0,70570269.0,1.0
factual,182,37,2,Hunan Province,-0.6389171994293084,70570269.0,70570269.0,1.0
factual,183,37,3,Hunan Province,0.7770543470792654,70570269.0,70570269.0,1.0
factual,184,37,4,Hunan Province,0.4430956385863921,70570269.0,70570269.0,1.0
factual,185,37,5,Hunan Province,-0.1868381080581437,70570269.0,70570269.0,1.0
factual,186,38,1,Hunan Province,0.6134597419396589,70570269.0,70570269.0,1.0
factual,187,38,2,Hunan Province,1.1717511089707195,70570269.0,70570269.0,1.0
factual,188,38,3,Hunan Province,-0.9003453666334739,70570269.0,70570269.0,1.0
factual,189,38,4,Hunan Province,-0.10983841114404651,70570269.0,70570269.0,1.0
factual,190,38,5,Hunan Province,1.1830924068021014,70570269.0,70570269.0,1.0
factual,191,39,1,Hunan Province,-0.29649963517656736,70570269.0,70570269.0,1.0
factual,192,39,2,Hunan Province,0.7018639276740961,70570269.0,70570269.0,1.0
factual,193,39,3,Hunan Province,-0.43711284083561575,70570269.0,70570269.0,1.0
factual,194,39,4,Hunan Province,-0.2893033520623239,70570269.0,70570269.0,1.0
factual,195,39,5,Hunan Province,-0.2194327361353716,70570269.0,70570269.0,1.0
factual,196,40,1,Hunan Province,0.9432909072184602,70570269.0,70570269.0,1.0
factual,197,40,2,Hunan Province,0.21535193500511318,70570269.0,70570269.0,1.0
factual,198,40,3,Hunan Province,-1.1801691514362775,70570269.0,70570269.0,1.0
factual,199,40,4,Hunan Province,-0.03174365689903782,70570269.0,70570269.0,1.0
factual,200,40,5,Hunan Province,-0.4487603387217327,70570269.0,70570269.0,1.0
factual,201,41,1,Hunan Province,-0.2858159672357746,70570269.0,70570269.0,1.0
factual,202,41,2,Hunan Province,-0.7779298505993378,70570269.0,70570269.0,1.0
factual,203,41,3,Hunan Province,0.17018009654354507,70570269.0,70570269.0,1.0
factual,204,41,4,Hunan Province,0.12233727276277609,70570269.0,70570269.0,1.0
factual,205,41,5,Hunan Province,-0.717985297531754,70570269.0,70570269.0,1.0
factual,206,42,1,Hunan Province,-0.5427099820332135,70570269.0,70570269.0,1.0
factual,207,42,2,Hunan Province,0.30080848114899106,70570269.0,70570269.0,1.0
factual,208,42,3,Hunan Province,-0.45933831125939556,70570269.0,70570269.0,1.0
factual,209,42,4,Hunan Province,0.19242363218294473,70570269.0,70570269.0,1.0
factual,210,42,5,Hunan Province,0.4016281940771654,70570269.0,70570269.0,1.0
factual,211,43,1,Hunan Province,0.08755086737773178,70570269.0,70570269.0,1.0
factual,212,43,2,Hunan Province,-0.5596092158804823,70570269.0,70570269.0,1.0
factual,213,43,3,Hunan Province,-0.26718973006280883,70570269.0,70570269.0,1.0
factual,214,43,4,Hunan Province,1.3332172825367343,70570269.0,70570269.0,1.0
factual,215,43,5,Hunan Province,0.9519685673231972,70570269.0,70570269.0,1.0
factual,216,44,1,Hunan Province,-1.4291528189724778,70570269.0,70570269.0,1.0
factual,217,44,2,Hunan Province,-0.08217612115218347,70570269.0,70570269.0,1.0
factual,218,44,3,Hunan Province,-0.639519797209348,70570269.0,70570269.0,1.0
factual,219,44,4,Hunan Province,-0.4750564938820401,70570269.0,70570269.0,1.0
factual,220,44,5,Hunan Province,-0.31646897680320607,70570269.0,70570269.0,1.0
factual,221,45,1,Hunan Province,-0.9515837972962496,70570269.0,70570269.0,1.0
factual,222,45,2,Hunan Province,0.030900785423597574,70570269.0,70570269.0,1.0
factual,223,45,3,Hunan Province,-0.4396350987834867,70570269.0,70570269.0,1.0
factual,224,45,4,Hunan Province,-0.43333707141930583,70570269.0,70570269.0,1.0
factual,225,45,5,Hunan Province,0.46575502145925296,70570269.0,70570269.0,1.0
factual,226,46,1,Hunan Province,-0.2913617563269974,70570269.0,70570269.0,1.0
factual,227,46,2,Hunan Province,0.3137935950240651,70570269.0,70570269.0,1.0
factual,228,46,3,Hunan Province,-0.9876546313126338,70570269.0,70570269.0,1.0
factual,229,46,4,Hunan Province,1.4276929655528638,70570269.0,70570269.0,1.0
factual,230,46,5,Hunan Province,0.7789398060950874,70570269.0,70570269.0,1.0
factual,231,47,1,Hunan Province,-0.43175335823617034,70570269.0,70570269.0,1.0
factual,232,47,2,Hunan Province,-0.21342522048862375,70570269.0,70570269.0,1.0
factual,233,47,3,Hunan Province,0.6122189924006837,70570269.0,70570269.0,1.0
factual,234,47,4,Hunan Province,0.18101354525175087,70570269.0,70570269.0,1.0
factual,235,47,5,Hunan Province,0.2126285244981233,70570269.0,70570269.0,1.0
factual,236,48,1,Hunan Province,-0.2163582649752866,70570269.0,70570269.0,1.0
factual,237,48,2,Hunan Province,-0.8487988211827876,70570269.0,70570269.0,1.0
factual,238,48,3,Hunan Province,-0.6470372269140681,70570269.0,70570269.0,1.0
factual,239,48,4,Hunan Province,0.3443107740711589,70570269.0,70570269.0,1.0
factual,240,48,5,Hunan Province,-1.3553210774850941,70570269.0,70570269.0,1.0
factual,241,49,1,Hunan Province,-0.3306088970210102,70570269.0,70570269.0,1.0
factual,242,49,2,Hunan Province,0.6662464985095273,70570269.0,70570269.0,1.0
factual,243,49,3,Hunan Province,1.1984646611630225,70570269.0,70570269.0,1.0
factual,244,49,4,Hunan Province,0.45858555692658093,70570269.0,70570269.0,1.0
factual,245,49,5,Hunan Province,1.1008555588034672,70570269.0,70570269.0,1.0
factual,246,50,1,Hunan Province,-0.6507762371862359,70570269.0,70570269.0,1.0
factual,247,50,2,Hunan Province,-0.06333589643673514,70570269.0,70570269.0,1.0
factual,248,50,3,Hunan Province,0.1866185414596887,70570269.0,70570269.0,1.0
factual,249,50,4,Hunan Province,1.0958995169330217,70570269.0,70570269.0,1.0
factual,250,50,5,Hunan Province,-0.5961642159282444,70570269.0,70570269.0,1.0
factual,251,51,1,Hunan Province,-0.5013166600232801,70570269.0,70570269.0,1.0
factual,252,51,2,Hunan Province,0.006796389365963614,70570269.0,70570269.0,1.0
factual,253,51,3,Hunan Province,0.8584331015836167,70570269.0,70570269.0,1.0
factual,254,51,4,Hunan Province,0.38890199432443534,70570269.0,70570269.0,1.0
factual,255,51,5,Hunan Province,0.6422140408228364,70570269.0,70570269.0,1.0
factual,256,52,1,Hunan Province,0.5289002904890696,70570269.0,70570269.0,1.0
factual,257,52,2,Hunan Province,-0.1644736034254354,70570269.0,70570269.0,1.0
factual,258,52,3,Hunan Province,-0.3138396646289639,70570269.0,70570269.0,1.0
factual,259,52,4,Hunan Province,-0.8685401387451794,70570269.0,70570269.0,1.0
factual,260,52,5,Hunan Province,-0.3334270272912706,70570269.0,70570269.0,1.0
factual,261,53,1,Hunan Province,0.9316377542358225,70570269.0,70570269.0,1.0
factual,262,53,2,Hunan Province,-0.5559149051650728,70570269.0,70570269.0,1.0
factual,263,53,3,Hunan Province,1.1134687174255617,70570269.0,70570269.0,1.0
factual,264,53,4,Hunan Province,1.0441330858747582,70570269.0,70570269.0,1.0
factual,265,53,5,Hunan Province,0.05049785910107317,70570269.0,70570269.0,1.0
factual,266,54,1,Hunan Province,-0.36816237762258414,70570269.0,70570269.0,1.0
factual,267,54,2,Hunan Province,0.42346969620969166,70570269.0,70570269.0,1.0
factual,268,54,3,Hunan Province,0.3251420840747984,70570269.0,70570269.0,1.0
factual,269,54,4,Hunan Province,0.7027474021038242,70570269.0,70570269.0,1.0
factual,270,54,5,Hunan Province,0.5553295188314554,70570269.0,70570269.0,1.0
factual,271,55,1,Hunan Province,0.9943717789152865,70570269.0,70570269.0,1.0
factual,272,55,2,Hunan Province,-0.681530434473837,70570269.0,70570269.0,1.0
factual,273,55,3,Hunan Province,0.7856435103549612,70570269.0,70570269.0,1.0
factual,274,55,4,Hunan Province,-0.36542343184513343,70570269.0,70570269.0,1.0
factual,275,55,5,Hunan Province,-0.14556863267110484,70570269.0,70570269.0,1.0
factual,276,56,1,Hunan Province,-0.5360489251466126,70570269.0,70570269.0,1.0
factual,277,56,2,Hunan Province,0.5884051082782519,70570269.0,70570269.0,1.0
factual,278,56,3,Hunan Province,0.8154956391188664,70570269.0,70570269.0,1.0
factual,279,56,4,Hunan Province,0.19938197621617818,70570269.0,70570269.0,1.0
factual,280,56,5,Hunan Province,0.3815140739253567,70570269.0,70570269.0,1.0
factual,281,57,1,Hunan Province,-1.553791708031173,70570269.0,70570269.0,1.0
factual,282,57,2,Hunan Province,-0.8755724713264702,70570269.0,70570269.0,1.0
factual,283,57,3,Hunan Province,-0.8082313118778937,70570269.0,70570269.0,1.0
factual,284,57,4,Hunan Province,0.40998713200728737,70570269.0,70570269.0,1.0
factual,285,57,5,Hunan Province,-0.2998180340598316,70570269.0,70570269.0,1.0
factual,286,58,1,Hunan Province,0.30791213943118706,70570269.0,70570269.0,1.0
factual,287,58,2,Hunan Province,0.21078489815684445,70570269.0,70570269.0,1.0
factual,288,58,3,Hunan Province,0.2676706435378095,70570269.0,70570269.0,1.0
factual,289,58,4,Hunan Province,0.15098549407376677,70570269.0,70570269.0,1.0
factual,290,58,5,Hunan Province,0.9365453571947702,70570269.0,70570269.0,1.0
factual,291,59,1,Hunan Province,-0.18226707347699644,70570269.0,70570269.0,1.0
factual,292,59,2,Hunan Province,0.6558953464453698,70570269.0,70570269.0,1.0
factual,293,59,3,Hunan Province,0.07465487910743247,70570269.0,70570269.0,1.0
factual,294,59,4,Hunan Province,-0.10067650089568207,70570269.0,70570269.0,1.0
factual,295,59,5,Hunan Province,0.22153506423376648,70570269.0,70570269.0,1.0
factual,296,60,1,Hunan Province,-0.3142815840954379,70570269.0,70570269.0,1.0
factual,297,60,2,Hunan Province,-0.7746679161515004,70570269.0,70570269.0,1.0
factual,298,60,3,Hunan Province,-0.24674627039248573,70570269.0,70570269.0,1.0
factual,299,60,4,Hunan Province,0.020782767948831944,70570269.0,70570269.0,1.0
factual,300,60,5,Hunan Province,0.35303897598724104,70570269.0,70570269.0,1.0
factual,301,61,1,Hunan Province,0.5120603545383655,70570269.0,70570269.0,1.0
factual,302,61,2,Hunan Province,-0.671952390433728,70570269.0,70570269.0,1.0
factual,303,61,3,Hunan Province,-0.014347909197305761,70570269.0,70570269.0,1.0
factual,304,61,4,Hunan Province,0.8117304928781831,70570269.0,70570269.0,1.0
factual,305,61,5,Hunan Province,-1.1676451748636156,70570269.0,70570269.0,1.0
factual,306,62,1,Hunan Province,-0.4631963030662132,70570269.0,70570269.0,1.0
factual,307,62,2,Hunan Province,0.567628596676498,70570269.0,70570269.0,1.0
factual,308,62,3,Hunan Province,-0.38291561706050686,70570269.0,70570269.0,1.0
factual,309,62,4,Hunan Province,0.10704715018623213,70570269.0,70570269.0,1.0
factual,310,62,5,Hunan Province,-0.03008027493872075,70570269.0,70570269.0,1.0
factual,311,63,1,Hunan Province,-0.3378711536248829,70570269.0,70570269.0,1.0
factual,312,63,2,Hunan Province,0.04585574881026713,70570269.0,70570269.0,1.0
factual,313,63,3,Hunan Province,-0.21265052833782222,70570269.0,70570269.0,1.0
factual,314,63,4,Hunan Province,-0.9100088042120613,70570269.0,70570269.0,1.0
factual,315,63,5,Hunan Province,-0.14391163963985248,70570269.0,70570269.0,1.0
factual,316,64,1,Hunan Province,0.21369289548035095,70570269.0,70570269.0,1.0
factual,317,64,2,Hunan Province,0.2765918742647675,70570269.0,70570269.0,1.0
factual,318,64,3,Hunan Province,0.21759577546584347,70570269.0,70570269.0,1.0
factual,319,64,4,Hunan Province,0.69616685940064,70570269.0,70570269.0,1.0
factual,320,64,5,Hunan Province,0.44824791920171286,70570269.0,70570269.0,1.0
factual,321,65,1,Hunan Province,0.261019297673346,70570269.0,70570269.0,1.0
factual,322,65,2,Hunan Province,1.0394783298486598,70570269.0,70570269.0,1.0
factual,323,65,3,Hunan Province,0.4161330491318059,70570269.0,70570269.0,1.0
factual,324,65,4,Hunan Province,-0.5726543467562045,70570269.0,70570269.0,1.0
factual,325,65,5,Hunan Province,0.1089351762877911,70570269.0,70570269.0,1.0
factual,326,66,1,Hunan Province,-0.43608200011838544,70570269.0,70570269.0,1.0
factual,327,66,2,Hunan Province,-1.0584856004308165,70570269.0,70570269.0,1.0
factual,328,66,3,Hunan Province,0.10204016639880863,70570269.0,70570269.0,1.0
factual,329,66,4,Hunan Province,0.05621625490507983,70570269.0,70570269.0,1.0
factual,330,66,5,Hunan Province,0.06320957322538157,70570269.0,70570269.0,1.0
factual,331,67,1,Hunan Province,0.9265239393311722,70570269.0,70570269.0,1.0
factual,332,67,2,Hunan Province,-0.6152625246869258,70570269.0,70570269.0,1.0
factual,333,67,3,Hunan Province,-0.06242270200733241,70570269.0,70570269.0,1.0
factual,334,67,4,Hunan Province,0.42088997085520874,70570269.0,70570269.0,1.0
factual,335,67,5,Hunan Province,0.5038371192757104,70570269.0,70570269.0,1.0
factual,336,68,1,Hunan Province,-0.1580458312047503,70570269.0,70570269.0,1.0
factual,337,68,2,Hunan Province,-1.0617633608487869,70570269.0,70570269.0,1.0
factual,338,68,3,Hunan Province,-0.41521067428066233,70570269.0,70570269.0,1.0
factual,339,68,4,Hunan Province,0.4856875568517486,70570269.0,70570269.0,1.0
factual,340,68,5,Hunan Province,0.020711107615993537,70570269.0,70570269.0,1.0
factual,341,69,1,Hunan Province,-0.6834737779717481,70570269.0,70570269.0,1.0
factual,342,69,2,Hunan Province,0.3220337817067368,70570269.0,70570269.0,1.0
factual,343,69,3,Hunan Province,0.2472055353572561,70570269.0,70570269.0,1.0
factual,344,69,4,Hunan Province,-0.5672400967318406,70570269.0,70570269.0,1.0
factual,345,69,5,Hunan Province,0.008425458168575468,70570269.0,70570269.0,1.0
factual,346,70,1,Hunan Province,0.2592278458740167,70570269.0,70570269.0,1.0
factual,347,70,2,Hunan Province,-0.7935375705028934,70570269.0,70570269.0,1.0
factual,348,70,3,Hunan Province,0.43653742331142115,70570269.0,70570269.0,1.0
factual,349,70,4,Hunan Province,-0.9180846434258839,70570269.0,70570269.0,1.0
factual,350,70,5,Hunan Province,-0.5680970644883341,70570269.0,70570269.0,1.0
factual,351,71,1,Hunan Province,-0.547643020359266,70570269.0,70570269.0,1.0
factual,352,71,2,Hunan Province,-1.020745768616579,70570269.0,70570269.0,1.0
factual,353,71,3,Hunan Province,-1.1799044977934536,70570269.0,70570269.0,1.0
factual,354,71,4,Hunan Province,-0.528970448834113,70570269.0,70570269.0,1.0
factual,355,71,5,Hunan Province,0.8975369288045317,70570269.0,70570269.0,1.0
factual,356,72,1,Hunan Province,0.4807717819370762,70570269.0,70570269.0,1.0
factual,357,72,2,Hunan Province,0.8203632429897302,70570269.0,70570269.0,1.0
factual,358,72,3,Hunan Province,0.07438574705861331,70570269.0,70570269.0,1.0
factual,359,72,4,Hunan Province,-0.16163969335336933,70570269.0,70570269.0,1.0
factual,360,72,5,Hunan Province,0.3758081618914145,70570269.0,70570269.0,1.0
factual,361,73,1,Hunan Province,-0.3364353921792157,70570269.0,70570269.0,1.0
factual,362,73,2,Hunan Province,-0.5804671500408559,70570269.0,70570269.0,1.0
factual,363,73,3,Hunan Province,-0.5836696836758503,70570269.0,70570269.0,1.0
factual,364,73,4,Hunan Province,-0.5092075055368354,70570269.0,70570269.0,1.0
factual,365,73,5,Hunan Province,-0.2635753888827167,70570269.0,70570269.0,1.0
factual,366,74,1,Hunan Province,-0.12935423706832666,70570269.0,70570269.0,1.0
factual,367,74,2,Hunan Province,-0.5274259188351624,70570269.0,70570269.0,1.0
factual,368,74,3,Hunan Province,-0.6915507675414765,70570269.0,70570269.0,1.0
factual,369,74,4,Hunan Province,-1.1977902643933183,70570269.0,70570269.0,1.0
factual,370,74,5,Hunan Province,-0.5194819151115633,70570269.0,70570269.0,1.0
factual,371,75,1,Hunan Province,0.05410120773449881,70570269.0,70570269.0,1.0
factual,372,75,2,Hunan Province,-1.346653871138882,70570269.0,70570269.0,1.0
factual,373,75,3,Hunan Province,0.3752022231164556,70570269.0,70570269.0,1.0
factual,374,75,4,Hunan Province,0.46408406735410196,70570269.0,70570269.0,1.0
factual,375,75,5,Hunan Province,0.4121427271107142,70570269.0,70570269.0,1.0
factual,376,76,1,Hunan Province,0.6487963612008201,70570269.0,70570269.0,1.0
factual,377,76,2,Hunan Province,1.0159001987805458,70570269.0,70570269.0,1.0
factual,378,76,3,Hunan Province,-0.5337435098805923,70570269.0,70570269.0,1.0
factual,379,76,4,Hunan Province,0.09329996904135249,70570269.0,70570269.0,1.0
factual,380,76,5,Hunan Province,-1.2234667466234381,70570269.0,70570269.0,1.0
factual,381,77,1,Hunan Province,-1.0947028678357704,70570269.0,70570269.0,1.0
factual,382,77,2,Hunan Province,-0.9269807259444938,70570269.0,70570269.0,1.0
factual,383,77,3,Hunan Province,-0.07548280623068569,70570269.0,70570269.0,1.0
factual,384,77,4,Hunan Province,0.5401747475693502,70570269.0,70570269.0,1.0
factual,385,77,5,Hunan Province,-0.4281429547211665,70570269.0,70570269.0,1.0
factual,386,78,1,Hunan Province,-0.5419206865399845,70570269.0,70570269.0,1.0
factual,387,78,2,Hunan Province,0.6979281939397162,70570269.0,70570269.0,1.0
factual,388,78,3,Hunan Province,0.46896649050204847,70570269.0,70570269.0,1.0
factual,389,78,4,Hunan Province,-0.13200581688468693,70570269.0,70570269.0,1.0
factual,390,78,5,Hunan Province,0.26171890931583003,70570269.0,70570269.0,1.0
factual,391,79,1,Hunan Province,0.32970897697925117,70570269.0,70570269.0,1.0
factual,392,79,2,Hunan Province,-0.07361178318526428,70570269.0,70570269.0,1.0
factual,393,79,3,Hunan Province,0.5323951662047437,70570269.0,70570269.0,1.0
factual,394,79,4,Hunan Province,0.7111244940705254,70570269.0,70570269.0,1.0
factual,395,79,5,Hunan Province,-0.03200540125205659,70570269.0,70570269.0,1.0
factual,396,80,1,Hunan Province,-0.3286797206706365,70570269.0,70570269.0,1.0
factual,397,80,2,Hunan Province,-0.3319723368478915,70570269.0,70570269.0,1.0
factual,398,80,3,Hunan Province,0.10711058846454564,70570269.0,70570269.0,1.0
factual,399,80,4,Hunan Province,-0.048432537466581854,70570269.0,70570269.0,1.0
factual,400,80,5,Hunan Province,-0.26407185609089473,70570269.0,70570269.0,1.0
factual,401,81,1,Hunan Province,-0.7957257967724853,70570269.0,70570269.0,1.0
factual,402,81,2,Hunan Province,0.6951943427683993,70570269.0,70570269.0,1.0
factual,403,81,3,Hunan Province,-0.06087648555536984,70570269.0,70570269.0,1.0
factual,404,81,4,Hunan Province,-0.5365927122274023,70570269.0,70570269.0,1.0
factual,405,81,5,Hunan Province,0.37912056474667766,70570269.0,70570269.0,1.0
factual,406,82,1,Hunan Province,-0.0154197547555434,70570269.0,70570269.0,1.0
factual,407,82,2,Hunan Province,0.48550992370241647,70570269.0,70570269.0,1.0
factual,408,82,3,Hunan Province,-0.4565409506909839,70570269.0,70570269.0,1.0
factual,409,82,4,Hunan Province,0.6621229722211937,70570269.0,70570269.0,1.0
factual,410,82,5,Hunan Province,-0.7324157599823545,70570269.0,70570269.0,1.0
factual,411,83,1,Hunan Province,0.28016546679968496,70570269.0,70570269.0,1.0
factual,412,83,2,Hunan Province,-0.8535519650020044,70570269.0,70570269.0,1.0
factual,413,83,3,Hunan Province,-0.3147090059812095,70570269.0,70570269.0,1.0
factual,414,83,4,Hunan Province,-0.24568762343441997,70570269.0,70570269.0,1.0
factual,415,83,5,Hunan Province,-0.19118812857356185,70570269.0,70570269.0,1.0
factual,416,84,1,Hunan Province,-0.1390009207838044,70570269.0,70570269.0,1.0
factual,417,84,2,Hunan Province,-0.4108308093852688,70570269.0,70570269.0,1.0
factual,418,84,3,Hunan Province,1.0800514448305178,70570269.0,70570269.0,1.0
factual,419,84,4,Hunan Province,-0.8038516261733489,70570269.0,70570269.0,1.0
factual,420,84,5,Hunan Province,-0.32805092735425906,70570269.0,70570269.0,1.0
factual,421,85,1,Hunan Province,0.6700090777843958,70570269.0,70570269.0,1.0
factual,422,85,2,Hunan Province,0.4807806993338927,70570269.0,70570269.0,1.0
factual,423,85,3,Hunan Province,-0.29114977810652326,70570269.0,70570269.0,1.0
factual,424,85,4,Hunan Province,0.0716247625655774,70570269.0,70570269.0,1.0
factual,425,85,5,Hunan Province,-0.9470307984080855,70570269.0,70570269.0,1.0
factual,426,86,1,Hunan Province,0.1220044634799609,70570269.0,70570269.0,1.0
factual,427,86,2,Hunan Province,0.2675058342928367,70570269.0,70570269.0,1.0
factual,428,86,3,Hunan Province,0.5425728456617518,70570269.0,70570269.0,1.0
factual,429,86,4,Hunan Province,0.7317336372997176,70570269.0,70570269.0,1.0
factual,430,86,5,Hunan Province,-0.54727447003516,70570269.0,70570269.0,1.0
factual,431,87,1,Hunan Province,0.46662076263502633,70570269.0,70570269.0,1.0
factual,432,87,2,Hunan Province,0.4023803748124944,70570269.0,70570269.0,1.0
factual,433,87,3,Hunan Province,-0.24002689545434278,70570269.0,70570269.0,1.0
factual,434,87,4,Hunan Province,-0.35539732558599924,70570269.0,70570269.0,1.0
factual,435,87,5,Hunan Province,-0.9368481903439579,70570269.0,70570269.0,1.0
factual,436,88,1,Hunan Province,0.5027849149469704,70570269.0,70570269.0,1.0
factual,437,88,2,Hunan Province,0.24780241287806193,70570269.0,70570269.0,1.0
factual,438,88,3,Hunan Province,0.8008637081714768,70570269.0,70570269.0,1.0
factual,439,88,4,Hunan Province,0.04696548304605869,70570269.0,70570269.0,1.0
factual,440,88,5,Hunan Province,1.2882792531400313,70570269.0,70570269.0,1.0
factual,441,89,1,Hunan Province,0.29773214075388643,70570269.0,70570269.0,1.0
factual,442,89,2,Hunan Province,0.39709624767568685,70570269.0,70570269.0,1.0
factual,443,89,3,Hunan Province,-1.0394290054408994,70570269.0,70570269.0,1.0
factual,444,89,4,Hunan Province,0.6540412890346924,70570269.0,70570269.0,1.0
factual,445,89,5,Hunan Province,-0.42952100160365125,70570269.0,70570269.0,1.0
factual,446,90,1,Hunan Province,-0.38953444054851677,70570269.0,70570269.0,1.0
factual,447,90,2,Hunan Province,-0.22762744800781876,70570269.0,70570269.0,1.0
factual,448,90,3,Hunan Province,0.9056746029639147,70570269.0,70570269.0,1.0
factual,449,90,4,Hunan Province,0.528792589073127,70570269.0,70570269.0,1.0
factual,450,90,5,Hunan Province,0.2689432073327507,70570269.0,70570269.0,1.0
factual,451,91,1,Hunan Province,0.43770947588618514,70570269.0,70570269.0,1.0
factual,452,91,2,Hunan Province,-0.22885866830840437,70570269.0,70570269.0,1.0
factual,453,91,3,Hunan Province,0.7277054000416276,70570269.0,70570269.0,1.0
factual,454,91,4,Hunan Province,0.6365169239094167,70570269.0,70570269.0,1.0
factual,455,91,5,Hunan Province,-0.3249493256258522,70570269.0,70570269.0,1.0
factual,456,92,1,Hunan Province,0.5082117766611736,70570269.0,70570269.0,1.0
factual,457,92,2,Hunan Province,0.3639553983807756,70570269.0,70570269.0,1.0
factual,458,92,3,Hunan Province,-0.8403941607145426,70570269.0,70570269.0,1.0
factual,459,92,4,Hunan Province,0.08061955826480104,70570269.0,70570269.0,1.0
factual,460,92,5,Hunan Province,-1.1564290987371908,70570269.0,70570269.0,1.0
factual,461,93,1,Hunan Province,-0.5209034446714025,70570269.0,70570269.0,1.0
factual,462,93,2,Hunan Province,0.6452523208101636,70570269.0,70570269.0,1.0
factual,463,93,3,Hunan Province,0.9378766512182218,70570269.0,70570269.0,1.0
factual,464,93,4,Hunan Province,0.08818820915174162,70570269.0,70570269.0,1.0
factual,465,93,5,Hunan Province,-1.2907347714724524,70570269.0,70570269.0,1.0
factual,466,94,1,Hunan Province,0.10210631768735799,70570269.0,70570269.0,1.0
factual,467,94,2,Hunan Province,0.03430679237470829,70570269.0,70570269.0,1.0
factual,468,94,3,Hunan Province,-0.8024205020562101,70570269.0,70570269.0,1.0
factual,469,94,4,Hunan Province,-0.7402949931399183,70570269.0,70570269.0,1.0
factual,470,94,5,Hunan Province,0.9004058540032813,70570269.0,70570269.0,1.0
factual,471,95,1,Hunan Province,-0.3312521685244278,70570269.0,70570269.0,1.0
factual,472,95,2,Hunan Province,-0.026771744783763884,70570269.0,70570269.0,1.0
factual,473,95,3,Hunan Province,-0.39778236188540483,70570269.0,70570269.0,1.0
factual,474,95,4,Hunan Province,0.2096429352502898,70570269.0,70570269.0,1.0
factual,475,95,5,Hunan Province,0.3312569747751617,70570269.0,70570269.0,1.0
factual,476,96,1,Hunan Province,0.45263948180094804,70570269.0,70570269.0,1.0
factual,477,96,2,Hunan Province,0.28880178636899156,70570269.0,70570269.0,1.0
factual,478,96,3,Hunan Province,-0.9799393006840746,70570269.0,70570269.0,1.0
factual,479,96,4,Hunan Province,0.5570030446485763,70570269.0,70570269.0,1.0
factual,480,96,5,Hunan Province,0.2966313483268094,70570269.0,70570269.0,1.0
factual,481,97,1,Hunan Province,0.311319230535572,70570269.0,70570269.0,1.0
factual,482,97,2,Hunan Province,-0.3054854398422197,70570269.0,70570269.0,1.0
factual,483,97,3,Hunan Province,0.25691517146615356,70570269.0,70570269.0,1.0
factual,484,97,4,Hunan Province,0.5560155646004252,70570269.0,70570269.0,1.0
factual,485,97,5,Hunan Province,0.9105263674269545,70570269.0,70570269.0,1.0
factual,486,98,1,Hunan Province,-0.542516119716056,70570269.0,70570269.0,1.0
factual,487,98,2,Hunan Province,0.7715856685363595,70570269.0,70570269.0,1.0
factual,488,98,3,Hunan Province,-0.9641514179019727,70570269.0,70570269.0,1.0
factual,489,98,4,Hunan Province,-0.11588209550662472,70570269.0,70570269.0,1.0
factual,490,98,5,Hunan Province,-0.6199914314998308,70570269.0,70570269.0,1.0
factual,491,99,1,Hunan Province,0.156964973249714,70570269.0,70570269.0,1.0
factual,492,99,2,Hunan Province,1.2604268103485554,70570269.0,70570269.0,1.0
factual,493,99,3,Hunan Province,0.5384191524317716,70570269.0,70570269.0,1.0
factual,494,99,4,Hunan Province,-0.1784281759737934,70570269.0,70570269.0,1.0
factual,495,99,5,Hunan Province,0.8847345436413869,70570269.0,70570269.0,1.0
factual,496,100,1,Hunan Province,1.273516820259002,70570269.0,70570269.0,1.0
factual,497,100,2,Hunan Province,-0.7559952650483922,70570269.0,70570269.0,1.0
factual,498,100,3,Hunan Province,-0.2635126980146095,70570269.0,70570269.0,1.0
factual,499,100,4,Hunan Province,-0.7711863920106623,70570269.0,70570269.0,1.0
factual,500,100,5,Hunan Province,0.22423636710183895,70570269.0,70570269.0,1.0
factual,501,101,1,Hunan Province,0.1764029880081683,70570269.0,70570269.0,1.0
factual,502,101,2,Hunan Province,0.26628437419830675,70570269.0,70570269.0,1.0
factual,503,101,3,Hunan Province,-1.2290185461382988,70570269.0,70570269.0,1.0
factual,504,101,4,Hunan Province,0.4813263653282707,70570269.0,70570269.0,1.0
factual,505,101,5,Hunan Province,-0.22201585058371745,70570269.0,70570269.0,1.0
factual,506,102,1,Hunan Province,0.35552669131130465,70570269.0,70570269.0,1.0
factual,507,102,2,Hunan Province,0.7170249014484726,70570269.0,70570269.0,1.0
factual,508,102,3,Hunan Province,0.7257974494490177,70570269.0,70570269.0,1.0
factual,509,102,4,Hunan Province,0.40725978620774894,70570269.0,70570269.0,1.0
factual,510,102,5,Hunan Province,-0.44141313006349453,70570269.0,70570269.0,1.0
factual,511,103,1,Hunan Province,-0.311554140510853,70570269.0,70570269.0,1.0
factual,512,103,2,Hunan Province,0.4856810725314817,70570269.0,70570269.0,1.0
factual,513,103,3,Hunan Province,0.7610291300319634,70570269.0,70570269.0,1.0
factual,514,103,4,Hunan Province,0.48553298992454114,70570269.0,70570269.0,1.0
factual,515,103,5,Hunan Province,0.4140797805575449,70570269.0,70570269.0,1.0
factual,516,104,1,Hunan Province,-0.06283667095614814,70570269.0,70570269.0,1.0
factual,517,104,2,Hunan Province,-0.9969201088738655,70570269.0,70570269.0,1.0
factual,518,104,3,Hunan Province,1.2536565541927962,70570269.0,70570269.0,1.0
factual,519,104,4,Hunan Province,0.16009590228199272,70570269.0,70570269.0,1.0
factual,520,104,5,Hunan Province,0.759479011605984,70570269.0,70570269.0,1.0
factual,521,105,1,Hunan Province,0.6935735487349008,70570269.0,70570269.0,1.0
factual,522,105,2,Hunan Province,-0.5675048259648026,70570269.0,70570269.0,1.0
factual,523,105,3,Hunan Province,-0.6922935051245781,70570269.0,70570269.0,1.0
factual,524,105,4,Hunan Province,0.5387678768598501,70570269.0,70570269.0,1.0
factual,525,105,5,Hunan Province,0.6787543787414884,70570269.0,70570269.0,1.0
factual,1,1,1,Guizhou Province,-0.0025743554073750243,37452218.0,37452218.0,1.0
factual,2,1,2,Guizhou Province,-0.18245490334647427,37452218.0,37452218.0,1.0
factual,3,1,3,Guizhou Province,0.47717925078588186,37452218.0,37452218.0,1.0
factual,4,1,4,Guizhou Province,0.10385312191779887,37452218.0,37452218.0,1.0
factual,5,1,5,Guizhou Province,0.30786116180127665,37452218.0,37452218.0,1.0
factual,6,2,1,Guizhou Province,0.4577880720253114,37452218.0,37452218.0,1.0
factual,7,2,2,Guizhou Province,-0.32135014300598375,37452218.0,37452218.0,1.0
factual,8,2,3,Guizhou Province,-0.11182182944971351,37452218.0,37452218.0,1.0
factual,9,2,4,Guizhou Province,-1.175785082396162,37452218.0,37452218.0,1.0
factual,10,2,5,Guizhou Province,-1.0009809613115443,37452218.0,37452218.0,1.0
factual,11,3,1,Guizhou Province,-0.22387377210962445,37452218.0,37452218.0,1.0
factual,12,3,2,Guizhou Province,-0.2909592433370162,37452218.0,37452218.0,1.0
factual,13,3,3,Guizhou Province,0.24680340388176522,37452218.0,37452218.0,1.0
factual,14,3,4,Guizhou Province,-0.839448505277462,37452218.0,37452218.0,1.0
factual,15,3,5,Guizhou Province,0.012102051230805598,37452218.0,37452218.0,1.0
factual,16,4,1,Guizhou Province,0.036211640002550026,37452218.0,37452218.0,1.0
factual,17,4,2,Guizhou Province,-0.157705933169324,37452218.0,37452218.0,1.0
factual,18,4,3,Guizhou Province,0.025904823735996178,37452218.0,37452218.0,1.0
factual,19,4,4,Guizhou Province,0.22304129200948888,37452218.0,37452218.0,1.0
factual,20,4,5,Guizhou Province,-1.3532786148800595,37452218.0,37452218.0,1.0
factual,21,5,1,Guizhou Province,-0.09834160249164207,37452218.0,37452218.0,1.0
factual,22,5,2,Guizhou Province,0.30284723491510307,37452218.0,37452218.0,1.0
factual,23,5,3,Guizhou Province,0.20690517778556106,37452218.0,37452218.0,1.0
factual,24,5,4,Guizhou Province,0.16239736707197439,37452218.0,37452218.0,1.0
factual,25,5,5,Guizhou Province,0.5881565139962844,37452218.0,37452218.0,1.0
factual,26,6,1,Guizhou Province,-0.27173811832810796,37452218.0,37452218.0,1.0
factual,27,6,2,Guizhou Province,0.04418831588537567,37452218.0,37452218.0,1.0
factual,28,6,3,Guizhou Province,0.17394509689559418,37452218.0,37452218.0,1.0
factual,29,6,4,Guizhou Province,-0.11462330586460912,37452218.0,37452218.0,1.0
factual,30,6,5,Guizhou Province,0.5541198285591942,37452218.0,37452218.0,1.0
factual,31,7,1,Guizhou Province,-0.9467211079877986,37452218.0,37452218.0,1.0
factual,32,7,2,Guizhou Province,0.6411910353658848,37452218.0,37452218.0,1.0
factual,33,7,3,Guizhou Province,0.15729438356501185,37452218.0,37452218.0,1.0
factual,34,7,4,Guizhou Province,-0.02969666617809448,37452218.0,37452218.0,1.0
factual,35,7,5,Guizhou Province,0.12342954318460589,37452218.0,37452218.0,1.0
factual,36,8,1,Guizhou Province,1.6117914419192814,37452218.0,37452218.0,1.0
factual,37,8,2,Guizhou Province,0.17221903518780474,37452218.0,37452218.0,1.0
factual,38,8,3,Guizhou Province,-1.079561810179913,37452218.0,37452218.0,1.0
factual,39,8,4,Guizhou Province,0.07080473295592594,37452218.0,37452218.0,1.0
factual,40,8,5,Guizhou Province,0.5150361523556073,37452218.0,37452218.0,1.0
factual,41,9,1,Guizhou Province,-0.5685753014541335,37452218.0,37452218.0,1.0
factual,42,9,2,Guizhou Province,0.1876830147876317,37452218.0,37452218.0,1.0
factual,43,9,3,Guizhou Province,-0.46688734712881685,37452218.0,37452218.0,1.0
factual,44,9,4,Guizhou Province,-0.047738298213121574,37452218.0,37452218.0,1.0
factual,45,9,5,Guizhou Province,-0.291970315257344,37452218.0,37452218.0,1.0
factual,46,10,1,Guizhou Province,-0.021169583809519676,37452218.0,37452218.0,1.0
factual,47,10,2,Guizhou Province,0.2513639699173938,37452218.0,37452218.0,1.0
factual,48,10,3,Guizhou Province,0.2951636497907695,37452218.0,37452218.0,1.0
factual,49,10,4,Guizhou Province,0.11695711387049368,37452218.0,37452218.0,1.0
factual,50,10,5,Guizhou Province,-0.5855637560866235,37452218.0,37452218.0,1.0
factual,51,11,1,Guizhou Province,0.8184358404349609,37452218.0,37452218.0,1.0
factual,52,11,2,Guizhou Province,-0.7832984995910663,37452218.0,37452218.0,1.0
factual,53,11,3,Guizhou Province,-0.15551600109881303,37452218.0,37452218.0,1.0
factual,54,11,4,Guizhou Province,1.032291037844758,37452218.0,37452218.0,1.0
factual,55,11,5,Guizhou Province,0.3249558701058309,37452218.0,37452218.0,1.0
factual,56,12,1,Guizhou Province,-0.003606019398669421,37452218.0,37452218.0,1.0
factual,57,12,2,Guizhou Province,0.8130252228355537,37452218.0,37452218.0,1.0
factual,58,12,3,Guizhou Province,-1.0165372738265679,37452218.0,37452218.0,1.0
factual,59,12,4,Guizhou Province,-0.44779477985779886,37452218.0,37452218.0,1.0
factual,60,12,5,Guizhou Province,0.16696481013090037,37452218.0,37452218.0,1.0
factual,61,13,1,Guizhou Province,0.31634880854747643,37452218.0,37452218.0,1.0
factual,62,13,2,Guizhou Province,-0.5009755956725197,37452218.0,37452218.0,1.0
factual,63,13,3,Guizhou Province,0.5218219317998293,37452218.0,37452218.0,1.0
factual,64,13,4,Guizhou Province,-0.9410888384412758,37452218.0,37452218.0,1.0
factual,65,13,5,Guizhou Province,0.250190661169986,37452218.0,37452218.0,1.0
factual,66,14,1,Guizhou Province,0.12786170539500044,37452218.0,37452218.0,1.0
factual,67,14,2,Guizhou Province,-0.45974843985384967,37452218.0,37452218.0,1.0
factual,68,14,3,Guizhou Province,-0.17652589575360128,37452218.0,37452218.0,1.0
factual,69,14,4,Guizhou Province,0.6661274105832373,37452218.0,37452218.0,1.0
factual,70,14,5,Guizhou Province,-0.48781324785117064,37452218.0,37452218.0,1.0
factual,71,15,1,Guizhou Province,-0.06109378463102306,37452218.0,37452218.0,1.0
factual,72,15,2,Guizhou Province,-0.24259250563191864,37452218.0,37452218.0,1.0
factual,73,15,3,Guizhou Province,0.011278527890213422,37452218.0,37452218.0,1.0
factual,74,15,4,Guizhou Province,0.17696804690062487,37452218.0,37452218.0,1.0
factual,75,15,5,Guizhou Province,-0.2641340102640162,37452218.0,37452218.0,1.0
factual,76,16,1,Guizhou Province,-0.011536115769786108,37452218.0,37452218.0,1.0
factual,77,16,2,Guizhou Province,0.4209592927141262,37452218.0,37452218.0,1.0
factual,78,16,3,Guizhou Province,0.286393409621882,37452218.0,37452218.0,1.0
factual,79,16,4,Guizhou Province,0.011097609891395853,37452218.0,37452218.0,1.0
factual,80,16,5,Guizhou Province,0.4906677958438692,37452218.0,37452218.0,1.0
factual,81,17,1,Guizhou Province,0.03546307134249147,37452218.0,37452218.0,1.0
factual,82,17,2,Guizhou Province,-0.4347050092671645,37452218.0,37452218.0,1.0
factual,83,17,3,Guizhou Province,-0.3214440941002004,37452218.0,37452218.0,1.0
factual,84,17,4,Guizhou Province,0.4184476197675371,37452218.0,37452218.0,1.0
factual,85,17,5,Guizhou Province,-0.16746601322517113,37452218.0,37452218.0,1.0
factual,86,18,1,Guizhou Province,0.45220842060847766,37452218.0,37452218.0,1.0
factual,87,18,2,Guizhou Province,0.834197458284751,37452218.0,37452218.0,1.0
factual,88,18,3,Guizhou Province,-0.1023323086628489,37452218.0,37452218.0,1.0
factual,89,18,4,Guizhou Province,-1.1684211091347736,37452218.0,37452218.0,1.0
factual,90,18,5,Guizhou Province,-0.13580131851009683,37452218.0,37452218.0,1.0
factual,91,19,1,Guizhou Province,0.27584168333448295,37452218.0,37452218.0,1.0
factual,92,19,2,Guizhou Province,0.23975246522463795,37452218.0,37452218.0,1.0
factual,93,19,3,Guizhou Province,0.25737137098316465,37452218.0,37452218.0,1.0
factual,94,19,4,Guizhou Province,0.4292429503915409,37452218.0,37452218.0,1.0
factual,95,19,5,Guizhou Province,-0.03347854532239304,37452218.0,37452218.0,1.0
factual,96,20,1,Guizhou Province,-0.6734922251607939,37452218.0,37452218.0,1.0
factual,97,20,2,Guizhou Province,-0.2857720905143326,37452218.0,37452218.0,1.0
factual,98,20,3,Guizhou Province,-0.26233370144946794,37452218.0,37452218.0,1.0
factual,99,20,4,Guizhou Province,0.2559219162130299,37452218.0,37452218.0,1.0
factual,100,20,5,Guizhou Province,-0.5620533592077965,37452218.0,37452218.0,1.0
factual,101,21,1,Guizhou Province,0.6009238792840624,37452218.0,37452218.0,1.0
factual,102,21,2,Guizhou Province,0.8745538445212421,37452218.0,37452218.0,1.0
factual,103,21,3,Guizhou Province,0.5646531949359911,37452218.0,37452218.0,1.0
factual,104,21,4,Guizhou Province,-0.13164736017686893,37452218.0,37452218.0,1.0
factual,105,21,5,Guizhou Province,0.47919042455749994,37452218.0,37452218.0,1.0
factual,106,22,1,Guizhou Province,0.5250713249051056,37452218.0,37452218.0,1.0
factual,107,22,2,Guizhou Province,0.5522664605782518,37452218.0,37452218.0,1.0
factual,108,22,3,Guizhou Province,0.29831499444771925,37452218.0,37452218.0,1.0
factual,109,22,4,Guizhou Province,0.29918485379807336,37452218.0,37452218.0,1.0
factual,110,22,5,Guizhou Province,0.011527287368496614,37452218.0,37452218.0,1.0
factual,111,23,1,Guizhou Province,-0.0494309854715605,37452218.0,37452218.0,1.0
factual,112,23,2,Guizhou Province,0.5549247801559535,37452218.0,37452218.0,1.0
factual,113,23,3,Guizhou Province,-0.42109158746127207,37452218.0,37452218.0,1.0
factual,114,23,4,Guizhou Province,0.0227174985601627,37452218.0,37452218.0,1.0
factual,115,23,5,Guizhou Province,-0.19628668676835773,37452218.0,37452218.0,1.0
factual,116,24,1,Guizhou Province,-0.8201247831602339,37452218.0,37452218.0,1.0
factual,117,24,2,Guizhou Province,-0.35144551735666074,37452218.0,37452218.0,1.0
factual,118,24,3,Guizhou Province,-0.5090017250836323,37452218.0,37452218.0,1.0
factual,119,24,4,Guizhou Province,0.24100334043814997,37452218.0,37452218.0,1.0
factual,120,24,5,Guizhou Province,0.49766378507337555,37452218.0,37452218.0,1.0
factual,121,25,1,Guizhou Province,-0.5630918024527145,37452218.0,37452218.0,1.0
factual,122,25,2,Guizhou Province,-0.6963063329902601,37452218.0,37452218.0,1.0
factual,123,25,3,Guizhou Province,-0.8261408377858792,37452218.0,37452218.0,1.0
factual,124,25,4,Guizhou Province,-0.036383562293969295,37452218.0,37452218.0,1.0
factual,125,25,5,Guizhou Province,0.030109266406689632,37452218.0,37452218.0,1.0
factual,126,26,1,Guizhou Province,0.5388796401196484,37452218.0,37452218.0,1.0
factual,127,26,2,Guizhou Province,0.38477511192506847,37452218.0,37452218.0,1.0
factual,128,26,3,Guizhou Province,0.942803724810615,37452218.0,37452218.0,1.0
factual,129,26,4,Guizhou Province,0.17811157847101236,37452218.0,37452218.0,1.0
factual,130,26,5,Guizhou Province,0.02526549349135273,37452218.0,37452218.0,1.0
factual,131,27,1,Guizhou Province,-0.11810840114809573,37452218.0,37452218.0,1.0
factual,132,27,2,Guizhou Province,0.972551582257442,37452218.0,37452218.0,1.0
factual,133,27,3,Guizhou Province,-0.38460952448097735,37452218.0,37452218.0,1.0
factual,134,27,4,Guizhou Province,0.704316465131157,37452218.0,37452218.0,1.0
factual,135,27,5,Guizhou Province,-0.7825761344585281,37452218.0,37452218.0,1.0
factual,136,28,1,Guizhou Province,0.43264049788147724,37452218.0,37452218.0,1.0
factual,137,28,2,Guizhou Province,0.048811367619603675,37452218.0,37452218.0,1.0
factual,138,28,3,Guizhou Province,0.04535775322833729,37452218.0,37452218.0,1.0
factual,139,28,4,Guizhou Province,0.35341397600212127,37452218.0,37452218.0,1.0
factual,140,28,5,Guizhou Province,0.11971149009704604,37452218.0,37452218.0,1.0
factual,141,29,1,Guizhou Province,0.5154233933533421,37452218.0,37452218.0,1.0
factual,142,29,2,Guizhou Province,-0.29017403371600187,37452218.0,37452218.0,1.0
factual,143,29,3,Guizhou Province,-0.3043162563789522,37452218.0,37452218.0,1.0
factual,144,29,4,Guizhou Province,-0.1663548358036881,37452218.0,37452218.0,1.0
factual,145,29,5,Guizhou Province,0.5310671597694415,37452218.0,37452218.0,1.0
factual,146,30,1,Guizhou Province,1.4469672770378361,37452218.0,37452218.0,1.0
factual,147,30,2,Guizhou Province,0.07813960638057772,37452218.0,37452218.0,1.0
factual,148,30,3,Guizhou Province,-0.040521590258081115,37452218.0,37452218.0,1.0
factual,149,30,4,Guizhou Province,-0.03570065575319171,37452218.0,37452218.0,1.0
factual,150,30,5,Guizhou Province,0.030436211834810833,37452218.0,37452218.0,1.0
factual,151,31,1,Guizhou Province,0.38647350886062476,37452218.0,37452218.0,1.0
factual,152,31,2,Guizhou Province,-0.11569447242838833,37452218.0,37452218.0,1.0
factual,153,31,3,Guizhou Province,0.6110113903320639,37452218.0,37452218.0,1.0
factual,154,31,4,Guizhou Province,-0.649863904147883,37452218.0,37452218.0,1.0
factual,155,31,5,Guizhou Province,0.885512161456871,37452218.0,37452218.0,1.0
factual,156,32,1,Guizhou Province,-0.05206835981808093,37452218.0,37452218.0,1.0
factual,157,32,2,Guizhou Province,0.3633361991691539,37452218.0,37452218.0,1.0
factual,158,32,3,Guizhou Province,0.749231598016826,37452218.0,37452218.0,1.0
factual,159,32,4,Guizhou Province,-0.0544743041255999,37452218.0,37452218.0,1.0
factual,160,32,5,Guizhou Province,0.10196950667002457,37452218.0,37452218.0,1.0
factual,161,33,1,Guizhou Province,0.06272437069027584,37452218.0,37452218.0,1.0
factual,162,33,2,Guizhou Province,0.5272006583474632,37452218.0,37452218.0,1.0
factual,163,33,3,Guizhou Province,-0.4843385083548447,37452218.0,37452218.0,1.0
factual,164,33,4,Guizhou Province,0.4615137631748666,37452218.0,37452218.0,1.0
factual,165,33,5,Guizhou Province,0.3362475860039323,37452218.0,37452218.0,1.0
factual,166,34,1,Guizhou Province,-0.18784071184183648,37452218.0,37452218.0,1.0
factual,167,34,2,Guizhou Province,0.9668245547035955,37452218.0,37452218.0,1.0
factual,168,34,3,Guizhou Province,-0.37446068876256444,37452218.0,37452218.0,1.0
factual,169,34,4,Guizhou Province,0.8884459639671471,37452218.0,37452218.0,1.0
factual,170,34,5,Guizhou Province,0.2943059013221134,37452218.0,37452218.0,1.0
factual,171,35,1,Guizhou Province,-0.1874994366479832,37452218.0,37452218.0,1.0
factual,172,35,2,Guizhou Province,0.06241036347461006,37452218.0,37452218.0,1.0
factual,173,35,3,Guizhou Province,-0.18553953453927935,37452218.0,37452218.0,1.0
factual,174,35,4,Guizhou Province,-0.533153475729418,37452218.0,37452218.0,1.0
factual,175,35,5,Guizhou Province,0.3049579190350797,37452218.0,37452218.0,1.0
factual,176,36,1,Guizhou Province,-0.19358048109822285,37452218.0,37452218.0,1.0
factual,177,36,2,Guizhou Province,0.7276488493292277,37452218.0,37452218.0,1.0
factual,178,36,3,Guizhou Province,-0.11618583386464693,37452218.0,37452218.0,1.0
factual,179,36,4,Guizhou Province,-0.10529464290497231,37452218.0,37452218.0,1.0
factual,180,36,5,Guizhou Province,0.5995598605534078,37452218.0,37452218.0,1.0
factual,181,37,1,Guizhou Province,-0.7706034592193115,37452218.0,37452218.0,1.0
factual,182,37,2,Guizhou Province,0.45547523375189086,37452218.0,37452218.0,1.0
factual,183,37,3,Guizhou Province,0.3223041277674122,37452218.0,37452218.0,1.0
factual,184,37,4,Guizhou Province,0.09845004862639999,37452218.0,37452218.0,1.0
factual,185,37,5,Guizhou Province,-1.005133868710756,37452218.0,37452218.0,1.0
factual,186,38,1,Guizhou Province,0.1428158987886759,37452218.0,37452218.0,1.0
factual,187,38,2,Guizhou Province,0.18511769120609733,37452218.0,37452218.0,1.0
factual,188,38,3,Guizhou Province,-0.6055659341707927,37452218.0,37452218.0,1.0
factual,189,38,4,Guizhou Province,-0.7635584677375458,37452218.0,37452218.0,1.0
factual,190,38,5,Guizhou Province,0.637745534068973,37452218.0,37452218.0,1.0
factual,191,39,1,Guizhou Province,-0.3084039293017549,37452218.0,37452218.0,1.0
factual,192,39,2,Guizhou Province,0.28499654186971873,37452218.0,37452218.0,1.0
factual,193,39,3,Guizhou Province,-0.4174277093935455,37452218.0,37452218.0,1.0
factual,194,39,4,Guizhou Province,-0.02533525375836926,37452218.0,37452218.0,1.0
factual,195,39,5,Guizhou Province,-0.21359182943932878,37452218.0,37452218.0,1.0
factual,196,40,1,Guizhou Province,0.7816634392506366,37452218.0,37452218.0,1.0
factual,197,40,2,Guizhou Province,0.3566208684734453,37452218.0,37452218.0,1.0
factual,198,40,3,Guizhou Province,-0.637545713952103,37452218.0,37452218.0,1.0
factual,199,40,4,Guizhou Province,-0.12186390350166443,37452218.0,37452218.0,1.0
factual,200,40,5,Guizhou Province,-0.41720432882252545,37452218.0,37452218.0,1.0
factual,201,41,1,Guizhou Province,-0.608696283791637,37452218.0,37452218.0,1.0
factual,202,41,2,Guizhou Province,-1.157214354747552,37452218.0,37452218.0,1.0
factual,203,41,3,Guizhou Province,-0.29978478462096386,37452218.0,37452218.0,1.0
factual,204,41,4,Guizhou Province,-0.9749931065086762,37452218.0,37452218.0,1.0
factual,205,41,5,Guizhou Province,0.3640607753912186,37452218.0,37452218.0,1.0
factual,206,42,1,Guizhou Province,0.13443723726482293,37452218.0,37452218.0,1.0
factual,207,42,2,Guizhou Province,0.5875456448576336,37452218.0,37452218.0,1.0
factual,208,42,3,Guizhou Province,-0.31858409717287145,37452218.0,37452218.0,1.0
factual,209,42,4,Guizhou Province,0.35929196580938433,37452218.0,37452218.0,1.0
factual,210,42,5,Guizhou Province,0.48574222009851575,37452218.0,37452218.0,1.0
factual,211,43,1,Guizhou Province,0.34756562697027127,37452218.0,37452218.0,1.0
factual,212,43,2,Guizhou Province,-0.15278814731438697,37452218.0,37452218.0,1.0
factual,213,43,3,Guizhou Province,0.18159681556239404,37452218.0,37452218.0,1.0
factual,214,43,4,Guizhou Province,0.34969553043186014,37452218.0,37452218.0,1.0
factual,215,43,5,Guizhou Province,1.2495969517234677,37452218.0,37452218.0,1.0
factual,216,44,1,Guizhou Province,0.22178084293178238,37452218.0,37452218.0,1.0
factual,217,44,2,Guizhou Province,0.6025273649420869,37452218.0,37452218.0,1.0
factual,218,44,3,Guizhou Province,-0.3284129374962834,37452218.0,37452218.0,1.0
factual,219,44,4,Guizhou Province,-0.1366764415935166,37452218.0,37452218.0,1.0
factual,220,44,5,Guizhou Province,0.33315923042134565,37452218.0,37452218.0,1.0
factual,221,45,1,Guizhou Province,-0.4569999958755522,37452218.0,37452218.0,1.0
factual,222,45,2,Guizhou Province,-0.06631178951243408,37452218.0,37452218.0,1.0
factual,223,45,3,Guizhou Province,-0.05100723833895898,37452218.0,37452218.0,1.0
factual,224,45,4,Guizhou Province,-0.07649402075524195,37452218.0,37452218.0,1.0
factual,225,45,5,Guizhou Province,-0.1625778377374794,37452218.0,37452218.0,1.0
factual,226,46,1,Guizhou Province,0.08922344004860246,37452218.0,37452218.0,1.0
factual,227,46,2,Guizhou Province,0.4441460479783667,37452218.0,37452218.0,1.0
factual,228,46,3,Guizhou Province,-0.21308908519457298,37452218.0,37452218.0,1.0
factual,229,46,4,Guizhou Province,1.186976516683627,37452218.0,37452218.0,1.0
factual,230,46,5,Guizhou Province,0.38211141498808193,37452218.0,37452218.0,1.0
factual,231,47,1,Guizhou Province,0.11606532948088079,37452218.0,37452218.0,1.0
factual,232,47,2,Guizhou Province,-0.6938605833722364,37452218.0,37452218.0,1.0
factual,233,47,3,Guizhou Province,0.10420573765048677,37452218.0,37452218.0,1.0
factual,234,47,4,Guizhou Province,1.24881775622861,37452218.0,37452218.0,1.0
factual,235,47,5,Guizhou Province,-0.751122096478821,37452218.0,37452218.0,1.0
factual,236,48,1,Guizhou Province,0.15497822668772193,37452218.0,37452218.0,1.0
factual,237,48,2,Guizhou Province,-0.36485721245454117,37452218.0,37452218.0,1.0
factual,238,48,3,Guizhou Province,-0.47745539614534066,37452218.0,37452218.0,1.0
factual,239,48,4,Guizhou Province,0.36054912319037175,37452218.0,37452218.0,1.0
factual,240,48,5,Guizhou Province,-0.37445097898926283,37452218.0,37452218.0,1.0
factual,241,49,1,Guizhou Province,-0.22936520806372976,37452218.0,37452218.0,1.0
factual,242,49,2,Guizhou Province,-0.08312344545167573,37452218.0,37452218.0,1.0
factual,243,49,3,Guizhou Province,0.5154409411728803,37452218.0,37452218.0,1.0
factual,244,49,4,Guizhou Province,-0.035760522878116305,37452218.0,37452218.0,1.0
factual,245,49,5,Guizhou Province,0.33468681815846135,37452218.0,37452218.0,1.0
factual,246,50,1,Guizhou Province,-0.6742399246344029,37452218.0,37452218.0,1.0
factual,247,50,2,Guizhou Province,0.5975553212245709,37452218.0,37452218.0,1.0
factual,248,50,3,Guizhou Province,-0.06422838305258093,37452218.0,37452218.0,1.0
factual,249,50,4,Guizhou Province,-0.12882213065134196,37452218.0,37452218.0,1.0
factual,250,50,5,Guizhou Province,0.1128870287393578,37452218.0,37452218.0,1.0
factual,251,51,1,Guizhou Province,0.015867759313187478,37452218.0,37452218.0,1.0
factual,252,51,2,Guizhou Province,0.3557924676172969,37452218.0,37452218.0,1.0
factual,253,51,3,Guizhou Province,0.5250415509804901,37452218.0,37452218.0,1.0
factual,254,51,4,Guizhou Province,0.09240953076280128,37452218.0,37452218.0,1.0
factual,255,51,5,Guizhou Province,0.6261277862418838,37452218.0,37452218.0,1.0
factual,256,52,1,Guizhou Province,0.23220295192261314,37452218.0,37452218.0,1.0
factual,257,52,2,Guizhou Province,0.024382232916188736,37452218.0,37452218.0,1.0
factual,258,52,3,Guizhou Province,-0.050566088521805753,37452218.0,37452218.0,1.0
factual,259,52,4,Guizhou Province,0.1746773374868924,37452218.0,37452218.0,1.0
factual,260,52,5,Guizhou Province,-0.19451364085989706,37452218.0,37452218.0,1.0
factual,261,53,1,Guizhou Province,-0.23880147814741837,37452218.0,37452218.0,1.0
factual,262,53,2,Guizhou Province,-0.19028211199636386,37452218.0,37452218.0,1.0
factual,263,53,3,Guizhou Province,0.3183234111044632,37452218.0,37452218.0,1.0
factual,264,53,4,Guizhou Province,1.1028120200708518,37452218.0,37452218.0,1.0
factual,265,53,5,Guizhou Province,-0.5080080321508155,37452218.0,37452218.0,1.0
factual,266,54,1,Guizhou Province,-0.615901251655863,37452218.0,37452218.0,1.0
factual,267,54,2,Guizhou Province,-0.2696690518945793,37452218.0,37452218.0,1.0
factual,268,54,3,Guizhou Province,-0.49458006612185246,37452218.0,37452218.0,1.0
factual,269,54,4,Guizhou Province,-0.03159533971368136,37452218.0,37452218.0,1.0
factual,270,54,5,Guizhou Province,-0.6537218206028733,37452218.0,37452218.0,1.0
factual,271,55,1,Guizhou Province,0.3193668224228654,37452218.0,37452218.0,1.0
factual,272,55,2,Guizhou Province,-0.3671221999954516,37452218.0,37452218.0,1.0
factual,273,55,3,Guizhou Province,0.5902981392068544,37452218.0,37452218.0,1.0
factual,274,55,4,Guizhou Province,0.2699271615490407,37452218.0,37452218.0,1.0
factual,275,55,5,Guizhou Province,0.2772797467128321,37452218.0,37452218.0,1.0
factual,276,56,1,Guizhou Province,0.2691209259827566,37452218.0,37452218.0,1.0
factual,277,56,2,Guizhou Province,0.6115244774768858,37452218.0,37452218.0,1.0
factual,278,56,3,Guizhou Province,0.2097464543673449,37452218.0,37452218.0,1.0
factual,279,56,4,Guizhou Province,0.07549995293817159,37452218.0,37452218.0,1.0
factual,280,56,5,Guizhou Province,-0.522721737901922,37452218.0,37452218.0,1.0
factual,281,57,1,Guizhou Province,-0.22922543571194168,37452218.0,37452218.0,1.0
factual,282,57,2,Guizhou Province,0.47503956606158715,37452218.0,37452218.0,1.0
factual,283,57,3,Guizhou Province,-0.4575117172571556,37452218.0,37452218.0,1.0
factual,284,57,4,Guizhou Province,0.8942547866740786,37452218.0,37452218.0,1.0
factual,285,57,5,Guizhou Province,-0.40367980246128293,37452218.0,37452218.0,1.0
factual,286,58,1,Guizhou Province,0.5194351375206779,37452218.0,37452218.0,1.0
factual,287,58,2,Guizhou Province,0.29373733533263124,37452218.0,37452218.0,1.0
factual,288,58,3,Guizhou Province,-0.8455919634380303,37452218.0,37452218.0,1.0
factual,289,58,4,Guizhou Province,-0.3207833560820109,37452218.0,37452218.0,1.0
factual,290,58,5,Guizhou Province,1.149189080841727,37452218.0,37452218.0,1.0
factual,291,59,1,Guizhou Province,-0.10367945985793983,37452218.0,37452218.0,1.0
factual,292,59,2,Guizhou Province,0.5632103362957618,37452218.0,37452218.0,1.0
factual,293,59,3,Guizhou Province,0.4860222989252491,37452218.0,37452218.0,1.0
factual,294,59,4,Guizhou Province,-0.36402865403693363,37452218.0,37452218.0,1.0
factual,295,59,5,Guizhou Province,0.2267385856215936,37452218.0,37452218.0,1.0
factual,296,60,1,Guizhou Province,0.5813601743501857,37452218.0,37452218.0,1.0
factual,297,60,2,Guizhou Province,-0.37358949915243095,37452218.0,37452218.0,1.0
factual,298,60,3,Guizhou Province,0.9779159768179493,37452218.0,37452218.0,1.0
factual,299,60,4,Guizhou Province,-0.0646306934252429,37452218.0,37452218.0,1.0
factual,300,60,5,Guizhou Province,-0.5131130721710586,37452218.0,37452218.0,1.0
factual,301,61,1,Guizhou Province,0.7908890523092722,37452218.0,37452218.0,1.0
factual,302,61,2,Guizhou Province,-0.7257468018316663,37452218.0,37452218.0,1.0
factual,303,61,3,Guizhou Province,0.29487100019921314,37452218.0,37452218.0,1.0
factual,304,61,4,Guizhou Province,0.35579667560721606,37452218.0,37452218.0,1.0
factual,305,61,5,Guizhou Province,-0.034526539257075176,37452218.0,37452218.0,1.0
factual,306,62,1,Guizhou Province,-0.11625267273888713,37452218.0,37452218.0,1.0
factual,307,62,2,Guizhou Province,0.32691864278573246,37452218.0,37452218.0,1.0
factual,308,62,3,Guizhou Province,0.5017757701818238,37452218.0,37452218.0,1.0
factual,309,62,4,Guizhou Province,1.0729236445601,37452218.0,37452218.0,1.0
factual,310,62,5,Guizhou Province,0.042025507156260314,37452218.0,37452218.0,1.0
factual,311,63,1,Guizhou Province,-0.2196480497503584,37452218.0,37452218.0,1.0
factual,312,63,2,Guizhou Province,0.17103815209823658,37452218.0,37452218.0,1.0
factual,313,63,3,Guizhou Province,0.9048557768657416,37452218.0,37452218.0,1.0
factual,314,63,4,Guizhou Province,-0.40564878320711745,37452218.0,37452218.0,1.0
factual,315,63,5,Guizhou Province,-0.021170299046896306,37452218.0,37452218.0,1.0
factual,316,64,1,Guizhou Province,-0.85363497878458,37452218.0,37452218.0,1.0
factual,317,64,2,Guizhou Province,0.6648769072975549,37452218.0,37452218.0,1.0
factual,318,64,3,Guizhou Province,0.7739037931284035,37452218.0,37452218.0,1.0
factual,319,64,4,Guizhou Province,-0.37629232546847413,37452218.0,37452218.0,1.0
factual,320,64,5,Guizhou Province,-0.1824374813813468,37452218.0,37452218.0,1.0
factual,321,65,1,Guizhou Province,-0.056839992587678044,37452218.0,37452218.0,1.0
factual,322,65,2,Guizhou Province,0.9992858042299758,37452218.0,37452218.0,1.0
factual,323,65,3,Guizhou Province,0.1883657122769862,37452218.0,37452218.0,1.0
factual,324,65,4,Guizhou Province,0.31715847212787174,37452218.0,37452218.0,1.0
factual,325,65,5,Guizhou Province,0.3537130923957646,37452218.0,37452218.0,1.0
factual,326,66,1,Guizhou Province,-0.22329835740579612,37452218.0,37452218.0,1.0
factual,327,66,2,Guizhou Province,-0.08902340808316227,37452218.0,37452218.0,1.0
factual,328,66,3,Guizhou Province,-0.5183099077279484,37452218.0,37452218.0,1.0
factual,329,66,4,Guizhou Province,-0.393525563311448,37452218.0,37452218.0,1.0
factual,330,66,5,Guizhou Province,0.26005779164564635,37452218.0,37452218.0,1.0
factual,331,67,1,Guizhou Province,0.3089522490374094,37452218.0,37452218.0,1.0
factual,332,67,2,Guizhou Province,-0.12669086622984455,37452218.0,37452218.0,1.0
factual,333,67,3,Guizhou Province,0.11014768442137678,37452218.0,37452218.0,1.0
factual,334,67,4,Guizhou Province,0.4132257519800753,37452218.0,37452218.0,1.0
factual,335,67,5,Guizhou Province,0.7639689084386251,37452218.0,37452218.0,1.0
factual,336,68,1,Guizhou Province,0.15169391981104471,37452218.0,37452218.0,1.0
factual,337,68,2,Guizhou Province,-0.6874541196818305,37452218.0,37452218.0,1.0
factual,338,68,3,Guizhou Province,-0.2190522563144477,37452218.0,37452218.0,1.0
factual,339,68,4,Guizhou Province,0.16349547878942386,37452218.0,37452218.0,1.0
factual,340,68,5,Guizhou Province,-0.46189538841497463,37452218.0,37452218.0,1.0
factual,341,69,1,Guizhou Province,-0.07833563697697077,37452218.0,37452218.0,1.0
factual,342,69,2,Guizhou Province,0.05913975712290138,37452218.0,37452218.0,1.0
factual,343,69,3,Guizhou Province,0.06177931936386543,37452218.0,37452218.0,1.0
factual,344,69,4,Guizhou Province,-0.12500878051673645,37452218.0,37452218.0,1.0
factual,345,69,5,Guizhou Province,0.13738026235187045,37452218.0,37452218.0,1.0
factual,346,70,1,Guizhou Province,0.59425815728015,37452218.0,37452218.0,1.0
factual,347,70,2,Guizhou Province,-0.5553028837870259,37452218.0,37452218.0,1.0
factual,348,70,3,Guizhou Province,0.11263212069351863,37452218.0,37452218.0,1.0
factual,349,70,4,Guizhou Province,-1.0946602457248307,37452218.0,37452218.0,1.0
factual,350,70,5,Guizhou Province,-0.04613806990289178,37452218.0,37452218.0,1.0
factual,351,71,1,Guizhou Province,0.05719009004991992,37452218.0,37452218.0,1.0
factual,352,71,2,Guizhou Province,-0.3899453048249055,37452218.0,37452218.0,1.0
factual,353,71,3,Guizhou Province,-0.4492466948780083,37452218.0,37452218.0,1.0
factual,354,71,4,Guizhou Province,0.4590653982460002,37452218.0,37452218.0,1.0
factual,355,71,5,Guizhou Province,0.6943012219836037,37452218.0,37452218.0,1.0
factual,356,72,1,Guizhou Province,0.36151125357259567,37452218.0,37452218.0,1.0
factual,357,72,2,Guizhou Province,0.5561264109849593,37452218.0,37452218.0,1.0
factual,358,72,3,Guizhou Province,0.6171707417979859,37452218.0,37452218.0,1.0
factual,359,72,4,Guizhou Province,-0.45040639866369553,37452218.0,37452218.0,1.0
factual,360,72,5,Guizhou Province,0.4621230900245674,37452218.0,37452218.0,1.0
factual,361,73,1,Guizhou Province,-0.8191564619760205,37452218.0,37452218.0,1.0
factual,362,73,2,Guizhou Province,-0.3399388981399829,37452218.0,37452218.0,1.0
factual,363,73,3,Guizhou Province,-0.20276225628937233,37452218.0,37452218.0,1.0
factual,364,73,4,Guizhou Province,-1.0697996082601806,37452218.0,37452218.0,1.0
factual,365,73,5,Guizhou Province,-0.25871606917254186,37452218.0,37452218.0,1.0
factual,366,74,1,Guizhou Province,0.13238477491981035,37452218.0,37452218.0,1.0
factual,367,74,2,Guizhou Province,-0.2512585936117368,37452218.0,37452218.0,1.0
factual,368,74,3,Guizhou Province,0.19890389254142313,37452218.0,37452218.0,1.0
factual,369,74,4,Guizhou Province,-1.139167024463978,37452218.0,37452218.0,1.0
factual,370,74,5,Guizhou Province,-0.8354842449717121,37452218.0,37452218.0,1.0
factual,371,75,1,Guizhou Province,-0.015181042514499782,37452218.0,37452218.0,1.0
factual,372,75,2,Guizhou Province,-0.5911967045022479,37452218.0,37452218.0,1.0
factual,373,75,3,Guizhou Province,-0.30257182139482797,37452218.0,37452218.0,1.0
factual,374,75,4,Guizhou Province,-0.26133031913086996,37452218.0,37452218.0,1.0
factual,375,75,5,Guizhou Province,0.2656482400935375,37452218.0,37452218.0,1.0
factual,376,76,1,Guizhou Province,0.08825997799221767,37452218.0,37452218.0,1.0
factual,377,76,2,Guizhou Province,0.2830188383144355,37452218.0,37452218.0,1.0
factual,378,76,3,Guizhou Province,-0.31825463807753246,37452218.0,37452218.0,1.0
factual,379,76,4,Guizhou Province,-0.5987375560287714,37452218.0,37452218.0,1.0
factual,380,76,5,Guizhou Province,-0.18338939015708094,37452218.0,37452218.0,1.0
factual,381,77,1,Guizhou Province,-0.7611540117075063,37452218.0,37452218.0,1.0
factual,382,77,2,Guizhou Province,-0.8958182217586742,37452218.0,37452218.0,1.0
factual,383,77,3,Guizhou Province,-0.10377314304066682,37452218.0,37452218.0,1.0
factual,384,77,4,Guizhou Province,0.20090564839824185,37452218.0,37452218.0,1.0
factual,385,77,5,Guizhou Province,0.05284192071794596,37452218.0,37452218.0,1.0
factual,386,78,1,Guizhou Province,-0.25903845413869353,37452218.0,37452218.0,1.0
factual,387,78,2,Guizhou Province,0.48603929901941645,37452218.0,37452218.0,1.0
factual,388,78,3,Guizhou Province,0.3255086898769439,37452218.0,37452218.0,1.0
factual,389,78,4,Guizhou Province,0.27522550772932064,37452218.0,37452218.0,1.0
factual,390,78,5,Guizhou Province,0.4160260534135827,37452218.0,37452218.0,1.0
factual,391,79,1,Guizhou Province,0.5671920672768943,37452218.0,37452218.0,1.0
factual,392,79,2,Guizhou Province,-1.3042465804676275,37452218.0,37452218.0,1.0
factual,393,79,3,Guizhou Province,0.31643879770342703,37452218.0,37452218.0,1.0
factual,394,79,4,Guizhou Province,0.7734304425579036,37452218.0,37452218.0,1.0
factual,395,79,5,Guizhou Province,-0.3945242017348376,37452218.0,37452218.0,1.0
factual,396,80,1,Guizhou Province,-0.377004312686572,37452218.0,37452218.0,1.0
factual,397,80,2,Guizhou Province,0.28582946839767936,37452218.0,37452218.0,1.0
factual,398,80,3,Guizhou Province,-0.353389897416036,37452218.0,37452218.0,1.0
factual,399,80,4,Guizhou Province,0.36593457634482,37452218.0,37452218.0,1.0
factual,400,80,5,Guizhou Province,-0.4622275600198179,37452218.0,37452218.0,1.0
factual,401,81,1,Guizhou Province,-1.1945632922040808,37452218.0,37452218.0,1.0
factual,402,81,2,Guizhou Province,0.9202265887246968,37452218.0,37452218.0,1.0
factual,403,81,3,Guizhou Province,0.5026321257176547,37452218.0,37452218.0,1.0
factual,404,81,4,Guizhou Province,-1.2395817734742542,37452218.0,37452218.0,1.0
factual,405,81,5,Guizhou Province,0.6995928312501546,37452218.0,37452218.0,1.0
factual,406,82,1,Guizhou Province,-0.20582540224838705,37452218.0,37452218.0,1.0
factual,407,82,2,Guizhou Province,-0.40800142844350207,37452218.0,37452218.0,1.0
factual,408,82,3,Guizhou Province,-0.5291252813236728,37452218.0,37452218.0,1.0
factual,409,82,4,Guizhou Province,0.38081089148672054,37452218.0,37452218.0,1.0
factual,410,82,5,Guizhou Province,-0.564830640466903,37452218.0,37452218.0,1.0
factual,411,83,1,Guizhou Province,0.750314546244814,37452218.0,37452218.0,1.0
factual,412,83,2,Guizhou Province,-1.0031796763736018,37452218.0,37452218.0,1.0
factual,413,83,3,Guizhou Province,-0.5998591114260229,37452218.0,37452218.0,1.0
factual,414,83,4,Guizhou Province,0.02457683572959311,37452218.0,37452218.0,1.0
factual,415,83,5,Guizhou Province,-0.464396852515227,37452218.0,37452218.0,1.0
factual,416,84,1,Guizhou Province,0.021469530828472343,37452218.0,37452218.0,1.0
factual,417,84,2,Guizhou Province,0.36411140281942606,37452218.0,37452218.0,1.0
factual,418,84,3,Guizhou Province,0.45086995001261465,37452218.0,37452218.0,1.0
factual,419,84,4,Guizhou Province,-0.38199895501692194,37452218.0,37452218.0,1.0
factual,420,84,5,Guizhou Province,0.1649096539480199,37452218.0,37452218.0,1.0
factual,421,85,1,Guizhou Province,0.2982940242293616,37452218.0,37452218.0,1.0
factual,422,85,2,Guizhou Province,0.8427957228139743,37452218.0,37452218.0,1.0
factual,423,85,3,Guizhou Province,-0.1754167075132213,37452218.0,37452218.0,1.0
factual,424,85,4,Guizhou Province,0.5203268855041066,37452218.0,37452218.0,1.0
factual,425,85,5,Guizhou Province,-1.0279033512418436,37452218.0,37452218.0,1.0
factual,426,86,1,Guizhou Province,-0.323780984826249,37452218.0,37452218.0,1.0
factual,427,86,2,Guizhou Province,-0.5654841753825738,37452218.0,37452218.0,1.0
factual,428,86,3,Guizhou Province,0.03375771882762132,37452218.0,37452218.0,1.0
factual,429,86,4,Guizhou Province,-1.2454228054963767,37452218.0,37452218.0,1.0
factual,430,86,5,Guizhou Province,0.039780032922192045,37452218.0,37452218.0,1.0
factual,431,87,1,Guizhou Province,0.002814062920382715,37452218.0,37452218.0,1.0
factual,432,87,2,Guizhou Province,0.16663820674367094,37452218.0,37452218.0,1.0
factual,433,87,3,Guizhou Province,-0.7245607270229184,37452218.0,37452218.0,1.0
factual,434,87,4,Guizhou Province,-0.08254224250410583,37452218.0,37452218.0,1.0
factual,435,87,5,Guizhou Province,0.04582119759849849,37452218.0,37452218.0,1.0
factual,436,88,1,Guizhou Province,-0.8494873098772987,37452218.0,37452218.0,1.0
factual,437,88,2,Guizhou Province,0.67879414800465,37452218.0,37452218.0,1.0
factual,438,88,3,Guizhou Province,-0.6592956848443159,37452218.0,37452218.0,1.0
factual,439,88,4,Guizhou Province,-1.0581734614203728,37452218.0,37452218.0,1.0
factual,440,88,5,Guizhou Province,1.0752130440610033,37452218.0,37452218.0,1.0
factual,441,89,1,Guizhou Province,0.03782410370830778,37452218.0,37452218.0,1.0
factual,442,89,2,Guizhou Province,0.021351215321098026,37452218.0,37452218.0,1.0
factual,443,89,3,Guizhou Province,-0.28854749590848566,37452218.0,37452218.0,1.0
factual,444,89,4,Guizhou Province,1.0403029277065607,37452218.0,37452218.0,1.0
factual,445,89,5,Guizhou Province,-0.20461499256743296,37452218.0,37452218.0,1.0
factual,446,90,1,Guizhou Province,0.07253522526835665,37452218.0,37452218.0,1.0
factual,447,90,2,Guizhou Province,0.34589538176106477,37452218.0,37452218.0,1.0
factual,448,90,3,Guizhou Province,-0.36783194138143854,37452218.0,37452218.0,1.0
factual,449,90,4,Guizhou Province,-0.07897177702492805,37452218.0,37452218.0,1.0
factual,450,90,5,Guizhou Province,-0.2544704584704435,37452218.0,37452218.0,1.0
factual,451,91,1,Guizhou Province,0.22096560379973057,37452218.0,37452218.0,1.0
factual,452,91,2,Guizhou Province,0.1372042848233649,37452218.0,37452218.0,1.0
factual,453,91,3,Guizhou Province,0.49644173620646836,37452218.0,37452218.0,1.0
factual,454,91,4,Guizhou Province,-0.13061150355199017,37452218.0,37452218.0,1.0
factual,455,91,5,Guizhou Province,0.25493546312379073,37452218.0,37452218.0,1.0
factual,456,92,1,Guizhou Province,0.5161867522424026,37452218.0,37452218.0,1.0
factual,457,92,2,Guizhou Province,0.12391294231428931,37452218.0,37452218.0,1.0
factual,458,92,3,Guizhou Province,0.26158189185707764,37452218.0,37452218.0,1.0
factual,459,92,4,Guizhou Province,0.2074832711083517,37452218.0,37452218.0,1.0
factual,460,92,5,Guizhou Province,-0.6163946767234686,37452218.0,37452218.0,1.0
factual,461,93,1,Guizhou Province,-0.9390144480814719,37452218.0,37452218.0,1.0
factual,462,93,2,Guizhou Province,0.5277495782263275,37452218.0,37452218.0,1.0
factual,463,93,3,Guizhou Province,-0.4044450353116834,37452218.0,37452218.0,1.0
factual,464,93,4,Guizhou Province,-0.5504717895079728,37452218.0,37452218.0,1.0
factual,465,93,5,Guizhou Province,-0.4301058641418905,37452218.0,37452218.0,1.0
factual,466,94,1,Guizhou Province,0.16519253610720247,37452218.0,37452218.0,1.0
factual,467,94,2,Guizhou Province,0.33942408627753784,37452218.0,37452218.0,1.0
factual,468,94,3,Guizhou Province,-0.14003129439759804,37452218.0,37452218.0,1.0
factual,469,94,4,Guizhou Province,-0.675499268140046,37452218.0,37452218.0,1.0
factual,470,94,5,Guizhou Province,0.646137690454473,37452218.0,37452218.0,1.0
factual,471,95,1,Guizhou Province,-0.3525823249138182,37452218.0,37452218.0,1.0
factual,472,95,2,Guizhou Province,-0.4386802342736788,37452218.0,37452218.0,1.0
factual,473,95,3,Guizhou Province,-0.13520871189952294,37452218.0,37452218.0,1.0
factual,474,95,4,Guizhou Province,-0.03972881473702419,37452218.0,37452218.0,1.0
factual,475,95,5,Guizhou Province,0.37278134174132416,37452218.0,37452218.0,1.0
factual,476,96,1,Guizhou Province,-0.3709033169195002,37452218.0,37452218.0,1.0
factual,477,96,2,Guizhou Province,0.5100945584216986,37452218.0,37452218.0,1.0
factual,478,96,3,Guizhou Province,-1.089401661565948,37452218.0,37452218.0,1.0
factual,479,96,4,Guizhou Province,0.5588664664534727,37452218.0,37452218.0,1.0
factual,480,96,5,Guizhou Province,0.523713456921981,37452218.0,37452218.0,1.0
factual,481,97,1,Guizhou Province,0.5218568919062292,37452218.0,37452218.0,1.0
factual,482,97,2,Guizhou Province,0.11241471604283519,37452218.0,37452218.0,1.0
factual,483,97,3,Guizhou Province,0.1279759934434017,37452218.0,37452218.0,1.0
factual,484,97,4,Guizhou Province,0.3950270906765011,37452218.0,37452218.0,1.0
factual,485,97,5,Guizhou Province,0.2712014284203559,37452218.0,37452218.0,1.0
factual,486,98,1,Guizhou Province,-0.8077701091398843,37452218.0,37452218.0,1.0
factual,487,98,2,Guizhou Province,1.0119146953686438,37452218.0,37452218.0,1.0
factual,488,98,3,Guizhou Province,0.16594722183433483,37452218.0,37452218.0,1.0
factual,489,98,4,Guizhou Province,-0.0991195068095887,37452218.0,37452218.0,1.0
factual,490,98,5,Guizhou Province,0.08028775045164935,37452218.0,37452218.0,1.0
factual,491,99,1,Guizhou Province,-1.219921241521751,37452218.0,37452218.0,1.0
factual,492,99,2,Guizhou Province,0.5667172084063383,37452218.0,37452218.0,1.0
factual,493,99,3,Guizhou Province,-0.12400612122372812,37452218.0,37452218.0,1.0
factual,494,99,4,Guizhou Province,0.1384125371613573,37452218.0,37452218.0,1.0
factual,495,99,5,Guizhou Province,0.08587088915143853,37452218.0,37452218.0,1.0
factual,496,100,1,Guizhou Province,0.26285544707426306,37452218.0,37452218.0,1.0
factual,497,100,2,Guizhou Province,0.14569804522500288,37452218.0,37452218.0,1.0
factual,498,100,3,Guizhou Province,0.0015268191652976473,37452218.0,37452218.0,1.0
factual,499,100,4,Guizhou Province,-0.7461577203780222,37452218.0,37452218.0,1.0
factual,500,100,5,Guizhou Province,1.2313773637362373,37452218.0,37452218.0,1.0
factual,501,101,1,Guizhou Province,-0.6142381679888671,37452218.0,37452218.0,1.0
factual,502,101,2,Guizhou Province,0.3137981805187932,37452218.0,37452218.0,1.0
factual,503,101,3,Guizhou Province,-0.3492472480456016,37452218.0,37452218.0,1.0
factual,504,101,4,Guizhou Province,0.024475335832062947,37452218.0,37452218.0,1.0
factual,505,101,5,Guizhou Province,0.5176474766265996,37452218.0,37452218.0,1.0
factual,506,102,1,Guizhou Province,-0.07412148419914211,37452218.0,37452218.0,1.0
factual,507,102,2,Guizhou Province,0.6232086490214404,37452218.0,37452218.0,1.0
factual,508,102,3,Guizhou Province,-0.042074204939166644,37452218.0,37452218.0,1.0
factual,509,102,4,Guizhou Province,-0.16741278527150952,37452218.0,37452218.0,1.0
factual,510,102,5,Guizhou Province,0.40542341505208107,37452218.0,37452218.0,1.0
factual,511,103,1,Guizhou Province,-0.0002617763124669158,37452218.0,37452218.0,1.0
factual,512,103,2,Guizhou Province,-0.7408365027684062,37452218.0,37452218.0,1.0
factual,513,103,3,Guizhou Province,-0.0015046736118262108,37452218.0,37452218.0,1.0
factual,514,103,4,Guizhou Province,0.03725528210913678,37452218.0,37452218.0,1.0
factual,515,103,5,Guizhou Province,0.022197103115011583,37452218.0,37452218.0,1.0
factual,516,104,1,Guizhou Province,0.5839405342846101,37452218.0,37452218.0,1.0
factual,517,104,2,Guizhou Province,-1.3597149695644024,37452218.0,37452218.0,1.0
factual,518,104,3,Guizhou Province,0.4028459995519191,37452218.0,37452218.0,1.0
factual,519,104,4,Guizhou Province,-0.6732431557703705,37452218.0,37452218.0,1.0
factual,520,104,5,Guizhou Province,0.08865205858816777,37452218.0,37452218.0,1.0
factual,521,105,1,Guizhou Province,0.6939564451984865,37452218.0,37452218.0,1.0
factual,522,105,2,Guizhou Province,-0.15162958471698018,37452218.0,37452218.0,1.0
factual,523,105,3,Guizhou Province,-0.646288476448404,37452218.0,37452218.0,1.0
factual,524,105,4,Guizhou Province,0.29391940103096,37452218.0,37452218.0,1.0
factual,525,105,5,Guizhou Province,0.2982554992822382,37452218.0,37452218.0,1.0
